[2026-03-18T06:33:32.437+0000] {processor.py:186} INFO - Started process (PID=28032) to work on /home/komal/data-engineering-projects/airflow-spark-pipeline/airflow_venv/lib/python3.11/site-packages/airflow/example_dags/plugins/decreasing_priority_weight_strategy.py
[2026-03-18T06:33:32.439+0000] {processor.py:914} INFO - Processing file /home/komal/data-engineering-projects/airflow-spark-pipeline/airflow_venv/lib/python3.11/site-packages/airflow/example_dags/plugins/decreasing_priority_weight_strategy.py for tasks to queue
[2026-03-18T06:33:32.443+0000] {logging_mixin.py:190} INFO - [2026-03-18T06:33:32.441+0000] {dagbag.py:588} INFO - Filling up the DagBag from /home/komal/data-engineering-projects/airflow-spark-pipeline/airflow_venv/lib/python3.11/site-packages/airflow/example_dags/plugins/decreasing_priority_weight_strategy.py
[2026-03-18T06:33:32.450+0000] {processor.py:927} WARNING - No viable dags retrieved from /home/komal/data-engineering-projects/airflow-spark-pipeline/airflow_venv/lib/python3.11/site-packages/airflow/example_dags/plugins/decreasing_priority_weight_strategy.py
[2026-03-18T06:33:32.557+0000] {processor.py:208} INFO - Processing /home/komal/data-engineering-projects/airflow-spark-pipeline/airflow_venv/lib/python3.11/site-packages/airflow/example_dags/plugins/decreasing_priority_weight_strategy.py took 0.136 seconds
[2026-03-18T06:34:38.803+0000] {processor.py:186} INFO - Started process (PID=28094) to work on /home/komal/data-engineering-projects/airflow-spark-pipeline/airflow_venv/lib/python3.11/site-packages/airflow/example_dags/plugins/decreasing_priority_weight_strategy.py
[2026-03-18T06:34:38.835+0000] {processor.py:914} INFO - Processing file /home/komal/data-engineering-projects/airflow-spark-pipeline/airflow_venv/lib/python3.11/site-packages/airflow/example_dags/plugins/decreasing_priority_weight_strategy.py for tasks to queue
[2026-03-18T06:34:38.839+0000] {logging_mixin.py:190} INFO - [2026-03-18T06:34:38.837+0000] {dagbag.py:588} INFO - Filling up the DagBag from /home/komal/data-engineering-projects/airflow-spark-pipeline/airflow_venv/lib/python3.11/site-packages/airflow/example_dags/plugins/decreasing_priority_weight_strategy.py
[2026-03-18T06:34:38.843+0000] {processor.py:927} WARNING - No viable dags retrieved from /home/komal/data-engineering-projects/airflow-spark-pipeline/airflow_venv/lib/python3.11/site-packages/airflow/example_dags/plugins/decreasing_priority_weight_strategy.py
[2026-03-18T06:34:38.856+0000] {processor.py:208} INFO - Processing /home/komal/data-engineering-projects/airflow-spark-pipeline/airflow_venv/lib/python3.11/site-packages/airflow/example_dags/plugins/decreasing_priority_weight_strategy.py took 0.059 seconds
[2026-03-18T06:35:43.523+0000] {processor.py:186} INFO - Started process (PID=28165) to work on /home/komal/data-engineering-projects/airflow-spark-pipeline/airflow_venv/lib/python3.11/site-packages/airflow/example_dags/plugins/decreasing_priority_weight_strategy.py
[2026-03-18T06:35:43.556+0000] {processor.py:914} INFO - Processing file /home/komal/data-engineering-projects/airflow-spark-pipeline/airflow_venv/lib/python3.11/site-packages/airflow/example_dags/plugins/decreasing_priority_weight_strategy.py for tasks to queue
[2026-03-18T06:35:43.559+0000] {logging_mixin.py:190} INFO - [2026-03-18T06:35:43.558+0000] {dagbag.py:588} INFO - Filling up the DagBag from /home/komal/data-engineering-projects/airflow-spark-pipeline/airflow_venv/lib/python3.11/site-packages/airflow/example_dags/plugins/decreasing_priority_weight_strategy.py
[2026-03-18T06:35:43.562+0000] {processor.py:927} WARNING - No viable dags retrieved from /home/komal/data-engineering-projects/airflow-spark-pipeline/airflow_venv/lib/python3.11/site-packages/airflow/example_dags/plugins/decreasing_priority_weight_strategy.py
[2026-03-18T06:35:43.584+0000] {processor.py:208} INFO - Processing /home/komal/data-engineering-projects/airflow-spark-pipeline/airflow_venv/lib/python3.11/site-packages/airflow/example_dags/plugins/decreasing_priority_weight_strategy.py took 0.069 seconds
[2026-03-18T06:36:51.107+0000] {processor.py:186} INFO - Started process (PID=28233) to work on /home/komal/data-engineering-projects/airflow-spark-pipeline/airflow_venv/lib/python3.11/site-packages/airflow/example_dags/plugins/decreasing_priority_weight_strategy.py
[2026-03-18T06:36:51.140+0000] {processor.py:914} INFO - Processing file /home/komal/data-engineering-projects/airflow-spark-pipeline/airflow_venv/lib/python3.11/site-packages/airflow/example_dags/plugins/decreasing_priority_weight_strategy.py for tasks to queue
[2026-03-18T06:36:51.142+0000] {logging_mixin.py:190} INFO - [2026-03-18T06:36:51.141+0000] {dagbag.py:588} INFO - Filling up the DagBag from /home/komal/data-engineering-projects/airflow-spark-pipeline/airflow_venv/lib/python3.11/site-packages/airflow/example_dags/plugins/decreasing_priority_weight_strategy.py
[2026-03-18T06:36:51.146+0000] {processor.py:927} WARNING - No viable dags retrieved from /home/komal/data-engineering-projects/airflow-spark-pipeline/airflow_venv/lib/python3.11/site-packages/airflow/example_dags/plugins/decreasing_priority_weight_strategy.py
[2026-03-18T06:36:51.163+0000] {processor.py:208} INFO - Processing /home/komal/data-engineering-projects/airflow-spark-pipeline/airflow_venv/lib/python3.11/site-packages/airflow/example_dags/plugins/decreasing_priority_weight_strategy.py took 0.066 seconds
[2026-03-18T06:38:12.077+0000] {processor.py:186} INFO - Started process (PID=28325) to work on /home/komal/data-engineering-projects/airflow-spark-pipeline/airflow_venv/lib/python3.11/site-packages/airflow/example_dags/plugins/decreasing_priority_weight_strategy.py
[2026-03-18T06:38:12.110+0000] {processor.py:914} INFO - Processing file /home/komal/data-engineering-projects/airflow-spark-pipeline/airflow_venv/lib/python3.11/site-packages/airflow/example_dags/plugins/decreasing_priority_weight_strategy.py for tasks to queue
[2026-03-18T06:38:12.113+0000] {logging_mixin.py:190} INFO - [2026-03-18T06:38:12.112+0000] {dagbag.py:588} INFO - Filling up the DagBag from /home/komal/data-engineering-projects/airflow-spark-pipeline/airflow_venv/lib/python3.11/site-packages/airflow/example_dags/plugins/decreasing_priority_weight_strategy.py
[2026-03-18T06:38:12.116+0000] {processor.py:927} WARNING - No viable dags retrieved from /home/komal/data-engineering-projects/airflow-spark-pipeline/airflow_venv/lib/python3.11/site-packages/airflow/example_dags/plugins/decreasing_priority_weight_strategy.py
[2026-03-18T06:38:12.127+0000] {processor.py:208} INFO - Processing /home/komal/data-engineering-projects/airflow-spark-pipeline/airflow_venv/lib/python3.11/site-packages/airflow/example_dags/plugins/decreasing_priority_weight_strategy.py took 0.055 seconds
[2026-03-18T06:39:22.988+0000] {processor.py:186} INFO - Started process (PID=28467) to work on /home/komal/data-engineering-projects/airflow-spark-pipeline/airflow_venv/lib/python3.11/site-packages/airflow/example_dags/plugins/decreasing_priority_weight_strategy.py
[2026-03-18T06:39:22.990+0000] {processor.py:914} INFO - Processing file /home/komal/data-engineering-projects/airflow-spark-pipeline/airflow_venv/lib/python3.11/site-packages/airflow/example_dags/plugins/decreasing_priority_weight_strategy.py for tasks to queue
[2026-03-18T06:39:22.991+0000] {logging_mixin.py:190} INFO - [2026-03-18T06:39:22.991+0000] {dagbag.py:588} INFO - Filling up the DagBag from /home/komal/data-engineering-projects/airflow-spark-pipeline/airflow_venv/lib/python3.11/site-packages/airflow/example_dags/plugins/decreasing_priority_weight_strategy.py
[2026-03-18T06:39:22.993+0000] {processor.py:927} WARNING - No viable dags retrieved from /home/komal/data-engineering-projects/airflow-spark-pipeline/airflow_venv/lib/python3.11/site-packages/airflow/example_dags/plugins/decreasing_priority_weight_strategy.py
[2026-03-18T06:39:23.001+0000] {processor.py:208} INFO - Processing /home/komal/data-engineering-projects/airflow-spark-pipeline/airflow_venv/lib/python3.11/site-packages/airflow/example_dags/plugins/decreasing_priority_weight_strategy.py took 0.020 seconds
[2026-03-18T06:40:30.894+0000] {processor.py:186} INFO - Started process (PID=28538) to work on /home/komal/data-engineering-projects/airflow-spark-pipeline/airflow_venv/lib/python3.11/site-packages/airflow/example_dags/plugins/decreasing_priority_weight_strategy.py
[2026-03-18T06:40:30.895+0000] {processor.py:914} INFO - Processing file /home/komal/data-engineering-projects/airflow-spark-pipeline/airflow_venv/lib/python3.11/site-packages/airflow/example_dags/plugins/decreasing_priority_weight_strategy.py for tasks to queue
[2026-03-18T06:40:30.897+0000] {logging_mixin.py:190} INFO - [2026-03-18T06:40:30.897+0000] {dagbag.py:588} INFO - Filling up the DagBag from /home/komal/data-engineering-projects/airflow-spark-pipeline/airflow_venv/lib/python3.11/site-packages/airflow/example_dags/plugins/decreasing_priority_weight_strategy.py
[2026-03-18T06:40:30.899+0000] {processor.py:927} WARNING - No viable dags retrieved from /home/komal/data-engineering-projects/airflow-spark-pipeline/airflow_venv/lib/python3.11/site-packages/airflow/example_dags/plugins/decreasing_priority_weight_strategy.py
[2026-03-18T06:40:30.911+0000] {processor.py:208} INFO - Processing /home/komal/data-engineering-projects/airflow-spark-pipeline/airflow_venv/lib/python3.11/site-packages/airflow/example_dags/plugins/decreasing_priority_weight_strategy.py took 0.021 seconds
[2026-03-18T06:41:40.285+0000] {processor.py:186} INFO - Started process (PID=28681) to work on /home/komal/data-engineering-projects/airflow-spark-pipeline/airflow_venv/lib/python3.11/site-packages/airflow/example_dags/plugins/decreasing_priority_weight_strategy.py
[2026-03-18T06:41:40.317+0000] {processor.py:914} INFO - Processing file /home/komal/data-engineering-projects/airflow-spark-pipeline/airflow_venv/lib/python3.11/site-packages/airflow/example_dags/plugins/decreasing_priority_weight_strategy.py for tasks to queue
[2026-03-18T06:41:40.319+0000] {logging_mixin.py:190} INFO - [2026-03-18T06:41:40.319+0000] {dagbag.py:588} INFO - Filling up the DagBag from /home/komal/data-engineering-projects/airflow-spark-pipeline/airflow_venv/lib/python3.11/site-packages/airflow/example_dags/plugins/decreasing_priority_weight_strategy.py
[2026-03-18T06:41:40.322+0000] {processor.py:927} WARNING - No viable dags retrieved from /home/komal/data-engineering-projects/airflow-spark-pipeline/airflow_venv/lib/python3.11/site-packages/airflow/example_dags/plugins/decreasing_priority_weight_strategy.py
[2026-03-18T06:41:40.337+0000] {processor.py:208} INFO - Processing /home/komal/data-engineering-projects/airflow-spark-pipeline/airflow_venv/lib/python3.11/site-packages/airflow/example_dags/plugins/decreasing_priority_weight_strategy.py took 0.059 seconds
[2026-03-18T06:42:56.535+0000] {processor.py:186} INFO - Started process (PID=28763) to work on /home/komal/data-engineering-projects/airflow-spark-pipeline/airflow_venv/lib/python3.11/site-packages/airflow/example_dags/plugins/decreasing_priority_weight_strategy.py
[2026-03-18T06:42:56.566+0000] {processor.py:914} INFO - Processing file /home/komal/data-engineering-projects/airflow-spark-pipeline/airflow_venv/lib/python3.11/site-packages/airflow/example_dags/plugins/decreasing_priority_weight_strategy.py for tasks to queue
[2026-03-18T06:42:56.570+0000] {logging_mixin.py:190} INFO - [2026-03-18T06:42:56.569+0000] {dagbag.py:588} INFO - Filling up the DagBag from /home/komal/data-engineering-projects/airflow-spark-pipeline/airflow_venv/lib/python3.11/site-packages/airflow/example_dags/plugins/decreasing_priority_weight_strategy.py
[2026-03-18T06:42:56.573+0000] {processor.py:927} WARNING - No viable dags retrieved from /home/komal/data-engineering-projects/airflow-spark-pipeline/airflow_venv/lib/python3.11/site-packages/airflow/example_dags/plugins/decreasing_priority_weight_strategy.py
[2026-03-18T06:42:56.588+0000] {processor.py:208} INFO - Processing /home/komal/data-engineering-projects/airflow-spark-pipeline/airflow_venv/lib/python3.11/site-packages/airflow/example_dags/plugins/decreasing_priority_weight_strategy.py took 0.062 seconds
[2026-03-18T06:44:20.421+0000] {processor.py:186} INFO - Started process (PID=28914) to work on /home/komal/data-engineering-projects/airflow-spark-pipeline/airflow_venv/lib/python3.11/site-packages/airflow/example_dags/plugins/decreasing_priority_weight_strategy.py
[2026-03-18T06:44:20.453+0000] {processor.py:914} INFO - Processing file /home/komal/data-engineering-projects/airflow-spark-pipeline/airflow_venv/lib/python3.11/site-packages/airflow/example_dags/plugins/decreasing_priority_weight_strategy.py for tasks to queue
[2026-03-18T06:44:20.457+0000] {logging_mixin.py:190} INFO - [2026-03-18T06:44:20.457+0000] {dagbag.py:588} INFO - Filling up the DagBag from /home/komal/data-engineering-projects/airflow-spark-pipeline/airflow_venv/lib/python3.11/site-packages/airflow/example_dags/plugins/decreasing_priority_weight_strategy.py
[2026-03-18T06:44:20.462+0000] {processor.py:927} WARNING - No viable dags retrieved from /home/komal/data-engineering-projects/airflow-spark-pipeline/airflow_venv/lib/python3.11/site-packages/airflow/example_dags/plugins/decreasing_priority_weight_strategy.py
[2026-03-18T06:44:20.485+0000] {processor.py:208} INFO - Processing /home/komal/data-engineering-projects/airflow-spark-pipeline/airflow_venv/lib/python3.11/site-packages/airflow/example_dags/plugins/decreasing_priority_weight_strategy.py took 0.072 seconds
[2026-03-18T06:45:38.008+0000] {processor.py:186} INFO - Started process (PID=29068) to work on /home/komal/data-engineering-projects/airflow-spark-pipeline/airflow_venv/lib/python3.11/site-packages/airflow/example_dags/plugins/decreasing_priority_weight_strategy.py
[2026-03-18T06:45:38.040+0000] {processor.py:914} INFO - Processing file /home/komal/data-engineering-projects/airflow-spark-pipeline/airflow_venv/lib/python3.11/site-packages/airflow/example_dags/plugins/decreasing_priority_weight_strategy.py for tasks to queue
[2026-03-18T06:45:38.043+0000] {logging_mixin.py:190} INFO - [2026-03-18T06:45:38.042+0000] {dagbag.py:588} INFO - Filling up the DagBag from /home/komal/data-engineering-projects/airflow-spark-pipeline/airflow_venv/lib/python3.11/site-packages/airflow/example_dags/plugins/decreasing_priority_weight_strategy.py
[2026-03-18T06:45:38.045+0000] {processor.py:927} WARNING - No viable dags retrieved from /home/komal/data-engineering-projects/airflow-spark-pipeline/airflow_venv/lib/python3.11/site-packages/airflow/example_dags/plugins/decreasing_priority_weight_strategy.py
[2026-03-18T06:45:38.054+0000] {processor.py:208} INFO - Processing /home/komal/data-engineering-projects/airflow-spark-pipeline/airflow_venv/lib/python3.11/site-packages/airflow/example_dags/plugins/decreasing_priority_weight_strategy.py took 0.051 seconds
[2026-03-18T06:46:44.703+0000] {processor.py:186} INFO - Started process (PID=29429) to work on /home/komal/data-engineering-projects/airflow-spark-pipeline/airflow_venv/lib/python3.11/site-packages/airflow/example_dags/plugins/decreasing_priority_weight_strategy.py
[2026-03-18T06:46:44.735+0000] {processor.py:914} INFO - Processing file /home/komal/data-engineering-projects/airflow-spark-pipeline/airflow_venv/lib/python3.11/site-packages/airflow/example_dags/plugins/decreasing_priority_weight_strategy.py for tasks to queue
[2026-03-18T06:46:44.740+0000] {logging_mixin.py:190} INFO - [2026-03-18T06:46:44.740+0000] {dagbag.py:588} INFO - Filling up the DagBag from /home/komal/data-engineering-projects/airflow-spark-pipeline/airflow_venv/lib/python3.11/site-packages/airflow/example_dags/plugins/decreasing_priority_weight_strategy.py
[2026-03-18T06:46:44.745+0000] {processor.py:927} WARNING - No viable dags retrieved from /home/komal/data-engineering-projects/airflow-spark-pipeline/airflow_venv/lib/python3.11/site-packages/airflow/example_dags/plugins/decreasing_priority_weight_strategy.py
[2026-03-18T06:46:44.762+0000] {processor.py:208} INFO - Processing /home/komal/data-engineering-projects/airflow-spark-pipeline/airflow_venv/lib/python3.11/site-packages/airflow/example_dags/plugins/decreasing_priority_weight_strategy.py took 0.072 seconds
[2026-03-18T06:47:54.432+0000] {processor.py:186} INFO - Started process (PID=29501) to work on /home/komal/data-engineering-projects/airflow-spark-pipeline/airflow_venv/lib/python3.11/site-packages/airflow/example_dags/plugins/decreasing_priority_weight_strategy.py
[2026-03-18T06:47:54.435+0000] {processor.py:914} INFO - Processing file /home/komal/data-engineering-projects/airflow-spark-pipeline/airflow_venv/lib/python3.11/site-packages/airflow/example_dags/plugins/decreasing_priority_weight_strategy.py for tasks to queue
[2026-03-18T06:47:54.437+0000] {logging_mixin.py:190} INFO - [2026-03-18T06:47:54.437+0000] {dagbag.py:588} INFO - Filling up the DagBag from /home/komal/data-engineering-projects/airflow-spark-pipeline/airflow_venv/lib/python3.11/site-packages/airflow/example_dags/plugins/decreasing_priority_weight_strategy.py
[2026-03-18T06:47:54.439+0000] {processor.py:927} WARNING - No viable dags retrieved from /home/komal/data-engineering-projects/airflow-spark-pipeline/airflow_venv/lib/python3.11/site-packages/airflow/example_dags/plugins/decreasing_priority_weight_strategy.py
[2026-03-18T06:47:54.452+0000] {processor.py:208} INFO - Processing /home/komal/data-engineering-projects/airflow-spark-pipeline/airflow_venv/lib/python3.11/site-packages/airflow/example_dags/plugins/decreasing_priority_weight_strategy.py took 0.027 seconds
[2026-03-18T06:49:18.258+0000] {processor.py:186} INFO - Started process (PID=29656) to work on /home/komal/data-engineering-projects/airflow-spark-pipeline/airflow_venv/lib/python3.11/site-packages/airflow/example_dags/plugins/decreasing_priority_weight_strategy.py
[2026-03-18T06:49:18.290+0000] {processor.py:914} INFO - Processing file /home/komal/data-engineering-projects/airflow-spark-pipeline/airflow_venv/lib/python3.11/site-packages/airflow/example_dags/plugins/decreasing_priority_weight_strategy.py for tasks to queue
[2026-03-18T06:49:18.292+0000] {logging_mixin.py:190} INFO - [2026-03-18T06:49:18.292+0000] {dagbag.py:588} INFO - Filling up the DagBag from /home/komal/data-engineering-projects/airflow-spark-pipeline/airflow_venv/lib/python3.11/site-packages/airflow/example_dags/plugins/decreasing_priority_weight_strategy.py
[2026-03-18T06:49:18.295+0000] {processor.py:927} WARNING - No viable dags retrieved from /home/komal/data-engineering-projects/airflow-spark-pipeline/airflow_venv/lib/python3.11/site-packages/airflow/example_dags/plugins/decreasing_priority_weight_strategy.py
[2026-03-18T06:49:18.306+0000] {processor.py:208} INFO - Processing /home/komal/data-engineering-projects/airflow-spark-pipeline/airflow_venv/lib/python3.11/site-packages/airflow/example_dags/plugins/decreasing_priority_weight_strategy.py took 0.055 seconds
[2026-03-18T06:50:34.998+0000] {processor.py:186} INFO - Started process (PID=29806) to work on /home/komal/data-engineering-projects/airflow-spark-pipeline/airflow_venv/lib/python3.11/site-packages/airflow/example_dags/plugins/decreasing_priority_weight_strategy.py
[2026-03-18T06:50:35.031+0000] {processor.py:914} INFO - Processing file /home/komal/data-engineering-projects/airflow-spark-pipeline/airflow_venv/lib/python3.11/site-packages/airflow/example_dags/plugins/decreasing_priority_weight_strategy.py for tasks to queue
[2026-03-18T06:50:35.036+0000] {logging_mixin.py:190} INFO - [2026-03-18T06:50:35.035+0000] {dagbag.py:588} INFO - Filling up the DagBag from /home/komal/data-engineering-projects/airflow-spark-pipeline/airflow_venv/lib/python3.11/site-packages/airflow/example_dags/plugins/decreasing_priority_weight_strategy.py
[2026-03-18T06:50:35.041+0000] {processor.py:927} WARNING - No viable dags retrieved from /home/komal/data-engineering-projects/airflow-spark-pipeline/airflow_venv/lib/python3.11/site-packages/airflow/example_dags/plugins/decreasing_priority_weight_strategy.py
[2026-03-18T06:50:35.055+0000] {processor.py:208} INFO - Processing /home/komal/data-engineering-projects/airflow-spark-pipeline/airflow_venv/lib/python3.11/site-packages/airflow/example_dags/plugins/decreasing_priority_weight_strategy.py took 0.067 seconds
[2026-03-18T06:51:45.004+0000] {processor.py:186} INFO - Started process (PID=29951) to work on /home/komal/data-engineering-projects/airflow-spark-pipeline/airflow_venv/lib/python3.11/site-packages/airflow/example_dags/plugins/decreasing_priority_weight_strategy.py
[2026-03-18T06:51:45.007+0000] {processor.py:914} INFO - Processing file /home/komal/data-engineering-projects/airflow-spark-pipeline/airflow_venv/lib/python3.11/site-packages/airflow/example_dags/plugins/decreasing_priority_weight_strategy.py for tasks to queue
[2026-03-18T06:51:45.009+0000] {logging_mixin.py:190} INFO - [2026-03-18T06:51:45.008+0000] {dagbag.py:588} INFO - Filling up the DagBag from /home/komal/data-engineering-projects/airflow-spark-pipeline/airflow_venv/lib/python3.11/site-packages/airflow/example_dags/plugins/decreasing_priority_weight_strategy.py
[2026-03-18T06:51:45.011+0000] {processor.py:927} WARNING - No viable dags retrieved from /home/komal/data-engineering-projects/airflow-spark-pipeline/airflow_venv/lib/python3.11/site-packages/airflow/example_dags/plugins/decreasing_priority_weight_strategy.py
[2026-03-18T06:51:45.019+0000] {processor.py:208} INFO - Processing /home/komal/data-engineering-projects/airflow-spark-pipeline/airflow_venv/lib/python3.11/site-packages/airflow/example_dags/plugins/decreasing_priority_weight_strategy.py took 0.020 seconds
[2026-03-18T06:52:50.727+0000] {processor.py:186} INFO - Started process (PID=30015) to work on /home/komal/data-engineering-projects/airflow-spark-pipeline/airflow_venv/lib/python3.11/site-packages/airflow/example_dags/plugins/decreasing_priority_weight_strategy.py
[2026-03-18T06:52:50.759+0000] {processor.py:914} INFO - Processing file /home/komal/data-engineering-projects/airflow-spark-pipeline/airflow_venv/lib/python3.11/site-packages/airflow/example_dags/plugins/decreasing_priority_weight_strategy.py for tasks to queue
[2026-03-18T06:52:50.762+0000] {logging_mixin.py:190} INFO - [2026-03-18T06:52:50.762+0000] {dagbag.py:588} INFO - Filling up the DagBag from /home/komal/data-engineering-projects/airflow-spark-pipeline/airflow_venv/lib/python3.11/site-packages/airflow/example_dags/plugins/decreasing_priority_weight_strategy.py
[2026-03-18T06:52:50.766+0000] {processor.py:927} WARNING - No viable dags retrieved from /home/komal/data-engineering-projects/airflow-spark-pipeline/airflow_venv/lib/python3.11/site-packages/airflow/example_dags/plugins/decreasing_priority_weight_strategy.py
[2026-03-18T06:52:50.776+0000] {processor.py:208} INFO - Processing /home/komal/data-engineering-projects/airflow-spark-pipeline/airflow_venv/lib/python3.11/site-packages/airflow/example_dags/plugins/decreasing_priority_weight_strategy.py took 0.058 seconds
[2026-03-18T06:54:15.412+0000] {processor.py:186} INFO - Started process (PID=30162) to work on /home/komal/data-engineering-projects/airflow-spark-pipeline/airflow_venv/lib/python3.11/site-packages/airflow/example_dags/plugins/decreasing_priority_weight_strategy.py
[2026-03-18T06:54:15.446+0000] {processor.py:914} INFO - Processing file /home/komal/data-engineering-projects/airflow-spark-pipeline/airflow_venv/lib/python3.11/site-packages/airflow/example_dags/plugins/decreasing_priority_weight_strategy.py for tasks to queue
[2026-03-18T06:54:15.450+0000] {logging_mixin.py:190} INFO - [2026-03-18T06:54:15.449+0000] {dagbag.py:588} INFO - Filling up the DagBag from /home/komal/data-engineering-projects/airflow-spark-pipeline/airflow_venv/lib/python3.11/site-packages/airflow/example_dags/plugins/decreasing_priority_weight_strategy.py
[2026-03-18T06:54:15.463+0000] {processor.py:927} WARNING - No viable dags retrieved from /home/komal/data-engineering-projects/airflow-spark-pipeline/airflow_venv/lib/python3.11/site-packages/airflow/example_dags/plugins/decreasing_priority_weight_strategy.py
[2026-03-18T06:54:15.482+0000] {processor.py:208} INFO - Processing /home/komal/data-engineering-projects/airflow-spark-pipeline/airflow_venv/lib/python3.11/site-packages/airflow/example_dags/plugins/decreasing_priority_weight_strategy.py took 0.087 seconds
[2026-03-18T06:55:23.571+0000] {processor.py:186} INFO - Started process (PID=30230) to work on /home/komal/data-engineering-projects/airflow-spark-pipeline/airflow_venv/lib/python3.11/site-packages/airflow/example_dags/plugins/decreasing_priority_weight_strategy.py
[2026-03-18T06:55:23.604+0000] {processor.py:914} INFO - Processing file /home/komal/data-engineering-projects/airflow-spark-pipeline/airflow_venv/lib/python3.11/site-packages/airflow/example_dags/plugins/decreasing_priority_weight_strategy.py for tasks to queue
[2026-03-18T06:55:23.608+0000] {logging_mixin.py:190} INFO - [2026-03-18T06:55:23.607+0000] {dagbag.py:588} INFO - Filling up the DagBag from /home/komal/data-engineering-projects/airflow-spark-pipeline/airflow_venv/lib/python3.11/site-packages/airflow/example_dags/plugins/decreasing_priority_weight_strategy.py
[2026-03-18T06:55:23.612+0000] {processor.py:927} WARNING - No viable dags retrieved from /home/komal/data-engineering-projects/airflow-spark-pipeline/airflow_venv/lib/python3.11/site-packages/airflow/example_dags/plugins/decreasing_priority_weight_strategy.py
[2026-03-18T06:55:23.622+0000] {processor.py:208} INFO - Processing /home/komal/data-engineering-projects/airflow-spark-pipeline/airflow_venv/lib/python3.11/site-packages/airflow/example_dags/plugins/decreasing_priority_weight_strategy.py took 0.058 seconds
[2026-03-18T06:56:19.039+0000] {processor.py:186} INFO - Started process (PID=30367) to work on /home/komal/data-engineering-projects/airflow-spark-pipeline/airflow_venv/lib/python3.11/site-packages/airflow/example_dags/plugins/decreasing_priority_weight_strategy.py
[2026-03-18T06:56:19.048+0000] {processor.py:914} INFO - Processing file /home/komal/data-engineering-projects/airflow-spark-pipeline/airflow_venv/lib/python3.11/site-packages/airflow/example_dags/plugins/decreasing_priority_weight_strategy.py for tasks to queue
[2026-03-18T06:56:19.051+0000] {logging_mixin.py:190} INFO - [2026-03-18T06:56:19.051+0000] {dagbag.py:588} INFO - Filling up the DagBag from /home/komal/data-engineering-projects/airflow-spark-pipeline/airflow_venv/lib/python3.11/site-packages/airflow/example_dags/plugins/decreasing_priority_weight_strategy.py
[2026-03-18T06:56:19.053+0000] {processor.py:927} WARNING - No viable dags retrieved from /home/komal/data-engineering-projects/airflow-spark-pipeline/airflow_venv/lib/python3.11/site-packages/airflow/example_dags/plugins/decreasing_priority_weight_strategy.py
[2026-03-18T06:56:19.061+0000] {processor.py:208} INFO - Processing /home/komal/data-engineering-projects/airflow-spark-pipeline/airflow_venv/lib/python3.11/site-packages/airflow/example_dags/plugins/decreasing_priority_weight_strategy.py took 0.032 seconds
[2026-03-18T06:57:31.470+0000] {processor.py:186} INFO - Started process (PID=30509) to work on /home/komal/data-engineering-projects/airflow-spark-pipeline/airflow_venv/lib/python3.11/site-packages/airflow/example_dags/plugins/decreasing_priority_weight_strategy.py
[2026-03-18T06:57:31.503+0000] {processor.py:914} INFO - Processing file /home/komal/data-engineering-projects/airflow-spark-pipeline/airflow_venv/lib/python3.11/site-packages/airflow/example_dags/plugins/decreasing_priority_weight_strategy.py for tasks to queue
[2026-03-18T06:57:31.508+0000] {logging_mixin.py:190} INFO - [2026-03-18T06:57:31.507+0000] {dagbag.py:588} INFO - Filling up the DagBag from /home/komal/data-engineering-projects/airflow-spark-pipeline/airflow_venv/lib/python3.11/site-packages/airflow/example_dags/plugins/decreasing_priority_weight_strategy.py
[2026-03-18T06:57:31.514+0000] {processor.py:927} WARNING - No viable dags retrieved from /home/komal/data-engineering-projects/airflow-spark-pipeline/airflow_venv/lib/python3.11/site-packages/airflow/example_dags/plugins/decreasing_priority_weight_strategy.py
[2026-03-18T06:57:31.535+0000] {processor.py:208} INFO - Processing /home/komal/data-engineering-projects/airflow-spark-pipeline/airflow_venv/lib/python3.11/site-packages/airflow/example_dags/plugins/decreasing_priority_weight_strategy.py took 0.072 seconds
[2026-03-18T06:58:55.164+0000] {processor.py:186} INFO - Started process (PID=30661) to work on /home/komal/data-engineering-projects/airflow-spark-pipeline/airflow_venv/lib/python3.11/site-packages/airflow/example_dags/plugins/decreasing_priority_weight_strategy.py
[2026-03-18T06:58:55.197+0000] {processor.py:914} INFO - Processing file /home/komal/data-engineering-projects/airflow-spark-pipeline/airflow_venv/lib/python3.11/site-packages/airflow/example_dags/plugins/decreasing_priority_weight_strategy.py for tasks to queue
[2026-03-18T06:58:55.200+0000] {logging_mixin.py:190} INFO - [2026-03-18T06:58:55.200+0000] {dagbag.py:588} INFO - Filling up the DagBag from /home/komal/data-engineering-projects/airflow-spark-pipeline/airflow_venv/lib/python3.11/site-packages/airflow/example_dags/plugins/decreasing_priority_weight_strategy.py
[2026-03-18T06:58:55.204+0000] {processor.py:927} WARNING - No viable dags retrieved from /home/komal/data-engineering-projects/airflow-spark-pipeline/airflow_venv/lib/python3.11/site-packages/airflow/example_dags/plugins/decreasing_priority_weight_strategy.py
[2026-03-18T06:58:55.219+0000] {processor.py:208} INFO - Processing /home/komal/data-engineering-projects/airflow-spark-pipeline/airflow_venv/lib/python3.11/site-packages/airflow/example_dags/plugins/decreasing_priority_weight_strategy.py took 0.065 seconds
[2026-03-18T07:00:04.596+0000] {processor.py:186} INFO - Started process (PID=30730) to work on /home/komal/data-engineering-projects/airflow-spark-pipeline/airflow_venv/lib/python3.11/site-packages/airflow/example_dags/plugins/decreasing_priority_weight_strategy.py
[2026-03-18T07:00:04.628+0000] {processor.py:914} INFO - Processing file /home/komal/data-engineering-projects/airflow-spark-pipeline/airflow_venv/lib/python3.11/site-packages/airflow/example_dags/plugins/decreasing_priority_weight_strategy.py for tasks to queue
[2026-03-18T07:00:04.629+0000] {logging_mixin.py:190} INFO - [2026-03-18T07:00:04.629+0000] {dagbag.py:588} INFO - Filling up the DagBag from /home/komal/data-engineering-projects/airflow-spark-pipeline/airflow_venv/lib/python3.11/site-packages/airflow/example_dags/plugins/decreasing_priority_weight_strategy.py
[2026-03-18T07:00:04.631+0000] {processor.py:927} WARNING - No viable dags retrieved from /home/komal/data-engineering-projects/airflow-spark-pipeline/airflow_venv/lib/python3.11/site-packages/airflow/example_dags/plugins/decreasing_priority_weight_strategy.py
[2026-03-18T07:00:04.641+0000] {processor.py:208} INFO - Processing /home/komal/data-engineering-projects/airflow-spark-pipeline/airflow_venv/lib/python3.11/site-packages/airflow/example_dags/plugins/decreasing_priority_weight_strategy.py took 0.054 seconds
[2026-03-18T07:01:27.915+0000] {processor.py:186} INFO - Started process (PID=30881) to work on /home/komal/data-engineering-projects/airflow-spark-pipeline/airflow_venv/lib/python3.11/site-packages/airflow/example_dags/plugins/decreasing_priority_weight_strategy.py
[2026-03-18T07:01:27.919+0000] {processor.py:914} INFO - Processing file /home/komal/data-engineering-projects/airflow-spark-pipeline/airflow_venv/lib/python3.11/site-packages/airflow/example_dags/plugins/decreasing_priority_weight_strategy.py for tasks to queue
[2026-03-18T07:01:27.922+0000] {logging_mixin.py:190} INFO - [2026-03-18T07:01:27.922+0000] {dagbag.py:588} INFO - Filling up the DagBag from /home/komal/data-engineering-projects/airflow-spark-pipeline/airflow_venv/lib/python3.11/site-packages/airflow/example_dags/plugins/decreasing_priority_weight_strategy.py
[2026-03-18T07:01:27.925+0000] {processor.py:927} WARNING - No viable dags retrieved from /home/komal/data-engineering-projects/airflow-spark-pipeline/airflow_venv/lib/python3.11/site-packages/airflow/example_dags/plugins/decreasing_priority_weight_strategy.py
[2026-03-18T07:01:27.940+0000] {processor.py:208} INFO - Processing /home/komal/data-engineering-projects/airflow-spark-pipeline/airflow_venv/lib/python3.11/site-packages/airflow/example_dags/plugins/decreasing_priority_weight_strategy.py took 0.034 seconds
[2026-03-18T07:02:45.547+0000] {processor.py:186} INFO - Started process (PID=30954) to work on /home/komal/data-engineering-projects/airflow-spark-pipeline/airflow_venv/lib/python3.11/site-packages/airflow/example_dags/plugins/decreasing_priority_weight_strategy.py
[2026-03-18T07:02:45.578+0000] {processor.py:914} INFO - Processing file /home/komal/data-engineering-projects/airflow-spark-pipeline/airflow_venv/lib/python3.11/site-packages/airflow/example_dags/plugins/decreasing_priority_weight_strategy.py for tasks to queue
[2026-03-18T07:02:45.580+0000] {logging_mixin.py:190} INFO - [2026-03-18T07:02:45.580+0000] {dagbag.py:588} INFO - Filling up the DagBag from /home/komal/data-engineering-projects/airflow-spark-pipeline/airflow_venv/lib/python3.11/site-packages/airflow/example_dags/plugins/decreasing_priority_weight_strategy.py
[2026-03-18T07:02:45.582+0000] {processor.py:927} WARNING - No viable dags retrieved from /home/komal/data-engineering-projects/airflow-spark-pipeline/airflow_venv/lib/python3.11/site-packages/airflow/example_dags/plugins/decreasing_priority_weight_strategy.py
[2026-03-18T07:02:45.589+0000] {processor.py:208} INFO - Processing /home/komal/data-engineering-projects/airflow-spark-pipeline/airflow_venv/lib/python3.11/site-packages/airflow/example_dags/plugins/decreasing_priority_weight_strategy.py took 0.048 seconds
[2026-03-18T07:03:52.578+0000] {processor.py:186} INFO - Started process (PID=31075) to work on /home/komal/data-engineering-projects/airflow-spark-pipeline/airflow_venv/lib/python3.11/site-packages/airflow/example_dags/plugins/decreasing_priority_weight_strategy.py
[2026-03-18T07:03:52.579+0000] {processor.py:914} INFO - Processing file /home/komal/data-engineering-projects/airflow-spark-pipeline/airflow_venv/lib/python3.11/site-packages/airflow/example_dags/plugins/decreasing_priority_weight_strategy.py for tasks to queue
[2026-03-18T07:03:52.580+0000] {logging_mixin.py:190} INFO - [2026-03-18T07:03:52.580+0000] {dagbag.py:588} INFO - Filling up the DagBag from /home/komal/data-engineering-projects/airflow-spark-pipeline/airflow_venv/lib/python3.11/site-packages/airflow/example_dags/plugins/decreasing_priority_weight_strategy.py
[2026-03-18T07:03:52.582+0000] {processor.py:927} WARNING - No viable dags retrieved from /home/komal/data-engineering-projects/airflow-spark-pipeline/airflow_venv/lib/python3.11/site-packages/airflow/example_dags/plugins/decreasing_priority_weight_strategy.py
[2026-03-18T07:03:52.592+0000] {processor.py:208} INFO - Processing /home/komal/data-engineering-projects/airflow-spark-pipeline/airflow_venv/lib/python3.11/site-packages/airflow/example_dags/plugins/decreasing_priority_weight_strategy.py took 0.022 seconds
[2026-03-18T07:04:50.248+0000] {processor.py:186} INFO - Started process (PID=31139) to work on /home/komal/data-engineering-projects/airflow-spark-pipeline/airflow_venv/lib/python3.11/site-packages/airflow/example_dags/plugins/decreasing_priority_weight_strategy.py
[2026-03-18T07:04:50.249+0000] {processor.py:914} INFO - Processing file /home/komal/data-engineering-projects/airflow-spark-pipeline/airflow_venv/lib/python3.11/site-packages/airflow/example_dags/plugins/decreasing_priority_weight_strategy.py for tasks to queue
[2026-03-18T07:04:50.250+0000] {logging_mixin.py:190} INFO - [2026-03-18T07:04:50.250+0000] {dagbag.py:588} INFO - Filling up the DagBag from /home/komal/data-engineering-projects/airflow-spark-pipeline/airflow_venv/lib/python3.11/site-packages/airflow/example_dags/plugins/decreasing_priority_weight_strategy.py
[2026-03-18T07:04:50.252+0000] {processor.py:927} WARNING - No viable dags retrieved from /home/komal/data-engineering-projects/airflow-spark-pipeline/airflow_venv/lib/python3.11/site-packages/airflow/example_dags/plugins/decreasing_priority_weight_strategy.py
[2026-03-18T07:04:50.259+0000] {processor.py:208} INFO - Processing /home/komal/data-engineering-projects/airflow-spark-pipeline/airflow_venv/lib/python3.11/site-packages/airflow/example_dags/plugins/decreasing_priority_weight_strategy.py took 0.016 seconds
[2026-03-18T07:05:48.766+0000] {processor.py:186} INFO - Started process (PID=31201) to work on /home/komal/data-engineering-projects/airflow-spark-pipeline/airflow_venv/lib/python3.11/site-packages/airflow/example_dags/plugins/decreasing_priority_weight_strategy.py
[2026-03-18T07:05:48.767+0000] {processor.py:914} INFO - Processing file /home/komal/data-engineering-projects/airflow-spark-pipeline/airflow_venv/lib/python3.11/site-packages/airflow/example_dags/plugins/decreasing_priority_weight_strategy.py for tasks to queue
[2026-03-18T07:05:48.768+0000] {logging_mixin.py:190} INFO - [2026-03-18T07:05:48.768+0000] {dagbag.py:588} INFO - Filling up the DagBag from /home/komal/data-engineering-projects/airflow-spark-pipeline/airflow_venv/lib/python3.11/site-packages/airflow/example_dags/plugins/decreasing_priority_weight_strategy.py
[2026-03-18T07:05:48.770+0000] {processor.py:927} WARNING - No viable dags retrieved from /home/komal/data-engineering-projects/airflow-spark-pipeline/airflow_venv/lib/python3.11/site-packages/airflow/example_dags/plugins/decreasing_priority_weight_strategy.py
[2026-03-18T07:05:48.783+0000] {processor.py:208} INFO - Processing /home/komal/data-engineering-projects/airflow-spark-pipeline/airflow_venv/lib/python3.11/site-packages/airflow/example_dags/plugins/decreasing_priority_weight_strategy.py took 0.021 seconds
[2026-03-18T07:09:22.348+0000] {processor.py:186} INFO - Started process (PID=31241) to work on /home/komal/data-engineering-projects/airflow-spark-pipeline/airflow_venv/lib/python3.11/site-packages/airflow/example_dags/plugins/decreasing_priority_weight_strategy.py
[2026-03-18T07:09:22.349+0000] {processor.py:914} INFO - Processing file /home/komal/data-engineering-projects/airflow-spark-pipeline/airflow_venv/lib/python3.11/site-packages/airflow/example_dags/plugins/decreasing_priority_weight_strategy.py for tasks to queue
[2026-03-18T07:09:22.350+0000] {logging_mixin.py:190} INFO - [2026-03-18T07:09:22.350+0000] {dagbag.py:588} INFO - Filling up the DagBag from /home/komal/data-engineering-projects/airflow-spark-pipeline/airflow_venv/lib/python3.11/site-packages/airflow/example_dags/plugins/decreasing_priority_weight_strategy.py
[2026-03-18T07:09:22.352+0000] {processor.py:927} WARNING - No viable dags retrieved from /home/komal/data-engineering-projects/airflow-spark-pipeline/airflow_venv/lib/python3.11/site-packages/airflow/example_dags/plugins/decreasing_priority_weight_strategy.py
[2026-03-18T07:09:22.365+0000] {processor.py:208} INFO - Processing /home/komal/data-engineering-projects/airflow-spark-pipeline/airflow_venv/lib/python3.11/site-packages/airflow/example_dags/plugins/decreasing_priority_weight_strategy.py took 0.023 seconds
[2026-03-18T07:10:19.096+0000] {processor.py:186} INFO - Started process (PID=31302) to work on /home/komal/data-engineering-projects/airflow-spark-pipeline/airflow_venv/lib/python3.11/site-packages/airflow/example_dags/plugins/decreasing_priority_weight_strategy.py
[2026-03-18T07:10:19.097+0000] {processor.py:914} INFO - Processing file /home/komal/data-engineering-projects/airflow-spark-pipeline/airflow_venv/lib/python3.11/site-packages/airflow/example_dags/plugins/decreasing_priority_weight_strategy.py for tasks to queue
[2026-03-18T07:10:19.099+0000] {logging_mixin.py:190} INFO - [2026-03-18T07:10:19.098+0000] {dagbag.py:588} INFO - Filling up the DagBag from /home/komal/data-engineering-projects/airflow-spark-pipeline/airflow_venv/lib/python3.11/site-packages/airflow/example_dags/plugins/decreasing_priority_weight_strategy.py
[2026-03-18T07:10:19.101+0000] {processor.py:927} WARNING - No viable dags retrieved from /home/komal/data-engineering-projects/airflow-spark-pipeline/airflow_venv/lib/python3.11/site-packages/airflow/example_dags/plugins/decreasing_priority_weight_strategy.py
[2026-03-18T07:10:19.111+0000] {processor.py:208} INFO - Processing /home/komal/data-engineering-projects/airflow-spark-pipeline/airflow_venv/lib/python3.11/site-packages/airflow/example_dags/plugins/decreasing_priority_weight_strategy.py took 0.021 seconds
[2026-03-18T07:11:22.672+0000] {processor.py:186} INFO - Started process (PID=31367) to work on /home/komal/data-engineering-projects/airflow-spark-pipeline/airflow_venv/lib/python3.11/site-packages/airflow/example_dags/plugins/decreasing_priority_weight_strategy.py
[2026-03-18T07:11:22.703+0000] {processor.py:914} INFO - Processing file /home/komal/data-engineering-projects/airflow-spark-pipeline/airflow_venv/lib/python3.11/site-packages/airflow/example_dags/plugins/decreasing_priority_weight_strategy.py for tasks to queue
[2026-03-18T07:11:22.705+0000] {logging_mixin.py:190} INFO - [2026-03-18T07:11:22.704+0000] {dagbag.py:588} INFO - Filling up the DagBag from /home/komal/data-engineering-projects/airflow-spark-pipeline/airflow_venv/lib/python3.11/site-packages/airflow/example_dags/plugins/decreasing_priority_weight_strategy.py
[2026-03-18T07:11:22.707+0000] {processor.py:927} WARNING - No viable dags retrieved from /home/komal/data-engineering-projects/airflow-spark-pipeline/airflow_venv/lib/python3.11/site-packages/airflow/example_dags/plugins/decreasing_priority_weight_strategy.py
[2026-03-18T07:11:22.714+0000] {processor.py:208} INFO - Processing /home/komal/data-engineering-projects/airflow-spark-pipeline/airflow_venv/lib/python3.11/site-packages/airflow/example_dags/plugins/decreasing_priority_weight_strategy.py took 0.046 seconds
[2026-03-18T07:12:28.058+0000] {processor.py:186} INFO - Started process (PID=31433) to work on /home/komal/data-engineering-projects/airflow-spark-pipeline/airflow_venv/lib/python3.11/site-packages/airflow/example_dags/plugins/decreasing_priority_weight_strategy.py
[2026-03-18T07:12:28.060+0000] {processor.py:914} INFO - Processing file /home/komal/data-engineering-projects/airflow-spark-pipeline/airflow_venv/lib/python3.11/site-packages/airflow/example_dags/plugins/decreasing_priority_weight_strategy.py for tasks to queue
[2026-03-18T07:12:28.061+0000] {logging_mixin.py:190} INFO - [2026-03-18T07:12:28.060+0000] {dagbag.py:588} INFO - Filling up the DagBag from /home/komal/data-engineering-projects/airflow-spark-pipeline/airflow_venv/lib/python3.11/site-packages/airflow/example_dags/plugins/decreasing_priority_weight_strategy.py
[2026-03-18T07:12:28.064+0000] {processor.py:927} WARNING - No viable dags retrieved from /home/komal/data-engineering-projects/airflow-spark-pipeline/airflow_venv/lib/python3.11/site-packages/airflow/example_dags/plugins/decreasing_priority_weight_strategy.py
[2026-03-18T07:12:28.078+0000] {processor.py:208} INFO - Processing /home/komal/data-engineering-projects/airflow-spark-pipeline/airflow_venv/lib/python3.11/site-packages/airflow/example_dags/plugins/decreasing_priority_weight_strategy.py took 0.024 seconds
[2026-03-18T07:13:34.140+0000] {processor.py:186} INFO - Started process (PID=31500) to work on /home/komal/data-engineering-projects/airflow-spark-pipeline/airflow_venv/lib/python3.11/site-packages/airflow/example_dags/plugins/decreasing_priority_weight_strategy.py
[2026-03-18T07:13:34.143+0000] {processor.py:914} INFO - Processing file /home/komal/data-engineering-projects/airflow-spark-pipeline/airflow_venv/lib/python3.11/site-packages/airflow/example_dags/plugins/decreasing_priority_weight_strategy.py for tasks to queue
[2026-03-18T07:13:34.145+0000] {logging_mixin.py:190} INFO - [2026-03-18T07:13:34.144+0000] {dagbag.py:588} INFO - Filling up the DagBag from /home/komal/data-engineering-projects/airflow-spark-pipeline/airflow_venv/lib/python3.11/site-packages/airflow/example_dags/plugins/decreasing_priority_weight_strategy.py
[2026-03-18T07:13:34.147+0000] {processor.py:927} WARNING - No viable dags retrieved from /home/komal/data-engineering-projects/airflow-spark-pipeline/airflow_venv/lib/python3.11/site-packages/airflow/example_dags/plugins/decreasing_priority_weight_strategy.py
[2026-03-18T07:13:34.157+0000] {processor.py:208} INFO - Processing /home/komal/data-engineering-projects/airflow-spark-pipeline/airflow_venv/lib/python3.11/site-packages/airflow/example_dags/plugins/decreasing_priority_weight_strategy.py took 0.022 seconds
[2026-03-18T07:14:43.337+0000] {processor.py:186} INFO - Started process (PID=31565) to work on /home/komal/data-engineering-projects/airflow-spark-pipeline/airflow_venv/lib/python3.11/site-packages/airflow/example_dags/plugins/decreasing_priority_weight_strategy.py
[2026-03-18T07:14:43.339+0000] {processor.py:914} INFO - Processing file /home/komal/data-engineering-projects/airflow-spark-pipeline/airflow_venv/lib/python3.11/site-packages/airflow/example_dags/plugins/decreasing_priority_weight_strategy.py for tasks to queue
[2026-03-18T07:14:43.340+0000] {logging_mixin.py:190} INFO - [2026-03-18T07:14:43.339+0000] {dagbag.py:588} INFO - Filling up the DagBag from /home/komal/data-engineering-projects/airflow-spark-pipeline/airflow_venv/lib/python3.11/site-packages/airflow/example_dags/plugins/decreasing_priority_weight_strategy.py
[2026-03-18T07:14:43.341+0000] {processor.py:927} WARNING - No viable dags retrieved from /home/komal/data-engineering-projects/airflow-spark-pipeline/airflow_venv/lib/python3.11/site-packages/airflow/example_dags/plugins/decreasing_priority_weight_strategy.py
[2026-03-18T07:14:43.349+0000] {processor.py:208} INFO - Processing /home/komal/data-engineering-projects/airflow-spark-pipeline/airflow_venv/lib/python3.11/site-packages/airflow/example_dags/plugins/decreasing_priority_weight_strategy.py took 0.017 seconds
[2026-03-18T07:15:48.926+0000] {processor.py:186} INFO - Started process (PID=31628) to work on /home/komal/data-engineering-projects/airflow-spark-pipeline/airflow_venv/lib/python3.11/site-packages/airflow/example_dags/plugins/decreasing_priority_weight_strategy.py
[2026-03-18T07:15:48.958+0000] {processor.py:914} INFO - Processing file /home/komal/data-engineering-projects/airflow-spark-pipeline/airflow_venv/lib/python3.11/site-packages/airflow/example_dags/plugins/decreasing_priority_weight_strategy.py for tasks to queue
[2026-03-18T07:15:48.961+0000] {logging_mixin.py:190} INFO - [2026-03-18T07:15:48.960+0000] {dagbag.py:588} INFO - Filling up the DagBag from /home/komal/data-engineering-projects/airflow-spark-pipeline/airflow_venv/lib/python3.11/site-packages/airflow/example_dags/plugins/decreasing_priority_weight_strategy.py
[2026-03-18T07:15:48.965+0000] {processor.py:927} WARNING - No viable dags retrieved from /home/komal/data-engineering-projects/airflow-spark-pipeline/airflow_venv/lib/python3.11/site-packages/airflow/example_dags/plugins/decreasing_priority_weight_strategy.py
[2026-03-18T07:15:48.976+0000] {processor.py:208} INFO - Processing /home/komal/data-engineering-projects/airflow-spark-pipeline/airflow_venv/lib/python3.11/site-packages/airflow/example_dags/plugins/decreasing_priority_weight_strategy.py took 0.057 seconds
[2026-03-18T07:16:54.461+0000] {processor.py:186} INFO - Started process (PID=31697) to work on /home/komal/data-engineering-projects/airflow-spark-pipeline/airflow_venv/lib/python3.11/site-packages/airflow/example_dags/plugins/decreasing_priority_weight_strategy.py
[2026-03-18T07:16:54.470+0000] {processor.py:914} INFO - Processing file /home/komal/data-engineering-projects/airflow-spark-pipeline/airflow_venv/lib/python3.11/site-packages/airflow/example_dags/plugins/decreasing_priority_weight_strategy.py for tasks to queue
[2026-03-18T07:16:54.472+0000] {logging_mixin.py:190} INFO - [2026-03-18T07:16:54.471+0000] {dagbag.py:588} INFO - Filling up the DagBag from /home/komal/data-engineering-projects/airflow-spark-pipeline/airflow_venv/lib/python3.11/site-packages/airflow/example_dags/plugins/decreasing_priority_weight_strategy.py
[2026-03-18T07:16:54.475+0000] {processor.py:927} WARNING - No viable dags retrieved from /home/komal/data-engineering-projects/airflow-spark-pipeline/airflow_venv/lib/python3.11/site-packages/airflow/example_dags/plugins/decreasing_priority_weight_strategy.py
[2026-03-18T07:16:54.486+0000] {processor.py:208} INFO - Processing /home/komal/data-engineering-projects/airflow-spark-pipeline/airflow_venv/lib/python3.11/site-packages/airflow/example_dags/plugins/decreasing_priority_weight_strategy.py took 0.033 seconds
[2026-03-18T07:17:58.655+0000] {processor.py:186} INFO - Started process (PID=31845) to work on /home/komal/data-engineering-projects/airflow-spark-pipeline/airflow_venv/lib/python3.11/site-packages/airflow/example_dags/plugins/decreasing_priority_weight_strategy.py
[2026-03-18T07:17:58.658+0000] {processor.py:914} INFO - Processing file /home/komal/data-engineering-projects/airflow-spark-pipeline/airflow_venv/lib/python3.11/site-packages/airflow/example_dags/plugins/decreasing_priority_weight_strategy.py for tasks to queue
[2026-03-18T07:17:58.659+0000] {logging_mixin.py:190} INFO - [2026-03-18T07:17:58.659+0000] {dagbag.py:588} INFO - Filling up the DagBag from /home/komal/data-engineering-projects/airflow-spark-pipeline/airflow_venv/lib/python3.11/site-packages/airflow/example_dags/plugins/decreasing_priority_weight_strategy.py
[2026-03-18T07:17:58.663+0000] {processor.py:927} WARNING - No viable dags retrieved from /home/komal/data-engineering-projects/airflow-spark-pipeline/airflow_venv/lib/python3.11/site-packages/airflow/example_dags/plugins/decreasing_priority_weight_strategy.py
[2026-03-18T07:17:58.680+0000] {processor.py:208} INFO - Processing /home/komal/data-engineering-projects/airflow-spark-pipeline/airflow_venv/lib/python3.11/site-packages/airflow/example_dags/plugins/decreasing_priority_weight_strategy.py took 0.037 seconds
[2026-03-18T07:19:11.467+0000] {processor.py:186} INFO - Started process (PID=32022) to work on /home/komal/data-engineering-projects/airflow-spark-pipeline/airflow_venv/lib/python3.11/site-packages/airflow/example_dags/plugins/decreasing_priority_weight_strategy.py
[2026-03-18T07:19:11.498+0000] {processor.py:914} INFO - Processing file /home/komal/data-engineering-projects/airflow-spark-pipeline/airflow_venv/lib/python3.11/site-packages/airflow/example_dags/plugins/decreasing_priority_weight_strategy.py for tasks to queue
[2026-03-18T07:19:11.501+0000] {logging_mixin.py:190} INFO - [2026-03-18T07:19:11.500+0000] {dagbag.py:588} INFO - Filling up the DagBag from /home/komal/data-engineering-projects/airflow-spark-pipeline/airflow_venv/lib/python3.11/site-packages/airflow/example_dags/plugins/decreasing_priority_weight_strategy.py
[2026-03-18T07:19:11.504+0000] {processor.py:927} WARNING - No viable dags retrieved from /home/komal/data-engineering-projects/airflow-spark-pipeline/airflow_venv/lib/python3.11/site-packages/airflow/example_dags/plugins/decreasing_priority_weight_strategy.py
[2026-03-18T07:19:11.518+0000] {processor.py:208} INFO - Processing /home/komal/data-engineering-projects/airflow-spark-pipeline/airflow_venv/lib/python3.11/site-packages/airflow/example_dags/plugins/decreasing_priority_weight_strategy.py took 0.062 seconds
[2026-03-18T07:20:24.290+0000] {processor.py:186} INFO - Started process (PID=32092) to work on /home/komal/data-engineering-projects/airflow-spark-pipeline/airflow_venv/lib/python3.11/site-packages/airflow/example_dags/plugins/decreasing_priority_weight_strategy.py
[2026-03-18T07:20:24.322+0000] {processor.py:914} INFO - Processing file /home/komal/data-engineering-projects/airflow-spark-pipeline/airflow_venv/lib/python3.11/site-packages/airflow/example_dags/plugins/decreasing_priority_weight_strategy.py for tasks to queue
[2026-03-18T07:20:24.325+0000] {logging_mixin.py:190} INFO - [2026-03-18T07:20:24.325+0000] {dagbag.py:588} INFO - Filling up the DagBag from /home/komal/data-engineering-projects/airflow-spark-pipeline/airflow_venv/lib/python3.11/site-packages/airflow/example_dags/plugins/decreasing_priority_weight_strategy.py
[2026-03-18T07:20:24.329+0000] {processor.py:927} WARNING - No viable dags retrieved from /home/komal/data-engineering-projects/airflow-spark-pipeline/airflow_venv/lib/python3.11/site-packages/airflow/example_dags/plugins/decreasing_priority_weight_strategy.py
[2026-03-18T07:20:24.344+0000] {processor.py:208} INFO - Processing /home/komal/data-engineering-projects/airflow-spark-pipeline/airflow_venv/lib/python3.11/site-packages/airflow/example_dags/plugins/decreasing_priority_weight_strategy.py took 0.064 seconds
[2026-03-18T07:21:42.268+0000] {processor.py:186} INFO - Started process (PID=32163) to work on /home/komal/data-engineering-projects/airflow-spark-pipeline/airflow_venv/lib/python3.11/site-packages/airflow/example_dags/plugins/decreasing_priority_weight_strategy.py
[2026-03-18T07:21:42.276+0000] {processor.py:914} INFO - Processing file /home/komal/data-engineering-projects/airflow-spark-pipeline/airflow_venv/lib/python3.11/site-packages/airflow/example_dags/plugins/decreasing_priority_weight_strategy.py for tasks to queue
[2026-03-18T07:21:42.280+0000] {logging_mixin.py:190} INFO - [2026-03-18T07:21:42.279+0000] {dagbag.py:588} INFO - Filling up the DagBag from /home/komal/data-engineering-projects/airflow-spark-pipeline/airflow_venv/lib/python3.11/site-packages/airflow/example_dags/plugins/decreasing_priority_weight_strategy.py
[2026-03-18T07:21:42.283+0000] {processor.py:927} WARNING - No viable dags retrieved from /home/komal/data-engineering-projects/airflow-spark-pipeline/airflow_venv/lib/python3.11/site-packages/airflow/example_dags/plugins/decreasing_priority_weight_strategy.py
[2026-03-18T07:21:42.296+0000] {processor.py:208} INFO - Processing /home/komal/data-engineering-projects/airflow-spark-pipeline/airflow_venv/lib/python3.11/site-packages/airflow/example_dags/plugins/decreasing_priority_weight_strategy.py took 0.040 seconds
[2026-03-18T07:22:58.824+0000] {processor.py:186} INFO - Started process (PID=32463) to work on /home/komal/data-engineering-projects/airflow-spark-pipeline/airflow_venv/lib/python3.11/site-packages/airflow/example_dags/plugins/decreasing_priority_weight_strategy.py
[2026-03-18T07:22:58.857+0000] {processor.py:914} INFO - Processing file /home/komal/data-engineering-projects/airflow-spark-pipeline/airflow_venv/lib/python3.11/site-packages/airflow/example_dags/plugins/decreasing_priority_weight_strategy.py for tasks to queue
[2026-03-18T07:22:58.860+0000] {logging_mixin.py:190} INFO - [2026-03-18T07:22:58.859+0000] {dagbag.py:588} INFO - Filling up the DagBag from /home/komal/data-engineering-projects/airflow-spark-pipeline/airflow_venv/lib/python3.11/site-packages/airflow/example_dags/plugins/decreasing_priority_weight_strategy.py
[2026-03-18T07:22:58.864+0000] {processor.py:927} WARNING - No viable dags retrieved from /home/komal/data-engineering-projects/airflow-spark-pipeline/airflow_venv/lib/python3.11/site-packages/airflow/example_dags/plugins/decreasing_priority_weight_strategy.py
[2026-03-18T07:22:58.883+0000] {processor.py:208} INFO - Processing /home/komal/data-engineering-projects/airflow-spark-pipeline/airflow_venv/lib/python3.11/site-packages/airflow/example_dags/plugins/decreasing_priority_weight_strategy.py took 0.070 seconds
[2026-03-18T07:24:09.296+0000] {processor.py:186} INFO - Started process (PID=32536) to work on /home/komal/data-engineering-projects/airflow-spark-pipeline/airflow_venv/lib/python3.11/site-packages/airflow/example_dags/plugins/decreasing_priority_weight_strategy.py
[2026-03-18T07:24:09.303+0000] {processor.py:914} INFO - Processing file /home/komal/data-engineering-projects/airflow-spark-pipeline/airflow_venv/lib/python3.11/site-packages/airflow/example_dags/plugins/decreasing_priority_weight_strategy.py for tasks to queue
[2026-03-18T07:24:09.305+0000] {logging_mixin.py:190} INFO - [2026-03-18T07:24:09.304+0000] {dagbag.py:588} INFO - Filling up the DagBag from /home/komal/data-engineering-projects/airflow-spark-pipeline/airflow_venv/lib/python3.11/site-packages/airflow/example_dags/plugins/decreasing_priority_weight_strategy.py
[2026-03-18T07:24:09.311+0000] {processor.py:927} WARNING - No viable dags retrieved from /home/komal/data-engineering-projects/airflow-spark-pipeline/airflow_venv/lib/python3.11/site-packages/airflow/example_dags/plugins/decreasing_priority_weight_strategy.py
[2026-03-18T07:24:09.324+0000] {processor.py:208} INFO - Processing /home/komal/data-engineering-projects/airflow-spark-pipeline/airflow_venv/lib/python3.11/site-packages/airflow/example_dags/plugins/decreasing_priority_weight_strategy.py took 0.036 seconds
[2026-03-18T07:25:20.870+0000] {processor.py:186} INFO - Started process (PID=32605) to work on /home/komal/data-engineering-projects/airflow-spark-pipeline/airflow_venv/lib/python3.11/site-packages/airflow/example_dags/plugins/decreasing_priority_weight_strategy.py
[2026-03-18T07:25:20.901+0000] {processor.py:914} INFO - Processing file /home/komal/data-engineering-projects/airflow-spark-pipeline/airflow_venv/lib/python3.11/site-packages/airflow/example_dags/plugins/decreasing_priority_weight_strategy.py for tasks to queue
[2026-03-18T07:25:20.904+0000] {logging_mixin.py:190} INFO - [2026-03-18T07:25:20.903+0000] {dagbag.py:588} INFO - Filling up the DagBag from /home/komal/data-engineering-projects/airflow-spark-pipeline/airflow_venv/lib/python3.11/site-packages/airflow/example_dags/plugins/decreasing_priority_weight_strategy.py
[2026-03-18T07:25:20.909+0000] {processor.py:927} WARNING - No viable dags retrieved from /home/komal/data-engineering-projects/airflow-spark-pipeline/airflow_venv/lib/python3.11/site-packages/airflow/example_dags/plugins/decreasing_priority_weight_strategy.py
[2026-03-18T07:25:20.926+0000] {processor.py:208} INFO - Processing /home/komal/data-engineering-projects/airflow-spark-pipeline/airflow_venv/lib/python3.11/site-packages/airflow/example_dags/plugins/decreasing_priority_weight_strategy.py took 0.065 seconds
[2026-03-18T07:26:23.984+0000] {processor.py:186} INFO - Started process (PID=32663) to work on /home/komal/data-engineering-projects/airflow-spark-pipeline/airflow_venv/lib/python3.11/site-packages/airflow/example_dags/plugins/decreasing_priority_weight_strategy.py
[2026-03-18T07:26:23.987+0000] {processor.py:914} INFO - Processing file /home/komal/data-engineering-projects/airflow-spark-pipeline/airflow_venv/lib/python3.11/site-packages/airflow/example_dags/plugins/decreasing_priority_weight_strategy.py for tasks to queue
[2026-03-18T07:26:23.992+0000] {logging_mixin.py:190} INFO - [2026-03-18T07:26:23.991+0000] {dagbag.py:588} INFO - Filling up the DagBag from /home/komal/data-engineering-projects/airflow-spark-pipeline/airflow_venv/lib/python3.11/site-packages/airflow/example_dags/plugins/decreasing_priority_weight_strategy.py
[2026-03-18T07:26:23.996+0000] {processor.py:927} WARNING - No viable dags retrieved from /home/komal/data-engineering-projects/airflow-spark-pipeline/airflow_venv/lib/python3.11/site-packages/airflow/example_dags/plugins/decreasing_priority_weight_strategy.py
[2026-03-18T07:26:24.014+0000] {processor.py:208} INFO - Processing /home/komal/data-engineering-projects/airflow-spark-pipeline/airflow_venv/lib/python3.11/site-packages/airflow/example_dags/plugins/decreasing_priority_weight_strategy.py took 0.038 seconds
[2026-03-18T07:27:31.545+0000] {processor.py:186} INFO - Started process (PID=32727) to work on /home/komal/data-engineering-projects/airflow-spark-pipeline/airflow_venv/lib/python3.11/site-packages/airflow/example_dags/plugins/decreasing_priority_weight_strategy.py
[2026-03-18T07:27:31.577+0000] {processor.py:914} INFO - Processing file /home/komal/data-engineering-projects/airflow-spark-pipeline/airflow_venv/lib/python3.11/site-packages/airflow/example_dags/plugins/decreasing_priority_weight_strategy.py for tasks to queue
[2026-03-18T07:27:31.580+0000] {logging_mixin.py:190} INFO - [2026-03-18T07:27:31.580+0000] {dagbag.py:588} INFO - Filling up the DagBag from /home/komal/data-engineering-projects/airflow-spark-pipeline/airflow_venv/lib/python3.11/site-packages/airflow/example_dags/plugins/decreasing_priority_weight_strategy.py
[2026-03-18T07:27:31.583+0000] {processor.py:927} WARNING - No viable dags retrieved from /home/komal/data-engineering-projects/airflow-spark-pipeline/airflow_venv/lib/python3.11/site-packages/airflow/example_dags/plugins/decreasing_priority_weight_strategy.py
[2026-03-18T07:27:31.597+0000] {processor.py:208} INFO - Processing /home/komal/data-engineering-projects/airflow-spark-pipeline/airflow_venv/lib/python3.11/site-packages/airflow/example_dags/plugins/decreasing_priority_weight_strategy.py took 0.062 seconds
[2026-03-18T07:28:40.424+0000] {processor.py:186} INFO - Started process (PID=32792) to work on /home/komal/data-engineering-projects/airflow-spark-pipeline/airflow_venv/lib/python3.11/site-packages/airflow/example_dags/plugins/decreasing_priority_weight_strategy.py
[2026-03-18T07:28:40.457+0000] {processor.py:914} INFO - Processing file /home/komal/data-engineering-projects/airflow-spark-pipeline/airflow_venv/lib/python3.11/site-packages/airflow/example_dags/plugins/decreasing_priority_weight_strategy.py for tasks to queue
[2026-03-18T07:28:40.462+0000] {logging_mixin.py:190} INFO - [2026-03-18T07:28:40.461+0000] {dagbag.py:588} INFO - Filling up the DagBag from /home/komal/data-engineering-projects/airflow-spark-pipeline/airflow_venv/lib/python3.11/site-packages/airflow/example_dags/plugins/decreasing_priority_weight_strategy.py
[2026-03-18T07:28:40.466+0000] {processor.py:927} WARNING - No viable dags retrieved from /home/komal/data-engineering-projects/airflow-spark-pipeline/airflow_venv/lib/python3.11/site-packages/airflow/example_dags/plugins/decreasing_priority_weight_strategy.py
[2026-03-18T07:28:40.481+0000] {processor.py:208} INFO - Processing /home/komal/data-engineering-projects/airflow-spark-pipeline/airflow_venv/lib/python3.11/site-packages/airflow/example_dags/plugins/decreasing_priority_weight_strategy.py took 0.067 seconds
[2026-03-18T07:29:49.178+0000] {processor.py:186} INFO - Started process (PID=32859) to work on /home/komal/data-engineering-projects/airflow-spark-pipeline/airflow_venv/lib/python3.11/site-packages/airflow/example_dags/plugins/decreasing_priority_weight_strategy.py
[2026-03-18T07:29:49.210+0000] {processor.py:914} INFO - Processing file /home/komal/data-engineering-projects/airflow-spark-pipeline/airflow_venv/lib/python3.11/site-packages/airflow/example_dags/plugins/decreasing_priority_weight_strategy.py for tasks to queue
[2026-03-18T07:29:49.213+0000] {logging_mixin.py:190} INFO - [2026-03-18T07:29:49.212+0000] {dagbag.py:588} INFO - Filling up the DagBag from /home/komal/data-engineering-projects/airflow-spark-pipeline/airflow_venv/lib/python3.11/site-packages/airflow/example_dags/plugins/decreasing_priority_weight_strategy.py
[2026-03-18T07:29:49.219+0000] {processor.py:927} WARNING - No viable dags retrieved from /home/komal/data-engineering-projects/airflow-spark-pipeline/airflow_venv/lib/python3.11/site-packages/airflow/example_dags/plugins/decreasing_priority_weight_strategy.py
[2026-03-18T07:29:49.251+0000] {processor.py:208} INFO - Processing /home/komal/data-engineering-projects/airflow-spark-pipeline/airflow_venv/lib/python3.11/site-packages/airflow/example_dags/plugins/decreasing_priority_weight_strategy.py took 0.083 seconds
[2026-03-18T07:31:06.628+0000] {processor.py:186} INFO - Started process (PID=33011) to work on /home/komal/data-engineering-projects/airflow-spark-pipeline/airflow_venv/lib/python3.11/site-packages/airflow/example_dags/plugins/decreasing_priority_weight_strategy.py
[2026-03-18T07:31:06.661+0000] {processor.py:914} INFO - Processing file /home/komal/data-engineering-projects/airflow-spark-pipeline/airflow_venv/lib/python3.11/site-packages/airflow/example_dags/plugins/decreasing_priority_weight_strategy.py for tasks to queue
[2026-03-18T07:31:06.666+0000] {logging_mixin.py:190} INFO - [2026-03-18T07:31:06.665+0000] {dagbag.py:588} INFO - Filling up the DagBag from /home/komal/data-engineering-projects/airflow-spark-pipeline/airflow_venv/lib/python3.11/site-packages/airflow/example_dags/plugins/decreasing_priority_weight_strategy.py
[2026-03-18T07:31:06.670+0000] {processor.py:927} WARNING - No viable dags retrieved from /home/komal/data-engineering-projects/airflow-spark-pipeline/airflow_venv/lib/python3.11/site-packages/airflow/example_dags/plugins/decreasing_priority_weight_strategy.py
[2026-03-18T07:31:06.688+0000] {processor.py:208} INFO - Processing /home/komal/data-engineering-projects/airflow-spark-pipeline/airflow_venv/lib/python3.11/site-packages/airflow/example_dags/plugins/decreasing_priority_weight_strategy.py took 0.071 seconds
[2026-03-18T07:32:18.312+0000] {processor.py:186} INFO - Started process (PID=33076) to work on /home/komal/data-engineering-projects/airflow-spark-pipeline/airflow_venv/lib/python3.11/site-packages/airflow/example_dags/plugins/decreasing_priority_weight_strategy.py
[2026-03-18T07:32:18.344+0000] {processor.py:914} INFO - Processing file /home/komal/data-engineering-projects/airflow-spark-pipeline/airflow_venv/lib/python3.11/site-packages/airflow/example_dags/plugins/decreasing_priority_weight_strategy.py for tasks to queue
[2026-03-18T07:32:18.347+0000] {logging_mixin.py:190} INFO - [2026-03-18T07:32:18.346+0000] {dagbag.py:588} INFO - Filling up the DagBag from /home/komal/data-engineering-projects/airflow-spark-pipeline/airflow_venv/lib/python3.11/site-packages/airflow/example_dags/plugins/decreasing_priority_weight_strategy.py
[2026-03-18T07:32:18.350+0000] {processor.py:927} WARNING - No viable dags retrieved from /home/komal/data-engineering-projects/airflow-spark-pipeline/airflow_venv/lib/python3.11/site-packages/airflow/example_dags/plugins/decreasing_priority_weight_strategy.py
[2026-03-18T07:32:18.367+0000] {processor.py:208} INFO - Processing /home/komal/data-engineering-projects/airflow-spark-pipeline/airflow_venv/lib/python3.11/site-packages/airflow/example_dags/plugins/decreasing_priority_weight_strategy.py took 0.063 seconds
[2026-03-18T07:33:39.910+0000] {processor.py:186} INFO - Started process (PID=33151) to work on /home/komal/data-engineering-projects/airflow-spark-pipeline/airflow_venv/lib/python3.11/site-packages/airflow/example_dags/plugins/decreasing_priority_weight_strategy.py
[2026-03-18T07:33:39.914+0000] {processor.py:914} INFO - Processing file /home/komal/data-engineering-projects/airflow-spark-pipeline/airflow_venv/lib/python3.11/site-packages/airflow/example_dags/plugins/decreasing_priority_weight_strategy.py for tasks to queue
[2026-03-18T07:33:39.918+0000] {logging_mixin.py:190} INFO - [2026-03-18T07:33:39.918+0000] {dagbag.py:588} INFO - Filling up the DagBag from /home/komal/data-engineering-projects/airflow-spark-pipeline/airflow_venv/lib/python3.11/site-packages/airflow/example_dags/plugins/decreasing_priority_weight_strategy.py
[2026-03-18T07:33:39.923+0000] {processor.py:927} WARNING - No viable dags retrieved from /home/komal/data-engineering-projects/airflow-spark-pipeline/airflow_venv/lib/python3.11/site-packages/airflow/example_dags/plugins/decreasing_priority_weight_strategy.py
[2026-03-18T07:33:39.943+0000] {processor.py:208} INFO - Processing /home/komal/data-engineering-projects/airflow-spark-pipeline/airflow_venv/lib/python3.11/site-packages/airflow/example_dags/plugins/decreasing_priority_weight_strategy.py took 0.040 seconds
[2026-03-18T07:34:27.832+0000] {processor.py:186} INFO - Started process (PID=33199) to work on /home/komal/data-engineering-projects/airflow-spark-pipeline/airflow_venv/lib/python3.11/site-packages/airflow/example_dags/plugins/decreasing_priority_weight_strategy.py
[2026-03-18T07:34:27.865+0000] {processor.py:914} INFO - Processing file /home/komal/data-engineering-projects/airflow-spark-pipeline/airflow_venv/lib/python3.11/site-packages/airflow/example_dags/plugins/decreasing_priority_weight_strategy.py for tasks to queue
[2026-03-18T07:34:27.870+0000] {logging_mixin.py:190} INFO - [2026-03-18T07:34:27.869+0000] {dagbag.py:588} INFO - Filling up the DagBag from /home/komal/data-engineering-projects/airflow-spark-pipeline/airflow_venv/lib/python3.11/site-packages/airflow/example_dags/plugins/decreasing_priority_weight_strategy.py
[2026-03-18T07:34:27.874+0000] {processor.py:927} WARNING - No viable dags retrieved from /home/komal/data-engineering-projects/airflow-spark-pipeline/airflow_venv/lib/python3.11/site-packages/airflow/example_dags/plugins/decreasing_priority_weight_strategy.py
[2026-03-18T07:34:27.897+0000] {processor.py:208} INFO - Processing /home/komal/data-engineering-projects/airflow-spark-pipeline/airflow_venv/lib/python3.11/site-packages/airflow/example_dags/plugins/decreasing_priority_weight_strategy.py took 0.075 seconds
[2026-03-18T07:35:40.411+0000] {processor.py:186} INFO - Started process (PID=33320) to work on /home/komal/data-engineering-projects/airflow-spark-pipeline/airflow_venv/lib/python3.11/site-packages/airflow/example_dags/plugins/decreasing_priority_weight_strategy.py
[2026-03-18T07:35:40.414+0000] {processor.py:914} INFO - Processing file /home/komal/data-engineering-projects/airflow-spark-pipeline/airflow_venv/lib/python3.11/site-packages/airflow/example_dags/plugins/decreasing_priority_weight_strategy.py for tasks to queue
[2026-03-18T07:35:40.417+0000] {logging_mixin.py:190} INFO - [2026-03-18T07:35:40.416+0000] {dagbag.py:588} INFO - Filling up the DagBag from /home/komal/data-engineering-projects/airflow-spark-pipeline/airflow_venv/lib/python3.11/site-packages/airflow/example_dags/plugins/decreasing_priority_weight_strategy.py
[2026-03-18T07:35:40.420+0000] {processor.py:927} WARNING - No viable dags retrieved from /home/komal/data-engineering-projects/airflow-spark-pipeline/airflow_venv/lib/python3.11/site-packages/airflow/example_dags/plugins/decreasing_priority_weight_strategy.py
[2026-03-18T07:35:40.434+0000] {processor.py:208} INFO - Processing /home/komal/data-engineering-projects/airflow-spark-pipeline/airflow_venv/lib/python3.11/site-packages/airflow/example_dags/plugins/decreasing_priority_weight_strategy.py took 0.031 seconds
[2026-03-18T07:36:50.615+0000] {processor.py:186} INFO - Started process (PID=33388) to work on /home/komal/data-engineering-projects/airflow-spark-pipeline/airflow_venv/lib/python3.11/site-packages/airflow/example_dags/plugins/decreasing_priority_weight_strategy.py
[2026-03-18T07:36:50.647+0000] {processor.py:914} INFO - Processing file /home/komal/data-engineering-projects/airflow-spark-pipeline/airflow_venv/lib/python3.11/site-packages/airflow/example_dags/plugins/decreasing_priority_weight_strategy.py for tasks to queue
[2026-03-18T07:36:50.650+0000] {logging_mixin.py:190} INFO - [2026-03-18T07:36:50.650+0000] {dagbag.py:588} INFO - Filling up the DagBag from /home/komal/data-engineering-projects/airflow-spark-pipeline/airflow_venv/lib/python3.11/site-packages/airflow/example_dags/plugins/decreasing_priority_weight_strategy.py
[2026-03-18T07:36:50.653+0000] {processor.py:927} WARNING - No viable dags retrieved from /home/komal/data-engineering-projects/airflow-spark-pipeline/airflow_venv/lib/python3.11/site-packages/airflow/example_dags/plugins/decreasing_priority_weight_strategy.py
[2026-03-18T07:36:50.667+0000] {processor.py:208} INFO - Processing /home/komal/data-engineering-projects/airflow-spark-pipeline/airflow_venv/lib/python3.11/site-packages/airflow/example_dags/plugins/decreasing_priority_weight_strategy.py took 0.060 seconds
[2026-03-18T07:38:19.224+0000] {processor.py:186} INFO - Started process (PID=33537) to work on /home/komal/data-engineering-projects/airflow-spark-pipeline/airflow_venv/lib/python3.11/site-packages/airflow/example_dags/plugins/decreasing_priority_weight_strategy.py
[2026-03-18T07:38:19.252+0000] {processor.py:914} INFO - Processing file /home/komal/data-engineering-projects/airflow-spark-pipeline/airflow_venv/lib/python3.11/site-packages/airflow/example_dags/plugins/decreasing_priority_weight_strategy.py for tasks to queue
[2026-03-18T07:38:19.256+0000] {logging_mixin.py:190} INFO - [2026-03-18T07:38:19.255+0000] {dagbag.py:588} INFO - Filling up the DagBag from /home/komal/data-engineering-projects/airflow-spark-pipeline/airflow_venv/lib/python3.11/site-packages/airflow/example_dags/plugins/decreasing_priority_weight_strategy.py
[2026-03-18T07:38:19.261+0000] {processor.py:927} WARNING - No viable dags retrieved from /home/komal/data-engineering-projects/airflow-spark-pipeline/airflow_venv/lib/python3.11/site-packages/airflow/example_dags/plugins/decreasing_priority_weight_strategy.py
[2026-03-18T07:38:19.277+0000] {processor.py:208} INFO - Processing /home/komal/data-engineering-projects/airflow-spark-pipeline/airflow_venv/lib/python3.11/site-packages/airflow/example_dags/plugins/decreasing_priority_weight_strategy.py took 0.065 seconds
[2026-03-18T07:39:23.481+0000] {processor.py:186} INFO - Started process (PID=33603) to work on /home/komal/data-engineering-projects/airflow-spark-pipeline/airflow_venv/lib/python3.11/site-packages/airflow/example_dags/plugins/decreasing_priority_weight_strategy.py
[2026-03-18T07:39:23.514+0000] {processor.py:914} INFO - Processing file /home/komal/data-engineering-projects/airflow-spark-pipeline/airflow_venv/lib/python3.11/site-packages/airflow/example_dags/plugins/decreasing_priority_weight_strategy.py for tasks to queue
[2026-03-18T07:39:23.518+0000] {logging_mixin.py:190} INFO - [2026-03-18T07:39:23.517+0000] {dagbag.py:588} INFO - Filling up the DagBag from /home/komal/data-engineering-projects/airflow-spark-pipeline/airflow_venv/lib/python3.11/site-packages/airflow/example_dags/plugins/decreasing_priority_weight_strategy.py
[2026-03-18T07:39:23.522+0000] {processor.py:927} WARNING - No viable dags retrieved from /home/komal/data-engineering-projects/airflow-spark-pipeline/airflow_venv/lib/python3.11/site-packages/airflow/example_dags/plugins/decreasing_priority_weight_strategy.py
[2026-03-18T07:39:23.536+0000] {processor.py:208} INFO - Processing /home/komal/data-engineering-projects/airflow-spark-pipeline/airflow_venv/lib/python3.11/site-packages/airflow/example_dags/plugins/decreasing_priority_weight_strategy.py took 0.063 seconds
[2026-03-18T07:40:34.266+0000] {processor.py:186} INFO - Started process (PID=33669) to work on /home/komal/data-engineering-projects/airflow-spark-pipeline/airflow_venv/lib/python3.11/site-packages/airflow/example_dags/plugins/decreasing_priority_weight_strategy.py
[2026-03-18T07:40:34.300+0000] {processor.py:914} INFO - Processing file /home/komal/data-engineering-projects/airflow-spark-pipeline/airflow_venv/lib/python3.11/site-packages/airflow/example_dags/plugins/decreasing_priority_weight_strategy.py for tasks to queue
[2026-03-18T07:40:34.305+0000] {logging_mixin.py:190} INFO - [2026-03-18T07:40:34.304+0000] {dagbag.py:588} INFO - Filling up the DagBag from /home/komal/data-engineering-projects/airflow-spark-pipeline/airflow_venv/lib/python3.11/site-packages/airflow/example_dags/plugins/decreasing_priority_weight_strategy.py
[2026-03-18T07:40:34.310+0000] {processor.py:927} WARNING - No viable dags retrieved from /home/komal/data-engineering-projects/airflow-spark-pipeline/airflow_venv/lib/python3.11/site-packages/airflow/example_dags/plugins/decreasing_priority_weight_strategy.py
[2026-03-18T07:40:34.330+0000] {processor.py:208} INFO - Processing /home/komal/data-engineering-projects/airflow-spark-pipeline/airflow_venv/lib/python3.11/site-packages/airflow/example_dags/plugins/decreasing_priority_weight_strategy.py took 0.075 seconds
[2026-03-18T07:41:50.704+0000] {processor.py:186} INFO - Started process (PID=33737) to work on /home/komal/data-engineering-projects/airflow-spark-pipeline/airflow_venv/lib/python3.11/site-packages/airflow/example_dags/plugins/decreasing_priority_weight_strategy.py
[2026-03-18T07:41:50.736+0000] {processor.py:914} INFO - Processing file /home/komal/data-engineering-projects/airflow-spark-pipeline/airflow_venv/lib/python3.11/site-packages/airflow/example_dags/plugins/decreasing_priority_weight_strategy.py for tasks to queue
[2026-03-18T07:41:50.740+0000] {logging_mixin.py:190} INFO - [2026-03-18T07:41:50.739+0000] {dagbag.py:588} INFO - Filling up the DagBag from /home/komal/data-engineering-projects/airflow-spark-pipeline/airflow_venv/lib/python3.11/site-packages/airflow/example_dags/plugins/decreasing_priority_weight_strategy.py
[2026-03-18T07:41:50.745+0000] {processor.py:927} WARNING - No viable dags retrieved from /home/komal/data-engineering-projects/airflow-spark-pipeline/airflow_venv/lib/python3.11/site-packages/airflow/example_dags/plugins/decreasing_priority_weight_strategy.py
[2026-03-18T07:41:50.767+0000] {processor.py:208} INFO - Processing /home/komal/data-engineering-projects/airflow-spark-pipeline/airflow_venv/lib/python3.11/site-packages/airflow/example_dags/plugins/decreasing_priority_weight_strategy.py took 0.071 seconds
[2026-03-18T07:42:25.312+0000] {processor.py:186} INFO - Started process (PID=33772) to work on /home/komal/data-engineering-projects/airflow-spark-pipeline/airflow_venv/lib/python3.11/site-packages/airflow/example_dags/plugins/decreasing_priority_weight_strategy.py
[2026-03-18T07:42:25.346+0000] {processor.py:914} INFO - Processing file /home/komal/data-engineering-projects/airflow-spark-pipeline/airflow_venv/lib/python3.11/site-packages/airflow/example_dags/plugins/decreasing_priority_weight_strategy.py for tasks to queue
[2026-03-18T07:42:25.351+0000] {logging_mixin.py:190} INFO - [2026-03-18T07:42:25.350+0000] {dagbag.py:588} INFO - Filling up the DagBag from /home/komal/data-engineering-projects/airflow-spark-pipeline/airflow_venv/lib/python3.11/site-packages/airflow/example_dags/plugins/decreasing_priority_weight_strategy.py
[2026-03-18T07:42:25.355+0000] {processor.py:927} WARNING - No viable dags retrieved from /home/komal/data-engineering-projects/airflow-spark-pipeline/airflow_venv/lib/python3.11/site-packages/airflow/example_dags/plugins/decreasing_priority_weight_strategy.py
[2026-03-18T07:42:25.375+0000] {processor.py:208} INFO - Processing /home/komal/data-engineering-projects/airflow-spark-pipeline/airflow_venv/lib/python3.11/site-packages/airflow/example_dags/plugins/decreasing_priority_weight_strategy.py took 0.074 seconds
[2026-03-18T07:43:38.443+0000] {processor.py:186} INFO - Started process (PID=33917) to work on /home/komal/data-engineering-projects/airflow-spark-pipeline/airflow_venv/lib/python3.11/site-packages/airflow/example_dags/plugins/decreasing_priority_weight_strategy.py
[2026-03-18T07:43:38.472+0000] {processor.py:914} INFO - Processing file /home/komal/data-engineering-projects/airflow-spark-pipeline/airflow_venv/lib/python3.11/site-packages/airflow/example_dags/plugins/decreasing_priority_weight_strategy.py for tasks to queue
[2026-03-18T07:43:38.475+0000] {logging_mixin.py:190} INFO - [2026-03-18T07:43:38.474+0000] {dagbag.py:588} INFO - Filling up the DagBag from /home/komal/data-engineering-projects/airflow-spark-pipeline/airflow_venv/lib/python3.11/site-packages/airflow/example_dags/plugins/decreasing_priority_weight_strategy.py
[2026-03-18T07:43:38.478+0000] {processor.py:927} WARNING - No viable dags retrieved from /home/komal/data-engineering-projects/airflow-spark-pipeline/airflow_venv/lib/python3.11/site-packages/airflow/example_dags/plugins/decreasing_priority_weight_strategy.py
[2026-03-18T07:43:38.490+0000] {processor.py:208} INFO - Processing /home/komal/data-engineering-projects/airflow-spark-pipeline/airflow_venv/lib/python3.11/site-packages/airflow/example_dags/plugins/decreasing_priority_weight_strategy.py took 0.057 seconds
[2026-03-18T07:44:44.220+0000] {processor.py:186} INFO - Started process (PID=33988) to work on /home/komal/data-engineering-projects/airflow-spark-pipeline/airflow_venv/lib/python3.11/site-packages/airflow/example_dags/plugins/decreasing_priority_weight_strategy.py
[2026-03-18T07:44:44.251+0000] {processor.py:914} INFO - Processing file /home/komal/data-engineering-projects/airflow-spark-pipeline/airflow_venv/lib/python3.11/site-packages/airflow/example_dags/plugins/decreasing_priority_weight_strategy.py for tasks to queue
[2026-03-18T07:44:44.255+0000] {logging_mixin.py:190} INFO - [2026-03-18T07:44:44.254+0000] {dagbag.py:588} INFO - Filling up the DagBag from /home/komal/data-engineering-projects/airflow-spark-pipeline/airflow_venv/lib/python3.11/site-packages/airflow/example_dags/plugins/decreasing_priority_weight_strategy.py
[2026-03-18T07:44:44.257+0000] {processor.py:927} WARNING - No viable dags retrieved from /home/komal/data-engineering-projects/airflow-spark-pipeline/airflow_venv/lib/python3.11/site-packages/airflow/example_dags/plugins/decreasing_priority_weight_strategy.py
[2026-03-18T07:44:44.273+0000] {processor.py:208} INFO - Processing /home/komal/data-engineering-projects/airflow-spark-pipeline/airflow_venv/lib/python3.11/site-packages/airflow/example_dags/plugins/decreasing_priority_weight_strategy.py took 0.063 seconds
[2026-03-18T07:45:54.676+0000] {processor.py:186} INFO - Started process (PID=34058) to work on /home/komal/data-engineering-projects/airflow-spark-pipeline/airflow_venv/lib/python3.11/site-packages/airflow/example_dags/plugins/decreasing_priority_weight_strategy.py
[2026-03-18T07:45:54.708+0000] {processor.py:914} INFO - Processing file /home/komal/data-engineering-projects/airflow-spark-pipeline/airflow_venv/lib/python3.11/site-packages/airflow/example_dags/plugins/decreasing_priority_weight_strategy.py for tasks to queue
[2026-03-18T07:45:54.713+0000] {logging_mixin.py:190} INFO - [2026-03-18T07:45:54.712+0000] {dagbag.py:588} INFO - Filling up the DagBag from /home/komal/data-engineering-projects/airflow-spark-pipeline/airflow_venv/lib/python3.11/site-packages/airflow/example_dags/plugins/decreasing_priority_weight_strategy.py
[2026-03-18T07:45:54.717+0000] {processor.py:927} WARNING - No viable dags retrieved from /home/komal/data-engineering-projects/airflow-spark-pipeline/airflow_venv/lib/python3.11/site-packages/airflow/example_dags/plugins/decreasing_priority_weight_strategy.py
[2026-03-18T07:45:54.737+0000] {processor.py:208} INFO - Processing /home/komal/data-engineering-projects/airflow-spark-pipeline/airflow_venv/lib/python3.11/site-packages/airflow/example_dags/plugins/decreasing_priority_weight_strategy.py took 0.071 seconds
[2026-03-18T07:47:12.947+0000] {processor.py:186} INFO - Started process (PID=34127) to work on /home/komal/data-engineering-projects/airflow-spark-pipeline/airflow_venv/lib/python3.11/site-packages/airflow/example_dags/plugins/decreasing_priority_weight_strategy.py
[2026-03-18T07:47:12.982+0000] {processor.py:914} INFO - Processing file /home/komal/data-engineering-projects/airflow-spark-pipeline/airflow_venv/lib/python3.11/site-packages/airflow/example_dags/plugins/decreasing_priority_weight_strategy.py for tasks to queue
[2026-03-18T07:47:12.986+0000] {logging_mixin.py:190} INFO - [2026-03-18T07:47:12.985+0000] {dagbag.py:588} INFO - Filling up the DagBag from /home/komal/data-engineering-projects/airflow-spark-pipeline/airflow_venv/lib/python3.11/site-packages/airflow/example_dags/plugins/decreasing_priority_weight_strategy.py
[2026-03-18T07:47:12.991+0000] {processor.py:927} WARNING - No viable dags retrieved from /home/komal/data-engineering-projects/airflow-spark-pipeline/airflow_venv/lib/python3.11/site-packages/airflow/example_dags/plugins/decreasing_priority_weight_strategy.py
[2026-03-18T07:47:13.006+0000] {processor.py:208} INFO - Processing /home/komal/data-engineering-projects/airflow-spark-pipeline/airflow_venv/lib/python3.11/site-packages/airflow/example_dags/plugins/decreasing_priority_weight_strategy.py took 0.069 seconds
[2026-03-18T07:49:20.236+0000] {processor.py:186} INFO - Started process (PID=34166) to work on /home/komal/data-engineering-projects/airflow-spark-pipeline/airflow_venv/lib/python3.11/site-packages/airflow/example_dags/plugins/decreasing_priority_weight_strategy.py
[2026-03-18T07:49:20.268+0000] {processor.py:914} INFO - Processing file /home/komal/data-engineering-projects/airflow-spark-pipeline/airflow_venv/lib/python3.11/site-packages/airflow/example_dags/plugins/decreasing_priority_weight_strategy.py for tasks to queue
[2026-03-18T07:49:20.273+0000] {logging_mixin.py:190} INFO - [2026-03-18T07:49:20.272+0000] {dagbag.py:588} INFO - Filling up the DagBag from /home/komal/data-engineering-projects/airflow-spark-pipeline/airflow_venv/lib/python3.11/site-packages/airflow/example_dags/plugins/decreasing_priority_weight_strategy.py
[2026-03-18T07:49:20.277+0000] {processor.py:927} WARNING - No viable dags retrieved from /home/komal/data-engineering-projects/airflow-spark-pipeline/airflow_venv/lib/python3.11/site-packages/airflow/example_dags/plugins/decreasing_priority_weight_strategy.py
[2026-03-18T07:49:20.296+0000] {processor.py:208} INFO - Processing /home/komal/data-engineering-projects/airflow-spark-pipeline/airflow_venv/lib/python3.11/site-packages/airflow/example_dags/plugins/decreasing_priority_weight_strategy.py took 0.069 seconds
[2026-03-18T07:50:23.349+0000] {processor.py:186} INFO - Started process (PID=34226) to work on /home/komal/data-engineering-projects/airflow-spark-pipeline/airflow_venv/lib/python3.11/site-packages/airflow/example_dags/plugins/decreasing_priority_weight_strategy.py
[2026-03-18T07:50:23.383+0000] {processor.py:914} INFO - Processing file /home/komal/data-engineering-projects/airflow-spark-pipeline/airflow_venv/lib/python3.11/site-packages/airflow/example_dags/plugins/decreasing_priority_weight_strategy.py for tasks to queue
[2026-03-18T07:50:23.388+0000] {logging_mixin.py:190} INFO - [2026-03-18T07:50:23.387+0000] {dagbag.py:588} INFO - Filling up the DagBag from /home/komal/data-engineering-projects/airflow-spark-pipeline/airflow_venv/lib/python3.11/site-packages/airflow/example_dags/plugins/decreasing_priority_weight_strategy.py
[2026-03-18T07:50:23.393+0000] {processor.py:927} WARNING - No viable dags retrieved from /home/komal/data-engineering-projects/airflow-spark-pipeline/airflow_venv/lib/python3.11/site-packages/airflow/example_dags/plugins/decreasing_priority_weight_strategy.py
[2026-03-18T07:50:23.409+0000] {processor.py:208} INFO - Processing /home/komal/data-engineering-projects/airflow-spark-pipeline/airflow_venv/lib/python3.11/site-packages/airflow/example_dags/plugins/decreasing_priority_weight_strategy.py took 0.072 seconds
[2026-03-18T07:51:35.432+0000] {processor.py:186} INFO - Started process (PID=34317) to work on /home/komal/data-engineering-projects/airflow-spark-pipeline/airflow_venv/lib/python3.11/site-packages/airflow/example_dags/plugins/decreasing_priority_weight_strategy.py
[2026-03-18T07:51:35.436+0000] {processor.py:914} INFO - Processing file /home/komal/data-engineering-projects/airflow-spark-pipeline/airflow_venv/lib/python3.11/site-packages/airflow/example_dags/plugins/decreasing_priority_weight_strategy.py for tasks to queue
[2026-03-18T07:51:35.438+0000] {logging_mixin.py:190} INFO - [2026-03-18T07:51:35.438+0000] {dagbag.py:588} INFO - Filling up the DagBag from /home/komal/data-engineering-projects/airflow-spark-pipeline/airflow_venv/lib/python3.11/site-packages/airflow/example_dags/plugins/decreasing_priority_weight_strategy.py
[2026-03-18T07:51:35.442+0000] {processor.py:927} WARNING - No viable dags retrieved from /home/komal/data-engineering-projects/airflow-spark-pipeline/airflow_venv/lib/python3.11/site-packages/airflow/example_dags/plugins/decreasing_priority_weight_strategy.py
[2026-03-18T07:51:35.456+0000] {processor.py:208} INFO - Processing /home/komal/data-engineering-projects/airflow-spark-pipeline/airflow_venv/lib/python3.11/site-packages/airflow/example_dags/plugins/decreasing_priority_weight_strategy.py took 0.031 seconds
[2026-03-18T07:52:49.393+0000] {processor.py:186} INFO - Started process (PID=34384) to work on /home/komal/data-engineering-projects/airflow-spark-pipeline/airflow_venv/lib/python3.11/site-packages/airflow/example_dags/plugins/decreasing_priority_weight_strategy.py
[2026-03-18T07:52:49.397+0000] {processor.py:914} INFO - Processing file /home/komal/data-engineering-projects/airflow-spark-pipeline/airflow_venv/lib/python3.11/site-packages/airflow/example_dags/plugins/decreasing_priority_weight_strategy.py for tasks to queue
[2026-03-18T07:52:49.400+0000] {logging_mixin.py:190} INFO - [2026-03-18T07:52:49.399+0000] {dagbag.py:588} INFO - Filling up the DagBag from /home/komal/data-engineering-projects/airflow-spark-pipeline/airflow_venv/lib/python3.11/site-packages/airflow/example_dags/plugins/decreasing_priority_weight_strategy.py
[2026-03-18T07:52:49.404+0000] {processor.py:927} WARNING - No viable dags retrieved from /home/komal/data-engineering-projects/airflow-spark-pipeline/airflow_venv/lib/python3.11/site-packages/airflow/example_dags/plugins/decreasing_priority_weight_strategy.py
[2026-03-18T07:52:49.423+0000] {processor.py:208} INFO - Processing /home/komal/data-engineering-projects/airflow-spark-pipeline/airflow_venv/lib/python3.11/site-packages/airflow/example_dags/plugins/decreasing_priority_weight_strategy.py took 0.040 seconds
[2026-03-18T07:54:15.144+0000] {processor.py:186} INFO - Started process (PID=34466) to work on /home/komal/data-engineering-projects/airflow-spark-pipeline/airflow_venv/lib/python3.11/site-packages/airflow/example_dags/plugins/decreasing_priority_weight_strategy.py
[2026-03-18T07:54:15.179+0000] {processor.py:914} INFO - Processing file /home/komal/data-engineering-projects/airflow-spark-pipeline/airflow_venv/lib/python3.11/site-packages/airflow/example_dags/plugins/decreasing_priority_weight_strategy.py for tasks to queue
[2026-03-18T07:54:15.184+0000] {logging_mixin.py:190} INFO - [2026-03-18T07:54:15.183+0000] {dagbag.py:588} INFO - Filling up the DagBag from /home/komal/data-engineering-projects/airflow-spark-pipeline/airflow_venv/lib/python3.11/site-packages/airflow/example_dags/plugins/decreasing_priority_weight_strategy.py
[2026-03-18T07:54:15.189+0000] {processor.py:927} WARNING - No viable dags retrieved from /home/komal/data-engineering-projects/airflow-spark-pipeline/airflow_venv/lib/python3.11/site-packages/airflow/example_dags/plugins/decreasing_priority_weight_strategy.py
[2026-03-18T07:54:15.206+0000] {processor.py:208} INFO - Processing /home/komal/data-engineering-projects/airflow-spark-pipeline/airflow_venv/lib/python3.11/site-packages/airflow/example_dags/plugins/decreasing_priority_weight_strategy.py took 0.074 seconds
[2026-03-18T07:55:06.458+0000] {processor.py:186} INFO - Started process (PID=34513) to work on /home/komal/data-engineering-projects/airflow-spark-pipeline/airflow_venv/lib/python3.11/site-packages/airflow/example_dags/plugins/decreasing_priority_weight_strategy.py
[2026-03-18T07:55:06.493+0000] {processor.py:914} INFO - Processing file /home/komal/data-engineering-projects/airflow-spark-pipeline/airflow_venv/lib/python3.11/site-packages/airflow/example_dags/plugins/decreasing_priority_weight_strategy.py for tasks to queue
[2026-03-18T07:55:06.498+0000] {logging_mixin.py:190} INFO - [2026-03-18T07:55:06.497+0000] {dagbag.py:588} INFO - Filling up the DagBag from /home/komal/data-engineering-projects/airflow-spark-pipeline/airflow_venv/lib/python3.11/site-packages/airflow/example_dags/plugins/decreasing_priority_weight_strategy.py
[2026-03-18T07:55:06.505+0000] {processor.py:927} WARNING - No viable dags retrieved from /home/komal/data-engineering-projects/airflow-spark-pipeline/airflow_venv/lib/python3.11/site-packages/airflow/example_dags/plugins/decreasing_priority_weight_strategy.py
[2026-03-18T07:55:06.527+0000] {processor.py:208} INFO - Processing /home/komal/data-engineering-projects/airflow-spark-pipeline/airflow_venv/lib/python3.11/site-packages/airflow/example_dags/plugins/decreasing_priority_weight_strategy.py took 0.081 seconds
[2026-03-18T07:56:18.404+0000] {processor.py:186} INFO - Started process (PID=34881) to work on /home/komal/data-engineering-projects/airflow-spark-pipeline/airflow_venv/lib/python3.11/site-packages/airflow/example_dags/plugins/decreasing_priority_weight_strategy.py
[2026-03-18T07:56:18.437+0000] {processor.py:914} INFO - Processing file /home/komal/data-engineering-projects/airflow-spark-pipeline/airflow_venv/lib/python3.11/site-packages/airflow/example_dags/plugins/decreasing_priority_weight_strategy.py for tasks to queue
[2026-03-18T07:56:18.441+0000] {logging_mixin.py:190} INFO - [2026-03-18T07:56:18.440+0000] {dagbag.py:588} INFO - Filling up the DagBag from /home/komal/data-engineering-projects/airflow-spark-pipeline/airflow_venv/lib/python3.11/site-packages/airflow/example_dags/plugins/decreasing_priority_weight_strategy.py
[2026-03-18T07:56:18.446+0000] {processor.py:927} WARNING - No viable dags retrieved from /home/komal/data-engineering-projects/airflow-spark-pipeline/airflow_venv/lib/python3.11/site-packages/airflow/example_dags/plugins/decreasing_priority_weight_strategy.py
[2026-03-18T07:56:18.461+0000] {processor.py:208} INFO - Processing /home/komal/data-engineering-projects/airflow-spark-pipeline/airflow_venv/lib/python3.11/site-packages/airflow/example_dags/plugins/decreasing_priority_weight_strategy.py took 0.066 seconds
[2026-03-18T08:05:11.484+0000] {processor.py:186} INFO - Started process (PID=34955) to work on /home/komal/data-engineering-projects/airflow-spark-pipeline/airflow_venv/lib/python3.11/site-packages/airflow/example_dags/plugins/decreasing_priority_weight_strategy.py
[2026-03-18T08:05:11.488+0000] {processor.py:914} INFO - Processing file /home/komal/data-engineering-projects/airflow-spark-pipeline/airflow_venv/lib/python3.11/site-packages/airflow/example_dags/plugins/decreasing_priority_weight_strategy.py for tasks to queue
[2026-03-18T08:05:11.491+0000] {logging_mixin.py:190} INFO - [2026-03-18T08:05:11.491+0000] {dagbag.py:588} INFO - Filling up the DagBag from /home/komal/data-engineering-projects/airflow-spark-pipeline/airflow_venv/lib/python3.11/site-packages/airflow/example_dags/plugins/decreasing_priority_weight_strategy.py
[2026-03-18T08:05:11.495+0000] {processor.py:927} WARNING - No viable dags retrieved from /home/komal/data-engineering-projects/airflow-spark-pipeline/airflow_venv/lib/python3.11/site-packages/airflow/example_dags/plugins/decreasing_priority_weight_strategy.py
[2026-03-18T08:05:11.509+0000] {processor.py:208} INFO - Processing /home/komal/data-engineering-projects/airflow-spark-pipeline/airflow_venv/lib/python3.11/site-packages/airflow/example_dags/plugins/decreasing_priority_weight_strategy.py took 0.035 seconds
[2026-03-18T08:06:19.252+0000] {processor.py:186} INFO - Started process (PID=35021) to work on /home/komal/data-engineering-projects/airflow-spark-pipeline/airflow_venv/lib/python3.11/site-packages/airflow/example_dags/plugins/decreasing_priority_weight_strategy.py
[2026-03-18T08:06:19.286+0000] {processor.py:914} INFO - Processing file /home/komal/data-engineering-projects/airflow-spark-pipeline/airflow_venv/lib/python3.11/site-packages/airflow/example_dags/plugins/decreasing_priority_weight_strategy.py for tasks to queue
[2026-03-18T08:06:19.291+0000] {logging_mixin.py:190} INFO - [2026-03-18T08:06:19.290+0000] {dagbag.py:588} INFO - Filling up the DagBag from /home/komal/data-engineering-projects/airflow-spark-pipeline/airflow_venv/lib/python3.11/site-packages/airflow/example_dags/plugins/decreasing_priority_weight_strategy.py
[2026-03-18T08:06:19.299+0000] {processor.py:927} WARNING - No viable dags retrieved from /home/komal/data-engineering-projects/airflow-spark-pipeline/airflow_venv/lib/python3.11/site-packages/airflow/example_dags/plugins/decreasing_priority_weight_strategy.py
[2026-03-18T08:06:19.319+0000] {processor.py:208} INFO - Processing /home/komal/data-engineering-projects/airflow-spark-pipeline/airflow_venv/lib/python3.11/site-packages/airflow/example_dags/plugins/decreasing_priority_weight_strategy.py took 0.078 seconds
[2026-03-18T08:07:37.025+0000] {processor.py:186} INFO - Started process (PID=35091) to work on /home/komal/data-engineering-projects/airflow-spark-pipeline/airflow_venv/lib/python3.11/site-packages/airflow/example_dags/plugins/decreasing_priority_weight_strategy.py
[2026-03-18T08:07:37.058+0000] {processor.py:914} INFO - Processing file /home/komal/data-engineering-projects/airflow-spark-pipeline/airflow_venv/lib/python3.11/site-packages/airflow/example_dags/plugins/decreasing_priority_weight_strategy.py for tasks to queue
[2026-03-18T08:07:37.062+0000] {logging_mixin.py:190} INFO - [2026-03-18T08:07:37.061+0000] {dagbag.py:588} INFO - Filling up the DagBag from /home/komal/data-engineering-projects/airflow-spark-pipeline/airflow_venv/lib/python3.11/site-packages/airflow/example_dags/plugins/decreasing_priority_weight_strategy.py
[2026-03-18T08:07:37.065+0000] {processor.py:927} WARNING - No viable dags retrieved from /home/komal/data-engineering-projects/airflow-spark-pipeline/airflow_venv/lib/python3.11/site-packages/airflow/example_dags/plugins/decreasing_priority_weight_strategy.py
[2026-03-18T08:07:37.082+0000] {processor.py:208} INFO - Processing /home/komal/data-engineering-projects/airflow-spark-pipeline/airflow_venv/lib/python3.11/site-packages/airflow/example_dags/plugins/decreasing_priority_weight_strategy.py took 0.067 seconds
[2026-03-18T08:08:48.616+0000] {processor.py:186} INFO - Started process (PID=35159) to work on /home/komal/data-engineering-projects/airflow-spark-pipeline/airflow_venv/lib/python3.11/site-packages/airflow/example_dags/plugins/decreasing_priority_weight_strategy.py
[2026-03-18T08:08:48.620+0000] {processor.py:914} INFO - Processing file /home/komal/data-engineering-projects/airflow-spark-pipeline/airflow_venv/lib/python3.11/site-packages/airflow/example_dags/plugins/decreasing_priority_weight_strategy.py for tasks to queue
[2026-03-18T08:08:48.623+0000] {logging_mixin.py:190} INFO - [2026-03-18T08:08:48.622+0000] {dagbag.py:588} INFO - Filling up the DagBag from /home/komal/data-engineering-projects/airflow-spark-pipeline/airflow_venv/lib/python3.11/site-packages/airflow/example_dags/plugins/decreasing_priority_weight_strategy.py
[2026-03-18T08:08:48.626+0000] {processor.py:927} WARNING - No viable dags retrieved from /home/komal/data-engineering-projects/airflow-spark-pipeline/airflow_venv/lib/python3.11/site-packages/airflow/example_dags/plugins/decreasing_priority_weight_strategy.py
[2026-03-18T08:08:48.642+0000] {processor.py:208} INFO - Processing /home/komal/data-engineering-projects/airflow-spark-pipeline/airflow_venv/lib/python3.11/site-packages/airflow/example_dags/plugins/decreasing_priority_weight_strategy.py took 0.035 seconds
[2026-03-18T08:10:03.399+0000] {processor.py:186} INFO - Started process (PID=35227) to work on /home/komal/data-engineering-projects/airflow-spark-pipeline/airflow_venv/lib/python3.11/site-packages/airflow/example_dags/plugins/decreasing_priority_weight_strategy.py
[2026-03-18T08:10:03.433+0000] {processor.py:914} INFO - Processing file /home/komal/data-engineering-projects/airflow-spark-pipeline/airflow_venv/lib/python3.11/site-packages/airflow/example_dags/plugins/decreasing_priority_weight_strategy.py for tasks to queue
[2026-03-18T08:10:03.436+0000] {logging_mixin.py:190} INFO - [2026-03-18T08:10:03.435+0000] {dagbag.py:588} INFO - Filling up the DagBag from /home/komal/data-engineering-projects/airflow-spark-pipeline/airflow_venv/lib/python3.11/site-packages/airflow/example_dags/plugins/decreasing_priority_weight_strategy.py
[2026-03-18T08:10:03.439+0000] {processor.py:927} WARNING - No viable dags retrieved from /home/komal/data-engineering-projects/airflow-spark-pipeline/airflow_venv/lib/python3.11/site-packages/airflow/example_dags/plugins/decreasing_priority_weight_strategy.py
[2026-03-18T08:10:03.452+0000] {processor.py:208} INFO - Processing /home/komal/data-engineering-projects/airflow-spark-pipeline/airflow_venv/lib/python3.11/site-packages/airflow/example_dags/plugins/decreasing_priority_weight_strategy.py took 0.061 seconds
[2026-03-18T08:11:17.332+0000] {processor.py:186} INFO - Started process (PID=35298) to work on /home/komal/data-engineering-projects/airflow-spark-pipeline/airflow_venv/lib/python3.11/site-packages/airflow/example_dags/plugins/decreasing_priority_weight_strategy.py
[2026-03-18T08:11:17.365+0000] {processor.py:914} INFO - Processing file /home/komal/data-engineering-projects/airflow-spark-pipeline/airflow_venv/lib/python3.11/site-packages/airflow/example_dags/plugins/decreasing_priority_weight_strategy.py for tasks to queue
[2026-03-18T08:11:17.369+0000] {logging_mixin.py:190} INFO - [2026-03-18T08:11:17.368+0000] {dagbag.py:588} INFO - Filling up the DagBag from /home/komal/data-engineering-projects/airflow-spark-pipeline/airflow_venv/lib/python3.11/site-packages/airflow/example_dags/plugins/decreasing_priority_weight_strategy.py
[2026-03-18T08:11:17.373+0000] {processor.py:927} WARNING - No viable dags retrieved from /home/komal/data-engineering-projects/airflow-spark-pipeline/airflow_venv/lib/python3.11/site-packages/airflow/example_dags/plugins/decreasing_priority_weight_strategy.py
[2026-03-18T08:11:17.387+0000] {processor.py:208} INFO - Processing /home/komal/data-engineering-projects/airflow-spark-pipeline/airflow_venv/lib/python3.11/site-packages/airflow/example_dags/plugins/decreasing_priority_weight_strategy.py took 0.065 seconds
[2026-03-18T08:12:29.674+0000] {processor.py:186} INFO - Started process (PID=35404) to work on /home/komal/data-engineering-projects/airflow-spark-pipeline/airflow_venv/lib/python3.11/site-packages/airflow/example_dags/plugins/decreasing_priority_weight_strategy.py
[2026-03-18T08:12:29.678+0000] {processor.py:914} INFO - Processing file /home/komal/data-engineering-projects/airflow-spark-pipeline/airflow_venv/lib/python3.11/site-packages/airflow/example_dags/plugins/decreasing_priority_weight_strategy.py for tasks to queue
[2026-03-18T08:12:29.681+0000] {logging_mixin.py:190} INFO - [2026-03-18T08:12:29.681+0000] {dagbag.py:588} INFO - Filling up the DagBag from /home/komal/data-engineering-projects/airflow-spark-pipeline/airflow_venv/lib/python3.11/site-packages/airflow/example_dags/plugins/decreasing_priority_weight_strategy.py
[2026-03-18T08:12:29.686+0000] {processor.py:927} WARNING - No viable dags retrieved from /home/komal/data-engineering-projects/airflow-spark-pipeline/airflow_venv/lib/python3.11/site-packages/airflow/example_dags/plugins/decreasing_priority_weight_strategy.py
[2026-03-18T08:12:29.706+0000] {processor.py:208} INFO - Processing /home/komal/data-engineering-projects/airflow-spark-pipeline/airflow_venv/lib/python3.11/site-packages/airflow/example_dags/plugins/decreasing_priority_weight_strategy.py took 0.045 seconds
[2026-03-18T08:14:42.336+0000] {processor.py:186} INFO - Started process (PID=35740) to work on /home/komal/data-engineering-projects/airflow-spark-pipeline/airflow_venv/lib/python3.11/site-packages/airflow/example_dags/plugins/decreasing_priority_weight_strategy.py
[2026-03-18T08:14:42.369+0000] {processor.py:914} INFO - Processing file /home/komal/data-engineering-projects/airflow-spark-pipeline/airflow_venv/lib/python3.11/site-packages/airflow/example_dags/plugins/decreasing_priority_weight_strategy.py for tasks to queue
[2026-03-18T08:14:42.373+0000] {logging_mixin.py:190} INFO - [2026-03-18T08:14:42.372+0000] {dagbag.py:588} INFO - Filling up the DagBag from /home/komal/data-engineering-projects/airflow-spark-pipeline/airflow_venv/lib/python3.11/site-packages/airflow/example_dags/plugins/decreasing_priority_weight_strategy.py
[2026-03-18T08:14:42.377+0000] {processor.py:927} WARNING - No viable dags retrieved from /home/komal/data-engineering-projects/airflow-spark-pipeline/airflow_venv/lib/python3.11/site-packages/airflow/example_dags/plugins/decreasing_priority_weight_strategy.py
[2026-03-18T08:14:42.394+0000] {processor.py:208} INFO - Processing /home/komal/data-engineering-projects/airflow-spark-pipeline/airflow_venv/lib/python3.11/site-packages/airflow/example_dags/plugins/decreasing_priority_weight_strategy.py took 0.067 seconds
[2026-03-18T08:15:45.442+0000] {processor.py:186} INFO - Started process (PID=35801) to work on /home/komal/data-engineering-projects/airflow-spark-pipeline/airflow_venv/lib/python3.11/site-packages/airflow/example_dags/plugins/decreasing_priority_weight_strategy.py
[2026-03-18T08:15:45.473+0000] {processor.py:914} INFO - Processing file /home/komal/data-engineering-projects/airflow-spark-pipeline/airflow_venv/lib/python3.11/site-packages/airflow/example_dags/plugins/decreasing_priority_weight_strategy.py for tasks to queue
[2026-03-18T08:15:45.477+0000] {logging_mixin.py:190} INFO - [2026-03-18T08:15:45.476+0000] {dagbag.py:588} INFO - Filling up the DagBag from /home/komal/data-engineering-projects/airflow-spark-pipeline/airflow_venv/lib/python3.11/site-packages/airflow/example_dags/plugins/decreasing_priority_weight_strategy.py
[2026-03-18T08:15:45.480+0000] {processor.py:927} WARNING - No viable dags retrieved from /home/komal/data-engineering-projects/airflow-spark-pipeline/airflow_venv/lib/python3.11/site-packages/airflow/example_dags/plugins/decreasing_priority_weight_strategy.py
[2026-03-18T08:15:45.498+0000] {processor.py:208} INFO - Processing /home/komal/data-engineering-projects/airflow-spark-pipeline/airflow_venv/lib/python3.11/site-packages/airflow/example_dags/plugins/decreasing_priority_weight_strategy.py took 0.068 seconds
[2026-03-18T08:16:58.064+0000] {processor.py:186} INFO - Started process (PID=35866) to work on /home/komal/data-engineering-projects/airflow-spark-pipeline/airflow_venv/lib/python3.11/site-packages/airflow/example_dags/plugins/decreasing_priority_weight_strategy.py
[2026-03-18T08:16:58.066+0000] {processor.py:914} INFO - Processing file /home/komal/data-engineering-projects/airflow-spark-pipeline/airflow_venv/lib/python3.11/site-packages/airflow/example_dags/plugins/decreasing_priority_weight_strategy.py for tasks to queue
[2026-03-18T08:16:58.069+0000] {logging_mixin.py:190} INFO - [2026-03-18T08:16:58.068+0000] {dagbag.py:588} INFO - Filling up the DagBag from /home/komal/data-engineering-projects/airflow-spark-pipeline/airflow_venv/lib/python3.11/site-packages/airflow/example_dags/plugins/decreasing_priority_weight_strategy.py
[2026-03-18T08:16:58.071+0000] {processor.py:927} WARNING - No viable dags retrieved from /home/komal/data-engineering-projects/airflow-spark-pipeline/airflow_venv/lib/python3.11/site-packages/airflow/example_dags/plugins/decreasing_priority_weight_strategy.py
[2026-03-18T08:16:58.086+0000] {processor.py:208} INFO - Processing /home/komal/data-engineering-projects/airflow-spark-pipeline/airflow_venv/lib/python3.11/site-packages/airflow/example_dags/plugins/decreasing_priority_weight_strategy.py took 0.029 seconds
[2026-03-18T08:18:13.107+0000] {processor.py:186} INFO - Started process (PID=35938) to work on /home/komal/data-engineering-projects/airflow-spark-pipeline/airflow_venv/lib/python3.11/site-packages/airflow/example_dags/plugins/decreasing_priority_weight_strategy.py
[2026-03-18T08:18:13.141+0000] {processor.py:914} INFO - Processing file /home/komal/data-engineering-projects/airflow-spark-pipeline/airflow_venv/lib/python3.11/site-packages/airflow/example_dags/plugins/decreasing_priority_weight_strategy.py for tasks to queue
[2026-03-18T08:18:13.145+0000] {logging_mixin.py:190} INFO - [2026-03-18T08:18:13.145+0000] {dagbag.py:588} INFO - Filling up the DagBag from /home/komal/data-engineering-projects/airflow-spark-pipeline/airflow_venv/lib/python3.11/site-packages/airflow/example_dags/plugins/decreasing_priority_weight_strategy.py
[2026-03-18T08:18:13.150+0000] {processor.py:927} WARNING - No viable dags retrieved from /home/komal/data-engineering-projects/airflow-spark-pipeline/airflow_venv/lib/python3.11/site-packages/airflow/example_dags/plugins/decreasing_priority_weight_strategy.py
[2026-03-18T08:18:13.168+0000] {processor.py:208} INFO - Processing /home/komal/data-engineering-projects/airflow-spark-pipeline/airflow_venv/lib/python3.11/site-packages/airflow/example_dags/plugins/decreasing_priority_weight_strategy.py took 0.072 seconds
[2026-03-18T08:19:22.189+0000] {processor.py:186} INFO - Started process (PID=36013) to work on /home/komal/data-engineering-projects/airflow-spark-pipeline/airflow_venv/lib/python3.11/site-packages/airflow/example_dags/plugins/decreasing_priority_weight_strategy.py
[2026-03-18T08:19:22.190+0000] {processor.py:914} INFO - Processing file /home/komal/data-engineering-projects/airflow-spark-pipeline/airflow_venv/lib/python3.11/site-packages/airflow/example_dags/plugins/decreasing_priority_weight_strategy.py for tasks to queue
[2026-03-18T08:19:22.191+0000] {logging_mixin.py:190} INFO - [2026-03-18T08:19:22.191+0000] {dagbag.py:588} INFO - Filling up the DagBag from /home/komal/data-engineering-projects/airflow-spark-pipeline/airflow_venv/lib/python3.11/site-packages/airflow/example_dags/plugins/decreasing_priority_weight_strategy.py
[2026-03-18T08:19:22.193+0000] {processor.py:927} WARNING - No viable dags retrieved from /home/komal/data-engineering-projects/airflow-spark-pipeline/airflow_venv/lib/python3.11/site-packages/airflow/example_dags/plugins/decreasing_priority_weight_strategy.py
[2026-03-18T08:19:22.201+0000] {processor.py:208} INFO - Processing /home/komal/data-engineering-projects/airflow-spark-pipeline/airflow_venv/lib/python3.11/site-packages/airflow/example_dags/plugins/decreasing_priority_weight_strategy.py took 0.016 seconds
[2026-03-18T08:20:23.279+0000] {processor.py:186} INFO - Started process (PID=36078) to work on /home/komal/data-engineering-projects/airflow-spark-pipeline/airflow_venv/lib/python3.11/site-packages/airflow/example_dags/plugins/decreasing_priority_weight_strategy.py
[2026-03-18T08:20:23.283+0000] {processor.py:914} INFO - Processing file /home/komal/data-engineering-projects/airflow-spark-pipeline/airflow_venv/lib/python3.11/site-packages/airflow/example_dags/plugins/decreasing_priority_weight_strategy.py for tasks to queue
[2026-03-18T08:20:23.301+0000] {logging_mixin.py:190} INFO - [2026-03-18T08:20:23.299+0000] {dagbag.py:588} INFO - Filling up the DagBag from /home/komal/data-engineering-projects/airflow-spark-pipeline/airflow_venv/lib/python3.11/site-packages/airflow/example_dags/plugins/decreasing_priority_weight_strategy.py
[2026-03-18T08:20:23.306+0000] {processor.py:927} WARNING - No viable dags retrieved from /home/komal/data-engineering-projects/airflow-spark-pipeline/airflow_venv/lib/python3.11/site-packages/airflow/example_dags/plugins/decreasing_priority_weight_strategy.py
[2026-03-18T08:20:23.363+0000] {processor.py:208} INFO - Processing /home/komal/data-engineering-projects/airflow-spark-pipeline/airflow_venv/lib/python3.11/site-packages/airflow/example_dags/plugins/decreasing_priority_weight_strategy.py took 0.117 seconds
[2026-03-18T13:41:03.728+0000] {processor.py:186} INFO - Started process (PID=36123) to work on /home/komal/data-engineering-projects/airflow-spark-pipeline/airflow_venv/lib/python3.11/site-packages/airflow/example_dags/plugins/decreasing_priority_weight_strategy.py
[2026-03-18T13:41:03.760+0000] {processor.py:914} INFO - Processing file /home/komal/data-engineering-projects/airflow-spark-pipeline/airflow_venv/lib/python3.11/site-packages/airflow/example_dags/plugins/decreasing_priority_weight_strategy.py for tasks to queue
[2026-03-18T13:41:03.765+0000] {logging_mixin.py:190} INFO - [2026-03-18T13:41:03.764+0000] {dagbag.py:588} INFO - Filling up the DagBag from /home/komal/data-engineering-projects/airflow-spark-pipeline/airflow_venv/lib/python3.11/site-packages/airflow/example_dags/plugins/decreasing_priority_weight_strategy.py
[2026-03-18T13:41:03.769+0000] {processor.py:927} WARNING - No viable dags retrieved from /home/komal/data-engineering-projects/airflow-spark-pipeline/airflow_venv/lib/python3.11/site-packages/airflow/example_dags/plugins/decreasing_priority_weight_strategy.py
[2026-03-18T13:41:03.789+0000] {processor.py:208} INFO - Processing /home/komal/data-engineering-projects/airflow-spark-pipeline/airflow_venv/lib/python3.11/site-packages/airflow/example_dags/plugins/decreasing_priority_weight_strategy.py took 0.074 seconds
[2026-03-18T13:41:59.835+0000] {processor.py:186} INFO - Started process (PID=36182) to work on /home/komal/data-engineering-projects/airflow-spark-pipeline/airflow_venv/lib/python3.11/site-packages/airflow/example_dags/plugins/decreasing_priority_weight_strategy.py
[2026-03-18T13:41:59.867+0000] {processor.py:914} INFO - Processing file /home/komal/data-engineering-projects/airflow-spark-pipeline/airflow_venv/lib/python3.11/site-packages/airflow/example_dags/plugins/decreasing_priority_weight_strategy.py for tasks to queue
[2026-03-18T13:41:59.871+0000] {logging_mixin.py:190} INFO - [2026-03-18T13:41:59.870+0000] {dagbag.py:588} INFO - Filling up the DagBag from /home/komal/data-engineering-projects/airflow-spark-pipeline/airflow_venv/lib/python3.11/site-packages/airflow/example_dags/plugins/decreasing_priority_weight_strategy.py
[2026-03-18T13:41:59.874+0000] {processor.py:927} WARNING - No viable dags retrieved from /home/komal/data-engineering-projects/airflow-spark-pipeline/airflow_venv/lib/python3.11/site-packages/airflow/example_dags/plugins/decreasing_priority_weight_strategy.py
[2026-03-18T13:41:59.885+0000] {processor.py:208} INFO - Processing /home/komal/data-engineering-projects/airflow-spark-pipeline/airflow_venv/lib/python3.11/site-packages/airflow/example_dags/plugins/decreasing_priority_weight_strategy.py took 0.059 seconds
[2026-03-18T13:43:02.995+0000] {processor.py:186} INFO - Started process (PID=36276) to work on /home/komal/data-engineering-projects/airflow-spark-pipeline/airflow_venv/lib/python3.11/site-packages/airflow/example_dags/plugins/decreasing_priority_weight_strategy.py
[2026-03-18T13:43:03.028+0000] {processor.py:914} INFO - Processing file /home/komal/data-engineering-projects/airflow-spark-pipeline/airflow_venv/lib/python3.11/site-packages/airflow/example_dags/plugins/decreasing_priority_weight_strategy.py for tasks to queue
[2026-03-18T13:43:03.030+0000] {logging_mixin.py:190} INFO - [2026-03-18T13:43:03.029+0000] {dagbag.py:588} INFO - Filling up the DagBag from /home/komal/data-engineering-projects/airflow-spark-pipeline/airflow_venv/lib/python3.11/site-packages/airflow/example_dags/plugins/decreasing_priority_weight_strategy.py
[2026-03-18T13:43:03.032+0000] {processor.py:927} WARNING - No viable dags retrieved from /home/komal/data-engineering-projects/airflow-spark-pipeline/airflow_venv/lib/python3.11/site-packages/airflow/example_dags/plugins/decreasing_priority_weight_strategy.py
[2026-03-18T13:43:03.039+0000] {processor.py:208} INFO - Processing /home/komal/data-engineering-projects/airflow-spark-pipeline/airflow_venv/lib/python3.11/site-packages/airflow/example_dags/plugins/decreasing_priority_weight_strategy.py took 0.050 seconds
[2026-03-18T13:44:10.263+0000] {processor.py:186} INFO - Started process (PID=36342) to work on /home/komal/data-engineering-projects/airflow-spark-pipeline/airflow_venv/lib/python3.11/site-packages/airflow/example_dags/plugins/decreasing_priority_weight_strategy.py
[2026-03-18T13:44:10.265+0000] {processor.py:914} INFO - Processing file /home/komal/data-engineering-projects/airflow-spark-pipeline/airflow_venv/lib/python3.11/site-packages/airflow/example_dags/plugins/decreasing_priority_weight_strategy.py for tasks to queue
[2026-03-18T13:44:10.266+0000] {logging_mixin.py:190} INFO - [2026-03-18T13:44:10.266+0000] {dagbag.py:588} INFO - Filling up the DagBag from /home/komal/data-engineering-projects/airflow-spark-pipeline/airflow_venv/lib/python3.11/site-packages/airflow/example_dags/plugins/decreasing_priority_weight_strategy.py
[2026-03-18T13:44:10.268+0000] {processor.py:927} WARNING - No viable dags retrieved from /home/komal/data-engineering-projects/airflow-spark-pipeline/airflow_venv/lib/python3.11/site-packages/airflow/example_dags/plugins/decreasing_priority_weight_strategy.py
[2026-03-18T13:44:10.280+0000] {processor.py:208} INFO - Processing /home/komal/data-engineering-projects/airflow-spark-pipeline/airflow_venv/lib/python3.11/site-packages/airflow/example_dags/plugins/decreasing_priority_weight_strategy.py took 0.022 seconds
[2026-03-18T13:45:17.605+0000] {processor.py:186} INFO - Started process (PID=36406) to work on /home/komal/data-engineering-projects/airflow-spark-pipeline/airflow_venv/lib/python3.11/site-packages/airflow/example_dags/plugins/decreasing_priority_weight_strategy.py
[2026-03-18T13:45:17.609+0000] {processor.py:914} INFO - Processing file /home/komal/data-engineering-projects/airflow-spark-pipeline/airflow_venv/lib/python3.11/site-packages/airflow/example_dags/plugins/decreasing_priority_weight_strategy.py for tasks to queue
[2026-03-18T13:45:17.613+0000] {logging_mixin.py:190} INFO - [2026-03-18T13:45:17.612+0000] {dagbag.py:588} INFO - Filling up the DagBag from /home/komal/data-engineering-projects/airflow-spark-pipeline/airflow_venv/lib/python3.11/site-packages/airflow/example_dags/plugins/decreasing_priority_weight_strategy.py
[2026-03-18T13:45:17.618+0000] {processor.py:927} WARNING - No viable dags retrieved from /home/komal/data-engineering-projects/airflow-spark-pipeline/airflow_venv/lib/python3.11/site-packages/airflow/example_dags/plugins/decreasing_priority_weight_strategy.py
[2026-03-18T13:45:17.633+0000] {processor.py:208} INFO - Processing /home/komal/data-engineering-projects/airflow-spark-pipeline/airflow_venv/lib/python3.11/site-packages/airflow/example_dags/plugins/decreasing_priority_weight_strategy.py took 0.039 seconds
[2026-03-18T13:46:26.784+0000] {processor.py:186} INFO - Started process (PID=36473) to work on /home/komal/data-engineering-projects/airflow-spark-pipeline/airflow_venv/lib/python3.11/site-packages/airflow/example_dags/plugins/decreasing_priority_weight_strategy.py
[2026-03-18T13:46:26.816+0000] {processor.py:914} INFO - Processing file /home/komal/data-engineering-projects/airflow-spark-pipeline/airflow_venv/lib/python3.11/site-packages/airflow/example_dags/plugins/decreasing_priority_weight_strategy.py for tasks to queue
[2026-03-18T13:46:26.821+0000] {logging_mixin.py:190} INFO - [2026-03-18T13:46:26.820+0000] {dagbag.py:588} INFO - Filling up the DagBag from /home/komal/data-engineering-projects/airflow-spark-pipeline/airflow_venv/lib/python3.11/site-packages/airflow/example_dags/plugins/decreasing_priority_weight_strategy.py
[2026-03-18T13:46:26.825+0000] {processor.py:927} WARNING - No viable dags retrieved from /home/komal/data-engineering-projects/airflow-spark-pipeline/airflow_venv/lib/python3.11/site-packages/airflow/example_dags/plugins/decreasing_priority_weight_strategy.py
[2026-03-18T13:46:26.838+0000] {processor.py:208} INFO - Processing /home/komal/data-engineering-projects/airflow-spark-pipeline/airflow_venv/lib/python3.11/site-packages/airflow/example_dags/plugins/decreasing_priority_weight_strategy.py took 0.061 seconds
[2026-03-18T13:47:28.264+0000] {processor.py:186} INFO - Started process (PID=36534) to work on /home/komal/data-engineering-projects/airflow-spark-pipeline/airflow_venv/lib/python3.11/site-packages/airflow/example_dags/plugins/decreasing_priority_weight_strategy.py
[2026-03-18T13:47:28.297+0000] {processor.py:914} INFO - Processing file /home/komal/data-engineering-projects/airflow-spark-pipeline/airflow_venv/lib/python3.11/site-packages/airflow/example_dags/plugins/decreasing_priority_weight_strategy.py for tasks to queue
[2026-03-18T13:47:28.301+0000] {logging_mixin.py:190} INFO - [2026-03-18T13:47:28.300+0000] {dagbag.py:588} INFO - Filling up the DagBag from /home/komal/data-engineering-projects/airflow-spark-pipeline/airflow_venv/lib/python3.11/site-packages/airflow/example_dags/plugins/decreasing_priority_weight_strategy.py
[2026-03-18T13:47:28.304+0000] {processor.py:927} WARNING - No viable dags retrieved from /home/komal/data-engineering-projects/airflow-spark-pipeline/airflow_venv/lib/python3.11/site-packages/airflow/example_dags/plugins/decreasing_priority_weight_strategy.py
[2026-03-18T13:47:28.318+0000] {processor.py:208} INFO - Processing /home/komal/data-engineering-projects/airflow-spark-pipeline/airflow_venv/lib/python3.11/site-packages/airflow/example_dags/plugins/decreasing_priority_weight_strategy.py took 0.063 seconds
[2026-03-18T13:48:35.748+0000] {processor.py:186} INFO - Started process (PID=36597) to work on /home/komal/data-engineering-projects/airflow-spark-pipeline/airflow_venv/lib/python3.11/site-packages/airflow/example_dags/plugins/decreasing_priority_weight_strategy.py
[2026-03-18T13:48:35.780+0000] {processor.py:914} INFO - Processing file /home/komal/data-engineering-projects/airflow-spark-pipeline/airflow_venv/lib/python3.11/site-packages/airflow/example_dags/plugins/decreasing_priority_weight_strategy.py for tasks to queue
[2026-03-18T13:48:35.784+0000] {logging_mixin.py:190} INFO - [2026-03-18T13:48:35.784+0000] {dagbag.py:588} INFO - Filling up the DagBag from /home/komal/data-engineering-projects/airflow-spark-pipeline/airflow_venv/lib/python3.11/site-packages/airflow/example_dags/plugins/decreasing_priority_weight_strategy.py
[2026-03-18T13:48:35.789+0000] {processor.py:927} WARNING - No viable dags retrieved from /home/komal/data-engineering-projects/airflow-spark-pipeline/airflow_venv/lib/python3.11/site-packages/airflow/example_dags/plugins/decreasing_priority_weight_strategy.py
[2026-03-18T13:48:35.804+0000] {processor.py:208} INFO - Processing /home/komal/data-engineering-projects/airflow-spark-pipeline/airflow_venv/lib/python3.11/site-packages/airflow/example_dags/plugins/decreasing_priority_weight_strategy.py took 0.063 seconds
[2026-03-18T13:49:39.775+0000] {processor.py:186} INFO - Started process (PID=36659) to work on /home/komal/data-engineering-projects/airflow-spark-pipeline/airflow_venv/lib/python3.11/site-packages/airflow/example_dags/plugins/decreasing_priority_weight_strategy.py
[2026-03-18T13:49:39.808+0000] {processor.py:914} INFO - Processing file /home/komal/data-engineering-projects/airflow-spark-pipeline/airflow_venv/lib/python3.11/site-packages/airflow/example_dags/plugins/decreasing_priority_weight_strategy.py for tasks to queue
[2026-03-18T13:49:39.813+0000] {logging_mixin.py:190} INFO - [2026-03-18T13:49:39.812+0000] {dagbag.py:588} INFO - Filling up the DagBag from /home/komal/data-engineering-projects/airflow-spark-pipeline/airflow_venv/lib/python3.11/site-packages/airflow/example_dags/plugins/decreasing_priority_weight_strategy.py
[2026-03-18T13:49:39.818+0000] {processor.py:927} WARNING - No viable dags retrieved from /home/komal/data-engineering-projects/airflow-spark-pipeline/airflow_venv/lib/python3.11/site-packages/airflow/example_dags/plugins/decreasing_priority_weight_strategy.py
[2026-03-18T13:49:39.830+0000] {processor.py:208} INFO - Processing /home/komal/data-engineering-projects/airflow-spark-pipeline/airflow_venv/lib/python3.11/site-packages/airflow/example_dags/plugins/decreasing_priority_weight_strategy.py took 0.068 seconds
[2026-03-18T13:50:43.889+0000] {processor.py:186} INFO - Started process (PID=36724) to work on /home/komal/data-engineering-projects/airflow-spark-pipeline/airflow_venv/lib/python3.11/site-packages/airflow/example_dags/plugins/decreasing_priority_weight_strategy.py
[2026-03-18T13:50:43.923+0000] {processor.py:914} INFO - Processing file /home/komal/data-engineering-projects/airflow-spark-pipeline/airflow_venv/lib/python3.11/site-packages/airflow/example_dags/plugins/decreasing_priority_weight_strategy.py for tasks to queue
[2026-03-18T13:50:43.927+0000] {logging_mixin.py:190} INFO - [2026-03-18T13:50:43.926+0000] {dagbag.py:588} INFO - Filling up the DagBag from /home/komal/data-engineering-projects/airflow-spark-pipeline/airflow_venv/lib/python3.11/site-packages/airflow/example_dags/plugins/decreasing_priority_weight_strategy.py
[2026-03-18T13:50:43.930+0000] {processor.py:927} WARNING - No viable dags retrieved from /home/komal/data-engineering-projects/airflow-spark-pipeline/airflow_venv/lib/python3.11/site-packages/airflow/example_dags/plugins/decreasing_priority_weight_strategy.py
[2026-03-18T13:50:43.943+0000] {processor.py:208} INFO - Processing /home/komal/data-engineering-projects/airflow-spark-pipeline/airflow_venv/lib/python3.11/site-packages/airflow/example_dags/plugins/decreasing_priority_weight_strategy.py took 0.063 seconds
[2026-03-18T13:51:52.105+0000] {processor.py:186} INFO - Started process (PID=36789) to work on /home/komal/data-engineering-projects/airflow-spark-pipeline/airflow_venv/lib/python3.11/site-packages/airflow/example_dags/plugins/decreasing_priority_weight_strategy.py
[2026-03-18T13:51:52.138+0000] {processor.py:914} INFO - Processing file /home/komal/data-engineering-projects/airflow-spark-pipeline/airflow_venv/lib/python3.11/site-packages/airflow/example_dags/plugins/decreasing_priority_weight_strategy.py for tasks to queue
[2026-03-18T13:51:52.141+0000] {logging_mixin.py:190} INFO - [2026-03-18T13:51:52.141+0000] {dagbag.py:588} INFO - Filling up the DagBag from /home/komal/data-engineering-projects/airflow-spark-pipeline/airflow_venv/lib/python3.11/site-packages/airflow/example_dags/plugins/decreasing_priority_weight_strategy.py
[2026-03-18T13:51:52.143+0000] {processor.py:927} WARNING - No viable dags retrieved from /home/komal/data-engineering-projects/airflow-spark-pipeline/airflow_venv/lib/python3.11/site-packages/airflow/example_dags/plugins/decreasing_priority_weight_strategy.py
[2026-03-18T13:51:52.160+0000] {processor.py:208} INFO - Processing /home/komal/data-engineering-projects/airflow-spark-pipeline/airflow_venv/lib/python3.11/site-packages/airflow/example_dags/plugins/decreasing_priority_weight_strategy.py took 0.062 seconds
[2026-03-18T13:52:54.974+0000] {processor.py:186} INFO - Started process (PID=36851) to work on /home/komal/data-engineering-projects/airflow-spark-pipeline/airflow_venv/lib/python3.11/site-packages/airflow/example_dags/plugins/decreasing_priority_weight_strategy.py
[2026-03-18T13:52:55.005+0000] {processor.py:914} INFO - Processing file /home/komal/data-engineering-projects/airflow-spark-pipeline/airflow_venv/lib/python3.11/site-packages/airflow/example_dags/plugins/decreasing_priority_weight_strategy.py for tasks to queue
[2026-03-18T13:52:55.008+0000] {logging_mixin.py:190} INFO - [2026-03-18T13:52:55.008+0000] {dagbag.py:588} INFO - Filling up the DagBag from /home/komal/data-engineering-projects/airflow-spark-pipeline/airflow_venv/lib/python3.11/site-packages/airflow/example_dags/plugins/decreasing_priority_weight_strategy.py
[2026-03-18T13:52:55.011+0000] {processor.py:927} WARNING - No viable dags retrieved from /home/komal/data-engineering-projects/airflow-spark-pipeline/airflow_venv/lib/python3.11/site-packages/airflow/example_dags/plugins/decreasing_priority_weight_strategy.py
[2026-03-18T13:52:55.020+0000] {processor.py:208} INFO - Processing /home/komal/data-engineering-projects/airflow-spark-pipeline/airflow_venv/lib/python3.11/site-packages/airflow/example_dags/plugins/decreasing_priority_weight_strategy.py took 0.050 seconds
[2026-03-18T13:54:03.287+0000] {processor.py:186} INFO - Started process (PID=36914) to work on /home/komal/data-engineering-projects/airflow-spark-pipeline/airflow_venv/lib/python3.11/site-packages/airflow/example_dags/plugins/decreasing_priority_weight_strategy.py
[2026-03-18T13:54:03.319+0000] {processor.py:914} INFO - Processing file /home/komal/data-engineering-projects/airflow-spark-pipeline/airflow_venv/lib/python3.11/site-packages/airflow/example_dags/plugins/decreasing_priority_weight_strategy.py for tasks to queue
[2026-03-18T13:54:03.323+0000] {logging_mixin.py:190} INFO - [2026-03-18T13:54:03.323+0000] {dagbag.py:588} INFO - Filling up the DagBag from /home/komal/data-engineering-projects/airflow-spark-pipeline/airflow_venv/lib/python3.11/site-packages/airflow/example_dags/plugins/decreasing_priority_weight_strategy.py
[2026-03-18T13:54:03.329+0000] {processor.py:927} WARNING - No viable dags retrieved from /home/komal/data-engineering-projects/airflow-spark-pipeline/airflow_venv/lib/python3.11/site-packages/airflow/example_dags/plugins/decreasing_priority_weight_strategy.py
[2026-03-18T13:54:03.341+0000] {processor.py:208} INFO - Processing /home/komal/data-engineering-projects/airflow-spark-pipeline/airflow_venv/lib/python3.11/site-packages/airflow/example_dags/plugins/decreasing_priority_weight_strategy.py took 0.063 seconds
[2026-03-18T13:55:10.146+0000] {processor.py:186} INFO - Started process (PID=36979) to work on /home/komal/data-engineering-projects/airflow-spark-pipeline/airflow_venv/lib/python3.11/site-packages/airflow/example_dags/plugins/decreasing_priority_weight_strategy.py
[2026-03-18T13:55:10.177+0000] {processor.py:914} INFO - Processing file /home/komal/data-engineering-projects/airflow-spark-pipeline/airflow_venv/lib/python3.11/site-packages/airflow/example_dags/plugins/decreasing_priority_weight_strategy.py for tasks to queue
[2026-03-18T13:55:10.179+0000] {logging_mixin.py:190} INFO - [2026-03-18T13:55:10.179+0000] {dagbag.py:588} INFO - Filling up the DagBag from /home/komal/data-engineering-projects/airflow-spark-pipeline/airflow_venv/lib/python3.11/site-packages/airflow/example_dags/plugins/decreasing_priority_weight_strategy.py
[2026-03-18T13:55:10.181+0000] {processor.py:927} WARNING - No viable dags retrieved from /home/komal/data-engineering-projects/airflow-spark-pipeline/airflow_venv/lib/python3.11/site-packages/airflow/example_dags/plugins/decreasing_priority_weight_strategy.py
[2026-03-18T13:55:10.190+0000] {processor.py:208} INFO - Processing /home/komal/data-engineering-projects/airflow-spark-pipeline/airflow_venv/lib/python3.11/site-packages/airflow/example_dags/plugins/decreasing_priority_weight_strategy.py took 0.056 seconds
[2026-03-18T13:56:15.816+0000] {processor.py:186} INFO - Started process (PID=37042) to work on /home/komal/data-engineering-projects/airflow-spark-pipeline/airflow_venv/lib/python3.11/site-packages/airflow/example_dags/plugins/decreasing_priority_weight_strategy.py
[2026-03-18T13:56:15.849+0000] {processor.py:914} INFO - Processing file /home/komal/data-engineering-projects/airflow-spark-pipeline/airflow_venv/lib/python3.11/site-packages/airflow/example_dags/plugins/decreasing_priority_weight_strategy.py for tasks to queue
[2026-03-18T13:56:15.853+0000] {logging_mixin.py:190} INFO - [2026-03-18T13:56:15.852+0000] {dagbag.py:588} INFO - Filling up the DagBag from /home/komal/data-engineering-projects/airflow-spark-pipeline/airflow_venv/lib/python3.11/site-packages/airflow/example_dags/plugins/decreasing_priority_weight_strategy.py
[2026-03-18T13:56:15.857+0000] {processor.py:927} WARNING - No viable dags retrieved from /home/komal/data-engineering-projects/airflow-spark-pipeline/airflow_venv/lib/python3.11/site-packages/airflow/example_dags/plugins/decreasing_priority_weight_strategy.py
[2026-03-18T13:56:15.871+0000] {processor.py:208} INFO - Processing /home/komal/data-engineering-projects/airflow-spark-pipeline/airflow_venv/lib/python3.11/site-packages/airflow/example_dags/plugins/decreasing_priority_weight_strategy.py took 0.067 seconds
[2026-03-18T13:57:23.646+0000] {processor.py:186} INFO - Started process (PID=37108) to work on /home/komal/data-engineering-projects/airflow-spark-pipeline/airflow_venv/lib/python3.11/site-packages/airflow/example_dags/plugins/decreasing_priority_weight_strategy.py
[2026-03-18T13:57:23.679+0000] {processor.py:914} INFO - Processing file /home/komal/data-engineering-projects/airflow-spark-pipeline/airflow_venv/lib/python3.11/site-packages/airflow/example_dags/plugins/decreasing_priority_weight_strategy.py for tasks to queue
[2026-03-18T13:57:23.683+0000] {logging_mixin.py:190} INFO - [2026-03-18T13:57:23.682+0000] {dagbag.py:588} INFO - Filling up the DagBag from /home/komal/data-engineering-projects/airflow-spark-pipeline/airflow_venv/lib/python3.11/site-packages/airflow/example_dags/plugins/decreasing_priority_weight_strategy.py
[2026-03-18T13:57:23.686+0000] {processor.py:927} WARNING - No viable dags retrieved from /home/komal/data-engineering-projects/airflow-spark-pipeline/airflow_venv/lib/python3.11/site-packages/airflow/example_dags/plugins/decreasing_priority_weight_strategy.py
[2026-03-18T13:57:23.701+0000] {processor.py:208} INFO - Processing /home/komal/data-engineering-projects/airflow-spark-pipeline/airflow_venv/lib/python3.11/site-packages/airflow/example_dags/plugins/decreasing_priority_weight_strategy.py took 0.065 seconds
[2026-03-18T13:58:34.882+0000] {processor.py:186} INFO - Started process (PID=37174) to work on /home/komal/data-engineering-projects/airflow-spark-pipeline/airflow_venv/lib/python3.11/site-packages/airflow/example_dags/plugins/decreasing_priority_weight_strategy.py
[2026-03-18T13:58:34.884+0000] {processor.py:914} INFO - Processing file /home/komal/data-engineering-projects/airflow-spark-pipeline/airflow_venv/lib/python3.11/site-packages/airflow/example_dags/plugins/decreasing_priority_weight_strategy.py for tasks to queue
[2026-03-18T13:58:34.885+0000] {logging_mixin.py:190} INFO - [2026-03-18T13:58:34.885+0000] {dagbag.py:588} INFO - Filling up the DagBag from /home/komal/data-engineering-projects/airflow-spark-pipeline/airflow_venv/lib/python3.11/site-packages/airflow/example_dags/plugins/decreasing_priority_weight_strategy.py
[2026-03-18T13:58:34.887+0000] {processor.py:927} WARNING - No viable dags retrieved from /home/komal/data-engineering-projects/airflow-spark-pipeline/airflow_venv/lib/python3.11/site-packages/airflow/example_dags/plugins/decreasing_priority_weight_strategy.py
[2026-03-18T13:58:34.895+0000] {processor.py:208} INFO - Processing /home/komal/data-engineering-projects/airflow-spark-pipeline/airflow_venv/lib/python3.11/site-packages/airflow/example_dags/plugins/decreasing_priority_weight_strategy.py took 0.020 seconds
[2026-03-18T14:01:41.230+0000] {processor.py:186} INFO - Started process (PID=37214) to work on /home/komal/data-engineering-projects/airflow-spark-pipeline/airflow_venv/lib/python3.11/site-packages/airflow/example_dags/plugins/decreasing_priority_weight_strategy.py
[2026-03-18T14:01:41.261+0000] {processor.py:914} INFO - Processing file /home/komal/data-engineering-projects/airflow-spark-pipeline/airflow_venv/lib/python3.11/site-packages/airflow/example_dags/plugins/decreasing_priority_weight_strategy.py for tasks to queue
[2026-03-18T14:01:41.264+0000] {logging_mixin.py:190} INFO - [2026-03-18T14:01:41.264+0000] {dagbag.py:588} INFO - Filling up the DagBag from /home/komal/data-engineering-projects/airflow-spark-pipeline/airflow_venv/lib/python3.11/site-packages/airflow/example_dags/plugins/decreasing_priority_weight_strategy.py
[2026-03-18T14:01:41.268+0000] {processor.py:927} WARNING - No viable dags retrieved from /home/komal/data-engineering-projects/airflow-spark-pipeline/airflow_venv/lib/python3.11/site-packages/airflow/example_dags/plugins/decreasing_priority_weight_strategy.py
[2026-03-18T14:01:41.279+0000] {processor.py:208} INFO - Processing /home/komal/data-engineering-projects/airflow-spark-pipeline/airflow_venv/lib/python3.11/site-packages/airflow/example_dags/plugins/decreasing_priority_weight_strategy.py took 0.055 seconds
[2026-03-18T14:02:32.453+0000] {processor.py:186} INFO - Started process (PID=37265) to work on /home/komal/data-engineering-projects/airflow-spark-pipeline/airflow_venv/lib/python3.11/site-packages/airflow/example_dags/plugins/decreasing_priority_weight_strategy.py
[2026-03-18T14:02:32.486+0000] {processor.py:914} INFO - Processing file /home/komal/data-engineering-projects/airflow-spark-pipeline/airflow_venv/lib/python3.11/site-packages/airflow/example_dags/plugins/decreasing_priority_weight_strategy.py for tasks to queue
[2026-03-18T14:02:32.490+0000] {logging_mixin.py:190} INFO - [2026-03-18T14:02:32.490+0000] {dagbag.py:588} INFO - Filling up the DagBag from /home/komal/data-engineering-projects/airflow-spark-pipeline/airflow_venv/lib/python3.11/site-packages/airflow/example_dags/plugins/decreasing_priority_weight_strategy.py
[2026-03-18T14:02:32.496+0000] {processor.py:927} WARNING - No viable dags retrieved from /home/komal/data-engineering-projects/airflow-spark-pipeline/airflow_venv/lib/python3.11/site-packages/airflow/example_dags/plugins/decreasing_priority_weight_strategy.py
[2026-03-18T14:02:32.517+0000] {processor.py:208} INFO - Processing /home/komal/data-engineering-projects/airflow-spark-pipeline/airflow_venv/lib/python3.11/site-packages/airflow/example_dags/plugins/decreasing_priority_weight_strategy.py took 0.072 seconds
[2026-03-18T14:03:31.000+0000] {processor.py:186} INFO - Started process (PID=37369) to work on /home/komal/data-engineering-projects/airflow-spark-pipeline/airflow_venv/lib/python3.11/site-packages/airflow/example_dags/plugins/decreasing_priority_weight_strategy.py
[2026-03-18T14:03:31.004+0000] {processor.py:914} INFO - Processing file /home/komal/data-engineering-projects/airflow-spark-pipeline/airflow_venv/lib/python3.11/site-packages/airflow/example_dags/plugins/decreasing_priority_weight_strategy.py for tasks to queue
[2026-03-18T14:03:31.008+0000] {logging_mixin.py:190} INFO - [2026-03-18T14:03:31.007+0000] {dagbag.py:588} INFO - Filling up the DagBag from /home/komal/data-engineering-projects/airflow-spark-pipeline/airflow_venv/lib/python3.11/site-packages/airflow/example_dags/plugins/decreasing_priority_weight_strategy.py
[2026-03-18T14:03:31.010+0000] {processor.py:927} WARNING - No viable dags retrieved from /home/komal/data-engineering-projects/airflow-spark-pipeline/airflow_venv/lib/python3.11/site-packages/airflow/example_dags/plugins/decreasing_priority_weight_strategy.py
[2026-03-18T14:03:31.018+0000] {processor.py:208} INFO - Processing /home/komal/data-engineering-projects/airflow-spark-pipeline/airflow_venv/lib/python3.11/site-packages/airflow/example_dags/plugins/decreasing_priority_weight_strategy.py took 0.026 seconds
[2026-03-18T14:04:32.011+0000] {processor.py:186} INFO - Started process (PID=37431) to work on /home/komal/data-engineering-projects/airflow-spark-pipeline/airflow_venv/lib/python3.11/site-packages/airflow/example_dags/plugins/decreasing_priority_weight_strategy.py
[2026-03-18T14:04:32.014+0000] {processor.py:914} INFO - Processing file /home/komal/data-engineering-projects/airflow-spark-pipeline/airflow_venv/lib/python3.11/site-packages/airflow/example_dags/plugins/decreasing_priority_weight_strategy.py for tasks to queue
[2026-03-18T14:04:32.016+0000] {logging_mixin.py:190} INFO - [2026-03-18T14:04:32.016+0000] {dagbag.py:588} INFO - Filling up the DagBag from /home/komal/data-engineering-projects/airflow-spark-pipeline/airflow_venv/lib/python3.11/site-packages/airflow/example_dags/plugins/decreasing_priority_weight_strategy.py
[2026-03-18T14:04:32.019+0000] {processor.py:927} WARNING - No viable dags retrieved from /home/komal/data-engineering-projects/airflow-spark-pipeline/airflow_venv/lib/python3.11/site-packages/airflow/example_dags/plugins/decreasing_priority_weight_strategy.py
[2026-03-18T14:04:32.027+0000] {processor.py:208} INFO - Processing /home/komal/data-engineering-projects/airflow-spark-pipeline/airflow_venv/lib/python3.11/site-packages/airflow/example_dags/plugins/decreasing_priority_weight_strategy.py took 0.023 seconds
[2026-03-18T14:05:33.671+0000] {processor.py:186} INFO - Started process (PID=37562) to work on /home/komal/data-engineering-projects/airflow-spark-pipeline/airflow_venv/lib/python3.11/site-packages/airflow/example_dags/plugins/decreasing_priority_weight_strategy.py
[2026-03-18T14:05:33.675+0000] {processor.py:914} INFO - Processing file /home/komal/data-engineering-projects/airflow-spark-pipeline/airflow_venv/lib/python3.11/site-packages/airflow/example_dags/plugins/decreasing_priority_weight_strategy.py for tasks to queue
[2026-03-18T14:05:33.678+0000] {logging_mixin.py:190} INFO - [2026-03-18T14:05:33.678+0000] {dagbag.py:588} INFO - Filling up the DagBag from /home/komal/data-engineering-projects/airflow-spark-pipeline/airflow_venv/lib/python3.11/site-packages/airflow/example_dags/plugins/decreasing_priority_weight_strategy.py
[2026-03-18T14:05:33.682+0000] {processor.py:927} WARNING - No viable dags retrieved from /home/komal/data-engineering-projects/airflow-spark-pipeline/airflow_venv/lib/python3.11/site-packages/airflow/example_dags/plugins/decreasing_priority_weight_strategy.py
[2026-03-18T14:05:33.697+0000] {processor.py:208} INFO - Processing /home/komal/data-engineering-projects/airflow-spark-pipeline/airflow_venv/lib/python3.11/site-packages/airflow/example_dags/plugins/decreasing_priority_weight_strategy.py took 0.036 seconds
[2026-03-18T16:34:52.280+0000] {processor.py:186} INFO - Started process (PID=37640) to work on /home/komal/data-engineering-projects/airflow-spark-pipeline/airflow_venv/lib/python3.11/site-packages/airflow/example_dags/plugins/decreasing_priority_weight_strategy.py
[2026-03-18T16:34:52.284+0000] {processor.py:914} INFO - Processing file /home/komal/data-engineering-projects/airflow-spark-pipeline/airflow_venv/lib/python3.11/site-packages/airflow/example_dags/plugins/decreasing_priority_weight_strategy.py for tasks to queue
[2026-03-18T16:34:52.287+0000] {logging_mixin.py:190} INFO - [2026-03-18T16:34:52.286+0000] {dagbag.py:588} INFO - Filling up the DagBag from /home/komal/data-engineering-projects/airflow-spark-pipeline/airflow_venv/lib/python3.11/site-packages/airflow/example_dags/plugins/decreasing_priority_weight_strategy.py
[2026-03-18T16:34:52.290+0000] {processor.py:927} WARNING - No viable dags retrieved from /home/komal/data-engineering-projects/airflow-spark-pipeline/airflow_venv/lib/python3.11/site-packages/airflow/example_dags/plugins/decreasing_priority_weight_strategy.py
[2026-03-18T16:34:52.300+0000] {processor.py:208} INFO - Processing /home/komal/data-engineering-projects/airflow-spark-pipeline/airflow_venv/lib/python3.11/site-packages/airflow/example_dags/plugins/decreasing_priority_weight_strategy.py took 0.031 seconds
[2026-03-18T16:36:03.763+0000] {processor.py:186} INFO - Started process (PID=37713) to work on /home/komal/data-engineering-projects/airflow-spark-pipeline/airflow_venv/lib/python3.11/site-packages/airflow/example_dags/plugins/decreasing_priority_weight_strategy.py
[2026-03-18T16:36:03.796+0000] {processor.py:914} INFO - Processing file /home/komal/data-engineering-projects/airflow-spark-pipeline/airflow_venv/lib/python3.11/site-packages/airflow/example_dags/plugins/decreasing_priority_weight_strategy.py for tasks to queue
[2026-03-18T16:36:03.800+0000] {logging_mixin.py:190} INFO - [2026-03-18T16:36:03.799+0000] {dagbag.py:588} INFO - Filling up the DagBag from /home/komal/data-engineering-projects/airflow-spark-pipeline/airflow_venv/lib/python3.11/site-packages/airflow/example_dags/plugins/decreasing_priority_weight_strategy.py
[2026-03-18T16:36:03.806+0000] {processor.py:927} WARNING - No viable dags retrieved from /home/komal/data-engineering-projects/airflow-spark-pipeline/airflow_venv/lib/python3.11/site-packages/airflow/example_dags/plugins/decreasing_priority_weight_strategy.py
[2026-03-18T16:36:03.819+0000] {processor.py:208} INFO - Processing /home/komal/data-engineering-projects/airflow-spark-pipeline/airflow_venv/lib/python3.11/site-packages/airflow/example_dags/plugins/decreasing_priority_weight_strategy.py took 0.066 seconds
[2026-03-18T16:37:11.018+0000] {processor.py:186} INFO - Started process (PID=37784) to work on /home/komal/data-engineering-projects/airflow-spark-pipeline/airflow_venv/lib/python3.11/site-packages/airflow/example_dags/plugins/decreasing_priority_weight_strategy.py
[2026-03-18T16:37:11.019+0000] {processor.py:914} INFO - Processing file /home/komal/data-engineering-projects/airflow-spark-pipeline/airflow_venv/lib/python3.11/site-packages/airflow/example_dags/plugins/decreasing_priority_weight_strategy.py for tasks to queue
[2026-03-18T16:37:11.029+0000] {logging_mixin.py:190} INFO - [2026-03-18T16:37:11.028+0000] {dagbag.py:588} INFO - Filling up the DagBag from /home/komal/data-engineering-projects/airflow-spark-pipeline/airflow_venv/lib/python3.11/site-packages/airflow/example_dags/plugins/decreasing_priority_weight_strategy.py
[2026-03-18T16:37:11.031+0000] {processor.py:927} WARNING - No viable dags retrieved from /home/komal/data-engineering-projects/airflow-spark-pipeline/airflow_venv/lib/python3.11/site-packages/airflow/example_dags/plugins/decreasing_priority_weight_strategy.py
[2026-03-18T16:37:11.047+0000] {processor.py:208} INFO - Processing /home/komal/data-engineering-projects/airflow-spark-pipeline/airflow_venv/lib/python3.11/site-packages/airflow/example_dags/plugins/decreasing_priority_weight_strategy.py took 0.035 seconds
[2026-03-18T16:38:15.942+0000] {processor.py:186} INFO - Started process (PID=37847) to work on /home/komal/data-engineering-projects/airflow-spark-pipeline/airflow_venv/lib/python3.11/site-packages/airflow/example_dags/plugins/decreasing_priority_weight_strategy.py
[2026-03-18T16:38:15.973+0000] {processor.py:914} INFO - Processing file /home/komal/data-engineering-projects/airflow-spark-pipeline/airflow_venv/lib/python3.11/site-packages/airflow/example_dags/plugins/decreasing_priority_weight_strategy.py for tasks to queue
[2026-03-18T16:38:15.976+0000] {logging_mixin.py:190} INFO - [2026-03-18T16:38:15.976+0000] {dagbag.py:588} INFO - Filling up the DagBag from /home/komal/data-engineering-projects/airflow-spark-pipeline/airflow_venv/lib/python3.11/site-packages/airflow/example_dags/plugins/decreasing_priority_weight_strategy.py
[2026-03-18T16:38:15.980+0000] {processor.py:927} WARNING - No viable dags retrieved from /home/komal/data-engineering-projects/airflow-spark-pipeline/airflow_venv/lib/python3.11/site-packages/airflow/example_dags/plugins/decreasing_priority_weight_strategy.py
[2026-03-18T16:38:15.990+0000] {processor.py:208} INFO - Processing /home/komal/data-engineering-projects/airflow-spark-pipeline/airflow_venv/lib/python3.11/site-packages/airflow/example_dags/plugins/decreasing_priority_weight_strategy.py took 0.054 seconds
[2026-03-18T16:39:22.431+0000] {processor.py:186} INFO - Started process (PID=37910) to work on /home/komal/data-engineering-projects/airflow-spark-pipeline/airflow_venv/lib/python3.11/site-packages/airflow/example_dags/plugins/decreasing_priority_weight_strategy.py
[2026-03-18T16:39:22.464+0000] {processor.py:914} INFO - Processing file /home/komal/data-engineering-projects/airflow-spark-pipeline/airflow_venv/lib/python3.11/site-packages/airflow/example_dags/plugins/decreasing_priority_weight_strategy.py for tasks to queue
[2026-03-18T16:39:22.468+0000] {logging_mixin.py:190} INFO - [2026-03-18T16:39:22.468+0000] {dagbag.py:588} INFO - Filling up the DagBag from /home/komal/data-engineering-projects/airflow-spark-pipeline/airflow_venv/lib/python3.11/site-packages/airflow/example_dags/plugins/decreasing_priority_weight_strategy.py
[2026-03-18T16:39:22.473+0000] {processor.py:927} WARNING - No viable dags retrieved from /home/komal/data-engineering-projects/airflow-spark-pipeline/airflow_venv/lib/python3.11/site-packages/airflow/example_dags/plugins/decreasing_priority_weight_strategy.py
[2026-03-18T16:39:22.495+0000] {processor.py:208} INFO - Processing /home/komal/data-engineering-projects/airflow-spark-pipeline/airflow_venv/lib/python3.11/site-packages/airflow/example_dags/plugins/decreasing_priority_weight_strategy.py took 0.075 seconds
[2026-03-18T16:40:27.356+0000] {processor.py:186} INFO - Started process (PID=37973) to work on /home/komal/data-engineering-projects/airflow-spark-pipeline/airflow_venv/lib/python3.11/site-packages/airflow/example_dags/plugins/decreasing_priority_weight_strategy.py
[2026-03-18T16:40:27.390+0000] {processor.py:914} INFO - Processing file /home/komal/data-engineering-projects/airflow-spark-pipeline/airflow_venv/lib/python3.11/site-packages/airflow/example_dags/plugins/decreasing_priority_weight_strategy.py for tasks to queue
[2026-03-18T16:40:27.393+0000] {logging_mixin.py:190} INFO - [2026-03-18T16:40:27.393+0000] {dagbag.py:588} INFO - Filling up the DagBag from /home/komal/data-engineering-projects/airflow-spark-pipeline/airflow_venv/lib/python3.11/site-packages/airflow/example_dags/plugins/decreasing_priority_weight_strategy.py
[2026-03-18T16:40:27.397+0000] {processor.py:927} WARNING - No viable dags retrieved from /home/komal/data-engineering-projects/airflow-spark-pipeline/airflow_venv/lib/python3.11/site-packages/airflow/example_dags/plugins/decreasing_priority_weight_strategy.py
[2026-03-18T16:40:27.412+0000] {processor.py:208} INFO - Processing /home/komal/data-engineering-projects/airflow-spark-pipeline/airflow_venv/lib/python3.11/site-packages/airflow/example_dags/plugins/decreasing_priority_weight_strategy.py took 0.066 seconds
[2026-03-18T16:41:33.195+0000] {processor.py:186} INFO - Started process (PID=38043) to work on /home/komal/data-engineering-projects/airflow-spark-pipeline/airflow_venv/lib/python3.11/site-packages/airflow/example_dags/plugins/decreasing_priority_weight_strategy.py
[2026-03-18T16:41:33.221+0000] {processor.py:914} INFO - Processing file /home/komal/data-engineering-projects/airflow-spark-pipeline/airflow_venv/lib/python3.11/site-packages/airflow/example_dags/plugins/decreasing_priority_weight_strategy.py for tasks to queue
[2026-03-18T16:41:33.225+0000] {logging_mixin.py:190} INFO - [2026-03-18T16:41:33.224+0000] {dagbag.py:588} INFO - Filling up the DagBag from /home/komal/data-engineering-projects/airflow-spark-pipeline/airflow_venv/lib/python3.11/site-packages/airflow/example_dags/plugins/decreasing_priority_weight_strategy.py
[2026-03-18T16:41:33.229+0000] {processor.py:927} WARNING - No viable dags retrieved from /home/komal/data-engineering-projects/airflow-spark-pipeline/airflow_venv/lib/python3.11/site-packages/airflow/example_dags/plugins/decreasing_priority_weight_strategy.py
[2026-03-18T16:41:33.241+0000] {processor.py:208} INFO - Processing /home/komal/data-engineering-projects/airflow-spark-pipeline/airflow_venv/lib/python3.11/site-packages/airflow/example_dags/plugins/decreasing_priority_weight_strategy.py took 0.057 seconds
[2026-03-18T16:42:43.035+0000] {processor.py:186} INFO - Started process (PID=38111) to work on /home/komal/data-engineering-projects/airflow-spark-pipeline/airflow_venv/lib/python3.11/site-packages/airflow/example_dags/plugins/decreasing_priority_weight_strategy.py
[2026-03-18T16:42:43.066+0000] {processor.py:914} INFO - Processing file /home/komal/data-engineering-projects/airflow-spark-pipeline/airflow_venv/lib/python3.11/site-packages/airflow/example_dags/plugins/decreasing_priority_weight_strategy.py for tasks to queue
[2026-03-18T16:42:43.070+0000] {logging_mixin.py:190} INFO - [2026-03-18T16:42:43.069+0000] {dagbag.py:588} INFO - Filling up the DagBag from /home/komal/data-engineering-projects/airflow-spark-pipeline/airflow_venv/lib/python3.11/site-packages/airflow/example_dags/plugins/decreasing_priority_weight_strategy.py
[2026-03-18T16:42:43.074+0000] {processor.py:927} WARNING - No viable dags retrieved from /home/komal/data-engineering-projects/airflow-spark-pipeline/airflow_venv/lib/python3.11/site-packages/airflow/example_dags/plugins/decreasing_priority_weight_strategy.py
[2026-03-18T16:42:43.086+0000] {processor.py:208} INFO - Processing /home/komal/data-engineering-projects/airflow-spark-pipeline/airflow_venv/lib/python3.11/site-packages/airflow/example_dags/plugins/decreasing_priority_weight_strategy.py took 0.068 seconds
[2026-03-18T16:43:44.034+0000] {processor.py:186} INFO - Started process (PID=38173) to work on /home/komal/data-engineering-projects/airflow-spark-pipeline/airflow_venv/lib/python3.11/site-packages/airflow/example_dags/plugins/decreasing_priority_weight_strategy.py
[2026-03-18T16:43:44.038+0000] {processor.py:914} INFO - Processing file /home/komal/data-engineering-projects/airflow-spark-pipeline/airflow_venv/lib/python3.11/site-packages/airflow/example_dags/plugins/decreasing_priority_weight_strategy.py for tasks to queue
[2026-03-18T16:43:44.047+0000] {logging_mixin.py:190} INFO - [2026-03-18T16:43:44.046+0000] {dagbag.py:588} INFO - Filling up the DagBag from /home/komal/data-engineering-projects/airflow-spark-pipeline/airflow_venv/lib/python3.11/site-packages/airflow/example_dags/plugins/decreasing_priority_weight_strategy.py
[2026-03-18T16:43:44.051+0000] {processor.py:927} WARNING - No viable dags retrieved from /home/komal/data-engineering-projects/airflow-spark-pipeline/airflow_venv/lib/python3.11/site-packages/airflow/example_dags/plugins/decreasing_priority_weight_strategy.py
[2026-03-18T16:43:44.069+0000] {processor.py:208} INFO - Processing /home/komal/data-engineering-projects/airflow-spark-pipeline/airflow_venv/lib/python3.11/site-packages/airflow/example_dags/plugins/decreasing_priority_weight_strategy.py took 0.047 seconds
[2026-03-18T16:44:51.651+0000] {processor.py:186} INFO - Started process (PID=38239) to work on /home/komal/data-engineering-projects/airflow-spark-pipeline/airflow_venv/lib/python3.11/site-packages/airflow/example_dags/plugins/decreasing_priority_weight_strategy.py
[2026-03-18T16:44:51.677+0000] {processor.py:914} INFO - Processing file /home/komal/data-engineering-projects/airflow-spark-pipeline/airflow_venv/lib/python3.11/site-packages/airflow/example_dags/plugins/decreasing_priority_weight_strategy.py for tasks to queue
[2026-03-18T16:44:51.681+0000] {logging_mixin.py:190} INFO - [2026-03-18T16:44:51.680+0000] {dagbag.py:588} INFO - Filling up the DagBag from /home/komal/data-engineering-projects/airflow-spark-pipeline/airflow_venv/lib/python3.11/site-packages/airflow/example_dags/plugins/decreasing_priority_weight_strategy.py
[2026-03-18T16:44:51.685+0000] {processor.py:927} WARNING - No viable dags retrieved from /home/komal/data-engineering-projects/airflow-spark-pipeline/airflow_venv/lib/python3.11/site-packages/airflow/example_dags/plugins/decreasing_priority_weight_strategy.py
[2026-03-18T16:44:51.698+0000] {processor.py:208} INFO - Processing /home/komal/data-engineering-projects/airflow-spark-pipeline/airflow_venv/lib/python3.11/site-packages/airflow/example_dags/plugins/decreasing_priority_weight_strategy.py took 0.052 seconds
[2026-03-18T16:46:00.527+0000] {processor.py:186} INFO - Started process (PID=38304) to work on /home/komal/data-engineering-projects/airflow-spark-pipeline/airflow_venv/lib/python3.11/site-packages/airflow/example_dags/plugins/decreasing_priority_weight_strategy.py
[2026-03-18T16:46:00.559+0000] {processor.py:914} INFO - Processing file /home/komal/data-engineering-projects/airflow-spark-pipeline/airflow_venv/lib/python3.11/site-packages/airflow/example_dags/plugins/decreasing_priority_weight_strategy.py for tasks to queue
[2026-03-18T16:46:00.563+0000] {logging_mixin.py:190} INFO - [2026-03-18T16:46:00.562+0000] {dagbag.py:588} INFO - Filling up the DagBag from /home/komal/data-engineering-projects/airflow-spark-pipeline/airflow_venv/lib/python3.11/site-packages/airflow/example_dags/plugins/decreasing_priority_weight_strategy.py
[2026-03-18T16:46:00.568+0000] {processor.py:927} WARNING - No viable dags retrieved from /home/komal/data-engineering-projects/airflow-spark-pipeline/airflow_venv/lib/python3.11/site-packages/airflow/example_dags/plugins/decreasing_priority_weight_strategy.py
[2026-03-18T16:46:00.584+0000] {processor.py:208} INFO - Processing /home/komal/data-engineering-projects/airflow-spark-pipeline/airflow_venv/lib/python3.11/site-packages/airflow/example_dags/plugins/decreasing_priority_weight_strategy.py took 0.064 seconds
[2026-03-18T16:47:06.857+0000] {processor.py:186} INFO - Started process (PID=38368) to work on /home/komal/data-engineering-projects/airflow-spark-pipeline/airflow_venv/lib/python3.11/site-packages/airflow/example_dags/plugins/decreasing_priority_weight_strategy.py
[2026-03-18T16:47:06.860+0000] {processor.py:914} INFO - Processing file /home/komal/data-engineering-projects/airflow-spark-pipeline/airflow_venv/lib/python3.11/site-packages/airflow/example_dags/plugins/decreasing_priority_weight_strategy.py for tasks to queue
[2026-03-18T16:47:06.862+0000] {logging_mixin.py:190} INFO - [2026-03-18T16:47:06.862+0000] {dagbag.py:588} INFO - Filling up the DagBag from /home/komal/data-engineering-projects/airflow-spark-pipeline/airflow_venv/lib/python3.11/site-packages/airflow/example_dags/plugins/decreasing_priority_weight_strategy.py
[2026-03-18T16:47:06.870+0000] {processor.py:927} WARNING - No viable dags retrieved from /home/komal/data-engineering-projects/airflow-spark-pipeline/airflow_venv/lib/python3.11/site-packages/airflow/example_dags/plugins/decreasing_priority_weight_strategy.py
[2026-03-18T16:47:06.880+0000] {processor.py:208} INFO - Processing /home/komal/data-engineering-projects/airflow-spark-pipeline/airflow_venv/lib/python3.11/site-packages/airflow/example_dags/plugins/decreasing_priority_weight_strategy.py took 0.027 seconds
[2026-03-18T16:48:14.015+0000] {processor.py:186} INFO - Started process (PID=38432) to work on /home/komal/data-engineering-projects/airflow-spark-pipeline/airflow_venv/lib/python3.11/site-packages/airflow/example_dags/plugins/decreasing_priority_weight_strategy.py
[2026-03-18T16:48:14.018+0000] {processor.py:914} INFO - Processing file /home/komal/data-engineering-projects/airflow-spark-pipeline/airflow_venv/lib/python3.11/site-packages/airflow/example_dags/plugins/decreasing_priority_weight_strategy.py for tasks to queue
[2026-03-18T16:48:14.020+0000] {logging_mixin.py:190} INFO - [2026-03-18T16:48:14.020+0000] {dagbag.py:588} INFO - Filling up the DagBag from /home/komal/data-engineering-projects/airflow-spark-pipeline/airflow_venv/lib/python3.11/site-packages/airflow/example_dags/plugins/decreasing_priority_weight_strategy.py
[2026-03-18T16:48:14.022+0000] {processor.py:927} WARNING - No viable dags retrieved from /home/komal/data-engineering-projects/airflow-spark-pipeline/airflow_venv/lib/python3.11/site-packages/airflow/example_dags/plugins/decreasing_priority_weight_strategy.py
[2026-03-18T16:48:14.034+0000] {processor.py:208} INFO - Processing /home/komal/data-engineering-projects/airflow-spark-pipeline/airflow_venv/lib/python3.11/site-packages/airflow/example_dags/plugins/decreasing_priority_weight_strategy.py took 0.028 seconds
[2026-03-18T16:49:18.719+0000] {processor.py:186} INFO - Started process (PID=38497) to work on /home/komal/data-engineering-projects/airflow-spark-pipeline/airflow_venv/lib/python3.11/site-packages/airflow/example_dags/plugins/decreasing_priority_weight_strategy.py
[2026-03-18T16:49:18.752+0000] {processor.py:914} INFO - Processing file /home/komal/data-engineering-projects/airflow-spark-pipeline/airflow_venv/lib/python3.11/site-packages/airflow/example_dags/plugins/decreasing_priority_weight_strategy.py for tasks to queue
[2026-03-18T16:49:18.756+0000] {logging_mixin.py:190} INFO - [2026-03-18T16:49:18.755+0000] {dagbag.py:588} INFO - Filling up the DagBag from /home/komal/data-engineering-projects/airflow-spark-pipeline/airflow_venv/lib/python3.11/site-packages/airflow/example_dags/plugins/decreasing_priority_weight_strategy.py
[2026-03-18T16:49:18.760+0000] {processor.py:927} WARNING - No viable dags retrieved from /home/komal/data-engineering-projects/airflow-spark-pipeline/airflow_venv/lib/python3.11/site-packages/airflow/example_dags/plugins/decreasing_priority_weight_strategy.py
[2026-03-18T16:49:18.776+0000] {processor.py:208} INFO - Processing /home/komal/data-engineering-projects/airflow-spark-pipeline/airflow_venv/lib/python3.11/site-packages/airflow/example_dags/plugins/decreasing_priority_weight_strategy.py took 0.069 seconds
[2026-03-18T16:51:43.629+0000] {processor.py:186} INFO - Started process (PID=38537) to work on /home/komal/data-engineering-projects/airflow-spark-pipeline/airflow_venv/lib/python3.11/site-packages/airflow/example_dags/plugins/decreasing_priority_weight_strategy.py
[2026-03-18T16:51:43.662+0000] {processor.py:914} INFO - Processing file /home/komal/data-engineering-projects/airflow-spark-pipeline/airflow_venv/lib/python3.11/site-packages/airflow/example_dags/plugins/decreasing_priority_weight_strategy.py for tasks to queue
[2026-03-18T16:51:43.666+0000] {logging_mixin.py:190} INFO - [2026-03-18T16:51:43.665+0000] {dagbag.py:588} INFO - Filling up the DagBag from /home/komal/data-engineering-projects/airflow-spark-pipeline/airflow_venv/lib/python3.11/site-packages/airflow/example_dags/plugins/decreasing_priority_weight_strategy.py
[2026-03-18T16:51:43.671+0000] {processor.py:927} WARNING - No viable dags retrieved from /home/komal/data-engineering-projects/airflow-spark-pipeline/airflow_venv/lib/python3.11/site-packages/airflow/example_dags/plugins/decreasing_priority_weight_strategy.py
[2026-03-18T16:51:43.682+0000] {processor.py:208} INFO - Processing /home/komal/data-engineering-projects/airflow-spark-pipeline/airflow_venv/lib/python3.11/site-packages/airflow/example_dags/plugins/decreasing_priority_weight_strategy.py took 0.060 seconds
[2026-03-18T16:52:46.306+0000] {processor.py:186} INFO - Started process (PID=38599) to work on /home/komal/data-engineering-projects/airflow-spark-pipeline/airflow_venv/lib/python3.11/site-packages/airflow/example_dags/plugins/decreasing_priority_weight_strategy.py
[2026-03-18T16:52:46.320+0000] {processor.py:914} INFO - Processing file /home/komal/data-engineering-projects/airflow-spark-pipeline/airflow_venv/lib/python3.11/site-packages/airflow/example_dags/plugins/decreasing_priority_weight_strategy.py for tasks to queue
[2026-03-18T16:52:46.323+0000] {logging_mixin.py:190} INFO - [2026-03-18T16:52:46.322+0000] {dagbag.py:588} INFO - Filling up the DagBag from /home/komal/data-engineering-projects/airflow-spark-pipeline/airflow_venv/lib/python3.11/site-packages/airflow/example_dags/plugins/decreasing_priority_weight_strategy.py
[2026-03-18T16:52:46.326+0000] {processor.py:927} WARNING - No viable dags retrieved from /home/komal/data-engineering-projects/airflow-spark-pipeline/airflow_venv/lib/python3.11/site-packages/airflow/example_dags/plugins/decreasing_priority_weight_strategy.py
[2026-03-18T16:52:46.336+0000] {processor.py:208} INFO - Processing /home/komal/data-engineering-projects/airflow-spark-pipeline/airflow_venv/lib/python3.11/site-packages/airflow/example_dags/plugins/decreasing_priority_weight_strategy.py took 0.038 seconds
[2026-03-18T16:53:49.435+0000] {processor.py:186} INFO - Started process (PID=38662) to work on /home/komal/data-engineering-projects/airflow-spark-pipeline/airflow_venv/lib/python3.11/site-packages/airflow/example_dags/plugins/decreasing_priority_weight_strategy.py
[2026-03-18T16:53:49.440+0000] {processor.py:914} INFO - Processing file /home/komal/data-engineering-projects/airflow-spark-pipeline/airflow_venv/lib/python3.11/site-packages/airflow/example_dags/plugins/decreasing_priority_weight_strategy.py for tasks to queue
[2026-03-18T16:53:49.443+0000] {logging_mixin.py:190} INFO - [2026-03-18T16:53:49.442+0000] {dagbag.py:588} INFO - Filling up the DagBag from /home/komal/data-engineering-projects/airflow-spark-pipeline/airflow_venv/lib/python3.11/site-packages/airflow/example_dags/plugins/decreasing_priority_weight_strategy.py
[2026-03-18T16:53:49.446+0000] {processor.py:927} WARNING - No viable dags retrieved from /home/komal/data-engineering-projects/airflow-spark-pipeline/airflow_venv/lib/python3.11/site-packages/airflow/example_dags/plugins/decreasing_priority_weight_strategy.py
[2026-03-18T16:53:49.455+0000] {processor.py:208} INFO - Processing /home/komal/data-engineering-projects/airflow-spark-pipeline/airflow_venv/lib/python3.11/site-packages/airflow/example_dags/plugins/decreasing_priority_weight_strategy.py took 0.029 seconds
[2026-03-18T16:54:57.114+0000] {processor.py:186} INFO - Started process (PID=38730) to work on /home/komal/data-engineering-projects/airflow-spark-pipeline/airflow_venv/lib/python3.11/site-packages/airflow/example_dags/plugins/decreasing_priority_weight_strategy.py
[2026-03-18T16:54:57.147+0000] {processor.py:914} INFO - Processing file /home/komal/data-engineering-projects/airflow-spark-pipeline/airflow_venv/lib/python3.11/site-packages/airflow/example_dags/plugins/decreasing_priority_weight_strategy.py for tasks to queue
[2026-03-18T16:54:57.151+0000] {logging_mixin.py:190} INFO - [2026-03-18T16:54:57.150+0000] {dagbag.py:588} INFO - Filling up the DagBag from /home/komal/data-engineering-projects/airflow-spark-pipeline/airflow_venv/lib/python3.11/site-packages/airflow/example_dags/plugins/decreasing_priority_weight_strategy.py
[2026-03-18T16:54:57.155+0000] {processor.py:927} WARNING - No viable dags retrieved from /home/komal/data-engineering-projects/airflow-spark-pipeline/airflow_venv/lib/python3.11/site-packages/airflow/example_dags/plugins/decreasing_priority_weight_strategy.py
[2026-03-18T16:54:57.170+0000] {processor.py:208} INFO - Processing /home/komal/data-engineering-projects/airflow-spark-pipeline/airflow_venv/lib/python3.11/site-packages/airflow/example_dags/plugins/decreasing_priority_weight_strategy.py took 0.070 seconds
[2026-03-18T16:56:06.553+0000] {processor.py:186} INFO - Started process (PID=38801) to work on /home/komal/data-engineering-projects/airflow-spark-pipeline/airflow_venv/lib/python3.11/site-packages/airflow/example_dags/plugins/decreasing_priority_weight_strategy.py
[2026-03-18T16:56:06.584+0000] {processor.py:914} INFO - Processing file /home/komal/data-engineering-projects/airflow-spark-pipeline/airflow_venv/lib/python3.11/site-packages/airflow/example_dags/plugins/decreasing_priority_weight_strategy.py for tasks to queue
[2026-03-18T16:56:06.587+0000] {logging_mixin.py:190} INFO - [2026-03-18T16:56:06.586+0000] {dagbag.py:588} INFO - Filling up the DagBag from /home/komal/data-engineering-projects/airflow-spark-pipeline/airflow_venv/lib/python3.11/site-packages/airflow/example_dags/plugins/decreasing_priority_weight_strategy.py
[2026-03-18T16:56:06.590+0000] {processor.py:927} WARNING - No viable dags retrieved from /home/komal/data-engineering-projects/airflow-spark-pipeline/airflow_venv/lib/python3.11/site-packages/airflow/example_dags/plugins/decreasing_priority_weight_strategy.py
[2026-03-18T16:56:06.604+0000] {processor.py:208} INFO - Processing /home/komal/data-engineering-projects/airflow-spark-pipeline/airflow_venv/lib/python3.11/site-packages/airflow/example_dags/plugins/decreasing_priority_weight_strategy.py took 0.058 seconds
[2026-03-18T17:44:32.858+0000] {processor.py:186} INFO - Started process (PID=38871) to work on /home/komal/data-engineering-projects/airflow-spark-pipeline/airflow_venv/lib/python3.11/site-packages/airflow/example_dags/plugins/decreasing_priority_weight_strategy.py
[2026-03-18T17:44:32.860+0000] {processor.py:914} INFO - Processing file /home/komal/data-engineering-projects/airflow-spark-pipeline/airflow_venv/lib/python3.11/site-packages/airflow/example_dags/plugins/decreasing_priority_weight_strategy.py for tasks to queue
[2026-03-18T17:44:32.862+0000] {logging_mixin.py:190} INFO - [2026-03-18T17:44:32.862+0000] {dagbag.py:588} INFO - Filling up the DagBag from /home/komal/data-engineering-projects/airflow-spark-pipeline/airflow_venv/lib/python3.11/site-packages/airflow/example_dags/plugins/decreasing_priority_weight_strategy.py
[2026-03-18T17:44:32.864+0000] {processor.py:927} WARNING - No viable dags retrieved from /home/komal/data-engineering-projects/airflow-spark-pipeline/airflow_venv/lib/python3.11/site-packages/airflow/example_dags/plugins/decreasing_priority_weight_strategy.py
[2026-03-18T17:44:32.873+0000] {processor.py:208} INFO - Processing /home/komal/data-engineering-projects/airflow-spark-pipeline/airflow_venv/lib/python3.11/site-packages/airflow/example_dags/plugins/decreasing_priority_weight_strategy.py took 0.022 seconds
[2026-03-18T17:45:47.516+0000] {processor.py:186} INFO - Started process (PID=38954) to work on /home/komal/data-engineering-projects/airflow-spark-pipeline/airflow_venv/lib/python3.11/site-packages/airflow/example_dags/plugins/decreasing_priority_weight_strategy.py
[2026-03-18T17:45:47.547+0000] {processor.py:914} INFO - Processing file /home/komal/data-engineering-projects/airflow-spark-pipeline/airflow_venv/lib/python3.11/site-packages/airflow/example_dags/plugins/decreasing_priority_weight_strategy.py for tasks to queue
[2026-03-18T17:45:47.549+0000] {logging_mixin.py:190} INFO - [2026-03-18T17:45:47.549+0000] {dagbag.py:588} INFO - Filling up the DagBag from /home/komal/data-engineering-projects/airflow-spark-pipeline/airflow_venv/lib/python3.11/site-packages/airflow/example_dags/plugins/decreasing_priority_weight_strategy.py
[2026-03-18T17:45:47.551+0000] {processor.py:927} WARNING - No viable dags retrieved from /home/komal/data-engineering-projects/airflow-spark-pipeline/airflow_venv/lib/python3.11/site-packages/airflow/example_dags/plugins/decreasing_priority_weight_strategy.py
[2026-03-18T17:45:47.560+0000] {processor.py:208} INFO - Processing /home/komal/data-engineering-projects/airflow-spark-pipeline/airflow_venv/lib/python3.11/site-packages/airflow/example_dags/plugins/decreasing_priority_weight_strategy.py took 0.049 seconds
[2026-03-18T17:46:54.766+0000] {processor.py:186} INFO - Started process (PID=39030) to work on /home/komal/data-engineering-projects/airflow-spark-pipeline/airflow_venv/lib/python3.11/site-packages/airflow/example_dags/plugins/decreasing_priority_weight_strategy.py
[2026-03-18T17:46:54.770+0000] {processor.py:914} INFO - Processing file /home/komal/data-engineering-projects/airflow-spark-pipeline/airflow_venv/lib/python3.11/site-packages/airflow/example_dags/plugins/decreasing_priority_weight_strategy.py for tasks to queue
[2026-03-18T17:46:54.772+0000] {logging_mixin.py:190} INFO - [2026-03-18T17:46:54.772+0000] {dagbag.py:588} INFO - Filling up the DagBag from /home/komal/data-engineering-projects/airflow-spark-pipeline/airflow_venv/lib/python3.11/site-packages/airflow/example_dags/plugins/decreasing_priority_weight_strategy.py
[2026-03-18T17:46:54.774+0000] {processor.py:927} WARNING - No viable dags retrieved from /home/komal/data-engineering-projects/airflow-spark-pipeline/airflow_venv/lib/python3.11/site-packages/airflow/example_dags/plugins/decreasing_priority_weight_strategy.py
[2026-03-18T17:46:54.782+0000] {processor.py:208} INFO - Processing /home/komal/data-engineering-projects/airflow-spark-pipeline/airflow_venv/lib/python3.11/site-packages/airflow/example_dags/plugins/decreasing_priority_weight_strategy.py took 0.023 seconds
[2026-03-18T17:48:00.155+0000] {processor.py:186} INFO - Started process (PID=39093) to work on /home/komal/data-engineering-projects/airflow-spark-pipeline/airflow_venv/lib/python3.11/site-packages/airflow/example_dags/plugins/decreasing_priority_weight_strategy.py
[2026-03-18T17:48:00.158+0000] {processor.py:914} INFO - Processing file /home/komal/data-engineering-projects/airflow-spark-pipeline/airflow_venv/lib/python3.11/site-packages/airflow/example_dags/plugins/decreasing_priority_weight_strategy.py for tasks to queue
[2026-03-18T17:48:00.159+0000] {logging_mixin.py:190} INFO - [2026-03-18T17:48:00.159+0000] {dagbag.py:588} INFO - Filling up the DagBag from /home/komal/data-engineering-projects/airflow-spark-pipeline/airflow_venv/lib/python3.11/site-packages/airflow/example_dags/plugins/decreasing_priority_weight_strategy.py
[2026-03-18T17:48:00.161+0000] {processor.py:927} WARNING - No viable dags retrieved from /home/komal/data-engineering-projects/airflow-spark-pipeline/airflow_venv/lib/python3.11/site-packages/airflow/example_dags/plugins/decreasing_priority_weight_strategy.py
[2026-03-18T17:48:00.177+0000] {processor.py:208} INFO - Processing /home/komal/data-engineering-projects/airflow-spark-pipeline/airflow_venv/lib/python3.11/site-packages/airflow/example_dags/plugins/decreasing_priority_weight_strategy.py took 0.026 seconds
[2026-03-18T17:49:09.746+0000] {processor.py:186} INFO - Started process (PID=39156) to work on /home/komal/data-engineering-projects/airflow-spark-pipeline/airflow_venv/lib/python3.11/site-packages/airflow/example_dags/plugins/decreasing_priority_weight_strategy.py
[2026-03-18T17:49:09.779+0000] {processor.py:914} INFO - Processing file /home/komal/data-engineering-projects/airflow-spark-pipeline/airflow_venv/lib/python3.11/site-packages/airflow/example_dags/plugins/decreasing_priority_weight_strategy.py for tasks to queue
[2026-03-18T17:49:09.783+0000] {logging_mixin.py:190} INFO - [2026-03-18T17:49:09.782+0000] {dagbag.py:588} INFO - Filling up the DagBag from /home/komal/data-engineering-projects/airflow-spark-pipeline/airflow_venv/lib/python3.11/site-packages/airflow/example_dags/plugins/decreasing_priority_weight_strategy.py
[2026-03-18T17:49:09.787+0000] {processor.py:927} WARNING - No viable dags retrieved from /home/komal/data-engineering-projects/airflow-spark-pipeline/airflow_venv/lib/python3.11/site-packages/airflow/example_dags/plugins/decreasing_priority_weight_strategy.py
[2026-03-18T17:49:09.798+0000] {processor.py:208} INFO - Processing /home/komal/data-engineering-projects/airflow-spark-pipeline/airflow_venv/lib/python3.11/site-packages/airflow/example_dags/plugins/decreasing_priority_weight_strategy.py took 0.064 seconds
[2026-03-18T17:55:05.281+0000] {processor.py:186} INFO - Started process (PID=39220) to work on /home/komal/data-engineering-projects/airflow-spark-pipeline/airflow_venv/lib/python3.11/site-packages/airflow/example_dags/plugins/decreasing_priority_weight_strategy.py
[2026-03-18T17:55:05.282+0000] {processor.py:914} INFO - Processing file /home/komal/data-engineering-projects/airflow-spark-pipeline/airflow_venv/lib/python3.11/site-packages/airflow/example_dags/plugins/decreasing_priority_weight_strategy.py for tasks to queue
[2026-03-18T17:55:05.284+0000] {logging_mixin.py:190} INFO - [2026-03-18T17:55:05.283+0000] {dagbag.py:588} INFO - Filling up the DagBag from /home/komal/data-engineering-projects/airflow-spark-pipeline/airflow_venv/lib/python3.11/site-packages/airflow/example_dags/plugins/decreasing_priority_weight_strategy.py
[2026-03-18T17:55:05.285+0000] {processor.py:927} WARNING - No viable dags retrieved from /home/komal/data-engineering-projects/airflow-spark-pipeline/airflow_venv/lib/python3.11/site-packages/airflow/example_dags/plugins/decreasing_priority_weight_strategy.py
[2026-03-18T17:55:05.293+0000] {processor.py:208} INFO - Processing /home/komal/data-engineering-projects/airflow-spark-pipeline/airflow_venv/lib/python3.11/site-packages/airflow/example_dags/plugins/decreasing_priority_weight_strategy.py took 0.017 seconds
[2026-03-18T17:56:20.732+0000] {processor.py:186} INFO - Started process (PID=39327) to work on /home/komal/data-engineering-projects/airflow-spark-pipeline/airflow_venv/lib/python3.11/site-packages/airflow/example_dags/plugins/decreasing_priority_weight_strategy.py
[2026-03-18T17:56:20.763+0000] {processor.py:914} INFO - Processing file /home/komal/data-engineering-projects/airflow-spark-pipeline/airflow_venv/lib/python3.11/site-packages/airflow/example_dags/plugins/decreasing_priority_weight_strategy.py for tasks to queue
[2026-03-18T17:56:20.768+0000] {logging_mixin.py:190} INFO - [2026-03-18T17:56:20.767+0000] {dagbag.py:588} INFO - Filling up the DagBag from /home/komal/data-engineering-projects/airflow-spark-pipeline/airflow_venv/lib/python3.11/site-packages/airflow/example_dags/plugins/decreasing_priority_weight_strategy.py
[2026-03-18T17:56:20.772+0000] {processor.py:927} WARNING - No viable dags retrieved from /home/komal/data-engineering-projects/airflow-spark-pipeline/airflow_venv/lib/python3.11/site-packages/airflow/example_dags/plugins/decreasing_priority_weight_strategy.py
[2026-03-18T17:56:20.786+0000] {processor.py:208} INFO - Processing /home/komal/data-engineering-projects/airflow-spark-pipeline/airflow_venv/lib/python3.11/site-packages/airflow/example_dags/plugins/decreasing_priority_weight_strategy.py took 0.068 seconds
[2026-03-18T17:57:25.306+0000] {processor.py:186} INFO - Started process (PID=39389) to work on /home/komal/data-engineering-projects/airflow-spark-pipeline/airflow_venv/lib/python3.11/site-packages/airflow/example_dags/plugins/decreasing_priority_weight_strategy.py
[2026-03-18T17:57:25.307+0000] {processor.py:914} INFO - Processing file /home/komal/data-engineering-projects/airflow-spark-pipeline/airflow_venv/lib/python3.11/site-packages/airflow/example_dags/plugins/decreasing_priority_weight_strategy.py for tasks to queue
[2026-03-18T17:57:25.308+0000] {logging_mixin.py:190} INFO - [2026-03-18T17:57:25.308+0000] {dagbag.py:588} INFO - Filling up the DagBag from /home/komal/data-engineering-projects/airflow-spark-pipeline/airflow_venv/lib/python3.11/site-packages/airflow/example_dags/plugins/decreasing_priority_weight_strategy.py
[2026-03-18T17:57:25.310+0000] {processor.py:927} WARNING - No viable dags retrieved from /home/komal/data-engineering-projects/airflow-spark-pipeline/airflow_venv/lib/python3.11/site-packages/airflow/example_dags/plugins/decreasing_priority_weight_strategy.py
[2026-03-18T17:57:25.317+0000] {processor.py:208} INFO - Processing /home/komal/data-engineering-projects/airflow-spark-pipeline/airflow_venv/lib/python3.11/site-packages/airflow/example_dags/plugins/decreasing_priority_weight_strategy.py took 0.016 seconds
[2026-03-18T17:58:27.991+0000] {processor.py:186} INFO - Started process (PID=39451) to work on /home/komal/data-engineering-projects/airflow-spark-pipeline/airflow_venv/lib/python3.11/site-packages/airflow/example_dags/plugins/decreasing_priority_weight_strategy.py
[2026-03-18T17:58:28.024+0000] {processor.py:914} INFO - Processing file /home/komal/data-engineering-projects/airflow-spark-pipeline/airflow_venv/lib/python3.11/site-packages/airflow/example_dags/plugins/decreasing_priority_weight_strategy.py for tasks to queue
[2026-03-18T17:58:28.028+0000] {logging_mixin.py:190} INFO - [2026-03-18T17:58:28.028+0000] {dagbag.py:588} INFO - Filling up the DagBag from /home/komal/data-engineering-projects/airflow-spark-pipeline/airflow_venv/lib/python3.11/site-packages/airflow/example_dags/plugins/decreasing_priority_weight_strategy.py
[2026-03-18T17:58:28.032+0000] {processor.py:927} WARNING - No viable dags retrieved from /home/komal/data-engineering-projects/airflow-spark-pipeline/airflow_venv/lib/python3.11/site-packages/airflow/example_dags/plugins/decreasing_priority_weight_strategy.py
[2026-03-18T17:58:28.045+0000] {processor.py:208} INFO - Processing /home/komal/data-engineering-projects/airflow-spark-pipeline/airflow_venv/lib/python3.11/site-packages/airflow/example_dags/plugins/decreasing_priority_weight_strategy.py took 0.064 seconds
[2026-03-18T17:59:32.212+0000] {processor.py:186} INFO - Started process (PID=39513) to work on /home/komal/data-engineering-projects/airflow-spark-pipeline/airflow_venv/lib/python3.11/site-packages/airflow/example_dags/plugins/decreasing_priority_weight_strategy.py
[2026-03-18T17:59:32.214+0000] {processor.py:914} INFO - Processing file /home/komal/data-engineering-projects/airflow-spark-pipeline/airflow_venv/lib/python3.11/site-packages/airflow/example_dags/plugins/decreasing_priority_weight_strategy.py for tasks to queue
[2026-03-18T17:59:32.215+0000] {logging_mixin.py:190} INFO - [2026-03-18T17:59:32.215+0000] {dagbag.py:588} INFO - Filling up the DagBag from /home/komal/data-engineering-projects/airflow-spark-pipeline/airflow_venv/lib/python3.11/site-packages/airflow/example_dags/plugins/decreasing_priority_weight_strategy.py
[2026-03-18T17:59:32.217+0000] {processor.py:927} WARNING - No viable dags retrieved from /home/komal/data-engineering-projects/airflow-spark-pipeline/airflow_venv/lib/python3.11/site-packages/airflow/example_dags/plugins/decreasing_priority_weight_strategy.py
[2026-03-18T17:59:32.225+0000] {processor.py:208} INFO - Processing /home/komal/data-engineering-projects/airflow-spark-pipeline/airflow_venv/lib/python3.11/site-packages/airflow/example_dags/plugins/decreasing_priority_weight_strategy.py took 0.020 seconds
[2026-03-18T18:00:40.923+0000] {processor.py:186} INFO - Started process (PID=39580) to work on /home/komal/data-engineering-projects/airflow-spark-pipeline/airflow_venv/lib/python3.11/site-packages/airflow/example_dags/plugins/decreasing_priority_weight_strategy.py
[2026-03-18T18:00:40.925+0000] {processor.py:914} INFO - Processing file /home/komal/data-engineering-projects/airflow-spark-pipeline/airflow_venv/lib/python3.11/site-packages/airflow/example_dags/plugins/decreasing_priority_weight_strategy.py for tasks to queue
[2026-03-18T18:00:40.926+0000] {logging_mixin.py:190} INFO - [2026-03-18T18:00:40.926+0000] {dagbag.py:588} INFO - Filling up the DagBag from /home/komal/data-engineering-projects/airflow-spark-pipeline/airflow_venv/lib/python3.11/site-packages/airflow/example_dags/plugins/decreasing_priority_weight_strategy.py
[2026-03-18T18:00:40.928+0000] {processor.py:927} WARNING - No viable dags retrieved from /home/komal/data-engineering-projects/airflow-spark-pipeline/airflow_venv/lib/python3.11/site-packages/airflow/example_dags/plugins/decreasing_priority_weight_strategy.py
[2026-03-18T18:00:40.936+0000] {processor.py:208} INFO - Processing /home/komal/data-engineering-projects/airflow-spark-pipeline/airflow_venv/lib/python3.11/site-packages/airflow/example_dags/plugins/decreasing_priority_weight_strategy.py took 0.017 seconds
[2026-03-18T18:01:49.188+0000] {processor.py:186} INFO - Started process (PID=39648) to work on /home/komal/data-engineering-projects/airflow-spark-pipeline/airflow_venv/lib/python3.11/site-packages/airflow/example_dags/plugins/decreasing_priority_weight_strategy.py
[2026-03-18T18:01:49.222+0000] {processor.py:914} INFO - Processing file /home/komal/data-engineering-projects/airflow-spark-pipeline/airflow_venv/lib/python3.11/site-packages/airflow/example_dags/plugins/decreasing_priority_weight_strategy.py for tasks to queue
[2026-03-18T18:01:49.226+0000] {logging_mixin.py:190} INFO - [2026-03-18T18:01:49.225+0000] {dagbag.py:588} INFO - Filling up the DagBag from /home/komal/data-engineering-projects/airflow-spark-pipeline/airflow_venv/lib/python3.11/site-packages/airflow/example_dags/plugins/decreasing_priority_weight_strategy.py
[2026-03-18T18:01:49.231+0000] {processor.py:927} WARNING - No viable dags retrieved from /home/komal/data-engineering-projects/airflow-spark-pipeline/airflow_venv/lib/python3.11/site-packages/airflow/example_dags/plugins/decreasing_priority_weight_strategy.py
[2026-03-18T18:01:49.260+0000] {processor.py:208} INFO - Processing /home/komal/data-engineering-projects/airflow-spark-pipeline/airflow_venv/lib/python3.11/site-packages/airflow/example_dags/plugins/decreasing_priority_weight_strategy.py took 0.083 seconds
[2026-03-18T18:02:58.501+0000] {processor.py:186} INFO - Started process (PID=39713) to work on /home/komal/data-engineering-projects/airflow-spark-pipeline/airflow_venv/lib/python3.11/site-packages/airflow/example_dags/plugins/decreasing_priority_weight_strategy.py
[2026-03-18T18:02:58.533+0000] {processor.py:914} INFO - Processing file /home/komal/data-engineering-projects/airflow-spark-pipeline/airflow_venv/lib/python3.11/site-packages/airflow/example_dags/plugins/decreasing_priority_weight_strategy.py for tasks to queue
[2026-03-18T18:02:58.537+0000] {logging_mixin.py:190} INFO - [2026-03-18T18:02:58.536+0000] {dagbag.py:588} INFO - Filling up the DagBag from /home/komal/data-engineering-projects/airflow-spark-pipeline/airflow_venv/lib/python3.11/site-packages/airflow/example_dags/plugins/decreasing_priority_weight_strategy.py
[2026-03-18T18:02:58.540+0000] {processor.py:927} WARNING - No viable dags retrieved from /home/komal/data-engineering-projects/airflow-spark-pipeline/airflow_venv/lib/python3.11/site-packages/airflow/example_dags/plugins/decreasing_priority_weight_strategy.py
[2026-03-18T18:02:58.554+0000] {processor.py:208} INFO - Processing /home/komal/data-engineering-projects/airflow-spark-pipeline/airflow_venv/lib/python3.11/site-packages/airflow/example_dags/plugins/decreasing_priority_weight_strategy.py took 0.058 seconds
[2026-03-18T18:04:04.443+0000] {processor.py:186} INFO - Started process (PID=39782) to work on /home/komal/data-engineering-projects/airflow-spark-pipeline/airflow_venv/lib/python3.11/site-packages/airflow/example_dags/plugins/decreasing_priority_weight_strategy.py
[2026-03-18T18:04:04.475+0000] {processor.py:914} INFO - Processing file /home/komal/data-engineering-projects/airflow-spark-pipeline/airflow_venv/lib/python3.11/site-packages/airflow/example_dags/plugins/decreasing_priority_weight_strategy.py for tasks to queue
[2026-03-18T18:04:04.479+0000] {logging_mixin.py:190} INFO - [2026-03-18T18:04:04.478+0000] {dagbag.py:588} INFO - Filling up the DagBag from /home/komal/data-engineering-projects/airflow-spark-pipeline/airflow_venv/lib/python3.11/site-packages/airflow/example_dags/plugins/decreasing_priority_weight_strategy.py
[2026-03-18T18:04:04.482+0000] {processor.py:927} WARNING - No viable dags retrieved from /home/komal/data-engineering-projects/airflow-spark-pipeline/airflow_venv/lib/python3.11/site-packages/airflow/example_dags/plugins/decreasing_priority_weight_strategy.py
[2026-03-18T18:04:04.492+0000] {processor.py:208} INFO - Processing /home/komal/data-engineering-projects/airflow-spark-pipeline/airflow_venv/lib/python3.11/site-packages/airflow/example_dags/plugins/decreasing_priority_weight_strategy.py took 0.055 seconds
[2026-03-18T18:05:09.608+0000] {processor.py:186} INFO - Started process (PID=39844) to work on /home/komal/data-engineering-projects/airflow-spark-pipeline/airflow_venv/lib/python3.11/site-packages/airflow/example_dags/plugins/decreasing_priority_weight_strategy.py
[2026-03-18T18:05:09.639+0000] {processor.py:914} INFO - Processing file /home/komal/data-engineering-projects/airflow-spark-pipeline/airflow_venv/lib/python3.11/site-packages/airflow/example_dags/plugins/decreasing_priority_weight_strategy.py for tasks to queue
[2026-03-18T18:05:09.643+0000] {logging_mixin.py:190} INFO - [2026-03-18T18:05:09.642+0000] {dagbag.py:588} INFO - Filling up the DagBag from /home/komal/data-engineering-projects/airflow-spark-pipeline/airflow_venv/lib/python3.11/site-packages/airflow/example_dags/plugins/decreasing_priority_weight_strategy.py
[2026-03-18T18:05:09.646+0000] {processor.py:927} WARNING - No viable dags retrieved from /home/komal/data-engineering-projects/airflow-spark-pipeline/airflow_venv/lib/python3.11/site-packages/airflow/example_dags/plugins/decreasing_priority_weight_strategy.py
[2026-03-18T18:05:09.673+0000] {processor.py:208} INFO - Processing /home/komal/data-engineering-projects/airflow-spark-pipeline/airflow_venv/lib/python3.11/site-packages/airflow/example_dags/plugins/decreasing_priority_weight_strategy.py took 0.069 seconds
[2026-03-18T18:06:19.158+0000] {processor.py:186} INFO - Started process (PID=39911) to work on /home/komal/data-engineering-projects/airflow-spark-pipeline/airflow_venv/lib/python3.11/site-packages/airflow/example_dags/plugins/decreasing_priority_weight_strategy.py
[2026-03-18T18:06:19.191+0000] {processor.py:914} INFO - Processing file /home/komal/data-engineering-projects/airflow-spark-pipeline/airflow_venv/lib/python3.11/site-packages/airflow/example_dags/plugins/decreasing_priority_weight_strategy.py for tasks to queue
[2026-03-18T18:06:19.193+0000] {logging_mixin.py:190} INFO - [2026-03-18T18:06:19.193+0000] {dagbag.py:588} INFO - Filling up the DagBag from /home/komal/data-engineering-projects/airflow-spark-pipeline/airflow_venv/lib/python3.11/site-packages/airflow/example_dags/plugins/decreasing_priority_weight_strategy.py
[2026-03-18T18:06:19.195+0000] {processor.py:927} WARNING - No viable dags retrieved from /home/komal/data-engineering-projects/airflow-spark-pipeline/airflow_venv/lib/python3.11/site-packages/airflow/example_dags/plugins/decreasing_priority_weight_strategy.py
[2026-03-18T18:06:19.204+0000] {processor.py:208} INFO - Processing /home/komal/data-engineering-projects/airflow-spark-pipeline/airflow_venv/lib/python3.11/site-packages/airflow/example_dags/plugins/decreasing_priority_weight_strategy.py took 0.055 seconds
[2026-03-18T18:07:28.575+0000] {processor.py:186} INFO - Started process (PID=39978) to work on /home/komal/data-engineering-projects/airflow-spark-pipeline/airflow_venv/lib/python3.11/site-packages/airflow/example_dags/plugins/decreasing_priority_weight_strategy.py
[2026-03-18T18:07:28.579+0000] {processor.py:914} INFO - Processing file /home/komal/data-engineering-projects/airflow-spark-pipeline/airflow_venv/lib/python3.11/site-packages/airflow/example_dags/plugins/decreasing_priority_weight_strategy.py for tasks to queue
[2026-03-18T18:07:28.582+0000] {logging_mixin.py:190} INFO - [2026-03-18T18:07:28.582+0000] {dagbag.py:588} INFO - Filling up the DagBag from /home/komal/data-engineering-projects/airflow-spark-pipeline/airflow_venv/lib/python3.11/site-packages/airflow/example_dags/plugins/decreasing_priority_weight_strategy.py
[2026-03-18T18:07:28.586+0000] {processor.py:927} WARNING - No viable dags retrieved from /home/komal/data-engineering-projects/airflow-spark-pipeline/airflow_venv/lib/python3.11/site-packages/airflow/example_dags/plugins/decreasing_priority_weight_strategy.py
[2026-03-18T18:07:28.598+0000] {processor.py:208} INFO - Processing /home/komal/data-engineering-projects/airflow-spark-pipeline/airflow_venv/lib/python3.11/site-packages/airflow/example_dags/plugins/decreasing_priority_weight_strategy.py took 0.030 seconds
[2026-03-18T18:08:34.216+0000] {processor.py:186} INFO - Started process (PID=40042) to work on /home/komal/data-engineering-projects/airflow-spark-pipeline/airflow_venv/lib/python3.11/site-packages/airflow/example_dags/plugins/decreasing_priority_weight_strategy.py
[2026-03-18T18:08:34.230+0000] {processor.py:914} INFO - Processing file /home/komal/data-engineering-projects/airflow-spark-pipeline/airflow_venv/lib/python3.11/site-packages/airflow/example_dags/plugins/decreasing_priority_weight_strategy.py for tasks to queue
[2026-03-18T18:08:34.232+0000] {logging_mixin.py:190} INFO - [2026-03-18T18:08:34.232+0000] {dagbag.py:588} INFO - Filling up the DagBag from /home/komal/data-engineering-projects/airflow-spark-pipeline/airflow_venv/lib/python3.11/site-packages/airflow/example_dags/plugins/decreasing_priority_weight_strategy.py
[2026-03-18T18:08:34.235+0000] {processor.py:927} WARNING - No viable dags retrieved from /home/komal/data-engineering-projects/airflow-spark-pipeline/airflow_venv/lib/python3.11/site-packages/airflow/example_dags/plugins/decreasing_priority_weight_strategy.py
[2026-03-18T18:08:34.243+0000] {processor.py:208} INFO - Processing /home/komal/data-engineering-projects/airflow-spark-pipeline/airflow_venv/lib/python3.11/site-packages/airflow/example_dags/plugins/decreasing_priority_weight_strategy.py took 0.032 seconds
[2026-03-18T18:09:41.833+0000] {processor.py:186} INFO - Started process (PID=40106) to work on /home/komal/data-engineering-projects/airflow-spark-pipeline/airflow_venv/lib/python3.11/site-packages/airflow/example_dags/plugins/decreasing_priority_weight_strategy.py
[2026-03-18T18:09:41.866+0000] {processor.py:914} INFO - Processing file /home/komal/data-engineering-projects/airflow-spark-pipeline/airflow_venv/lib/python3.11/site-packages/airflow/example_dags/plugins/decreasing_priority_weight_strategy.py for tasks to queue
[2026-03-18T18:09:41.869+0000] {logging_mixin.py:190} INFO - [2026-03-18T18:09:41.869+0000] {dagbag.py:588} INFO - Filling up the DagBag from /home/komal/data-engineering-projects/airflow-spark-pipeline/airflow_venv/lib/python3.11/site-packages/airflow/example_dags/plugins/decreasing_priority_weight_strategy.py
[2026-03-18T18:09:41.872+0000] {processor.py:927} WARNING - No viable dags retrieved from /home/komal/data-engineering-projects/airflow-spark-pipeline/airflow_venv/lib/python3.11/site-packages/airflow/example_dags/plugins/decreasing_priority_weight_strategy.py
[2026-03-18T18:09:41.884+0000] {processor.py:208} INFO - Processing /home/komal/data-engineering-projects/airflow-spark-pipeline/airflow_venv/lib/python3.11/site-packages/airflow/example_dags/plugins/decreasing_priority_weight_strategy.py took 0.066 seconds
[2026-03-18T18:10:49.188+0000] {processor.py:186} INFO - Started process (PID=40169) to work on /home/komal/data-engineering-projects/airflow-spark-pipeline/airflow_venv/lib/python3.11/site-packages/airflow/example_dags/plugins/decreasing_priority_weight_strategy.py
[2026-03-18T18:10:49.220+0000] {processor.py:914} INFO - Processing file /home/komal/data-engineering-projects/airflow-spark-pipeline/airflow_venv/lib/python3.11/site-packages/airflow/example_dags/plugins/decreasing_priority_weight_strategy.py for tasks to queue
[2026-03-18T18:10:49.224+0000] {logging_mixin.py:190} INFO - [2026-03-18T18:10:49.223+0000] {dagbag.py:588} INFO - Filling up the DagBag from /home/komal/data-engineering-projects/airflow-spark-pipeline/airflow_venv/lib/python3.11/site-packages/airflow/example_dags/plugins/decreasing_priority_weight_strategy.py
[2026-03-18T18:10:49.228+0000] {processor.py:927} WARNING - No viable dags retrieved from /home/komal/data-engineering-projects/airflow-spark-pipeline/airflow_venv/lib/python3.11/site-packages/airflow/example_dags/plugins/decreasing_priority_weight_strategy.py
[2026-03-18T18:10:49.244+0000] {processor.py:208} INFO - Processing /home/komal/data-engineering-projects/airflow-spark-pipeline/airflow_venv/lib/python3.11/site-packages/airflow/example_dags/plugins/decreasing_priority_weight_strategy.py took 0.063 seconds
[2026-03-18T18:11:57.843+0000] {processor.py:186} INFO - Started process (PID=40235) to work on /home/komal/data-engineering-projects/airflow-spark-pipeline/airflow_venv/lib/python3.11/site-packages/airflow/example_dags/plugins/decreasing_priority_weight_strategy.py
[2026-03-18T18:11:57.850+0000] {processor.py:914} INFO - Processing file /home/komal/data-engineering-projects/airflow-spark-pipeline/airflow_venv/lib/python3.11/site-packages/airflow/example_dags/plugins/decreasing_priority_weight_strategy.py for tasks to queue
[2026-03-18T18:11:57.854+0000] {logging_mixin.py:190} INFO - [2026-03-18T18:11:57.853+0000] {dagbag.py:588} INFO - Filling up the DagBag from /home/komal/data-engineering-projects/airflow-spark-pipeline/airflow_venv/lib/python3.11/site-packages/airflow/example_dags/plugins/decreasing_priority_weight_strategy.py
[2026-03-18T18:11:57.859+0000] {processor.py:927} WARNING - No viable dags retrieved from /home/komal/data-engineering-projects/airflow-spark-pipeline/airflow_venv/lib/python3.11/site-packages/airflow/example_dags/plugins/decreasing_priority_weight_strategy.py
[2026-03-18T18:11:57.871+0000] {processor.py:208} INFO - Processing /home/komal/data-engineering-projects/airflow-spark-pipeline/airflow_venv/lib/python3.11/site-packages/airflow/example_dags/plugins/decreasing_priority_weight_strategy.py took 0.039 seconds
[2026-03-18T18:13:04.616+0000] {processor.py:186} INFO - Started process (PID=40300) to work on /home/komal/data-engineering-projects/airflow-spark-pipeline/airflow_venv/lib/python3.11/site-packages/airflow/example_dags/plugins/decreasing_priority_weight_strategy.py
[2026-03-18T18:13:04.618+0000] {processor.py:914} INFO - Processing file /home/komal/data-engineering-projects/airflow-spark-pipeline/airflow_venv/lib/python3.11/site-packages/airflow/example_dags/plugins/decreasing_priority_weight_strategy.py for tasks to queue
[2026-03-18T18:13:04.620+0000] {logging_mixin.py:190} INFO - [2026-03-18T18:13:04.619+0000] {dagbag.py:588} INFO - Filling up the DagBag from /home/komal/data-engineering-projects/airflow-spark-pipeline/airflow_venv/lib/python3.11/site-packages/airflow/example_dags/plugins/decreasing_priority_weight_strategy.py
[2026-03-18T18:13:04.624+0000] {processor.py:927} WARNING - No viable dags retrieved from /home/komal/data-engineering-projects/airflow-spark-pipeline/airflow_venv/lib/python3.11/site-packages/airflow/example_dags/plugins/decreasing_priority_weight_strategy.py
[2026-03-18T18:13:04.634+0000] {processor.py:208} INFO - Processing /home/komal/data-engineering-projects/airflow-spark-pipeline/airflow_venv/lib/python3.11/site-packages/airflow/example_dags/plugins/decreasing_priority_weight_strategy.py took 0.023 seconds
[2026-03-18T18:14:07.999+0000] {processor.py:186} INFO - Started process (PID=40365) to work on /home/komal/data-engineering-projects/airflow-spark-pipeline/airflow_venv/lib/python3.11/site-packages/airflow/example_dags/plugins/decreasing_priority_weight_strategy.py
[2026-03-18T18:14:08.031+0000] {processor.py:914} INFO - Processing file /home/komal/data-engineering-projects/airflow-spark-pipeline/airflow_venv/lib/python3.11/site-packages/airflow/example_dags/plugins/decreasing_priority_weight_strategy.py for tasks to queue
[2026-03-18T18:14:08.035+0000] {logging_mixin.py:190} INFO - [2026-03-18T18:14:08.035+0000] {dagbag.py:588} INFO - Filling up the DagBag from /home/komal/data-engineering-projects/airflow-spark-pipeline/airflow_venv/lib/python3.11/site-packages/airflow/example_dags/plugins/decreasing_priority_weight_strategy.py
[2026-03-18T18:14:08.039+0000] {processor.py:927} WARNING - No viable dags retrieved from /home/komal/data-engineering-projects/airflow-spark-pipeline/airflow_venv/lib/python3.11/site-packages/airflow/example_dags/plugins/decreasing_priority_weight_strategy.py
[2026-03-18T18:14:08.052+0000] {processor.py:208} INFO - Processing /home/komal/data-engineering-projects/airflow-spark-pipeline/airflow_venv/lib/python3.11/site-packages/airflow/example_dags/plugins/decreasing_priority_weight_strategy.py took 0.058 seconds
[2026-03-18T18:15:11.266+0000] {processor.py:186} INFO - Started process (PID=40427) to work on /home/komal/data-engineering-projects/airflow-spark-pipeline/airflow_venv/lib/python3.11/site-packages/airflow/example_dags/plugins/decreasing_priority_weight_strategy.py
[2026-03-18T18:15:11.268+0000] {processor.py:914} INFO - Processing file /home/komal/data-engineering-projects/airflow-spark-pipeline/airflow_venv/lib/python3.11/site-packages/airflow/example_dags/plugins/decreasing_priority_weight_strategy.py for tasks to queue
[2026-03-18T18:15:11.269+0000] {logging_mixin.py:190} INFO - [2026-03-18T18:15:11.269+0000] {dagbag.py:588} INFO - Filling up the DagBag from /home/komal/data-engineering-projects/airflow-spark-pipeline/airflow_venv/lib/python3.11/site-packages/airflow/example_dags/plugins/decreasing_priority_weight_strategy.py
[2026-03-18T18:15:11.271+0000] {processor.py:927} WARNING - No viable dags retrieved from /home/komal/data-engineering-projects/airflow-spark-pipeline/airflow_venv/lib/python3.11/site-packages/airflow/example_dags/plugins/decreasing_priority_weight_strategy.py
[2026-03-18T18:15:11.277+0000] {processor.py:208} INFO - Processing /home/komal/data-engineering-projects/airflow-spark-pipeline/airflow_venv/lib/python3.11/site-packages/airflow/example_dags/plugins/decreasing_priority_weight_strategy.py took 0.017 seconds
[2026-03-18T18:16:19.804+0000] {processor.py:186} INFO - Started process (PID=40494) to work on /home/komal/data-engineering-projects/airflow-spark-pipeline/airflow_venv/lib/python3.11/site-packages/airflow/example_dags/plugins/decreasing_priority_weight_strategy.py
[2026-03-18T18:16:19.835+0000] {processor.py:914} INFO - Processing file /home/komal/data-engineering-projects/airflow-spark-pipeline/airflow_venv/lib/python3.11/site-packages/airflow/example_dags/plugins/decreasing_priority_weight_strategy.py for tasks to queue
[2026-03-18T18:16:19.837+0000] {logging_mixin.py:190} INFO - [2026-03-18T18:16:19.837+0000] {dagbag.py:588} INFO - Filling up the DagBag from /home/komal/data-engineering-projects/airflow-spark-pipeline/airflow_venv/lib/python3.11/site-packages/airflow/example_dags/plugins/decreasing_priority_weight_strategy.py
[2026-03-18T18:16:19.839+0000] {processor.py:927} WARNING - No viable dags retrieved from /home/komal/data-engineering-projects/airflow-spark-pipeline/airflow_venv/lib/python3.11/site-packages/airflow/example_dags/plugins/decreasing_priority_weight_strategy.py
[2026-03-18T18:16:19.851+0000] {processor.py:208} INFO - Processing /home/komal/data-engineering-projects/airflow-spark-pipeline/airflow_venv/lib/python3.11/site-packages/airflow/example_dags/plugins/decreasing_priority_weight_strategy.py took 0.053 seconds
[2026-03-18T18:17:25.077+0000] {processor.py:186} INFO - Started process (PID=40559) to work on /home/komal/data-engineering-projects/airflow-spark-pipeline/airflow_venv/lib/python3.11/site-packages/airflow/example_dags/plugins/decreasing_priority_weight_strategy.py
[2026-03-18T18:17:25.110+0000] {processor.py:914} INFO - Processing file /home/komal/data-engineering-projects/airflow-spark-pipeline/airflow_venv/lib/python3.11/site-packages/airflow/example_dags/plugins/decreasing_priority_weight_strategy.py for tasks to queue
[2026-03-18T18:17:25.113+0000] {logging_mixin.py:190} INFO - [2026-03-18T18:17:25.113+0000] {dagbag.py:588} INFO - Filling up the DagBag from /home/komal/data-engineering-projects/airflow-spark-pipeline/airflow_venv/lib/python3.11/site-packages/airflow/example_dags/plugins/decreasing_priority_weight_strategy.py
[2026-03-18T18:17:25.117+0000] {processor.py:927} WARNING - No viable dags retrieved from /home/komal/data-engineering-projects/airflow-spark-pipeline/airflow_venv/lib/python3.11/site-packages/airflow/example_dags/plugins/decreasing_priority_weight_strategy.py
[2026-03-18T18:17:25.132+0000] {processor.py:208} INFO - Processing /home/komal/data-engineering-projects/airflow-spark-pipeline/airflow_venv/lib/python3.11/site-packages/airflow/example_dags/plugins/decreasing_priority_weight_strategy.py took 0.066 seconds
[2026-03-18T18:18:33.772+0000] {processor.py:186} INFO - Started process (PID=40626) to work on /home/komal/data-engineering-projects/airflow-spark-pipeline/airflow_venv/lib/python3.11/site-packages/airflow/example_dags/plugins/decreasing_priority_weight_strategy.py
[2026-03-18T18:18:33.775+0000] {processor.py:914} INFO - Processing file /home/komal/data-engineering-projects/airflow-spark-pipeline/airflow_venv/lib/python3.11/site-packages/airflow/example_dags/plugins/decreasing_priority_weight_strategy.py for tasks to queue
[2026-03-18T18:18:33.778+0000] {logging_mixin.py:190} INFO - [2026-03-18T18:18:33.778+0000] {dagbag.py:588} INFO - Filling up the DagBag from /home/komal/data-engineering-projects/airflow-spark-pipeline/airflow_venv/lib/python3.11/site-packages/airflow/example_dags/plugins/decreasing_priority_weight_strategy.py
[2026-03-18T18:18:33.781+0000] {processor.py:927} WARNING - No viable dags retrieved from /home/komal/data-engineering-projects/airflow-spark-pipeline/airflow_venv/lib/python3.11/site-packages/airflow/example_dags/plugins/decreasing_priority_weight_strategy.py
[2026-03-18T18:18:33.797+0000] {processor.py:208} INFO - Processing /home/komal/data-engineering-projects/airflow-spark-pipeline/airflow_venv/lib/python3.11/site-packages/airflow/example_dags/plugins/decreasing_priority_weight_strategy.py took 0.038 seconds
[2026-03-18T18:19:45.521+0000] {processor.py:186} INFO - Started process (PID=40691) to work on /home/komal/data-engineering-projects/airflow-spark-pipeline/airflow_venv/lib/python3.11/site-packages/airflow/example_dags/plugins/decreasing_priority_weight_strategy.py
[2026-03-18T18:19:45.553+0000] {processor.py:914} INFO - Processing file /home/komal/data-engineering-projects/airflow-spark-pipeline/airflow_venv/lib/python3.11/site-packages/airflow/example_dags/plugins/decreasing_priority_weight_strategy.py for tasks to queue
[2026-03-18T18:19:45.557+0000] {logging_mixin.py:190} INFO - [2026-03-18T18:19:45.557+0000] {dagbag.py:588} INFO - Filling up the DagBag from /home/komal/data-engineering-projects/airflow-spark-pipeline/airflow_venv/lib/python3.11/site-packages/airflow/example_dags/plugins/decreasing_priority_weight_strategy.py
[2026-03-18T18:19:45.561+0000] {processor.py:927} WARNING - No viable dags retrieved from /home/komal/data-engineering-projects/airflow-spark-pipeline/airflow_venv/lib/python3.11/site-packages/airflow/example_dags/plugins/decreasing_priority_weight_strategy.py
[2026-03-18T18:19:45.577+0000] {processor.py:208} INFO - Processing /home/komal/data-engineering-projects/airflow-spark-pipeline/airflow_venv/lib/python3.11/site-packages/airflow/example_dags/plugins/decreasing_priority_weight_strategy.py took 0.061 seconds
[2026-03-18T18:20:53.146+0000] {processor.py:186} INFO - Started process (PID=40758) to work on /home/komal/data-engineering-projects/airflow-spark-pipeline/airflow_venv/lib/python3.11/site-packages/airflow/example_dags/plugins/decreasing_priority_weight_strategy.py
[2026-03-18T18:20:53.184+0000] {processor.py:914} INFO - Processing file /home/komal/data-engineering-projects/airflow-spark-pipeline/airflow_venv/lib/python3.11/site-packages/airflow/example_dags/plugins/decreasing_priority_weight_strategy.py for tasks to queue
[2026-03-18T18:20:53.186+0000] {logging_mixin.py:190} INFO - [2026-03-18T18:20:53.186+0000] {dagbag.py:588} INFO - Filling up the DagBag from /home/komal/data-engineering-projects/airflow-spark-pipeline/airflow_venv/lib/python3.11/site-packages/airflow/example_dags/plugins/decreasing_priority_weight_strategy.py
[2026-03-18T18:20:53.188+0000] {processor.py:927} WARNING - No viable dags retrieved from /home/komal/data-engineering-projects/airflow-spark-pipeline/airflow_venv/lib/python3.11/site-packages/airflow/example_dags/plugins/decreasing_priority_weight_strategy.py
[2026-03-18T18:20:53.203+0000] {processor.py:208} INFO - Processing /home/komal/data-engineering-projects/airflow-spark-pipeline/airflow_venv/lib/python3.11/site-packages/airflow/example_dags/plugins/decreasing_priority_weight_strategy.py took 0.067 seconds
[2026-03-18T18:22:01.067+0000] {processor.py:186} INFO - Started process (PID=40894) to work on /home/komal/data-engineering-projects/airflow-spark-pipeline/airflow_venv/lib/python3.11/site-packages/airflow/example_dags/plugins/decreasing_priority_weight_strategy.py
[2026-03-18T18:22:01.077+0000] {processor.py:914} INFO - Processing file /home/komal/data-engineering-projects/airflow-spark-pipeline/airflow_venv/lib/python3.11/site-packages/airflow/example_dags/plugins/decreasing_priority_weight_strategy.py for tasks to queue
[2026-03-18T18:22:01.080+0000] {logging_mixin.py:190} INFO - [2026-03-18T18:22:01.079+0000] {dagbag.py:588} INFO - Filling up the DagBag from /home/komal/data-engineering-projects/airflow-spark-pipeline/airflow_venv/lib/python3.11/site-packages/airflow/example_dags/plugins/decreasing_priority_weight_strategy.py
[2026-03-18T18:22:01.082+0000] {processor.py:927} WARNING - No viable dags retrieved from /home/komal/data-engineering-projects/airflow-spark-pipeline/airflow_venv/lib/python3.11/site-packages/airflow/example_dags/plugins/decreasing_priority_weight_strategy.py
[2026-03-18T18:22:01.097+0000] {processor.py:208} INFO - Processing /home/komal/data-engineering-projects/airflow-spark-pipeline/airflow_venv/lib/python3.11/site-packages/airflow/example_dags/plugins/decreasing_priority_weight_strategy.py took 0.035 seconds
[2026-03-18T18:23:11.750+0000] {processor.py:186} INFO - Started process (PID=40962) to work on /home/komal/data-engineering-projects/airflow-spark-pipeline/airflow_venv/lib/python3.11/site-packages/airflow/example_dags/plugins/decreasing_priority_weight_strategy.py
[2026-03-18T18:23:11.754+0000] {processor.py:914} INFO - Processing file /home/komal/data-engineering-projects/airflow-spark-pipeline/airflow_venv/lib/python3.11/site-packages/airflow/example_dags/plugins/decreasing_priority_weight_strategy.py for tasks to queue
[2026-03-18T18:23:11.757+0000] {logging_mixin.py:190} INFO - [2026-03-18T18:23:11.757+0000] {dagbag.py:588} INFO - Filling up the DagBag from /home/komal/data-engineering-projects/airflow-spark-pipeline/airflow_venv/lib/python3.11/site-packages/airflow/example_dags/plugins/decreasing_priority_weight_strategy.py
[2026-03-18T18:23:11.759+0000] {processor.py:927} WARNING - No viable dags retrieved from /home/komal/data-engineering-projects/airflow-spark-pipeline/airflow_venv/lib/python3.11/site-packages/airflow/example_dags/plugins/decreasing_priority_weight_strategy.py
[2026-03-18T18:23:11.767+0000] {processor.py:208} INFO - Processing /home/komal/data-engineering-projects/airflow-spark-pipeline/airflow_venv/lib/python3.11/site-packages/airflow/example_dags/plugins/decreasing_priority_weight_strategy.py took 0.024 seconds
[2026-03-18T18:24:21.612+0000] {processor.py:186} INFO - Started process (PID=41030) to work on /home/komal/data-engineering-projects/airflow-spark-pipeline/airflow_venv/lib/python3.11/site-packages/airflow/example_dags/plugins/decreasing_priority_weight_strategy.py
[2026-03-18T18:24:21.643+0000] {processor.py:914} INFO - Processing file /home/komal/data-engineering-projects/airflow-spark-pipeline/airflow_venv/lib/python3.11/site-packages/airflow/example_dags/plugins/decreasing_priority_weight_strategy.py for tasks to queue
[2026-03-18T18:24:21.645+0000] {logging_mixin.py:190} INFO - [2026-03-18T18:24:21.645+0000] {dagbag.py:588} INFO - Filling up the DagBag from /home/komal/data-engineering-projects/airflow-spark-pipeline/airflow_venv/lib/python3.11/site-packages/airflow/example_dags/plugins/decreasing_priority_weight_strategy.py
[2026-03-18T18:24:21.647+0000] {processor.py:927} WARNING - No viable dags retrieved from /home/komal/data-engineering-projects/airflow-spark-pipeline/airflow_venv/lib/python3.11/site-packages/airflow/example_dags/plugins/decreasing_priority_weight_strategy.py
[2026-03-18T18:24:21.665+0000] {processor.py:208} INFO - Processing /home/komal/data-engineering-projects/airflow-spark-pipeline/airflow_venv/lib/python3.11/site-packages/airflow/example_dags/plugins/decreasing_priority_weight_strategy.py took 0.058 seconds
[2026-03-18T18:25:26.352+0000] {processor.py:186} INFO - Started process (PID=41168) to work on /home/komal/data-engineering-projects/airflow-spark-pipeline/airflow_venv/lib/python3.11/site-packages/airflow/example_dags/plugins/decreasing_priority_weight_strategy.py
[2026-03-18T18:25:26.384+0000] {processor.py:914} INFO - Processing file /home/komal/data-engineering-projects/airflow-spark-pipeline/airflow_venv/lib/python3.11/site-packages/airflow/example_dags/plugins/decreasing_priority_weight_strategy.py for tasks to queue
[2026-03-18T18:25:26.388+0000] {logging_mixin.py:190} INFO - [2026-03-18T18:25:26.387+0000] {dagbag.py:588} INFO - Filling up the DagBag from /home/komal/data-engineering-projects/airflow-spark-pipeline/airflow_venv/lib/python3.11/site-packages/airflow/example_dags/plugins/decreasing_priority_weight_strategy.py
[2026-03-18T18:25:26.392+0000] {processor.py:927} WARNING - No viable dags retrieved from /home/komal/data-engineering-projects/airflow-spark-pipeline/airflow_venv/lib/python3.11/site-packages/airflow/example_dags/plugins/decreasing_priority_weight_strategy.py
[2026-03-18T18:25:26.408+0000] {processor.py:208} INFO - Processing /home/komal/data-engineering-projects/airflow-spark-pipeline/airflow_venv/lib/python3.11/site-packages/airflow/example_dags/plugins/decreasing_priority_weight_strategy.py took 0.066 seconds
[2026-03-18T18:26:33.286+0000] {processor.py:186} INFO - Started process (PID=41233) to work on /home/komal/data-engineering-projects/airflow-spark-pipeline/airflow_venv/lib/python3.11/site-packages/airflow/example_dags/plugins/decreasing_priority_weight_strategy.py
[2026-03-18T18:26:33.288+0000] {processor.py:914} INFO - Processing file /home/komal/data-engineering-projects/airflow-spark-pipeline/airflow_venv/lib/python3.11/site-packages/airflow/example_dags/plugins/decreasing_priority_weight_strategy.py for tasks to queue
[2026-03-18T18:26:33.290+0000] {logging_mixin.py:190} INFO - [2026-03-18T18:26:33.289+0000] {dagbag.py:588} INFO - Filling up the DagBag from /home/komal/data-engineering-projects/airflow-spark-pipeline/airflow_venv/lib/python3.11/site-packages/airflow/example_dags/plugins/decreasing_priority_weight_strategy.py
[2026-03-18T18:26:33.292+0000] {processor.py:927} WARNING - No viable dags retrieved from /home/komal/data-engineering-projects/airflow-spark-pipeline/airflow_venv/lib/python3.11/site-packages/airflow/example_dags/plugins/decreasing_priority_weight_strategy.py
[2026-03-18T18:26:33.299+0000] {processor.py:208} INFO - Processing /home/komal/data-engineering-projects/airflow-spark-pipeline/airflow_venv/lib/python3.11/site-packages/airflow/example_dags/plugins/decreasing_priority_weight_strategy.py took 0.022 seconds
[2026-03-18T18:27:40.714+0000] {processor.py:186} INFO - Started process (PID=41298) to work on /home/komal/data-engineering-projects/airflow-spark-pipeline/airflow_venv/lib/python3.11/site-packages/airflow/example_dags/plugins/decreasing_priority_weight_strategy.py
[2026-03-18T18:27:40.727+0000] {processor.py:914} INFO - Processing file /home/komal/data-engineering-projects/airflow-spark-pipeline/airflow_venv/lib/python3.11/site-packages/airflow/example_dags/plugins/decreasing_priority_weight_strategy.py for tasks to queue
[2026-03-18T18:27:40.730+0000] {logging_mixin.py:190} INFO - [2026-03-18T18:27:40.730+0000] {dagbag.py:588} INFO - Filling up the DagBag from /home/komal/data-engineering-projects/airflow-spark-pipeline/airflow_venv/lib/python3.11/site-packages/airflow/example_dags/plugins/decreasing_priority_weight_strategy.py
[2026-03-18T18:27:40.734+0000] {processor.py:927} WARNING - No viable dags retrieved from /home/komal/data-engineering-projects/airflow-spark-pipeline/airflow_venv/lib/python3.11/site-packages/airflow/example_dags/plugins/decreasing_priority_weight_strategy.py
[2026-03-18T18:27:40.750+0000] {processor.py:208} INFO - Processing /home/komal/data-engineering-projects/airflow-spark-pipeline/airflow_venv/lib/python3.11/site-packages/airflow/example_dags/plugins/decreasing_priority_weight_strategy.py took 0.040 seconds
[2026-03-18T18:28:47.569+0000] {processor.py:186} INFO - Started process (PID=41372) to work on /home/komal/data-engineering-projects/airflow-spark-pipeline/airflow_venv/lib/python3.11/site-packages/airflow/example_dags/plugins/decreasing_priority_weight_strategy.py
[2026-03-18T18:28:47.590+0000] {processor.py:914} INFO - Processing file /home/komal/data-engineering-projects/airflow-spark-pipeline/airflow_venv/lib/python3.11/site-packages/airflow/example_dags/plugins/decreasing_priority_weight_strategy.py for tasks to queue
[2026-03-18T18:28:47.594+0000] {logging_mixin.py:190} INFO - [2026-03-18T18:28:47.593+0000] {dagbag.py:588} INFO - Filling up the DagBag from /home/komal/data-engineering-projects/airflow-spark-pipeline/airflow_venv/lib/python3.11/site-packages/airflow/example_dags/plugins/decreasing_priority_weight_strategy.py
[2026-03-18T18:28:47.599+0000] {processor.py:927} WARNING - No viable dags retrieved from /home/komal/data-engineering-projects/airflow-spark-pipeline/airflow_venv/lib/python3.11/site-packages/airflow/example_dags/plugins/decreasing_priority_weight_strategy.py
[2026-03-18T18:28:47.616+0000] {processor.py:208} INFO - Processing /home/komal/data-engineering-projects/airflow-spark-pipeline/airflow_venv/lib/python3.11/site-packages/airflow/example_dags/plugins/decreasing_priority_weight_strategy.py took 0.058 seconds
[2026-03-18T18:29:55.969+0000] {processor.py:186} INFO - Started process (PID=41436) to work on /home/komal/data-engineering-projects/airflow-spark-pipeline/airflow_venv/lib/python3.11/site-packages/airflow/example_dags/plugins/decreasing_priority_weight_strategy.py
[2026-03-18T18:29:56.002+0000] {processor.py:914} INFO - Processing file /home/komal/data-engineering-projects/airflow-spark-pipeline/airflow_venv/lib/python3.11/site-packages/airflow/example_dags/plugins/decreasing_priority_weight_strategy.py for tasks to queue
[2026-03-18T18:29:56.006+0000] {logging_mixin.py:190} INFO - [2026-03-18T18:29:56.006+0000] {dagbag.py:588} INFO - Filling up the DagBag from /home/komal/data-engineering-projects/airflow-spark-pipeline/airflow_venv/lib/python3.11/site-packages/airflow/example_dags/plugins/decreasing_priority_weight_strategy.py
[2026-03-18T18:29:56.010+0000] {processor.py:927} WARNING - No viable dags retrieved from /home/komal/data-engineering-projects/airflow-spark-pipeline/airflow_venv/lib/python3.11/site-packages/airflow/example_dags/plugins/decreasing_priority_weight_strategy.py
[2026-03-18T18:29:56.027+0000] {processor.py:208} INFO - Processing /home/komal/data-engineering-projects/airflow-spark-pipeline/airflow_venv/lib/python3.11/site-packages/airflow/example_dags/plugins/decreasing_priority_weight_strategy.py took 0.068 seconds
[2026-03-18T18:30:59.231+0000] {processor.py:186} INFO - Started process (PID=41500) to work on /home/komal/data-engineering-projects/airflow-spark-pipeline/airflow_venv/lib/python3.11/site-packages/airflow/example_dags/plugins/decreasing_priority_weight_strategy.py
[2026-03-18T18:30:59.235+0000] {processor.py:914} INFO - Processing file /home/komal/data-engineering-projects/airflow-spark-pipeline/airflow_venv/lib/python3.11/site-packages/airflow/example_dags/plugins/decreasing_priority_weight_strategy.py for tasks to queue
[2026-03-18T18:30:59.237+0000] {logging_mixin.py:190} INFO - [2026-03-18T18:30:59.237+0000] {dagbag.py:588} INFO - Filling up the DagBag from /home/komal/data-engineering-projects/airflow-spark-pipeline/airflow_venv/lib/python3.11/site-packages/airflow/example_dags/plugins/decreasing_priority_weight_strategy.py
[2026-03-18T18:30:59.239+0000] {processor.py:927} WARNING - No viable dags retrieved from /home/komal/data-engineering-projects/airflow-spark-pipeline/airflow_venv/lib/python3.11/site-packages/airflow/example_dags/plugins/decreasing_priority_weight_strategy.py
[2026-03-18T18:30:59.247+0000] {processor.py:208} INFO - Processing /home/komal/data-engineering-projects/airflow-spark-pipeline/airflow_venv/lib/python3.11/site-packages/airflow/example_dags/plugins/decreasing_priority_weight_strategy.py took 0.024 seconds
[2026-03-18T18:32:06.646+0000] {processor.py:186} INFO - Started process (PID=41565) to work on /home/komal/data-engineering-projects/airflow-spark-pipeline/airflow_venv/lib/python3.11/site-packages/airflow/example_dags/plugins/decreasing_priority_weight_strategy.py
[2026-03-18T18:32:06.678+0000] {processor.py:914} INFO - Processing file /home/komal/data-engineering-projects/airflow-spark-pipeline/airflow_venv/lib/python3.11/site-packages/airflow/example_dags/plugins/decreasing_priority_weight_strategy.py for tasks to queue
[2026-03-18T18:32:06.682+0000] {logging_mixin.py:190} INFO - [2026-03-18T18:32:06.681+0000] {dagbag.py:588} INFO - Filling up the DagBag from /home/komal/data-engineering-projects/airflow-spark-pipeline/airflow_venv/lib/python3.11/site-packages/airflow/example_dags/plugins/decreasing_priority_weight_strategy.py
[2026-03-18T18:32:06.686+0000] {processor.py:927} WARNING - No viable dags retrieved from /home/komal/data-engineering-projects/airflow-spark-pipeline/airflow_venv/lib/python3.11/site-packages/airflow/example_dags/plugins/decreasing_priority_weight_strategy.py
[2026-03-18T18:32:06.697+0000] {processor.py:208} INFO - Processing /home/komal/data-engineering-projects/airflow-spark-pipeline/airflow_venv/lib/python3.11/site-packages/airflow/example_dags/plugins/decreasing_priority_weight_strategy.py took 0.061 seconds
[2026-03-18T18:33:21.216+0000] {processor.py:186} INFO - Started process (PID=41631) to work on /home/komal/data-engineering-projects/airflow-spark-pipeline/airflow_venv/lib/python3.11/site-packages/airflow/example_dags/plugins/decreasing_priority_weight_strategy.py
[2026-03-18T18:33:21.248+0000] {processor.py:914} INFO - Processing file /home/komal/data-engineering-projects/airflow-spark-pipeline/airflow_venv/lib/python3.11/site-packages/airflow/example_dags/plugins/decreasing_priority_weight_strategy.py for tasks to queue
[2026-03-18T18:33:21.251+0000] {logging_mixin.py:190} INFO - [2026-03-18T18:33:21.250+0000] {dagbag.py:588} INFO - Filling up the DagBag from /home/komal/data-engineering-projects/airflow-spark-pipeline/airflow_venv/lib/python3.11/site-packages/airflow/example_dags/plugins/decreasing_priority_weight_strategy.py
[2026-03-18T18:33:21.256+0000] {processor.py:927} WARNING - No viable dags retrieved from /home/komal/data-engineering-projects/airflow-spark-pipeline/airflow_venv/lib/python3.11/site-packages/airflow/example_dags/plugins/decreasing_priority_weight_strategy.py
[2026-03-18T18:33:21.268+0000] {processor.py:208} INFO - Processing /home/komal/data-engineering-projects/airflow-spark-pipeline/airflow_venv/lib/python3.11/site-packages/airflow/example_dags/plugins/decreasing_priority_weight_strategy.py took 0.062 seconds
[2026-03-18T18:34:30.338+0000] {processor.py:186} INFO - Started process (PID=41695) to work on /home/komal/data-engineering-projects/airflow-spark-pipeline/airflow_venv/lib/python3.11/site-packages/airflow/example_dags/plugins/decreasing_priority_weight_strategy.py
[2026-03-18T18:34:30.370+0000] {processor.py:914} INFO - Processing file /home/komal/data-engineering-projects/airflow-spark-pipeline/airflow_venv/lib/python3.11/site-packages/airflow/example_dags/plugins/decreasing_priority_weight_strategy.py for tasks to queue
[2026-03-18T18:34:30.373+0000] {logging_mixin.py:190} INFO - [2026-03-18T18:34:30.373+0000] {dagbag.py:588} INFO - Filling up the DagBag from /home/komal/data-engineering-projects/airflow-spark-pipeline/airflow_venv/lib/python3.11/site-packages/airflow/example_dags/plugins/decreasing_priority_weight_strategy.py
[2026-03-18T18:34:30.377+0000] {processor.py:927} WARNING - No viable dags retrieved from /home/komal/data-engineering-projects/airflow-spark-pipeline/airflow_venv/lib/python3.11/site-packages/airflow/example_dags/plugins/decreasing_priority_weight_strategy.py
[2026-03-18T18:34:30.388+0000] {processor.py:208} INFO - Processing /home/komal/data-engineering-projects/airflow-spark-pipeline/airflow_venv/lib/python3.11/site-packages/airflow/example_dags/plugins/decreasing_priority_weight_strategy.py took 0.056 seconds
[2026-03-18T18:35:36.500+0000] {processor.py:186} INFO - Started process (PID=41757) to work on /home/komal/data-engineering-projects/airflow-spark-pipeline/airflow_venv/lib/python3.11/site-packages/airflow/example_dags/plugins/decreasing_priority_weight_strategy.py
[2026-03-18T18:35:36.502+0000] {processor.py:914} INFO - Processing file /home/komal/data-engineering-projects/airflow-spark-pipeline/airflow_venv/lib/python3.11/site-packages/airflow/example_dags/plugins/decreasing_priority_weight_strategy.py for tasks to queue
[2026-03-18T18:35:36.506+0000] {logging_mixin.py:190} INFO - [2026-03-18T18:35:36.505+0000] {dagbag.py:588} INFO - Filling up the DagBag from /home/komal/data-engineering-projects/airflow-spark-pipeline/airflow_venv/lib/python3.11/site-packages/airflow/example_dags/plugins/decreasing_priority_weight_strategy.py
[2026-03-18T18:35:36.509+0000] {processor.py:927} WARNING - No viable dags retrieved from /home/komal/data-engineering-projects/airflow-spark-pipeline/airflow_venv/lib/python3.11/site-packages/airflow/example_dags/plugins/decreasing_priority_weight_strategy.py
[2026-03-18T18:35:36.524+0000] {processor.py:208} INFO - Processing /home/komal/data-engineering-projects/airflow-spark-pipeline/airflow_venv/lib/python3.11/site-packages/airflow/example_dags/plugins/decreasing_priority_weight_strategy.py took 0.035 seconds
[2026-03-18T18:36:41.573+0000] {processor.py:186} INFO - Started process (PID=41821) to work on /home/komal/data-engineering-projects/airflow-spark-pipeline/airflow_venv/lib/python3.11/site-packages/airflow/example_dags/plugins/decreasing_priority_weight_strategy.py
[2026-03-18T18:36:41.604+0000] {processor.py:914} INFO - Processing file /home/komal/data-engineering-projects/airflow-spark-pipeline/airflow_venv/lib/python3.11/site-packages/airflow/example_dags/plugins/decreasing_priority_weight_strategy.py for tasks to queue
[2026-03-18T18:36:41.608+0000] {logging_mixin.py:190} INFO - [2026-03-18T18:36:41.607+0000] {dagbag.py:588} INFO - Filling up the DagBag from /home/komal/data-engineering-projects/airflow-spark-pipeline/airflow_venv/lib/python3.11/site-packages/airflow/example_dags/plugins/decreasing_priority_weight_strategy.py
[2026-03-18T18:36:41.611+0000] {processor.py:927} WARNING - No viable dags retrieved from /home/komal/data-engineering-projects/airflow-spark-pipeline/airflow_venv/lib/python3.11/site-packages/airflow/example_dags/plugins/decreasing_priority_weight_strategy.py
[2026-03-18T18:36:41.625+0000] {processor.py:208} INFO - Processing /home/komal/data-engineering-projects/airflow-spark-pipeline/airflow_venv/lib/python3.11/site-packages/airflow/example_dags/plugins/decreasing_priority_weight_strategy.py took 0.057 seconds
[2026-03-18T18:37:55.081+0000] {processor.py:186} INFO - Started process (PID=41891) to work on /home/komal/data-engineering-projects/airflow-spark-pipeline/airflow_venv/lib/python3.11/site-packages/airflow/example_dags/plugins/decreasing_priority_weight_strategy.py
[2026-03-18T18:37:55.113+0000] {processor.py:914} INFO - Processing file /home/komal/data-engineering-projects/airflow-spark-pipeline/airflow_venv/lib/python3.11/site-packages/airflow/example_dags/plugins/decreasing_priority_weight_strategy.py for tasks to queue
[2026-03-18T18:37:55.118+0000] {logging_mixin.py:190} INFO - [2026-03-18T18:37:55.117+0000] {dagbag.py:588} INFO - Filling up the DagBag from /home/komal/data-engineering-projects/airflow-spark-pipeline/airflow_venv/lib/python3.11/site-packages/airflow/example_dags/plugins/decreasing_priority_weight_strategy.py
[2026-03-18T18:37:55.123+0000] {processor.py:927} WARNING - No viable dags retrieved from /home/komal/data-engineering-projects/airflow-spark-pipeline/airflow_venv/lib/python3.11/site-packages/airflow/example_dags/plugins/decreasing_priority_weight_strategy.py
[2026-03-18T18:37:55.143+0000] {processor.py:208} INFO - Processing /home/komal/data-engineering-projects/airflow-spark-pipeline/airflow_venv/lib/python3.11/site-packages/airflow/example_dags/plugins/decreasing_priority_weight_strategy.py took 0.071 seconds
[2026-03-18T18:39:03.566+0000] {processor.py:186} INFO - Started process (PID=41957) to work on /home/komal/data-engineering-projects/airflow-spark-pipeline/airflow_venv/lib/python3.11/site-packages/airflow/example_dags/plugins/decreasing_priority_weight_strategy.py
[2026-03-18T18:39:03.598+0000] {processor.py:914} INFO - Processing file /home/komal/data-engineering-projects/airflow-spark-pipeline/airflow_venv/lib/python3.11/site-packages/airflow/example_dags/plugins/decreasing_priority_weight_strategy.py for tasks to queue
[2026-03-18T18:39:03.602+0000] {logging_mixin.py:190} INFO - [2026-03-18T18:39:03.602+0000] {dagbag.py:588} INFO - Filling up the DagBag from /home/komal/data-engineering-projects/airflow-spark-pipeline/airflow_venv/lib/python3.11/site-packages/airflow/example_dags/plugins/decreasing_priority_weight_strategy.py
[2026-03-18T18:39:03.606+0000] {processor.py:927} WARNING - No viable dags retrieved from /home/komal/data-engineering-projects/airflow-spark-pipeline/airflow_venv/lib/python3.11/site-packages/airflow/example_dags/plugins/decreasing_priority_weight_strategy.py
[2026-03-18T18:39:03.618+0000] {processor.py:208} INFO - Processing /home/komal/data-engineering-projects/airflow-spark-pipeline/airflow_venv/lib/python3.11/site-packages/airflow/example_dags/plugins/decreasing_priority_weight_strategy.py took 0.059 seconds
[2026-03-18T18:40:12.023+0000] {processor.py:186} INFO - Started process (PID=42022) to work on /home/komal/data-engineering-projects/airflow-spark-pipeline/airflow_venv/lib/python3.11/site-packages/airflow/example_dags/plugins/decreasing_priority_weight_strategy.py
[2026-03-18T18:40:12.026+0000] {processor.py:914} INFO - Processing file /home/komal/data-engineering-projects/airflow-spark-pipeline/airflow_venv/lib/python3.11/site-packages/airflow/example_dags/plugins/decreasing_priority_weight_strategy.py for tasks to queue
[2026-03-18T18:40:12.027+0000] {logging_mixin.py:190} INFO - [2026-03-18T18:40:12.027+0000] {dagbag.py:588} INFO - Filling up the DagBag from /home/komal/data-engineering-projects/airflow-spark-pipeline/airflow_venv/lib/python3.11/site-packages/airflow/example_dags/plugins/decreasing_priority_weight_strategy.py
[2026-03-18T18:40:12.029+0000] {processor.py:927} WARNING - No viable dags retrieved from /home/komal/data-engineering-projects/airflow-spark-pipeline/airflow_venv/lib/python3.11/site-packages/airflow/example_dags/plugins/decreasing_priority_weight_strategy.py
[2026-03-18T18:40:12.038+0000] {processor.py:208} INFO - Processing /home/komal/data-engineering-projects/airflow-spark-pipeline/airflow_venv/lib/python3.11/site-packages/airflow/example_dags/plugins/decreasing_priority_weight_strategy.py took 0.019 seconds
[2026-03-18T18:41:23.383+0000] {processor.py:186} INFO - Started process (PID=42088) to work on /home/komal/data-engineering-projects/airflow-spark-pipeline/airflow_venv/lib/python3.11/site-packages/airflow/example_dags/plugins/decreasing_priority_weight_strategy.py
[2026-03-18T18:41:23.396+0000] {processor.py:914} INFO - Processing file /home/komal/data-engineering-projects/airflow-spark-pipeline/airflow_venv/lib/python3.11/site-packages/airflow/example_dags/plugins/decreasing_priority_weight_strategy.py for tasks to queue
[2026-03-18T18:41:23.398+0000] {logging_mixin.py:190} INFO - [2026-03-18T18:41:23.397+0000] {dagbag.py:588} INFO - Filling up the DagBag from /home/komal/data-engineering-projects/airflow-spark-pipeline/airflow_venv/lib/python3.11/site-packages/airflow/example_dags/plugins/decreasing_priority_weight_strategy.py
[2026-03-18T18:41:23.400+0000] {processor.py:927} WARNING - No viable dags retrieved from /home/komal/data-engineering-projects/airflow-spark-pipeline/airflow_venv/lib/python3.11/site-packages/airflow/example_dags/plugins/decreasing_priority_weight_strategy.py
[2026-03-18T18:41:23.409+0000] {processor.py:208} INFO - Processing /home/komal/data-engineering-projects/airflow-spark-pipeline/airflow_venv/lib/python3.11/site-packages/airflow/example_dags/plugins/decreasing_priority_weight_strategy.py took 0.030 seconds
[2026-03-18T18:42:37.026+0000] {processor.py:186} INFO - Started process (PID=42156) to work on /home/komal/data-engineering-projects/airflow-spark-pipeline/airflow_venv/lib/python3.11/site-packages/airflow/example_dags/plugins/decreasing_priority_weight_strategy.py
[2026-03-18T18:42:37.027+0000] {processor.py:914} INFO - Processing file /home/komal/data-engineering-projects/airflow-spark-pipeline/airflow_venv/lib/python3.11/site-packages/airflow/example_dags/plugins/decreasing_priority_weight_strategy.py for tasks to queue
[2026-03-18T18:42:37.030+0000] {logging_mixin.py:190} INFO - [2026-03-18T18:42:37.029+0000] {dagbag.py:588} INFO - Filling up the DagBag from /home/komal/data-engineering-projects/airflow-spark-pipeline/airflow_venv/lib/python3.11/site-packages/airflow/example_dags/plugins/decreasing_priority_weight_strategy.py
[2026-03-18T18:42:37.033+0000] {processor.py:927} WARNING - No viable dags retrieved from /home/komal/data-engineering-projects/airflow-spark-pipeline/airflow_venv/lib/python3.11/site-packages/airflow/example_dags/plugins/decreasing_priority_weight_strategy.py
[2026-03-18T18:42:37.042+0000] {processor.py:208} INFO - Processing /home/komal/data-engineering-projects/airflow-spark-pipeline/airflow_venv/lib/python3.11/site-packages/airflow/example_dags/plugins/decreasing_priority_weight_strategy.py took 0.023 seconds
[2026-03-18T18:43:49.945+0000] {processor.py:186} INFO - Started process (PID=42225) to work on /home/komal/data-engineering-projects/airflow-spark-pipeline/airflow_venv/lib/python3.11/site-packages/airflow/example_dags/plugins/decreasing_priority_weight_strategy.py
[2026-03-18T18:43:49.949+0000] {processor.py:914} INFO - Processing file /home/komal/data-engineering-projects/airflow-spark-pipeline/airflow_venv/lib/python3.11/site-packages/airflow/example_dags/plugins/decreasing_priority_weight_strategy.py for tasks to queue
[2026-03-18T18:43:49.953+0000] {logging_mixin.py:190} INFO - [2026-03-18T18:43:49.952+0000] {dagbag.py:588} INFO - Filling up the DagBag from /home/komal/data-engineering-projects/airflow-spark-pipeline/airflow_venv/lib/python3.11/site-packages/airflow/example_dags/plugins/decreasing_priority_weight_strategy.py
[2026-03-18T18:43:49.957+0000] {processor.py:927} WARNING - No viable dags retrieved from /home/komal/data-engineering-projects/airflow-spark-pipeline/airflow_venv/lib/python3.11/site-packages/airflow/example_dags/plugins/decreasing_priority_weight_strategy.py
[2026-03-18T18:43:49.973+0000] {processor.py:208} INFO - Processing /home/komal/data-engineering-projects/airflow-spark-pipeline/airflow_venv/lib/python3.11/site-packages/airflow/example_dags/plugins/decreasing_priority_weight_strategy.py took 0.037 seconds
[2026-03-18T18:44:57.999+0000] {processor.py:186} INFO - Started process (PID=42289) to work on /home/komal/data-engineering-projects/airflow-spark-pipeline/airflow_venv/lib/python3.11/site-packages/airflow/example_dags/plugins/decreasing_priority_weight_strategy.py
[2026-03-18T18:44:58.030+0000] {processor.py:914} INFO - Processing file /home/komal/data-engineering-projects/airflow-spark-pipeline/airflow_venv/lib/python3.11/site-packages/airflow/example_dags/plugins/decreasing_priority_weight_strategy.py for tasks to queue
[2026-03-18T18:44:58.035+0000] {logging_mixin.py:190} INFO - [2026-03-18T18:44:58.034+0000] {dagbag.py:588} INFO - Filling up the DagBag from /home/komal/data-engineering-projects/airflow-spark-pipeline/airflow_venv/lib/python3.11/site-packages/airflow/example_dags/plugins/decreasing_priority_weight_strategy.py
[2026-03-18T18:44:58.039+0000] {processor.py:927} WARNING - No viable dags retrieved from /home/komal/data-engineering-projects/airflow-spark-pipeline/airflow_venv/lib/python3.11/site-packages/airflow/example_dags/plugins/decreasing_priority_weight_strategy.py
[2026-03-18T18:44:58.052+0000] {processor.py:208} INFO - Processing /home/komal/data-engineering-projects/airflow-spark-pipeline/airflow_venv/lib/python3.11/site-packages/airflow/example_dags/plugins/decreasing_priority_weight_strategy.py took 0.063 seconds
[2026-03-18T18:46:08.335+0000] {processor.py:186} INFO - Started process (PID=42357) to work on /home/komal/data-engineering-projects/airflow-spark-pipeline/airflow_venv/lib/python3.11/site-packages/airflow/example_dags/plugins/decreasing_priority_weight_strategy.py
[2026-03-18T18:46:08.365+0000] {processor.py:914} INFO - Processing file /home/komal/data-engineering-projects/airflow-spark-pipeline/airflow_venv/lib/python3.11/site-packages/airflow/example_dags/plugins/decreasing_priority_weight_strategy.py for tasks to queue
[2026-03-18T18:46:08.367+0000] {logging_mixin.py:190} INFO - [2026-03-18T18:46:08.367+0000] {dagbag.py:588} INFO - Filling up the DagBag from /home/komal/data-engineering-projects/airflow-spark-pipeline/airflow_venv/lib/python3.11/site-packages/airflow/example_dags/plugins/decreasing_priority_weight_strategy.py
[2026-03-18T18:46:08.369+0000] {processor.py:927} WARNING - No viable dags retrieved from /home/komal/data-engineering-projects/airflow-spark-pipeline/airflow_venv/lib/python3.11/site-packages/airflow/example_dags/plugins/decreasing_priority_weight_strategy.py
[2026-03-18T18:46:08.385+0000] {processor.py:208} INFO - Processing /home/komal/data-engineering-projects/airflow-spark-pipeline/airflow_venv/lib/python3.11/site-packages/airflow/example_dags/plugins/decreasing_priority_weight_strategy.py took 0.055 seconds
[2026-03-18T18:47:16.463+0000] {processor.py:186} INFO - Started process (PID=42646) to work on /home/komal/data-engineering-projects/airflow-spark-pipeline/airflow_venv/lib/python3.11/site-packages/airflow/example_dags/plugins/decreasing_priority_weight_strategy.py
[2026-03-18T18:47:16.470+0000] {processor.py:914} INFO - Processing file /home/komal/data-engineering-projects/airflow-spark-pipeline/airflow_venv/lib/python3.11/site-packages/airflow/example_dags/plugins/decreasing_priority_weight_strategy.py for tasks to queue
[2026-03-18T18:47:16.473+0000] {logging_mixin.py:190} INFO - [2026-03-18T18:47:16.472+0000] {dagbag.py:588} INFO - Filling up the DagBag from /home/komal/data-engineering-projects/airflow-spark-pipeline/airflow_venv/lib/python3.11/site-packages/airflow/example_dags/plugins/decreasing_priority_weight_strategy.py
[2026-03-18T18:47:16.477+0000] {processor.py:927} WARNING - No viable dags retrieved from /home/komal/data-engineering-projects/airflow-spark-pipeline/airflow_venv/lib/python3.11/site-packages/airflow/example_dags/plugins/decreasing_priority_weight_strategy.py
[2026-03-18T18:47:16.487+0000] {processor.py:208} INFO - Processing /home/komal/data-engineering-projects/airflow-spark-pipeline/airflow_venv/lib/python3.11/site-packages/airflow/example_dags/plugins/decreasing_priority_weight_strategy.py took 0.031 seconds
[2026-03-18T18:48:26.341+0000] {processor.py:186} INFO - Started process (PID=42712) to work on /home/komal/data-engineering-projects/airflow-spark-pipeline/airflow_venv/lib/python3.11/site-packages/airflow/example_dags/plugins/decreasing_priority_weight_strategy.py
[2026-03-18T18:48:26.372+0000] {processor.py:914} INFO - Processing file /home/komal/data-engineering-projects/airflow-spark-pipeline/airflow_venv/lib/python3.11/site-packages/airflow/example_dags/plugins/decreasing_priority_weight_strategy.py for tasks to queue
[2026-03-18T18:48:26.374+0000] {logging_mixin.py:190} INFO - [2026-03-18T18:48:26.374+0000] {dagbag.py:588} INFO - Filling up the DagBag from /home/komal/data-engineering-projects/airflow-spark-pipeline/airflow_venv/lib/python3.11/site-packages/airflow/example_dags/plugins/decreasing_priority_weight_strategy.py
[2026-03-18T18:48:26.377+0000] {processor.py:927} WARNING - No viable dags retrieved from /home/komal/data-engineering-projects/airflow-spark-pipeline/airflow_venv/lib/python3.11/site-packages/airflow/example_dags/plugins/decreasing_priority_weight_strategy.py
[2026-03-18T18:48:26.387+0000] {processor.py:208} INFO - Processing /home/komal/data-engineering-projects/airflow-spark-pipeline/airflow_venv/lib/python3.11/site-packages/airflow/example_dags/plugins/decreasing_priority_weight_strategy.py took 0.050 seconds
[2026-03-18T18:49:44.004+0000] {processor.py:186} INFO - Started process (PID=42786) to work on /home/komal/data-engineering-projects/airflow-spark-pipeline/airflow_venv/lib/python3.11/site-packages/airflow/example_dags/plugins/decreasing_priority_weight_strategy.py
[2026-03-18T18:49:44.026+0000] {processor.py:914} INFO - Processing file /home/komal/data-engineering-projects/airflow-spark-pipeline/airflow_venv/lib/python3.11/site-packages/airflow/example_dags/plugins/decreasing_priority_weight_strategy.py for tasks to queue
[2026-03-18T18:49:44.030+0000] {logging_mixin.py:190} INFO - [2026-03-18T18:49:44.029+0000] {dagbag.py:588} INFO - Filling up the DagBag from /home/komal/data-engineering-projects/airflow-spark-pipeline/airflow_venv/lib/python3.11/site-packages/airflow/example_dags/plugins/decreasing_priority_weight_strategy.py
[2026-03-18T18:49:44.034+0000] {processor.py:927} WARNING - No viable dags retrieved from /home/komal/data-engineering-projects/airflow-spark-pipeline/airflow_venv/lib/python3.11/site-packages/airflow/example_dags/plugins/decreasing_priority_weight_strategy.py
[2026-03-18T18:49:44.047+0000] {processor.py:208} INFO - Processing /home/komal/data-engineering-projects/airflow-spark-pipeline/airflow_venv/lib/python3.11/site-packages/airflow/example_dags/plugins/decreasing_priority_weight_strategy.py took 0.057 seconds
[2026-03-18T18:50:51.889+0000] {processor.py:186} INFO - Started process (PID=42855) to work on /home/komal/data-engineering-projects/airflow-spark-pipeline/airflow_venv/lib/python3.11/site-packages/airflow/example_dags/plugins/decreasing_priority_weight_strategy.py
[2026-03-18T18:50:51.922+0000] {processor.py:914} INFO - Processing file /home/komal/data-engineering-projects/airflow-spark-pipeline/airflow_venv/lib/python3.11/site-packages/airflow/example_dags/plugins/decreasing_priority_weight_strategy.py for tasks to queue
[2026-03-18T18:50:51.926+0000] {logging_mixin.py:190} INFO - [2026-03-18T18:50:51.925+0000] {dagbag.py:588} INFO - Filling up the DagBag from /home/komal/data-engineering-projects/airflow-spark-pipeline/airflow_venv/lib/python3.11/site-packages/airflow/example_dags/plugins/decreasing_priority_weight_strategy.py
[2026-03-18T18:50:51.929+0000] {processor.py:927} WARNING - No viable dags retrieved from /home/komal/data-engineering-projects/airflow-spark-pipeline/airflow_venv/lib/python3.11/site-packages/airflow/example_dags/plugins/decreasing_priority_weight_strategy.py
[2026-03-18T18:50:51.942+0000] {processor.py:208} INFO - Processing /home/komal/data-engineering-projects/airflow-spark-pipeline/airflow_venv/lib/python3.11/site-packages/airflow/example_dags/plugins/decreasing_priority_weight_strategy.py took 0.063 seconds
