[2026-03-18T06:15:48.946+0000] {processor.py:157} INFO - Started process (PID=27449) to work on /home/komal/data-engineering-projects/airflow-spark-pipeline/airflow_venv/lib/python3.11/site-packages/airflow/example_dags/plugins/workday.py
[2026-03-18T06:15:48.947+0000] {processor.py:826} INFO - Processing file /home/komal/data-engineering-projects/airflow-spark-pipeline/airflow_venv/lib/python3.11/site-packages/airflow/example_dags/plugins/workday.py for tasks to queue
[2026-03-18T06:15:48.947+0000] {logging_mixin.py:150} INFO - [2026-03-18T06:15:48.947+0000] {dagbag.py:541} INFO - Filling up the DagBag from /home/komal/data-engineering-projects/airflow-spark-pipeline/airflow_venv/lib/python3.11/site-packages/airflow/example_dags/plugins/workday.py
[2026-03-18T06:15:48.950+0000] {logging_mixin.py:150} INFO - [2026-03-18T06:15:48.949+0000] {workday.py:36} WARNING - Could not import pandas. Holidays will not be considered.
[2026-03-18T06:15:48.950+0000] {processor.py:838} WARNING - No viable dags retrieved from /home/komal/data-engineering-projects/airflow-spark-pipeline/airflow_venv/lib/python3.11/site-packages/airflow/example_dags/plugins/workday.py
[2026-03-18T06:15:48.962+0000] {processor.py:179} INFO - Processing /home/komal/data-engineering-projects/airflow-spark-pipeline/airflow_venv/lib/python3.11/site-packages/airflow/example_dags/plugins/workday.py took 0.019 seconds
[2026-03-18T06:16:51.458+0000] {processor.py:157} INFO - Started process (PID=27502) to work on /home/komal/data-engineering-projects/airflow-spark-pipeline/airflow_venv/lib/python3.11/site-packages/airflow/example_dags/plugins/workday.py
[2026-03-18T06:16:51.462+0000] {processor.py:826} INFO - Processing file /home/komal/data-engineering-projects/airflow-spark-pipeline/airflow_venv/lib/python3.11/site-packages/airflow/example_dags/plugins/workday.py for tasks to queue
[2026-03-18T06:16:51.463+0000] {logging_mixin.py:150} INFO - [2026-03-18T06:16:51.462+0000] {dagbag.py:541} INFO - Filling up the DagBag from /home/komal/data-engineering-projects/airflow-spark-pipeline/airflow_venv/lib/python3.11/site-packages/airflow/example_dags/plugins/workday.py
[2026-03-18T06:16:51.466+0000] {logging_mixin.py:150} INFO - [2026-03-18T06:16:51.466+0000] {workday.py:36} WARNING - Could not import pandas. Holidays will not be considered.
[2026-03-18T06:16:51.467+0000] {processor.py:838} WARNING - No viable dags retrieved from /home/komal/data-engineering-projects/airflow-spark-pipeline/airflow_venv/lib/python3.11/site-packages/airflow/example_dags/plugins/workday.py
[2026-03-18T06:16:51.476+0000] {processor.py:179} INFO - Processing /home/komal/data-engineering-projects/airflow-spark-pipeline/airflow_venv/lib/python3.11/site-packages/airflow/example_dags/plugins/workday.py took 0.024 seconds
[2026-03-18T06:17:33.965+0000] {processor.py:157} INFO - Started process (PID=27562) to work on /home/komal/data-engineering-projects/airflow-spark-pipeline/airflow_venv/lib/python3.11/site-packages/airflow/example_dags/plugins/workday.py
[2026-03-18T06:17:33.967+0000] {processor.py:826} INFO - Processing file /home/komal/data-engineering-projects/airflow-spark-pipeline/airflow_venv/lib/python3.11/site-packages/airflow/example_dags/plugins/workday.py for tasks to queue
[2026-03-18T06:17:33.967+0000] {logging_mixin.py:150} INFO - [2026-03-18T06:17:33.967+0000] {dagbag.py:541} INFO - Filling up the DagBag from /home/komal/data-engineering-projects/airflow-spark-pipeline/airflow_venv/lib/python3.11/site-packages/airflow/example_dags/plugins/workday.py
[2026-03-18T06:17:33.971+0000] {logging_mixin.py:150} INFO - [2026-03-18T06:17:33.971+0000] {workday.py:36} WARNING - Could not import pandas. Holidays will not be considered.
[2026-03-18T06:17:33.971+0000] {processor.py:838} WARNING - No viable dags retrieved from /home/komal/data-engineering-projects/airflow-spark-pipeline/airflow_venv/lib/python3.11/site-packages/airflow/example_dags/plugins/workday.py
[2026-03-18T06:17:33.979+0000] {processor.py:179} INFO - Processing /home/komal/data-engineering-projects/airflow-spark-pipeline/airflow_venv/lib/python3.11/site-packages/airflow/example_dags/plugins/workday.py took 0.018 seconds
[2026-03-18T06:18:08.256+0000] {processor.py:157} INFO - Started process (PID=27618) to work on /home/komal/data-engineering-projects/airflow-spark-pipeline/airflow_venv/lib/python3.11/site-packages/airflow/example_dags/plugins/workday.py
[2026-03-18T06:18:08.259+0000] {processor.py:826} INFO - Processing file /home/komal/data-engineering-projects/airflow-spark-pipeline/airflow_venv/lib/python3.11/site-packages/airflow/example_dags/plugins/workday.py for tasks to queue
[2026-03-18T06:18:08.259+0000] {logging_mixin.py:150} INFO - [2026-03-18T06:18:08.259+0000] {dagbag.py:541} INFO - Filling up the DagBag from /home/komal/data-engineering-projects/airflow-spark-pipeline/airflow_venv/lib/python3.11/site-packages/airflow/example_dags/plugins/workday.py
[2026-03-18T06:18:08.262+0000] {logging_mixin.py:150} INFO - [2026-03-18T06:18:08.262+0000] {workday.py:36} WARNING - Could not import pandas. Holidays will not be considered.
[2026-03-18T06:18:08.262+0000] {processor.py:838} WARNING - No viable dags retrieved from /home/komal/data-engineering-projects/airflow-spark-pipeline/airflow_venv/lib/python3.11/site-packages/airflow/example_dags/plugins/workday.py
[2026-03-18T06:18:08.269+0000] {processor.py:179} INFO - Processing /home/komal/data-engineering-projects/airflow-spark-pipeline/airflow_venv/lib/python3.11/site-packages/airflow/example_dags/plugins/workday.py took 0.014 seconds
[2026-03-18T06:33:31.208+0000] {processor.py:186} INFO - Started process (PID=28030) to work on /home/komal/data-engineering-projects/airflow-spark-pipeline/airflow_venv/lib/python3.11/site-packages/airflow/example_dags/plugins/workday.py
[2026-03-18T06:33:31.211+0000] {processor.py:914} INFO - Processing file /home/komal/data-engineering-projects/airflow-spark-pipeline/airflow_venv/lib/python3.11/site-packages/airflow/example_dags/plugins/workday.py for tasks to queue
[2026-03-18T06:33:31.214+0000] {logging_mixin.py:190} INFO - [2026-03-18T06:33:31.214+0000] {dagbag.py:588} INFO - Filling up the DagBag from /home/komal/data-engineering-projects/airflow-spark-pipeline/airflow_venv/lib/python3.11/site-packages/airflow/example_dags/plugins/workday.py
[2026-03-18T06:33:31.218+0000] {logging_mixin.py:190} INFO - [2026-03-18T06:33:31.218+0000] {workday.py:41} WARNING - Could not import pandas. Holidays will not be considered.
[2026-03-18T06:33:31.218+0000] {processor.py:927} WARNING - No viable dags retrieved from /home/komal/data-engineering-projects/airflow-spark-pipeline/airflow_venv/lib/python3.11/site-packages/airflow/example_dags/plugins/workday.py
[2026-03-18T06:33:31.231+0000] {processor.py:208} INFO - Processing /home/komal/data-engineering-projects/airflow-spark-pipeline/airflow_venv/lib/python3.11/site-packages/airflow/example_dags/plugins/workday.py took 0.030 seconds
[2026-03-18T06:34:37.650+0000] {processor.py:186} INFO - Started process (PID=28093) to work on /home/komal/data-engineering-projects/airflow-spark-pipeline/airflow_venv/lib/python3.11/site-packages/airflow/example_dags/plugins/workday.py
[2026-03-18T06:34:37.682+0000] {processor.py:914} INFO - Processing file /home/komal/data-engineering-projects/airflow-spark-pipeline/airflow_venv/lib/python3.11/site-packages/airflow/example_dags/plugins/workday.py for tasks to queue
[2026-03-18T06:34:37.684+0000] {logging_mixin.py:190} INFO - [2026-03-18T06:34:37.684+0000] {dagbag.py:588} INFO - Filling up the DagBag from /home/komal/data-engineering-projects/airflow-spark-pipeline/airflow_venv/lib/python3.11/site-packages/airflow/example_dags/plugins/workday.py
[2026-03-18T06:34:37.688+0000] {logging_mixin.py:190} INFO - [2026-03-18T06:34:37.688+0000] {workday.py:41} WARNING - Could not import pandas. Holidays will not be considered.
[2026-03-18T06:34:37.689+0000] {processor.py:927} WARNING - No viable dags retrieved from /home/komal/data-engineering-projects/airflow-spark-pipeline/airflow_venv/lib/python3.11/site-packages/airflow/example_dags/plugins/workday.py
[2026-03-18T06:34:37.702+0000] {processor.py:208} INFO - Processing /home/komal/data-engineering-projects/airflow-spark-pipeline/airflow_venv/lib/python3.11/site-packages/airflow/example_dags/plugins/workday.py took 0.059 seconds
[2026-03-18T06:35:42.373+0000] {processor.py:186} INFO - Started process (PID=28164) to work on /home/komal/data-engineering-projects/airflow-spark-pipeline/airflow_venv/lib/python3.11/site-packages/airflow/example_dags/plugins/workday.py
[2026-03-18T06:35:42.406+0000] {processor.py:914} INFO - Processing file /home/komal/data-engineering-projects/airflow-spark-pipeline/airflow_venv/lib/python3.11/site-packages/airflow/example_dags/plugins/workday.py for tasks to queue
[2026-03-18T06:35:42.408+0000] {logging_mixin.py:190} INFO - [2026-03-18T06:35:42.408+0000] {dagbag.py:588} INFO - Filling up the DagBag from /home/komal/data-engineering-projects/airflow-spark-pipeline/airflow_venv/lib/python3.11/site-packages/airflow/example_dags/plugins/workday.py
[2026-03-18T06:35:42.414+0000] {logging_mixin.py:190} INFO - [2026-03-18T06:35:42.413+0000] {workday.py:41} WARNING - Could not import pandas. Holidays will not be considered.
[2026-03-18T06:35:42.414+0000] {processor.py:927} WARNING - No viable dags retrieved from /home/komal/data-engineering-projects/airflow-spark-pipeline/airflow_venv/lib/python3.11/site-packages/airflow/example_dags/plugins/workday.py
[2026-03-18T06:35:42.428+0000] {processor.py:208} INFO - Processing /home/komal/data-engineering-projects/airflow-spark-pipeline/airflow_venv/lib/python3.11/site-packages/airflow/example_dags/plugins/workday.py took 0.064 seconds
[2026-03-18T06:36:50.195+0000] {processor.py:186} INFO - Started process (PID=28232) to work on /home/komal/data-engineering-projects/airflow-spark-pipeline/airflow_venv/lib/python3.11/site-packages/airflow/example_dags/plugins/workday.py
[2026-03-18T06:36:50.227+0000] {processor.py:914} INFO - Processing file /home/komal/data-engineering-projects/airflow-spark-pipeline/airflow_venv/lib/python3.11/site-packages/airflow/example_dags/plugins/workday.py for tasks to queue
[2026-03-18T06:36:50.229+0000] {logging_mixin.py:190} INFO - [2026-03-18T06:36:50.228+0000] {dagbag.py:588} INFO - Filling up the DagBag from /home/komal/data-engineering-projects/airflow-spark-pipeline/airflow_venv/lib/python3.11/site-packages/airflow/example_dags/plugins/workday.py
[2026-03-18T06:36:50.234+0000] {logging_mixin.py:190} INFO - [2026-03-18T06:36:50.233+0000] {workday.py:41} WARNING - Could not import pandas. Holidays will not be considered.
[2026-03-18T06:36:50.234+0000] {processor.py:927} WARNING - No viable dags retrieved from /home/komal/data-engineering-projects/airflow-spark-pipeline/airflow_venv/lib/python3.11/site-packages/airflow/example_dags/plugins/workday.py
[2026-03-18T06:36:50.245+0000] {processor.py:208} INFO - Processing /home/komal/data-engineering-projects/airflow-spark-pipeline/airflow_venv/lib/python3.11/site-packages/airflow/example_dags/plugins/workday.py took 0.057 seconds
[2026-03-18T06:38:11.235+0000] {processor.py:186} INFO - Started process (PID=28324) to work on /home/komal/data-engineering-projects/airflow-spark-pipeline/airflow_venv/lib/python3.11/site-packages/airflow/example_dags/plugins/workday.py
[2026-03-18T06:38:11.266+0000] {processor.py:914} INFO - Processing file /home/komal/data-engineering-projects/airflow-spark-pipeline/airflow_venv/lib/python3.11/site-packages/airflow/example_dags/plugins/workday.py for tasks to queue
[2026-03-18T06:38:11.270+0000] {logging_mixin.py:190} INFO - [2026-03-18T06:38:11.269+0000] {dagbag.py:588} INFO - Filling up the DagBag from /home/komal/data-engineering-projects/airflow-spark-pipeline/airflow_venv/lib/python3.11/site-packages/airflow/example_dags/plugins/workday.py
[2026-03-18T06:38:11.275+0000] {logging_mixin.py:190} INFO - [2026-03-18T06:38:11.274+0000] {workday.py:41} WARNING - Could not import pandas. Holidays will not be considered.
[2026-03-18T06:38:11.276+0000] {processor.py:927} WARNING - No viable dags retrieved from /home/komal/data-engineering-projects/airflow-spark-pipeline/airflow_venv/lib/python3.11/site-packages/airflow/example_dags/plugins/workday.py
[2026-03-18T06:38:11.300+0000] {processor.py:208} INFO - Processing /home/komal/data-engineering-projects/airflow-spark-pipeline/airflow_venv/lib/python3.11/site-packages/airflow/example_dags/plugins/workday.py took 0.073 seconds
[2026-03-18T06:39:21.837+0000] {processor.py:186} INFO - Started process (PID=28466) to work on /home/komal/data-engineering-projects/airflow-spark-pipeline/airflow_venv/lib/python3.11/site-packages/airflow/example_dags/plugins/workday.py
[2026-03-18T06:39:21.870+0000] {processor.py:914} INFO - Processing file /home/komal/data-engineering-projects/airflow-spark-pipeline/airflow_venv/lib/python3.11/site-packages/airflow/example_dags/plugins/workday.py for tasks to queue
[2026-03-18T06:39:21.875+0000] {logging_mixin.py:190} INFO - [2026-03-18T06:39:21.874+0000] {dagbag.py:588} INFO - Filling up the DagBag from /home/komal/data-engineering-projects/airflow-spark-pipeline/airflow_venv/lib/python3.11/site-packages/airflow/example_dags/plugins/workday.py
[2026-03-18T06:39:21.880+0000] {logging_mixin.py:190} INFO - [2026-03-18T06:39:21.880+0000] {workday.py:41} WARNING - Could not import pandas. Holidays will not be considered.
[2026-03-18T06:39:21.880+0000] {processor.py:927} WARNING - No viable dags retrieved from /home/komal/data-engineering-projects/airflow-spark-pipeline/airflow_venv/lib/python3.11/site-packages/airflow/example_dags/plugins/workday.py
[2026-03-18T06:39:21.891+0000] {processor.py:208} INFO - Processing /home/komal/data-engineering-projects/airflow-spark-pipeline/airflow_venv/lib/python3.11/site-packages/airflow/example_dags/plugins/workday.py took 0.058 seconds
[2026-03-18T06:40:29.757+0000] {processor.py:186} INFO - Started process (PID=28537) to work on /home/komal/data-engineering-projects/airflow-spark-pipeline/airflow_venv/lib/python3.11/site-packages/airflow/example_dags/plugins/workday.py
[2026-03-18T06:40:29.764+0000] {processor.py:914} INFO - Processing file /home/komal/data-engineering-projects/airflow-spark-pipeline/airflow_venv/lib/python3.11/site-packages/airflow/example_dags/plugins/workday.py for tasks to queue
[2026-03-18T06:40:29.767+0000] {logging_mixin.py:190} INFO - [2026-03-18T06:40:29.767+0000] {dagbag.py:588} INFO - Filling up the DagBag from /home/komal/data-engineering-projects/airflow-spark-pipeline/airflow_venv/lib/python3.11/site-packages/airflow/example_dags/plugins/workday.py
[2026-03-18T06:40:29.770+0000] {logging_mixin.py:190} INFO - [2026-03-18T06:40:29.770+0000] {workday.py:41} WARNING - Could not import pandas. Holidays will not be considered.
[2026-03-18T06:40:29.771+0000] {processor.py:927} WARNING - No viable dags retrieved from /home/komal/data-engineering-projects/airflow-spark-pipeline/airflow_venv/lib/python3.11/site-packages/airflow/example_dags/plugins/workday.py
[2026-03-18T06:40:29.783+0000] {processor.py:208} INFO - Processing /home/komal/data-engineering-projects/airflow-spark-pipeline/airflow_venv/lib/python3.11/site-packages/airflow/example_dags/plugins/workday.py took 0.038 seconds
[2026-03-18T06:41:38.906+0000] {processor.py:186} INFO - Started process (PID=28680) to work on /home/komal/data-engineering-projects/airflow-spark-pipeline/airflow_venv/lib/python3.11/site-packages/airflow/example_dags/plugins/workday.py
[2026-03-18T06:41:38.938+0000] {processor.py:914} INFO - Processing file /home/komal/data-engineering-projects/airflow-spark-pipeline/airflow_venv/lib/python3.11/site-packages/airflow/example_dags/plugins/workday.py for tasks to queue
[2026-03-18T06:41:38.941+0000] {logging_mixin.py:190} INFO - [2026-03-18T06:41:38.940+0000] {dagbag.py:588} INFO - Filling up the DagBag from /home/komal/data-engineering-projects/airflow-spark-pipeline/airflow_venv/lib/python3.11/site-packages/airflow/example_dags/plugins/workday.py
[2026-03-18T06:41:38.947+0000] {logging_mixin.py:190} INFO - [2026-03-18T06:41:38.946+0000] {workday.py:41} WARNING - Could not import pandas. Holidays will not be considered.
[2026-03-18T06:41:38.948+0000] {processor.py:927} WARNING - No viable dags retrieved from /home/komal/data-engineering-projects/airflow-spark-pipeline/airflow_venv/lib/python3.11/site-packages/airflow/example_dags/plugins/workday.py
[2026-03-18T06:41:38.995+0000] {processor.py:208} INFO - Processing /home/komal/data-engineering-projects/airflow-spark-pipeline/airflow_venv/lib/python3.11/site-packages/airflow/example_dags/plugins/workday.py took 0.105 seconds
[2026-03-18T06:42:55.382+0000] {processor.py:186} INFO - Started process (PID=28762) to work on /home/komal/data-engineering-projects/airflow-spark-pipeline/airflow_venv/lib/python3.11/site-packages/airflow/example_dags/plugins/workday.py
[2026-03-18T06:42:55.386+0000] {processor.py:914} INFO - Processing file /home/komal/data-engineering-projects/airflow-spark-pipeline/airflow_venv/lib/python3.11/site-packages/airflow/example_dags/plugins/workday.py for tasks to queue
[2026-03-18T06:42:55.389+0000] {logging_mixin.py:190} INFO - [2026-03-18T06:42:55.387+0000] {dagbag.py:588} INFO - Filling up the DagBag from /home/komal/data-engineering-projects/airflow-spark-pipeline/airflow_venv/lib/python3.11/site-packages/airflow/example_dags/plugins/workday.py
[2026-03-18T06:42:55.392+0000] {logging_mixin.py:190} INFO - [2026-03-18T06:42:55.392+0000] {workday.py:41} WARNING - Could not import pandas. Holidays will not be considered.
[2026-03-18T06:42:55.393+0000] {processor.py:927} WARNING - No viable dags retrieved from /home/komal/data-engineering-projects/airflow-spark-pipeline/airflow_venv/lib/python3.11/site-packages/airflow/example_dags/plugins/workday.py
[2026-03-18T06:42:55.404+0000] {processor.py:208} INFO - Processing /home/komal/data-engineering-projects/airflow-spark-pipeline/airflow_venv/lib/python3.11/site-packages/airflow/example_dags/plugins/workday.py took 0.030 seconds
[2026-03-18T06:44:18.519+0000] {processor.py:186} INFO - Started process (PID=28913) to work on /home/komal/data-engineering-projects/airflow-spark-pipeline/airflow_venv/lib/python3.11/site-packages/airflow/example_dags/plugins/workday.py
[2026-03-18T06:44:18.551+0000] {processor.py:914} INFO - Processing file /home/komal/data-engineering-projects/airflow-spark-pipeline/airflow_venv/lib/python3.11/site-packages/airflow/example_dags/plugins/workday.py for tasks to queue
[2026-03-18T06:44:18.555+0000] {logging_mixin.py:190} INFO - [2026-03-18T06:44:18.555+0000] {dagbag.py:588} INFO - Filling up the DagBag from /home/komal/data-engineering-projects/airflow-spark-pipeline/airflow_venv/lib/python3.11/site-packages/airflow/example_dags/plugins/workday.py
[2026-03-18T06:44:18.560+0000] {logging_mixin.py:190} INFO - [2026-03-18T06:44:18.559+0000] {workday.py:41} WARNING - Could not import pandas. Holidays will not be considered.
[2026-03-18T06:44:18.561+0000] {processor.py:927} WARNING - No viable dags retrieved from /home/komal/data-engineering-projects/airflow-spark-pipeline/airflow_venv/lib/python3.11/site-packages/airflow/example_dags/plugins/workday.py
[2026-03-18T06:44:18.581+0000] {processor.py:208} INFO - Processing /home/komal/data-engineering-projects/airflow-spark-pipeline/airflow_venv/lib/python3.11/site-packages/airflow/example_dags/plugins/workday.py took 0.069 seconds
[2026-03-18T06:45:36.868+0000] {processor.py:186} INFO - Started process (PID=29067) to work on /home/komal/data-engineering-projects/airflow-spark-pipeline/airflow_venv/lib/python3.11/site-packages/airflow/example_dags/plugins/workday.py
[2026-03-18T06:45:36.902+0000] {processor.py:914} INFO - Processing file /home/komal/data-engineering-projects/airflow-spark-pipeline/airflow_venv/lib/python3.11/site-packages/airflow/example_dags/plugins/workday.py for tasks to queue
[2026-03-18T06:45:36.904+0000] {logging_mixin.py:190} INFO - [2026-03-18T06:45:36.904+0000] {dagbag.py:588} INFO - Filling up the DagBag from /home/komal/data-engineering-projects/airflow-spark-pipeline/airflow_venv/lib/python3.11/site-packages/airflow/example_dags/plugins/workday.py
[2026-03-18T06:45:36.906+0000] {logging_mixin.py:190} INFO - [2026-03-18T06:45:36.906+0000] {workday.py:41} WARNING - Could not import pandas. Holidays will not be considered.
[2026-03-18T06:45:36.907+0000] {processor.py:927} WARNING - No viable dags retrieved from /home/komal/data-engineering-projects/airflow-spark-pipeline/airflow_venv/lib/python3.11/site-packages/airflow/example_dags/plugins/workday.py
[2026-03-18T06:45:36.928+0000] {processor.py:208} INFO - Processing /home/komal/data-engineering-projects/airflow-spark-pipeline/airflow_venv/lib/python3.11/site-packages/airflow/example_dags/plugins/workday.py took 0.076 seconds
[2026-03-18T06:46:43.522+0000] {processor.py:186} INFO - Started process (PID=29428) to work on /home/komal/data-engineering-projects/airflow-spark-pipeline/airflow_venv/lib/python3.11/site-packages/airflow/example_dags/plugins/workday.py
[2026-03-18T06:46:43.554+0000] {processor.py:914} INFO - Processing file /home/komal/data-engineering-projects/airflow-spark-pipeline/airflow_venv/lib/python3.11/site-packages/airflow/example_dags/plugins/workday.py for tasks to queue
[2026-03-18T06:46:43.558+0000] {logging_mixin.py:190} INFO - [2026-03-18T06:46:43.557+0000] {dagbag.py:588} INFO - Filling up the DagBag from /home/komal/data-engineering-projects/airflow-spark-pipeline/airflow_venv/lib/python3.11/site-packages/airflow/example_dags/plugins/workday.py
[2026-03-18T06:46:43.562+0000] {logging_mixin.py:190} INFO - [2026-03-18T06:46:43.562+0000] {workday.py:41} WARNING - Could not import pandas. Holidays will not be considered.
[2026-03-18T06:46:43.563+0000] {processor.py:927} WARNING - No viable dags retrieved from /home/komal/data-engineering-projects/airflow-spark-pipeline/airflow_venv/lib/python3.11/site-packages/airflow/example_dags/plugins/workday.py
[2026-03-18T06:46:43.586+0000] {processor.py:208} INFO - Processing /home/komal/data-engineering-projects/airflow-spark-pipeline/airflow_venv/lib/python3.11/site-packages/airflow/example_dags/plugins/workday.py took 0.068 seconds
[2026-03-18T06:47:53.194+0000] {processor.py:186} INFO - Started process (PID=29500) to work on /home/komal/data-engineering-projects/airflow-spark-pipeline/airflow_venv/lib/python3.11/site-packages/airflow/example_dags/plugins/workday.py
[2026-03-18T06:47:53.197+0000] {processor.py:914} INFO - Processing file /home/komal/data-engineering-projects/airflow-spark-pipeline/airflow_venv/lib/python3.11/site-packages/airflow/example_dags/plugins/workday.py for tasks to queue
[2026-03-18T06:47:53.200+0000] {logging_mixin.py:190} INFO - [2026-03-18T06:47:53.200+0000] {dagbag.py:588} INFO - Filling up the DagBag from /home/komal/data-engineering-projects/airflow-spark-pipeline/airflow_venv/lib/python3.11/site-packages/airflow/example_dags/plugins/workday.py
[2026-03-18T06:47:53.203+0000] {logging_mixin.py:190} INFO - [2026-03-18T06:47:53.203+0000] {workday.py:41} WARNING - Could not import pandas. Holidays will not be considered.
[2026-03-18T06:47:53.203+0000] {processor.py:927} WARNING - No viable dags retrieved from /home/komal/data-engineering-projects/airflow-spark-pipeline/airflow_venv/lib/python3.11/site-packages/airflow/example_dags/plugins/workday.py
[2026-03-18T06:47:53.209+0000] {processor.py:208} INFO - Processing /home/komal/data-engineering-projects/airflow-spark-pipeline/airflow_venv/lib/python3.11/site-packages/airflow/example_dags/plugins/workday.py took 0.019 seconds
[2026-03-18T06:49:17.085+0000] {processor.py:186} INFO - Started process (PID=29655) to work on /home/komal/data-engineering-projects/airflow-spark-pipeline/airflow_venv/lib/python3.11/site-packages/airflow/example_dags/plugins/workday.py
[2026-03-18T06:49:17.107+0000] {processor.py:914} INFO - Processing file /home/komal/data-engineering-projects/airflow-spark-pipeline/airflow_venv/lib/python3.11/site-packages/airflow/example_dags/plugins/workday.py for tasks to queue
[2026-03-18T06:49:17.108+0000] {logging_mixin.py:190} INFO - [2026-03-18T06:49:17.108+0000] {dagbag.py:588} INFO - Filling up the DagBag from /home/komal/data-engineering-projects/airflow-spark-pipeline/airflow_venv/lib/python3.11/site-packages/airflow/example_dags/plugins/workday.py
[2026-03-18T06:49:17.111+0000] {logging_mixin.py:190} INFO - [2026-03-18T06:49:17.111+0000] {workday.py:41} WARNING - Could not import pandas. Holidays will not be considered.
[2026-03-18T06:49:17.111+0000] {processor.py:927} WARNING - No viable dags retrieved from /home/komal/data-engineering-projects/airflow-spark-pipeline/airflow_venv/lib/python3.11/site-packages/airflow/example_dags/plugins/workday.py
[2026-03-18T06:49:17.142+0000] {processor.py:208} INFO - Processing /home/komal/data-engineering-projects/airflow-spark-pipeline/airflow_venv/lib/python3.11/site-packages/airflow/example_dags/plugins/workday.py took 0.062 seconds
[2026-03-18T06:50:33.841+0000] {processor.py:186} INFO - Started process (PID=29805) to work on /home/komal/data-engineering-projects/airflow-spark-pipeline/airflow_venv/lib/python3.11/site-packages/airflow/example_dags/plugins/workday.py
[2026-03-18T06:50:33.873+0000] {processor.py:914} INFO - Processing file /home/komal/data-engineering-projects/airflow-spark-pipeline/airflow_venv/lib/python3.11/site-packages/airflow/example_dags/plugins/workday.py for tasks to queue
[2026-03-18T06:50:33.878+0000] {logging_mixin.py:190} INFO - [2026-03-18T06:50:33.877+0000] {dagbag.py:588} INFO - Filling up the DagBag from /home/komal/data-engineering-projects/airflow-spark-pipeline/airflow_venv/lib/python3.11/site-packages/airflow/example_dags/plugins/workday.py
[2026-03-18T06:50:33.883+0000] {logging_mixin.py:190} INFO - [2026-03-18T06:50:33.883+0000] {workday.py:41} WARNING - Could not import pandas. Holidays will not be considered.
[2026-03-18T06:50:33.884+0000] {processor.py:927} WARNING - No viable dags retrieved from /home/komal/data-engineering-projects/airflow-spark-pipeline/airflow_venv/lib/python3.11/site-packages/airflow/example_dags/plugins/workday.py
[2026-03-18T06:50:33.900+0000] {processor.py:208} INFO - Processing /home/komal/data-engineering-projects/airflow-spark-pipeline/airflow_venv/lib/python3.11/site-packages/airflow/example_dags/plugins/workday.py took 0.067 seconds
[2026-03-18T06:51:40.551+0000] {processor.py:186} INFO - Started process (PID=29876) to work on /home/komal/data-engineering-projects/airflow-spark-pipeline/airflow_venv/lib/python3.11/site-packages/airflow/example_dags/plugins/workday.py
[2026-03-18T06:51:40.560+0000] {processor.py:914} INFO - Processing file /home/komal/data-engineering-projects/airflow-spark-pipeline/airflow_venv/lib/python3.11/site-packages/airflow/example_dags/plugins/workday.py for tasks to queue
[2026-03-18T06:51:40.562+0000] {logging_mixin.py:190} INFO - [2026-03-18T06:51:40.561+0000] {dagbag.py:588} INFO - Filling up the DagBag from /home/komal/data-engineering-projects/airflow-spark-pipeline/airflow_venv/lib/python3.11/site-packages/airflow/example_dags/plugins/workday.py
[2026-03-18T06:51:40.564+0000] {logging_mixin.py:190} INFO - [2026-03-18T06:51:40.564+0000] {workday.py:41} WARNING - Could not import pandas. Holidays will not be considered.
[2026-03-18T06:51:40.565+0000] {processor.py:927} WARNING - No viable dags retrieved from /home/komal/data-engineering-projects/airflow-spark-pipeline/airflow_venv/lib/python3.11/site-packages/airflow/example_dags/plugins/workday.py
[2026-03-18T06:51:40.573+0000] {processor.py:208} INFO - Processing /home/komal/data-engineering-projects/airflow-spark-pipeline/airflow_venv/lib/python3.11/site-packages/airflow/example_dags/plugins/workday.py took 0.027 seconds
[2026-03-18T06:52:49.574+0000] {processor.py:186} INFO - Started process (PID=30014) to work on /home/komal/data-engineering-projects/airflow-spark-pipeline/airflow_venv/lib/python3.11/site-packages/airflow/example_dags/plugins/workday.py
[2026-03-18T06:52:49.606+0000] {processor.py:914} INFO - Processing file /home/komal/data-engineering-projects/airflow-spark-pipeline/airflow_venv/lib/python3.11/site-packages/airflow/example_dags/plugins/workday.py for tasks to queue
[2026-03-18T06:52:49.609+0000] {logging_mixin.py:190} INFO - [2026-03-18T06:52:49.608+0000] {dagbag.py:588} INFO - Filling up the DagBag from /home/komal/data-engineering-projects/airflow-spark-pipeline/airflow_venv/lib/python3.11/site-packages/airflow/example_dags/plugins/workday.py
[2026-03-18T06:52:49.612+0000] {logging_mixin.py:190} INFO - [2026-03-18T06:52:49.612+0000] {workday.py:41} WARNING - Could not import pandas. Holidays will not be considered.
[2026-03-18T06:52:49.612+0000] {processor.py:927} WARNING - No viable dags retrieved from /home/komal/data-engineering-projects/airflow-spark-pipeline/airflow_venv/lib/python3.11/site-packages/airflow/example_dags/plugins/workday.py
[2026-03-18T06:52:49.626+0000] {processor.py:208} INFO - Processing /home/komal/data-engineering-projects/airflow-spark-pipeline/airflow_venv/lib/python3.11/site-packages/airflow/example_dags/plugins/workday.py took 0.059 seconds
[2026-03-18T06:54:14.210+0000] {processor.py:186} INFO - Started process (PID=30161) to work on /home/komal/data-engineering-projects/airflow-spark-pipeline/airflow_venv/lib/python3.11/site-packages/airflow/example_dags/plugins/workday.py
[2026-03-18T06:54:14.214+0000] {processor.py:914} INFO - Processing file /home/komal/data-engineering-projects/airflow-spark-pipeline/airflow_venv/lib/python3.11/site-packages/airflow/example_dags/plugins/workday.py for tasks to queue
[2026-03-18T06:54:14.217+0000] {logging_mixin.py:190} INFO - [2026-03-18T06:54:14.217+0000] {dagbag.py:588} INFO - Filling up the DagBag from /home/komal/data-engineering-projects/airflow-spark-pipeline/airflow_venv/lib/python3.11/site-packages/airflow/example_dags/plugins/workday.py
[2026-03-18T06:54:14.222+0000] {logging_mixin.py:190} INFO - [2026-03-18T06:54:14.222+0000] {workday.py:41} WARNING - Could not import pandas. Holidays will not be considered.
[2026-03-18T06:54:14.222+0000] {processor.py:927} WARNING - No viable dags retrieved from /home/komal/data-engineering-projects/airflow-spark-pipeline/airflow_venv/lib/python3.11/site-packages/airflow/example_dags/plugins/workday.py
[2026-03-18T06:54:14.235+0000] {processor.py:208} INFO - Processing /home/komal/data-engineering-projects/airflow-spark-pipeline/airflow_venv/lib/python3.11/site-packages/airflow/example_dags/plugins/workday.py took 0.032 seconds
[2026-03-18T06:55:04.274+0000] {processor.py:186} INFO - Started process (PID=30213) to work on /home/komal/data-engineering-projects/airflow-spark-pipeline/airflow_venv/lib/python3.11/site-packages/airflow/example_dags/plugins/workday.py
[2026-03-18T06:55:04.278+0000] {processor.py:914} INFO - Processing file /home/komal/data-engineering-projects/airflow-spark-pipeline/airflow_venv/lib/python3.11/site-packages/airflow/example_dags/plugins/workday.py for tasks to queue
[2026-03-18T06:55:04.283+0000] {logging_mixin.py:190} INFO - [2026-03-18T06:55:04.282+0000] {dagbag.py:588} INFO - Filling up the DagBag from /home/komal/data-engineering-projects/airflow-spark-pipeline/airflow_venv/lib/python3.11/site-packages/airflow/example_dags/plugins/workday.py
[2026-03-18T06:55:04.287+0000] {logging_mixin.py:190} INFO - [2026-03-18T06:55:04.287+0000] {workday.py:41} WARNING - Could not import pandas. Holidays will not be considered.
[2026-03-18T06:55:04.288+0000] {processor.py:927} WARNING - No viable dags retrieved from /home/komal/data-engineering-projects/airflow-spark-pipeline/airflow_venv/lib/python3.11/site-packages/airflow/example_dags/plugins/workday.py
[2026-03-18T06:55:04.300+0000] {processor.py:208} INFO - Processing /home/komal/data-engineering-projects/airflow-spark-pipeline/airflow_venv/lib/python3.11/site-packages/airflow/example_dags/plugins/workday.py took 0.035 seconds
[2026-03-18T06:56:17.883+0000] {processor.py:186} INFO - Started process (PID=30366) to work on /home/komal/data-engineering-projects/airflow-spark-pipeline/airflow_venv/lib/python3.11/site-packages/airflow/example_dags/plugins/workday.py
[2026-03-18T06:56:17.886+0000] {processor.py:914} INFO - Processing file /home/komal/data-engineering-projects/airflow-spark-pipeline/airflow_venv/lib/python3.11/site-packages/airflow/example_dags/plugins/workday.py for tasks to queue
[2026-03-18T06:56:17.889+0000] {logging_mixin.py:190} INFO - [2026-03-18T06:56:17.888+0000] {dagbag.py:588} INFO - Filling up the DagBag from /home/komal/data-engineering-projects/airflow-spark-pipeline/airflow_venv/lib/python3.11/site-packages/airflow/example_dags/plugins/workday.py
[2026-03-18T06:56:17.893+0000] {logging_mixin.py:190} INFO - [2026-03-18T06:56:17.893+0000] {workday.py:41} WARNING - Could not import pandas. Holidays will not be considered.
[2026-03-18T06:56:17.893+0000] {processor.py:927} WARNING - No viable dags retrieved from /home/komal/data-engineering-projects/airflow-spark-pipeline/airflow_venv/lib/python3.11/site-packages/airflow/example_dags/plugins/workday.py
[2026-03-18T06:56:17.908+0000] {processor.py:208} INFO - Processing /home/komal/data-engineering-projects/airflow-spark-pipeline/airflow_venv/lib/python3.11/site-packages/airflow/example_dags/plugins/workday.py took 0.034 seconds
[2026-03-18T06:57:30.386+0000] {processor.py:186} INFO - Started process (PID=30508) to work on /home/komal/data-engineering-projects/airflow-spark-pipeline/airflow_venv/lib/python3.11/site-packages/airflow/example_dags/plugins/workday.py
[2026-03-18T06:57:30.418+0000] {processor.py:914} INFO - Processing file /home/komal/data-engineering-projects/airflow-spark-pipeline/airflow_venv/lib/python3.11/site-packages/airflow/example_dags/plugins/workday.py for tasks to queue
[2026-03-18T06:57:30.422+0000] {logging_mixin.py:190} INFO - [2026-03-18T06:57:30.422+0000] {dagbag.py:588} INFO - Filling up the DagBag from /home/komal/data-engineering-projects/airflow-spark-pipeline/airflow_venv/lib/python3.11/site-packages/airflow/example_dags/plugins/workday.py
[2026-03-18T06:57:30.427+0000] {logging_mixin.py:190} INFO - [2026-03-18T06:57:30.426+0000] {workday.py:41} WARNING - Could not import pandas. Holidays will not be considered.
[2026-03-18T06:57:30.427+0000] {processor.py:927} WARNING - No viable dags retrieved from /home/komal/data-engineering-projects/airflow-spark-pipeline/airflow_venv/lib/python3.11/site-packages/airflow/example_dags/plugins/workday.py
[2026-03-18T06:57:30.440+0000] {processor.py:208} INFO - Processing /home/komal/data-engineering-projects/airflow-spark-pipeline/airflow_venv/lib/python3.11/site-packages/airflow/example_dags/plugins/workday.py took 0.063 seconds
[2026-03-18T06:58:53.992+0000] {processor.py:186} INFO - Started process (PID=30660) to work on /home/komal/data-engineering-projects/airflow-spark-pipeline/airflow_venv/lib/python3.11/site-packages/airflow/example_dags/plugins/workday.py
[2026-03-18T06:58:53.994+0000] {processor.py:914} INFO - Processing file /home/komal/data-engineering-projects/airflow-spark-pipeline/airflow_venv/lib/python3.11/site-packages/airflow/example_dags/plugins/workday.py for tasks to queue
[2026-03-18T06:58:53.995+0000] {logging_mixin.py:190} INFO - [2026-03-18T06:58:53.995+0000] {dagbag.py:588} INFO - Filling up the DagBag from /home/komal/data-engineering-projects/airflow-spark-pipeline/airflow_venv/lib/python3.11/site-packages/airflow/example_dags/plugins/workday.py
[2026-03-18T06:58:53.998+0000] {logging_mixin.py:190} INFO - [2026-03-18T06:58:53.998+0000] {workday.py:41} WARNING - Could not import pandas. Holidays will not be considered.
[2026-03-18T06:58:53.998+0000] {processor.py:927} WARNING - No viable dags retrieved from /home/komal/data-engineering-projects/airflow-spark-pipeline/airflow_venv/lib/python3.11/site-packages/airflow/example_dags/plugins/workday.py
[2026-03-18T06:58:54.007+0000] {processor.py:208} INFO - Processing /home/komal/data-engineering-projects/airflow-spark-pipeline/airflow_venv/lib/python3.11/site-packages/airflow/example_dags/plugins/workday.py took 0.019 seconds
[2026-03-18T07:00:03.387+0000] {processor.py:186} INFO - Started process (PID=30729) to work on /home/komal/data-engineering-projects/airflow-spark-pipeline/airflow_venv/lib/python3.11/site-packages/airflow/example_dags/plugins/workday.py
[2026-03-18T07:00:03.419+0000] {processor.py:914} INFO - Processing file /home/komal/data-engineering-projects/airflow-spark-pipeline/airflow_venv/lib/python3.11/site-packages/airflow/example_dags/plugins/workday.py for tasks to queue
[2026-03-18T07:00:03.422+0000] {logging_mixin.py:190} INFO - [2026-03-18T07:00:03.422+0000] {dagbag.py:588} INFO - Filling up the DagBag from /home/komal/data-engineering-projects/airflow-spark-pipeline/airflow_venv/lib/python3.11/site-packages/airflow/example_dags/plugins/workday.py
[2026-03-18T07:00:03.426+0000] {logging_mixin.py:190} INFO - [2026-03-18T07:00:03.426+0000] {workday.py:41} WARNING - Could not import pandas. Holidays will not be considered.
[2026-03-18T07:00:03.427+0000] {processor.py:927} WARNING - No viable dags retrieved from /home/komal/data-engineering-projects/airflow-spark-pipeline/airflow_venv/lib/python3.11/site-packages/airflow/example_dags/plugins/workday.py
[2026-03-18T07:00:03.462+0000] {processor.py:208} INFO - Processing /home/komal/data-engineering-projects/airflow-spark-pipeline/airflow_venv/lib/python3.11/site-packages/airflow/example_dags/plugins/workday.py took 0.082 seconds
[2026-03-18T07:01:26.743+0000] {processor.py:186} INFO - Started process (PID=30880) to work on /home/komal/data-engineering-projects/airflow-spark-pipeline/airflow_venv/lib/python3.11/site-packages/airflow/example_dags/plugins/workday.py
[2026-03-18T07:01:26.747+0000] {processor.py:914} INFO - Processing file /home/komal/data-engineering-projects/airflow-spark-pipeline/airflow_venv/lib/python3.11/site-packages/airflow/example_dags/plugins/workday.py for tasks to queue
[2026-03-18T07:01:26.749+0000] {logging_mixin.py:190} INFO - [2026-03-18T07:01:26.749+0000] {dagbag.py:588} INFO - Filling up the DagBag from /home/komal/data-engineering-projects/airflow-spark-pipeline/airflow_venv/lib/python3.11/site-packages/airflow/example_dags/plugins/workday.py
[2026-03-18T07:01:26.752+0000] {logging_mixin.py:190} INFO - [2026-03-18T07:01:26.751+0000] {workday.py:41} WARNING - Could not import pandas. Holidays will not be considered.
[2026-03-18T07:01:26.752+0000] {processor.py:927} WARNING - No viable dags retrieved from /home/komal/data-engineering-projects/airflow-spark-pipeline/airflow_venv/lib/python3.11/site-packages/airflow/example_dags/plugins/workday.py
[2026-03-18T07:01:26.760+0000] {processor.py:208} INFO - Processing /home/komal/data-engineering-projects/airflow-spark-pipeline/airflow_venv/lib/python3.11/site-packages/airflow/example_dags/plugins/workday.py took 0.024 seconds
[2026-03-18T07:02:44.407+0000] {processor.py:186} INFO - Started process (PID=30953) to work on /home/komal/data-engineering-projects/airflow-spark-pipeline/airflow_venv/lib/python3.11/site-packages/airflow/example_dags/plugins/workday.py
[2026-03-18T07:02:44.438+0000] {processor.py:914} INFO - Processing file /home/komal/data-engineering-projects/airflow-spark-pipeline/airflow_venv/lib/python3.11/site-packages/airflow/example_dags/plugins/workday.py for tasks to queue
[2026-03-18T07:02:44.440+0000] {logging_mixin.py:190} INFO - [2026-03-18T07:02:44.440+0000] {dagbag.py:588} INFO - Filling up the DagBag from /home/komal/data-engineering-projects/airflow-spark-pipeline/airflow_venv/lib/python3.11/site-packages/airflow/example_dags/plugins/workday.py
[2026-03-18T07:02:44.443+0000] {logging_mixin.py:190} INFO - [2026-03-18T07:02:44.443+0000] {workday.py:41} WARNING - Could not import pandas. Holidays will not be considered.
[2026-03-18T07:02:44.443+0000] {processor.py:927} WARNING - No viable dags retrieved from /home/komal/data-engineering-projects/airflow-spark-pipeline/airflow_venv/lib/python3.11/site-packages/airflow/example_dags/plugins/workday.py
[2026-03-18T07:02:44.453+0000] {processor.py:208} INFO - Processing /home/komal/data-engineering-projects/airflow-spark-pipeline/airflow_venv/lib/python3.11/site-packages/airflow/example_dags/plugins/workday.py took 0.051 seconds
[2026-03-18T07:03:51.418+0000] {processor.py:186} INFO - Started process (PID=31074) to work on /home/komal/data-engineering-projects/airflow-spark-pipeline/airflow_venv/lib/python3.11/site-packages/airflow/example_dags/plugins/workday.py
[2026-03-18T07:03:51.421+0000] {processor.py:914} INFO - Processing file /home/komal/data-engineering-projects/airflow-spark-pipeline/airflow_venv/lib/python3.11/site-packages/airflow/example_dags/plugins/workday.py for tasks to queue
[2026-03-18T07:03:51.423+0000] {logging_mixin.py:190} INFO - [2026-03-18T07:03:51.422+0000] {dagbag.py:588} INFO - Filling up the DagBag from /home/komal/data-engineering-projects/airflow-spark-pipeline/airflow_venv/lib/python3.11/site-packages/airflow/example_dags/plugins/workday.py
[2026-03-18T07:03:51.428+0000] {logging_mixin.py:190} INFO - [2026-03-18T07:03:51.428+0000] {workday.py:41} WARNING - Could not import pandas. Holidays will not be considered.
[2026-03-18T07:03:51.428+0000] {processor.py:927} WARNING - No viable dags retrieved from /home/komal/data-engineering-projects/airflow-spark-pipeline/airflow_venv/lib/python3.11/site-packages/airflow/example_dags/plugins/workday.py
[2026-03-18T07:03:51.437+0000] {processor.py:208} INFO - Processing /home/komal/data-engineering-projects/airflow-spark-pipeline/airflow_venv/lib/python3.11/site-packages/airflow/example_dags/plugins/workday.py took 0.025 seconds
[2026-03-18T07:04:49.123+0000] {processor.py:186} INFO - Started process (PID=31138) to work on /home/komal/data-engineering-projects/airflow-spark-pipeline/airflow_venv/lib/python3.11/site-packages/airflow/example_dags/plugins/workday.py
[2026-03-18T07:04:49.124+0000] {processor.py:914} INFO - Processing file /home/komal/data-engineering-projects/airflow-spark-pipeline/airflow_venv/lib/python3.11/site-packages/airflow/example_dags/plugins/workday.py for tasks to queue
[2026-03-18T07:04:49.126+0000] {logging_mixin.py:190} INFO - [2026-03-18T07:04:49.125+0000] {dagbag.py:588} INFO - Filling up the DagBag from /home/komal/data-engineering-projects/airflow-spark-pipeline/airflow_venv/lib/python3.11/site-packages/airflow/example_dags/plugins/workday.py
[2026-03-18T07:04:49.130+0000] {logging_mixin.py:190} INFO - [2026-03-18T07:04:49.129+0000] {workday.py:41} WARNING - Could not import pandas. Holidays will not be considered.
[2026-03-18T07:04:49.130+0000] {processor.py:927} WARNING - No viable dags retrieved from /home/komal/data-engineering-projects/airflow-spark-pipeline/airflow_venv/lib/python3.11/site-packages/airflow/example_dags/plugins/workday.py
[2026-03-18T07:04:49.138+0000] {processor.py:208} INFO - Processing /home/komal/data-engineering-projects/airflow-spark-pipeline/airflow_venv/lib/python3.11/site-packages/airflow/example_dags/plugins/workday.py took 0.022 seconds
[2026-03-18T07:05:48.044+0000] {processor.py:186} INFO - Started process (PID=31200) to work on /home/komal/data-engineering-projects/airflow-spark-pipeline/airflow_venv/lib/python3.11/site-packages/airflow/example_dags/plugins/workday.py
[2026-03-18T07:05:48.045+0000] {processor.py:914} INFO - Processing file /home/komal/data-engineering-projects/airflow-spark-pipeline/airflow_venv/lib/python3.11/site-packages/airflow/example_dags/plugins/workday.py for tasks to queue
[2026-03-18T07:05:48.046+0000] {logging_mixin.py:190} INFO - [2026-03-18T07:05:48.045+0000] {dagbag.py:588} INFO - Filling up the DagBag from /home/komal/data-engineering-projects/airflow-spark-pipeline/airflow_venv/lib/python3.11/site-packages/airflow/example_dags/plugins/workday.py
[2026-03-18T07:05:48.048+0000] {logging_mixin.py:190} INFO - [2026-03-18T07:05:48.048+0000] {workday.py:41} WARNING - Could not import pandas. Holidays will not be considered.
[2026-03-18T07:05:48.049+0000] {processor.py:927} WARNING - No viable dags retrieved from /home/komal/data-engineering-projects/airflow-spark-pipeline/airflow_venv/lib/python3.11/site-packages/airflow/example_dags/plugins/workday.py
[2026-03-18T07:05:48.064+0000] {processor.py:208} INFO - Processing /home/komal/data-engineering-projects/airflow-spark-pipeline/airflow_venv/lib/python3.11/site-packages/airflow/example_dags/plugins/workday.py took 0.032 seconds
[2026-03-18T07:09:21.211+0000] {processor.py:186} INFO - Started process (PID=31240) to work on /home/komal/data-engineering-projects/airflow-spark-pipeline/airflow_venv/lib/python3.11/site-packages/airflow/example_dags/plugins/workday.py
[2026-03-18T07:09:21.221+0000] {processor.py:914} INFO - Processing file /home/komal/data-engineering-projects/airflow-spark-pipeline/airflow_venv/lib/python3.11/site-packages/airflow/example_dags/plugins/workday.py for tasks to queue
[2026-03-18T07:09:21.222+0000] {logging_mixin.py:190} INFO - [2026-03-18T07:09:21.222+0000] {dagbag.py:588} INFO - Filling up the DagBag from /home/komal/data-engineering-projects/airflow-spark-pipeline/airflow_venv/lib/python3.11/site-packages/airflow/example_dags/plugins/workday.py
[2026-03-18T07:09:21.241+0000] {logging_mixin.py:190} INFO - [2026-03-18T07:09:21.241+0000] {workday.py:41} WARNING - Could not import pandas. Holidays will not be considered.
[2026-03-18T07:09:21.242+0000] {processor.py:927} WARNING - No viable dags retrieved from /home/komal/data-engineering-projects/airflow-spark-pipeline/airflow_venv/lib/python3.11/site-packages/airflow/example_dags/plugins/workday.py
[2026-03-18T07:09:21.250+0000] {processor.py:208} INFO - Processing /home/komal/data-engineering-projects/airflow-spark-pipeline/airflow_venv/lib/python3.11/site-packages/airflow/example_dags/plugins/workday.py took 0.052 seconds
[2026-03-18T07:10:17.936+0000] {processor.py:186} INFO - Started process (PID=31301) to work on /home/komal/data-engineering-projects/airflow-spark-pipeline/airflow_venv/lib/python3.11/site-packages/airflow/example_dags/plugins/workday.py
[2026-03-18T07:10:17.938+0000] {processor.py:914} INFO - Processing file /home/komal/data-engineering-projects/airflow-spark-pipeline/airflow_venv/lib/python3.11/site-packages/airflow/example_dags/plugins/workday.py for tasks to queue
[2026-03-18T07:10:17.939+0000] {logging_mixin.py:190} INFO - [2026-03-18T07:10:17.939+0000] {dagbag.py:588} INFO - Filling up the DagBag from /home/komal/data-engineering-projects/airflow-spark-pipeline/airflow_venv/lib/python3.11/site-packages/airflow/example_dags/plugins/workday.py
[2026-03-18T07:10:17.954+0000] {logging_mixin.py:190} INFO - [2026-03-18T07:10:17.954+0000] {workday.py:41} WARNING - Could not import pandas. Holidays will not be considered.
[2026-03-18T07:10:17.955+0000] {processor.py:927} WARNING - No viable dags retrieved from /home/komal/data-engineering-projects/airflow-spark-pipeline/airflow_venv/lib/python3.11/site-packages/airflow/example_dags/plugins/workday.py
[2026-03-18T07:10:17.966+0000] {processor.py:208} INFO - Processing /home/komal/data-engineering-projects/airflow-spark-pipeline/airflow_venv/lib/python3.11/site-packages/airflow/example_dags/plugins/workday.py took 0.035 seconds
[2026-03-18T07:11:21.501+0000] {processor.py:186} INFO - Started process (PID=31366) to work on /home/komal/data-engineering-projects/airflow-spark-pipeline/airflow_venv/lib/python3.11/site-packages/airflow/example_dags/plugins/workday.py
[2026-03-18T07:11:21.503+0000] {processor.py:914} INFO - Processing file /home/komal/data-engineering-projects/airflow-spark-pipeline/airflow_venv/lib/python3.11/site-packages/airflow/example_dags/plugins/workday.py for tasks to queue
[2026-03-18T07:11:21.504+0000] {logging_mixin.py:190} INFO - [2026-03-18T07:11:21.504+0000] {dagbag.py:588} INFO - Filling up the DagBag from /home/komal/data-engineering-projects/airflow-spark-pipeline/airflow_venv/lib/python3.11/site-packages/airflow/example_dags/plugins/workday.py
[2026-03-18T07:11:21.506+0000] {logging_mixin.py:190} INFO - [2026-03-18T07:11:21.506+0000] {workday.py:41} WARNING - Could not import pandas. Holidays will not be considered.
[2026-03-18T07:11:21.507+0000] {processor.py:927} WARNING - No viable dags retrieved from /home/komal/data-engineering-projects/airflow-spark-pipeline/airflow_venv/lib/python3.11/site-packages/airflow/example_dags/plugins/workday.py
[2026-03-18T07:11:21.515+0000] {processor.py:208} INFO - Processing /home/komal/data-engineering-projects/airflow-spark-pipeline/airflow_venv/lib/python3.11/site-packages/airflow/example_dags/plugins/workday.py took 0.019 seconds
[2026-03-18T07:12:26.896+0000] {processor.py:186} INFO - Started process (PID=31432) to work on /home/komal/data-engineering-projects/airflow-spark-pipeline/airflow_venv/lib/python3.11/site-packages/airflow/example_dags/plugins/workday.py
[2026-03-18T07:12:26.899+0000] {processor.py:914} INFO - Processing file /home/komal/data-engineering-projects/airflow-spark-pipeline/airflow_venv/lib/python3.11/site-packages/airflow/example_dags/plugins/workday.py for tasks to queue
[2026-03-18T07:12:26.900+0000] {logging_mixin.py:190} INFO - [2026-03-18T07:12:26.900+0000] {dagbag.py:588} INFO - Filling up the DagBag from /home/komal/data-engineering-projects/airflow-spark-pipeline/airflow_venv/lib/python3.11/site-packages/airflow/example_dags/plugins/workday.py
[2026-03-18T07:12:26.904+0000] {logging_mixin.py:190} INFO - [2026-03-18T07:12:26.904+0000] {workday.py:41} WARNING - Could not import pandas. Holidays will not be considered.
[2026-03-18T07:12:26.904+0000] {processor.py:927} WARNING - No viable dags retrieved from /home/komal/data-engineering-projects/airflow-spark-pipeline/airflow_venv/lib/python3.11/site-packages/airflow/example_dags/plugins/workday.py
[2026-03-18T07:12:26.912+0000] {processor.py:208} INFO - Processing /home/komal/data-engineering-projects/airflow-spark-pipeline/airflow_venv/lib/python3.11/site-packages/airflow/example_dags/plugins/workday.py took 0.021 seconds
[2026-03-18T07:13:32.999+0000] {processor.py:186} INFO - Started process (PID=31499) to work on /home/komal/data-engineering-projects/airflow-spark-pipeline/airflow_venv/lib/python3.11/site-packages/airflow/example_dags/plugins/workday.py
[2026-03-18T07:13:33.030+0000] {processor.py:914} INFO - Processing file /home/komal/data-engineering-projects/airflow-spark-pipeline/airflow_venv/lib/python3.11/site-packages/airflow/example_dags/plugins/workday.py for tasks to queue
[2026-03-18T07:13:33.032+0000] {logging_mixin.py:190} INFO - [2026-03-18T07:13:33.031+0000] {dagbag.py:588} INFO - Filling up the DagBag from /home/komal/data-engineering-projects/airflow-spark-pipeline/airflow_venv/lib/python3.11/site-packages/airflow/example_dags/plugins/workday.py
[2026-03-18T07:13:33.035+0000] {logging_mixin.py:190} INFO - [2026-03-18T07:13:33.035+0000] {workday.py:41} WARNING - Could not import pandas. Holidays will not be considered.
[2026-03-18T07:13:33.035+0000] {processor.py:927} WARNING - No viable dags retrieved from /home/komal/data-engineering-projects/airflow-spark-pipeline/airflow_venv/lib/python3.11/site-packages/airflow/example_dags/plugins/workday.py
[2026-03-18T07:13:33.047+0000] {processor.py:208} INFO - Processing /home/komal/data-engineering-projects/airflow-spark-pipeline/airflow_venv/lib/python3.11/site-packages/airflow/example_dags/plugins/workday.py took 0.059 seconds
[2026-03-18T07:14:43.091+0000] {processor.py:186} INFO - Started process (PID=31564) to work on /home/komal/data-engineering-projects/airflow-spark-pipeline/airflow_venv/lib/python3.11/site-packages/airflow/example_dags/plugins/workday.py
[2026-03-18T07:14:43.123+0000] {processor.py:914} INFO - Processing file /home/komal/data-engineering-projects/airflow-spark-pipeline/airflow_venv/lib/python3.11/site-packages/airflow/example_dags/plugins/workday.py for tasks to queue
[2026-03-18T07:14:43.125+0000] {logging_mixin.py:190} INFO - [2026-03-18T07:14:43.125+0000] {dagbag.py:588} INFO - Filling up the DagBag from /home/komal/data-engineering-projects/airflow-spark-pipeline/airflow_venv/lib/python3.11/site-packages/airflow/example_dags/plugins/workday.py
[2026-03-18T07:14:43.130+0000] {logging_mixin.py:190} INFO - [2026-03-18T07:14:43.129+0000] {workday.py:41} WARNING - Could not import pandas. Holidays will not be considered.
[2026-03-18T07:14:43.130+0000] {processor.py:927} WARNING - No viable dags retrieved from /home/komal/data-engineering-projects/airflow-spark-pipeline/airflow_venv/lib/python3.11/site-packages/airflow/example_dags/plugins/workday.py
[2026-03-18T07:14:43.146+0000] {processor.py:208} INFO - Processing /home/komal/data-engineering-projects/airflow-spark-pipeline/airflow_venv/lib/python3.11/site-packages/airflow/example_dags/plugins/workday.py took 0.065 seconds
[2026-03-18T07:15:47.729+0000] {processor.py:186} INFO - Started process (PID=31627) to work on /home/komal/data-engineering-projects/airflow-spark-pipeline/airflow_venv/lib/python3.11/site-packages/airflow/example_dags/plugins/workday.py
[2026-03-18T07:15:47.732+0000] {processor.py:914} INFO - Processing file /home/komal/data-engineering-projects/airflow-spark-pipeline/airflow_venv/lib/python3.11/site-packages/airflow/example_dags/plugins/workday.py for tasks to queue
[2026-03-18T07:15:47.734+0000] {logging_mixin.py:190} INFO - [2026-03-18T07:15:47.733+0000] {dagbag.py:588} INFO - Filling up the DagBag from /home/komal/data-engineering-projects/airflow-spark-pipeline/airflow_venv/lib/python3.11/site-packages/airflow/example_dags/plugins/workday.py
[2026-03-18T07:15:47.736+0000] {logging_mixin.py:190} INFO - [2026-03-18T07:15:47.736+0000] {workday.py:41} WARNING - Could not import pandas. Holidays will not be considered.
[2026-03-18T07:15:47.736+0000] {processor.py:927} WARNING - No viable dags retrieved from /home/komal/data-engineering-projects/airflow-spark-pipeline/airflow_venv/lib/python3.11/site-packages/airflow/example_dags/plugins/workday.py
[2026-03-18T07:15:47.745+0000] {processor.py:208} INFO - Processing /home/komal/data-engineering-projects/airflow-spark-pipeline/airflow_venv/lib/python3.11/site-packages/airflow/example_dags/plugins/workday.py took 0.024 seconds
[2026-03-18T07:16:53.312+0000] {processor.py:186} INFO - Started process (PID=31696) to work on /home/komal/data-engineering-projects/airflow-spark-pipeline/airflow_venv/lib/python3.11/site-packages/airflow/example_dags/plugins/workday.py
[2026-03-18T07:16:53.343+0000] {processor.py:914} INFO - Processing file /home/komal/data-engineering-projects/airflow-spark-pipeline/airflow_venv/lib/python3.11/site-packages/airflow/example_dags/plugins/workday.py for tasks to queue
[2026-03-18T07:16:53.346+0000] {logging_mixin.py:190} INFO - [2026-03-18T07:16:53.345+0000] {dagbag.py:588} INFO - Filling up the DagBag from /home/komal/data-engineering-projects/airflow-spark-pipeline/airflow_venv/lib/python3.11/site-packages/airflow/example_dags/plugins/workday.py
[2026-03-18T07:16:53.350+0000] {logging_mixin.py:190} INFO - [2026-03-18T07:16:53.350+0000] {workday.py:41} WARNING - Could not import pandas. Holidays will not be considered.
[2026-03-18T07:16:53.351+0000] {processor.py:927} WARNING - No viable dags retrieved from /home/komal/data-engineering-projects/airflow-spark-pipeline/airflow_venv/lib/python3.11/site-packages/airflow/example_dags/plugins/workday.py
[2026-03-18T07:16:53.362+0000] {processor.py:208} INFO - Processing /home/komal/data-engineering-projects/airflow-spark-pipeline/airflow_venv/lib/python3.11/site-packages/airflow/example_dags/plugins/workday.py took 0.057 seconds
[2026-03-18T07:17:57.524+0000] {processor.py:186} INFO - Started process (PID=31823) to work on /home/komal/data-engineering-projects/airflow-spark-pipeline/airflow_venv/lib/python3.11/site-packages/airflow/example_dags/plugins/workday.py
[2026-03-18T07:17:57.526+0000] {processor.py:914} INFO - Processing file /home/komal/data-engineering-projects/airflow-spark-pipeline/airflow_venv/lib/python3.11/site-packages/airflow/example_dags/plugins/workday.py for tasks to queue
[2026-03-18T07:17:57.528+0000] {logging_mixin.py:190} INFO - [2026-03-18T07:17:57.528+0000] {dagbag.py:588} INFO - Filling up the DagBag from /home/komal/data-engineering-projects/airflow-spark-pipeline/airflow_venv/lib/python3.11/site-packages/airflow/example_dags/plugins/workday.py
[2026-03-18T07:17:57.531+0000] {logging_mixin.py:190} INFO - [2026-03-18T07:17:57.531+0000] {workday.py:41} WARNING - Could not import pandas. Holidays will not be considered.
[2026-03-18T07:17:57.532+0000] {processor.py:927} WARNING - No viable dags retrieved from /home/komal/data-engineering-projects/airflow-spark-pipeline/airflow_venv/lib/python3.11/site-packages/airflow/example_dags/plugins/workday.py
[2026-03-18T07:17:57.546+0000] {processor.py:208} INFO - Processing /home/komal/data-engineering-projects/airflow-spark-pipeline/airflow_venv/lib/python3.11/site-packages/airflow/example_dags/plugins/workday.py took 0.032 seconds
[2026-03-18T07:19:10.272+0000] {processor.py:186} INFO - Started process (PID=32021) to work on /home/komal/data-engineering-projects/airflow-spark-pipeline/airflow_venv/lib/python3.11/site-packages/airflow/example_dags/plugins/workday.py
[2026-03-18T07:19:10.277+0000] {processor.py:914} INFO - Processing file /home/komal/data-engineering-projects/airflow-spark-pipeline/airflow_venv/lib/python3.11/site-packages/airflow/example_dags/plugins/workday.py for tasks to queue
[2026-03-18T07:19:10.278+0000] {logging_mixin.py:190} INFO - [2026-03-18T07:19:10.278+0000] {dagbag.py:588} INFO - Filling up the DagBag from /home/komal/data-engineering-projects/airflow-spark-pipeline/airflow_venv/lib/python3.11/site-packages/airflow/example_dags/plugins/workday.py
[2026-03-18T07:19:10.282+0000] {logging_mixin.py:190} INFO - [2026-03-18T07:19:10.281+0000] {workday.py:41} WARNING - Could not import pandas. Holidays will not be considered.
[2026-03-18T07:19:10.282+0000] {processor.py:927} WARNING - No viable dags retrieved from /home/komal/data-engineering-projects/airflow-spark-pipeline/airflow_venv/lib/python3.11/site-packages/airflow/example_dags/plugins/workday.py
[2026-03-18T07:19:10.298+0000] {processor.py:208} INFO - Processing /home/komal/data-engineering-projects/airflow-spark-pipeline/airflow_venv/lib/python3.11/site-packages/airflow/example_dags/plugins/workday.py took 0.034 seconds
[2026-03-18T07:20:23.145+0000] {processor.py:186} INFO - Started process (PID=32091) to work on /home/komal/data-engineering-projects/airflow-spark-pipeline/airflow_venv/lib/python3.11/site-packages/airflow/example_dags/plugins/workday.py
[2026-03-18T07:20:23.177+0000] {processor.py:914} INFO - Processing file /home/komal/data-engineering-projects/airflow-spark-pipeline/airflow_venv/lib/python3.11/site-packages/airflow/example_dags/plugins/workday.py for tasks to queue
[2026-03-18T07:20:23.179+0000] {logging_mixin.py:190} INFO - [2026-03-18T07:20:23.179+0000] {dagbag.py:588} INFO - Filling up the DagBag from /home/komal/data-engineering-projects/airflow-spark-pipeline/airflow_venv/lib/python3.11/site-packages/airflow/example_dags/plugins/workday.py
[2026-03-18T07:20:23.183+0000] {logging_mixin.py:190} INFO - [2026-03-18T07:20:23.183+0000] {workday.py:41} WARNING - Could not import pandas. Holidays will not be considered.
[2026-03-18T07:20:23.183+0000] {processor.py:927} WARNING - No viable dags retrieved from /home/komal/data-engineering-projects/airflow-spark-pipeline/airflow_venv/lib/python3.11/site-packages/airflow/example_dags/plugins/workday.py
[2026-03-18T07:20:23.197+0000] {processor.py:208} INFO - Processing /home/komal/data-engineering-projects/airflow-spark-pipeline/airflow_venv/lib/python3.11/site-packages/airflow/example_dags/plugins/workday.py took 0.061 seconds
[2026-03-18T07:21:40.360+0000] {processor.py:186} INFO - Started process (PID=32162) to work on /home/komal/data-engineering-projects/airflow-spark-pipeline/airflow_venv/lib/python3.11/site-packages/airflow/example_dags/plugins/workday.py
[2026-03-18T07:21:40.363+0000] {processor.py:914} INFO - Processing file /home/komal/data-engineering-projects/airflow-spark-pipeline/airflow_venv/lib/python3.11/site-packages/airflow/example_dags/plugins/workday.py for tasks to queue
[2026-03-18T07:21:40.365+0000] {logging_mixin.py:190} INFO - [2026-03-18T07:21:40.364+0000] {dagbag.py:588} INFO - Filling up the DagBag from /home/komal/data-engineering-projects/airflow-spark-pipeline/airflow_venv/lib/python3.11/site-packages/airflow/example_dags/plugins/workday.py
[2026-03-18T07:21:40.368+0000] {logging_mixin.py:190} INFO - [2026-03-18T07:21:40.368+0000] {workday.py:41} WARNING - Could not import pandas. Holidays will not be considered.
[2026-03-18T07:21:40.369+0000] {processor.py:927} WARNING - No viable dags retrieved from /home/komal/data-engineering-projects/airflow-spark-pipeline/airflow_venv/lib/python3.11/site-packages/airflow/example_dags/plugins/workday.py
[2026-03-18T07:21:40.383+0000] {processor.py:208} INFO - Processing /home/komal/data-engineering-projects/airflow-spark-pipeline/airflow_venv/lib/python3.11/site-packages/airflow/example_dags/plugins/workday.py took 0.033 seconds
[2026-03-18T07:22:57.669+0000] {processor.py:186} INFO - Started process (PID=32462) to work on /home/komal/data-engineering-projects/airflow-spark-pipeline/airflow_venv/lib/python3.11/site-packages/airflow/example_dags/plugins/workday.py
[2026-03-18T07:22:57.701+0000] {processor.py:914} INFO - Processing file /home/komal/data-engineering-projects/airflow-spark-pipeline/airflow_venv/lib/python3.11/site-packages/airflow/example_dags/plugins/workday.py for tasks to queue
[2026-03-18T07:22:57.704+0000] {logging_mixin.py:190} INFO - [2026-03-18T07:22:57.703+0000] {dagbag.py:588} INFO - Filling up the DagBag from /home/komal/data-engineering-projects/airflow-spark-pipeline/airflow_venv/lib/python3.11/site-packages/airflow/example_dags/plugins/workday.py
[2026-03-18T07:22:57.709+0000] {logging_mixin.py:190} INFO - [2026-03-18T07:22:57.709+0000] {workday.py:41} WARNING - Could not import pandas. Holidays will not be considered.
[2026-03-18T07:22:57.710+0000] {processor.py:927} WARNING - No viable dags retrieved from /home/komal/data-engineering-projects/airflow-spark-pipeline/airflow_venv/lib/python3.11/site-packages/airflow/example_dags/plugins/workday.py
[2026-03-18T07:22:57.727+0000] {processor.py:208} INFO - Processing /home/komal/data-engineering-projects/airflow-spark-pipeline/airflow_venv/lib/python3.11/site-packages/airflow/example_dags/plugins/workday.py took 0.067 seconds
[2026-03-18T07:24:08.486+0000] {processor.py:186} INFO - Started process (PID=32535) to work on /home/komal/data-engineering-projects/airflow-spark-pipeline/airflow_venv/lib/python3.11/site-packages/airflow/example_dags/plugins/workday.py
[2026-03-18T07:24:08.489+0000] {processor.py:914} INFO - Processing file /home/komal/data-engineering-projects/airflow-spark-pipeline/airflow_venv/lib/python3.11/site-packages/airflow/example_dags/plugins/workday.py for tasks to queue
[2026-03-18T07:24:08.490+0000] {logging_mixin.py:190} INFO - [2026-03-18T07:24:08.490+0000] {dagbag.py:588} INFO - Filling up the DagBag from /home/komal/data-engineering-projects/airflow-spark-pipeline/airflow_venv/lib/python3.11/site-packages/airflow/example_dags/plugins/workday.py
[2026-03-18T07:24:08.495+0000] {logging_mixin.py:190} INFO - [2026-03-18T07:24:08.494+0000] {workday.py:41} WARNING - Could not import pandas. Holidays will not be considered.
[2026-03-18T07:24:08.495+0000] {processor.py:927} WARNING - No viable dags retrieved from /home/komal/data-engineering-projects/airflow-spark-pipeline/airflow_venv/lib/python3.11/site-packages/airflow/example_dags/plugins/workday.py
[2026-03-18T07:24:08.507+0000] {processor.py:208} INFO - Processing /home/komal/data-engineering-projects/airflow-spark-pipeline/airflow_venv/lib/python3.11/site-packages/airflow/example_dags/plugins/workday.py took 0.034 seconds
[2026-03-18T07:25:19.711+0000] {processor.py:186} INFO - Started process (PID=32604) to work on /home/komal/data-engineering-projects/airflow-spark-pipeline/airflow_venv/lib/python3.11/site-packages/airflow/example_dags/plugins/workday.py
[2026-03-18T07:25:19.743+0000] {processor.py:914} INFO - Processing file /home/komal/data-engineering-projects/airflow-spark-pipeline/airflow_venv/lib/python3.11/site-packages/airflow/example_dags/plugins/workday.py for tasks to queue
[2026-03-18T07:25:19.746+0000] {logging_mixin.py:190} INFO - [2026-03-18T07:25:19.745+0000] {dagbag.py:588} INFO - Filling up the DagBag from /home/komal/data-engineering-projects/airflow-spark-pipeline/airflow_venv/lib/python3.11/site-packages/airflow/example_dags/plugins/workday.py
[2026-03-18T07:25:19.750+0000] {logging_mixin.py:190} INFO - [2026-03-18T07:25:19.749+0000] {workday.py:41} WARNING - Could not import pandas. Holidays will not be considered.
[2026-03-18T07:25:19.750+0000] {processor.py:927} WARNING - No viable dags retrieved from /home/komal/data-engineering-projects/airflow-spark-pipeline/airflow_venv/lib/python3.11/site-packages/airflow/example_dags/plugins/workday.py
[2026-03-18T07:25:19.764+0000] {processor.py:208} INFO - Processing /home/komal/data-engineering-projects/airflow-spark-pipeline/airflow_venv/lib/python3.11/site-packages/airflow/example_dags/plugins/workday.py took 0.061 seconds
[2026-03-18T07:26:23.229+0000] {processor.py:186} INFO - Started process (PID=32662) to work on /home/komal/data-engineering-projects/airflow-spark-pipeline/airflow_venv/lib/python3.11/site-packages/airflow/example_dags/plugins/workday.py
[2026-03-18T07:26:23.261+0000] {processor.py:914} INFO - Processing file /home/komal/data-engineering-projects/airflow-spark-pipeline/airflow_venv/lib/python3.11/site-packages/airflow/example_dags/plugins/workday.py for tasks to queue
[2026-03-18T07:26:23.264+0000] {logging_mixin.py:190} INFO - [2026-03-18T07:26:23.263+0000] {dagbag.py:588} INFO - Filling up the DagBag from /home/komal/data-engineering-projects/airflow-spark-pipeline/airflow_venv/lib/python3.11/site-packages/airflow/example_dags/plugins/workday.py
[2026-03-18T07:26:23.267+0000] {logging_mixin.py:190} INFO - [2026-03-18T07:26:23.267+0000] {workday.py:41} WARNING - Could not import pandas. Holidays will not be considered.
[2026-03-18T07:26:23.268+0000] {processor.py:927} WARNING - No viable dags retrieved from /home/komal/data-engineering-projects/airflow-spark-pipeline/airflow_venv/lib/python3.11/site-packages/airflow/example_dags/plugins/workday.py
[2026-03-18T07:26:23.284+0000] {processor.py:208} INFO - Processing /home/komal/data-engineering-projects/airflow-spark-pipeline/airflow_venv/lib/python3.11/site-packages/airflow/example_dags/plugins/workday.py took 0.063 seconds
[2026-03-18T07:27:30.396+0000] {processor.py:186} INFO - Started process (PID=32726) to work on /home/komal/data-engineering-projects/airflow-spark-pipeline/airflow_venv/lib/python3.11/site-packages/airflow/example_dags/plugins/workday.py
[2026-03-18T07:27:30.428+0000] {processor.py:914} INFO - Processing file /home/komal/data-engineering-projects/airflow-spark-pipeline/airflow_venv/lib/python3.11/site-packages/airflow/example_dags/plugins/workday.py for tasks to queue
[2026-03-18T07:27:30.431+0000] {logging_mixin.py:190} INFO - [2026-03-18T07:27:30.430+0000] {dagbag.py:588} INFO - Filling up the DagBag from /home/komal/data-engineering-projects/airflow-spark-pipeline/airflow_venv/lib/python3.11/site-packages/airflow/example_dags/plugins/workday.py
[2026-03-18T07:27:30.435+0000] {logging_mixin.py:190} INFO - [2026-03-18T07:27:30.434+0000] {workday.py:41} WARNING - Could not import pandas. Holidays will not be considered.
[2026-03-18T07:27:30.435+0000] {processor.py:927} WARNING - No viable dags retrieved from /home/komal/data-engineering-projects/airflow-spark-pipeline/airflow_venv/lib/python3.11/site-packages/airflow/example_dags/plugins/workday.py
[2026-03-18T07:27:30.450+0000] {processor.py:208} INFO - Processing /home/komal/data-engineering-projects/airflow-spark-pipeline/airflow_venv/lib/python3.11/site-packages/airflow/example_dags/plugins/workday.py took 0.061 seconds
[2026-03-18T07:28:39.268+0000] {processor.py:186} INFO - Started process (PID=32791) to work on /home/komal/data-engineering-projects/airflow-spark-pipeline/airflow_venv/lib/python3.11/site-packages/airflow/example_dags/plugins/workday.py
[2026-03-18T07:28:39.300+0000] {processor.py:914} INFO - Processing file /home/komal/data-engineering-projects/airflow-spark-pipeline/airflow_venv/lib/python3.11/site-packages/airflow/example_dags/plugins/workday.py for tasks to queue
[2026-03-18T07:28:39.303+0000] {logging_mixin.py:190} INFO - [2026-03-18T07:28:39.303+0000] {dagbag.py:588} INFO - Filling up the DagBag from /home/komal/data-engineering-projects/airflow-spark-pipeline/airflow_venv/lib/python3.11/site-packages/airflow/example_dags/plugins/workday.py
[2026-03-18T07:28:39.308+0000] {logging_mixin.py:190} INFO - [2026-03-18T07:28:39.308+0000] {workday.py:41} WARNING - Could not import pandas. Holidays will not be considered.
[2026-03-18T07:28:39.309+0000] {processor.py:927} WARNING - No viable dags retrieved from /home/komal/data-engineering-projects/airflow-spark-pipeline/airflow_venv/lib/python3.11/site-packages/airflow/example_dags/plugins/workday.py
[2026-03-18T07:28:39.328+0000] {processor.py:208} INFO - Processing /home/komal/data-engineering-projects/airflow-spark-pipeline/airflow_venv/lib/python3.11/site-packages/airflow/example_dags/plugins/workday.py took 0.070 seconds
[2026-03-18T07:29:48.902+0000] {processor.py:186} INFO - Started process (PID=32858) to work on /home/komal/data-engineering-projects/airflow-spark-pipeline/airflow_venv/lib/python3.11/site-packages/airflow/example_dags/plugins/workday.py
[2026-03-18T07:29:48.934+0000] {processor.py:914} INFO - Processing file /home/komal/data-engineering-projects/airflow-spark-pipeline/airflow_venv/lib/python3.11/site-packages/airflow/example_dags/plugins/workday.py for tasks to queue
[2026-03-18T07:29:48.937+0000] {logging_mixin.py:190} INFO - [2026-03-18T07:29:48.937+0000] {dagbag.py:588} INFO - Filling up the DagBag from /home/komal/data-engineering-projects/airflow-spark-pipeline/airflow_venv/lib/python3.11/site-packages/airflow/example_dags/plugins/workday.py
[2026-03-18T07:29:48.941+0000] {logging_mixin.py:190} INFO - [2026-03-18T07:29:48.941+0000] {workday.py:41} WARNING - Could not import pandas. Holidays will not be considered.
[2026-03-18T07:29:48.943+0000] {processor.py:927} WARNING - No viable dags retrieved from /home/komal/data-engineering-projects/airflow-spark-pipeline/airflow_venv/lib/python3.11/site-packages/airflow/example_dags/plugins/workday.py
[2026-03-18T07:29:48.973+0000] {processor.py:208} INFO - Processing /home/komal/data-engineering-projects/airflow-spark-pipeline/airflow_venv/lib/python3.11/site-packages/airflow/example_dags/plugins/workday.py took 0.083 seconds
[2026-03-18T07:31:05.464+0000] {processor.py:186} INFO - Started process (PID=33009) to work on /home/komal/data-engineering-projects/airflow-spark-pipeline/airflow_venv/lib/python3.11/site-packages/airflow/example_dags/plugins/workday.py
[2026-03-18T07:31:05.468+0000] {processor.py:914} INFO - Processing file /home/komal/data-engineering-projects/airflow-spark-pipeline/airflow_venv/lib/python3.11/site-packages/airflow/example_dags/plugins/workday.py for tasks to queue
[2026-03-18T07:31:05.471+0000] {logging_mixin.py:190} INFO - [2026-03-18T07:31:05.470+0000] {dagbag.py:588} INFO - Filling up the DagBag from /home/komal/data-engineering-projects/airflow-spark-pipeline/airflow_venv/lib/python3.11/site-packages/airflow/example_dags/plugins/workday.py
[2026-03-18T07:31:05.474+0000] {logging_mixin.py:190} INFO - [2026-03-18T07:31:05.473+0000] {workday.py:41} WARNING - Could not import pandas. Holidays will not be considered.
[2026-03-18T07:31:05.474+0000] {processor.py:927} WARNING - No viable dags retrieved from /home/komal/data-engineering-projects/airflow-spark-pipeline/airflow_venv/lib/python3.11/site-packages/airflow/example_dags/plugins/workday.py
[2026-03-18T07:31:05.490+0000] {processor.py:208} INFO - Processing /home/komal/data-engineering-projects/airflow-spark-pipeline/airflow_venv/lib/python3.11/site-packages/airflow/example_dags/plugins/workday.py took 0.036 seconds
[2026-03-18T07:32:17.106+0000] {processor.py:186} INFO - Started process (PID=33075) to work on /home/komal/data-engineering-projects/airflow-spark-pipeline/airflow_venv/lib/python3.11/site-packages/airflow/example_dags/plugins/workday.py
[2026-03-18T07:32:17.109+0000] {processor.py:914} INFO - Processing file /home/komal/data-engineering-projects/airflow-spark-pipeline/airflow_venv/lib/python3.11/site-packages/airflow/example_dags/plugins/workday.py for tasks to queue
[2026-03-18T07:32:17.112+0000] {logging_mixin.py:190} INFO - [2026-03-18T07:32:17.111+0000] {dagbag.py:588} INFO - Filling up the DagBag from /home/komal/data-engineering-projects/airflow-spark-pipeline/airflow_venv/lib/python3.11/site-packages/airflow/example_dags/plugins/workday.py
[2026-03-18T07:32:17.115+0000] {logging_mixin.py:190} INFO - [2026-03-18T07:32:17.115+0000] {workday.py:41} WARNING - Could not import pandas. Holidays will not be considered.
[2026-03-18T07:32:17.116+0000] {processor.py:927} WARNING - No viable dags retrieved from /home/komal/data-engineering-projects/airflow-spark-pipeline/airflow_venv/lib/python3.11/site-packages/airflow/example_dags/plugins/workday.py
[2026-03-18T07:32:17.129+0000] {processor.py:208} INFO - Processing /home/komal/data-engineering-projects/airflow-spark-pipeline/airflow_venv/lib/python3.11/site-packages/airflow/example_dags/plugins/workday.py took 0.033 seconds
[2026-03-18T07:33:38.852+0000] {processor.py:186} INFO - Started process (PID=33150) to work on /home/komal/data-engineering-projects/airflow-spark-pipeline/airflow_venv/lib/python3.11/site-packages/airflow/example_dags/plugins/workday.py
[2026-03-18T07:33:38.884+0000] {processor.py:914} INFO - Processing file /home/komal/data-engineering-projects/airflow-spark-pipeline/airflow_venv/lib/python3.11/site-packages/airflow/example_dags/plugins/workday.py for tasks to queue
[2026-03-18T07:33:38.889+0000] {logging_mixin.py:190} INFO - [2026-03-18T07:33:38.888+0000] {dagbag.py:588} INFO - Filling up the DagBag from /home/komal/data-engineering-projects/airflow-spark-pipeline/airflow_venv/lib/python3.11/site-packages/airflow/example_dags/plugins/workday.py
[2026-03-18T07:33:38.895+0000] {logging_mixin.py:190} INFO - [2026-03-18T07:33:38.895+0000] {workday.py:41} WARNING - Could not import pandas. Holidays will not be considered.
[2026-03-18T07:33:38.896+0000] {processor.py:927} WARNING - No viable dags retrieved from /home/komal/data-engineering-projects/airflow-spark-pipeline/airflow_venv/lib/python3.11/site-packages/airflow/example_dags/plugins/workday.py
[2026-03-18T07:33:38.913+0000] {processor.py:208} INFO - Processing /home/komal/data-engineering-projects/airflow-spark-pipeline/airflow_venv/lib/python3.11/site-packages/airflow/example_dags/plugins/workday.py took 0.070 seconds
[2026-03-18T07:34:27.576+0000] {processor.py:186} INFO - Started process (PID=33198) to work on /home/komal/data-engineering-projects/airflow-spark-pipeline/airflow_venv/lib/python3.11/site-packages/airflow/example_dags/plugins/workday.py
[2026-03-18T07:34:27.578+0000] {processor.py:914} INFO - Processing file /home/komal/data-engineering-projects/airflow-spark-pipeline/airflow_venv/lib/python3.11/site-packages/airflow/example_dags/plugins/workday.py for tasks to queue
[2026-03-18T07:34:27.584+0000] {logging_mixin.py:190} INFO - [2026-03-18T07:34:27.583+0000] {dagbag.py:588} INFO - Filling up the DagBag from /home/komal/data-engineering-projects/airflow-spark-pipeline/airflow_venv/lib/python3.11/site-packages/airflow/example_dags/plugins/workday.py
[2026-03-18T07:34:27.595+0000] {logging_mixin.py:190} INFO - [2026-03-18T07:34:27.595+0000] {workday.py:41} WARNING - Could not import pandas. Holidays will not be considered.
[2026-03-18T07:34:27.597+0000] {processor.py:927} WARNING - No viable dags retrieved from /home/komal/data-engineering-projects/airflow-spark-pipeline/airflow_venv/lib/python3.11/site-packages/airflow/example_dags/plugins/workday.py
[2026-03-18T07:34:27.618+0000] {processor.py:208} INFO - Processing /home/komal/data-engineering-projects/airflow-spark-pipeline/airflow_venv/lib/python3.11/site-packages/airflow/example_dags/plugins/workday.py took 0.056 seconds
[2026-03-18T07:35:39.246+0000] {processor.py:186} INFO - Started process (PID=33319) to work on /home/komal/data-engineering-projects/airflow-spark-pipeline/airflow_venv/lib/python3.11/site-packages/airflow/example_dags/plugins/workday.py
[2026-03-18T07:35:39.280+0000] {processor.py:914} INFO - Processing file /home/komal/data-engineering-projects/airflow-spark-pipeline/airflow_venv/lib/python3.11/site-packages/airflow/example_dags/plugins/workday.py for tasks to queue
[2026-03-18T07:35:39.284+0000] {logging_mixin.py:190} INFO - [2026-03-18T07:35:39.283+0000] {dagbag.py:588} INFO - Filling up the DagBag from /home/komal/data-engineering-projects/airflow-spark-pipeline/airflow_venv/lib/python3.11/site-packages/airflow/example_dags/plugins/workday.py
[2026-03-18T07:35:39.288+0000] {logging_mixin.py:190} INFO - [2026-03-18T07:35:39.288+0000] {workday.py:41} WARNING - Could not import pandas. Holidays will not be considered.
[2026-03-18T07:35:39.289+0000] {processor.py:927} WARNING - No viable dags retrieved from /home/komal/data-engineering-projects/airflow-spark-pipeline/airflow_venv/lib/python3.11/site-packages/airflow/example_dags/plugins/workday.py
[2026-03-18T07:35:39.304+0000] {processor.py:208} INFO - Processing /home/komal/data-engineering-projects/airflow-spark-pipeline/airflow_venv/lib/python3.11/site-packages/airflow/example_dags/plugins/workday.py took 0.068 seconds
[2026-03-18T07:36:49.482+0000] {processor.py:186} INFO - Started process (PID=33387) to work on /home/komal/data-engineering-projects/airflow-spark-pipeline/airflow_venv/lib/python3.11/site-packages/airflow/example_dags/plugins/workday.py
[2026-03-18T07:36:49.514+0000] {processor.py:914} INFO - Processing file /home/komal/data-engineering-projects/airflow-spark-pipeline/airflow_venv/lib/python3.11/site-packages/airflow/example_dags/plugins/workday.py for tasks to queue
[2026-03-18T07:36:49.517+0000] {logging_mixin.py:190} INFO - [2026-03-18T07:36:49.516+0000] {dagbag.py:588} INFO - Filling up the DagBag from /home/komal/data-engineering-projects/airflow-spark-pipeline/airflow_venv/lib/python3.11/site-packages/airflow/example_dags/plugins/workday.py
[2026-03-18T07:36:49.520+0000] {logging_mixin.py:190} INFO - [2026-03-18T07:36:49.520+0000] {workday.py:41} WARNING - Could not import pandas. Holidays will not be considered.
[2026-03-18T07:36:49.520+0000] {processor.py:927} WARNING - No viable dags retrieved from /home/komal/data-engineering-projects/airflow-spark-pipeline/airflow_venv/lib/python3.11/site-packages/airflow/example_dags/plugins/workday.py
[2026-03-18T07:36:49.534+0000] {processor.py:208} INFO - Processing /home/komal/data-engineering-projects/airflow-spark-pipeline/airflow_venv/lib/python3.11/site-packages/airflow/example_dags/plugins/workday.py took 0.065 seconds
[2026-03-18T07:38:18.045+0000] {processor.py:186} INFO - Started process (PID=33536) to work on /home/komal/data-engineering-projects/airflow-spark-pipeline/airflow_venv/lib/python3.11/site-packages/airflow/example_dags/plugins/workday.py
[2026-03-18T07:38:18.050+0000] {processor.py:914} INFO - Processing file /home/komal/data-engineering-projects/airflow-spark-pipeline/airflow_venv/lib/python3.11/site-packages/airflow/example_dags/plugins/workday.py for tasks to queue
[2026-03-18T07:38:18.054+0000] {logging_mixin.py:190} INFO - [2026-03-18T07:38:18.053+0000] {dagbag.py:588} INFO - Filling up the DagBag from /home/komal/data-engineering-projects/airflow-spark-pipeline/airflow_venv/lib/python3.11/site-packages/airflow/example_dags/plugins/workday.py
[2026-03-18T07:38:18.059+0000] {logging_mixin.py:190} INFO - [2026-03-18T07:38:18.059+0000] {workday.py:41} WARNING - Could not import pandas. Holidays will not be considered.
[2026-03-18T07:38:18.059+0000] {processor.py:927} WARNING - No viable dags retrieved from /home/komal/data-engineering-projects/airflow-spark-pipeline/airflow_venv/lib/python3.11/site-packages/airflow/example_dags/plugins/workday.py
[2026-03-18T07:38:18.074+0000] {processor.py:208} INFO - Processing /home/komal/data-engineering-projects/airflow-spark-pipeline/airflow_venv/lib/python3.11/site-packages/airflow/example_dags/plugins/workday.py took 0.037 seconds
[2026-03-18T07:39:22.333+0000] {processor.py:186} INFO - Started process (PID=33600) to work on /home/komal/data-engineering-projects/airflow-spark-pipeline/airflow_venv/lib/python3.11/site-packages/airflow/example_dags/plugins/workday.py
[2026-03-18T07:39:22.366+0000] {processor.py:914} INFO - Processing file /home/komal/data-engineering-projects/airflow-spark-pipeline/airflow_venv/lib/python3.11/site-packages/airflow/example_dags/plugins/workday.py for tasks to queue
[2026-03-18T07:39:22.369+0000] {logging_mixin.py:190} INFO - [2026-03-18T07:39:22.368+0000] {dagbag.py:588} INFO - Filling up the DagBag from /home/komal/data-engineering-projects/airflow-spark-pipeline/airflow_venv/lib/python3.11/site-packages/airflow/example_dags/plugins/workday.py
[2026-03-18T07:39:22.372+0000] {logging_mixin.py:190} INFO - [2026-03-18T07:39:22.372+0000] {workday.py:41} WARNING - Could not import pandas. Holidays will not be considered.
[2026-03-18T07:39:22.372+0000] {processor.py:927} WARNING - No viable dags retrieved from /home/komal/data-engineering-projects/airflow-spark-pipeline/airflow_venv/lib/python3.11/site-packages/airflow/example_dags/plugins/workday.py
[2026-03-18T07:39:22.385+0000] {processor.py:208} INFO - Processing /home/komal/data-engineering-projects/airflow-spark-pipeline/airflow_venv/lib/python3.11/site-packages/airflow/example_dags/plugins/workday.py took 0.059 seconds
[2026-03-18T07:40:33.088+0000] {processor.py:186} INFO - Started process (PID=33668) to work on /home/komal/data-engineering-projects/airflow-spark-pipeline/airflow_venv/lib/python3.11/site-packages/airflow/example_dags/plugins/workday.py
[2026-03-18T07:40:33.121+0000] {processor.py:914} INFO - Processing file /home/komal/data-engineering-projects/airflow-spark-pipeline/airflow_venv/lib/python3.11/site-packages/airflow/example_dags/plugins/workday.py for tasks to queue
[2026-03-18T07:40:33.125+0000] {logging_mixin.py:190} INFO - [2026-03-18T07:40:33.125+0000] {dagbag.py:588} INFO - Filling up the DagBag from /home/komal/data-engineering-projects/airflow-spark-pipeline/airflow_venv/lib/python3.11/site-packages/airflow/example_dags/plugins/workday.py
[2026-03-18T07:40:33.130+0000] {logging_mixin.py:190} INFO - [2026-03-18T07:40:33.130+0000] {workday.py:41} WARNING - Could not import pandas. Holidays will not be considered.
[2026-03-18T07:40:33.132+0000] {processor.py:927} WARNING - No viable dags retrieved from /home/komal/data-engineering-projects/airflow-spark-pipeline/airflow_venv/lib/python3.11/site-packages/airflow/example_dags/plugins/workday.py
[2026-03-18T07:40:33.153+0000] {processor.py:208} INFO - Processing /home/komal/data-engineering-projects/airflow-spark-pipeline/airflow_venv/lib/python3.11/site-packages/airflow/example_dags/plugins/workday.py took 0.077 seconds
[2026-03-18T07:41:49.550+0000] {processor.py:186} INFO - Started process (PID=33736) to work on /home/komal/data-engineering-projects/airflow-spark-pipeline/airflow_venv/lib/python3.11/site-packages/airflow/example_dags/plugins/workday.py
[2026-03-18T07:41:49.554+0000] {processor.py:914} INFO - Processing file /home/komal/data-engineering-projects/airflow-spark-pipeline/airflow_venv/lib/python3.11/site-packages/airflow/example_dags/plugins/workday.py for tasks to queue
[2026-03-18T07:41:49.557+0000] {logging_mixin.py:190} INFO - [2026-03-18T07:41:49.556+0000] {dagbag.py:588} INFO - Filling up the DagBag from /home/komal/data-engineering-projects/airflow-spark-pipeline/airflow_venv/lib/python3.11/site-packages/airflow/example_dags/plugins/workday.py
[2026-03-18T07:41:49.560+0000] {logging_mixin.py:190} INFO - [2026-03-18T07:41:49.560+0000] {workday.py:41} WARNING - Could not import pandas. Holidays will not be considered.
[2026-03-18T07:41:49.560+0000] {processor.py:927} WARNING - No viable dags retrieved from /home/komal/data-engineering-projects/airflow-spark-pipeline/airflow_venv/lib/python3.11/site-packages/airflow/example_dags/plugins/workday.py
[2026-03-18T07:41:49.573+0000] {processor.py:208} INFO - Processing /home/komal/data-engineering-projects/airflow-spark-pipeline/airflow_venv/lib/python3.11/site-packages/airflow/example_dags/plugins/workday.py took 0.031 seconds
[2026-03-18T07:42:25.019+0000] {processor.py:186} INFO - Started process (PID=33771) to work on /home/komal/data-engineering-projects/airflow-spark-pipeline/airflow_venv/lib/python3.11/site-packages/airflow/example_dags/plugins/workday.py
[2026-03-18T07:42:25.023+0000] {processor.py:914} INFO - Processing file /home/komal/data-engineering-projects/airflow-spark-pipeline/airflow_venv/lib/python3.11/site-packages/airflow/example_dags/plugins/workday.py for tasks to queue
[2026-03-18T07:42:25.025+0000] {logging_mixin.py:190} INFO - [2026-03-18T07:42:25.024+0000] {dagbag.py:588} INFO - Filling up the DagBag from /home/komal/data-engineering-projects/airflow-spark-pipeline/airflow_venv/lib/python3.11/site-packages/airflow/example_dags/plugins/workday.py
[2026-03-18T07:42:25.028+0000] {logging_mixin.py:190} INFO - [2026-03-18T07:42:25.028+0000] {workday.py:41} WARNING - Could not import pandas. Holidays will not be considered.
[2026-03-18T07:42:25.029+0000] {processor.py:927} WARNING - No viable dags retrieved from /home/komal/data-engineering-projects/airflow-spark-pipeline/airflow_venv/lib/python3.11/site-packages/airflow/example_dags/plugins/workday.py
[2026-03-18T07:42:25.041+0000] {processor.py:208} INFO - Processing /home/komal/data-engineering-projects/airflow-spark-pipeline/airflow_venv/lib/python3.11/site-packages/airflow/example_dags/plugins/workday.py took 0.031 seconds
[2026-03-18T07:43:38.021+0000] {processor.py:186} INFO - Started process (PID=33916) to work on /home/komal/data-engineering-projects/airflow-spark-pipeline/airflow_venv/lib/python3.11/site-packages/airflow/example_dags/plugins/workday.py
[2026-03-18T07:43:38.053+0000] {processor.py:914} INFO - Processing file /home/komal/data-engineering-projects/airflow-spark-pipeline/airflow_venv/lib/python3.11/site-packages/airflow/example_dags/plugins/workday.py for tasks to queue
[2026-03-18T07:43:38.056+0000] {logging_mixin.py:190} INFO - [2026-03-18T07:43:38.055+0000] {dagbag.py:588} INFO - Filling up the DagBag from /home/komal/data-engineering-projects/airflow-spark-pipeline/airflow_venv/lib/python3.11/site-packages/airflow/example_dags/plugins/workday.py
[2026-03-18T07:43:38.059+0000] {logging_mixin.py:190} INFO - [2026-03-18T07:43:38.059+0000] {workday.py:41} WARNING - Could not import pandas. Holidays will not be considered.
[2026-03-18T07:43:38.060+0000] {processor.py:927} WARNING - No viable dags retrieved from /home/komal/data-engineering-projects/airflow-spark-pipeline/airflow_venv/lib/python3.11/site-packages/airflow/example_dags/plugins/workday.py
[2026-03-18T07:43:38.072+0000] {processor.py:208} INFO - Processing /home/komal/data-engineering-projects/airflow-spark-pipeline/airflow_venv/lib/python3.11/site-packages/airflow/example_dags/plugins/workday.py took 0.058 seconds
[2026-03-18T07:44:43.590+0000] {processor.py:186} INFO - Started process (PID=33987) to work on /home/komal/data-engineering-projects/airflow-spark-pipeline/airflow_venv/lib/python3.11/site-packages/airflow/example_dags/plugins/workday.py
[2026-03-18T07:44:43.621+0000] {processor.py:914} INFO - Processing file /home/komal/data-engineering-projects/airflow-spark-pipeline/airflow_venv/lib/python3.11/site-packages/airflow/example_dags/plugins/workday.py for tasks to queue
[2026-03-18T07:44:43.628+0000] {logging_mixin.py:190} INFO - [2026-03-18T07:44:43.626+0000] {dagbag.py:588} INFO - Filling up the DagBag from /home/komal/data-engineering-projects/airflow-spark-pipeline/airflow_venv/lib/python3.11/site-packages/airflow/example_dags/plugins/workday.py
[2026-03-18T07:44:43.635+0000] {logging_mixin.py:190} INFO - [2026-03-18T07:44:43.634+0000] {workday.py:41} WARNING - Could not import pandas. Holidays will not be considered.
[2026-03-18T07:44:43.636+0000] {processor.py:927} WARNING - No viable dags retrieved from /home/komal/data-engineering-projects/airflow-spark-pipeline/airflow_venv/lib/python3.11/site-packages/airflow/example_dags/plugins/workday.py
[2026-03-18T07:44:43.663+0000] {processor.py:208} INFO - Processing /home/komal/data-engineering-projects/airflow-spark-pipeline/airflow_venv/lib/python3.11/site-packages/airflow/example_dags/plugins/workday.py took 0.094 seconds
[2026-03-18T07:45:54.349+0000] {processor.py:186} INFO - Started process (PID=34056) to work on /home/komal/data-engineering-projects/airflow-spark-pipeline/airflow_venv/lib/python3.11/site-packages/airflow/example_dags/plugins/workday.py
[2026-03-18T07:45:54.379+0000] {processor.py:914} INFO - Processing file /home/komal/data-engineering-projects/airflow-spark-pipeline/airflow_venv/lib/python3.11/site-packages/airflow/example_dags/plugins/workday.py for tasks to queue
[2026-03-18T07:45:54.383+0000] {logging_mixin.py:190} INFO - [2026-03-18T07:45:54.383+0000] {dagbag.py:588} INFO - Filling up the DagBag from /home/komal/data-engineering-projects/airflow-spark-pipeline/airflow_venv/lib/python3.11/site-packages/airflow/example_dags/plugins/workday.py
[2026-03-18T07:45:54.388+0000] {logging_mixin.py:190} INFO - [2026-03-18T07:45:54.388+0000] {workday.py:41} WARNING - Could not import pandas. Holidays will not be considered.
[2026-03-18T07:45:54.389+0000] {processor.py:927} WARNING - No viable dags retrieved from /home/komal/data-engineering-projects/airflow-spark-pipeline/airflow_venv/lib/python3.11/site-packages/airflow/example_dags/plugins/workday.py
[2026-03-18T07:45:54.414+0000] {processor.py:208} INFO - Processing /home/komal/data-engineering-projects/airflow-spark-pipeline/airflow_venv/lib/python3.11/site-packages/airflow/example_dags/plugins/workday.py took 0.076 seconds
[2026-03-18T07:47:11.817+0000] {processor.py:186} INFO - Started process (PID=34126) to work on /home/komal/data-engineering-projects/airflow-spark-pipeline/airflow_venv/lib/python3.11/site-packages/airflow/example_dags/plugins/workday.py
[2026-03-18T07:47:11.850+0000] {processor.py:914} INFO - Processing file /home/komal/data-engineering-projects/airflow-spark-pipeline/airflow_venv/lib/python3.11/site-packages/airflow/example_dags/plugins/workday.py for tasks to queue
[2026-03-18T07:47:11.853+0000] {logging_mixin.py:190} INFO - [2026-03-18T07:47:11.853+0000] {dagbag.py:588} INFO - Filling up the DagBag from /home/komal/data-engineering-projects/airflow-spark-pipeline/airflow_venv/lib/python3.11/site-packages/airflow/example_dags/plugins/workday.py
[2026-03-18T07:47:11.859+0000] {logging_mixin.py:190} INFO - [2026-03-18T07:47:11.858+0000] {workday.py:41} WARNING - Could not import pandas. Holidays will not be considered.
[2026-03-18T07:47:11.859+0000] {processor.py:927} WARNING - No viable dags retrieved from /home/komal/data-engineering-projects/airflow-spark-pipeline/airflow_venv/lib/python3.11/site-packages/airflow/example_dags/plugins/workday.py
[2026-03-18T07:47:11.874+0000] {processor.py:208} INFO - Processing /home/komal/data-engineering-projects/airflow-spark-pipeline/airflow_venv/lib/python3.11/site-packages/airflow/example_dags/plugins/workday.py took 0.065 seconds
[2026-03-18T07:49:19.781+0000] {processor.py:186} INFO - Started process (PID=34165) to work on /home/komal/data-engineering-projects/airflow-spark-pipeline/airflow_venv/lib/python3.11/site-packages/airflow/example_dags/plugins/workday.py
[2026-03-18T07:49:19.814+0000] {processor.py:914} INFO - Processing file /home/komal/data-engineering-projects/airflow-spark-pipeline/airflow_venv/lib/python3.11/site-packages/airflow/example_dags/plugins/workday.py for tasks to queue
[2026-03-18T07:49:19.819+0000] {logging_mixin.py:190} INFO - [2026-03-18T07:49:19.817+0000] {dagbag.py:588} INFO - Filling up the DagBag from /home/komal/data-engineering-projects/airflow-spark-pipeline/airflow_venv/lib/python3.11/site-packages/airflow/example_dags/plugins/workday.py
[2026-03-18T07:49:19.825+0000] {logging_mixin.py:190} INFO - [2026-03-18T07:49:19.824+0000] {workday.py:41} WARNING - Could not import pandas. Holidays will not be considered.
[2026-03-18T07:49:19.825+0000] {processor.py:927} WARNING - No viable dags retrieved from /home/komal/data-engineering-projects/airflow-spark-pipeline/airflow_venv/lib/python3.11/site-packages/airflow/example_dags/plugins/workday.py
[2026-03-18T07:49:19.852+0000] {processor.py:208} INFO - Processing /home/komal/data-engineering-projects/airflow-spark-pipeline/airflow_venv/lib/python3.11/site-packages/airflow/example_dags/plugins/workday.py took 0.078 seconds
[2026-03-18T07:50:22.196+0000] {processor.py:186} INFO - Started process (PID=34225) to work on /home/komal/data-engineering-projects/airflow-spark-pipeline/airflow_venv/lib/python3.11/site-packages/airflow/example_dags/plugins/workday.py
[2026-03-18T07:50:22.229+0000] {processor.py:914} INFO - Processing file /home/komal/data-engineering-projects/airflow-spark-pipeline/airflow_venv/lib/python3.11/site-packages/airflow/example_dags/plugins/workday.py for tasks to queue
[2026-03-18T07:50:22.234+0000] {logging_mixin.py:190} INFO - [2026-03-18T07:50:22.233+0000] {dagbag.py:588} INFO - Filling up the DagBag from /home/komal/data-engineering-projects/airflow-spark-pipeline/airflow_venv/lib/python3.11/site-packages/airflow/example_dags/plugins/workday.py
[2026-03-18T07:50:22.239+0000] {logging_mixin.py:190} INFO - [2026-03-18T07:50:22.239+0000] {workday.py:41} WARNING - Could not import pandas. Holidays will not be considered.
[2026-03-18T07:50:22.240+0000] {processor.py:927} WARNING - No viable dags retrieved from /home/komal/data-engineering-projects/airflow-spark-pipeline/airflow_venv/lib/python3.11/site-packages/airflow/example_dags/plugins/workday.py
[2026-03-18T07:50:22.258+0000] {processor.py:208} INFO - Processing /home/komal/data-engineering-projects/airflow-spark-pipeline/airflow_venv/lib/python3.11/site-packages/airflow/example_dags/plugins/workday.py took 0.073 seconds
[2026-03-18T07:51:34.277+0000] {processor.py:186} INFO - Started process (PID=34316) to work on /home/komal/data-engineering-projects/airflow-spark-pipeline/airflow_venv/lib/python3.11/site-packages/airflow/example_dags/plugins/workday.py
[2026-03-18T07:51:34.310+0000] {processor.py:914} INFO - Processing file /home/komal/data-engineering-projects/airflow-spark-pipeline/airflow_venv/lib/python3.11/site-packages/airflow/example_dags/plugins/workday.py for tasks to queue
[2026-03-18T07:51:34.313+0000] {logging_mixin.py:190} INFO - [2026-03-18T07:51:34.312+0000] {dagbag.py:588} INFO - Filling up the DagBag from /home/komal/data-engineering-projects/airflow-spark-pipeline/airflow_venv/lib/python3.11/site-packages/airflow/example_dags/plugins/workday.py
[2026-03-18T07:51:34.316+0000] {logging_mixin.py:190} INFO - [2026-03-18T07:51:34.316+0000] {workday.py:41} WARNING - Could not import pandas. Holidays will not be considered.
[2026-03-18T07:51:34.317+0000] {processor.py:927} WARNING - No viable dags retrieved from /home/komal/data-engineering-projects/airflow-spark-pipeline/airflow_venv/lib/python3.11/site-packages/airflow/example_dags/plugins/workday.py
[2026-03-18T07:51:34.336+0000] {processor.py:208} INFO - Processing /home/komal/data-engineering-projects/airflow-spark-pipeline/airflow_venv/lib/python3.11/site-packages/airflow/example_dags/plugins/workday.py took 0.066 seconds
[2026-03-18T07:52:48.209+0000] {processor.py:186} INFO - Started process (PID=34383) to work on /home/komal/data-engineering-projects/airflow-spark-pipeline/airflow_venv/lib/python3.11/site-packages/airflow/example_dags/plugins/workday.py
[2026-03-18T07:52:48.224+0000] {processor.py:914} INFO - Processing file /home/komal/data-engineering-projects/airflow-spark-pipeline/airflow_venv/lib/python3.11/site-packages/airflow/example_dags/plugins/workday.py for tasks to queue
[2026-03-18T07:52:48.227+0000] {logging_mixin.py:190} INFO - [2026-03-18T07:52:48.227+0000] {dagbag.py:588} INFO - Filling up the DagBag from /home/komal/data-engineering-projects/airflow-spark-pipeline/airflow_venv/lib/python3.11/site-packages/airflow/example_dags/plugins/workday.py
[2026-03-18T07:52:48.232+0000] {logging_mixin.py:190} INFO - [2026-03-18T07:52:48.232+0000] {workday.py:41} WARNING - Could not import pandas. Holidays will not be considered.
[2026-03-18T07:52:48.232+0000] {processor.py:927} WARNING - No viable dags retrieved from /home/komal/data-engineering-projects/airflow-spark-pipeline/airflow_venv/lib/python3.11/site-packages/airflow/example_dags/plugins/workday.py
[2026-03-18T07:52:48.250+0000] {processor.py:208} INFO - Processing /home/komal/data-engineering-projects/airflow-spark-pipeline/airflow_venv/lib/python3.11/site-packages/airflow/example_dags/plugins/workday.py took 0.049 seconds
[2026-03-18T07:54:13.970+0000] {processor.py:186} INFO - Started process (PID=34465) to work on /home/komal/data-engineering-projects/airflow-spark-pipeline/airflow_venv/lib/python3.11/site-packages/airflow/example_dags/plugins/workday.py
[2026-03-18T07:54:14.005+0000] {processor.py:914} INFO - Processing file /home/komal/data-engineering-projects/airflow-spark-pipeline/airflow_venv/lib/python3.11/site-packages/airflow/example_dags/plugins/workday.py for tasks to queue
[2026-03-18T07:54:14.011+0000] {logging_mixin.py:190} INFO - [2026-03-18T07:54:14.009+0000] {dagbag.py:588} INFO - Filling up the DagBag from /home/komal/data-engineering-projects/airflow-spark-pipeline/airflow_venv/lib/python3.11/site-packages/airflow/example_dags/plugins/workday.py
[2026-03-18T07:54:14.017+0000] {logging_mixin.py:190} INFO - [2026-03-18T07:54:14.016+0000] {workday.py:41} WARNING - Could not import pandas. Holidays will not be considered.
[2026-03-18T07:54:14.018+0000] {processor.py:927} WARNING - No viable dags retrieved from /home/komal/data-engineering-projects/airflow-spark-pipeline/airflow_venv/lib/python3.11/site-packages/airflow/example_dags/plugins/workday.py
[2026-03-18T07:54:14.039+0000] {processor.py:208} INFO - Processing /home/komal/data-engineering-projects/airflow-spark-pipeline/airflow_venv/lib/python3.11/site-packages/airflow/example_dags/plugins/workday.py took 0.079 seconds
[2026-03-18T07:55:05.307+0000] {processor.py:186} INFO - Started process (PID=34512) to work on /home/komal/data-engineering-projects/airflow-spark-pipeline/airflow_venv/lib/python3.11/site-packages/airflow/example_dags/plugins/workday.py
[2026-03-18T07:55:05.310+0000] {processor.py:914} INFO - Processing file /home/komal/data-engineering-projects/airflow-spark-pipeline/airflow_venv/lib/python3.11/site-packages/airflow/example_dags/plugins/workday.py for tasks to queue
[2026-03-18T07:55:05.314+0000] {logging_mixin.py:190} INFO - [2026-03-18T07:55:05.314+0000] {dagbag.py:588} INFO - Filling up the DagBag from /home/komal/data-engineering-projects/airflow-spark-pipeline/airflow_venv/lib/python3.11/site-packages/airflow/example_dags/plugins/workday.py
[2026-03-18T07:55:05.319+0000] {logging_mixin.py:190} INFO - [2026-03-18T07:55:05.319+0000] {workday.py:41} WARNING - Could not import pandas. Holidays will not be considered.
[2026-03-18T07:55:05.320+0000] {processor.py:927} WARNING - No viable dags retrieved from /home/komal/data-engineering-projects/airflow-spark-pipeline/airflow_venv/lib/python3.11/site-packages/airflow/example_dags/plugins/workday.py
[2026-03-18T07:55:05.340+0000] {processor.py:208} INFO - Processing /home/komal/data-engineering-projects/airflow-spark-pipeline/airflow_venv/lib/python3.11/site-packages/airflow/example_dags/plugins/workday.py took 0.044 seconds
[2026-03-18T07:56:16.767+0000] {processor.py:186} INFO - Started process (PID=34880) to work on /home/komal/data-engineering-projects/airflow-spark-pipeline/airflow_venv/lib/python3.11/site-packages/airflow/example_dags/plugins/workday.py
[2026-03-18T07:56:16.772+0000] {processor.py:914} INFO - Processing file /home/komal/data-engineering-projects/airflow-spark-pipeline/airflow_venv/lib/python3.11/site-packages/airflow/example_dags/plugins/workday.py for tasks to queue
[2026-03-18T07:56:16.777+0000] {logging_mixin.py:190} INFO - [2026-03-18T07:56:16.776+0000] {dagbag.py:588} INFO - Filling up the DagBag from /home/komal/data-engineering-projects/airflow-spark-pipeline/airflow_venv/lib/python3.11/site-packages/airflow/example_dags/plugins/workday.py
[2026-03-18T07:56:16.782+0000] {logging_mixin.py:190} INFO - [2026-03-18T07:56:16.781+0000] {workday.py:41} WARNING - Could not import pandas. Holidays will not be considered.
[2026-03-18T07:56:16.783+0000] {processor.py:927} WARNING - No viable dags retrieved from /home/komal/data-engineering-projects/airflow-spark-pipeline/airflow_venv/lib/python3.11/site-packages/airflow/example_dags/plugins/workday.py
[2026-03-18T07:56:16.802+0000] {processor.py:208} INFO - Processing /home/komal/data-engineering-projects/airflow-spark-pipeline/airflow_venv/lib/python3.11/site-packages/airflow/example_dags/plugins/workday.py took 0.047 seconds
[2026-03-18T08:05:10.641+0000] {processor.py:186} INFO - Started process (PID=34954) to work on /home/komal/data-engineering-projects/airflow-spark-pipeline/airflow_venv/lib/python3.11/site-packages/airflow/example_dags/plugins/workday.py
[2026-03-18T08:05:10.674+0000] {processor.py:914} INFO - Processing file /home/komal/data-engineering-projects/airflow-spark-pipeline/airflow_venv/lib/python3.11/site-packages/airflow/example_dags/plugins/workday.py for tasks to queue
[2026-03-18T08:05:10.678+0000] {logging_mixin.py:190} INFO - [2026-03-18T08:05:10.678+0000] {dagbag.py:588} INFO - Filling up the DagBag from /home/komal/data-engineering-projects/airflow-spark-pipeline/airflow_venv/lib/python3.11/site-packages/airflow/example_dags/plugins/workday.py
[2026-03-18T08:05:10.683+0000] {logging_mixin.py:190} INFO - [2026-03-18T08:05:10.683+0000] {workday.py:41} WARNING - Could not import pandas. Holidays will not be considered.
[2026-03-18T08:05:10.684+0000] {processor.py:927} WARNING - No viable dags retrieved from /home/komal/data-engineering-projects/airflow-spark-pipeline/airflow_venv/lib/python3.11/site-packages/airflow/example_dags/plugins/workday.py
[2026-03-18T08:05:10.702+0000] {processor.py:208} INFO - Processing /home/komal/data-engineering-projects/airflow-spark-pipeline/airflow_venv/lib/python3.11/site-packages/airflow/example_dags/plugins/workday.py took 0.072 seconds
[2026-03-18T08:06:18.998+0000] {processor.py:186} INFO - Started process (PID=35020) to work on /home/komal/data-engineering-projects/airflow-spark-pipeline/airflow_venv/lib/python3.11/site-packages/airflow/example_dags/plugins/workday.py
[2026-03-18T08:06:19.031+0000] {processor.py:914} INFO - Processing file /home/komal/data-engineering-projects/airflow-spark-pipeline/airflow_venv/lib/python3.11/site-packages/airflow/example_dags/plugins/workday.py for tasks to queue
[2026-03-18T08:06:19.034+0000] {logging_mixin.py:190} INFO - [2026-03-18T08:06:19.033+0000] {dagbag.py:588} INFO - Filling up the DagBag from /home/komal/data-engineering-projects/airflow-spark-pipeline/airflow_venv/lib/python3.11/site-packages/airflow/example_dags/plugins/workday.py
[2026-03-18T08:06:19.038+0000] {logging_mixin.py:190} INFO - [2026-03-18T08:06:19.038+0000] {workday.py:41} WARNING - Could not import pandas. Holidays will not be considered.
[2026-03-18T08:06:19.038+0000] {processor.py:927} WARNING - No viable dags retrieved from /home/komal/data-engineering-projects/airflow-spark-pipeline/airflow_venv/lib/python3.11/site-packages/airflow/example_dags/plugins/workday.py
[2026-03-18T08:06:19.055+0000] {processor.py:208} INFO - Processing /home/komal/data-engineering-projects/airflow-spark-pipeline/airflow_venv/lib/python3.11/site-packages/airflow/example_dags/plugins/workday.py took 0.069 seconds
[2026-03-18T08:07:35.871+0000] {processor.py:186} INFO - Started process (PID=35090) to work on /home/komal/data-engineering-projects/airflow-spark-pipeline/airflow_venv/lib/python3.11/site-packages/airflow/example_dags/plugins/workday.py
[2026-03-18T08:07:35.904+0000] {processor.py:914} INFO - Processing file /home/komal/data-engineering-projects/airflow-spark-pipeline/airflow_venv/lib/python3.11/site-packages/airflow/example_dags/plugins/workday.py for tasks to queue
[2026-03-18T08:07:35.908+0000] {logging_mixin.py:190} INFO - [2026-03-18T08:07:35.908+0000] {dagbag.py:588} INFO - Filling up the DagBag from /home/komal/data-engineering-projects/airflow-spark-pipeline/airflow_venv/lib/python3.11/site-packages/airflow/example_dags/plugins/workday.py
[2026-03-18T08:07:35.912+0000] {logging_mixin.py:190} INFO - [2026-03-18T08:07:35.911+0000] {workday.py:41} WARNING - Could not import pandas. Holidays will not be considered.
[2026-03-18T08:07:35.912+0000] {processor.py:927} WARNING - No viable dags retrieved from /home/komal/data-engineering-projects/airflow-spark-pipeline/airflow_venv/lib/python3.11/site-packages/airflow/example_dags/plugins/workday.py
[2026-03-18T08:07:35.926+0000] {processor.py:208} INFO - Processing /home/komal/data-engineering-projects/airflow-spark-pipeline/airflow_venv/lib/python3.11/site-packages/airflow/example_dags/plugins/workday.py took 0.062 seconds
[2026-03-18T08:08:47.870+0000] {processor.py:186} INFO - Started process (PID=35158) to work on /home/komal/data-engineering-projects/airflow-spark-pipeline/airflow_venv/lib/python3.11/site-packages/airflow/example_dags/plugins/workday.py
[2026-03-18T08:08:47.908+0000] {processor.py:914} INFO - Processing file /home/komal/data-engineering-projects/airflow-spark-pipeline/airflow_venv/lib/python3.11/site-packages/airflow/example_dags/plugins/workday.py for tasks to queue
[2026-03-18T08:08:47.911+0000] {logging_mixin.py:190} INFO - [2026-03-18T08:08:47.910+0000] {dagbag.py:588} INFO - Filling up the DagBag from /home/komal/data-engineering-projects/airflow-spark-pipeline/airflow_venv/lib/python3.11/site-packages/airflow/example_dags/plugins/workday.py
[2026-03-18T08:08:47.914+0000] {logging_mixin.py:190} INFO - [2026-03-18T08:08:47.914+0000] {workday.py:41} WARNING - Could not import pandas. Holidays will not be considered.
[2026-03-18T08:08:47.914+0000] {processor.py:927} WARNING - No viable dags retrieved from /home/komal/data-engineering-projects/airflow-spark-pipeline/airflow_venv/lib/python3.11/site-packages/airflow/example_dags/plugins/workday.py
[2026-03-18T08:08:47.930+0000] {processor.py:208} INFO - Processing /home/komal/data-engineering-projects/airflow-spark-pipeline/airflow_venv/lib/python3.11/site-packages/airflow/example_dags/plugins/workday.py took 0.067 seconds
[2026-03-18T08:10:02.955+0000] {processor.py:186} INFO - Started process (PID=35226) to work on /home/komal/data-engineering-projects/airflow-spark-pipeline/airflow_venv/lib/python3.11/site-packages/airflow/example_dags/plugins/workday.py
[2026-03-18T08:10:02.972+0000] {processor.py:914} INFO - Processing file /home/komal/data-engineering-projects/airflow-spark-pipeline/airflow_venv/lib/python3.11/site-packages/airflow/example_dags/plugins/workday.py for tasks to queue
[2026-03-18T08:10:02.975+0000] {logging_mixin.py:190} INFO - [2026-03-18T08:10:02.975+0000] {dagbag.py:588} INFO - Filling up the DagBag from /home/komal/data-engineering-projects/airflow-spark-pipeline/airflow_venv/lib/python3.11/site-packages/airflow/example_dags/plugins/workday.py
[2026-03-18T08:10:02.979+0000] {logging_mixin.py:190} INFO - [2026-03-18T08:10:02.979+0000] {workday.py:41} WARNING - Could not import pandas. Holidays will not be considered.
[2026-03-18T08:10:02.980+0000] {processor.py:927} WARNING - No viable dags retrieved from /home/komal/data-engineering-projects/airflow-spark-pipeline/airflow_venv/lib/python3.11/site-packages/airflow/example_dags/plugins/workday.py
[2026-03-18T08:10:02.994+0000] {processor.py:208} INFO - Processing /home/komal/data-engineering-projects/airflow-spark-pipeline/airflow_venv/lib/python3.11/site-packages/airflow/example_dags/plugins/workday.py took 0.046 seconds
[2026-03-18T08:11:16.180+0000] {processor.py:186} INFO - Started process (PID=35297) to work on /home/komal/data-engineering-projects/airflow-spark-pipeline/airflow_venv/lib/python3.11/site-packages/airflow/example_dags/plugins/workday.py
[2026-03-18T08:11:16.212+0000] {processor.py:914} INFO - Processing file /home/komal/data-engineering-projects/airflow-spark-pipeline/airflow_venv/lib/python3.11/site-packages/airflow/example_dags/plugins/workday.py for tasks to queue
[2026-03-18T08:11:16.215+0000] {logging_mixin.py:190} INFO - [2026-03-18T08:11:16.215+0000] {dagbag.py:588} INFO - Filling up the DagBag from /home/komal/data-engineering-projects/airflow-spark-pipeline/airflow_venv/lib/python3.11/site-packages/airflow/example_dags/plugins/workday.py
[2026-03-18T08:11:16.219+0000] {logging_mixin.py:190} INFO - [2026-03-18T08:11:16.219+0000] {workday.py:41} WARNING - Could not import pandas. Holidays will not be considered.
[2026-03-18T08:11:16.219+0000] {processor.py:927} WARNING - No viable dags retrieved from /home/komal/data-engineering-projects/airflow-spark-pipeline/airflow_venv/lib/python3.11/site-packages/airflow/example_dags/plugins/workday.py
[2026-03-18T08:11:16.234+0000] {processor.py:208} INFO - Processing /home/komal/data-engineering-projects/airflow-spark-pipeline/airflow_venv/lib/python3.11/site-packages/airflow/example_dags/plugins/workday.py took 0.063 seconds
[2026-03-18T08:12:28.529+0000] {processor.py:186} INFO - Started process (PID=35373) to work on /home/komal/data-engineering-projects/airflow-spark-pipeline/airflow_venv/lib/python3.11/site-packages/airflow/example_dags/plugins/workday.py
[2026-03-18T08:12:28.559+0000] {processor.py:914} INFO - Processing file /home/komal/data-engineering-projects/airflow-spark-pipeline/airflow_venv/lib/python3.11/site-packages/airflow/example_dags/plugins/workday.py for tasks to queue
[2026-03-18T08:12:28.563+0000] {logging_mixin.py:190} INFO - [2026-03-18T08:12:28.562+0000] {dagbag.py:588} INFO - Filling up the DagBag from /home/komal/data-engineering-projects/airflow-spark-pipeline/airflow_venv/lib/python3.11/site-packages/airflow/example_dags/plugins/workday.py
[2026-03-18T08:12:28.566+0000] {logging_mixin.py:190} INFO - [2026-03-18T08:12:28.566+0000] {workday.py:41} WARNING - Could not import pandas. Holidays will not be considered.
[2026-03-18T08:12:28.566+0000] {processor.py:927} WARNING - No viable dags retrieved from /home/komal/data-engineering-projects/airflow-spark-pipeline/airflow_venv/lib/python3.11/site-packages/airflow/example_dags/plugins/workday.py
[2026-03-18T08:12:28.580+0000] {processor.py:208} INFO - Processing /home/komal/data-engineering-projects/airflow-spark-pipeline/airflow_venv/lib/python3.11/site-packages/airflow/example_dags/plugins/workday.py took 0.063 seconds
[2026-03-18T08:14:41.184+0000] {processor.py:186} INFO - Started process (PID=35739) to work on /home/komal/data-engineering-projects/airflow-spark-pipeline/airflow_venv/lib/python3.11/site-packages/airflow/example_dags/plugins/workday.py
[2026-03-18T08:14:41.188+0000] {processor.py:914} INFO - Processing file /home/komal/data-engineering-projects/airflow-spark-pipeline/airflow_venv/lib/python3.11/site-packages/airflow/example_dags/plugins/workday.py for tasks to queue
[2026-03-18T08:14:41.191+0000] {logging_mixin.py:190} INFO - [2026-03-18T08:14:41.191+0000] {dagbag.py:588} INFO - Filling up the DagBag from /home/komal/data-engineering-projects/airflow-spark-pipeline/airflow_venv/lib/python3.11/site-packages/airflow/example_dags/plugins/workday.py
[2026-03-18T08:14:41.196+0000] {logging_mixin.py:190} INFO - [2026-03-18T08:14:41.196+0000] {workday.py:41} WARNING - Could not import pandas. Holidays will not be considered.
[2026-03-18T08:14:41.197+0000] {processor.py:927} WARNING - No viable dags retrieved from /home/komal/data-engineering-projects/airflow-spark-pipeline/airflow_venv/lib/python3.11/site-packages/airflow/example_dags/plugins/workday.py
[2026-03-18T08:14:41.211+0000] {processor.py:208} INFO - Processing /home/komal/data-engineering-projects/airflow-spark-pipeline/airflow_venv/lib/python3.11/site-packages/airflow/example_dags/plugins/workday.py took 0.035 seconds
[2026-03-18T08:15:44.295+0000] {processor.py:186} INFO - Started process (PID=35800) to work on /home/komal/data-engineering-projects/airflow-spark-pipeline/airflow_venv/lib/python3.11/site-packages/airflow/example_dags/plugins/workday.py
[2026-03-18T08:15:44.297+0000] {processor.py:914} INFO - Processing file /home/komal/data-engineering-projects/airflow-spark-pipeline/airflow_venv/lib/python3.11/site-packages/airflow/example_dags/plugins/workday.py for tasks to queue
[2026-03-18T08:15:44.299+0000] {logging_mixin.py:190} INFO - [2026-03-18T08:15:44.299+0000] {dagbag.py:588} INFO - Filling up the DagBag from /home/komal/data-engineering-projects/airflow-spark-pipeline/airflow_venv/lib/python3.11/site-packages/airflow/example_dags/plugins/workday.py
[2026-03-18T08:15:44.302+0000] {logging_mixin.py:190} INFO - [2026-03-18T08:15:44.302+0000] {workday.py:41} WARNING - Could not import pandas. Holidays will not be considered.
[2026-03-18T08:15:44.303+0000] {processor.py:927} WARNING - No viable dags retrieved from /home/komal/data-engineering-projects/airflow-spark-pipeline/airflow_venv/lib/python3.11/site-packages/airflow/example_dags/plugins/workday.py
[2026-03-18T08:15:44.316+0000] {processor.py:208} INFO - Processing /home/komal/data-engineering-projects/airflow-spark-pipeline/airflow_venv/lib/python3.11/site-packages/airflow/example_dags/plugins/workday.py took 0.030 seconds
[2026-03-18T08:16:57.012+0000] {processor.py:186} INFO - Started process (PID=35865) to work on /home/komal/data-engineering-projects/airflow-spark-pipeline/airflow_venv/lib/python3.11/site-packages/airflow/example_dags/plugins/workday.py
[2026-03-18T08:16:57.019+0000] {processor.py:914} INFO - Processing file /home/komal/data-engineering-projects/airflow-spark-pipeline/airflow_venv/lib/python3.11/site-packages/airflow/example_dags/plugins/workday.py for tasks to queue
[2026-03-18T08:16:57.022+0000] {logging_mixin.py:190} INFO - [2026-03-18T08:16:57.021+0000] {dagbag.py:588} INFO - Filling up the DagBag from /home/komal/data-engineering-projects/airflow-spark-pipeline/airflow_venv/lib/python3.11/site-packages/airflow/example_dags/plugins/workday.py
[2026-03-18T08:16:57.026+0000] {logging_mixin.py:190} INFO - [2026-03-18T08:16:57.026+0000] {workday.py:41} WARNING - Could not import pandas. Holidays will not be considered.
[2026-03-18T08:16:57.027+0000] {processor.py:927} WARNING - No viable dags retrieved from /home/komal/data-engineering-projects/airflow-spark-pipeline/airflow_venv/lib/python3.11/site-packages/airflow/example_dags/plugins/workday.py
[2026-03-18T08:16:57.045+0000] {processor.py:208} INFO - Processing /home/komal/data-engineering-projects/airflow-spark-pipeline/airflow_venv/lib/python3.11/site-packages/airflow/example_dags/plugins/workday.py took 0.044 seconds
[2026-03-18T08:18:12.572+0000] {processor.py:186} INFO - Started process (PID=35937) to work on /home/komal/data-engineering-projects/airflow-spark-pipeline/airflow_venv/lib/python3.11/site-packages/airflow/example_dags/plugins/workday.py
[2026-03-18T08:18:12.578+0000] {processor.py:914} INFO - Processing file /home/komal/data-engineering-projects/airflow-spark-pipeline/airflow_venv/lib/python3.11/site-packages/airflow/example_dags/plugins/workday.py for tasks to queue
[2026-03-18T08:18:12.582+0000] {logging_mixin.py:190} INFO - [2026-03-18T08:18:12.581+0000] {dagbag.py:588} INFO - Filling up the DagBag from /home/komal/data-engineering-projects/airflow-spark-pipeline/airflow_venv/lib/python3.11/site-packages/airflow/example_dags/plugins/workday.py
[2026-03-18T08:18:12.588+0000] {logging_mixin.py:190} INFO - [2026-03-18T08:18:12.587+0000] {workday.py:41} WARNING - Could not import pandas. Holidays will not be considered.
[2026-03-18T08:18:12.588+0000] {processor.py:927} WARNING - No viable dags retrieved from /home/komal/data-engineering-projects/airflow-spark-pipeline/airflow_venv/lib/python3.11/site-packages/airflow/example_dags/plugins/workday.py
[2026-03-18T08:18:12.605+0000] {processor.py:208} INFO - Processing /home/komal/data-engineering-projects/airflow-spark-pipeline/airflow_venv/lib/python3.11/site-packages/airflow/example_dags/plugins/workday.py took 0.043 seconds
[2026-03-18T08:19:21.061+0000] {processor.py:186} INFO - Started process (PID=36012) to work on /home/komal/data-engineering-projects/airflow-spark-pipeline/airflow_venv/lib/python3.11/site-packages/airflow/example_dags/plugins/workday.py
[2026-03-18T08:19:21.062+0000] {processor.py:914} INFO - Processing file /home/komal/data-engineering-projects/airflow-spark-pipeline/airflow_venv/lib/python3.11/site-packages/airflow/example_dags/plugins/workday.py for tasks to queue
[2026-03-18T08:19:21.064+0000] {logging_mixin.py:190} INFO - [2026-03-18T08:19:21.064+0000] {dagbag.py:588} INFO - Filling up the DagBag from /home/komal/data-engineering-projects/airflow-spark-pipeline/airflow_venv/lib/python3.11/site-packages/airflow/example_dags/plugins/workday.py
[2026-03-18T08:19:21.067+0000] {logging_mixin.py:190} INFO - [2026-03-18T08:19:21.067+0000] {workday.py:41} WARNING - Could not import pandas. Holidays will not be considered.
[2026-03-18T08:19:21.067+0000] {processor.py:927} WARNING - No viable dags retrieved from /home/komal/data-engineering-projects/airflow-spark-pipeline/airflow_venv/lib/python3.11/site-packages/airflow/example_dags/plugins/workday.py
[2026-03-18T08:19:21.075+0000] {processor.py:208} INFO - Processing /home/komal/data-engineering-projects/airflow-spark-pipeline/airflow_venv/lib/python3.11/site-packages/airflow/example_dags/plugins/workday.py took 0.017 seconds
[2026-03-18T08:20:22.051+0000] {processor.py:186} INFO - Started process (PID=36077) to work on /home/komal/data-engineering-projects/airflow-spark-pipeline/airflow_venv/lib/python3.11/site-packages/airflow/example_dags/plugins/workday.py
[2026-03-18T08:20:22.058+0000] {processor.py:914} INFO - Processing file /home/komal/data-engineering-projects/airflow-spark-pipeline/airflow_venv/lib/python3.11/site-packages/airflow/example_dags/plugins/workday.py for tasks to queue
[2026-03-18T08:20:22.059+0000] {logging_mixin.py:190} INFO - [2026-03-18T08:20:22.059+0000] {dagbag.py:588} INFO - Filling up the DagBag from /home/komal/data-engineering-projects/airflow-spark-pipeline/airflow_venv/lib/python3.11/site-packages/airflow/example_dags/plugins/workday.py
[2026-03-18T08:20:22.062+0000] {logging_mixin.py:190} INFO - [2026-03-18T08:20:22.061+0000] {workday.py:41} WARNING - Could not import pandas. Holidays will not be considered.
[2026-03-18T08:20:22.062+0000] {processor.py:927} WARNING - No viable dags retrieved from /home/komal/data-engineering-projects/airflow-spark-pipeline/airflow_venv/lib/python3.11/site-packages/airflow/example_dags/plugins/workday.py
[2026-03-18T08:20:22.069+0000] {processor.py:208} INFO - Processing /home/komal/data-engineering-projects/airflow-spark-pipeline/airflow_venv/lib/python3.11/site-packages/airflow/example_dags/plugins/workday.py took 0.023 seconds
[2026-03-18T13:41:02.564+0000] {processor.py:186} INFO - Started process (PID=36122) to work on /home/komal/data-engineering-projects/airflow-spark-pipeline/airflow_venv/lib/python3.11/site-packages/airflow/example_dags/plugins/workday.py
[2026-03-18T13:41:02.566+0000] {processor.py:914} INFO - Processing file /home/komal/data-engineering-projects/airflow-spark-pipeline/airflow_venv/lib/python3.11/site-packages/airflow/example_dags/plugins/workday.py for tasks to queue
[2026-03-18T13:41:02.569+0000] {logging_mixin.py:190} INFO - [2026-03-18T13:41:02.568+0000] {dagbag.py:588} INFO - Filling up the DagBag from /home/komal/data-engineering-projects/airflow-spark-pipeline/airflow_venv/lib/python3.11/site-packages/airflow/example_dags/plugins/workday.py
[2026-03-18T13:41:02.572+0000] {logging_mixin.py:190} INFO - [2026-03-18T13:41:02.572+0000] {workday.py:41} WARNING - Could not import pandas. Holidays will not be considered.
[2026-03-18T13:41:02.572+0000] {processor.py:927} WARNING - No viable dags retrieved from /home/komal/data-engineering-projects/airflow-spark-pipeline/airflow_venv/lib/python3.11/site-packages/airflow/example_dags/plugins/workday.py
[2026-03-18T13:41:02.580+0000] {processor.py:208} INFO - Processing /home/komal/data-engineering-projects/airflow-spark-pipeline/airflow_venv/lib/python3.11/site-packages/airflow/example_dags/plugins/workday.py took 0.024 seconds
[2026-03-18T13:41:58.686+0000] {processor.py:186} INFO - Started process (PID=36181) to work on /home/komal/data-engineering-projects/airflow-spark-pipeline/airflow_venv/lib/python3.11/site-packages/airflow/example_dags/plugins/workday.py
[2026-03-18T13:41:58.719+0000] {processor.py:914} INFO - Processing file /home/komal/data-engineering-projects/airflow-spark-pipeline/airflow_venv/lib/python3.11/site-packages/airflow/example_dags/plugins/workday.py for tasks to queue
[2026-03-18T13:41:58.723+0000] {logging_mixin.py:190} INFO - [2026-03-18T13:41:58.722+0000] {dagbag.py:588} INFO - Filling up the DagBag from /home/komal/data-engineering-projects/airflow-spark-pipeline/airflow_venv/lib/python3.11/site-packages/airflow/example_dags/plugins/workday.py
[2026-03-18T13:41:58.728+0000] {logging_mixin.py:190} INFO - [2026-03-18T13:41:58.727+0000] {workday.py:41} WARNING - Could not import pandas. Holidays will not be considered.
[2026-03-18T13:41:58.728+0000] {processor.py:927} WARNING - No viable dags retrieved from /home/komal/data-engineering-projects/airflow-spark-pipeline/airflow_venv/lib/python3.11/site-packages/airflow/example_dags/plugins/workday.py
[2026-03-18T13:41:58.741+0000] {processor.py:208} INFO - Processing /home/komal/data-engineering-projects/airflow-spark-pipeline/airflow_venv/lib/python3.11/site-packages/airflow/example_dags/plugins/workday.py took 0.063 seconds
[2026-03-18T13:43:01.828+0000] {processor.py:186} INFO - Started process (PID=36275) to work on /home/komal/data-engineering-projects/airflow-spark-pipeline/airflow_venv/lib/python3.11/site-packages/airflow/example_dags/plugins/workday.py
[2026-03-18T13:43:01.859+0000] {processor.py:914} INFO - Processing file /home/komal/data-engineering-projects/airflow-spark-pipeline/airflow_venv/lib/python3.11/site-packages/airflow/example_dags/plugins/workday.py for tasks to queue
[2026-03-18T13:43:01.862+0000] {logging_mixin.py:190} INFO - [2026-03-18T13:43:01.862+0000] {dagbag.py:588} INFO - Filling up the DagBag from /home/komal/data-engineering-projects/airflow-spark-pipeline/airflow_venv/lib/python3.11/site-packages/airflow/example_dags/plugins/workday.py
[2026-03-18T13:43:01.867+0000] {logging_mixin.py:190} INFO - [2026-03-18T13:43:01.866+0000] {workday.py:41} WARNING - Could not import pandas. Holidays will not be considered.
[2026-03-18T13:43:01.867+0000] {processor.py:927} WARNING - No viable dags retrieved from /home/komal/data-engineering-projects/airflow-spark-pipeline/airflow_venv/lib/python3.11/site-packages/airflow/example_dags/plugins/workday.py
[2026-03-18T13:43:01.881+0000] {processor.py:208} INFO - Processing /home/komal/data-engineering-projects/airflow-spark-pipeline/airflow_venv/lib/python3.11/site-packages/airflow/example_dags/plugins/workday.py took 0.057 seconds
[2026-03-18T13:44:09.124+0000] {processor.py:186} INFO - Started process (PID=36341) to work on /home/komal/data-engineering-projects/airflow-spark-pipeline/airflow_venv/lib/python3.11/site-packages/airflow/example_dags/plugins/workday.py
[2026-03-18T13:44:09.155+0000] {processor.py:914} INFO - Processing file /home/komal/data-engineering-projects/airflow-spark-pipeline/airflow_venv/lib/python3.11/site-packages/airflow/example_dags/plugins/workday.py for tasks to queue
[2026-03-18T13:44:09.157+0000] {logging_mixin.py:190} INFO - [2026-03-18T13:44:09.157+0000] {dagbag.py:588} INFO - Filling up the DagBag from /home/komal/data-engineering-projects/airflow-spark-pipeline/airflow_venv/lib/python3.11/site-packages/airflow/example_dags/plugins/workday.py
[2026-03-18T13:44:09.159+0000] {logging_mixin.py:190} INFO - [2026-03-18T13:44:09.159+0000] {workday.py:41} WARNING - Could not import pandas. Holidays will not be considered.
[2026-03-18T13:44:09.159+0000] {processor.py:927} WARNING - No viable dags retrieved from /home/komal/data-engineering-projects/airflow-spark-pipeline/airflow_venv/lib/python3.11/site-packages/airflow/example_dags/plugins/workday.py
[2026-03-18T13:44:09.176+0000] {processor.py:208} INFO - Processing /home/komal/data-engineering-projects/airflow-spark-pipeline/airflow_venv/lib/python3.11/site-packages/airflow/example_dags/plugins/workday.py took 0.056 seconds
[2026-03-18T13:45:16.438+0000] {processor.py:186} INFO - Started process (PID=36405) to work on /home/komal/data-engineering-projects/airflow-spark-pipeline/airflow_venv/lib/python3.11/site-packages/airflow/example_dags/plugins/workday.py
[2026-03-18T13:45:16.441+0000] {processor.py:914} INFO - Processing file /home/komal/data-engineering-projects/airflow-spark-pipeline/airflow_venv/lib/python3.11/site-packages/airflow/example_dags/plugins/workday.py for tasks to queue
[2026-03-18T13:45:16.444+0000] {logging_mixin.py:190} INFO - [2026-03-18T13:45:16.443+0000] {dagbag.py:588} INFO - Filling up the DagBag from /home/komal/data-engineering-projects/airflow-spark-pipeline/airflow_venv/lib/python3.11/site-packages/airflow/example_dags/plugins/workday.py
[2026-03-18T13:45:16.447+0000] {logging_mixin.py:190} INFO - [2026-03-18T13:45:16.447+0000] {workday.py:41} WARNING - Could not import pandas. Holidays will not be considered.
[2026-03-18T13:45:16.447+0000] {processor.py:927} WARNING - No viable dags retrieved from /home/komal/data-engineering-projects/airflow-spark-pipeline/airflow_venv/lib/python3.11/site-packages/airflow/example_dags/plugins/workday.py
[2026-03-18T13:45:16.459+0000] {processor.py:208} INFO - Processing /home/komal/data-engineering-projects/airflow-spark-pipeline/airflow_venv/lib/python3.11/site-packages/airflow/example_dags/plugins/workday.py took 0.030 seconds
[2026-03-18T13:46:25.642+0000] {processor.py:186} INFO - Started process (PID=36472) to work on /home/komal/data-engineering-projects/airflow-spark-pipeline/airflow_venv/lib/python3.11/site-packages/airflow/example_dags/plugins/workday.py
[2026-03-18T13:46:25.675+0000] {processor.py:914} INFO - Processing file /home/komal/data-engineering-projects/airflow-spark-pipeline/airflow_venv/lib/python3.11/site-packages/airflow/example_dags/plugins/workday.py for tasks to queue
[2026-03-18T13:46:25.679+0000] {logging_mixin.py:190} INFO - [2026-03-18T13:46:25.678+0000] {dagbag.py:588} INFO - Filling up the DagBag from /home/komal/data-engineering-projects/airflow-spark-pipeline/airflow_venv/lib/python3.11/site-packages/airflow/example_dags/plugins/workday.py
[2026-03-18T13:46:25.683+0000] {logging_mixin.py:190} INFO - [2026-03-18T13:46:25.683+0000] {workday.py:41} WARNING - Could not import pandas. Holidays will not be considered.
[2026-03-18T13:46:25.684+0000] {processor.py:927} WARNING - No viable dags retrieved from /home/komal/data-engineering-projects/airflow-spark-pipeline/airflow_venv/lib/python3.11/site-packages/airflow/example_dags/plugins/workday.py
[2026-03-18T13:46:25.697+0000] {processor.py:208} INFO - Processing /home/komal/data-engineering-projects/airflow-spark-pipeline/airflow_venv/lib/python3.11/site-packages/airflow/example_dags/plugins/workday.py took 0.065 seconds
[2026-03-18T13:47:27.110+0000] {processor.py:186} INFO - Started process (PID=36533) to work on /home/komal/data-engineering-projects/airflow-spark-pipeline/airflow_venv/lib/python3.11/site-packages/airflow/example_dags/plugins/workday.py
[2026-03-18T13:47:27.141+0000] {processor.py:914} INFO - Processing file /home/komal/data-engineering-projects/airflow-spark-pipeline/airflow_venv/lib/python3.11/site-packages/airflow/example_dags/plugins/workday.py for tasks to queue
[2026-03-18T13:47:27.145+0000] {logging_mixin.py:190} INFO - [2026-03-18T13:47:27.144+0000] {dagbag.py:588} INFO - Filling up the DagBag from /home/komal/data-engineering-projects/airflow-spark-pipeline/airflow_venv/lib/python3.11/site-packages/airflow/example_dags/plugins/workday.py
[2026-03-18T13:47:27.151+0000] {logging_mixin.py:190} INFO - [2026-03-18T13:47:27.151+0000] {workday.py:41} WARNING - Could not import pandas. Holidays will not be considered.
[2026-03-18T13:47:27.152+0000] {processor.py:927} WARNING - No viable dags retrieved from /home/komal/data-engineering-projects/airflow-spark-pipeline/airflow_venv/lib/python3.11/site-packages/airflow/example_dags/plugins/workday.py
[2026-03-18T13:47:27.162+0000] {processor.py:208} INFO - Processing /home/komal/data-engineering-projects/airflow-spark-pipeline/airflow_venv/lib/python3.11/site-packages/airflow/example_dags/plugins/workday.py took 0.059 seconds
[2026-03-18T13:48:35.497+0000] {processor.py:186} INFO - Started process (PID=36596) to work on /home/komal/data-engineering-projects/airflow-spark-pipeline/airflow_venv/lib/python3.11/site-packages/airflow/example_dags/plugins/workday.py
[2026-03-18T13:48:35.530+0000] {processor.py:914} INFO - Processing file /home/komal/data-engineering-projects/airflow-spark-pipeline/airflow_venv/lib/python3.11/site-packages/airflow/example_dags/plugins/workday.py for tasks to queue
[2026-03-18T13:48:35.534+0000] {logging_mixin.py:190} INFO - [2026-03-18T13:48:35.533+0000] {dagbag.py:588} INFO - Filling up the DagBag from /home/komal/data-engineering-projects/airflow-spark-pipeline/airflow_venv/lib/python3.11/site-packages/airflow/example_dags/plugins/workday.py
[2026-03-18T13:48:35.540+0000] {logging_mixin.py:190} INFO - [2026-03-18T13:48:35.539+0000] {workday.py:41} WARNING - Could not import pandas. Holidays will not be considered.
[2026-03-18T13:48:35.540+0000] {processor.py:927} WARNING - No viable dags retrieved from /home/komal/data-engineering-projects/airflow-spark-pipeline/airflow_venv/lib/python3.11/site-packages/airflow/example_dags/plugins/workday.py
[2026-03-18T13:48:35.551+0000] {processor.py:208} INFO - Processing /home/komal/data-engineering-projects/airflow-spark-pipeline/airflow_venv/lib/python3.11/site-packages/airflow/example_dags/plugins/workday.py took 0.064 seconds
[2026-03-18T13:49:38.612+0000] {processor.py:186} INFO - Started process (PID=36658) to work on /home/komal/data-engineering-projects/airflow-spark-pipeline/airflow_venv/lib/python3.11/site-packages/airflow/example_dags/plugins/workday.py
[2026-03-18T13:49:38.643+0000] {processor.py:914} INFO - Processing file /home/komal/data-engineering-projects/airflow-spark-pipeline/airflow_venv/lib/python3.11/site-packages/airflow/example_dags/plugins/workday.py for tasks to queue
[2026-03-18T13:49:38.647+0000] {logging_mixin.py:190} INFO - [2026-03-18T13:49:38.647+0000] {dagbag.py:588} INFO - Filling up the DagBag from /home/komal/data-engineering-projects/airflow-spark-pipeline/airflow_venv/lib/python3.11/site-packages/airflow/example_dags/plugins/workday.py
[2026-03-18T13:49:38.652+0000] {logging_mixin.py:190} INFO - [2026-03-18T13:49:38.651+0000] {workday.py:41} WARNING - Could not import pandas. Holidays will not be considered.
[2026-03-18T13:49:38.652+0000] {processor.py:927} WARNING - No viable dags retrieved from /home/komal/data-engineering-projects/airflow-spark-pipeline/airflow_venv/lib/python3.11/site-packages/airflow/example_dags/plugins/workday.py
[2026-03-18T13:49:38.664+0000] {processor.py:208} INFO - Processing /home/komal/data-engineering-projects/airflow-spark-pipeline/airflow_venv/lib/python3.11/site-packages/airflow/example_dags/plugins/workday.py took 0.060 seconds
[2026-03-18T13:50:42.731+0000] {processor.py:186} INFO - Started process (PID=36723) to work on /home/komal/data-engineering-projects/airflow-spark-pipeline/airflow_venv/lib/python3.11/site-packages/airflow/example_dags/plugins/workday.py
[2026-03-18T13:50:42.734+0000] {processor.py:914} INFO - Processing file /home/komal/data-engineering-projects/airflow-spark-pipeline/airflow_venv/lib/python3.11/site-packages/airflow/example_dags/plugins/workday.py for tasks to queue
[2026-03-18T13:50:42.737+0000] {logging_mixin.py:190} INFO - [2026-03-18T13:50:42.737+0000] {dagbag.py:588} INFO - Filling up the DagBag from /home/komal/data-engineering-projects/airflow-spark-pipeline/airflow_venv/lib/python3.11/site-packages/airflow/example_dags/plugins/workday.py
[2026-03-18T13:50:42.742+0000] {logging_mixin.py:190} INFO - [2026-03-18T13:50:42.741+0000] {workday.py:41} WARNING - Could not import pandas. Holidays will not be considered.
[2026-03-18T13:50:42.742+0000] {processor.py:927} WARNING - No viable dags retrieved from /home/komal/data-engineering-projects/airflow-spark-pipeline/airflow_venv/lib/python3.11/site-packages/airflow/example_dags/plugins/workday.py
[2026-03-18T13:50:42.758+0000] {processor.py:208} INFO - Processing /home/komal/data-engineering-projects/airflow-spark-pipeline/airflow_venv/lib/python3.11/site-packages/airflow/example_dags/plugins/workday.py took 0.035 seconds
[2026-03-18T13:51:50.939+0000] {processor.py:186} INFO - Started process (PID=36788) to work on /home/komal/data-engineering-projects/airflow-spark-pipeline/airflow_venv/lib/python3.11/site-packages/airflow/example_dags/plugins/workday.py
[2026-03-18T13:51:50.972+0000] {processor.py:914} INFO - Processing file /home/komal/data-engineering-projects/airflow-spark-pipeline/airflow_venv/lib/python3.11/site-packages/airflow/example_dags/plugins/workday.py for tasks to queue
[2026-03-18T13:51:50.976+0000] {logging_mixin.py:190} INFO - [2026-03-18T13:51:50.976+0000] {dagbag.py:588} INFO - Filling up the DagBag from /home/komal/data-engineering-projects/airflow-spark-pipeline/airflow_venv/lib/python3.11/site-packages/airflow/example_dags/plugins/workday.py
[2026-03-18T13:51:50.981+0000] {logging_mixin.py:190} INFO - [2026-03-18T13:51:50.980+0000] {workday.py:41} WARNING - Could not import pandas. Holidays will not be considered.
[2026-03-18T13:51:50.981+0000] {processor.py:927} WARNING - No viable dags retrieved from /home/komal/data-engineering-projects/airflow-spark-pipeline/airflow_venv/lib/python3.11/site-packages/airflow/example_dags/plugins/workday.py
[2026-03-18T13:51:50.992+0000] {processor.py:208} INFO - Processing /home/komal/data-engineering-projects/airflow-spark-pipeline/airflow_venv/lib/python3.11/site-packages/airflow/example_dags/plugins/workday.py took 0.062 seconds
[2026-03-18T13:52:53.825+0000] {processor.py:186} INFO - Started process (PID=36850) to work on /home/komal/data-engineering-projects/airflow-spark-pipeline/airflow_venv/lib/python3.11/site-packages/airflow/example_dags/plugins/workday.py
[2026-03-18T13:52:53.828+0000] {processor.py:914} INFO - Processing file /home/komal/data-engineering-projects/airflow-spark-pipeline/airflow_venv/lib/python3.11/site-packages/airflow/example_dags/plugins/workday.py for tasks to queue
[2026-03-18T13:52:53.831+0000] {logging_mixin.py:190} INFO - [2026-03-18T13:52:53.830+0000] {dagbag.py:588} INFO - Filling up the DagBag from /home/komal/data-engineering-projects/airflow-spark-pipeline/airflow_venv/lib/python3.11/site-packages/airflow/example_dags/plugins/workday.py
[2026-03-18T13:52:53.833+0000] {logging_mixin.py:190} INFO - [2026-03-18T13:52:53.833+0000] {workday.py:41} WARNING - Could not import pandas. Holidays will not be considered.
[2026-03-18T13:52:53.833+0000] {processor.py:927} WARNING - No viable dags retrieved from /home/komal/data-engineering-projects/airflow-spark-pipeline/airflow_venv/lib/python3.11/site-packages/airflow/example_dags/plugins/workday.py
[2026-03-18T13:52:53.845+0000] {processor.py:208} INFO - Processing /home/komal/data-engineering-projects/airflow-spark-pipeline/airflow_venv/lib/python3.11/site-packages/airflow/example_dags/plugins/workday.py took 0.028 seconds
[2026-03-18T13:54:02.138+0000] {processor.py:186} INFO - Started process (PID=36913) to work on /home/komal/data-engineering-projects/airflow-spark-pipeline/airflow_venv/lib/python3.11/site-packages/airflow/example_dags/plugins/workday.py
[2026-03-18T13:54:02.170+0000] {processor.py:914} INFO - Processing file /home/komal/data-engineering-projects/airflow-spark-pipeline/airflow_venv/lib/python3.11/site-packages/airflow/example_dags/plugins/workday.py for tasks to queue
[2026-03-18T13:54:02.173+0000] {logging_mixin.py:190} INFO - [2026-03-18T13:54:02.173+0000] {dagbag.py:588} INFO - Filling up the DagBag from /home/komal/data-engineering-projects/airflow-spark-pipeline/airflow_venv/lib/python3.11/site-packages/airflow/example_dags/plugins/workday.py
[2026-03-18T13:54:02.179+0000] {logging_mixin.py:190} INFO - [2026-03-18T13:54:02.178+0000] {workday.py:41} WARNING - Could not import pandas. Holidays will not be considered.
[2026-03-18T13:54:02.179+0000] {processor.py:927} WARNING - No viable dags retrieved from /home/komal/data-engineering-projects/airflow-spark-pipeline/airflow_venv/lib/python3.11/site-packages/airflow/example_dags/plugins/workday.py
[2026-03-18T13:54:02.193+0000] {processor.py:208} INFO - Processing /home/komal/data-engineering-projects/airflow-spark-pipeline/airflow_venv/lib/python3.11/site-packages/airflow/example_dags/plugins/workday.py took 0.065 seconds
[2026-03-18T13:55:09.459+0000] {processor.py:186} INFO - Started process (PID=36978) to work on /home/komal/data-engineering-projects/airflow-spark-pipeline/airflow_venv/lib/python3.11/site-packages/airflow/example_dags/plugins/workday.py
[2026-03-18T13:55:09.492+0000] {processor.py:914} INFO - Processing file /home/komal/data-engineering-projects/airflow-spark-pipeline/airflow_venv/lib/python3.11/site-packages/airflow/example_dags/plugins/workday.py for tasks to queue
[2026-03-18T13:55:09.494+0000] {logging_mixin.py:190} INFO - [2026-03-18T13:55:09.494+0000] {dagbag.py:588} INFO - Filling up the DagBag from /home/komal/data-engineering-projects/airflow-spark-pipeline/airflow_venv/lib/python3.11/site-packages/airflow/example_dags/plugins/workday.py
[2026-03-18T13:55:09.496+0000] {logging_mixin.py:190} INFO - [2026-03-18T13:55:09.496+0000] {workday.py:41} WARNING - Could not import pandas. Holidays will not be considered.
[2026-03-18T13:55:09.496+0000] {processor.py:927} WARNING - No viable dags retrieved from /home/komal/data-engineering-projects/airflow-spark-pipeline/airflow_venv/lib/python3.11/site-packages/airflow/example_dags/plugins/workday.py
[2026-03-18T13:55:09.505+0000] {processor.py:208} INFO - Processing /home/komal/data-engineering-projects/airflow-spark-pipeline/airflow_venv/lib/python3.11/site-packages/airflow/example_dags/plugins/workday.py took 0.050 seconds
[2026-03-18T13:56:15.076+0000] {processor.py:186} INFO - Started process (PID=37041) to work on /home/komal/data-engineering-projects/airflow-spark-pipeline/airflow_venv/lib/python3.11/site-packages/airflow/example_dags/plugins/workday.py
[2026-03-18T13:56:15.107+0000] {processor.py:914} INFO - Processing file /home/komal/data-engineering-projects/airflow-spark-pipeline/airflow_venv/lib/python3.11/site-packages/airflow/example_dags/plugins/workday.py for tasks to queue
[2026-03-18T13:56:15.111+0000] {logging_mixin.py:190} INFO - [2026-03-18T13:56:15.110+0000] {dagbag.py:588} INFO - Filling up the DagBag from /home/komal/data-engineering-projects/airflow-spark-pipeline/airflow_venv/lib/python3.11/site-packages/airflow/example_dags/plugins/workday.py
[2026-03-18T13:56:15.115+0000] {logging_mixin.py:190} INFO - [2026-03-18T13:56:15.115+0000] {workday.py:41} WARNING - Could not import pandas. Holidays will not be considered.
[2026-03-18T13:56:15.116+0000] {processor.py:927} WARNING - No viable dags retrieved from /home/komal/data-engineering-projects/airflow-spark-pipeline/airflow_venv/lib/python3.11/site-packages/airflow/example_dags/plugins/workday.py
[2026-03-18T13:56:15.127+0000] {processor.py:208} INFO - Processing /home/komal/data-engineering-projects/airflow-spark-pipeline/airflow_venv/lib/python3.11/site-packages/airflow/example_dags/plugins/workday.py took 0.060 seconds
[2026-03-18T13:57:22.471+0000] {processor.py:186} INFO - Started process (PID=37107) to work on /home/komal/data-engineering-projects/airflow-spark-pipeline/airflow_venv/lib/python3.11/site-packages/airflow/example_dags/plugins/workday.py
[2026-03-18T13:57:22.502+0000] {processor.py:914} INFO - Processing file /home/komal/data-engineering-projects/airflow-spark-pipeline/airflow_venv/lib/python3.11/site-packages/airflow/example_dags/plugins/workday.py for tasks to queue
[2026-03-18T13:57:22.505+0000] {logging_mixin.py:190} INFO - [2026-03-18T13:57:22.505+0000] {dagbag.py:588} INFO - Filling up the DagBag from /home/komal/data-engineering-projects/airflow-spark-pipeline/airflow_venv/lib/python3.11/site-packages/airflow/example_dags/plugins/workday.py
[2026-03-18T13:57:22.509+0000] {logging_mixin.py:190} INFO - [2026-03-18T13:57:22.509+0000] {workday.py:41} WARNING - Could not import pandas. Holidays will not be considered.
[2026-03-18T13:57:22.510+0000] {processor.py:927} WARNING - No viable dags retrieved from /home/komal/data-engineering-projects/airflow-spark-pipeline/airflow_venv/lib/python3.11/site-packages/airflow/example_dags/plugins/workday.py
[2026-03-18T13:57:22.519+0000] {processor.py:208} INFO - Processing /home/komal/data-engineering-projects/airflow-spark-pipeline/airflow_venv/lib/python3.11/site-packages/airflow/example_dags/plugins/workday.py took 0.057 seconds
[2026-03-18T13:58:33.737+0000] {processor.py:186} INFO - Started process (PID=37173) to work on /home/komal/data-engineering-projects/airflow-spark-pipeline/airflow_venv/lib/python3.11/site-packages/airflow/example_dags/plugins/workday.py
[2026-03-18T13:58:33.765+0000] {processor.py:914} INFO - Processing file /home/komal/data-engineering-projects/airflow-spark-pipeline/airflow_venv/lib/python3.11/site-packages/airflow/example_dags/plugins/workday.py for tasks to queue
[2026-03-18T13:58:33.768+0000] {logging_mixin.py:190} INFO - [2026-03-18T13:58:33.768+0000] {dagbag.py:588} INFO - Filling up the DagBag from /home/komal/data-engineering-projects/airflow-spark-pipeline/airflow_venv/lib/python3.11/site-packages/airflow/example_dags/plugins/workday.py
[2026-03-18T13:58:33.772+0000] {logging_mixin.py:190} INFO - [2026-03-18T13:58:33.772+0000] {workday.py:41} WARNING - Could not import pandas. Holidays will not be considered.
[2026-03-18T13:58:33.773+0000] {processor.py:927} WARNING - No viable dags retrieved from /home/komal/data-engineering-projects/airflow-spark-pipeline/airflow_venv/lib/python3.11/site-packages/airflow/example_dags/plugins/workday.py
[2026-03-18T13:58:33.785+0000] {processor.py:208} INFO - Processing /home/komal/data-engineering-projects/airflow-spark-pipeline/airflow_venv/lib/python3.11/site-packages/airflow/example_dags/plugins/workday.py took 0.054 seconds
[2026-03-18T14:01:40.025+0000] {processor.py:186} INFO - Started process (PID=37213) to work on /home/komal/data-engineering-projects/airflow-spark-pipeline/airflow_venv/lib/python3.11/site-packages/airflow/example_dags/plugins/workday.py
[2026-03-18T14:01:40.029+0000] {processor.py:914} INFO - Processing file /home/komal/data-engineering-projects/airflow-spark-pipeline/airflow_venv/lib/python3.11/site-packages/airflow/example_dags/plugins/workday.py for tasks to queue
[2026-03-18T14:01:40.032+0000] {logging_mixin.py:190} INFO - [2026-03-18T14:01:40.031+0000] {dagbag.py:588} INFO - Filling up the DagBag from /home/komal/data-engineering-projects/airflow-spark-pipeline/airflow_venv/lib/python3.11/site-packages/airflow/example_dags/plugins/workday.py
[2026-03-18T14:01:40.035+0000] {logging_mixin.py:190} INFO - [2026-03-18T14:01:40.035+0000] {workday.py:41} WARNING - Could not import pandas. Holidays will not be considered.
[2026-03-18T14:01:40.036+0000] {processor.py:927} WARNING - No viable dags retrieved from /home/komal/data-engineering-projects/airflow-spark-pipeline/airflow_venv/lib/python3.11/site-packages/airflow/example_dags/plugins/workday.py
[2026-03-18T14:01:40.044+0000] {processor.py:208} INFO - Processing /home/komal/data-engineering-projects/airflow-spark-pipeline/airflow_venv/lib/python3.11/site-packages/airflow/example_dags/plugins/workday.py took 0.028 seconds
[2026-03-18T14:02:31.302+0000] {processor.py:186} INFO - Started process (PID=37264) to work on /home/komal/data-engineering-projects/airflow-spark-pipeline/airflow_venv/lib/python3.11/site-packages/airflow/example_dags/plugins/workday.py
[2026-03-18T14:02:31.335+0000] {processor.py:914} INFO - Processing file /home/komal/data-engineering-projects/airflow-spark-pipeline/airflow_venv/lib/python3.11/site-packages/airflow/example_dags/plugins/workday.py for tasks to queue
[2026-03-18T14:02:31.338+0000] {logging_mixin.py:190} INFO - [2026-03-18T14:02:31.338+0000] {dagbag.py:588} INFO - Filling up the DagBag from /home/komal/data-engineering-projects/airflow-spark-pipeline/airflow_venv/lib/python3.11/site-packages/airflow/example_dags/plugins/workday.py
[2026-03-18T14:02:31.342+0000] {logging_mixin.py:190} INFO - [2026-03-18T14:02:31.342+0000] {workday.py:41} WARNING - Could not import pandas. Holidays will not be considered.
[2026-03-18T14:02:31.343+0000] {processor.py:927} WARNING - No viable dags retrieved from /home/komal/data-engineering-projects/airflow-spark-pipeline/airflow_venv/lib/python3.11/site-packages/airflow/example_dags/plugins/workday.py
[2026-03-18T14:02:31.354+0000] {processor.py:208} INFO - Processing /home/komal/data-engineering-projects/airflow-spark-pipeline/airflow_venv/lib/python3.11/site-packages/airflow/example_dags/plugins/workday.py took 0.060 seconds
