[2026-03-18T06:16:35.255+0000] {processor.py:157} INFO - Started process (PID=27488) to work on /home/komal/data-engineering-projects/airflow-spark-pipeline/airflow_venv/lib/python3.11/site-packages/airflow/example_dags/example_latest_only.py
[2026-03-18T06:16:35.256+0000] {processor.py:826} INFO - Processing file /home/komal/data-engineering-projects/airflow-spark-pipeline/airflow_venv/lib/python3.11/site-packages/airflow/example_dags/example_latest_only.py for tasks to queue
[2026-03-18T06:16:35.256+0000] {logging_mixin.py:150} INFO - [2026-03-18T06:16:35.256+0000] {dagbag.py:541} INFO - Filling up the DagBag from /home/komal/data-engineering-projects/airflow-spark-pipeline/airflow_venv/lib/python3.11/site-packages/airflow/example_dags/example_latest_only.py
[2026-03-18T06:16:35.261+0000] {processor.py:836} INFO - DAG(s) dict_keys(['latest_only']) retrieved from /home/komal/data-engineering-projects/airflow-spark-pipeline/airflow_venv/lib/python3.11/site-packages/airflow/example_dags/example_latest_only.py
[2026-03-18T06:16:35.383+0000] {logging_mixin.py:150} INFO - [2026-03-18T06:16:35.382+0000] {manager.py:504} INFO - Created Permission View: can delete on DAG:latest_only
[2026-03-18T06:16:35.401+0000] {logging_mixin.py:150} INFO - [2026-03-18T06:16:35.401+0000] {manager.py:504} INFO - Created Permission View: can read on DAG:latest_only
[2026-03-18T06:16:35.440+0000] {logging_mixin.py:150} INFO - [2026-03-18T06:16:35.440+0000] {manager.py:504} INFO - Created Permission View: can edit on DAG:latest_only
[2026-03-18T06:16:35.452+0000] {logging_mixin.py:150} INFO - [2026-03-18T06:16:35.451+0000] {dag.py:2742} INFO - Sync 1 DAGs
[2026-03-18T06:16:35.468+0000] {logging_mixin.py:150} INFO - [2026-03-18T06:16:35.467+0000] {dag.py:2763} INFO - Creating ORM DAG for latest_only
[2026-03-18T06:16:35.473+0000] {logging_mixin.py:150} INFO - [2026-03-18T06:16:35.473+0000] {dag.py:3504} INFO - Setting next_dagrun for latest_only to 2026-03-18T02:16:35.473508+00:00, run_after=2026-03-18T06:16:35.473508+00:00
[2026-03-18T06:16:35.519+0000] {processor.py:179} INFO - Processing /home/komal/data-engineering-projects/airflow-spark-pipeline/airflow_venv/lib/python3.11/site-packages/airflow/example_dags/example_latest_only.py took 0.271 seconds
[2026-03-18T06:17:24.995+0000] {processor.py:157} INFO - Started process (PID=27550) to work on /home/komal/data-engineering-projects/airflow-spark-pipeline/airflow_venv/lib/python3.11/site-packages/airflow/example_dags/example_latest_only.py
[2026-03-18T06:17:24.998+0000] {processor.py:826} INFO - Processing file /home/komal/data-engineering-projects/airflow-spark-pipeline/airflow_venv/lib/python3.11/site-packages/airflow/example_dags/example_latest_only.py for tasks to queue
[2026-03-18T06:17:24.999+0000] {logging_mixin.py:150} INFO - [2026-03-18T06:17:24.999+0000] {dagbag.py:541} INFO - Filling up the DagBag from /home/komal/data-engineering-projects/airflow-spark-pipeline/airflow_venv/lib/python3.11/site-packages/airflow/example_dags/example_latest_only.py
[2026-03-18T06:17:25.007+0000] {processor.py:836} INFO - DAG(s) dict_keys(['latest_only']) retrieved from /home/komal/data-engineering-projects/airflow-spark-pipeline/airflow_venv/lib/python3.11/site-packages/airflow/example_dags/example_latest_only.py
[2026-03-18T06:17:25.018+0000] {logging_mixin.py:150} INFO - [2026-03-18T06:17:25.018+0000] {dag.py:2742} INFO - Sync 1 DAGs
[2026-03-18T06:17:25.030+0000] {logging_mixin.py:150} INFO - [2026-03-18T06:17:25.030+0000] {dag.py:3504} INFO - Setting next_dagrun for latest_only to 2026-03-18T02:17:25.030089+00:00, run_after=2026-03-18T06:17:25.030089+00:00
[2026-03-18T06:17:25.051+0000] {processor.py:179} INFO - Processing /home/komal/data-engineering-projects/airflow-spark-pipeline/airflow_venv/lib/python3.11/site-packages/airflow/example_dags/example_latest_only.py took 0.060 seconds
[2026-03-18T06:34:13.506+0000] {processor.py:186} INFO - Started process (PID=28068) to work on /home/komal/data-engineering-projects/airflow-spark-pipeline/airflow_venv/lib/python3.11/site-packages/airflow/example_dags/example_latest_only.py
[2026-03-18T06:34:13.509+0000] {processor.py:914} INFO - Processing file /home/komal/data-engineering-projects/airflow-spark-pipeline/airflow_venv/lib/python3.11/site-packages/airflow/example_dags/example_latest_only.py for tasks to queue
[2026-03-18T06:34:13.511+0000] {logging_mixin.py:190} INFO - [2026-03-18T06:34:13.510+0000] {dagbag.py:588} INFO - Filling up the DagBag from /home/komal/data-engineering-projects/airflow-spark-pipeline/airflow_venv/lib/python3.11/site-packages/airflow/example_dags/example_latest_only.py
[2026-03-18T06:34:13.518+0000] {processor.py:925} INFO - DAG(s) 'latest_only' retrieved from /home/komal/data-engineering-projects/airflow-spark-pipeline/airflow_venv/lib/python3.11/site-packages/airflow/example_dags/example_latest_only.py
[2026-03-18T06:34:13.583+0000] {logging_mixin.py:190} INFO - [2026-03-18T06:34:13.583+0000] {dag.py:3239} INFO - Sync 1 DAGs
[2026-03-18T06:34:13.595+0000] {logging_mixin.py:190} INFO - [2026-03-18T06:34:13.595+0000] {dag.py:4180} INFO - Setting next_dagrun for latest_only to 2026-03-18 00:00:00+00:00, run_after=2026-03-18 04:00:00+00:00
[2026-03-18T06:34:13.615+0000] {processor.py:208} INFO - Processing /home/komal/data-engineering-projects/airflow-spark-pipeline/airflow_venv/lib/python3.11/site-packages/airflow/example_dags/example_latest_only.py took 0.124 seconds
[2026-03-18T06:35:20.962+0000] {processor.py:186} INFO - Started process (PID=28135) to work on /home/komal/data-engineering-projects/airflow-spark-pipeline/airflow_venv/lib/python3.11/site-packages/airflow/example_dags/example_latest_only.py
[2026-03-18T06:35:20.993+0000] {processor.py:914} INFO - Processing file /home/komal/data-engineering-projects/airflow-spark-pipeline/airflow_venv/lib/python3.11/site-packages/airflow/example_dags/example_latest_only.py for tasks to queue
[2026-03-18T06:35:20.995+0000] {logging_mixin.py:190} INFO - [2026-03-18T06:35:20.994+0000] {dagbag.py:588} INFO - Filling up the DagBag from /home/komal/data-engineering-projects/airflow-spark-pipeline/airflow_venv/lib/python3.11/site-packages/airflow/example_dags/example_latest_only.py
[2026-03-18T06:35:21.001+0000] {processor.py:925} INFO - DAG(s) 'latest_only' retrieved from /home/komal/data-engineering-projects/airflow-spark-pipeline/airflow_venv/lib/python3.11/site-packages/airflow/example_dags/example_latest_only.py
[2026-03-18T06:35:21.020+0000] {logging_mixin.py:190} INFO - [2026-03-18T06:35:21.020+0000] {dag.py:3239} INFO - Sync 1 DAGs
[2026-03-18T06:35:21.036+0000] {logging_mixin.py:190} INFO - [2026-03-18T06:35:21.035+0000] {dag.py:4180} INFO - Setting next_dagrun for latest_only to 2026-03-18 00:00:00+00:00, run_after=2026-03-18 04:00:00+00:00
[2026-03-18T06:35:21.060+0000] {processor.py:208} INFO - Processing /home/komal/data-engineering-projects/airflow-spark-pipeline/airflow_venv/lib/python3.11/site-packages/airflow/example_dags/example_latest_only.py took 0.102 seconds
[2026-03-18T06:36:26.969+0000] {processor.py:186} INFO - Started process (PID=28209) to work on /home/komal/data-engineering-projects/airflow-spark-pipeline/airflow_venv/lib/python3.11/site-packages/airflow/example_dags/example_latest_only.py
[2026-03-18T06:36:27.001+0000] {processor.py:914} INFO - Processing file /home/komal/data-engineering-projects/airflow-spark-pipeline/airflow_venv/lib/python3.11/site-packages/airflow/example_dags/example_latest_only.py for tasks to queue
[2026-03-18T06:36:27.002+0000] {logging_mixin.py:190} INFO - [2026-03-18T06:36:27.002+0000] {dagbag.py:588} INFO - Filling up the DagBag from /home/komal/data-engineering-projects/airflow-spark-pipeline/airflow_venv/lib/python3.11/site-packages/airflow/example_dags/example_latest_only.py
[2026-03-18T06:36:27.015+0000] {processor.py:925} INFO - DAG(s) 'latest_only' retrieved from /home/komal/data-engineering-projects/airflow-spark-pipeline/airflow_venv/lib/python3.11/site-packages/airflow/example_dags/example_latest_only.py
[2026-03-18T06:36:27.039+0000] {logging_mixin.py:190} INFO - [2026-03-18T06:36:27.039+0000] {dag.py:3239} INFO - Sync 1 DAGs
[2026-03-18T06:36:27.054+0000] {logging_mixin.py:190} INFO - [2026-03-18T06:36:27.054+0000] {dag.py:4180} INFO - Setting next_dagrun for latest_only to 2026-03-18 00:00:00+00:00, run_after=2026-03-18 04:00:00+00:00
[2026-03-18T06:36:27.077+0000] {processor.py:208} INFO - Processing /home/komal/data-engineering-projects/airflow-spark-pipeline/airflow_venv/lib/python3.11/site-packages/airflow/example_dags/example_latest_only.py took 0.114 seconds
[2026-03-18T06:37:33.390+0000] {processor.py:186} INFO - Started process (PID=28275) to work on /home/komal/data-engineering-projects/airflow-spark-pipeline/airflow_venv/lib/python3.11/site-packages/airflow/example_dags/example_latest_only.py
[2026-03-18T06:37:33.393+0000] {processor.py:914} INFO - Processing file /home/komal/data-engineering-projects/airflow-spark-pipeline/airflow_venv/lib/python3.11/site-packages/airflow/example_dags/example_latest_only.py for tasks to queue
[2026-03-18T06:37:33.393+0000] {logging_mixin.py:190} INFO - [2026-03-18T06:37:33.393+0000] {dagbag.py:588} INFO - Filling up the DagBag from /home/komal/data-engineering-projects/airflow-spark-pipeline/airflow_venv/lib/python3.11/site-packages/airflow/example_dags/example_latest_only.py
[2026-03-18T06:37:33.399+0000] {processor.py:925} INFO - DAG(s) 'latest_only' retrieved from /home/komal/data-engineering-projects/airflow-spark-pipeline/airflow_venv/lib/python3.11/site-packages/airflow/example_dags/example_latest_only.py
[2026-03-18T06:37:33.413+0000] {logging_mixin.py:190} INFO - [2026-03-18T06:37:33.413+0000] {dag.py:3239} INFO - Sync 1 DAGs
[2026-03-18T06:37:33.427+0000] {logging_mixin.py:190} INFO - [2026-03-18T06:37:33.427+0000] {dag.py:4180} INFO - Setting next_dagrun for latest_only to 2026-03-18 00:00:00+00:00, run_after=2026-03-18 04:00:00+00:00
[2026-03-18T06:37:33.534+0000] {processor.py:208} INFO - Processing /home/komal/data-engineering-projects/airflow-spark-pipeline/airflow_venv/lib/python3.11/site-packages/airflow/example_dags/example_latest_only.py took 0.150 seconds
[2026-03-18T06:38:55.683+0000] {processor.py:186} INFO - Started process (PID=28439) to work on /home/komal/data-engineering-projects/airflow-spark-pipeline/airflow_venv/lib/python3.11/site-packages/airflow/example_dags/example_latest_only.py
[2026-03-18T06:38:55.716+0000] {processor.py:914} INFO - Processing file /home/komal/data-engineering-projects/airflow-spark-pipeline/airflow_venv/lib/python3.11/site-packages/airflow/example_dags/example_latest_only.py for tasks to queue
[2026-03-18T06:38:55.719+0000] {logging_mixin.py:190} INFO - [2026-03-18T06:38:55.719+0000] {dagbag.py:588} INFO - Filling up the DagBag from /home/komal/data-engineering-projects/airflow-spark-pipeline/airflow_venv/lib/python3.11/site-packages/airflow/example_dags/example_latest_only.py
[2026-03-18T06:38:55.731+0000] {processor.py:925} INFO - DAG(s) 'latest_only' retrieved from /home/komal/data-engineering-projects/airflow-spark-pipeline/airflow_venv/lib/python3.11/site-packages/airflow/example_dags/example_latest_only.py
[2026-03-18T06:38:55.750+0000] {logging_mixin.py:190} INFO - [2026-03-18T06:38:55.750+0000] {dag.py:3239} INFO - Sync 1 DAGs
[2026-03-18T06:38:55.764+0000] {logging_mixin.py:190} INFO - [2026-03-18T06:38:55.764+0000] {dag.py:4180} INFO - Setting next_dagrun for latest_only to 2026-03-18 00:00:00+00:00, run_after=2026-03-18 04:00:00+00:00
[2026-03-18T06:38:55.808+0000] {processor.py:208} INFO - Processing /home/komal/data-engineering-projects/airflow-spark-pipeline/airflow_venv/lib/python3.11/site-packages/airflow/example_dags/example_latest_only.py took 0.134 seconds
[2026-03-18T06:40:10.596+0000] {processor.py:186} INFO - Started process (PID=28517) to work on /home/komal/data-engineering-projects/airflow-spark-pipeline/airflow_venv/lib/python3.11/site-packages/airflow/example_dags/example_latest_only.py
[2026-03-18T06:40:10.628+0000] {processor.py:914} INFO - Processing file /home/komal/data-engineering-projects/airflow-spark-pipeline/airflow_venv/lib/python3.11/site-packages/airflow/example_dags/example_latest_only.py for tasks to queue
[2026-03-18T06:40:10.630+0000] {logging_mixin.py:190} INFO - [2026-03-18T06:40:10.629+0000] {dagbag.py:588} INFO - Filling up the DagBag from /home/komal/data-engineering-projects/airflow-spark-pipeline/airflow_venv/lib/python3.11/site-packages/airflow/example_dags/example_latest_only.py
[2026-03-18T06:40:10.635+0000] {processor.py:925} INFO - DAG(s) 'latest_only' retrieved from /home/komal/data-engineering-projects/airflow-spark-pipeline/airflow_venv/lib/python3.11/site-packages/airflow/example_dags/example_latest_only.py
[2026-03-18T06:40:10.645+0000] {logging_mixin.py:190} INFO - [2026-03-18T06:40:10.645+0000] {dag.py:3239} INFO - Sync 1 DAGs
[2026-03-18T06:40:10.658+0000] {logging_mixin.py:190} INFO - [2026-03-18T06:40:10.658+0000] {dag.py:4180} INFO - Setting next_dagrun for latest_only to 2026-03-18 00:00:00+00:00, run_after=2026-03-18 04:00:00+00:00
[2026-03-18T06:40:10.676+0000] {processor.py:208} INFO - Processing /home/komal/data-engineering-projects/airflow-spark-pipeline/airflow_venv/lib/python3.11/site-packages/airflow/example_dags/example_latest_only.py took 0.084 seconds
[2026-03-18T06:41:16.197+0000] {processor.py:186} INFO - Started process (PID=28585) to work on /home/komal/data-engineering-projects/airflow-spark-pipeline/airflow_venv/lib/python3.11/site-packages/airflow/example_dags/example_latest_only.py
[2026-03-18T06:41:16.200+0000] {processor.py:914} INFO - Processing file /home/komal/data-engineering-projects/airflow-spark-pipeline/airflow_venv/lib/python3.11/site-packages/airflow/example_dags/example_latest_only.py for tasks to queue
[2026-03-18T06:41:16.203+0000] {logging_mixin.py:190} INFO - [2026-03-18T06:41:16.203+0000] {dagbag.py:588} INFO - Filling up the DagBag from /home/komal/data-engineering-projects/airflow-spark-pipeline/airflow_venv/lib/python3.11/site-packages/airflow/example_dags/example_latest_only.py
[2026-03-18T06:41:16.219+0000] {processor.py:925} INFO - DAG(s) 'latest_only' retrieved from /home/komal/data-engineering-projects/airflow-spark-pipeline/airflow_venv/lib/python3.11/site-packages/airflow/example_dags/example_latest_only.py
[2026-03-18T06:41:16.239+0000] {logging_mixin.py:190} INFO - [2026-03-18T06:41:16.239+0000] {dag.py:3239} INFO - Sync 1 DAGs
[2026-03-18T06:41:16.253+0000] {logging_mixin.py:190} INFO - [2026-03-18T06:41:16.253+0000] {dag.py:4180} INFO - Setting next_dagrun for latest_only to 2026-03-18 00:00:00+00:00, run_after=2026-03-18 04:00:00+00:00
[2026-03-18T06:41:16.275+0000] {processor.py:208} INFO - Processing /home/komal/data-engineering-projects/airflow-spark-pipeline/airflow_venv/lib/python3.11/site-packages/airflow/example_dags/example_latest_only.py took 0.091 seconds
[2026-03-18T06:42:30.549+0000] {processor.py:186} INFO - Started process (PID=28734) to work on /home/komal/data-engineering-projects/airflow-spark-pipeline/airflow_venv/lib/python3.11/site-packages/airflow/example_dags/example_latest_only.py
[2026-03-18T06:42:30.559+0000] {processor.py:914} INFO - Processing file /home/komal/data-engineering-projects/airflow-spark-pipeline/airflow_venv/lib/python3.11/site-packages/airflow/example_dags/example_latest_only.py for tasks to queue
[2026-03-18T06:42:30.561+0000] {logging_mixin.py:190} INFO - [2026-03-18T06:42:30.561+0000] {dagbag.py:588} INFO - Filling up the DagBag from /home/komal/data-engineering-projects/airflow-spark-pipeline/airflow_venv/lib/python3.11/site-packages/airflow/example_dags/example_latest_only.py
[2026-03-18T06:42:30.570+0000] {processor.py:925} INFO - DAG(s) 'latest_only' retrieved from /home/komal/data-engineering-projects/airflow-spark-pipeline/airflow_venv/lib/python3.11/site-packages/airflow/example_dags/example_latest_only.py
[2026-03-18T06:42:30.581+0000] {logging_mixin.py:190} INFO - [2026-03-18T06:42:30.581+0000] {dag.py:3239} INFO - Sync 1 DAGs
[2026-03-18T06:42:30.667+0000] {logging_mixin.py:190} INFO - [2026-03-18T06:42:30.667+0000] {dag.py:4180} INFO - Setting next_dagrun for latest_only to 2026-03-18 00:00:00+00:00, run_after=2026-03-18 04:00:00+00:00
[2026-03-18T06:42:30.704+0000] {processor.py:208} INFO - Processing /home/komal/data-engineering-projects/airflow-spark-pipeline/airflow_venv/lib/python3.11/site-packages/airflow/example_dags/example_latest_only.py took 0.163 seconds
[2026-03-18T06:43:53.930+0000] {processor.py:186} INFO - Started process (PID=28892) to work on /home/komal/data-engineering-projects/airflow-spark-pipeline/airflow_venv/lib/python3.11/site-packages/airflow/example_dags/example_latest_only.py
[2026-03-18T06:43:53.963+0000] {processor.py:914} INFO - Processing file /home/komal/data-engineering-projects/airflow-spark-pipeline/airflow_venv/lib/python3.11/site-packages/airflow/example_dags/example_latest_only.py for tasks to queue
[2026-03-18T06:43:53.966+0000] {logging_mixin.py:190} INFO - [2026-03-18T06:43:53.966+0000] {dagbag.py:588} INFO - Filling up the DagBag from /home/komal/data-engineering-projects/airflow-spark-pipeline/airflow_venv/lib/python3.11/site-packages/airflow/example_dags/example_latest_only.py
[2026-03-18T06:43:53.978+0000] {processor.py:925} INFO - DAG(s) 'latest_only' retrieved from /home/komal/data-engineering-projects/airflow-spark-pipeline/airflow_venv/lib/python3.11/site-packages/airflow/example_dags/example_latest_only.py
[2026-03-18T06:43:53.997+0000] {logging_mixin.py:190} INFO - [2026-03-18T06:43:53.997+0000] {dag.py:3239} INFO - Sync 1 DAGs
[2026-03-18T06:43:54.010+0000] {logging_mixin.py:190} INFO - [2026-03-18T06:43:54.010+0000] {dag.py:4180} INFO - Setting next_dagrun for latest_only to 2026-03-18 00:00:00+00:00, run_after=2026-03-18 04:00:00+00:00
[2026-03-18T06:43:54.045+0000] {processor.py:208} INFO - Processing /home/komal/data-engineering-projects/airflow-spark-pipeline/airflow_venv/lib/python3.11/site-packages/airflow/example_dags/example_latest_only.py took 0.124 seconds
[2026-03-18T06:46:17.276+0000] {processor.py:186} INFO - Started process (PID=29403) to work on /home/komal/data-engineering-projects/airflow-spark-pipeline/airflow_venv/lib/python3.11/site-packages/airflow/example_dags/example_latest_only.py
[2026-03-18T06:46:17.277+0000] {processor.py:914} INFO - Processing file /home/komal/data-engineering-projects/airflow-spark-pipeline/airflow_venv/lib/python3.11/site-packages/airflow/example_dags/example_latest_only.py for tasks to queue
[2026-03-18T06:46:17.279+0000] {logging_mixin.py:190} INFO - [2026-03-18T06:46:17.279+0000] {dagbag.py:588} INFO - Filling up the DagBag from /home/komal/data-engineering-projects/airflow-spark-pipeline/airflow_venv/lib/python3.11/site-packages/airflow/example_dags/example_latest_only.py
[2026-03-18T06:46:17.286+0000] {processor.py:925} INFO - DAG(s) 'latest_only' retrieved from /home/komal/data-engineering-projects/airflow-spark-pipeline/airflow_venv/lib/python3.11/site-packages/airflow/example_dags/example_latest_only.py
[2026-03-18T06:46:17.299+0000] {logging_mixin.py:190} INFO - [2026-03-18T06:46:17.298+0000] {dag.py:3239} INFO - Sync 1 DAGs
[2026-03-18T06:46:17.312+0000] {logging_mixin.py:190} INFO - [2026-03-18T06:46:17.312+0000] {dag.py:4180} INFO - Setting next_dagrun for latest_only to 2026-03-18 00:00:00+00:00, run_after=2026-03-18 04:00:00+00:00
[2026-03-18T06:46:17.328+0000] {processor.py:208} INFO - Processing /home/komal/data-engineering-projects/airflow-spark-pipeline/airflow_venv/lib/python3.11/site-packages/airflow/example_dags/example_latest_only.py took 0.057 seconds
[2026-03-18T06:47:30.631+0000] {processor.py:186} INFO - Started process (PID=29475) to work on /home/komal/data-engineering-projects/airflow-spark-pipeline/airflow_venv/lib/python3.11/site-packages/airflow/example_dags/example_latest_only.py
[2026-03-18T06:47:30.640+0000] {processor.py:914} INFO - Processing file /home/komal/data-engineering-projects/airflow-spark-pipeline/airflow_venv/lib/python3.11/site-packages/airflow/example_dags/example_latest_only.py for tasks to queue
[2026-03-18T06:47:30.643+0000] {logging_mixin.py:190} INFO - [2026-03-18T06:47:30.642+0000] {dagbag.py:588} INFO - Filling up the DagBag from /home/komal/data-engineering-projects/airflow-spark-pipeline/airflow_venv/lib/python3.11/site-packages/airflow/example_dags/example_latest_only.py
[2026-03-18T06:47:30.655+0000] {processor.py:925} INFO - DAG(s) 'latest_only' retrieved from /home/komal/data-engineering-projects/airflow-spark-pipeline/airflow_venv/lib/python3.11/site-packages/airflow/example_dags/example_latest_only.py
[2026-03-18T06:47:30.673+0000] {logging_mixin.py:190} INFO - [2026-03-18T06:47:30.673+0000] {dag.py:3239} INFO - Sync 1 DAGs
[2026-03-18T06:47:30.688+0000] {logging_mixin.py:190} INFO - [2026-03-18T06:47:30.687+0000] {dag.py:4180} INFO - Setting next_dagrun for latest_only to 2026-03-18 00:00:00+00:00, run_after=2026-03-18 04:00:00+00:00
[2026-03-18T06:47:30.735+0000] {processor.py:208} INFO - Processing /home/komal/data-engineering-projects/airflow-spark-pipeline/airflow_venv/lib/python3.11/site-packages/airflow/example_dags/example_latest_only.py took 0.111 seconds
[2026-03-18T06:48:53.718+0000] {processor.py:186} INFO - Started process (PID=29634) to work on /home/komal/data-engineering-projects/airflow-spark-pipeline/airflow_venv/lib/python3.11/site-packages/airflow/example_dags/example_latest_only.py
[2026-03-18T06:48:53.719+0000] {processor.py:914} INFO - Processing file /home/komal/data-engineering-projects/airflow-spark-pipeline/airflow_venv/lib/python3.11/site-packages/airflow/example_dags/example_latest_only.py for tasks to queue
[2026-03-18T06:48:53.721+0000] {logging_mixin.py:190} INFO - [2026-03-18T06:48:53.721+0000] {dagbag.py:588} INFO - Filling up the DagBag from /home/komal/data-engineering-projects/airflow-spark-pipeline/airflow_venv/lib/python3.11/site-packages/airflow/example_dags/example_latest_only.py
[2026-03-18T06:48:53.728+0000] {processor.py:925} INFO - DAG(s) 'latest_only' retrieved from /home/komal/data-engineering-projects/airflow-spark-pipeline/airflow_venv/lib/python3.11/site-packages/airflow/example_dags/example_latest_only.py
[2026-03-18T06:48:53.741+0000] {logging_mixin.py:190} INFO - [2026-03-18T06:48:53.741+0000] {dag.py:3239} INFO - Sync 1 DAGs
[2026-03-18T06:48:53.755+0000] {logging_mixin.py:190} INFO - [2026-03-18T06:48:53.755+0000] {dag.py:4180} INFO - Setting next_dagrun for latest_only to 2026-03-18 00:00:00+00:00, run_after=2026-03-18 04:00:00+00:00
[2026-03-18T06:48:53.779+0000] {processor.py:208} INFO - Processing /home/komal/data-engineering-projects/airflow-spark-pipeline/airflow_venv/lib/python3.11/site-packages/airflow/example_dags/example_latest_only.py took 0.066 seconds
[2026-03-18T06:50:03.853+0000] {processor.py:186} INFO - Started process (PID=29703) to work on /home/komal/data-engineering-projects/airflow-spark-pipeline/airflow_venv/lib/python3.11/site-packages/airflow/example_dags/example_latest_only.py
[2026-03-18T06:50:03.885+0000] {processor.py:914} INFO - Processing file /home/komal/data-engineering-projects/airflow-spark-pipeline/airflow_venv/lib/python3.11/site-packages/airflow/example_dags/example_latest_only.py for tasks to queue
[2026-03-18T06:50:03.888+0000] {logging_mixin.py:190} INFO - [2026-03-18T06:50:03.888+0000] {dagbag.py:588} INFO - Filling up the DagBag from /home/komal/data-engineering-projects/airflow-spark-pipeline/airflow_venv/lib/python3.11/site-packages/airflow/example_dags/example_latest_only.py
[2026-03-18T06:50:03.899+0000] {processor.py:925} INFO - DAG(s) 'latest_only' retrieved from /home/komal/data-engineering-projects/airflow-spark-pipeline/airflow_venv/lib/python3.11/site-packages/airflow/example_dags/example_latest_only.py
[2026-03-18T06:50:03.910+0000] {logging_mixin.py:190} INFO - [2026-03-18T06:50:03.909+0000] {dag.py:3239} INFO - Sync 1 DAGs
[2026-03-18T06:50:03.922+0000] {logging_mixin.py:190} INFO - [2026-03-18T06:50:03.922+0000] {dag.py:4180} INFO - Setting next_dagrun for latest_only to 2026-03-18 00:00:00+00:00, run_after=2026-03-18 04:00:00+00:00
[2026-03-18T06:50:04.062+0000] {processor.py:208} INFO - Processing /home/komal/data-engineering-projects/airflow-spark-pipeline/airflow_venv/lib/python3.11/site-packages/airflow/example_dags/example_latest_only.py took 0.216 seconds
[2026-03-18T06:52:23.707+0000] {processor.py:186} INFO - Started process (PID=29989) to work on /home/komal/data-engineering-projects/airflow-spark-pipeline/airflow_venv/lib/python3.11/site-packages/airflow/example_dags/example_latest_only.py
[2026-03-18T06:52:23.738+0000] {processor.py:914} INFO - Processing file /home/komal/data-engineering-projects/airflow-spark-pipeline/airflow_venv/lib/python3.11/site-packages/airflow/example_dags/example_latest_only.py for tasks to queue
[2026-03-18T06:52:23.742+0000] {logging_mixin.py:190} INFO - [2026-03-18T06:52:23.741+0000] {dagbag.py:588} INFO - Filling up the DagBag from /home/komal/data-engineering-projects/airflow-spark-pipeline/airflow_venv/lib/python3.11/site-packages/airflow/example_dags/example_latest_only.py
[2026-03-18T06:52:23.751+0000] {processor.py:925} INFO - DAG(s) 'latest_only' retrieved from /home/komal/data-engineering-projects/airflow-spark-pipeline/airflow_venv/lib/python3.11/site-packages/airflow/example_dags/example_latest_only.py
[2026-03-18T06:52:23.764+0000] {logging_mixin.py:190} INFO - [2026-03-18T06:52:23.764+0000] {dag.py:3239} INFO - Sync 1 DAGs
[2026-03-18T06:52:23.779+0000] {logging_mixin.py:190} INFO - [2026-03-18T06:52:23.779+0000] {dag.py:4180} INFO - Setting next_dagrun for latest_only to 2026-03-18 00:00:00+00:00, run_after=2026-03-18 04:00:00+00:00
[2026-03-18T06:52:23.802+0000] {processor.py:208} INFO - Processing /home/komal/data-engineering-projects/airflow-spark-pipeline/airflow_venv/lib/python3.11/site-packages/airflow/example_dags/example_latest_only.py took 0.099 seconds
[2026-03-18T06:53:35.126+0000] {processor.py:186} INFO - Started process (PID=30058) to work on /home/komal/data-engineering-projects/airflow-spark-pipeline/airflow_venv/lib/python3.11/site-packages/airflow/example_dags/example_latest_only.py
[2026-03-18T06:53:35.159+0000] {processor.py:914} INFO - Processing file /home/komal/data-engineering-projects/airflow-spark-pipeline/airflow_venv/lib/python3.11/site-packages/airflow/example_dags/example_latest_only.py for tasks to queue
[2026-03-18T06:53:35.163+0000] {logging_mixin.py:190} INFO - [2026-03-18T06:53:35.162+0000] {dagbag.py:588} INFO - Filling up the DagBag from /home/komal/data-engineering-projects/airflow-spark-pipeline/airflow_venv/lib/python3.11/site-packages/airflow/example_dags/example_latest_only.py
[2026-03-18T06:53:35.178+0000] {processor.py:925} INFO - DAG(s) 'latest_only' retrieved from /home/komal/data-engineering-projects/airflow-spark-pipeline/airflow_venv/lib/python3.11/site-packages/airflow/example_dags/example_latest_only.py
[2026-03-18T06:53:35.204+0000] {logging_mixin.py:190} INFO - [2026-03-18T06:53:35.204+0000] {dag.py:3239} INFO - Sync 1 DAGs
[2026-03-18T06:53:35.224+0000] {logging_mixin.py:190} INFO - [2026-03-18T06:53:35.224+0000] {dag.py:4180} INFO - Setting next_dagrun for latest_only to 2026-03-18 00:00:00+00:00, run_after=2026-03-18 04:00:00+00:00
[2026-03-18T06:53:35.258+0000] {processor.py:208} INFO - Processing /home/komal/data-engineering-projects/airflow-spark-pipeline/airflow_venv/lib/python3.11/site-packages/airflow/example_dags/example_latest_only.py took 0.143 seconds
[2026-03-18T06:55:12.673+0000] {processor.py:186} INFO - Started process (PID=30220) to work on /home/komal/data-engineering-projects/airflow-spark-pipeline/airflow_venv/lib/python3.11/site-packages/airflow/example_dags/example_latest_only.py
[2026-03-18T06:55:12.676+0000] {processor.py:914} INFO - Processing file /home/komal/data-engineering-projects/airflow-spark-pipeline/airflow_venv/lib/python3.11/site-packages/airflow/example_dags/example_latest_only.py for tasks to queue
[2026-03-18T06:55:12.678+0000] {logging_mixin.py:190} INFO - [2026-03-18T06:55:12.677+0000] {dagbag.py:588} INFO - Filling up the DagBag from /home/komal/data-engineering-projects/airflow-spark-pipeline/airflow_venv/lib/python3.11/site-packages/airflow/example_dags/example_latest_only.py
[2026-03-18T06:55:12.683+0000] {processor.py:925} INFO - DAG(s) 'latest_only' retrieved from /home/komal/data-engineering-projects/airflow-spark-pipeline/airflow_venv/lib/python3.11/site-packages/airflow/example_dags/example_latest_only.py
[2026-03-18T06:55:12.695+0000] {logging_mixin.py:190} INFO - [2026-03-18T06:55:12.695+0000] {dag.py:3239} INFO - Sync 1 DAGs
[2026-03-18T06:55:12.708+0000] {logging_mixin.py:190} INFO - [2026-03-18T06:55:12.708+0000] {dag.py:4180} INFO - Setting next_dagrun for latest_only to 2026-03-18 00:00:00+00:00, run_after=2026-03-18 04:00:00+00:00
[2026-03-18T06:55:12.729+0000] {processor.py:208} INFO - Processing /home/komal/data-engineering-projects/airflow-spark-pipeline/airflow_venv/lib/python3.11/site-packages/airflow/example_dags/example_latest_only.py took 0.065 seconds
[2026-03-18T06:57:04.811+0000] {processor.py:186} INFO - Started process (PID=30484) to work on /home/komal/data-engineering-projects/airflow-spark-pipeline/airflow_venv/lib/python3.11/site-packages/airflow/example_dags/example_latest_only.py
[2026-03-18T06:57:04.812+0000] {processor.py:914} INFO - Processing file /home/komal/data-engineering-projects/airflow-spark-pipeline/airflow_venv/lib/python3.11/site-packages/airflow/example_dags/example_latest_only.py for tasks to queue
[2026-03-18T06:57:04.814+0000] {logging_mixin.py:190} INFO - [2026-03-18T06:57:04.814+0000] {dagbag.py:588} INFO - Filling up the DagBag from /home/komal/data-engineering-projects/airflow-spark-pipeline/airflow_venv/lib/python3.11/site-packages/airflow/example_dags/example_latest_only.py
[2026-03-18T06:57:04.821+0000] {processor.py:925} INFO - DAG(s) 'latest_only' retrieved from /home/komal/data-engineering-projects/airflow-spark-pipeline/airflow_venv/lib/python3.11/site-packages/airflow/example_dags/example_latest_only.py
[2026-03-18T06:57:04.838+0000] {logging_mixin.py:190} INFO - [2026-03-18T06:57:04.837+0000] {dag.py:3239} INFO - Sync 1 DAGs
[2026-03-18T06:57:04.857+0000] {logging_mixin.py:190} INFO - [2026-03-18T06:57:04.857+0000] {dag.py:4180} INFO - Setting next_dagrun for latest_only to 2026-03-18 00:00:00+00:00, run_after=2026-03-18 04:00:00+00:00
[2026-03-18T06:57:04.896+0000] {processor.py:208} INFO - Processing /home/komal/data-engineering-projects/airflow-spark-pipeline/airflow_venv/lib/python3.11/site-packages/airflow/example_dags/example_latest_only.py took 0.099 seconds
[2026-03-18T06:58:21.155+0000] {processor.py:186} INFO - Started process (PID=30560) to work on /home/komal/data-engineering-projects/airflow-spark-pipeline/airflow_venv/lib/python3.11/site-packages/airflow/example_dags/example_latest_only.py
[2026-03-18T06:58:21.175+0000] {processor.py:914} INFO - Processing file /home/komal/data-engineering-projects/airflow-spark-pipeline/airflow_venv/lib/python3.11/site-packages/airflow/example_dags/example_latest_only.py for tasks to queue
[2026-03-18T06:58:21.178+0000] {logging_mixin.py:190} INFO - [2026-03-18T06:58:21.177+0000] {dagbag.py:588} INFO - Filling up the DagBag from /home/komal/data-engineering-projects/airflow-spark-pipeline/airflow_venv/lib/python3.11/site-packages/airflow/example_dags/example_latest_only.py
[2026-03-18T06:58:21.189+0000] {processor.py:925} INFO - DAG(s) 'latest_only' retrieved from /home/komal/data-engineering-projects/airflow-spark-pipeline/airflow_venv/lib/python3.11/site-packages/airflow/example_dags/example_latest_only.py
[2026-03-18T06:58:21.207+0000] {logging_mixin.py:190} INFO - [2026-03-18T06:58:21.206+0000] {dag.py:3239} INFO - Sync 1 DAGs
[2026-03-18T06:58:21.218+0000] {logging_mixin.py:190} INFO - [2026-03-18T06:58:21.218+0000] {dag.py:4180} INFO - Setting next_dagrun for latest_only to 2026-03-18 00:00:00+00:00, run_after=2026-03-18 04:00:00+00:00
[2026-03-18T06:58:21.242+0000] {processor.py:208} INFO - Processing /home/komal/data-engineering-projects/airflow-spark-pipeline/airflow_venv/lib/python3.11/site-packages/airflow/example_dags/example_latest_only.py took 0.092 seconds
[2026-03-18T06:59:41.514+0000] {processor.py:186} INFO - Started process (PID=30710) to work on /home/komal/data-engineering-projects/airflow-spark-pipeline/airflow_venv/lib/python3.11/site-packages/airflow/example_dags/example_latest_only.py
[2026-03-18T06:59:41.515+0000] {processor.py:914} INFO - Processing file /home/komal/data-engineering-projects/airflow-spark-pipeline/airflow_venv/lib/python3.11/site-packages/airflow/example_dags/example_latest_only.py for tasks to queue
[2026-03-18T06:59:41.517+0000] {logging_mixin.py:190} INFO - [2026-03-18T06:59:41.517+0000] {dagbag.py:588} INFO - Filling up the DagBag from /home/komal/data-engineering-projects/airflow-spark-pipeline/airflow_venv/lib/python3.11/site-packages/airflow/example_dags/example_latest_only.py
[2026-03-18T06:59:41.524+0000] {processor.py:925} INFO - DAG(s) 'latest_only' retrieved from /home/komal/data-engineering-projects/airflow-spark-pipeline/airflow_venv/lib/python3.11/site-packages/airflow/example_dags/example_latest_only.py
[2026-03-18T06:59:41.537+0000] {logging_mixin.py:190} INFO - [2026-03-18T06:59:41.537+0000] {dag.py:3239} INFO - Sync 1 DAGs
[2026-03-18T06:59:41.552+0000] {logging_mixin.py:190} INFO - [2026-03-18T06:59:41.552+0000] {dag.py:4180} INFO - Setting next_dagrun for latest_only to 2026-03-18 00:00:00+00:00, run_after=2026-03-18 04:00:00+00:00
[2026-03-18T06:59:41.582+0000] {processor.py:208} INFO - Processing /home/komal/data-engineering-projects/airflow-spark-pipeline/airflow_venv/lib/python3.11/site-packages/airflow/example_dags/example_latest_only.py took 0.074 seconds
[2026-03-18T07:01:00.020+0000] {processor.py:186} INFO - Started process (PID=30855) to work on /home/komal/data-engineering-projects/airflow-spark-pipeline/airflow_venv/lib/python3.11/site-packages/airflow/example_dags/example_latest_only.py
[2026-03-18T07:01:00.038+0000] {processor.py:914} INFO - Processing file /home/komal/data-engineering-projects/airflow-spark-pipeline/airflow_venv/lib/python3.11/site-packages/airflow/example_dags/example_latest_only.py for tasks to queue
[2026-03-18T07:01:00.042+0000] {logging_mixin.py:190} INFO - [2026-03-18T07:01:00.041+0000] {dagbag.py:588} INFO - Filling up the DagBag from /home/komal/data-engineering-projects/airflow-spark-pipeline/airflow_venv/lib/python3.11/site-packages/airflow/example_dags/example_latest_only.py
[2026-03-18T07:01:00.055+0000] {processor.py:925} INFO - DAG(s) 'latest_only' retrieved from /home/komal/data-engineering-projects/airflow-spark-pipeline/airflow_venv/lib/python3.11/site-packages/airflow/example_dags/example_latest_only.py
[2026-03-18T07:01:00.070+0000] {logging_mixin.py:190} INFO - [2026-03-18T07:01:00.070+0000] {dag.py:3239} INFO - Sync 1 DAGs
[2026-03-18T07:01:00.180+0000] {logging_mixin.py:190} INFO - [2026-03-18T07:01:00.180+0000] {dag.py:4180} INFO - Setting next_dagrun for latest_only to 2026-03-18 00:00:00+00:00, run_after=2026-03-18 04:00:00+00:00
[2026-03-18T07:01:00.216+0000] {processor.py:208} INFO - Processing /home/komal/data-engineering-projects/airflow-spark-pipeline/airflow_venv/lib/python3.11/site-packages/airflow/example_dags/example_latest_only.py took 0.206 seconds
[2026-03-18T07:02:24.721+0000] {processor.py:186} INFO - Started process (PID=30933) to work on /home/komal/data-engineering-projects/airflow-spark-pipeline/airflow_venv/lib/python3.11/site-packages/airflow/example_dags/example_latest_only.py
[2026-03-18T07:02:24.755+0000] {processor.py:914} INFO - Processing file /home/komal/data-engineering-projects/airflow-spark-pipeline/airflow_venv/lib/python3.11/site-packages/airflow/example_dags/example_latest_only.py for tasks to queue
[2026-03-18T07:02:24.759+0000] {logging_mixin.py:190} INFO - [2026-03-18T07:02:24.758+0000] {dagbag.py:588} INFO - Filling up the DagBag from /home/komal/data-engineering-projects/airflow-spark-pipeline/airflow_venv/lib/python3.11/site-packages/airflow/example_dags/example_latest_only.py
[2026-03-18T07:02:24.772+0000] {processor.py:925} INFO - DAG(s) 'latest_only' retrieved from /home/komal/data-engineering-projects/airflow-spark-pipeline/airflow_venv/lib/python3.11/site-packages/airflow/example_dags/example_latest_only.py
[2026-03-18T07:02:24.788+0000] {logging_mixin.py:190} INFO - [2026-03-18T07:02:24.788+0000] {dag.py:3239} INFO - Sync 1 DAGs
[2026-03-18T07:02:24.802+0000] {logging_mixin.py:190} INFO - [2026-03-18T07:02:24.802+0000] {dag.py:4180} INFO - Setting next_dagrun for latest_only to 2026-03-18 00:00:00+00:00, run_after=2026-03-18 04:00:00+00:00
[2026-03-18T07:02:24.845+0000] {processor.py:208} INFO - Processing /home/komal/data-engineering-projects/airflow-spark-pipeline/airflow_venv/lib/python3.11/site-packages/airflow/example_dags/example_latest_only.py took 0.133 seconds
[2026-03-18T07:03:32.019+0000] {processor.py:186} INFO - Started process (PID=31052) to work on /home/komal/data-engineering-projects/airflow-spark-pipeline/airflow_venv/lib/python3.11/site-packages/airflow/example_dags/example_latest_only.py
[2026-03-18T07:03:32.051+0000] {processor.py:914} INFO - Processing file /home/komal/data-engineering-projects/airflow-spark-pipeline/airflow_venv/lib/python3.11/site-packages/airflow/example_dags/example_latest_only.py for tasks to queue
[2026-03-18T07:03:32.053+0000] {logging_mixin.py:190} INFO - [2026-03-18T07:03:32.053+0000] {dagbag.py:588} INFO - Filling up the DagBag from /home/komal/data-engineering-projects/airflow-spark-pipeline/airflow_venv/lib/python3.11/site-packages/airflow/example_dags/example_latest_only.py
[2026-03-18T07:03:32.065+0000] {processor.py:925} INFO - DAG(s) 'latest_only' retrieved from /home/komal/data-engineering-projects/airflow-spark-pipeline/airflow_venv/lib/python3.11/site-packages/airflow/example_dags/example_latest_only.py
[2026-03-18T07:03:32.091+0000] {logging_mixin.py:190} INFO - [2026-03-18T07:03:32.091+0000] {dag.py:3239} INFO - Sync 1 DAGs
[2026-03-18T07:03:32.115+0000] {logging_mixin.py:190} INFO - [2026-03-18T07:03:32.115+0000] {dag.py:4180} INFO - Setting next_dagrun for latest_only to 2026-03-18 00:00:00+00:00, run_after=2026-03-18 04:00:00+00:00
[2026-03-18T07:03:32.139+0000] {processor.py:208} INFO - Processing /home/komal/data-engineering-projects/airflow-spark-pipeline/airflow_venv/lib/python3.11/site-packages/airflow/example_dags/example_latest_only.py took 0.124 seconds
[2026-03-18T07:04:29.527+0000] {processor.py:186} INFO - Started process (PID=31119) to work on /home/komal/data-engineering-projects/airflow-spark-pipeline/airflow_venv/lib/python3.11/site-packages/airflow/example_dags/example_latest_only.py
[2026-03-18T07:04:29.531+0000] {processor.py:914} INFO - Processing file /home/komal/data-engineering-projects/airflow-spark-pipeline/airflow_venv/lib/python3.11/site-packages/airflow/example_dags/example_latest_only.py for tasks to queue
[2026-03-18T07:04:29.532+0000] {logging_mixin.py:190} INFO - [2026-03-18T07:04:29.531+0000] {dagbag.py:588} INFO - Filling up the DagBag from /home/komal/data-engineering-projects/airflow-spark-pipeline/airflow_venv/lib/python3.11/site-packages/airflow/example_dags/example_latest_only.py
[2026-03-18T07:04:29.539+0000] {processor.py:925} INFO - DAG(s) 'latest_only' retrieved from /home/komal/data-engineering-projects/airflow-spark-pipeline/airflow_venv/lib/python3.11/site-packages/airflow/example_dags/example_latest_only.py
[2026-03-18T07:04:29.552+0000] {logging_mixin.py:190} INFO - [2026-03-18T07:04:29.552+0000] {dag.py:3239} INFO - Sync 1 DAGs
[2026-03-18T07:04:29.569+0000] {logging_mixin.py:190} INFO - [2026-03-18T07:04:29.569+0000] {dag.py:4180} INFO - Setting next_dagrun for latest_only to 2026-03-18 00:00:00+00:00, run_after=2026-03-18 04:00:00+00:00
[2026-03-18T07:04:29.589+0000] {processor.py:208} INFO - Processing /home/komal/data-engineering-projects/airflow-spark-pipeline/airflow_venv/lib/python3.11/site-packages/airflow/example_dags/example_latest_only.py took 0.066 seconds
[2026-03-18T07:05:29.548+0000] {processor.py:186} INFO - Started process (PID=31179) to work on /home/komal/data-engineering-projects/airflow-spark-pipeline/airflow_venv/lib/python3.11/site-packages/airflow/example_dags/example_latest_only.py
[2026-03-18T07:05:29.549+0000] {processor.py:914} INFO - Processing file /home/komal/data-engineering-projects/airflow-spark-pipeline/airflow_venv/lib/python3.11/site-packages/airflow/example_dags/example_latest_only.py for tasks to queue
[2026-03-18T07:05:29.551+0000] {logging_mixin.py:190} INFO - [2026-03-18T07:05:29.550+0000] {dagbag.py:588} INFO - Filling up the DagBag from /home/komal/data-engineering-projects/airflow-spark-pipeline/airflow_venv/lib/python3.11/site-packages/airflow/example_dags/example_latest_only.py
[2026-03-18T07:05:29.559+0000] {processor.py:925} INFO - DAG(s) 'latest_only' retrieved from /home/komal/data-engineering-projects/airflow-spark-pipeline/airflow_venv/lib/python3.11/site-packages/airflow/example_dags/example_latest_only.py
[2026-03-18T07:05:29.575+0000] {logging_mixin.py:190} INFO - [2026-03-18T07:05:29.575+0000] {dag.py:3239} INFO - Sync 1 DAGs
[2026-03-18T07:05:29.591+0000] {logging_mixin.py:190} INFO - [2026-03-18T07:05:29.591+0000] {dag.py:4180} INFO - Setting next_dagrun for latest_only to 2026-03-18 00:00:00+00:00, run_after=2026-03-18 04:00:00+00:00
[2026-03-18T07:05:29.641+0000] {processor.py:208} INFO - Processing /home/komal/data-engineering-projects/airflow-spark-pipeline/airflow_venv/lib/python3.11/site-packages/airflow/example_dags/example_latest_only.py took 0.103 seconds
[2026-03-18T07:09:53.248+0000] {processor.py:186} INFO - Started process (PID=31274) to work on /home/komal/data-engineering-projects/airflow-spark-pipeline/airflow_venv/lib/python3.11/site-packages/airflow/example_dags/example_latest_only.py
[2026-03-18T07:09:53.249+0000] {processor.py:914} INFO - Processing file /home/komal/data-engineering-projects/airflow-spark-pipeline/airflow_venv/lib/python3.11/site-packages/airflow/example_dags/example_latest_only.py for tasks to queue
[2026-03-18T07:09:53.250+0000] {logging_mixin.py:190} INFO - [2026-03-18T07:09:53.250+0000] {dagbag.py:588} INFO - Filling up the DagBag from /home/komal/data-engineering-projects/airflow-spark-pipeline/airflow_venv/lib/python3.11/site-packages/airflow/example_dags/example_latest_only.py
[2026-03-18T07:09:53.261+0000] {processor.py:925} INFO - DAG(s) 'latest_only' retrieved from /home/komal/data-engineering-projects/airflow-spark-pipeline/airflow_venv/lib/python3.11/site-packages/airflow/example_dags/example_latest_only.py
[2026-03-18T07:09:53.277+0000] {logging_mixin.py:190} INFO - [2026-03-18T07:09:53.276+0000] {dag.py:3239} INFO - Sync 1 DAGs
[2026-03-18T07:09:53.296+0000] {logging_mixin.py:190} INFO - [2026-03-18T07:09:53.296+0000] {dag.py:4180} INFO - Setting next_dagrun for latest_only to 2026-03-18 00:00:00+00:00, run_after=2026-03-18 04:00:00+00:00
[2026-03-18T07:09:53.328+0000] {processor.py:208} INFO - Processing /home/komal/data-engineering-projects/airflow-spark-pipeline/airflow_venv/lib/python3.11/site-packages/airflow/example_dags/example_latest_only.py took 0.084 seconds
[2026-03-18T07:10:57.610+0000] {processor.py:186} INFO - Started process (PID=31339) to work on /home/komal/data-engineering-projects/airflow-spark-pipeline/airflow_venv/lib/python3.11/site-packages/airflow/example_dags/example_latest_only.py
[2026-03-18T07:10:57.612+0000] {processor.py:914} INFO - Processing file /home/komal/data-engineering-projects/airflow-spark-pipeline/airflow_venv/lib/python3.11/site-packages/airflow/example_dags/example_latest_only.py for tasks to queue
[2026-03-18T07:10:57.613+0000] {logging_mixin.py:190} INFO - [2026-03-18T07:10:57.613+0000] {dagbag.py:588} INFO - Filling up the DagBag from /home/komal/data-engineering-projects/airflow-spark-pipeline/airflow_venv/lib/python3.11/site-packages/airflow/example_dags/example_latest_only.py
[2026-03-18T07:10:57.619+0000] {processor.py:925} INFO - DAG(s) 'latest_only' retrieved from /home/komal/data-engineering-projects/airflow-spark-pipeline/airflow_venv/lib/python3.11/site-packages/airflow/example_dags/example_latest_only.py
[2026-03-18T07:10:57.633+0000] {logging_mixin.py:190} INFO - [2026-03-18T07:10:57.633+0000] {dag.py:3239} INFO - Sync 1 DAGs
[2026-03-18T07:10:57.653+0000] {logging_mixin.py:190} INFO - [2026-03-18T07:10:57.653+0000] {dag.py:4180} INFO - Setting next_dagrun for latest_only to 2026-03-18 00:00:00+00:00, run_after=2026-03-18 04:00:00+00:00
[2026-03-18T07:10:57.688+0000] {processor.py:208} INFO - Processing /home/komal/data-engineering-projects/airflow-spark-pipeline/airflow_venv/lib/python3.11/site-packages/airflow/example_dags/example_latest_only.py took 0.087 seconds
[2026-03-18T07:12:01.800+0000] {processor.py:186} INFO - Started process (PID=31408) to work on /home/komal/data-engineering-projects/airflow-spark-pipeline/airflow_venv/lib/python3.11/site-packages/airflow/example_dags/example_latest_only.py
[2026-03-18T07:12:01.803+0000] {processor.py:914} INFO - Processing file /home/komal/data-engineering-projects/airflow-spark-pipeline/airflow_venv/lib/python3.11/site-packages/airflow/example_dags/example_latest_only.py for tasks to queue
[2026-03-18T07:12:01.806+0000] {logging_mixin.py:190} INFO - [2026-03-18T07:12:01.805+0000] {dagbag.py:588} INFO - Filling up the DagBag from /home/komal/data-engineering-projects/airflow-spark-pipeline/airflow_venv/lib/python3.11/site-packages/airflow/example_dags/example_latest_only.py
[2026-03-18T07:12:01.822+0000] {processor.py:925} INFO - DAG(s) 'latest_only' retrieved from /home/komal/data-engineering-projects/airflow-spark-pipeline/airflow_venv/lib/python3.11/site-packages/airflow/example_dags/example_latest_only.py
[2026-03-18T07:12:01.840+0000] {logging_mixin.py:190} INFO - [2026-03-18T07:12:01.840+0000] {dag.py:3239} INFO - Sync 1 DAGs
[2026-03-18T07:12:01.853+0000] {logging_mixin.py:190} INFO - [2026-03-18T07:12:01.853+0000] {dag.py:4180} INFO - Setting next_dagrun for latest_only to 2026-03-18 00:00:00+00:00, run_after=2026-03-18 04:00:00+00:00
[2026-03-18T07:12:01.875+0000] {processor.py:208} INFO - Processing /home/komal/data-engineering-projects/airflow-spark-pipeline/airflow_venv/lib/python3.11/site-packages/airflow/example_dags/example_latest_only.py took 0.087 seconds
[2026-03-18T07:13:08.064+0000] {processor.py:186} INFO - Started process (PID=31473) to work on /home/komal/data-engineering-projects/airflow-spark-pipeline/airflow_venv/lib/python3.11/site-packages/airflow/example_dags/example_latest_only.py
[2026-03-18T07:13:08.068+0000] {processor.py:914} INFO - Processing file /home/komal/data-engineering-projects/airflow-spark-pipeline/airflow_venv/lib/python3.11/site-packages/airflow/example_dags/example_latest_only.py for tasks to queue
[2026-03-18T07:13:08.070+0000] {logging_mixin.py:190} INFO - [2026-03-18T07:13:08.070+0000] {dagbag.py:588} INFO - Filling up the DagBag from /home/komal/data-engineering-projects/airflow-spark-pipeline/airflow_venv/lib/python3.11/site-packages/airflow/example_dags/example_latest_only.py
[2026-03-18T07:13:08.082+0000] {processor.py:925} INFO - DAG(s) 'latest_only' retrieved from /home/komal/data-engineering-projects/airflow-spark-pipeline/airflow_venv/lib/python3.11/site-packages/airflow/example_dags/example_latest_only.py
[2026-03-18T07:13:08.104+0000] {logging_mixin.py:190} INFO - [2026-03-18T07:13:08.104+0000] {dag.py:3239} INFO - Sync 1 DAGs
[2026-03-18T07:13:08.120+0000] {logging_mixin.py:190} INFO - [2026-03-18T07:13:08.120+0000] {dag.py:4180} INFO - Setting next_dagrun for latest_only to 2026-03-18 00:00:00+00:00, run_after=2026-03-18 04:00:00+00:00
[2026-03-18T07:13:08.157+0000] {processor.py:208} INFO - Processing /home/komal/data-engineering-projects/airflow-spark-pipeline/airflow_venv/lib/python3.11/site-packages/airflow/example_dags/example_latest_only.py took 0.103 seconds
[2026-03-18T07:14:16.630+0000] {processor.py:186} INFO - Started process (PID=31540) to work on /home/komal/data-engineering-projects/airflow-spark-pipeline/airflow_venv/lib/python3.11/site-packages/airflow/example_dags/example_latest_only.py
[2026-03-18T07:14:16.662+0000] {processor.py:914} INFO - Processing file /home/komal/data-engineering-projects/airflow-spark-pipeline/airflow_venv/lib/python3.11/site-packages/airflow/example_dags/example_latest_only.py for tasks to queue
[2026-03-18T07:14:16.664+0000] {logging_mixin.py:190} INFO - [2026-03-18T07:14:16.663+0000] {dagbag.py:588} INFO - Filling up the DagBag from /home/komal/data-engineering-projects/airflow-spark-pipeline/airflow_venv/lib/python3.11/site-packages/airflow/example_dags/example_latest_only.py
[2026-03-18T07:14:16.676+0000] {processor.py:925} INFO - DAG(s) 'latest_only' retrieved from /home/komal/data-engineering-projects/airflow-spark-pipeline/airflow_venv/lib/python3.11/site-packages/airflow/example_dags/example_latest_only.py
[2026-03-18T07:14:16.689+0000] {logging_mixin.py:190} INFO - [2026-03-18T07:14:16.689+0000] {dag.py:3239} INFO - Sync 1 DAGs
[2026-03-18T07:14:16.705+0000] {logging_mixin.py:190} INFO - [2026-03-18T07:14:16.705+0000] {dag.py:4180} INFO - Setting next_dagrun for latest_only to 2026-03-18 00:00:00+00:00, run_after=2026-03-18 04:00:00+00:00
[2026-03-18T07:14:16.729+0000] {processor.py:208} INFO - Processing /home/komal/data-engineering-projects/airflow-spark-pipeline/airflow_venv/lib/python3.11/site-packages/airflow/example_dags/example_latest_only.py took 0.104 seconds
[2026-03-18T07:15:25.761+0000] {processor.py:186} INFO - Started process (PID=31607) to work on /home/komal/data-engineering-projects/airflow-spark-pipeline/airflow_venv/lib/python3.11/site-packages/airflow/example_dags/example_latest_only.py
[2026-03-18T07:15:25.772+0000] {processor.py:914} INFO - Processing file /home/komal/data-engineering-projects/airflow-spark-pipeline/airflow_venv/lib/python3.11/site-packages/airflow/example_dags/example_latest_only.py for tasks to queue
[2026-03-18T07:15:25.773+0000] {logging_mixin.py:190} INFO - [2026-03-18T07:15:25.773+0000] {dagbag.py:588} INFO - Filling up the DagBag from /home/komal/data-engineering-projects/airflow-spark-pipeline/airflow_venv/lib/python3.11/site-packages/airflow/example_dags/example_latest_only.py
[2026-03-18T07:15:25.781+0000] {processor.py:925} INFO - DAG(s) 'latest_only' retrieved from /home/komal/data-engineering-projects/airflow-spark-pipeline/airflow_venv/lib/python3.11/site-packages/airflow/example_dags/example_latest_only.py
[2026-03-18T07:15:25.791+0000] {logging_mixin.py:190} INFO - [2026-03-18T07:15:25.791+0000] {dag.py:3239} INFO - Sync 1 DAGs
[2026-03-18T07:15:25.806+0000] {logging_mixin.py:190} INFO - [2026-03-18T07:15:25.806+0000] {dag.py:4180} INFO - Setting next_dagrun for latest_only to 2026-03-18 00:00:00+00:00, run_after=2026-03-18 04:00:00+00:00
[2026-03-18T07:15:25.833+0000] {processor.py:208} INFO - Processing /home/komal/data-engineering-projects/airflow-spark-pipeline/airflow_venv/lib/python3.11/site-packages/airflow/example_dags/example_latest_only.py took 0.078 seconds
[2026-03-18T07:16:30.887+0000] {processor.py:186} INFO - Started process (PID=31674) to work on /home/komal/data-engineering-projects/airflow-spark-pipeline/airflow_venv/lib/python3.11/site-packages/airflow/example_dags/example_latest_only.py
[2026-03-18T07:16:30.890+0000] {processor.py:914} INFO - Processing file /home/komal/data-engineering-projects/airflow-spark-pipeline/airflow_venv/lib/python3.11/site-packages/airflow/example_dags/example_latest_only.py for tasks to queue
[2026-03-18T07:16:30.892+0000] {logging_mixin.py:190} INFO - [2026-03-18T07:16:30.891+0000] {dagbag.py:588} INFO - Filling up the DagBag from /home/komal/data-engineering-projects/airflow-spark-pipeline/airflow_venv/lib/python3.11/site-packages/airflow/example_dags/example_latest_only.py
[2026-03-18T07:16:30.906+0000] {processor.py:925} INFO - DAG(s) 'latest_only' retrieved from /home/komal/data-engineering-projects/airflow-spark-pipeline/airflow_venv/lib/python3.11/site-packages/airflow/example_dags/example_latest_only.py
[2026-03-18T07:16:30.927+0000] {logging_mixin.py:190} INFO - [2026-03-18T07:16:30.927+0000] {dag.py:3239} INFO - Sync 1 DAGs
[2026-03-18T07:16:30.949+0000] {logging_mixin.py:190} INFO - [2026-03-18T07:16:30.949+0000] {dag.py:4180} INFO - Setting next_dagrun for latest_only to 2026-03-18 00:00:00+00:00, run_after=2026-03-18 04:00:00+00:00
[2026-03-18T07:16:30.975+0000] {processor.py:208} INFO - Processing /home/komal/data-engineering-projects/airflow-spark-pipeline/airflow_venv/lib/python3.11/site-packages/airflow/example_dags/example_latest_only.py took 0.097 seconds
[2026-03-18T07:17:36.177+0000] {processor.py:186} INFO - Started process (PID=31754) to work on /home/komal/data-engineering-projects/airflow-spark-pipeline/airflow_venv/lib/python3.11/site-packages/airflow/example_dags/example_latest_only.py
[2026-03-18T07:17:36.179+0000] {processor.py:914} INFO - Processing file /home/komal/data-engineering-projects/airflow-spark-pipeline/airflow_venv/lib/python3.11/site-packages/airflow/example_dags/example_latest_only.py for tasks to queue
[2026-03-18T07:17:36.181+0000] {logging_mixin.py:190} INFO - [2026-03-18T07:17:36.180+0000] {dagbag.py:588} INFO - Filling up the DagBag from /home/komal/data-engineering-projects/airflow-spark-pipeline/airflow_venv/lib/python3.11/site-packages/airflow/example_dags/example_latest_only.py
[2026-03-18T07:17:36.193+0000] {processor.py:925} INFO - DAG(s) 'latest_only' retrieved from /home/komal/data-engineering-projects/airflow-spark-pipeline/airflow_venv/lib/python3.11/site-packages/airflow/example_dags/example_latest_only.py
[2026-03-18T07:17:36.216+0000] {logging_mixin.py:190} INFO - [2026-03-18T07:17:36.216+0000] {dag.py:3239} INFO - Sync 1 DAGs
[2026-03-18T07:17:36.236+0000] {logging_mixin.py:190} INFO - [2026-03-18T07:17:36.235+0000] {dag.py:4180} INFO - Setting next_dagrun for latest_only to 2026-03-18 00:00:00+00:00, run_after=2026-03-18 04:00:00+00:00
[2026-03-18T07:17:36.268+0000] {processor.py:208} INFO - Processing /home/komal/data-engineering-projects/airflow-spark-pipeline/airflow_venv/lib/python3.11/site-packages/airflow/example_dags/example_latest_only.py took 0.100 seconds
[2026-03-18T07:18:43.252+0000] {processor.py:186} INFO - Started process (PID=31994) to work on /home/komal/data-engineering-projects/airflow-spark-pipeline/airflow_venv/lib/python3.11/site-packages/airflow/example_dags/example_latest_only.py
[2026-03-18T07:18:43.261+0000] {processor.py:914} INFO - Processing file /home/komal/data-engineering-projects/airflow-spark-pipeline/airflow_venv/lib/python3.11/site-packages/airflow/example_dags/example_latest_only.py for tasks to queue
[2026-03-18T07:18:43.263+0000] {logging_mixin.py:190} INFO - [2026-03-18T07:18:43.262+0000] {dagbag.py:588} INFO - Filling up the DagBag from /home/komal/data-engineering-projects/airflow-spark-pipeline/airflow_venv/lib/python3.11/site-packages/airflow/example_dags/example_latest_only.py
[2026-03-18T07:18:43.273+0000] {processor.py:925} INFO - DAG(s) 'latest_only' retrieved from /home/komal/data-engineering-projects/airflow-spark-pipeline/airflow_venv/lib/python3.11/site-packages/airflow/example_dags/example_latest_only.py
[2026-03-18T07:18:43.294+0000] {logging_mixin.py:190} INFO - [2026-03-18T07:18:43.294+0000] {dag.py:3239} INFO - Sync 1 DAGs
[2026-03-18T07:18:43.320+0000] {logging_mixin.py:190} INFO - [2026-03-18T07:18:43.319+0000] {dag.py:4180} INFO - Setting next_dagrun for latest_only to 2026-03-18 00:00:00+00:00, run_after=2026-03-18 04:00:00+00:00
[2026-03-18T07:18:43.376+0000] {processor.py:208} INFO - Processing /home/komal/data-engineering-projects/airflow-spark-pipeline/airflow_venv/lib/python3.11/site-packages/airflow/example_dags/example_latest_only.py took 0.131 seconds
[2026-03-18T07:19:55.792+0000] {processor.py:186} INFO - Started process (PID=32065) to work on /home/komal/data-engineering-projects/airflow-spark-pipeline/airflow_venv/lib/python3.11/site-packages/airflow/example_dags/example_latest_only.py
[2026-03-18T07:19:55.824+0000] {processor.py:914} INFO - Processing file /home/komal/data-engineering-projects/airflow-spark-pipeline/airflow_venv/lib/python3.11/site-packages/airflow/example_dags/example_latest_only.py for tasks to queue
[2026-03-18T07:19:55.827+0000] {logging_mixin.py:190} INFO - [2026-03-18T07:19:55.827+0000] {dagbag.py:588} INFO - Filling up the DagBag from /home/komal/data-engineering-projects/airflow-spark-pipeline/airflow_venv/lib/python3.11/site-packages/airflow/example_dags/example_latest_only.py
[2026-03-18T07:19:55.841+0000] {processor.py:925} INFO - DAG(s) 'latest_only' retrieved from /home/komal/data-engineering-projects/airflow-spark-pipeline/airflow_venv/lib/python3.11/site-packages/airflow/example_dags/example_latest_only.py
[2026-03-18T07:19:55.862+0000] {logging_mixin.py:190} INFO - [2026-03-18T07:19:55.862+0000] {dag.py:3239} INFO - Sync 1 DAGs
[2026-03-18T07:19:55.888+0000] {logging_mixin.py:190} INFO - [2026-03-18T07:19:55.888+0000] {dag.py:4180} INFO - Setting next_dagrun for latest_only to 2026-03-18 00:00:00+00:00, run_after=2026-03-18 04:00:00+00:00
[2026-03-18T07:19:55.929+0000] {processor.py:208} INFO - Processing /home/komal/data-engineering-projects/airflow-spark-pipeline/airflow_venv/lib/python3.11/site-packages/airflow/example_dags/example_latest_only.py took 0.146 seconds
[2026-03-18T07:21:14.346+0000] {processor.py:186} INFO - Started process (PID=32138) to work on /home/komal/data-engineering-projects/airflow-spark-pipeline/airflow_venv/lib/python3.11/site-packages/airflow/example_dags/example_latest_only.py
[2026-03-18T07:21:14.378+0000] {processor.py:914} INFO - Processing file /home/komal/data-engineering-projects/airflow-spark-pipeline/airflow_venv/lib/python3.11/site-packages/airflow/example_dags/example_latest_only.py for tasks to queue
[2026-03-18T07:21:14.381+0000] {logging_mixin.py:190} INFO - [2026-03-18T07:21:14.380+0000] {dagbag.py:588} INFO - Filling up the DagBag from /home/komal/data-engineering-projects/airflow-spark-pipeline/airflow_venv/lib/python3.11/site-packages/airflow/example_dags/example_latest_only.py
[2026-03-18T07:21:14.396+0000] {processor.py:925} INFO - DAG(s) 'latest_only' retrieved from /home/komal/data-engineering-projects/airflow-spark-pipeline/airflow_venv/lib/python3.11/site-packages/airflow/example_dags/example_latest_only.py
[2026-03-18T07:21:14.419+0000] {logging_mixin.py:190} INFO - [2026-03-18T07:21:14.418+0000] {dag.py:3239} INFO - Sync 1 DAGs
[2026-03-18T07:21:14.457+0000] {logging_mixin.py:190} INFO - [2026-03-18T07:21:14.456+0000] {dag.py:4180} INFO - Setting next_dagrun for latest_only to 2026-03-18 00:00:00+00:00, run_after=2026-03-18 04:00:00+00:00
[2026-03-18T07:21:14.496+0000] {processor.py:208} INFO - Processing /home/komal/data-engineering-projects/airflow-spark-pipeline/airflow_venv/lib/python3.11/site-packages/airflow/example_dags/example_latest_only.py took 0.161 seconds
[2026-03-18T07:22:32.111+0000] {processor.py:186} INFO - Started process (PID=32208) to work on /home/komal/data-engineering-projects/airflow-spark-pipeline/airflow_venv/lib/python3.11/site-packages/airflow/example_dags/example_latest_only.py
[2026-03-18T07:22:32.138+0000] {processor.py:914} INFO - Processing file /home/komal/data-engineering-projects/airflow-spark-pipeline/airflow_venv/lib/python3.11/site-packages/airflow/example_dags/example_latest_only.py for tasks to queue
[2026-03-18T07:22:32.141+0000] {logging_mixin.py:190} INFO - [2026-03-18T07:22:32.140+0000] {dagbag.py:588} INFO - Filling up the DagBag from /home/komal/data-engineering-projects/airflow-spark-pipeline/airflow_venv/lib/python3.11/site-packages/airflow/example_dags/example_latest_only.py
[2026-03-18T07:22:32.154+0000] {processor.py:925} INFO - DAG(s) 'latest_only' retrieved from /home/komal/data-engineering-projects/airflow-spark-pipeline/airflow_venv/lib/python3.11/site-packages/airflow/example_dags/example_latest_only.py
[2026-03-18T07:22:32.176+0000] {logging_mixin.py:190} INFO - [2026-03-18T07:22:32.176+0000] {dag.py:3239} INFO - Sync 1 DAGs
[2026-03-18T07:22:32.209+0000] {logging_mixin.py:190} INFO - [2026-03-18T07:22:32.208+0000] {dag.py:4180} INFO - Setting next_dagrun for latest_only to 2026-03-18 00:00:00+00:00, run_after=2026-03-18 04:00:00+00:00
[2026-03-18T07:22:32.242+0000] {processor.py:208} INFO - Processing /home/komal/data-engineering-projects/airflow-spark-pipeline/airflow_venv/lib/python3.11/site-packages/airflow/example_dags/example_latest_only.py took 0.144 seconds
[2026-03-18T07:23:47.829+0000] {processor.py:186} INFO - Started process (PID=32512) to work on /home/komal/data-engineering-projects/airflow-spark-pipeline/airflow_venv/lib/python3.11/site-packages/airflow/example_dags/example_latest_only.py
[2026-03-18T07:23:47.861+0000] {processor.py:914} INFO - Processing file /home/komal/data-engineering-projects/airflow-spark-pipeline/airflow_venv/lib/python3.11/site-packages/airflow/example_dags/example_latest_only.py for tasks to queue
[2026-03-18T07:23:47.864+0000] {logging_mixin.py:190} INFO - [2026-03-18T07:23:47.863+0000] {dagbag.py:588} INFO - Filling up the DagBag from /home/komal/data-engineering-projects/airflow-spark-pipeline/airflow_venv/lib/python3.11/site-packages/airflow/example_dags/example_latest_only.py
[2026-03-18T07:23:47.878+0000] {processor.py:925} INFO - DAG(s) 'latest_only' retrieved from /home/komal/data-engineering-projects/airflow-spark-pipeline/airflow_venv/lib/python3.11/site-packages/airflow/example_dags/example_latest_only.py
[2026-03-18T07:23:47.897+0000] {logging_mixin.py:190} INFO - [2026-03-18T07:23:47.897+0000] {dag.py:3239} INFO - Sync 1 DAGs
[2026-03-18T07:23:47.925+0000] {logging_mixin.py:190} INFO - [2026-03-18T07:23:47.925+0000] {dag.py:4180} INFO - Setting next_dagrun for latest_only to 2026-03-18 00:00:00+00:00, run_after=2026-03-18 04:00:00+00:00
[2026-03-18T07:23:47.962+0000] {processor.py:208} INFO - Processing /home/komal/data-engineering-projects/airflow-spark-pipeline/airflow_venv/lib/python3.11/site-packages/airflow/example_dags/example_latest_only.py took 0.143 seconds
[2026-03-18T07:24:56.053+0000] {processor.py:186} INFO - Started process (PID=32579) to work on /home/komal/data-engineering-projects/airflow-spark-pipeline/airflow_venv/lib/python3.11/site-packages/airflow/example_dags/example_latest_only.py
[2026-03-18T07:24:56.085+0000] {processor.py:914} INFO - Processing file /home/komal/data-engineering-projects/airflow-spark-pipeline/airflow_venv/lib/python3.11/site-packages/airflow/example_dags/example_latest_only.py for tasks to queue
[2026-03-18T07:24:56.087+0000] {logging_mixin.py:190} INFO - [2026-03-18T07:24:56.086+0000] {dagbag.py:588} INFO - Filling up the DagBag from /home/komal/data-engineering-projects/airflow-spark-pipeline/airflow_venv/lib/python3.11/site-packages/airflow/example_dags/example_latest_only.py
[2026-03-18T07:24:56.099+0000] {processor.py:925} INFO - DAG(s) 'latest_only' retrieved from /home/komal/data-engineering-projects/airflow-spark-pipeline/airflow_venv/lib/python3.11/site-packages/airflow/example_dags/example_latest_only.py
[2026-03-18T07:24:56.119+0000] {logging_mixin.py:190} INFO - [2026-03-18T07:24:56.119+0000] {dag.py:3239} INFO - Sync 1 DAGs
[2026-03-18T07:24:56.145+0000] {logging_mixin.py:190} INFO - [2026-03-18T07:24:56.145+0000] {dag.py:4180} INFO - Setting next_dagrun for latest_only to 2026-03-18 00:00:00+00:00, run_after=2026-03-18 04:00:00+00:00
[2026-03-18T07:24:56.178+0000] {processor.py:208} INFO - Processing /home/komal/data-engineering-projects/airflow-spark-pipeline/airflow_venv/lib/python3.11/site-packages/airflow/example_dags/example_latest_only.py took 0.134 seconds
[2026-03-18T07:27:05.352+0000] {processor.py:186} INFO - Started process (PID=32701) to work on /home/komal/data-engineering-projects/airflow-spark-pipeline/airflow_venv/lib/python3.11/site-packages/airflow/example_dags/example_latest_only.py
[2026-03-18T07:27:05.369+0000] {processor.py:914} INFO - Processing file /home/komal/data-engineering-projects/airflow-spark-pipeline/airflow_venv/lib/python3.11/site-packages/airflow/example_dags/example_latest_only.py for tasks to queue
[2026-03-18T07:27:05.373+0000] {logging_mixin.py:190} INFO - [2026-03-18T07:27:05.372+0000] {dagbag.py:588} INFO - Filling up the DagBag from /home/komal/data-engineering-projects/airflow-spark-pipeline/airflow_venv/lib/python3.11/site-packages/airflow/example_dags/example_latest_only.py
[2026-03-18T07:27:05.386+0000] {processor.py:925} INFO - DAG(s) 'latest_only' retrieved from /home/komal/data-engineering-projects/airflow-spark-pipeline/airflow_venv/lib/python3.11/site-packages/airflow/example_dags/example_latest_only.py
[2026-03-18T07:27:05.411+0000] {logging_mixin.py:190} INFO - [2026-03-18T07:27:05.410+0000] {dag.py:3239} INFO - Sync 1 DAGs
[2026-03-18T07:27:05.438+0000] {logging_mixin.py:190} INFO - [2026-03-18T07:27:05.437+0000] {dag.py:4180} INFO - Setting next_dagrun for latest_only to 2026-03-18 00:00:00+00:00, run_after=2026-03-18 04:00:00+00:00
[2026-03-18T07:27:05.481+0000] {processor.py:208} INFO - Processing /home/komal/data-engineering-projects/airflow-spark-pipeline/airflow_venv/lib/python3.11/site-packages/airflow/example_dags/example_latest_only.py took 0.139 seconds
[2026-03-18T07:28:18.915+0000] {processor.py:186} INFO - Started process (PID=32771) to work on /home/komal/data-engineering-projects/airflow-spark-pipeline/airflow_venv/lib/python3.11/site-packages/airflow/example_dags/example_latest_only.py
[2026-03-18T07:28:18.918+0000] {processor.py:914} INFO - Processing file /home/komal/data-engineering-projects/airflow-spark-pipeline/airflow_venv/lib/python3.11/site-packages/airflow/example_dags/example_latest_only.py for tasks to queue
[2026-03-18T07:28:18.921+0000] {logging_mixin.py:190} INFO - [2026-03-18T07:28:18.920+0000] {dagbag.py:588} INFO - Filling up the DagBag from /home/komal/data-engineering-projects/airflow-spark-pipeline/airflow_venv/lib/python3.11/site-packages/airflow/example_dags/example_latest_only.py
[2026-03-18T07:28:18.934+0000] {processor.py:925} INFO - DAG(s) 'latest_only' retrieved from /home/komal/data-engineering-projects/airflow-spark-pipeline/airflow_venv/lib/python3.11/site-packages/airflow/example_dags/example_latest_only.py
[2026-03-18T07:28:18.962+0000] {logging_mixin.py:190} INFO - [2026-03-18T07:28:18.961+0000] {dag.py:3239} INFO - Sync 1 DAGs
[2026-03-18T07:28:18.992+0000] {logging_mixin.py:190} INFO - [2026-03-18T07:28:18.992+0000] {dag.py:4180} INFO - Setting next_dagrun for latest_only to 2026-03-18 00:00:00+00:00, run_after=2026-03-18 04:00:00+00:00
[2026-03-18T07:28:19.024+0000] {processor.py:208} INFO - Processing /home/komal/data-engineering-projects/airflow-spark-pipeline/airflow_venv/lib/python3.11/site-packages/airflow/example_dags/example_latest_only.py took 0.120 seconds
[2026-03-18T07:30:38.408+0000] {processor.py:186} INFO - Started process (PID=32982) to work on /home/komal/data-engineering-projects/airflow-spark-pipeline/airflow_venv/lib/python3.11/site-packages/airflow/example_dags/example_latest_only.py
[2026-03-18T07:30:38.441+0000] {processor.py:914} INFO - Processing file /home/komal/data-engineering-projects/airflow-spark-pipeline/airflow_venv/lib/python3.11/site-packages/airflow/example_dags/example_latest_only.py for tasks to queue
[2026-03-18T07:30:38.446+0000] {logging_mixin.py:190} INFO - [2026-03-18T07:30:38.445+0000] {dagbag.py:588} INFO - Filling up the DagBag from /home/komal/data-engineering-projects/airflow-spark-pipeline/airflow_venv/lib/python3.11/site-packages/airflow/example_dags/example_latest_only.py
[2026-03-18T07:30:38.459+0000] {processor.py:925} INFO - DAG(s) 'latest_only' retrieved from /home/komal/data-engineering-projects/airflow-spark-pipeline/airflow_venv/lib/python3.11/site-packages/airflow/example_dags/example_latest_only.py
[2026-03-18T07:30:38.479+0000] {logging_mixin.py:190} INFO - [2026-03-18T07:30:38.479+0000] {dag.py:3239} INFO - Sync 1 DAGs
[2026-03-18T07:30:38.504+0000] {logging_mixin.py:190} INFO - [2026-03-18T07:30:38.504+0000] {dag.py:4180} INFO - Setting next_dagrun for latest_only to 2026-03-18 00:00:00+00:00, run_after=2026-03-18 04:00:00+00:00
[2026-03-18T07:30:38.541+0000] {processor.py:208} INFO - Processing /home/komal/data-engineering-projects/airflow-spark-pipeline/airflow_venv/lib/python3.11/site-packages/airflow/example_dags/example_latest_only.py took 0.145 seconds
[2026-03-18T07:32:00.415+0000] {processor.py:186} INFO - Started process (PID=33059) to work on /home/komal/data-engineering-projects/airflow-spark-pipeline/airflow_venv/lib/python3.11/site-packages/airflow/example_dags/example_latest_only.py
[2026-03-18T07:32:00.448+0000] {processor.py:914} INFO - Processing file /home/komal/data-engineering-projects/airflow-spark-pipeline/airflow_venv/lib/python3.11/site-packages/airflow/example_dags/example_latest_only.py for tasks to queue
[2026-03-18T07:32:00.451+0000] {logging_mixin.py:190} INFO - [2026-03-18T07:32:00.450+0000] {dagbag.py:588} INFO - Filling up the DagBag from /home/komal/data-engineering-projects/airflow-spark-pipeline/airflow_venv/lib/python3.11/site-packages/airflow/example_dags/example_latest_only.py
[2026-03-18T07:32:00.462+0000] {processor.py:925} INFO - DAG(s) 'latest_only' retrieved from /home/komal/data-engineering-projects/airflow-spark-pipeline/airflow_venv/lib/python3.11/site-packages/airflow/example_dags/example_latest_only.py
[2026-03-18T07:32:00.484+0000] {logging_mixin.py:190} INFO - [2026-03-18T07:32:00.484+0000] {dag.py:3239} INFO - Sync 1 DAGs
[2026-03-18T07:32:00.512+0000] {logging_mixin.py:190} INFO - [2026-03-18T07:32:00.512+0000] {dag.py:4180} INFO - Setting next_dagrun for latest_only to 2026-03-18 00:00:00+00:00, run_after=2026-03-18 04:00:00+00:00
[2026-03-18T07:32:00.550+0000] {processor.py:208} INFO - Processing /home/komal/data-engineering-projects/airflow-spark-pipeline/airflow_venv/lib/python3.11/site-packages/airflow/example_dags/example_latest_only.py took 0.142 seconds
[2026-03-18T07:33:19.121+0000] {processor.py:186} INFO - Started process (PID=33132) to work on /home/komal/data-engineering-projects/airflow-spark-pipeline/airflow_venv/lib/python3.11/site-packages/airflow/example_dags/example_latest_only.py
[2026-03-18T07:33:19.126+0000] {processor.py:914} INFO - Processing file /home/komal/data-engineering-projects/airflow-spark-pipeline/airflow_venv/lib/python3.11/site-packages/airflow/example_dags/example_latest_only.py for tasks to queue
[2026-03-18T07:33:19.131+0000] {logging_mixin.py:190} INFO - [2026-03-18T07:33:19.130+0000] {dagbag.py:588} INFO - Filling up the DagBag from /home/komal/data-engineering-projects/airflow-spark-pipeline/airflow_venv/lib/python3.11/site-packages/airflow/example_dags/example_latest_only.py
[2026-03-18T07:33:19.145+0000] {processor.py:925} INFO - DAG(s) 'latest_only' retrieved from /home/komal/data-engineering-projects/airflow-spark-pipeline/airflow_venv/lib/python3.11/site-packages/airflow/example_dags/example_latest_only.py
[2026-03-18T07:33:19.173+0000] {logging_mixin.py:190} INFO - [2026-03-18T07:33:19.172+0000] {dag.py:3239} INFO - Sync 1 DAGs
[2026-03-18T07:33:19.202+0000] {logging_mixin.py:190} INFO - [2026-03-18T07:33:19.202+0000] {dag.py:4180} INFO - Setting next_dagrun for latest_only to 2026-03-18 00:00:00+00:00, run_after=2026-03-18 04:00:00+00:00
[2026-03-18T07:33:19.233+0000] {processor.py:208} INFO - Processing /home/komal/data-engineering-projects/airflow-spark-pipeline/airflow_venv/lib/python3.11/site-packages/airflow/example_dags/example_latest_only.py took 0.122 seconds
[2026-03-18T07:35:12.373+0000] {processor.py:186} INFO - Started process (PID=33296) to work on /home/komal/data-engineering-projects/airflow-spark-pipeline/airflow_venv/lib/python3.11/site-packages/airflow/example_dags/example_latest_only.py
[2026-03-18T07:35:12.405+0000] {processor.py:914} INFO - Processing file /home/komal/data-engineering-projects/airflow-spark-pipeline/airflow_venv/lib/python3.11/site-packages/airflow/example_dags/example_latest_only.py for tasks to queue
[2026-03-18T07:35:12.410+0000] {logging_mixin.py:190} INFO - [2026-03-18T07:35:12.409+0000] {dagbag.py:588} INFO - Filling up the DagBag from /home/komal/data-engineering-projects/airflow-spark-pipeline/airflow_venv/lib/python3.11/site-packages/airflow/example_dags/example_latest_only.py
[2026-03-18T07:35:12.424+0000] {processor.py:925} INFO - DAG(s) 'latest_only' retrieved from /home/komal/data-engineering-projects/airflow-spark-pipeline/airflow_venv/lib/python3.11/site-packages/airflow/example_dags/example_latest_only.py
[2026-03-18T07:35:12.453+0000] {logging_mixin.py:190} INFO - [2026-03-18T07:35:12.452+0000] {dag.py:3239} INFO - Sync 1 DAGs
[2026-03-18T07:35:12.481+0000] {logging_mixin.py:190} INFO - [2026-03-18T07:35:12.481+0000] {dag.py:4180} INFO - Setting next_dagrun for latest_only to 2026-03-18 00:00:00+00:00, run_after=2026-03-18 04:00:00+00:00
[2026-03-18T07:35:12.517+0000] {processor.py:208} INFO - Processing /home/komal/data-engineering-projects/airflow-spark-pipeline/airflow_venv/lib/python3.11/site-packages/airflow/example_dags/example_latest_only.py took 0.154 seconds
[2026-03-18T07:36:21.783+0000] {processor.py:186} INFO - Started process (PID=33362) to work on /home/komal/data-engineering-projects/airflow-spark-pipeline/airflow_venv/lib/python3.11/site-packages/airflow/example_dags/example_latest_only.py
[2026-03-18T07:36:21.816+0000] {processor.py:914} INFO - Processing file /home/komal/data-engineering-projects/airflow-spark-pipeline/airflow_venv/lib/python3.11/site-packages/airflow/example_dags/example_latest_only.py for tasks to queue
[2026-03-18T07:36:21.820+0000] {logging_mixin.py:190} INFO - [2026-03-18T07:36:21.819+0000] {dagbag.py:588} INFO - Filling up the DagBag from /home/komal/data-engineering-projects/airflow-spark-pipeline/airflow_venv/lib/python3.11/site-packages/airflow/example_dags/example_latest_only.py
[2026-03-18T07:36:21.828+0000] {processor.py:925} INFO - DAG(s) 'latest_only' retrieved from /home/komal/data-engineering-projects/airflow-spark-pipeline/airflow_venv/lib/python3.11/site-packages/airflow/example_dags/example_latest_only.py
[2026-03-18T07:36:21.850+0000] {logging_mixin.py:190} INFO - [2026-03-18T07:36:21.849+0000] {dag.py:3239} INFO - Sync 1 DAGs
[2026-03-18T07:36:21.875+0000] {logging_mixin.py:190} INFO - [2026-03-18T07:36:21.875+0000] {dag.py:4180} INFO - Setting next_dagrun for latest_only to 2026-03-18 00:00:00+00:00, run_after=2026-03-18 04:00:00+00:00
[2026-03-18T07:36:21.927+0000] {processor.py:208} INFO - Processing /home/komal/data-engineering-projects/airflow-spark-pipeline/airflow_venv/lib/python3.11/site-packages/airflow/example_dags/example_latest_only.py took 0.155 seconds
[2026-03-18T07:37:35.353+0000] {processor.py:186} INFO - Started process (PID=33431) to work on /home/komal/data-engineering-projects/airflow-spark-pipeline/airflow_venv/lib/python3.11/site-packages/airflow/example_dags/example_latest_only.py
[2026-03-18T07:37:35.357+0000] {processor.py:914} INFO - Processing file /home/komal/data-engineering-projects/airflow-spark-pipeline/airflow_venv/lib/python3.11/site-packages/airflow/example_dags/example_latest_only.py for tasks to queue
[2026-03-18T07:37:35.360+0000] {logging_mixin.py:190} INFO - [2026-03-18T07:37:35.359+0000] {dagbag.py:588} INFO - Filling up the DagBag from /home/komal/data-engineering-projects/airflow-spark-pipeline/airflow_venv/lib/python3.11/site-packages/airflow/example_dags/example_latest_only.py
[2026-03-18T07:37:35.370+0000] {processor.py:925} INFO - DAG(s) 'latest_only' retrieved from /home/komal/data-engineering-projects/airflow-spark-pipeline/airflow_venv/lib/python3.11/site-packages/airflow/example_dags/example_latest_only.py
[2026-03-18T07:37:35.392+0000] {logging_mixin.py:190} INFO - [2026-03-18T07:37:35.392+0000] {dag.py:3239} INFO - Sync 1 DAGs
[2026-03-18T07:37:35.419+0000] {logging_mixin.py:190} INFO - [2026-03-18T07:37:35.419+0000] {dag.py:4180} INFO - Setting next_dagrun for latest_only to 2026-03-18 00:00:00+00:00, run_after=2026-03-18 04:00:00+00:00
[2026-03-18T07:37:35.454+0000] {processor.py:208} INFO - Processing /home/komal/data-engineering-projects/airflow-spark-pipeline/airflow_venv/lib/python3.11/site-packages/airflow/example_dags/example_latest_only.py took 0.117 seconds
[2026-03-18T07:38:55.873+0000] {processor.py:186} INFO - Started process (PID=33573) to work on /home/komal/data-engineering-projects/airflow-spark-pipeline/airflow_venv/lib/python3.11/site-packages/airflow/example_dags/example_latest_only.py
[2026-03-18T07:38:55.905+0000] {processor.py:914} INFO - Processing file /home/komal/data-engineering-projects/airflow-spark-pipeline/airflow_venv/lib/python3.11/site-packages/airflow/example_dags/example_latest_only.py for tasks to queue
[2026-03-18T07:38:55.908+0000] {logging_mixin.py:190} INFO - [2026-03-18T07:38:55.908+0000] {dagbag.py:588} INFO - Filling up the DagBag from /home/komal/data-engineering-projects/airflow-spark-pipeline/airflow_venv/lib/python3.11/site-packages/airflow/example_dags/example_latest_only.py
[2026-03-18T07:38:55.919+0000] {processor.py:925} INFO - DAG(s) 'latest_only' retrieved from /home/komal/data-engineering-projects/airflow-spark-pipeline/airflow_venv/lib/python3.11/site-packages/airflow/example_dags/example_latest_only.py
[2026-03-18T07:38:55.938+0000] {logging_mixin.py:190} INFO - [2026-03-18T07:38:55.937+0000] {dag.py:3239} INFO - Sync 1 DAGs
[2026-03-18T07:38:55.959+0000] {logging_mixin.py:190} INFO - [2026-03-18T07:38:55.959+0000] {dag.py:4180} INFO - Setting next_dagrun for latest_only to 2026-03-18 00:00:00+00:00, run_after=2026-03-18 04:00:00+00:00
[2026-03-18T07:38:55.989+0000] {processor.py:208} INFO - Processing /home/komal/data-engineering-projects/airflow-spark-pipeline/airflow_venv/lib/python3.11/site-packages/airflow/example_dags/example_latest_only.py took 0.124 seconds
[2026-03-18T07:40:07.068+0000] {processor.py:186} INFO - Started process (PID=33645) to work on /home/komal/data-engineering-projects/airflow-spark-pipeline/airflow_venv/lib/python3.11/site-packages/airflow/example_dags/example_latest_only.py
[2026-03-18T07:40:07.101+0000] {processor.py:914} INFO - Processing file /home/komal/data-engineering-projects/airflow-spark-pipeline/airflow_venv/lib/python3.11/site-packages/airflow/example_dags/example_latest_only.py for tasks to queue
[2026-03-18T07:40:07.106+0000] {logging_mixin.py:190} INFO - [2026-03-18T07:40:07.105+0000] {dagbag.py:588} INFO - Filling up the DagBag from /home/komal/data-engineering-projects/airflow-spark-pipeline/airflow_venv/lib/python3.11/site-packages/airflow/example_dags/example_latest_only.py
[2026-03-18T07:40:07.119+0000] {processor.py:925} INFO - DAG(s) 'latest_only' retrieved from /home/komal/data-engineering-projects/airflow-spark-pipeline/airflow_venv/lib/python3.11/site-packages/airflow/example_dags/example_latest_only.py
[2026-03-18T07:40:07.143+0000] {logging_mixin.py:190} INFO - [2026-03-18T07:40:07.143+0000] {dag.py:3239} INFO - Sync 1 DAGs
[2026-03-18T07:40:07.169+0000] {logging_mixin.py:190} INFO - [2026-03-18T07:40:07.168+0000] {dag.py:4180} INFO - Setting next_dagrun for latest_only to 2026-03-18 00:00:00+00:00, run_after=2026-03-18 04:00:00+00:00
[2026-03-18T07:40:07.207+0000] {processor.py:208} INFO - Processing /home/komal/data-engineering-projects/airflow-spark-pipeline/airflow_venv/lib/python3.11/site-packages/airflow/example_dags/example_latest_only.py took 0.152 seconds
[2026-03-18T07:41:20.462+0000] {processor.py:186} INFO - Started process (PID=33713) to work on /home/komal/data-engineering-projects/airflow-spark-pipeline/airflow_venv/lib/python3.11/site-packages/airflow/example_dags/example_latest_only.py
[2026-03-18T07:41:20.466+0000] {processor.py:914} INFO - Processing file /home/komal/data-engineering-projects/airflow-spark-pipeline/airflow_venv/lib/python3.11/site-packages/airflow/example_dags/example_latest_only.py for tasks to queue
[2026-03-18T07:41:20.471+0000] {logging_mixin.py:190} INFO - [2026-03-18T07:41:20.470+0000] {dagbag.py:588} INFO - Filling up the DagBag from /home/komal/data-engineering-projects/airflow-spark-pipeline/airflow_venv/lib/python3.11/site-packages/airflow/example_dags/example_latest_only.py
[2026-03-18T07:41:20.480+0000] {processor.py:925} INFO - DAG(s) 'latest_only' retrieved from /home/komal/data-engineering-projects/airflow-spark-pipeline/airflow_venv/lib/python3.11/site-packages/airflow/example_dags/example_latest_only.py
[2026-03-18T07:41:20.500+0000] {logging_mixin.py:190} INFO - [2026-03-18T07:41:20.499+0000] {dag.py:3239} INFO - Sync 1 DAGs
[2026-03-18T07:41:20.523+0000] {logging_mixin.py:190} INFO - [2026-03-18T07:41:20.523+0000] {dag.py:4180} INFO - Setting next_dagrun for latest_only to 2026-03-18 00:00:00+00:00, run_after=2026-03-18 04:00:00+00:00
[2026-03-18T07:41:20.555+0000] {processor.py:208} INFO - Processing /home/komal/data-engineering-projects/airflow-spark-pipeline/airflow_venv/lib/python3.11/site-packages/airflow/example_dags/example_latest_only.py took 0.100 seconds
[2026-03-18T07:43:11.240+0000] {processor.py:186} INFO - Started process (PID=33893) to work on /home/komal/data-engineering-projects/airflow-spark-pipeline/airflow_venv/lib/python3.11/site-packages/airflow/example_dags/example_latest_only.py
[2026-03-18T07:43:11.269+0000] {processor.py:914} INFO - Processing file /home/komal/data-engineering-projects/airflow-spark-pipeline/airflow_venv/lib/python3.11/site-packages/airflow/example_dags/example_latest_only.py for tasks to queue
[2026-03-18T07:43:11.274+0000] {logging_mixin.py:190} INFO - [2026-03-18T07:43:11.273+0000] {dagbag.py:588} INFO - Filling up the DagBag from /home/komal/data-engineering-projects/airflow-spark-pipeline/airflow_venv/lib/python3.11/site-packages/airflow/example_dags/example_latest_only.py
[2026-03-18T07:43:11.283+0000] {processor.py:925} INFO - DAG(s) 'latest_only' retrieved from /home/komal/data-engineering-projects/airflow-spark-pipeline/airflow_venv/lib/python3.11/site-packages/airflow/example_dags/example_latest_only.py
[2026-03-18T07:43:11.311+0000] {logging_mixin.py:190} INFO - [2026-03-18T07:43:11.311+0000] {dag.py:3239} INFO - Sync 1 DAGs
[2026-03-18T07:43:11.338+0000] {logging_mixin.py:190} INFO - [2026-03-18T07:43:11.338+0000] {dag.py:4180} INFO - Setting next_dagrun for latest_only to 2026-03-18 00:00:00+00:00, run_after=2026-03-18 04:00:00+00:00
[2026-03-18T07:43:11.377+0000] {processor.py:208} INFO - Processing /home/komal/data-engineering-projects/airflow-spark-pipeline/airflow_venv/lib/python3.11/site-packages/airflow/example_dags/example_latest_only.py took 0.152 seconds
[2026-03-18T07:44:21.947+0000] {processor.py:186} INFO - Started process (PID=33959) to work on /home/komal/data-engineering-projects/airflow-spark-pipeline/airflow_venv/lib/python3.11/site-packages/airflow/example_dags/example_latest_only.py
[2026-03-18T07:44:21.978+0000] {processor.py:914} INFO - Processing file /home/komal/data-engineering-projects/airflow-spark-pipeline/airflow_venv/lib/python3.11/site-packages/airflow/example_dags/example_latest_only.py for tasks to queue
[2026-03-18T07:44:21.981+0000] {logging_mixin.py:190} INFO - [2026-03-18T07:44:21.981+0000] {dagbag.py:588} INFO - Filling up the DagBag from /home/komal/data-engineering-projects/airflow-spark-pipeline/airflow_venv/lib/python3.11/site-packages/airflow/example_dags/example_latest_only.py
[2026-03-18T07:44:21.994+0000] {processor.py:925} INFO - DAG(s) 'latest_only' retrieved from /home/komal/data-engineering-projects/airflow-spark-pipeline/airflow_venv/lib/python3.11/site-packages/airflow/example_dags/example_latest_only.py
[2026-03-18T07:44:22.014+0000] {logging_mixin.py:190} INFO - [2026-03-18T07:44:22.014+0000] {dag.py:3239} INFO - Sync 1 DAGs
[2026-03-18T07:44:22.037+0000] {logging_mixin.py:190} INFO - [2026-03-18T07:44:22.037+0000] {dag.py:4180} INFO - Setting next_dagrun for latest_only to 2026-03-18 00:00:00+00:00, run_after=2026-03-18 04:00:00+00:00
[2026-03-18T07:44:22.100+0000] {processor.py:208} INFO - Processing /home/komal/data-engineering-projects/airflow-spark-pipeline/airflow_venv/lib/python3.11/site-packages/airflow/example_dags/example_latest_only.py took 0.160 seconds
[2026-03-18T07:45:29.419+0000] {processor.py:186} INFO - Started process (PID=34033) to work on /home/komal/data-engineering-projects/airflow-spark-pipeline/airflow_venv/lib/python3.11/site-packages/airflow/example_dags/example_latest_only.py
[2026-03-18T07:45:29.424+0000] {processor.py:914} INFO - Processing file /home/komal/data-engineering-projects/airflow-spark-pipeline/airflow_venv/lib/python3.11/site-packages/airflow/example_dags/example_latest_only.py for tasks to queue
[2026-03-18T07:45:29.428+0000] {logging_mixin.py:190} INFO - [2026-03-18T07:45:29.427+0000] {dagbag.py:588} INFO - Filling up the DagBag from /home/komal/data-engineering-projects/airflow-spark-pipeline/airflow_venv/lib/python3.11/site-packages/airflow/example_dags/example_latest_only.py
[2026-03-18T07:45:29.441+0000] {processor.py:925} INFO - DAG(s) 'latest_only' retrieved from /home/komal/data-engineering-projects/airflow-spark-pipeline/airflow_venv/lib/python3.11/site-packages/airflow/example_dags/example_latest_only.py
[2026-03-18T07:45:29.466+0000] {logging_mixin.py:190} INFO - [2026-03-18T07:45:29.465+0000] {dag.py:3239} INFO - Sync 1 DAGs
[2026-03-18T07:45:29.496+0000] {logging_mixin.py:190} INFO - [2026-03-18T07:45:29.496+0000] {dag.py:4180} INFO - Setting next_dagrun for latest_only to 2026-03-18 00:00:00+00:00, run_after=2026-03-18 04:00:00+00:00
[2026-03-18T07:45:29.533+0000] {processor.py:208} INFO - Processing /home/komal/data-engineering-projects/airflow-spark-pipeline/airflow_venv/lib/python3.11/site-packages/airflow/example_dags/example_latest_only.py took 0.124 seconds
[2026-03-18T07:46:41.752+0000] {processor.py:186} INFO - Started process (PID=34099) to work on /home/komal/data-engineering-projects/airflow-spark-pipeline/airflow_venv/lib/python3.11/site-packages/airflow/example_dags/example_latest_only.py
[2026-03-18T07:46:41.785+0000] {processor.py:914} INFO - Processing file /home/komal/data-engineering-projects/airflow-spark-pipeline/airflow_venv/lib/python3.11/site-packages/airflow/example_dags/example_latest_only.py for tasks to queue
[2026-03-18T07:46:41.790+0000] {logging_mixin.py:190} INFO - [2026-03-18T07:46:41.789+0000] {dagbag.py:588} INFO - Filling up the DagBag from /home/komal/data-engineering-projects/airflow-spark-pipeline/airflow_venv/lib/python3.11/site-packages/airflow/example_dags/example_latest_only.py
[2026-03-18T07:46:41.805+0000] {processor.py:925} INFO - DAG(s) 'latest_only' retrieved from /home/komal/data-engineering-projects/airflow-spark-pipeline/airflow_venv/lib/python3.11/site-packages/airflow/example_dags/example_latest_only.py
[2026-03-18T07:46:41.833+0000] {logging_mixin.py:190} INFO - [2026-03-18T07:46:41.832+0000] {dag.py:3239} INFO - Sync 1 DAGs
[2026-03-18T07:46:41.858+0000] {logging_mixin.py:190} INFO - [2026-03-18T07:46:41.857+0000] {dag.py:4180} INFO - Setting next_dagrun for latest_only to 2026-03-18 00:00:00+00:00, run_after=2026-03-18 04:00:00+00:00
[2026-03-18T07:46:42.022+0000] {processor.py:208} INFO - Processing /home/komal/data-engineering-projects/airflow-spark-pipeline/airflow_venv/lib/python3.11/site-packages/airflow/example_dags/example_latest_only.py took 0.281 seconds
[2026-03-18T07:49:56.312+0000] {processor.py:186} INFO - Started process (PID=34202) to work on /home/komal/data-engineering-projects/airflow-spark-pipeline/airflow_venv/lib/python3.11/site-packages/airflow/example_dags/example_latest_only.py
[2026-03-18T07:49:56.315+0000] {processor.py:914} INFO - Processing file /home/komal/data-engineering-projects/airflow-spark-pipeline/airflow_venv/lib/python3.11/site-packages/airflow/example_dags/example_latest_only.py for tasks to queue
[2026-03-18T07:49:56.317+0000] {logging_mixin.py:190} INFO - [2026-03-18T07:49:56.317+0000] {dagbag.py:588} INFO - Filling up the DagBag from /home/komal/data-engineering-projects/airflow-spark-pipeline/airflow_venv/lib/python3.11/site-packages/airflow/example_dags/example_latest_only.py
[2026-03-18T07:49:56.328+0000] {processor.py:925} INFO - DAG(s) 'latest_only' retrieved from /home/komal/data-engineering-projects/airflow-spark-pipeline/airflow_venv/lib/python3.11/site-packages/airflow/example_dags/example_latest_only.py
[2026-03-18T07:49:56.350+0000] {logging_mixin.py:190} INFO - [2026-03-18T07:49:56.350+0000] {dag.py:3239} INFO - Sync 1 DAGs
[2026-03-18T07:49:56.393+0000] {logging_mixin.py:190} INFO - [2026-03-18T07:49:56.393+0000] {dag.py:4180} INFO - Setting next_dagrun for latest_only to 2026-03-18 00:00:00+00:00, run_after=2026-03-18 04:00:00+00:00
[2026-03-18T07:49:56.442+0000] {processor.py:208} INFO - Processing /home/komal/data-engineering-projects/airflow-spark-pipeline/airflow_venv/lib/python3.11/site-packages/airflow/example_dags/example_latest_only.py took 0.138 seconds
[2026-03-18T07:51:07.440+0000] {processor.py:186} INFO - Started process (PID=34291) to work on /home/komal/data-engineering-projects/airflow-spark-pipeline/airflow_venv/lib/python3.11/site-packages/airflow/example_dags/example_latest_only.py
[2026-03-18T07:51:07.474+0000] {processor.py:914} INFO - Processing file /home/komal/data-engineering-projects/airflow-spark-pipeline/airflow_venv/lib/python3.11/site-packages/airflow/example_dags/example_latest_only.py for tasks to queue
[2026-03-18T07:51:07.479+0000] {logging_mixin.py:190} INFO - [2026-03-18T07:51:07.478+0000] {dagbag.py:588} INFO - Filling up the DagBag from /home/komal/data-engineering-projects/airflow-spark-pipeline/airflow_venv/lib/python3.11/site-packages/airflow/example_dags/example_latest_only.py
[2026-03-18T07:51:07.494+0000] {processor.py:925} INFO - DAG(s) 'latest_only' retrieved from /home/komal/data-engineering-projects/airflow-spark-pipeline/airflow_venv/lib/python3.11/site-packages/airflow/example_dags/example_latest_only.py
[2026-03-18T07:51:07.519+0000] {logging_mixin.py:190} INFO - [2026-03-18T07:51:07.519+0000] {dag.py:3239} INFO - Sync 1 DAGs
[2026-03-18T07:51:07.550+0000] {logging_mixin.py:190} INFO - [2026-03-18T07:51:07.549+0000] {dag.py:4180} INFO - Setting next_dagrun for latest_only to 2026-03-18 00:00:00+00:00, run_after=2026-03-18 04:00:00+00:00
[2026-03-18T07:51:07.592+0000] {processor.py:208} INFO - Processing /home/komal/data-engineering-projects/airflow-spark-pipeline/airflow_venv/lib/python3.11/site-packages/airflow/example_dags/example_latest_only.py took 0.163 seconds
[2026-03-18T07:52:21.630+0000] {processor.py:186} INFO - Started process (PID=34360) to work on /home/komal/data-engineering-projects/airflow-spark-pipeline/airflow_venv/lib/python3.11/site-packages/airflow/example_dags/example_latest_only.py
[2026-03-18T07:52:21.661+0000] {processor.py:914} INFO - Processing file /home/komal/data-engineering-projects/airflow-spark-pipeline/airflow_venv/lib/python3.11/site-packages/airflow/example_dags/example_latest_only.py for tasks to queue
[2026-03-18T07:52:21.666+0000] {logging_mixin.py:190} INFO - [2026-03-18T07:52:21.666+0000] {dagbag.py:588} INFO - Filling up the DagBag from /home/komal/data-engineering-projects/airflow-spark-pipeline/airflow_venv/lib/python3.11/site-packages/airflow/example_dags/example_latest_only.py
[2026-03-18T07:52:21.679+0000] {processor.py:925} INFO - DAG(s) 'latest_only' retrieved from /home/komal/data-engineering-projects/airflow-spark-pipeline/airflow_venv/lib/python3.11/site-packages/airflow/example_dags/example_latest_only.py
[2026-03-18T07:52:21.701+0000] {logging_mixin.py:190} INFO - [2026-03-18T07:52:21.701+0000] {dag.py:3239} INFO - Sync 1 DAGs
[2026-03-18T07:52:21.729+0000] {logging_mixin.py:190} INFO - [2026-03-18T07:52:21.728+0000] {dag.py:4180} INFO - Setting next_dagrun for latest_only to 2026-03-18 00:00:00+00:00, run_after=2026-03-18 04:00:00+00:00
[2026-03-18T07:52:21.767+0000] {processor.py:208} INFO - Processing /home/komal/data-engineering-projects/airflow-spark-pipeline/airflow_venv/lib/python3.11/site-packages/airflow/example_dags/example_latest_only.py took 0.148 seconds
[2026-03-18T07:53:47.907+0000] {processor.py:186} INFO - Started process (PID=34439) to work on /home/komal/data-engineering-projects/airflow-spark-pipeline/airflow_venv/lib/python3.11/site-packages/airflow/example_dags/example_latest_only.py
[2026-03-18T07:53:47.913+0000] {processor.py:914} INFO - Processing file /home/komal/data-engineering-projects/airflow-spark-pipeline/airflow_venv/lib/python3.11/site-packages/airflow/example_dags/example_latest_only.py for tasks to queue
[2026-03-18T07:53:47.918+0000] {logging_mixin.py:190} INFO - [2026-03-18T07:53:47.917+0000] {dagbag.py:588} INFO - Filling up the DagBag from /home/komal/data-engineering-projects/airflow-spark-pipeline/airflow_venv/lib/python3.11/site-packages/airflow/example_dags/example_latest_only.py
[2026-03-18T07:53:47.932+0000] {processor.py:925} INFO - DAG(s) 'latest_only' retrieved from /home/komal/data-engineering-projects/airflow-spark-pipeline/airflow_venv/lib/python3.11/site-packages/airflow/example_dags/example_latest_only.py
[2026-03-18T07:53:47.952+0000] {logging_mixin.py:190} INFO - [2026-03-18T07:53:47.952+0000] {dag.py:3239} INFO - Sync 1 DAGs
[2026-03-18T07:53:47.991+0000] {logging_mixin.py:190} INFO - [2026-03-18T07:53:47.991+0000] {dag.py:4180} INFO - Setting next_dagrun for latest_only to 2026-03-18 00:00:00+00:00, run_after=2026-03-18 04:00:00+00:00
[2026-03-18T07:53:48.030+0000] {processor.py:208} INFO - Processing /home/komal/data-engineering-projects/airflow-spark-pipeline/airflow_venv/lib/python3.11/site-packages/airflow/example_dags/example_latest_only.py took 0.137 seconds
[2026-03-18T07:55:50.727+0000] {processor.py:186} INFO - Started process (PID=34855) to work on /home/komal/data-engineering-projects/airflow-spark-pipeline/airflow_venv/lib/python3.11/site-packages/airflow/example_dags/example_latest_only.py
[2026-03-18T07:55:50.732+0000] {processor.py:914} INFO - Processing file /home/komal/data-engineering-projects/airflow-spark-pipeline/airflow_venv/lib/python3.11/site-packages/airflow/example_dags/example_latest_only.py for tasks to queue
[2026-03-18T07:55:50.735+0000] {logging_mixin.py:190} INFO - [2026-03-18T07:55:50.735+0000] {dagbag.py:588} INFO - Filling up the DagBag from /home/komal/data-engineering-projects/airflow-spark-pipeline/airflow_venv/lib/python3.11/site-packages/airflow/example_dags/example_latest_only.py
[2026-03-18T07:55:50.745+0000] {processor.py:925} INFO - DAG(s) 'latest_only' retrieved from /home/komal/data-engineering-projects/airflow-spark-pipeline/airflow_venv/lib/python3.11/site-packages/airflow/example_dags/example_latest_only.py
[2026-03-18T07:55:50.767+0000] {logging_mixin.py:190} INFO - [2026-03-18T07:55:50.767+0000] {dag.py:3239} INFO - Sync 1 DAGs
[2026-03-18T07:55:50.803+0000] {logging_mixin.py:190} INFO - [2026-03-18T07:55:50.799+0000] {dag.py:4180} INFO - Setting next_dagrun for latest_only to 2026-03-18 00:00:00+00:00, run_after=2026-03-18 04:00:00+00:00
[2026-03-18T07:55:50.854+0000] {processor.py:208} INFO - Processing /home/komal/data-engineering-projects/airflow-spark-pipeline/airflow_venv/lib/python3.11/site-packages/airflow/example_dags/example_latest_only.py took 0.138 seconds
[2026-03-18T08:04:45.356+0000] {processor.py:186} INFO - Started process (PID=34930) to work on /home/komal/data-engineering-projects/airflow-spark-pipeline/airflow_venv/lib/python3.11/site-packages/airflow/example_dags/example_latest_only.py
[2026-03-18T08:04:45.360+0000] {processor.py:914} INFO - Processing file /home/komal/data-engineering-projects/airflow-spark-pipeline/airflow_venv/lib/python3.11/site-packages/airflow/example_dags/example_latest_only.py for tasks to queue
[2026-03-18T08:04:45.362+0000] {logging_mixin.py:190} INFO - [2026-03-18T08:04:45.362+0000] {dagbag.py:588} INFO - Filling up the DagBag from /home/komal/data-engineering-projects/airflow-spark-pipeline/airflow_venv/lib/python3.11/site-packages/airflow/example_dags/example_latest_only.py
[2026-03-18T08:04:45.372+0000] {processor.py:925} INFO - DAG(s) 'latest_only' retrieved from /home/komal/data-engineering-projects/airflow-spark-pipeline/airflow_venv/lib/python3.11/site-packages/airflow/example_dags/example_latest_only.py
[2026-03-18T08:04:45.396+0000] {logging_mixin.py:190} INFO - [2026-03-18T08:04:45.395+0000] {dag.py:3239} INFO - Sync 1 DAGs
[2026-03-18T08:04:45.421+0000] {logging_mixin.py:190} INFO - [2026-03-18T08:04:45.421+0000] {dag.py:4180} INFO - Setting next_dagrun for latest_only to 2026-03-18 04:00:00+00:00, run_after=2026-03-18 08:00:00+00:00
[2026-03-18T08:04:45.452+0000] {processor.py:208} INFO - Processing /home/komal/data-engineering-projects/airflow-spark-pipeline/airflow_venv/lib/python3.11/site-packages/airflow/example_dags/example_latest_only.py took 0.107 seconds
[2026-03-18T08:06:04.810+0000] {processor.py:186} INFO - Started process (PID=35007) to work on /home/komal/data-engineering-projects/airflow-spark-pipeline/airflow_venv/lib/python3.11/site-packages/airflow/example_dags/example_latest_only.py
[2026-03-18T08:06:04.824+0000] {processor.py:914} INFO - Processing file /home/komal/data-engineering-projects/airflow-spark-pipeline/airflow_venv/lib/python3.11/site-packages/airflow/example_dags/example_latest_only.py for tasks to queue
[2026-03-18T08:06:04.826+0000] {logging_mixin.py:190} INFO - [2026-03-18T08:06:04.826+0000] {dagbag.py:588} INFO - Filling up the DagBag from /home/komal/data-engineering-projects/airflow-spark-pipeline/airflow_venv/lib/python3.11/site-packages/airflow/example_dags/example_latest_only.py
[2026-03-18T08:06:04.839+0000] {processor.py:925} INFO - DAG(s) 'latest_only' retrieved from /home/komal/data-engineering-projects/airflow-spark-pipeline/airflow_venv/lib/python3.11/site-packages/airflow/example_dags/example_latest_only.py
[2026-03-18T08:06:04.863+0000] {logging_mixin.py:190} INFO - [2026-03-18T08:06:04.863+0000] {dag.py:3239} INFO - Sync 1 DAGs
[2026-03-18T08:06:04.898+0000] {logging_mixin.py:190} INFO - [2026-03-18T08:06:04.898+0000] {dag.py:4180} INFO - Setting next_dagrun for latest_only to 2026-03-18 04:00:00+00:00, run_after=2026-03-18 08:00:00+00:00
[2026-03-18T08:06:04.932+0000] {processor.py:208} INFO - Processing /home/komal/data-engineering-projects/airflow-spark-pipeline/airflow_venv/lib/python3.11/site-packages/airflow/example_dags/example_latest_only.py took 0.129 seconds
[2026-03-18T08:07:19.281+0000] {processor.py:186} INFO - Started process (PID=35074) to work on /home/komal/data-engineering-projects/airflow-spark-pipeline/airflow_venv/lib/python3.11/site-packages/airflow/example_dags/example_latest_only.py
[2026-03-18T08:07:19.311+0000] {processor.py:914} INFO - Processing file /home/komal/data-engineering-projects/airflow-spark-pipeline/airflow_venv/lib/python3.11/site-packages/airflow/example_dags/example_latest_only.py for tasks to queue
[2026-03-18T08:07:19.314+0000] {logging_mixin.py:190} INFO - [2026-03-18T08:07:19.313+0000] {dagbag.py:588} INFO - Filling up the DagBag from /home/komal/data-engineering-projects/airflow-spark-pipeline/airflow_venv/lib/python3.11/site-packages/airflow/example_dags/example_latest_only.py
[2026-03-18T08:07:19.323+0000] {processor.py:925} INFO - DAG(s) 'latest_only' retrieved from /home/komal/data-engineering-projects/airflow-spark-pipeline/airflow_venv/lib/python3.11/site-packages/airflow/example_dags/example_latest_only.py
[2026-03-18T08:07:19.340+0000] {logging_mixin.py:190} INFO - [2026-03-18T08:07:19.339+0000] {dag.py:3239} INFO - Sync 1 DAGs
[2026-03-18T08:07:19.494+0000] {logging_mixin.py:190} INFO - [2026-03-18T08:07:19.494+0000] {dag.py:4180} INFO - Setting next_dagrun for latest_only to 2026-03-18 04:00:00+00:00, run_after=2026-03-18 08:00:00+00:00
[2026-03-18T08:07:19.561+0000] {processor.py:208} INFO - Processing /home/komal/data-engineering-projects/airflow-spark-pipeline/airflow_venv/lib/python3.11/site-packages/airflow/example_dags/example_latest_only.py took 0.287 seconds
[2026-03-18T08:08:32.618+0000] {processor.py:186} INFO - Started process (PID=35143) to work on /home/komal/data-engineering-projects/airflow-spark-pipeline/airflow_venv/lib/python3.11/site-packages/airflow/example_dags/example_latest_only.py
[2026-03-18T08:08:32.650+0000] {processor.py:914} INFO - Processing file /home/komal/data-engineering-projects/airflow-spark-pipeline/airflow_venv/lib/python3.11/site-packages/airflow/example_dags/example_latest_only.py for tasks to queue
[2026-03-18T08:08:32.652+0000] {logging_mixin.py:190} INFO - [2026-03-18T08:08:32.652+0000] {dagbag.py:588} INFO - Filling up the DagBag from /home/komal/data-engineering-projects/airflow-spark-pipeline/airflow_venv/lib/python3.11/site-packages/airflow/example_dags/example_latest_only.py
[2026-03-18T08:08:32.661+0000] {processor.py:925} INFO - DAG(s) 'latest_only' retrieved from /home/komal/data-engineering-projects/airflow-spark-pipeline/airflow_venv/lib/python3.11/site-packages/airflow/example_dags/example_latest_only.py
[2026-03-18T08:08:32.679+0000] {logging_mixin.py:190} INFO - [2026-03-18T08:08:32.678+0000] {dag.py:3239} INFO - Sync 1 DAGs
[2026-03-18T08:08:32.702+0000] {logging_mixin.py:190} INFO - [2026-03-18T08:08:32.701+0000] {dag.py:4180} INFO - Setting next_dagrun for latest_only to 2026-03-18 04:00:00+00:00, run_after=2026-03-18 08:00:00+00:00
[2026-03-18T08:08:32.734+0000] {processor.py:208} INFO - Processing /home/komal/data-engineering-projects/airflow-spark-pipeline/airflow_venv/lib/python3.11/site-packages/airflow/example_dags/example_latest_only.py took 0.126 seconds
[2026-03-18T08:09:45.906+0000] {processor.py:186} INFO - Started process (PID=35212) to work on /home/komal/data-engineering-projects/airflow-spark-pipeline/airflow_venv/lib/python3.11/site-packages/airflow/example_dags/example_latest_only.py
[2026-03-18T08:09:45.908+0000] {processor.py:914} INFO - Processing file /home/komal/data-engineering-projects/airflow-spark-pipeline/airflow_venv/lib/python3.11/site-packages/airflow/example_dags/example_latest_only.py for tasks to queue
[2026-03-18T08:09:45.910+0000] {logging_mixin.py:190} INFO - [2026-03-18T08:09:45.910+0000] {dagbag.py:588} INFO - Filling up the DagBag from /home/komal/data-engineering-projects/airflow-spark-pipeline/airflow_venv/lib/python3.11/site-packages/airflow/example_dags/example_latest_only.py
[2026-03-18T08:09:45.925+0000] {processor.py:925} INFO - DAG(s) 'latest_only' retrieved from /home/komal/data-engineering-projects/airflow-spark-pipeline/airflow_venv/lib/python3.11/site-packages/airflow/example_dags/example_latest_only.py
[2026-03-18T08:09:45.952+0000] {logging_mixin.py:190} INFO - [2026-03-18T08:09:45.951+0000] {dag.py:3239} INFO - Sync 1 DAGs
[2026-03-18T08:09:45.992+0000] {logging_mixin.py:190} INFO - [2026-03-18T08:09:45.992+0000] {dag.py:4180} INFO - Setting next_dagrun for latest_only to 2026-03-18 04:00:00+00:00, run_after=2026-03-18 08:00:00+00:00
[2026-03-18T08:09:46.033+0000] {processor.py:208} INFO - Processing /home/komal/data-engineering-projects/airflow-spark-pipeline/airflow_venv/lib/python3.11/site-packages/airflow/example_dags/example_latest_only.py took 0.135 seconds
[2026-03-18T08:10:59.042+0000] {processor.py:186} INFO - Started process (PID=35280) to work on /home/komal/data-engineering-projects/airflow-spark-pipeline/airflow_venv/lib/python3.11/site-packages/airflow/example_dags/example_latest_only.py
[2026-03-18T08:10:59.075+0000] {processor.py:914} INFO - Processing file /home/komal/data-engineering-projects/airflow-spark-pipeline/airflow_venv/lib/python3.11/site-packages/airflow/example_dags/example_latest_only.py for tasks to queue
[2026-03-18T08:10:59.080+0000] {logging_mixin.py:190} INFO - [2026-03-18T08:10:59.079+0000] {dagbag.py:588} INFO - Filling up the DagBag from /home/komal/data-engineering-projects/airflow-spark-pipeline/airflow_venv/lib/python3.11/site-packages/airflow/example_dags/example_latest_only.py
[2026-03-18T08:10:59.097+0000] {processor.py:925} INFO - DAG(s) 'latest_only' retrieved from /home/komal/data-engineering-projects/airflow-spark-pipeline/airflow_venv/lib/python3.11/site-packages/airflow/example_dags/example_latest_only.py
[2026-03-18T08:10:59.121+0000] {logging_mixin.py:190} INFO - [2026-03-18T08:10:59.121+0000] {dag.py:3239} INFO - Sync 1 DAGs
[2026-03-18T08:10:59.154+0000] {logging_mixin.py:190} INFO - [2026-03-18T08:10:59.154+0000] {dag.py:4180} INFO - Setting next_dagrun for latest_only to 2026-03-18 04:00:00+00:00, run_after=2026-03-18 08:00:00+00:00
[2026-03-18T08:10:59.192+0000] {processor.py:208} INFO - Processing /home/komal/data-engineering-projects/airflow-spark-pipeline/airflow_venv/lib/python3.11/site-packages/airflow/example_dags/example_latest_only.py took 0.160 seconds
[2026-03-18T08:12:14.191+0000] {processor.py:186} INFO - Started process (PID=35353) to work on /home/komal/data-engineering-projects/airflow-spark-pipeline/airflow_venv/lib/python3.11/site-packages/airflow/example_dags/example_latest_only.py
[2026-03-18T08:12:14.225+0000] {processor.py:914} INFO - Processing file /home/komal/data-engineering-projects/airflow-spark-pipeline/airflow_venv/lib/python3.11/site-packages/airflow/example_dags/example_latest_only.py for tasks to queue
[2026-03-18T08:12:14.230+0000] {logging_mixin.py:190} INFO - [2026-03-18T08:12:14.229+0000] {dagbag.py:588} INFO - Filling up the DagBag from /home/komal/data-engineering-projects/airflow-spark-pipeline/airflow_venv/lib/python3.11/site-packages/airflow/example_dags/example_latest_only.py
[2026-03-18T08:12:14.243+0000] {processor.py:925} INFO - DAG(s) 'latest_only' retrieved from /home/komal/data-engineering-projects/airflow-spark-pipeline/airflow_venv/lib/python3.11/site-packages/airflow/example_dags/example_latest_only.py
[2026-03-18T08:12:14.269+0000] {logging_mixin.py:190} INFO - [2026-03-18T08:12:14.268+0000] {dag.py:3239} INFO - Sync 1 DAGs
[2026-03-18T08:12:14.296+0000] {logging_mixin.py:190} INFO - [2026-03-18T08:12:14.296+0000] {dag.py:4180} INFO - Setting next_dagrun for latest_only to 2026-03-18 04:00:00+00:00, run_after=2026-03-18 08:00:00+00:00
[2026-03-18T08:12:14.372+0000] {processor.py:208} INFO - Processing /home/komal/data-engineering-projects/airflow-spark-pipeline/airflow_venv/lib/python3.11/site-packages/airflow/example_dags/example_latest_only.py took 0.193 seconds
[2026-03-18T08:15:19.622+0000] {processor.py:186} INFO - Started process (PID=35775) to work on /home/komal/data-engineering-projects/airflow-spark-pipeline/airflow_venv/lib/python3.11/site-packages/airflow/example_dags/example_latest_only.py
[2026-03-18T08:15:19.628+0000] {processor.py:914} INFO - Processing file /home/komal/data-engineering-projects/airflow-spark-pipeline/airflow_venv/lib/python3.11/site-packages/airflow/example_dags/example_latest_only.py for tasks to queue
[2026-03-18T08:15:19.630+0000] {logging_mixin.py:190} INFO - [2026-03-18T08:15:19.630+0000] {dagbag.py:588} INFO - Filling up the DagBag from /home/komal/data-engineering-projects/airflow-spark-pipeline/airflow_venv/lib/python3.11/site-packages/airflow/example_dags/example_latest_only.py
[2026-03-18T08:15:19.641+0000] {processor.py:925} INFO - DAG(s) 'latest_only' retrieved from /home/komal/data-engineering-projects/airflow-spark-pipeline/airflow_venv/lib/python3.11/site-packages/airflow/example_dags/example_latest_only.py
[2026-03-18T08:15:19.662+0000] {logging_mixin.py:190} INFO - [2026-03-18T08:15:19.662+0000] {dag.py:3239} INFO - Sync 1 DAGs
[2026-03-18T08:15:19.688+0000] {logging_mixin.py:190} INFO - [2026-03-18T08:15:19.688+0000] {dag.py:4180} INFO - Setting next_dagrun for latest_only to 2026-03-18 04:00:00+00:00, run_after=2026-03-18 08:00:00+00:00
[2026-03-18T08:15:19.737+0000] {processor.py:208} INFO - Processing /home/komal/data-engineering-projects/airflow-spark-pipeline/airflow_venv/lib/python3.11/site-packages/airflow/example_dags/example_latest_only.py took 0.125 seconds
[2026-03-18T08:16:30.283+0000] {processor.py:186} INFO - Started process (PID=35840) to work on /home/komal/data-engineering-projects/airflow-spark-pipeline/airflow_venv/lib/python3.11/site-packages/airflow/example_dags/example_latest_only.py
[2026-03-18T08:16:30.316+0000] {processor.py:914} INFO - Processing file /home/komal/data-engineering-projects/airflow-spark-pipeline/airflow_venv/lib/python3.11/site-packages/airflow/example_dags/example_latest_only.py for tasks to queue
[2026-03-18T08:16:30.319+0000] {logging_mixin.py:190} INFO - [2026-03-18T08:16:30.318+0000] {dagbag.py:588} INFO - Filling up the DagBag from /home/komal/data-engineering-projects/airflow-spark-pipeline/airflow_venv/lib/python3.11/site-packages/airflow/example_dags/example_latest_only.py
[2026-03-18T08:16:30.331+0000] {processor.py:925} INFO - DAG(s) 'latest_only' retrieved from /home/komal/data-engineering-projects/airflow-spark-pipeline/airflow_venv/lib/python3.11/site-packages/airflow/example_dags/example_latest_only.py
[2026-03-18T08:16:30.354+0000] {logging_mixin.py:190} INFO - [2026-03-18T08:16:30.353+0000] {dag.py:3239} INFO - Sync 1 DAGs
[2026-03-18T08:16:30.383+0000] {logging_mixin.py:190} INFO - [2026-03-18T08:16:30.383+0000] {dag.py:4180} INFO - Setting next_dagrun for latest_only to 2026-03-18 04:00:00+00:00, run_after=2026-03-18 08:00:00+00:00
[2026-03-18T08:16:30.445+0000] {processor.py:208} INFO - Processing /home/komal/data-engineering-projects/airflow-spark-pipeline/airflow_venv/lib/python3.11/site-packages/airflow/example_dags/example_latest_only.py took 0.173 seconds
[2026-03-18T08:17:47.167+0000] {processor.py:186} INFO - Started process (PID=35915) to work on /home/komal/data-engineering-projects/airflow-spark-pipeline/airflow_venv/lib/python3.11/site-packages/airflow/example_dags/example_latest_only.py
[2026-03-18T08:17:47.173+0000] {processor.py:914} INFO - Processing file /home/komal/data-engineering-projects/airflow-spark-pipeline/airflow_venv/lib/python3.11/site-packages/airflow/example_dags/example_latest_only.py for tasks to queue
[2026-03-18T08:17:47.176+0000] {logging_mixin.py:190} INFO - [2026-03-18T08:17:47.175+0000] {dagbag.py:588} INFO - Filling up the DagBag from /home/komal/data-engineering-projects/airflow-spark-pipeline/airflow_venv/lib/python3.11/site-packages/airflow/example_dags/example_latest_only.py
[2026-03-18T08:17:47.186+0000] {processor.py:925} INFO - DAG(s) 'latest_only' retrieved from /home/komal/data-engineering-projects/airflow-spark-pipeline/airflow_venv/lib/python3.11/site-packages/airflow/example_dags/example_latest_only.py
[2026-03-18T08:17:47.213+0000] {logging_mixin.py:190} INFO - [2026-03-18T08:17:47.213+0000] {dag.py:3239} INFO - Sync 1 DAGs
[2026-03-18T08:17:47.240+0000] {logging_mixin.py:190} INFO - [2026-03-18T08:17:47.239+0000] {dag.py:4180} INFO - Setting next_dagrun for latest_only to 2026-03-18 04:00:00+00:00, run_after=2026-03-18 08:00:00+00:00
[2026-03-18T08:17:47.289+0000] {processor.py:208} INFO - Processing /home/komal/data-engineering-projects/airflow-spark-pipeline/airflow_venv/lib/python3.11/site-packages/airflow/example_dags/example_latest_only.py took 0.129 seconds
[2026-03-18T08:18:58.287+0000] {processor.py:186} INFO - Started process (PID=35991) to work on /home/komal/data-engineering-projects/airflow-spark-pipeline/airflow_venv/lib/python3.11/site-packages/airflow/example_dags/example_latest_only.py
[2026-03-18T08:18:58.288+0000] {processor.py:914} INFO - Processing file /home/komal/data-engineering-projects/airflow-spark-pipeline/airflow_venv/lib/python3.11/site-packages/airflow/example_dags/example_latest_only.py for tasks to queue
[2026-03-18T08:18:58.290+0000] {logging_mixin.py:190} INFO - [2026-03-18T08:18:58.289+0000] {dagbag.py:588} INFO - Filling up the DagBag from /home/komal/data-engineering-projects/airflow-spark-pipeline/airflow_venv/lib/python3.11/site-packages/airflow/example_dags/example_latest_only.py
[2026-03-18T08:18:58.296+0000] {processor.py:925} INFO - DAG(s) 'latest_only' retrieved from /home/komal/data-engineering-projects/airflow-spark-pipeline/airflow_venv/lib/python3.11/site-packages/airflow/example_dags/example_latest_only.py
[2026-03-18T08:18:58.307+0000] {logging_mixin.py:190} INFO - [2026-03-18T08:18:58.307+0000] {dag.py:3239} INFO - Sync 1 DAGs
[2026-03-18T08:18:58.319+0000] {logging_mixin.py:190} INFO - [2026-03-18T08:18:58.319+0000] {dag.py:4180} INFO - Setting next_dagrun for latest_only to 2026-03-18 04:00:00+00:00, run_after=2026-03-18 08:00:00+00:00
[2026-03-18T08:18:58.335+0000] {processor.py:208} INFO - Processing /home/komal/data-engineering-projects/airflow-spark-pipeline/airflow_venv/lib/python3.11/site-packages/airflow/example_dags/example_latest_only.py took 0.052 seconds
[2026-03-18T08:20:04.577+0000] {processor.py:186} INFO - Started process (PID=36058) to work on /home/komal/data-engineering-projects/airflow-spark-pipeline/airflow_venv/lib/python3.11/site-packages/airflow/example_dags/example_latest_only.py
[2026-03-18T08:20:04.582+0000] {processor.py:914} INFO - Processing file /home/komal/data-engineering-projects/airflow-spark-pipeline/airflow_venv/lib/python3.11/site-packages/airflow/example_dags/example_latest_only.py for tasks to queue
[2026-03-18T08:20:04.584+0000] {logging_mixin.py:190} INFO - [2026-03-18T08:20:04.584+0000] {dagbag.py:588} INFO - Filling up the DagBag from /home/komal/data-engineering-projects/airflow-spark-pipeline/airflow_venv/lib/python3.11/site-packages/airflow/example_dags/example_latest_only.py
[2026-03-18T08:20:04.590+0000] {processor.py:925} INFO - DAG(s) 'latest_only' retrieved from /home/komal/data-engineering-projects/airflow-spark-pipeline/airflow_venv/lib/python3.11/site-packages/airflow/example_dags/example_latest_only.py
[2026-03-18T08:20:04.600+0000] {logging_mixin.py:190} INFO - [2026-03-18T08:20:04.600+0000] {dag.py:3239} INFO - Sync 1 DAGs
[2026-03-18T08:20:04.616+0000] {logging_mixin.py:190} INFO - [2026-03-18T08:20:04.616+0000] {dag.py:4180} INFO - Setting next_dagrun for latest_only to 2026-03-18 04:00:00+00:00, run_after=2026-03-18 08:00:00+00:00
[2026-03-18T08:20:04.637+0000] {processor.py:208} INFO - Processing /home/komal/data-engineering-projects/airflow-spark-pipeline/airflow_venv/lib/python3.11/site-packages/airflow/example_dags/example_latest_only.py took 0.064 seconds
[2026-03-18T13:41:34.363+0000] {processor.py:186} INFO - Started process (PID=36154) to work on /home/komal/data-engineering-projects/airflow-spark-pipeline/airflow_venv/lib/python3.11/site-packages/airflow/example_dags/example_latest_only.py
[2026-03-18T13:41:34.366+0000] {processor.py:914} INFO - Processing file /home/komal/data-engineering-projects/airflow-spark-pipeline/airflow_venv/lib/python3.11/site-packages/airflow/example_dags/example_latest_only.py for tasks to queue
[2026-03-18T13:41:34.369+0000] {logging_mixin.py:190} INFO - [2026-03-18T13:41:34.368+0000] {dagbag.py:588} INFO - Filling up the DagBag from /home/komal/data-engineering-projects/airflow-spark-pipeline/airflow_venv/lib/python3.11/site-packages/airflow/example_dags/example_latest_only.py
[2026-03-18T13:41:34.386+0000] {processor.py:925} INFO - DAG(s) 'latest_only' retrieved from /home/komal/data-engineering-projects/airflow-spark-pipeline/airflow_venv/lib/python3.11/site-packages/airflow/example_dags/example_latest_only.py
[2026-03-18T13:41:34.406+0000] {logging_mixin.py:190} INFO - [2026-03-18T13:41:34.406+0000] {dag.py:3239} INFO - Sync 1 DAGs
[2026-03-18T13:41:34.424+0000] {logging_mixin.py:190} INFO - [2026-03-18T13:41:34.424+0000] {dag.py:4180} INFO - Setting next_dagrun for latest_only to 2026-03-18 08:00:00+00:00, run_after=2026-03-18 12:00:00+00:00
[2026-03-18T13:41:34.474+0000] {processor.py:208} INFO - Processing /home/komal/data-engineering-projects/airflow-spark-pipeline/airflow_venv/lib/python3.11/site-packages/airflow/example_dags/example_latest_only.py took 0.122 seconds
[2026-03-18T13:42:38.159+0000] {processor.py:186} INFO - Started process (PID=36222) to work on /home/komal/data-engineering-projects/airflow-spark-pipeline/airflow_venv/lib/python3.11/site-packages/airflow/example_dags/example_latest_only.py
[2026-03-18T13:42:38.160+0000] {processor.py:914} INFO - Processing file /home/komal/data-engineering-projects/airflow-spark-pipeline/airflow_venv/lib/python3.11/site-packages/airflow/example_dags/example_latest_only.py for tasks to queue
[2026-03-18T13:42:38.162+0000] {logging_mixin.py:190} INFO - [2026-03-18T13:42:38.162+0000] {dagbag.py:588} INFO - Filling up the DagBag from /home/komal/data-engineering-projects/airflow-spark-pipeline/airflow_venv/lib/python3.11/site-packages/airflow/example_dags/example_latest_only.py
[2026-03-18T13:42:38.168+0000] {processor.py:925} INFO - DAG(s) 'latest_only' retrieved from /home/komal/data-engineering-projects/airflow-spark-pipeline/airflow_venv/lib/python3.11/site-packages/airflow/example_dags/example_latest_only.py
[2026-03-18T13:42:38.179+0000] {logging_mixin.py:190} INFO - [2026-03-18T13:42:38.178+0000] {dag.py:3239} INFO - Sync 1 DAGs
[2026-03-18T13:42:38.193+0000] {logging_mixin.py:190} INFO - [2026-03-18T13:42:38.193+0000] {dag.py:4180} INFO - Setting next_dagrun for latest_only to 2026-03-18 08:00:00+00:00, run_after=2026-03-18 12:00:00+00:00
[2026-03-18T13:42:38.217+0000] {processor.py:208} INFO - Processing /home/komal/data-engineering-projects/airflow-spark-pipeline/airflow_venv/lib/python3.11/site-packages/airflow/example_dags/example_latest_only.py took 0.065 seconds
[2026-03-18T13:43:45.087+0000] {processor.py:186} INFO - Started process (PID=36318) to work on /home/komal/data-engineering-projects/airflow-spark-pipeline/airflow_venv/lib/python3.11/site-packages/airflow/example_dags/example_latest_only.py
[2026-03-18T13:43:45.119+0000] {processor.py:914} INFO - Processing file /home/komal/data-engineering-projects/airflow-spark-pipeline/airflow_venv/lib/python3.11/site-packages/airflow/example_dags/example_latest_only.py for tasks to queue
[2026-03-18T13:43:45.123+0000] {logging_mixin.py:190} INFO - [2026-03-18T13:43:45.122+0000] {dagbag.py:588} INFO - Filling up the DagBag from /home/komal/data-engineering-projects/airflow-spark-pipeline/airflow_venv/lib/python3.11/site-packages/airflow/example_dags/example_latest_only.py
[2026-03-18T13:43:45.135+0000] {processor.py:925} INFO - DAG(s) 'latest_only' retrieved from /home/komal/data-engineering-projects/airflow-spark-pipeline/airflow_venv/lib/python3.11/site-packages/airflow/example_dags/example_latest_only.py
[2026-03-18T13:43:45.147+0000] {logging_mixin.py:190} INFO - [2026-03-18T13:43:45.147+0000] {dag.py:3239} INFO - Sync 1 DAGs
[2026-03-18T13:43:45.159+0000] {logging_mixin.py:190} INFO - [2026-03-18T13:43:45.159+0000] {dag.py:4180} INFO - Setting next_dagrun for latest_only to 2026-03-18 08:00:00+00:00, run_after=2026-03-18 12:00:00+00:00
[2026-03-18T13:43:45.181+0000] {processor.py:208} INFO - Processing /home/komal/data-engineering-projects/airflow-spark-pipeline/airflow_venv/lib/python3.11/site-packages/airflow/example_dags/example_latest_only.py took 0.105 seconds
[2026-03-18T13:44:50.922+0000] {processor.py:186} INFO - Started process (PID=36381) to work on /home/komal/data-engineering-projects/airflow-spark-pipeline/airflow_venv/lib/python3.11/site-packages/airflow/example_dags/example_latest_only.py
[2026-03-18T13:44:50.930+0000] {processor.py:914} INFO - Processing file /home/komal/data-engineering-projects/airflow-spark-pipeline/airflow_venv/lib/python3.11/site-packages/airflow/example_dags/example_latest_only.py for tasks to queue
[2026-03-18T13:44:50.933+0000] {logging_mixin.py:190} INFO - [2026-03-18T13:44:50.933+0000] {dagbag.py:588} INFO - Filling up the DagBag from /home/komal/data-engineering-projects/airflow-spark-pipeline/airflow_venv/lib/python3.11/site-packages/airflow/example_dags/example_latest_only.py
[2026-03-18T13:44:50.946+0000] {processor.py:925} INFO - DAG(s) 'latest_only' retrieved from /home/komal/data-engineering-projects/airflow-spark-pipeline/airflow_venv/lib/python3.11/site-packages/airflow/example_dags/example_latest_only.py
[2026-03-18T13:44:50.969+0000] {logging_mixin.py:190} INFO - [2026-03-18T13:44:50.969+0000] {dag.py:3239} INFO - Sync 1 DAGs
[2026-03-18T13:44:50.988+0000] {logging_mixin.py:190} INFO - [2026-03-18T13:44:50.988+0000] {dag.py:4180} INFO - Setting next_dagrun for latest_only to 2026-03-18 08:00:00+00:00, run_after=2026-03-18 12:00:00+00:00
[2026-03-18T13:44:51.019+0000] {processor.py:208} INFO - Processing /home/komal/data-engineering-projects/airflow-spark-pipeline/airflow_venv/lib/python3.11/site-packages/airflow/example_dags/example_latest_only.py took 0.105 seconds
[2026-03-18T13:46:03.284+0000] {processor.py:186} INFO - Started process (PID=36451) to work on /home/komal/data-engineering-projects/airflow-spark-pipeline/airflow_venv/lib/python3.11/site-packages/airflow/example_dags/example_latest_only.py
[2026-03-18T13:46:03.316+0000] {processor.py:914} INFO - Processing file /home/komal/data-engineering-projects/airflow-spark-pipeline/airflow_venv/lib/python3.11/site-packages/airflow/example_dags/example_latest_only.py for tasks to queue
[2026-03-18T13:46:03.320+0000] {logging_mixin.py:190} INFO - [2026-03-18T13:46:03.320+0000] {dagbag.py:588} INFO - Filling up the DagBag from /home/komal/data-engineering-projects/airflow-spark-pipeline/airflow_venv/lib/python3.11/site-packages/airflow/example_dags/example_latest_only.py
[2026-03-18T13:46:03.332+0000] {processor.py:925} INFO - DAG(s) 'latest_only' retrieved from /home/komal/data-engineering-projects/airflow-spark-pipeline/airflow_venv/lib/python3.11/site-packages/airflow/example_dags/example_latest_only.py
[2026-03-18T13:46:03.346+0000] {logging_mixin.py:190} INFO - [2026-03-18T13:46:03.345+0000] {dag.py:3239} INFO - Sync 1 DAGs
[2026-03-18T13:46:03.359+0000] {logging_mixin.py:190} INFO - [2026-03-18T13:46:03.359+0000] {dag.py:4180} INFO - Setting next_dagrun for latest_only to 2026-03-18 08:00:00+00:00, run_after=2026-03-18 12:00:00+00:00
[2026-03-18T13:46:03.387+0000] {processor.py:208} INFO - Processing /home/komal/data-engineering-projects/airflow-spark-pipeline/airflow_venv/lib/python3.11/site-packages/airflow/example_dags/example_latest_only.py took 0.114 seconds
[2026-03-18T13:47:05.970+0000] {processor.py:186} INFO - Started process (PID=36513) to work on /home/komal/data-engineering-projects/airflow-spark-pipeline/airflow_venv/lib/python3.11/site-packages/airflow/example_dags/example_latest_only.py
[2026-03-18T13:47:06.002+0000] {processor.py:914} INFO - Processing file /home/komal/data-engineering-projects/airflow-spark-pipeline/airflow_venv/lib/python3.11/site-packages/airflow/example_dags/example_latest_only.py for tasks to queue
[2026-03-18T13:47:06.006+0000] {logging_mixin.py:190} INFO - [2026-03-18T13:47:06.006+0000] {dagbag.py:588} INFO - Filling up the DagBag from /home/komal/data-engineering-projects/airflow-spark-pipeline/airflow_venv/lib/python3.11/site-packages/airflow/example_dags/example_latest_only.py
[2026-03-18T13:47:06.018+0000] {processor.py:925} INFO - DAG(s) 'latest_only' retrieved from /home/komal/data-engineering-projects/airflow-spark-pipeline/airflow_venv/lib/python3.11/site-packages/airflow/example_dags/example_latest_only.py
[2026-03-18T13:47:06.032+0000] {logging_mixin.py:190} INFO - [2026-03-18T13:47:06.032+0000] {dag.py:3239} INFO - Sync 1 DAGs
[2026-03-18T13:47:06.047+0000] {logging_mixin.py:190} INFO - [2026-03-18T13:47:06.047+0000] {dag.py:4180} INFO - Setting next_dagrun for latest_only to 2026-03-18 08:00:00+00:00, run_after=2026-03-18 12:00:00+00:00
[2026-03-18T13:47:06.072+0000] {processor.py:208} INFO - Processing /home/komal/data-engineering-projects/airflow-spark-pipeline/airflow_venv/lib/python3.11/site-packages/airflow/example_dags/example_latest_only.py took 0.112 seconds
[2026-03-18T13:48:13.297+0000] {processor.py:186} INFO - Started process (PID=36575) to work on /home/komal/data-engineering-projects/airflow-spark-pipeline/airflow_venv/lib/python3.11/site-packages/airflow/example_dags/example_latest_only.py
[2026-03-18T13:48:13.329+0000] {processor.py:914} INFO - Processing file /home/komal/data-engineering-projects/airflow-spark-pipeline/airflow_venv/lib/python3.11/site-packages/airflow/example_dags/example_latest_only.py for tasks to queue
[2026-03-18T13:48:13.333+0000] {logging_mixin.py:190} INFO - [2026-03-18T13:48:13.333+0000] {dagbag.py:588} INFO - Filling up the DagBag from /home/komal/data-engineering-projects/airflow-spark-pipeline/airflow_venv/lib/python3.11/site-packages/airflow/example_dags/example_latest_only.py
[2026-03-18T13:48:13.346+0000] {processor.py:925} INFO - DAG(s) 'latest_only' retrieved from /home/komal/data-engineering-projects/airflow-spark-pipeline/airflow_venv/lib/python3.11/site-packages/airflow/example_dags/example_latest_only.py
[2026-03-18T13:48:13.356+0000] {logging_mixin.py:190} INFO - [2026-03-18T13:48:13.356+0000] {dag.py:3239} INFO - Sync 1 DAGs
[2026-03-18T13:48:13.372+0000] {logging_mixin.py:190} INFO - [2026-03-18T13:48:13.372+0000] {dag.py:4180} INFO - Setting next_dagrun for latest_only to 2026-03-18 08:00:00+00:00, run_after=2026-03-18 12:00:00+00:00
[2026-03-18T13:48:13.397+0000] {processor.py:208} INFO - Processing /home/komal/data-engineering-projects/airflow-spark-pipeline/airflow_venv/lib/python3.11/site-packages/airflow/example_dags/example_latest_only.py took 0.109 seconds
[2026-03-18T13:49:17.665+0000] {processor.py:186} INFO - Started process (PID=36637) to work on /home/komal/data-engineering-projects/airflow-spark-pipeline/airflow_venv/lib/python3.11/site-packages/airflow/example_dags/example_latest_only.py
[2026-03-18T13:49:17.698+0000] {processor.py:914} INFO - Processing file /home/komal/data-engineering-projects/airflow-spark-pipeline/airflow_venv/lib/python3.11/site-packages/airflow/example_dags/example_latest_only.py for tasks to queue
[2026-03-18T13:49:17.702+0000] {logging_mixin.py:190} INFO - [2026-03-18T13:49:17.701+0000] {dagbag.py:588} INFO - Filling up the DagBag from /home/komal/data-engineering-projects/airflow-spark-pipeline/airflow_venv/lib/python3.11/site-packages/airflow/example_dags/example_latest_only.py
[2026-03-18T13:49:17.716+0000] {processor.py:925} INFO - DAG(s) 'latest_only' retrieved from /home/komal/data-engineering-projects/airflow-spark-pipeline/airflow_venv/lib/python3.11/site-packages/airflow/example_dags/example_latest_only.py
[2026-03-18T13:49:17.734+0000] {logging_mixin.py:190} INFO - [2026-03-18T13:49:17.734+0000] {dag.py:3239} INFO - Sync 1 DAGs
[2026-03-18T13:49:17.748+0000] {logging_mixin.py:190} INFO - [2026-03-18T13:49:17.747+0000] {dag.py:4180} INFO - Setting next_dagrun for latest_only to 2026-03-18 08:00:00+00:00, run_after=2026-03-18 12:00:00+00:00
[2026-03-18T13:49:17.771+0000] {processor.py:208} INFO - Processing /home/komal/data-engineering-projects/airflow-spark-pipeline/airflow_venv/lib/python3.11/site-packages/airflow/example_dags/example_latest_only.py took 0.117 seconds
[2026-03-18T13:50:20.323+0000] {processor.py:186} INFO - Started process (PID=36700) to work on /home/komal/data-engineering-projects/airflow-spark-pipeline/airflow_venv/lib/python3.11/site-packages/airflow/example_dags/example_latest_only.py
[2026-03-18T13:50:20.326+0000] {processor.py:914} INFO - Processing file /home/komal/data-engineering-projects/airflow-spark-pipeline/airflow_venv/lib/python3.11/site-packages/airflow/example_dags/example_latest_only.py for tasks to queue
[2026-03-18T13:50:20.328+0000] {logging_mixin.py:190} INFO - [2026-03-18T13:50:20.328+0000] {dagbag.py:588} INFO - Filling up the DagBag from /home/komal/data-engineering-projects/airflow-spark-pipeline/airflow_venv/lib/python3.11/site-packages/airflow/example_dags/example_latest_only.py
[2026-03-18T13:50:20.337+0000] {processor.py:925} INFO - DAG(s) 'latest_only' retrieved from /home/komal/data-engineering-projects/airflow-spark-pipeline/airflow_venv/lib/python3.11/site-packages/airflow/example_dags/example_latest_only.py
[2026-03-18T13:50:20.347+0000] {logging_mixin.py:190} INFO - [2026-03-18T13:50:20.346+0000] {dag.py:3239} INFO - Sync 1 DAGs
[2026-03-18T13:50:20.362+0000] {logging_mixin.py:190} INFO - [2026-03-18T13:50:20.362+0000] {dag.py:4180} INFO - Setting next_dagrun for latest_only to 2026-03-18 08:00:00+00:00, run_after=2026-03-18 12:00:00+00:00
[2026-03-18T13:50:20.396+0000] {processor.py:208} INFO - Processing /home/komal/data-engineering-projects/airflow-spark-pipeline/airflow_venv/lib/python3.11/site-packages/airflow/example_dags/example_latest_only.py took 0.085 seconds
[2026-03-18T13:51:26.403+0000] {processor.py:186} INFO - Started process (PID=36763) to work on /home/komal/data-engineering-projects/airflow-spark-pipeline/airflow_venv/lib/python3.11/site-packages/airflow/example_dags/example_latest_only.py
[2026-03-18T13:51:26.436+0000] {processor.py:914} INFO - Processing file /home/komal/data-engineering-projects/airflow-spark-pipeline/airflow_venv/lib/python3.11/site-packages/airflow/example_dags/example_latest_only.py for tasks to queue
[2026-03-18T13:51:26.439+0000] {logging_mixin.py:190} INFO - [2026-03-18T13:51:26.439+0000] {dagbag.py:588} INFO - Filling up the DagBag from /home/komal/data-engineering-projects/airflow-spark-pipeline/airflow_venv/lib/python3.11/site-packages/airflow/example_dags/example_latest_only.py
[2026-03-18T13:51:26.450+0000] {processor.py:925} INFO - DAG(s) 'latest_only' retrieved from /home/komal/data-engineering-projects/airflow-spark-pipeline/airflow_venv/lib/python3.11/site-packages/airflow/example_dags/example_latest_only.py
[2026-03-18T13:51:26.461+0000] {logging_mixin.py:190} INFO - [2026-03-18T13:51:26.461+0000] {dag.py:3239} INFO - Sync 1 DAGs
[2026-03-18T13:51:26.473+0000] {logging_mixin.py:190} INFO - [2026-03-18T13:51:26.473+0000] {dag.py:4180} INFO - Setting next_dagrun for latest_only to 2026-03-18 08:00:00+00:00, run_after=2026-03-18 12:00:00+00:00
[2026-03-18T13:51:26.495+0000] {processor.py:208} INFO - Processing /home/komal/data-engineering-projects/airflow-spark-pipeline/airflow_venv/lib/python3.11/site-packages/airflow/example_dags/example_latest_only.py took 0.099 seconds
[2026-03-18T13:52:33.867+0000] {processor.py:186} INFO - Started process (PID=36829) to work on /home/komal/data-engineering-projects/airflow-spark-pipeline/airflow_venv/lib/python3.11/site-packages/airflow/example_dags/example_latest_only.py
[2026-03-18T13:52:33.901+0000] {processor.py:914} INFO - Processing file /home/komal/data-engineering-projects/airflow-spark-pipeline/airflow_venv/lib/python3.11/site-packages/airflow/example_dags/example_latest_only.py for tasks to queue
[2026-03-18T13:52:33.904+0000] {logging_mixin.py:190} INFO - [2026-03-18T13:52:33.904+0000] {dagbag.py:588} INFO - Filling up the DagBag from /home/komal/data-engineering-projects/airflow-spark-pipeline/airflow_venv/lib/python3.11/site-packages/airflow/example_dags/example_latest_only.py
[2026-03-18T13:52:33.916+0000] {processor.py:925} INFO - DAG(s) 'latest_only' retrieved from /home/komal/data-engineering-projects/airflow-spark-pipeline/airflow_venv/lib/python3.11/site-packages/airflow/example_dags/example_latest_only.py
[2026-03-18T13:52:33.927+0000] {logging_mixin.py:190} INFO - [2026-03-18T13:52:33.927+0000] {dag.py:3239} INFO - Sync 1 DAGs
[2026-03-18T13:52:33.940+0000] {logging_mixin.py:190} INFO - [2026-03-18T13:52:33.940+0000] {dag.py:4180} INFO - Setting next_dagrun for latest_only to 2026-03-18 08:00:00+00:00, run_after=2026-03-18 12:00:00+00:00
[2026-03-18T13:52:33.970+0000] {processor.py:208} INFO - Processing /home/komal/data-engineering-projects/airflow-spark-pipeline/airflow_venv/lib/python3.11/site-packages/airflow/example_dags/example_latest_only.py took 0.112 seconds
[2026-03-18T13:53:38.483+0000] {processor.py:186} INFO - Started process (PID=36891) to work on /home/komal/data-engineering-projects/airflow-spark-pipeline/airflow_venv/lib/python3.11/site-packages/airflow/example_dags/example_latest_only.py
[2026-03-18T13:53:38.516+0000] {processor.py:914} INFO - Processing file /home/komal/data-engineering-projects/airflow-spark-pipeline/airflow_venv/lib/python3.11/site-packages/airflow/example_dags/example_latest_only.py for tasks to queue
[2026-03-18T13:53:38.519+0000] {logging_mixin.py:190} INFO - [2026-03-18T13:53:38.519+0000] {dagbag.py:588} INFO - Filling up the DagBag from /home/komal/data-engineering-projects/airflow-spark-pipeline/airflow_venv/lib/python3.11/site-packages/airflow/example_dags/example_latest_only.py
[2026-03-18T13:53:38.532+0000] {processor.py:925} INFO - DAG(s) 'latest_only' retrieved from /home/komal/data-engineering-projects/airflow-spark-pipeline/airflow_venv/lib/python3.11/site-packages/airflow/example_dags/example_latest_only.py
[2026-03-18T13:53:38.548+0000] {logging_mixin.py:190} INFO - [2026-03-18T13:53:38.548+0000] {dag.py:3239} INFO - Sync 1 DAGs
[2026-03-18T13:53:38.560+0000] {logging_mixin.py:190} INFO - [2026-03-18T13:53:38.560+0000] {dag.py:4180} INFO - Setting next_dagrun for latest_only to 2026-03-18 08:00:00+00:00, run_after=2026-03-18 12:00:00+00:00
[2026-03-18T13:53:38.592+0000] {processor.py:208} INFO - Processing /home/komal/data-engineering-projects/airflow-spark-pipeline/airflow_venv/lib/python3.11/site-packages/airflow/example_dags/example_latest_only.py took 0.119 seconds
[2026-03-18T13:54:45.876+0000] {processor.py:186} INFO - Started process (PID=36955) to work on /home/komal/data-engineering-projects/airflow-spark-pipeline/airflow_venv/lib/python3.11/site-packages/airflow/example_dags/example_latest_only.py
[2026-03-18T13:54:45.908+0000] {processor.py:914} INFO - Processing file /home/komal/data-engineering-projects/airflow-spark-pipeline/airflow_venv/lib/python3.11/site-packages/airflow/example_dags/example_latest_only.py for tasks to queue
[2026-03-18T13:54:45.912+0000] {logging_mixin.py:190} INFO - [2026-03-18T13:54:45.911+0000] {dagbag.py:588} INFO - Filling up the DagBag from /home/komal/data-engineering-projects/airflow-spark-pipeline/airflow_venv/lib/python3.11/site-packages/airflow/example_dags/example_latest_only.py
[2026-03-18T13:54:45.923+0000] {processor.py:925} INFO - DAG(s) 'latest_only' retrieved from /home/komal/data-engineering-projects/airflow-spark-pipeline/airflow_venv/lib/python3.11/site-packages/airflow/example_dags/example_latest_only.py
[2026-03-18T13:54:45.946+0000] {logging_mixin.py:190} INFO - [2026-03-18T13:54:45.946+0000] {dag.py:3239} INFO - Sync 1 DAGs
[2026-03-18T13:54:45.962+0000] {logging_mixin.py:190} INFO - [2026-03-18T13:54:45.962+0000] {dag.py:4180} INFO - Setting next_dagrun for latest_only to 2026-03-18 08:00:00+00:00, run_after=2026-03-18 12:00:00+00:00
[2026-03-18T13:54:45.985+0000] {processor.py:208} INFO - Processing /home/komal/data-engineering-projects/airflow-spark-pipeline/airflow_venv/lib/python3.11/site-packages/airflow/example_dags/example_latest_only.py took 0.115 seconds
[2026-03-18T13:55:50.867+0000] {processor.py:186} INFO - Started process (PID=37020) to work on /home/komal/data-engineering-projects/airflow-spark-pipeline/airflow_venv/lib/python3.11/site-packages/airflow/example_dags/example_latest_only.py
[2026-03-18T13:55:50.868+0000] {processor.py:914} INFO - Processing file /home/komal/data-engineering-projects/airflow-spark-pipeline/airflow_venv/lib/python3.11/site-packages/airflow/example_dags/example_latest_only.py for tasks to queue
[2026-03-18T13:55:50.870+0000] {logging_mixin.py:190} INFO - [2026-03-18T13:55:50.870+0000] {dagbag.py:588} INFO - Filling up the DagBag from /home/komal/data-engineering-projects/airflow-spark-pipeline/airflow_venv/lib/python3.11/site-packages/airflow/example_dags/example_latest_only.py
[2026-03-18T13:55:50.877+0000] {processor.py:925} INFO - DAG(s) 'latest_only' retrieved from /home/komal/data-engineering-projects/airflow-spark-pipeline/airflow_venv/lib/python3.11/site-packages/airflow/example_dags/example_latest_only.py
[2026-03-18T13:55:50.887+0000] {logging_mixin.py:190} INFO - [2026-03-18T13:55:50.887+0000] {dag.py:3239} INFO - Sync 1 DAGs
[2026-03-18T13:55:50.899+0000] {logging_mixin.py:190} INFO - [2026-03-18T13:55:50.899+0000] {dag.py:4180} INFO - Setting next_dagrun for latest_only to 2026-03-18 08:00:00+00:00, run_after=2026-03-18 12:00:00+00:00
[2026-03-18T13:55:50.950+0000] {processor.py:208} INFO - Processing /home/komal/data-engineering-projects/airflow-spark-pipeline/airflow_venv/lib/python3.11/site-packages/airflow/example_dags/example_latest_only.py took 0.091 seconds
[2026-03-18T13:56:58.794+0000] {processor.py:186} INFO - Started process (PID=37085) to work on /home/komal/data-engineering-projects/airflow-spark-pipeline/airflow_venv/lib/python3.11/site-packages/airflow/example_dags/example_latest_only.py
[2026-03-18T13:56:58.827+0000] {processor.py:914} INFO - Processing file /home/komal/data-engineering-projects/airflow-spark-pipeline/airflow_venv/lib/python3.11/site-packages/airflow/example_dags/example_latest_only.py for tasks to queue
[2026-03-18T13:56:58.831+0000] {logging_mixin.py:190} INFO - [2026-03-18T13:56:58.830+0000] {dagbag.py:588} INFO - Filling up the DagBag from /home/komal/data-engineering-projects/airflow-spark-pipeline/airflow_venv/lib/python3.11/site-packages/airflow/example_dags/example_latest_only.py
[2026-03-18T13:56:58.845+0000] {processor.py:925} INFO - DAG(s) 'latest_only' retrieved from /home/komal/data-engineering-projects/airflow-spark-pipeline/airflow_venv/lib/python3.11/site-packages/airflow/example_dags/example_latest_only.py
[2026-03-18T13:56:58.867+0000] {logging_mixin.py:190} INFO - [2026-03-18T13:56:58.867+0000] {dag.py:3239} INFO - Sync 1 DAGs
[2026-03-18T13:56:58.883+0000] {logging_mixin.py:190} INFO - [2026-03-18T13:56:58.883+0000] {dag.py:4180} INFO - Setting next_dagrun for latest_only to 2026-03-18 08:00:00+00:00, run_after=2026-03-18 12:00:00+00:00
[2026-03-18T13:56:58.916+0000] {processor.py:208} INFO - Processing /home/komal/data-engineering-projects/airflow-spark-pipeline/airflow_venv/lib/python3.11/site-packages/airflow/example_dags/example_latest_only.py took 0.130 seconds
[2026-03-18T13:58:10.413+0000] {processor.py:186} INFO - Started process (PID=37151) to work on /home/komal/data-engineering-projects/airflow-spark-pipeline/airflow_venv/lib/python3.11/site-packages/airflow/example_dags/example_latest_only.py
[2026-03-18T13:58:10.417+0000] {processor.py:914} INFO - Processing file /home/komal/data-engineering-projects/airflow-spark-pipeline/airflow_venv/lib/python3.11/site-packages/airflow/example_dags/example_latest_only.py for tasks to queue
[2026-03-18T13:58:10.418+0000] {logging_mixin.py:190} INFO - [2026-03-18T13:58:10.418+0000] {dagbag.py:588} INFO - Filling up the DagBag from /home/komal/data-engineering-projects/airflow-spark-pipeline/airflow_venv/lib/python3.11/site-packages/airflow/example_dags/example_latest_only.py
[2026-03-18T13:58:10.424+0000] {processor.py:925} INFO - DAG(s) 'latest_only' retrieved from /home/komal/data-engineering-projects/airflow-spark-pipeline/airflow_venv/lib/python3.11/site-packages/airflow/example_dags/example_latest_only.py
[2026-03-18T13:58:10.434+0000] {logging_mixin.py:190} INFO - [2026-03-18T13:58:10.434+0000] {dag.py:3239} INFO - Sync 1 DAGs
[2026-03-18T13:58:10.448+0000] {logging_mixin.py:190} INFO - [2026-03-18T13:58:10.448+0000] {dag.py:4180} INFO - Setting next_dagrun for latest_only to 2026-03-18 08:00:00+00:00, run_after=2026-03-18 12:00:00+00:00
[2026-03-18T13:58:10.470+0000] {processor.py:208} INFO - Processing /home/komal/data-engineering-projects/airflow-spark-pipeline/airflow_venv/lib/python3.11/site-packages/airflow/example_dags/example_latest_only.py took 0.061 seconds
[2026-03-18T14:02:06.327+0000] {processor.py:186} INFO - Started process (PID=37239) to work on /home/komal/data-engineering-projects/airflow-spark-pipeline/airflow_venv/lib/python3.11/site-packages/airflow/example_dags/example_latest_only.py
[2026-03-18T14:02:06.360+0000] {processor.py:914} INFO - Processing file /home/komal/data-engineering-projects/airflow-spark-pipeline/airflow_venv/lib/python3.11/site-packages/airflow/example_dags/example_latest_only.py for tasks to queue
[2026-03-18T14:02:06.364+0000] {logging_mixin.py:190} INFO - [2026-03-18T14:02:06.363+0000] {dagbag.py:588} INFO - Filling up the DagBag from /home/komal/data-engineering-projects/airflow-spark-pipeline/airflow_venv/lib/python3.11/site-packages/airflow/example_dags/example_latest_only.py
[2026-03-18T14:02:06.376+0000] {processor.py:925} INFO - DAG(s) 'latest_only' retrieved from /home/komal/data-engineering-projects/airflow-spark-pipeline/airflow_venv/lib/python3.11/site-packages/airflow/example_dags/example_latest_only.py
[2026-03-18T14:02:06.396+0000] {logging_mixin.py:190} INFO - [2026-03-18T14:02:06.396+0000] {dag.py:3239} INFO - Sync 1 DAGs
[2026-03-18T14:02:06.408+0000] {logging_mixin.py:190} INFO - [2026-03-18T14:02:06.408+0000] {dag.py:4180} INFO - Setting next_dagrun for latest_only to 2026-03-18 08:00:00+00:00, run_after=2026-03-18 12:00:00+00:00
[2026-03-18T14:02:06.435+0000] {processor.py:208} INFO - Processing /home/komal/data-engineering-projects/airflow-spark-pipeline/airflow_venv/lib/python3.11/site-packages/airflow/example_dags/example_latest_only.py took 0.118 seconds
