[2026-03-18T06:15:56.303+0000] {processor.py:157} INFO - Started process (PID=27455) to work on /home/komal/data-engineering-projects/airflow-spark-pipeline/airflow_venv/lib/python3.11/site-packages/airflow/example_dags/example_short_circuit_decorator.py
[2026-03-18T06:15:56.303+0000] {processor.py:826} INFO - Processing file /home/komal/data-engineering-projects/airflow-spark-pipeline/airflow_venv/lib/python3.11/site-packages/airflow/example_dags/example_short_circuit_decorator.py for tasks to queue
[2026-03-18T06:15:56.304+0000] {logging_mixin.py:150} INFO - [2026-03-18T06:15:56.303+0000] {dagbag.py:541} INFO - Filling up the DagBag from /home/komal/data-engineering-projects/airflow-spark-pipeline/airflow_venv/lib/python3.11/site-packages/airflow/example_dags/example_short_circuit_decorator.py
[2026-03-18T06:15:56.314+0000] {processor.py:836} INFO - DAG(s) dict_keys(['example_short_circuit_decorator']) retrieved from /home/komal/data-engineering-projects/airflow-spark-pipeline/airflow_venv/lib/python3.11/site-packages/airflow/example_dags/example_short_circuit_decorator.py
[2026-03-18T06:15:56.417+0000] {logging_mixin.py:150} INFO - [2026-03-18T06:15:56.416+0000] {manager.py:504} INFO - Created Permission View: can delete on DAG:example_short_circuit_decorator
[2026-03-18T06:15:56.431+0000] {logging_mixin.py:150} INFO - [2026-03-18T06:15:56.430+0000] {manager.py:504} INFO - Created Permission View: can read on DAG:example_short_circuit_decorator
[2026-03-18T06:15:56.442+0000] {logging_mixin.py:150} INFO - [2026-03-18T06:15:56.442+0000] {manager.py:504} INFO - Created Permission View: can edit on DAG:example_short_circuit_decorator
[2026-03-18T06:15:56.449+0000] {logging_mixin.py:150} INFO - [2026-03-18T06:15:56.449+0000] {dag.py:2742} INFO - Sync 1 DAGs
[2026-03-18T06:15:56.458+0000] {logging_mixin.py:150} INFO - [2026-03-18T06:15:56.458+0000] {dag.py:2763} INFO - Creating ORM DAG for example_short_circuit_decorator
[2026-03-18T06:15:56.466+0000] {logging_mixin.py:150} INFO - [2026-03-18T06:15:56.465+0000] {dag.py:3504} INFO - Setting next_dagrun for example_short_circuit_decorator to 2026-03-17T06:15:56.465443+00:00, run_after=2026-03-18T06:15:56.465443+00:00
[2026-03-18T06:15:56.495+0000] {processor.py:179} INFO - Processing /home/komal/data-engineering-projects/airflow-spark-pipeline/airflow_venv/lib/python3.11/site-packages/airflow/example_dags/example_short_circuit_decorator.py took 0.194 seconds
[2026-03-18T06:16:56.378+0000] {processor.py:157} INFO - Started process (PID=27508) to work on /home/komal/data-engineering-projects/airflow-spark-pipeline/airflow_venv/lib/python3.11/site-packages/airflow/example_dags/example_short_circuit_decorator.py
[2026-03-18T06:16:56.411+0000] {processor.py:826} INFO - Processing file /home/komal/data-engineering-projects/airflow-spark-pipeline/airflow_venv/lib/python3.11/site-packages/airflow/example_dags/example_short_circuit_decorator.py for tasks to queue
[2026-03-18T06:16:56.412+0000] {logging_mixin.py:150} INFO - [2026-03-18T06:16:56.412+0000] {dagbag.py:541} INFO - Filling up the DagBag from /home/komal/data-engineering-projects/airflow-spark-pipeline/airflow_venv/lib/python3.11/site-packages/airflow/example_dags/example_short_circuit_decorator.py
[2026-03-18T06:16:56.427+0000] {processor.py:836} INFO - DAG(s) dict_keys(['example_short_circuit_decorator']) retrieved from /home/komal/data-engineering-projects/airflow-spark-pipeline/airflow_venv/lib/python3.11/site-packages/airflow/example_dags/example_short_circuit_decorator.py
[2026-03-18T06:16:56.439+0000] {logging_mixin.py:150} INFO - [2026-03-18T06:16:56.439+0000] {dag.py:2742} INFO - Sync 1 DAGs
[2026-03-18T06:16:56.450+0000] {logging_mixin.py:150} INFO - [2026-03-18T06:16:56.449+0000] {dag.py:3504} INFO - Setting next_dagrun for example_short_circuit_decorator to 2026-03-17T06:16:56.449853+00:00, run_after=2026-03-18T06:16:56.449853+00:00
[2026-03-18T06:16:56.474+0000] {processor.py:179} INFO - Processing /home/komal/data-engineering-projects/airflow-spark-pipeline/airflow_venv/lib/python3.11/site-packages/airflow/example_dags/example_short_circuit_decorator.py took 0.100 seconds
[2026-03-18T06:17:39.412+0000] {processor.py:157} INFO - Started process (PID=27569) to work on /home/komal/data-engineering-projects/airflow-spark-pipeline/airflow_venv/lib/python3.11/site-packages/airflow/example_dags/example_short_circuit_decorator.py
[2026-03-18T06:17:39.413+0000] {processor.py:826} INFO - Processing file /home/komal/data-engineering-projects/airflow-spark-pipeline/airflow_venv/lib/python3.11/site-packages/airflow/example_dags/example_short_circuit_decorator.py for tasks to queue
[2026-03-18T06:17:39.414+0000] {logging_mixin.py:150} INFO - [2026-03-18T06:17:39.414+0000] {dagbag.py:541} INFO - Filling up the DagBag from /home/komal/data-engineering-projects/airflow-spark-pipeline/airflow_venv/lib/python3.11/site-packages/airflow/example_dags/example_short_circuit_decorator.py
[2026-03-18T06:17:39.422+0000] {processor.py:836} INFO - DAG(s) dict_keys(['example_short_circuit_decorator']) retrieved from /home/komal/data-engineering-projects/airflow-spark-pipeline/airflow_venv/lib/python3.11/site-packages/airflow/example_dags/example_short_circuit_decorator.py
[2026-03-18T06:17:39.437+0000] {logging_mixin.py:150} INFO - [2026-03-18T06:17:39.437+0000] {dag.py:2742} INFO - Sync 1 DAGs
[2026-03-18T06:17:39.454+0000] {logging_mixin.py:150} INFO - [2026-03-18T06:17:39.454+0000] {dag.py:3504} INFO - Setting next_dagrun for example_short_circuit_decorator to 2026-03-17T06:17:39.453944+00:00, run_after=2026-03-18T06:17:39.453944+00:00
[2026-03-18T06:17:39.542+0000] {processor.py:179} INFO - Processing /home/komal/data-engineering-projects/airflow-spark-pipeline/airflow_venv/lib/python3.11/site-packages/airflow/example_dags/example_short_circuit_decorator.py took 0.133 seconds
[2026-03-18T06:33:37.526+0000] {processor.py:186} INFO - Started process (PID=28037) to work on /home/komal/data-engineering-projects/airflow-spark-pipeline/airflow_venv/lib/python3.11/site-packages/airflow/example_dags/example_short_circuit_decorator.py
[2026-03-18T06:33:37.559+0000] {processor.py:914} INFO - Processing file /home/komal/data-engineering-projects/airflow-spark-pipeline/airflow_venv/lib/python3.11/site-packages/airflow/example_dags/example_short_circuit_decorator.py for tasks to queue
[2026-03-18T06:33:37.562+0000] {logging_mixin.py:190} INFO - [2026-03-18T06:33:37.562+0000] {dagbag.py:588} INFO - Filling up the DagBag from /home/komal/data-engineering-projects/airflow-spark-pipeline/airflow_venv/lib/python3.11/site-packages/airflow/example_dags/example_short_circuit_decorator.py
[2026-03-18T06:33:37.573+0000] {processor.py:925} INFO - DAG(s) 'example_short_circuit_decorator' retrieved from /home/komal/data-engineering-projects/airflow-spark-pipeline/airflow_venv/lib/python3.11/site-packages/airflow/example_dags/example_short_circuit_decorator.py
[2026-03-18T06:33:37.636+0000] {logging_mixin.py:190} INFO - [2026-03-18T06:33:37.636+0000] {dag.py:3239} INFO - Sync 1 DAGs
[2026-03-18T06:33:37.642+0000] {logging_mixin.py:190} INFO - [2026-03-18T06:33:37.642+0000] {dag.py:4180} INFO - Setting next_dagrun for example_short_circuit_decorator to None, run_after=None
[2026-03-18T06:33:37.746+0000] {processor.py:208} INFO - Processing /home/komal/data-engineering-projects/airflow-spark-pipeline/airflow_venv/lib/python3.11/site-packages/airflow/example_dags/example_short_circuit_decorator.py took 0.224 seconds
[2026-03-18T06:34:44.089+0000] {processor.py:186} INFO - Started process (PID=28099) to work on /home/komal/data-engineering-projects/airflow-spark-pipeline/airflow_venv/lib/python3.11/site-packages/airflow/example_dags/example_short_circuit_decorator.py
[2026-03-18T06:34:44.091+0000] {processor.py:914} INFO - Processing file /home/komal/data-engineering-projects/airflow-spark-pipeline/airflow_venv/lib/python3.11/site-packages/airflow/example_dags/example_short_circuit_decorator.py for tasks to queue
[2026-03-18T06:34:44.091+0000] {logging_mixin.py:190} INFO - [2026-03-18T06:34:44.091+0000] {dagbag.py:588} INFO - Filling up the DagBag from /home/komal/data-engineering-projects/airflow-spark-pipeline/airflow_venv/lib/python3.11/site-packages/airflow/example_dags/example_short_circuit_decorator.py
[2026-03-18T06:34:44.100+0000] {processor.py:925} INFO - DAG(s) 'example_short_circuit_decorator' retrieved from /home/komal/data-engineering-projects/airflow-spark-pipeline/airflow_venv/lib/python3.11/site-packages/airflow/example_dags/example_short_circuit_decorator.py
[2026-03-18T06:34:44.110+0000] {logging_mixin.py:190} INFO - [2026-03-18T06:34:44.110+0000] {dag.py:3239} INFO - Sync 1 DAGs
[2026-03-18T06:34:44.118+0000] {logging_mixin.py:190} INFO - [2026-03-18T06:34:44.118+0000] {dag.py:4180} INFO - Setting next_dagrun for example_short_circuit_decorator to None, run_after=None
[2026-03-18T06:34:44.138+0000] {processor.py:208} INFO - Processing /home/komal/data-engineering-projects/airflow-spark-pipeline/airflow_venv/lib/python3.11/site-packages/airflow/example_dags/example_short_circuit_decorator.py took 0.053 seconds
[2026-03-18T06:35:47.934+0000] {processor.py:186} INFO - Started process (PID=28170) to work on /home/komal/data-engineering-projects/airflow-spark-pipeline/airflow_venv/lib/python3.11/site-packages/airflow/example_dags/example_short_circuit_decorator.py
[2026-03-18T06:35:47.965+0000] {processor.py:914} INFO - Processing file /home/komal/data-engineering-projects/airflow-spark-pipeline/airflow_venv/lib/python3.11/site-packages/airflow/example_dags/example_short_circuit_decorator.py for tasks to queue
[2026-03-18T06:35:47.967+0000] {logging_mixin.py:190} INFO - [2026-03-18T06:35:47.967+0000] {dagbag.py:588} INFO - Filling up the DagBag from /home/komal/data-engineering-projects/airflow-spark-pipeline/airflow_venv/lib/python3.11/site-packages/airflow/example_dags/example_short_circuit_decorator.py
[2026-03-18T06:35:47.978+0000] {processor.py:925} INFO - DAG(s) 'example_short_circuit_decorator' retrieved from /home/komal/data-engineering-projects/airflow-spark-pipeline/airflow_venv/lib/python3.11/site-packages/airflow/example_dags/example_short_circuit_decorator.py
[2026-03-18T06:35:48.003+0000] {logging_mixin.py:190} INFO - [2026-03-18T06:35:48.003+0000] {dag.py:3239} INFO - Sync 1 DAGs
[2026-03-18T06:35:48.014+0000] {logging_mixin.py:190} INFO - [2026-03-18T06:35:48.014+0000] {dag.py:4180} INFO - Setting next_dagrun for example_short_circuit_decorator to None, run_after=None
[2026-03-18T06:35:48.043+0000] {processor.py:208} INFO - Processing /home/komal/data-engineering-projects/airflow-spark-pipeline/airflow_venv/lib/python3.11/site-packages/airflow/example_dags/example_short_circuit_decorator.py took 0.117 seconds
[2026-03-18T06:36:56.272+0000] {processor.py:186} INFO - Started process (PID=28238) to work on /home/komal/data-engineering-projects/airflow-spark-pipeline/airflow_venv/lib/python3.11/site-packages/airflow/example_dags/example_short_circuit_decorator.py
[2026-03-18T06:36:56.303+0000] {processor.py:914} INFO - Processing file /home/komal/data-engineering-projects/airflow-spark-pipeline/airflow_venv/lib/python3.11/site-packages/airflow/example_dags/example_short_circuit_decorator.py for tasks to queue
[2026-03-18T06:36:56.305+0000] {logging_mixin.py:190} INFO - [2026-03-18T06:36:56.305+0000] {dagbag.py:588} INFO - Filling up the DagBag from /home/komal/data-engineering-projects/airflow-spark-pipeline/airflow_venv/lib/python3.11/site-packages/airflow/example_dags/example_short_circuit_decorator.py
[2026-03-18T06:36:56.319+0000] {processor.py:925} INFO - DAG(s) 'example_short_circuit_decorator' retrieved from /home/komal/data-engineering-projects/airflow-spark-pipeline/airflow_venv/lib/python3.11/site-packages/airflow/example_dags/example_short_circuit_decorator.py
[2026-03-18T06:36:56.333+0000] {logging_mixin.py:190} INFO - [2026-03-18T06:36:56.332+0000] {dag.py:3239} INFO - Sync 1 DAGs
[2026-03-18T06:36:56.341+0000] {logging_mixin.py:190} INFO - [2026-03-18T06:36:56.341+0000] {dag.py:4180} INFO - Setting next_dagrun for example_short_circuit_decorator to None, run_after=None
[2026-03-18T06:36:56.362+0000] {processor.py:208} INFO - Processing /home/komal/data-engineering-projects/airflow-spark-pipeline/airflow_venv/lib/python3.11/site-packages/airflow/example_dags/example_short_circuit_decorator.py took 0.099 seconds
[2026-03-18T06:38:18.214+0000] {processor.py:186} INFO - Started process (PID=28330) to work on /home/komal/data-engineering-projects/airflow-spark-pipeline/airflow_venv/lib/python3.11/site-packages/airflow/example_dags/example_short_circuit_decorator.py
[2026-03-18T06:38:18.247+0000] {processor.py:914} INFO - Processing file /home/komal/data-engineering-projects/airflow-spark-pipeline/airflow_venv/lib/python3.11/site-packages/airflow/example_dags/example_short_circuit_decorator.py for tasks to queue
[2026-03-18T06:38:18.250+0000] {logging_mixin.py:190} INFO - [2026-03-18T06:38:18.249+0000] {dagbag.py:588} INFO - Filling up the DagBag from /home/komal/data-engineering-projects/airflow-spark-pipeline/airflow_venv/lib/python3.11/site-packages/airflow/example_dags/example_short_circuit_decorator.py
[2026-03-18T06:38:18.264+0000] {processor.py:925} INFO - DAG(s) 'example_short_circuit_decorator' retrieved from /home/komal/data-engineering-projects/airflow-spark-pipeline/airflow_venv/lib/python3.11/site-packages/airflow/example_dags/example_short_circuit_decorator.py
[2026-03-18T06:38:18.277+0000] {logging_mixin.py:190} INFO - [2026-03-18T06:38:18.277+0000] {dag.py:3239} INFO - Sync 1 DAGs
[2026-03-18T06:38:18.285+0000] {logging_mixin.py:190} INFO - [2026-03-18T06:38:18.285+0000] {dag.py:4180} INFO - Setting next_dagrun for example_short_circuit_decorator to None, run_after=None
[2026-03-18T06:38:18.307+0000] {processor.py:208} INFO - Processing /home/komal/data-engineering-projects/airflow-spark-pipeline/airflow_venv/lib/python3.11/site-packages/airflow/example_dags/example_short_circuit_decorator.py took 0.102 seconds
[2026-03-18T06:39:28.139+0000] {processor.py:186} INFO - Started process (PID=28474) to work on /home/komal/data-engineering-projects/airflow-spark-pipeline/airflow_venv/lib/python3.11/site-packages/airflow/example_dags/example_short_circuit_decorator.py
[2026-03-18T06:39:28.171+0000] {processor.py:914} INFO - Processing file /home/komal/data-engineering-projects/airflow-spark-pipeline/airflow_venv/lib/python3.11/site-packages/airflow/example_dags/example_short_circuit_decorator.py for tasks to queue
[2026-03-18T06:39:28.173+0000] {logging_mixin.py:190} INFO - [2026-03-18T06:39:28.172+0000] {dagbag.py:588} INFO - Filling up the DagBag from /home/komal/data-engineering-projects/airflow-spark-pipeline/airflow_venv/lib/python3.11/site-packages/airflow/example_dags/example_short_circuit_decorator.py
[2026-03-18T06:39:28.181+0000] {processor.py:925} INFO - DAG(s) 'example_short_circuit_decorator' retrieved from /home/komal/data-engineering-projects/airflow-spark-pipeline/airflow_venv/lib/python3.11/site-packages/airflow/example_dags/example_short_circuit_decorator.py
[2026-03-18T06:39:28.195+0000] {logging_mixin.py:190} INFO - [2026-03-18T06:39:28.194+0000] {dag.py:3239} INFO - Sync 1 DAGs
[2026-03-18T06:39:28.202+0000] {logging_mixin.py:190} INFO - [2026-03-18T06:39:28.202+0000] {dag.py:4180} INFO - Setting next_dagrun for example_short_circuit_decorator to None, run_after=None
[2026-03-18T06:39:28.223+0000] {processor.py:208} INFO - Processing /home/komal/data-engineering-projects/airflow-spark-pipeline/airflow_venv/lib/python3.11/site-packages/airflow/example_dags/example_short_circuit_decorator.py took 0.088 seconds
[2026-03-18T06:40:36.151+0000] {processor.py:186} INFO - Started process (PID=28543) to work on /home/komal/data-engineering-projects/airflow-spark-pipeline/airflow_venv/lib/python3.11/site-packages/airflow/example_dags/example_short_circuit_decorator.py
[2026-03-18T06:40:36.184+0000] {processor.py:914} INFO - Processing file /home/komal/data-engineering-projects/airflow-spark-pipeline/airflow_venv/lib/python3.11/site-packages/airflow/example_dags/example_short_circuit_decorator.py for tasks to queue
[2026-03-18T06:40:36.186+0000] {logging_mixin.py:190} INFO - [2026-03-18T06:40:36.185+0000] {dagbag.py:588} INFO - Filling up the DagBag from /home/komal/data-engineering-projects/airflow-spark-pipeline/airflow_venv/lib/python3.11/site-packages/airflow/example_dags/example_short_circuit_decorator.py
[2026-03-18T06:40:36.193+0000] {processor.py:925} INFO - DAG(s) 'example_short_circuit_decorator' retrieved from /home/komal/data-engineering-projects/airflow-spark-pipeline/airflow_venv/lib/python3.11/site-packages/airflow/example_dags/example_short_circuit_decorator.py
[2026-03-18T06:40:36.204+0000] {logging_mixin.py:190} INFO - [2026-03-18T06:40:36.204+0000] {dag.py:3239} INFO - Sync 1 DAGs
[2026-03-18T06:40:36.212+0000] {logging_mixin.py:190} INFO - [2026-03-18T06:40:36.212+0000] {dag.py:4180} INFO - Setting next_dagrun for example_short_circuit_decorator to None, run_after=None
[2026-03-18T06:40:36.253+0000] {processor.py:208} INFO - Processing /home/komal/data-engineering-projects/airflow-spark-pipeline/airflow_venv/lib/python3.11/site-packages/airflow/example_dags/example_short_circuit_decorator.py took 0.105 seconds
[2026-03-18T06:41:45.203+0000] {processor.py:186} INFO - Started process (PID=28688) to work on /home/komal/data-engineering-projects/airflow-spark-pipeline/airflow_venv/lib/python3.11/site-packages/airflow/example_dags/example_short_circuit_decorator.py
[2026-03-18T06:41:45.236+0000] {processor.py:914} INFO - Processing file /home/komal/data-engineering-projects/airflow-spark-pipeline/airflow_venv/lib/python3.11/site-packages/airflow/example_dags/example_short_circuit_decorator.py for tasks to queue
[2026-03-18T06:41:45.241+0000] {logging_mixin.py:190} INFO - [2026-03-18T06:41:45.240+0000] {dagbag.py:588} INFO - Filling up the DagBag from /home/komal/data-engineering-projects/airflow-spark-pipeline/airflow_venv/lib/python3.11/site-packages/airflow/example_dags/example_short_circuit_decorator.py
[2026-03-18T06:41:45.252+0000] {processor.py:925} INFO - DAG(s) 'example_short_circuit_decorator' retrieved from /home/komal/data-engineering-projects/airflow-spark-pipeline/airflow_venv/lib/python3.11/site-packages/airflow/example_dags/example_short_circuit_decorator.py
[2026-03-18T06:41:45.264+0000] {logging_mixin.py:190} INFO - [2026-03-18T06:41:45.264+0000] {dag.py:3239} INFO - Sync 1 DAGs
[2026-03-18T06:41:45.278+0000] {logging_mixin.py:190} INFO - [2026-03-18T06:41:45.277+0000] {dag.py:4180} INFO - Setting next_dagrun for example_short_circuit_decorator to None, run_after=None
[2026-03-18T06:41:45.306+0000] {processor.py:208} INFO - Processing /home/komal/data-engineering-projects/airflow-spark-pipeline/airflow_venv/lib/python3.11/site-packages/airflow/example_dags/example_short_circuit_decorator.py took 0.113 seconds
[2026-03-18T06:43:01.033+0000] {processor.py:186} INFO - Started process (PID=28770) to work on /home/komal/data-engineering-projects/airflow-spark-pipeline/airflow_venv/lib/python3.11/site-packages/airflow/example_dags/example_short_circuit_decorator.py
[2026-03-18T06:43:01.048+0000] {processor.py:914} INFO - Processing file /home/komal/data-engineering-projects/airflow-spark-pipeline/airflow_venv/lib/python3.11/site-packages/airflow/example_dags/example_short_circuit_decorator.py for tasks to queue
[2026-03-18T06:43:01.053+0000] {logging_mixin.py:190} INFO - [2026-03-18T06:43:01.052+0000] {dagbag.py:588} INFO - Filling up the DagBag from /home/komal/data-engineering-projects/airflow-spark-pipeline/airflow_venv/lib/python3.11/site-packages/airflow/example_dags/example_short_circuit_decorator.py
[2026-03-18T06:43:01.064+0000] {processor.py:925} INFO - DAG(s) 'example_short_circuit_decorator' retrieved from /home/komal/data-engineering-projects/airflow-spark-pipeline/airflow_venv/lib/python3.11/site-packages/airflow/example_dags/example_short_circuit_decorator.py
[2026-03-18T06:43:01.203+0000] {logging_mixin.py:190} INFO - [2026-03-18T06:43:01.202+0000] {dag.py:3239} INFO - Sync 1 DAGs
[2026-03-18T06:43:01.218+0000] {logging_mixin.py:190} INFO - [2026-03-18T06:43:01.218+0000] {dag.py:4180} INFO - Setting next_dagrun for example_short_circuit_decorator to None, run_after=None
[2026-03-18T06:43:01.263+0000] {processor.py:208} INFO - Processing /home/komal/data-engineering-projects/airflow-spark-pipeline/airflow_venv/lib/python3.11/site-packages/airflow/example_dags/example_short_circuit_decorator.py took 0.240 seconds
[2026-03-18T06:44:25.584+0000] {processor.py:186} INFO - Started process (PID=28919) to work on /home/komal/data-engineering-projects/airflow-spark-pipeline/airflow_venv/lib/python3.11/site-packages/airflow/example_dags/example_short_circuit_decorator.py
[2026-03-18T06:44:25.616+0000] {processor.py:914} INFO - Processing file /home/komal/data-engineering-projects/airflow-spark-pipeline/airflow_venv/lib/python3.11/site-packages/airflow/example_dags/example_short_circuit_decorator.py for tasks to queue
[2026-03-18T06:44:25.620+0000] {logging_mixin.py:190} INFO - [2026-03-18T06:44:25.620+0000] {dagbag.py:588} INFO - Filling up the DagBag from /home/komal/data-engineering-projects/airflow-spark-pipeline/airflow_venv/lib/python3.11/site-packages/airflow/example_dags/example_short_circuit_decorator.py
[2026-03-18T06:44:25.639+0000] {processor.py:925} INFO - DAG(s) 'example_short_circuit_decorator' retrieved from /home/komal/data-engineering-projects/airflow-spark-pipeline/airflow_venv/lib/python3.11/site-packages/airflow/example_dags/example_short_circuit_decorator.py
[2026-03-18T06:44:25.666+0000] {logging_mixin.py:190} INFO - [2026-03-18T06:44:25.665+0000] {dag.py:3239} INFO - Sync 1 DAGs
[2026-03-18T06:44:25.676+0000] {logging_mixin.py:190} INFO - [2026-03-18T06:44:25.676+0000] {dag.py:4180} INFO - Setting next_dagrun for example_short_circuit_decorator to None, run_after=None
[2026-03-18T06:44:25.702+0000] {processor.py:208} INFO - Processing /home/komal/data-engineering-projects/airflow-spark-pipeline/airflow_venv/lib/python3.11/site-packages/airflow/example_dags/example_short_circuit_decorator.py took 0.125 seconds
[2026-03-18T06:45:42.185+0000] {processor.py:186} INFO - Started process (PID=29073) to work on /home/komal/data-engineering-projects/airflow-spark-pipeline/airflow_venv/lib/python3.11/site-packages/airflow/example_dags/example_short_circuit_decorator.py
[2026-03-18T06:45:42.197+0000] {processor.py:914} INFO - Processing file /home/komal/data-engineering-projects/airflow-spark-pipeline/airflow_venv/lib/python3.11/site-packages/airflow/example_dags/example_short_circuit_decorator.py for tasks to queue
[2026-03-18T06:45:42.200+0000] {logging_mixin.py:190} INFO - [2026-03-18T06:45:42.200+0000] {dagbag.py:588} INFO - Filling up the DagBag from /home/komal/data-engineering-projects/airflow-spark-pipeline/airflow_venv/lib/python3.11/site-packages/airflow/example_dags/example_short_circuit_decorator.py
[2026-03-18T06:45:42.216+0000] {processor.py:925} INFO - DAG(s) 'example_short_circuit_decorator' retrieved from /home/komal/data-engineering-projects/airflow-spark-pipeline/airflow_venv/lib/python3.11/site-packages/airflow/example_dags/example_short_circuit_decorator.py
[2026-03-18T06:45:42.236+0000] {logging_mixin.py:190} INFO - [2026-03-18T06:45:42.236+0000] {dag.py:3239} INFO - Sync 1 DAGs
[2026-03-18T06:45:42.258+0000] {logging_mixin.py:190} INFO - [2026-03-18T06:45:42.257+0000] {dag.py:4180} INFO - Setting next_dagrun for example_short_circuit_decorator to None, run_after=None
[2026-03-18T06:45:42.283+0000] {processor.py:208} INFO - Processing /home/komal/data-engineering-projects/airflow-spark-pipeline/airflow_venv/lib/python3.11/site-packages/airflow/example_dags/example_short_circuit_decorator.py took 0.107 seconds
[2026-03-18T06:46:48.694+0000] {processor.py:186} INFO - Started process (PID=29434) to work on /home/komal/data-engineering-projects/airflow-spark-pipeline/airflow_venv/lib/python3.11/site-packages/airflow/example_dags/example_short_circuit_decorator.py
[2026-03-18T06:46:48.697+0000] {processor.py:914} INFO - Processing file /home/komal/data-engineering-projects/airflow-spark-pipeline/airflow_venv/lib/python3.11/site-packages/airflow/example_dags/example_short_circuit_decorator.py for tasks to queue
[2026-03-18T06:46:48.699+0000] {logging_mixin.py:190} INFO - [2026-03-18T06:46:48.698+0000] {dagbag.py:588} INFO - Filling up the DagBag from /home/komal/data-engineering-projects/airflow-spark-pipeline/airflow_venv/lib/python3.11/site-packages/airflow/example_dags/example_short_circuit_decorator.py
[2026-03-18T06:46:48.710+0000] {processor.py:925} INFO - DAG(s) 'example_short_circuit_decorator' retrieved from /home/komal/data-engineering-projects/airflow-spark-pipeline/airflow_venv/lib/python3.11/site-packages/airflow/example_dags/example_short_circuit_decorator.py
[2026-03-18T06:46:48.724+0000] {logging_mixin.py:190} INFO - [2026-03-18T06:46:48.724+0000] {dag.py:3239} INFO - Sync 1 DAGs
[2026-03-18T06:46:48.736+0000] {logging_mixin.py:190} INFO - [2026-03-18T06:46:48.736+0000] {dag.py:4180} INFO - Setting next_dagrun for example_short_circuit_decorator to None, run_after=None
[2026-03-18T06:46:48.760+0000] {processor.py:208} INFO - Processing /home/komal/data-engineering-projects/airflow-spark-pipeline/airflow_venv/lib/python3.11/site-packages/airflow/example_dags/example_short_circuit_decorator.py took 0.074 seconds
[2026-03-18T06:47:59.685+0000] {processor.py:186} INFO - Started process (PID=29506) to work on /home/komal/data-engineering-projects/airflow-spark-pipeline/airflow_venv/lib/python3.11/site-packages/airflow/example_dags/example_short_circuit_decorator.py
[2026-03-18T06:47:59.716+0000] {processor.py:914} INFO - Processing file /home/komal/data-engineering-projects/airflow-spark-pipeline/airflow_venv/lib/python3.11/site-packages/airflow/example_dags/example_short_circuit_decorator.py for tasks to queue
[2026-03-18T06:47:59.721+0000] {logging_mixin.py:190} INFO - [2026-03-18T06:47:59.720+0000] {dagbag.py:588} INFO - Filling up the DagBag from /home/komal/data-engineering-projects/airflow-spark-pipeline/airflow_venv/lib/python3.11/site-packages/airflow/example_dags/example_short_circuit_decorator.py
[2026-03-18T06:47:59.734+0000] {processor.py:925} INFO - DAG(s) 'example_short_circuit_decorator' retrieved from /home/komal/data-engineering-projects/airflow-spark-pipeline/airflow_venv/lib/python3.11/site-packages/airflow/example_dags/example_short_circuit_decorator.py
[2026-03-18T06:47:59.752+0000] {logging_mixin.py:190} INFO - [2026-03-18T06:47:59.752+0000] {dag.py:3239} INFO - Sync 1 DAGs
[2026-03-18T06:47:59.764+0000] {logging_mixin.py:190} INFO - [2026-03-18T06:47:59.764+0000] {dag.py:4180} INFO - Setting next_dagrun for example_short_circuit_decorator to None, run_after=None
[2026-03-18T06:47:59.787+0000] {processor.py:208} INFO - Processing /home/komal/data-engineering-projects/airflow-spark-pipeline/airflow_venv/lib/python3.11/site-packages/airflow/example_dags/example_short_circuit_decorator.py took 0.111 seconds
[2026-03-18T06:49:23.174+0000] {processor.py:186} INFO - Started process (PID=29663) to work on /home/komal/data-engineering-projects/airflow-spark-pipeline/airflow_venv/lib/python3.11/site-packages/airflow/example_dags/example_short_circuit_decorator.py
[2026-03-18T06:49:23.205+0000] {processor.py:914} INFO - Processing file /home/komal/data-engineering-projects/airflow-spark-pipeline/airflow_venv/lib/python3.11/site-packages/airflow/example_dags/example_short_circuit_decorator.py for tasks to queue
[2026-03-18T06:49:23.207+0000] {logging_mixin.py:190} INFO - [2026-03-18T06:49:23.206+0000] {dagbag.py:588} INFO - Filling up the DagBag from /home/komal/data-engineering-projects/airflow-spark-pipeline/airflow_venv/lib/python3.11/site-packages/airflow/example_dags/example_short_circuit_decorator.py
[2026-03-18T06:49:23.214+0000] {processor.py:925} INFO - DAG(s) 'example_short_circuit_decorator' retrieved from /home/komal/data-engineering-projects/airflow-spark-pipeline/airflow_venv/lib/python3.11/site-packages/airflow/example_dags/example_short_circuit_decorator.py
[2026-03-18T06:49:23.242+0000] {logging_mixin.py:190} INFO - [2026-03-18T06:49:23.241+0000] {dag.py:3239} INFO - Sync 1 DAGs
[2026-03-18T06:49:23.257+0000] {logging_mixin.py:190} INFO - [2026-03-18T06:49:23.256+0000] {dag.py:4180} INFO - Setting next_dagrun for example_short_circuit_decorator to None, run_after=None
[2026-03-18T06:49:23.283+0000] {processor.py:208} INFO - Processing /home/komal/data-engineering-projects/airflow-spark-pipeline/airflow_venv/lib/python3.11/site-packages/airflow/example_dags/example_short_circuit_decorator.py took 0.117 seconds
[2026-03-18T06:50:39.213+0000] {processor.py:186} INFO - Started process (PID=29811) to work on /home/komal/data-engineering-projects/airflow-spark-pipeline/airflow_venv/lib/python3.11/site-packages/airflow/example_dags/example_short_circuit_decorator.py
[2026-03-18T06:50:39.246+0000] {processor.py:914} INFO - Processing file /home/komal/data-engineering-projects/airflow-spark-pipeline/airflow_venv/lib/python3.11/site-packages/airflow/example_dags/example_short_circuit_decorator.py for tasks to queue
[2026-03-18T06:50:39.249+0000] {logging_mixin.py:190} INFO - [2026-03-18T06:50:39.249+0000] {dagbag.py:588} INFO - Filling up the DagBag from /home/komal/data-engineering-projects/airflow-spark-pipeline/airflow_venv/lib/python3.11/site-packages/airflow/example_dags/example_short_circuit_decorator.py
[2026-03-18T06:50:39.266+0000] {processor.py:925} INFO - DAG(s) 'example_short_circuit_decorator' retrieved from /home/komal/data-engineering-projects/airflow-spark-pipeline/airflow_venv/lib/python3.11/site-packages/airflow/example_dags/example_short_circuit_decorator.py
[2026-03-18T06:50:39.384+0000] {logging_mixin.py:190} INFO - [2026-03-18T06:50:39.384+0000] {dag.py:3239} INFO - Sync 1 DAGs
[2026-03-18T06:50:39.393+0000] {logging_mixin.py:190} INFO - [2026-03-18T06:50:39.393+0000] {dag.py:4180} INFO - Setting next_dagrun for example_short_circuit_decorator to None, run_after=None
[2026-03-18T06:50:39.452+0000] {processor.py:208} INFO - Processing /home/komal/data-engineering-projects/airflow-spark-pipeline/airflow_venv/lib/python3.11/site-packages/airflow/example_dags/example_short_circuit_decorator.py took 0.246 seconds
[2026-03-18T06:51:51.034+0000] {processor.py:186} INFO - Started process (PID=29956) to work on /home/komal/data-engineering-projects/airflow-spark-pipeline/airflow_venv/lib/python3.11/site-packages/airflow/example_dags/example_short_circuit_decorator.py
[2026-03-18T06:51:51.066+0000] {processor.py:914} INFO - Processing file /home/komal/data-engineering-projects/airflow-spark-pipeline/airflow_venv/lib/python3.11/site-packages/airflow/example_dags/example_short_circuit_decorator.py for tasks to queue
[2026-03-18T06:51:51.070+0000] {logging_mixin.py:190} INFO - [2026-03-18T06:51:51.069+0000] {dagbag.py:588} INFO - Filling up the DagBag from /home/komal/data-engineering-projects/airflow-spark-pipeline/airflow_venv/lib/python3.11/site-packages/airflow/example_dags/example_short_circuit_decorator.py
[2026-03-18T06:51:51.086+0000] {processor.py:925} INFO - DAG(s) 'example_short_circuit_decorator' retrieved from /home/komal/data-engineering-projects/airflow-spark-pipeline/airflow_venv/lib/python3.11/site-packages/airflow/example_dags/example_short_circuit_decorator.py
[2026-03-18T06:51:51.106+0000] {logging_mixin.py:190} INFO - [2026-03-18T06:51:51.106+0000] {dag.py:3239} INFO - Sync 1 DAGs
[2026-03-18T06:51:51.115+0000] {logging_mixin.py:190} INFO - [2026-03-18T06:51:51.115+0000] {dag.py:4180} INFO - Setting next_dagrun for example_short_circuit_decorator to None, run_after=None
[2026-03-18T06:51:51.140+0000] {processor.py:208} INFO - Processing /home/komal/data-engineering-projects/airflow-spark-pipeline/airflow_venv/lib/python3.11/site-packages/airflow/example_dags/example_short_circuit_decorator.py took 0.111 seconds
[2026-03-18T06:52:55.190+0000] {processor.py:186} INFO - Started process (PID=30020) to work on /home/komal/data-engineering-projects/airflow-spark-pipeline/airflow_venv/lib/python3.11/site-packages/airflow/example_dags/example_short_circuit_decorator.py
[2026-03-18T06:52:55.193+0000] {processor.py:914} INFO - Processing file /home/komal/data-engineering-projects/airflow-spark-pipeline/airflow_venv/lib/python3.11/site-packages/airflow/example_dags/example_short_circuit_decorator.py for tasks to queue
[2026-03-18T06:52:55.195+0000] {logging_mixin.py:190} INFO - [2026-03-18T06:52:55.195+0000] {dagbag.py:588} INFO - Filling up the DagBag from /home/komal/data-engineering-projects/airflow-spark-pipeline/airflow_venv/lib/python3.11/site-packages/airflow/example_dags/example_short_circuit_decorator.py
[2026-03-18T06:52:55.205+0000] {processor.py:925} INFO - DAG(s) 'example_short_circuit_decorator' retrieved from /home/komal/data-engineering-projects/airflow-spark-pipeline/airflow_venv/lib/python3.11/site-packages/airflow/example_dags/example_short_circuit_decorator.py
[2026-03-18T06:52:55.232+0000] {logging_mixin.py:190} INFO - [2026-03-18T06:52:55.232+0000] {dag.py:3239} INFO - Sync 1 DAGs
[2026-03-18T06:52:55.256+0000] {logging_mixin.py:190} INFO - [2026-03-18T06:52:55.256+0000] {dag.py:4180} INFO - Setting next_dagrun for example_short_circuit_decorator to None, run_after=None
[2026-03-18T06:52:55.282+0000] {processor.py:208} INFO - Processing /home/komal/data-engineering-projects/airflow-spark-pipeline/airflow_venv/lib/python3.11/site-packages/airflow/example_dags/example_short_circuit_decorator.py took 0.096 seconds
[2026-03-18T06:54:20.600+0000] {processor.py:186} INFO - Started process (PID=30167) to work on /home/komal/data-engineering-projects/airflow-spark-pipeline/airflow_venv/lib/python3.11/site-packages/airflow/example_dags/example_short_circuit_decorator.py
[2026-03-18T06:54:20.603+0000] {processor.py:914} INFO - Processing file /home/komal/data-engineering-projects/airflow-spark-pipeline/airflow_venv/lib/python3.11/site-packages/airflow/example_dags/example_short_circuit_decorator.py for tasks to queue
[2026-03-18T06:54:20.611+0000] {logging_mixin.py:190} INFO - [2026-03-18T06:54:20.611+0000] {dagbag.py:588} INFO - Filling up the DagBag from /home/komal/data-engineering-projects/airflow-spark-pipeline/airflow_venv/lib/python3.11/site-packages/airflow/example_dags/example_short_circuit_decorator.py
[2026-03-18T06:54:20.631+0000] {processor.py:925} INFO - DAG(s) 'example_short_circuit_decorator' retrieved from /home/komal/data-engineering-projects/airflow-spark-pipeline/airflow_venv/lib/python3.11/site-packages/airflow/example_dags/example_short_circuit_decorator.py
[2026-03-18T06:54:20.656+0000] {logging_mixin.py:190} INFO - [2026-03-18T06:54:20.656+0000] {dag.py:3239} INFO - Sync 1 DAGs
[2026-03-18T06:54:20.669+0000] {logging_mixin.py:190} INFO - [2026-03-18T06:54:20.669+0000] {dag.py:4180} INFO - Setting next_dagrun for example_short_circuit_decorator to None, run_after=None
[2026-03-18T06:54:20.692+0000] {processor.py:208} INFO - Processing /home/komal/data-engineering-projects/airflow-spark-pipeline/airflow_venv/lib/python3.11/site-packages/airflow/example_dags/example_short_circuit_decorator.py took 0.096 seconds
[2026-03-18T06:55:29.562+0000] {processor.py:186} INFO - Started process (PID=30237) to work on /home/komal/data-engineering-projects/airflow-spark-pipeline/airflow_venv/lib/python3.11/site-packages/airflow/example_dags/example_short_circuit_decorator.py
[2026-03-18T06:55:29.594+0000] {processor.py:914} INFO - Processing file /home/komal/data-engineering-projects/airflow-spark-pipeline/airflow_venv/lib/python3.11/site-packages/airflow/example_dags/example_short_circuit_decorator.py for tasks to queue
[2026-03-18T06:55:29.598+0000] {logging_mixin.py:190} INFO - [2026-03-18T06:55:29.597+0000] {dagbag.py:588} INFO - Filling up the DagBag from /home/komal/data-engineering-projects/airflow-spark-pipeline/airflow_venv/lib/python3.11/site-packages/airflow/example_dags/example_short_circuit_decorator.py
[2026-03-18T06:55:29.612+0000] {processor.py:925} INFO - DAG(s) 'example_short_circuit_decorator' retrieved from /home/komal/data-engineering-projects/airflow-spark-pipeline/airflow_venv/lib/python3.11/site-packages/airflow/example_dags/example_short_circuit_decorator.py
[2026-03-18T06:55:29.624+0000] {logging_mixin.py:190} INFO - [2026-03-18T06:55:29.623+0000] {dag.py:3239} INFO - Sync 1 DAGs
[2026-03-18T06:55:29.631+0000] {logging_mixin.py:190} INFO - [2026-03-18T06:55:29.631+0000] {dag.py:4180} INFO - Setting next_dagrun for example_short_circuit_decorator to None, run_after=None
[2026-03-18T06:55:29.656+0000] {processor.py:208} INFO - Processing /home/komal/data-engineering-projects/airflow-spark-pipeline/airflow_venv/lib/python3.11/site-packages/airflow/example_dags/example_short_circuit_decorator.py took 0.102 seconds
[2026-03-18T06:56:24.227+0000] {processor.py:186} INFO - Started process (PID=30375) to work on /home/komal/data-engineering-projects/airflow-spark-pipeline/airflow_venv/lib/python3.11/site-packages/airflow/example_dags/example_short_circuit_decorator.py
[2026-03-18T06:56:24.240+0000] {processor.py:914} INFO - Processing file /home/komal/data-engineering-projects/airflow-spark-pipeline/airflow_venv/lib/python3.11/site-packages/airflow/example_dags/example_short_circuit_decorator.py for tasks to queue
[2026-03-18T06:56:24.243+0000] {logging_mixin.py:190} INFO - [2026-03-18T06:56:24.242+0000] {dagbag.py:588} INFO - Filling up the DagBag from /home/komal/data-engineering-projects/airflow-spark-pipeline/airflow_venv/lib/python3.11/site-packages/airflow/example_dags/example_short_circuit_decorator.py
[2026-03-18T06:56:24.254+0000] {processor.py:925} INFO - DAG(s) 'example_short_circuit_decorator' retrieved from /home/komal/data-engineering-projects/airflow-spark-pipeline/airflow_venv/lib/python3.11/site-packages/airflow/example_dags/example_short_circuit_decorator.py
[2026-03-18T06:56:24.278+0000] {logging_mixin.py:190} INFO - [2026-03-18T06:56:24.277+0000] {dag.py:3239} INFO - Sync 1 DAGs
[2026-03-18T06:56:24.298+0000] {logging_mixin.py:190} INFO - [2026-03-18T06:56:24.298+0000] {dag.py:4180} INFO - Setting next_dagrun for example_short_circuit_decorator to None, run_after=None
[2026-03-18T06:56:24.338+0000] {processor.py:208} INFO - Processing /home/komal/data-engineering-projects/airflow-spark-pipeline/airflow_venv/lib/python3.11/site-packages/airflow/example_dags/example_short_circuit_decorator.py took 0.116 seconds
[2026-03-18T06:57:36.579+0000] {processor.py:186} INFO - Started process (PID=30516) to work on /home/komal/data-engineering-projects/airflow-spark-pipeline/airflow_venv/lib/python3.11/site-packages/airflow/example_dags/example_short_circuit_decorator.py
[2026-03-18T06:57:36.613+0000] {processor.py:914} INFO - Processing file /home/komal/data-engineering-projects/airflow-spark-pipeline/airflow_venv/lib/python3.11/site-packages/airflow/example_dags/example_short_circuit_decorator.py for tasks to queue
[2026-03-18T06:57:36.634+0000] {logging_mixin.py:190} INFO - [2026-03-18T06:57:36.632+0000] {dagbag.py:588} INFO - Filling up the DagBag from /home/komal/data-engineering-projects/airflow-spark-pipeline/airflow_venv/lib/python3.11/site-packages/airflow/example_dags/example_short_circuit_decorator.py
[2026-03-18T06:57:36.653+0000] {processor.py:925} INFO - DAG(s) 'example_short_circuit_decorator' retrieved from /home/komal/data-engineering-projects/airflow-spark-pipeline/airflow_venv/lib/python3.11/site-packages/airflow/example_dags/example_short_circuit_decorator.py
[2026-03-18T06:57:36.684+0000] {logging_mixin.py:190} INFO - [2026-03-18T06:57:36.683+0000] {dag.py:3239} INFO - Sync 1 DAGs
[2026-03-18T06:57:36.699+0000] {logging_mixin.py:190} INFO - [2026-03-18T06:57:36.699+0000] {dag.py:4180} INFO - Setting next_dagrun for example_short_circuit_decorator to None, run_after=None
[2026-03-18T06:57:36.725+0000] {processor.py:208} INFO - Processing /home/komal/data-engineering-projects/airflow-spark-pipeline/airflow_venv/lib/python3.11/site-packages/airflow/example_dags/example_short_circuit_decorator.py took 0.160 seconds
[2026-03-18T06:59:00.366+0000] {processor.py:186} INFO - Started process (PID=30666) to work on /home/komal/data-engineering-projects/airflow-spark-pipeline/airflow_venv/lib/python3.11/site-packages/airflow/example_dags/example_short_circuit_decorator.py
[2026-03-18T06:59:00.395+0000] {processor.py:914} INFO - Processing file /home/komal/data-engineering-projects/airflow-spark-pipeline/airflow_venv/lib/python3.11/site-packages/airflow/example_dags/example_short_circuit_decorator.py for tasks to queue
[2026-03-18T06:59:00.399+0000] {logging_mixin.py:190} INFO - [2026-03-18T06:59:00.398+0000] {dagbag.py:588} INFO - Filling up the DagBag from /home/komal/data-engineering-projects/airflow-spark-pipeline/airflow_venv/lib/python3.11/site-packages/airflow/example_dags/example_short_circuit_decorator.py
[2026-03-18T06:59:00.415+0000] {processor.py:925} INFO - DAG(s) 'example_short_circuit_decorator' retrieved from /home/komal/data-engineering-projects/airflow-spark-pipeline/airflow_venv/lib/python3.11/site-packages/airflow/example_dags/example_short_circuit_decorator.py
[2026-03-18T06:59:00.432+0000] {logging_mixin.py:190} INFO - [2026-03-18T06:59:00.432+0000] {dag.py:3239} INFO - Sync 1 DAGs
[2026-03-18T06:59:00.445+0000] {logging_mixin.py:190} INFO - [2026-03-18T06:59:00.445+0000] {dag.py:4180} INFO - Setting next_dagrun for example_short_circuit_decorator to None, run_after=None
[2026-03-18T06:59:00.468+0000] {processor.py:208} INFO - Processing /home/komal/data-engineering-projects/airflow-spark-pipeline/airflow_venv/lib/python3.11/site-packages/airflow/example_dags/example_short_circuit_decorator.py took 0.106 seconds
[2026-03-18T07:00:09.389+0000] {processor.py:186} INFO - Started process (PID=30735) to work on /home/komal/data-engineering-projects/airflow-spark-pipeline/airflow_venv/lib/python3.11/site-packages/airflow/example_dags/example_short_circuit_decorator.py
[2026-03-18T07:00:09.421+0000] {processor.py:914} INFO - Processing file /home/komal/data-engineering-projects/airflow-spark-pipeline/airflow_venv/lib/python3.11/site-packages/airflow/example_dags/example_short_circuit_decorator.py for tasks to queue
[2026-03-18T07:00:09.424+0000] {logging_mixin.py:190} INFO - [2026-03-18T07:00:09.423+0000] {dagbag.py:588} INFO - Filling up the DagBag from /home/komal/data-engineering-projects/airflow-spark-pipeline/airflow_venv/lib/python3.11/site-packages/airflow/example_dags/example_short_circuit_decorator.py
[2026-03-18T07:00:09.432+0000] {processor.py:925} INFO - DAG(s) 'example_short_circuit_decorator' retrieved from /home/komal/data-engineering-projects/airflow-spark-pipeline/airflow_venv/lib/python3.11/site-packages/airflow/example_dags/example_short_circuit_decorator.py
[2026-03-18T07:00:09.452+0000] {logging_mixin.py:190} INFO - [2026-03-18T07:00:09.452+0000] {dag.py:3239} INFO - Sync 1 DAGs
[2026-03-18T07:00:09.476+0000] {logging_mixin.py:190} INFO - [2026-03-18T07:00:09.476+0000] {dag.py:4180} INFO - Setting next_dagrun for example_short_circuit_decorator to None, run_after=None
[2026-03-18T07:00:09.512+0000] {processor.py:208} INFO - Processing /home/komal/data-engineering-projects/airflow-spark-pipeline/airflow_venv/lib/python3.11/site-packages/airflow/example_dags/example_short_circuit_decorator.py took 0.127 seconds
[2026-03-18T07:01:33.782+0000] {processor.py:186} INFO - Started process (PID=30888) to work on /home/komal/data-engineering-projects/airflow-spark-pipeline/airflow_venv/lib/python3.11/site-packages/airflow/example_dags/example_short_circuit_decorator.py
[2026-03-18T07:01:33.814+0000] {processor.py:914} INFO - Processing file /home/komal/data-engineering-projects/airflow-spark-pipeline/airflow_venv/lib/python3.11/site-packages/airflow/example_dags/example_short_circuit_decorator.py for tasks to queue
[2026-03-18T07:01:33.817+0000] {logging_mixin.py:190} INFO - [2026-03-18T07:01:33.817+0000] {dagbag.py:588} INFO - Filling up the DagBag from /home/komal/data-engineering-projects/airflow-spark-pipeline/airflow_venv/lib/python3.11/site-packages/airflow/example_dags/example_short_circuit_decorator.py
[2026-03-18T07:01:33.831+0000] {processor.py:925} INFO - DAG(s) 'example_short_circuit_decorator' retrieved from /home/komal/data-engineering-projects/airflow-spark-pipeline/airflow_venv/lib/python3.11/site-packages/airflow/example_dags/example_short_circuit_decorator.py
[2026-03-18T07:01:33.955+0000] {logging_mixin.py:190} INFO - [2026-03-18T07:01:33.955+0000] {dag.py:3239} INFO - Sync 1 DAGs
[2026-03-18T07:01:33.962+0000] {logging_mixin.py:190} INFO - [2026-03-18T07:01:33.962+0000] {dag.py:4180} INFO - Setting next_dagrun for example_short_circuit_decorator to None, run_after=None
[2026-03-18T07:01:34.025+0000] {processor.py:208} INFO - Processing /home/komal/data-engineering-projects/airflow-spark-pipeline/airflow_venv/lib/python3.11/site-packages/airflow/example_dags/example_short_circuit_decorator.py took 0.249 seconds
[2026-03-18T07:02:50.497+0000] {processor.py:186} INFO - Started process (PID=30961) to work on /home/komal/data-engineering-projects/airflow-spark-pipeline/airflow_venv/lib/python3.11/site-packages/airflow/example_dags/example_short_circuit_decorator.py
[2026-03-18T07:02:50.529+0000] {processor.py:914} INFO - Processing file /home/komal/data-engineering-projects/airflow-spark-pipeline/airflow_venv/lib/python3.11/site-packages/airflow/example_dags/example_short_circuit_decorator.py for tasks to queue
[2026-03-18T07:02:50.531+0000] {logging_mixin.py:190} INFO - [2026-03-18T07:02:50.530+0000] {dagbag.py:588} INFO - Filling up the DagBag from /home/komal/data-engineering-projects/airflow-spark-pipeline/airflow_venv/lib/python3.11/site-packages/airflow/example_dags/example_short_circuit_decorator.py
[2026-03-18T07:02:50.538+0000] {processor.py:925} INFO - DAG(s) 'example_short_circuit_decorator' retrieved from /home/komal/data-engineering-projects/airflow-spark-pipeline/airflow_venv/lib/python3.11/site-packages/airflow/example_dags/example_short_circuit_decorator.py
[2026-03-18T07:02:50.556+0000] {logging_mixin.py:190} INFO - [2026-03-18T07:02:50.555+0000] {dag.py:3239} INFO - Sync 1 DAGs
[2026-03-18T07:02:50.567+0000] {logging_mixin.py:190} INFO - [2026-03-18T07:02:50.567+0000] {dag.py:4180} INFO - Setting next_dagrun for example_short_circuit_decorator to None, run_after=None
[2026-03-18T07:02:50.596+0000] {processor.py:208} INFO - Processing /home/komal/data-engineering-projects/airflow-spark-pipeline/airflow_venv/lib/python3.11/site-packages/airflow/example_dags/example_short_circuit_decorator.py took 0.103 seconds
[2026-03-18T07:03:57.010+0000] {processor.py:186} INFO - Started process (PID=31083) to work on /home/komal/data-engineering-projects/airflow-spark-pipeline/airflow_venv/lib/python3.11/site-packages/airflow/example_dags/example_short_circuit_decorator.py
[2026-03-18T07:03:57.011+0000] {processor.py:914} INFO - Processing file /home/komal/data-engineering-projects/airflow-spark-pipeline/airflow_venv/lib/python3.11/site-packages/airflow/example_dags/example_short_circuit_decorator.py for tasks to queue
[2026-03-18T07:03:57.013+0000] {logging_mixin.py:190} INFO - [2026-03-18T07:03:57.013+0000] {dagbag.py:588} INFO - Filling up the DagBag from /home/komal/data-engineering-projects/airflow-spark-pipeline/airflow_venv/lib/python3.11/site-packages/airflow/example_dags/example_short_circuit_decorator.py
[2026-03-18T07:03:57.026+0000] {processor.py:925} INFO - DAG(s) 'example_short_circuit_decorator' retrieved from /home/komal/data-engineering-projects/airflow-spark-pipeline/airflow_venv/lib/python3.11/site-packages/airflow/example_dags/example_short_circuit_decorator.py
[2026-03-18T07:03:57.042+0000] {logging_mixin.py:190} INFO - [2026-03-18T07:03:57.042+0000] {dag.py:3239} INFO - Sync 1 DAGs
[2026-03-18T07:03:57.054+0000] {logging_mixin.py:190} INFO - [2026-03-18T07:03:57.054+0000] {dag.py:4180} INFO - Setting next_dagrun for example_short_circuit_decorator to None, run_after=None
[2026-03-18T07:03:57.070+0000] {processor.py:208} INFO - Processing /home/komal/data-engineering-projects/airflow-spark-pipeline/airflow_venv/lib/python3.11/site-packages/airflow/example_dags/example_short_circuit_decorator.py took 0.064 seconds
[2026-03-18T07:04:55.789+0000] {processor.py:186} INFO - Started process (PID=31144) to work on /home/komal/data-engineering-projects/airflow-spark-pipeline/airflow_venv/lib/python3.11/site-packages/airflow/example_dags/example_short_circuit_decorator.py
[2026-03-18T07:04:55.790+0000] {processor.py:914} INFO - Processing file /home/komal/data-engineering-projects/airflow-spark-pipeline/airflow_venv/lib/python3.11/site-packages/airflow/example_dags/example_short_circuit_decorator.py for tasks to queue
[2026-03-18T07:04:55.791+0000] {logging_mixin.py:190} INFO - [2026-03-18T07:04:55.791+0000] {dagbag.py:588} INFO - Filling up the DagBag from /home/komal/data-engineering-projects/airflow-spark-pipeline/airflow_venv/lib/python3.11/site-packages/airflow/example_dags/example_short_circuit_decorator.py
[2026-03-18T07:04:55.804+0000] {processor.py:925} INFO - DAG(s) 'example_short_circuit_decorator' retrieved from /home/komal/data-engineering-projects/airflow-spark-pipeline/airflow_venv/lib/python3.11/site-packages/airflow/example_dags/example_short_circuit_decorator.py
[2026-03-18T07:04:55.819+0000] {logging_mixin.py:190} INFO - [2026-03-18T07:04:55.819+0000] {dag.py:3239} INFO - Sync 1 DAGs
[2026-03-18T07:04:55.830+0000] {logging_mixin.py:190} INFO - [2026-03-18T07:04:55.830+0000] {dag.py:4180} INFO - Setting next_dagrun for example_short_circuit_decorator to None, run_after=None
[2026-03-18T07:04:55.848+0000] {processor.py:208} INFO - Processing /home/komal/data-engineering-projects/airflow-spark-pipeline/airflow_venv/lib/python3.11/site-packages/airflow/example_dags/example_short_circuit_decorator.py took 0.065 seconds
[2026-03-18T07:05:53.179+0000] {processor.py:186} INFO - Started process (PID=31206) to work on /home/komal/data-engineering-projects/airflow-spark-pipeline/airflow_venv/lib/python3.11/site-packages/airflow/example_dags/example_short_circuit_decorator.py
[2026-03-18T07:05:53.181+0000] {processor.py:914} INFO - Processing file /home/komal/data-engineering-projects/airflow-spark-pipeline/airflow_venv/lib/python3.11/site-packages/airflow/example_dags/example_short_circuit_decorator.py for tasks to queue
[2026-03-18T07:05:53.182+0000] {logging_mixin.py:190} INFO - [2026-03-18T07:05:53.182+0000] {dagbag.py:588} INFO - Filling up the DagBag from /home/komal/data-engineering-projects/airflow-spark-pipeline/airflow_venv/lib/python3.11/site-packages/airflow/example_dags/example_short_circuit_decorator.py
[2026-03-18T07:05:53.191+0000] {processor.py:925} INFO - DAG(s) 'example_short_circuit_decorator' retrieved from /home/komal/data-engineering-projects/airflow-spark-pipeline/airflow_venv/lib/python3.11/site-packages/airflow/example_dags/example_short_circuit_decorator.py
[2026-03-18T07:05:53.217+0000] {logging_mixin.py:190} INFO - [2026-03-18T07:05:53.216+0000] {dag.py:3239} INFO - Sync 1 DAGs
[2026-03-18T07:05:53.234+0000] {logging_mixin.py:190} INFO - [2026-03-18T07:05:53.234+0000] {dag.py:4180} INFO - Setting next_dagrun for example_short_circuit_decorator to None, run_after=None
[2026-03-18T07:05:53.251+0000] {processor.py:208} INFO - Processing /home/komal/data-engineering-projects/airflow-spark-pipeline/airflow_venv/lib/python3.11/site-packages/airflow/example_dags/example_short_circuit_decorator.py took 0.082 seconds
[2026-03-18T07:09:26.351+0000] {processor.py:186} INFO - Started process (PID=31247) to work on /home/komal/data-engineering-projects/airflow-spark-pipeline/airflow_venv/lib/python3.11/site-packages/airflow/example_dags/example_short_circuit_decorator.py
[2026-03-18T07:09:26.352+0000] {processor.py:914} INFO - Processing file /home/komal/data-engineering-projects/airflow-spark-pipeline/airflow_venv/lib/python3.11/site-packages/airflow/example_dags/example_short_circuit_decorator.py for tasks to queue
[2026-03-18T07:09:26.353+0000] {logging_mixin.py:190} INFO - [2026-03-18T07:09:26.353+0000] {dagbag.py:588} INFO - Filling up the DagBag from /home/komal/data-engineering-projects/airflow-spark-pipeline/airflow_venv/lib/python3.11/site-packages/airflow/example_dags/example_short_circuit_decorator.py
[2026-03-18T07:09:26.364+0000] {processor.py:925} INFO - DAG(s) 'example_short_circuit_decorator' retrieved from /home/komal/data-engineering-projects/airflow-spark-pipeline/airflow_venv/lib/python3.11/site-packages/airflow/example_dags/example_short_circuit_decorator.py
[2026-03-18T07:09:26.379+0000] {logging_mixin.py:190} INFO - [2026-03-18T07:09:26.378+0000] {dag.py:3239} INFO - Sync 1 DAGs
[2026-03-18T07:09:26.390+0000] {logging_mixin.py:190} INFO - [2026-03-18T07:09:26.390+0000] {dag.py:4180} INFO - Setting next_dagrun for example_short_circuit_decorator to None, run_after=None
[2026-03-18T07:09:26.413+0000] {processor.py:208} INFO - Processing /home/komal/data-engineering-projects/airflow-spark-pipeline/airflow_venv/lib/python3.11/site-packages/airflow/example_dags/example_short_circuit_decorator.py took 0.076 seconds
[2026-03-18T07:10:24.040+0000] {processor.py:186} INFO - Started process (PID=31307) to work on /home/komal/data-engineering-projects/airflow-spark-pipeline/airflow_venv/lib/python3.11/site-packages/airflow/example_dags/example_short_circuit_decorator.py
[2026-03-18T07:10:24.042+0000] {processor.py:914} INFO - Processing file /home/komal/data-engineering-projects/airflow-spark-pipeline/airflow_venv/lib/python3.11/site-packages/airflow/example_dags/example_short_circuit_decorator.py for tasks to queue
[2026-03-18T07:10:24.043+0000] {logging_mixin.py:190} INFO - [2026-03-18T07:10:24.042+0000] {dagbag.py:588} INFO - Filling up the DagBag from /home/komal/data-engineering-projects/airflow-spark-pipeline/airflow_venv/lib/python3.11/site-packages/airflow/example_dags/example_short_circuit_decorator.py
[2026-03-18T07:10:24.053+0000] {processor.py:925} INFO - DAG(s) 'example_short_circuit_decorator' retrieved from /home/komal/data-engineering-projects/airflow-spark-pipeline/airflow_venv/lib/python3.11/site-packages/airflow/example_dags/example_short_circuit_decorator.py
[2026-03-18T07:10:24.073+0000] {logging_mixin.py:190} INFO - [2026-03-18T07:10:24.073+0000] {dag.py:3239} INFO - Sync 1 DAGs
[2026-03-18T07:10:24.086+0000] {logging_mixin.py:190} INFO - [2026-03-18T07:10:24.086+0000] {dag.py:4180} INFO - Setting next_dagrun for example_short_circuit_decorator to None, run_after=None
[2026-03-18T07:10:24.109+0000] {processor.py:208} INFO - Processing /home/komal/data-engineering-projects/airflow-spark-pipeline/airflow_venv/lib/python3.11/site-packages/airflow/example_dags/example_short_circuit_decorator.py took 0.074 seconds
[2026-03-18T07:11:26.679+0000] {processor.py:186} INFO - Started process (PID=31372) to work on /home/komal/data-engineering-projects/airflow-spark-pipeline/airflow_venv/lib/python3.11/site-packages/airflow/example_dags/example_short_circuit_decorator.py
[2026-03-18T07:11:26.681+0000] {processor.py:914} INFO - Processing file /home/komal/data-engineering-projects/airflow-spark-pipeline/airflow_venv/lib/python3.11/site-packages/airflow/example_dags/example_short_circuit_decorator.py for tasks to queue
[2026-03-18T07:11:26.682+0000] {logging_mixin.py:190} INFO - [2026-03-18T07:11:26.682+0000] {dagbag.py:588} INFO - Filling up the DagBag from /home/komal/data-engineering-projects/airflow-spark-pipeline/airflow_venv/lib/python3.11/site-packages/airflow/example_dags/example_short_circuit_decorator.py
[2026-03-18T07:11:26.692+0000] {processor.py:925} INFO - DAG(s) 'example_short_circuit_decorator' retrieved from /home/komal/data-engineering-projects/airflow-spark-pipeline/airflow_venv/lib/python3.11/site-packages/airflow/example_dags/example_short_circuit_decorator.py
[2026-03-18T07:11:26.710+0000] {logging_mixin.py:190} INFO - [2026-03-18T07:11:26.710+0000] {dag.py:3239} INFO - Sync 1 DAGs
[2026-03-18T07:11:26.718+0000] {logging_mixin.py:190} INFO - [2026-03-18T07:11:26.718+0000] {dag.py:4180} INFO - Setting next_dagrun for example_short_circuit_decorator to None, run_after=None
[2026-03-18T07:11:26.738+0000] {processor.py:208} INFO - Processing /home/komal/data-engineering-projects/airflow-spark-pipeline/airflow_venv/lib/python3.11/site-packages/airflow/example_dags/example_short_circuit_decorator.py took 0.066 seconds
[2026-03-18T07:12:32.864+0000] {processor.py:186} INFO - Started process (PID=31438) to work on /home/komal/data-engineering-projects/airflow-spark-pipeline/airflow_venv/lib/python3.11/site-packages/airflow/example_dags/example_short_circuit_decorator.py
[2026-03-18T07:12:32.865+0000] {processor.py:914} INFO - Processing file /home/komal/data-engineering-projects/airflow-spark-pipeline/airflow_venv/lib/python3.11/site-packages/airflow/example_dags/example_short_circuit_decorator.py for tasks to queue
[2026-03-18T07:12:32.869+0000] {logging_mixin.py:190} INFO - [2026-03-18T07:12:32.868+0000] {dagbag.py:588} INFO - Filling up the DagBag from /home/komal/data-engineering-projects/airflow-spark-pipeline/airflow_venv/lib/python3.11/site-packages/airflow/example_dags/example_short_circuit_decorator.py
[2026-03-18T07:12:32.884+0000] {processor.py:925} INFO - DAG(s) 'example_short_circuit_decorator' retrieved from /home/komal/data-engineering-projects/airflow-spark-pipeline/airflow_venv/lib/python3.11/site-packages/airflow/example_dags/example_short_circuit_decorator.py
[2026-03-18T07:12:32.903+0000] {logging_mixin.py:190} INFO - [2026-03-18T07:12:32.902+0000] {dag.py:3239} INFO - Sync 1 DAGs
[2026-03-18T07:12:32.910+0000] {logging_mixin.py:190} INFO - [2026-03-18T07:12:32.910+0000] {dag.py:4180} INFO - Setting next_dagrun for example_short_circuit_decorator to None, run_after=None
[2026-03-18T07:12:32.973+0000] {processor.py:208} INFO - Processing /home/komal/data-engineering-projects/airflow-spark-pipeline/airflow_venv/lib/python3.11/site-packages/airflow/example_dags/example_short_circuit_decorator.py took 0.114 seconds
[2026-03-18T07:13:39.481+0000] {processor.py:186} INFO - Started process (PID=31505) to work on /home/komal/data-engineering-projects/airflow-spark-pipeline/airflow_venv/lib/python3.11/site-packages/airflow/example_dags/example_short_circuit_decorator.py
[2026-03-18T07:13:39.513+0000] {processor.py:914} INFO - Processing file /home/komal/data-engineering-projects/airflow-spark-pipeline/airflow_venv/lib/python3.11/site-packages/airflow/example_dags/example_short_circuit_decorator.py for tasks to queue
[2026-03-18T07:13:39.515+0000] {logging_mixin.py:190} INFO - [2026-03-18T07:13:39.514+0000] {dagbag.py:588} INFO - Filling up the DagBag from /home/komal/data-engineering-projects/airflow-spark-pipeline/airflow_venv/lib/python3.11/site-packages/airflow/example_dags/example_short_circuit_decorator.py
[2026-03-18T07:13:39.530+0000] {processor.py:925} INFO - DAG(s) 'example_short_circuit_decorator' retrieved from /home/komal/data-engineering-projects/airflow-spark-pipeline/airflow_venv/lib/python3.11/site-packages/airflow/example_dags/example_short_circuit_decorator.py
[2026-03-18T07:13:39.545+0000] {logging_mixin.py:190} INFO - [2026-03-18T07:13:39.545+0000] {dag.py:3239} INFO - Sync 1 DAGs
[2026-03-18T07:13:39.553+0000] {logging_mixin.py:190} INFO - [2026-03-18T07:13:39.553+0000] {dag.py:4180} INFO - Setting next_dagrun for example_short_circuit_decorator to None, run_after=None
[2026-03-18T07:13:39.582+0000] {processor.py:208} INFO - Processing /home/komal/data-engineering-projects/airflow-spark-pipeline/airflow_venv/lib/python3.11/site-packages/airflow/example_dags/example_short_circuit_decorator.py took 0.109 seconds
[2026-03-18T07:14:48.521+0000] {processor.py:186} INFO - Started process (PID=31570) to work on /home/komal/data-engineering-projects/airflow-spark-pipeline/airflow_venv/lib/python3.11/site-packages/airflow/example_dags/example_short_circuit_decorator.py
[2026-03-18T07:14:48.553+0000] {processor.py:914} INFO - Processing file /home/komal/data-engineering-projects/airflow-spark-pipeline/airflow_venv/lib/python3.11/site-packages/airflow/example_dags/example_short_circuit_decorator.py for tasks to queue
[2026-03-18T07:14:48.555+0000] {logging_mixin.py:190} INFO - [2026-03-18T07:14:48.554+0000] {dagbag.py:588} INFO - Filling up the DagBag from /home/komal/data-engineering-projects/airflow-spark-pipeline/airflow_venv/lib/python3.11/site-packages/airflow/example_dags/example_short_circuit_decorator.py
[2026-03-18T07:14:48.567+0000] {processor.py:925} INFO - DAG(s) 'example_short_circuit_decorator' retrieved from /home/komal/data-engineering-projects/airflow-spark-pipeline/airflow_venv/lib/python3.11/site-packages/airflow/example_dags/example_short_circuit_decorator.py
[2026-03-18T07:14:48.582+0000] {logging_mixin.py:190} INFO - [2026-03-18T07:14:48.581+0000] {dag.py:3239} INFO - Sync 1 DAGs
[2026-03-18T07:14:48.593+0000] {logging_mixin.py:190} INFO - [2026-03-18T07:14:48.593+0000] {dag.py:4180} INFO - Setting next_dagrun for example_short_circuit_decorator to None, run_after=None
[2026-03-18T07:14:48.616+0000] {processor.py:208} INFO - Processing /home/komal/data-engineering-projects/airflow-spark-pipeline/airflow_venv/lib/python3.11/site-packages/airflow/example_dags/example_short_circuit_decorator.py took 0.099 seconds
[2026-03-18T07:15:52.935+0000] {processor.py:186} INFO - Started process (PID=31635) to work on /home/komal/data-engineering-projects/airflow-spark-pipeline/airflow_venv/lib/python3.11/site-packages/airflow/example_dags/example_short_circuit_decorator.py
[2026-03-18T07:15:52.937+0000] {processor.py:914} INFO - Processing file /home/komal/data-engineering-projects/airflow-spark-pipeline/airflow_venv/lib/python3.11/site-packages/airflow/example_dags/example_short_circuit_decorator.py for tasks to queue
[2026-03-18T07:15:52.938+0000] {logging_mixin.py:190} INFO - [2026-03-18T07:15:52.937+0000] {dagbag.py:588} INFO - Filling up the DagBag from /home/komal/data-engineering-projects/airflow-spark-pipeline/airflow_venv/lib/python3.11/site-packages/airflow/example_dags/example_short_circuit_decorator.py
[2026-03-18T07:15:52.954+0000] {processor.py:925} INFO - DAG(s) 'example_short_circuit_decorator' retrieved from /home/komal/data-engineering-projects/airflow-spark-pipeline/airflow_venv/lib/python3.11/site-packages/airflow/example_dags/example_short_circuit_decorator.py
[2026-03-18T07:15:52.977+0000] {logging_mixin.py:190} INFO - [2026-03-18T07:15:52.977+0000] {dag.py:3239} INFO - Sync 1 DAGs
[2026-03-18T07:15:52.996+0000] {logging_mixin.py:190} INFO - [2026-03-18T07:15:52.996+0000] {dag.py:4180} INFO - Setting next_dagrun for example_short_circuit_decorator to None, run_after=None
[2026-03-18T07:15:53.029+0000] {processor.py:208} INFO - Processing /home/komal/data-engineering-projects/airflow-spark-pipeline/airflow_venv/lib/python3.11/site-packages/airflow/example_dags/example_short_circuit_decorator.py took 0.103 seconds
[2026-03-18T07:17:00.144+0000] {processor.py:186} INFO - Started process (PID=31702) to work on /home/komal/data-engineering-projects/airflow-spark-pipeline/airflow_venv/lib/python3.11/site-packages/airflow/example_dags/example_short_circuit_decorator.py
[2026-03-18T07:17:00.173+0000] {processor.py:914} INFO - Processing file /home/komal/data-engineering-projects/airflow-spark-pipeline/airflow_venv/lib/python3.11/site-packages/airflow/example_dags/example_short_circuit_decorator.py for tasks to queue
[2026-03-18T07:17:00.175+0000] {logging_mixin.py:190} INFO - [2026-03-18T07:17:00.174+0000] {dagbag.py:588} INFO - Filling up the DagBag from /home/komal/data-engineering-projects/airflow-spark-pipeline/airflow_venv/lib/python3.11/site-packages/airflow/example_dags/example_short_circuit_decorator.py
[2026-03-18T07:17:00.183+0000] {processor.py:925} INFO - DAG(s) 'example_short_circuit_decorator' retrieved from /home/komal/data-engineering-projects/airflow-spark-pipeline/airflow_venv/lib/python3.11/site-packages/airflow/example_dags/example_short_circuit_decorator.py
[2026-03-18T07:17:00.200+0000] {logging_mixin.py:190} INFO - [2026-03-18T07:17:00.199+0000] {dag.py:3239} INFO - Sync 1 DAGs
[2026-03-18T07:17:00.213+0000] {logging_mixin.py:190} INFO - [2026-03-18T07:17:00.213+0000] {dag.py:4180} INFO - Setting next_dagrun for example_short_circuit_decorator to None, run_after=None
[2026-03-18T07:17:00.232+0000] {processor.py:208} INFO - Processing /home/komal/data-engineering-projects/airflow-spark-pipeline/airflow_venv/lib/python3.11/site-packages/airflow/example_dags/example_short_circuit_decorator.py took 0.099 seconds
[2026-03-18T07:18:03.967+0000] {processor.py:186} INFO - Started process (PID=31960) to work on /home/komal/data-engineering-projects/airflow-spark-pipeline/airflow_venv/lib/python3.11/site-packages/airflow/example_dags/example_short_circuit_decorator.py
[2026-03-18T07:18:03.972+0000] {processor.py:914} INFO - Processing file /home/komal/data-engineering-projects/airflow-spark-pipeline/airflow_venv/lib/python3.11/site-packages/airflow/example_dags/example_short_circuit_decorator.py for tasks to queue
[2026-03-18T07:18:03.974+0000] {logging_mixin.py:190} INFO - [2026-03-18T07:18:03.974+0000] {dagbag.py:588} INFO - Filling up the DagBag from /home/komal/data-engineering-projects/airflow-spark-pipeline/airflow_venv/lib/python3.11/site-packages/airflow/example_dags/example_short_circuit_decorator.py
[2026-03-18T07:18:03.989+0000] {processor.py:925} INFO - DAG(s) 'example_short_circuit_decorator' retrieved from /home/komal/data-engineering-projects/airflow-spark-pipeline/airflow_venv/lib/python3.11/site-packages/airflow/example_dags/example_short_circuit_decorator.py
[2026-03-18T07:18:04.015+0000] {logging_mixin.py:190} INFO - [2026-03-18T07:18:04.015+0000] {dag.py:3239} INFO - Sync 1 DAGs
[2026-03-18T07:18:04.039+0000] {logging_mixin.py:190} INFO - [2026-03-18T07:18:04.039+0000] {dag.py:4180} INFO - Setting next_dagrun for example_short_circuit_decorator to None, run_after=None
[2026-03-18T07:18:04.073+0000] {processor.py:208} INFO - Processing /home/komal/data-engineering-projects/airflow-spark-pipeline/airflow_venv/lib/python3.11/site-packages/airflow/example_dags/example_short_circuit_decorator.py took 0.117 seconds
[2026-03-18T07:19:15.465+0000] {processor.py:186} INFO - Started process (PID=32027) to work on /home/komal/data-engineering-projects/airflow-spark-pipeline/airflow_venv/lib/python3.11/site-packages/airflow/example_dags/example_short_circuit_decorator.py
[2026-03-18T07:19:15.497+0000] {processor.py:914} INFO - Processing file /home/komal/data-engineering-projects/airflow-spark-pipeline/airflow_venv/lib/python3.11/site-packages/airflow/example_dags/example_short_circuit_decorator.py for tasks to queue
[2026-03-18T07:19:15.499+0000] {logging_mixin.py:190} INFO - [2026-03-18T07:19:15.498+0000] {dagbag.py:588} INFO - Filling up the DagBag from /home/komal/data-engineering-projects/airflow-spark-pipeline/airflow_venv/lib/python3.11/site-packages/airflow/example_dags/example_short_circuit_decorator.py
[2026-03-18T07:19:15.515+0000] {processor.py:925} INFO - DAG(s) 'example_short_circuit_decorator' retrieved from /home/komal/data-engineering-projects/airflow-spark-pipeline/airflow_venv/lib/python3.11/site-packages/airflow/example_dags/example_short_circuit_decorator.py
[2026-03-18T07:19:15.538+0000] {logging_mixin.py:190} INFO - [2026-03-18T07:19:15.538+0000] {dag.py:3239} INFO - Sync 1 DAGs
[2026-03-18T07:19:15.559+0000] {logging_mixin.py:190} INFO - [2026-03-18T07:19:15.559+0000] {dag.py:4180} INFO - Setting next_dagrun for example_short_circuit_decorator to None, run_after=None
[2026-03-18T07:19:15.603+0000] {processor.py:208} INFO - Processing /home/komal/data-engineering-projects/airflow-spark-pipeline/airflow_venv/lib/python3.11/site-packages/airflow/example_dags/example_short_circuit_decorator.py took 0.145 seconds
[2026-03-18T07:20:29.693+0000] {processor.py:186} INFO - Started process (PID=32097) to work on /home/komal/data-engineering-projects/airflow-spark-pipeline/airflow_venv/lib/python3.11/site-packages/airflow/example_dags/example_short_circuit_decorator.py
[2026-03-18T07:20:29.728+0000] {processor.py:914} INFO - Processing file /home/komal/data-engineering-projects/airflow-spark-pipeline/airflow_venv/lib/python3.11/site-packages/airflow/example_dags/example_short_circuit_decorator.py for tasks to queue
[2026-03-18T07:20:29.733+0000] {logging_mixin.py:190} INFO - [2026-03-18T07:20:29.732+0000] {dagbag.py:588} INFO - Filling up the DagBag from /home/komal/data-engineering-projects/airflow-spark-pipeline/airflow_venv/lib/python3.11/site-packages/airflow/example_dags/example_short_circuit_decorator.py
[2026-03-18T07:20:29.753+0000] {processor.py:925} INFO - DAG(s) 'example_short_circuit_decorator' retrieved from /home/komal/data-engineering-projects/airflow-spark-pipeline/airflow_venv/lib/python3.11/site-packages/airflow/example_dags/example_short_circuit_decorator.py
[2026-03-18T07:20:29.775+0000] {logging_mixin.py:190} INFO - [2026-03-18T07:20:29.774+0000] {dag.py:3239} INFO - Sync 1 DAGs
[2026-03-18T07:20:29.791+0000] {logging_mixin.py:190} INFO - [2026-03-18T07:20:29.791+0000] {dag.py:4180} INFO - Setting next_dagrun for example_short_circuit_decorator to None, run_after=None
[2026-03-18T07:20:29.824+0000] {processor.py:208} INFO - Processing /home/komal/data-engineering-projects/airflow-spark-pipeline/airflow_venv/lib/python3.11/site-packages/airflow/example_dags/example_short_circuit_decorator.py took 0.141 seconds
[2026-03-18T07:21:47.535+0000] {processor.py:186} INFO - Started process (PID=32168) to work on /home/komal/data-engineering-projects/airflow-spark-pipeline/airflow_venv/lib/python3.11/site-packages/airflow/example_dags/example_short_circuit_decorator.py
[2026-03-18T07:21:47.538+0000] {processor.py:914} INFO - Processing file /home/komal/data-engineering-projects/airflow-spark-pipeline/airflow_venv/lib/python3.11/site-packages/airflow/example_dags/example_short_circuit_decorator.py for tasks to queue
[2026-03-18T07:21:47.540+0000] {logging_mixin.py:190} INFO - [2026-03-18T07:21:47.539+0000] {dagbag.py:588} INFO - Filling up the DagBag from /home/komal/data-engineering-projects/airflow-spark-pipeline/airflow_venv/lib/python3.11/site-packages/airflow/example_dags/example_short_circuit_decorator.py
[2026-03-18T07:21:47.555+0000] {processor.py:925} INFO - DAG(s) 'example_short_circuit_decorator' retrieved from /home/komal/data-engineering-projects/airflow-spark-pipeline/airflow_venv/lib/python3.11/site-packages/airflow/example_dags/example_short_circuit_decorator.py
[2026-03-18T07:21:47.574+0000] {logging_mixin.py:190} INFO - [2026-03-18T07:21:47.574+0000] {dag.py:3239} INFO - Sync 1 DAGs
[2026-03-18T07:21:47.592+0000] {logging_mixin.py:190} INFO - [2026-03-18T07:21:47.591+0000] {dag.py:4180} INFO - Setting next_dagrun for example_short_circuit_decorator to None, run_after=None
[2026-03-18T07:21:47.630+0000] {processor.py:208} INFO - Processing /home/komal/data-engineering-projects/airflow-spark-pipeline/airflow_venv/lib/python3.11/site-packages/airflow/example_dags/example_short_circuit_decorator.py took 0.108 seconds
[2026-03-18T07:23:04.763+0000] {processor.py:186} INFO - Started process (PID=32470) to work on /home/komal/data-engineering-projects/airflow-spark-pipeline/airflow_venv/lib/python3.11/site-packages/airflow/example_dags/example_short_circuit_decorator.py
[2026-03-18T07:23:04.794+0000] {processor.py:914} INFO - Processing file /home/komal/data-engineering-projects/airflow-spark-pipeline/airflow_venv/lib/python3.11/site-packages/airflow/example_dags/example_short_circuit_decorator.py for tasks to queue
[2026-03-18T07:23:04.797+0000] {logging_mixin.py:190} INFO - [2026-03-18T07:23:04.796+0000] {dagbag.py:588} INFO - Filling up the DagBag from /home/komal/data-engineering-projects/airflow-spark-pipeline/airflow_venv/lib/python3.11/site-packages/airflow/example_dags/example_short_circuit_decorator.py
[2026-03-18T07:23:04.811+0000] {processor.py:925} INFO - DAG(s) 'example_short_circuit_decorator' retrieved from /home/komal/data-engineering-projects/airflow-spark-pipeline/airflow_venv/lib/python3.11/site-packages/airflow/example_dags/example_short_circuit_decorator.py
[2026-03-18T07:23:04.834+0000] {logging_mixin.py:190} INFO - [2026-03-18T07:23:04.834+0000] {dag.py:3239} INFO - Sync 1 DAGs
[2026-03-18T07:23:04.855+0000] {logging_mixin.py:190} INFO - [2026-03-18T07:23:04.853+0000] {dag.py:4180} INFO - Setting next_dagrun for example_short_circuit_decorator to None, run_after=None
[2026-03-18T07:23:04.897+0000] {processor.py:208} INFO - Processing /home/komal/data-engineering-projects/airflow-spark-pipeline/airflow_venv/lib/python3.11/site-packages/airflow/example_dags/example_short_circuit_decorator.py took 0.147 seconds
[2026-03-18T07:24:14.379+0000] {processor.py:186} INFO - Started process (PID=32541) to work on /home/komal/data-engineering-projects/airflow-spark-pipeline/airflow_venv/lib/python3.11/site-packages/airflow/example_dags/example_short_circuit_decorator.py
[2026-03-18T07:24:14.383+0000] {processor.py:914} INFO - Processing file /home/komal/data-engineering-projects/airflow-spark-pipeline/airflow_venv/lib/python3.11/site-packages/airflow/example_dags/example_short_circuit_decorator.py for tasks to queue
[2026-03-18T07:24:14.385+0000] {logging_mixin.py:190} INFO - [2026-03-18T07:24:14.384+0000] {dagbag.py:588} INFO - Filling up the DagBag from /home/komal/data-engineering-projects/airflow-spark-pipeline/airflow_venv/lib/python3.11/site-packages/airflow/example_dags/example_short_circuit_decorator.py
[2026-03-18T07:24:14.400+0000] {processor.py:925} INFO - DAG(s) 'example_short_circuit_decorator' retrieved from /home/komal/data-engineering-projects/airflow-spark-pipeline/airflow_venv/lib/python3.11/site-packages/airflow/example_dags/example_short_circuit_decorator.py
[2026-03-18T07:24:14.432+0000] {logging_mixin.py:190} INFO - [2026-03-18T07:24:14.431+0000] {dag.py:3239} INFO - Sync 1 DAGs
[2026-03-18T07:24:14.449+0000] {logging_mixin.py:190} INFO - [2026-03-18T07:24:14.449+0000] {dag.py:4180} INFO - Setting next_dagrun for example_short_circuit_decorator to None, run_after=None
[2026-03-18T07:24:14.499+0000] {processor.py:208} INFO - Processing /home/komal/data-engineering-projects/airflow-spark-pipeline/airflow_venv/lib/python3.11/site-packages/airflow/example_dags/example_short_circuit_decorator.py took 0.129 seconds
[2026-03-18T07:25:26.009+0000] {processor.py:186} INFO - Started process (PID=32610) to work on /home/komal/data-engineering-projects/airflow-spark-pipeline/airflow_venv/lib/python3.11/site-packages/airflow/example_dags/example_short_circuit_decorator.py
[2026-03-18T07:25:26.016+0000] {processor.py:914} INFO - Processing file /home/komal/data-engineering-projects/airflow-spark-pipeline/airflow_venv/lib/python3.11/site-packages/airflow/example_dags/example_short_circuit_decorator.py for tasks to queue
[2026-03-18T07:25:26.018+0000] {logging_mixin.py:190} INFO - [2026-03-18T07:25:26.018+0000] {dagbag.py:588} INFO - Filling up the DagBag from /home/komal/data-engineering-projects/airflow-spark-pipeline/airflow_venv/lib/python3.11/site-packages/airflow/example_dags/example_short_circuit_decorator.py
[2026-03-18T07:25:26.035+0000] {processor.py:925} INFO - DAG(s) 'example_short_circuit_decorator' retrieved from /home/komal/data-engineering-projects/airflow-spark-pipeline/airflow_venv/lib/python3.11/site-packages/airflow/example_dags/example_short_circuit_decorator.py
[2026-03-18T07:25:26.058+0000] {logging_mixin.py:190} INFO - [2026-03-18T07:25:26.058+0000] {dag.py:3239} INFO - Sync 1 DAGs
[2026-03-18T07:25:26.081+0000] {logging_mixin.py:190} INFO - [2026-03-18T07:25:26.080+0000] {dag.py:4180} INFO - Setting next_dagrun for example_short_circuit_decorator to None, run_after=None
[2026-03-18T07:25:26.124+0000] {processor.py:208} INFO - Processing /home/komal/data-engineering-projects/airflow-spark-pipeline/airflow_venv/lib/python3.11/site-packages/airflow/example_dags/example_short_circuit_decorator.py took 0.123 seconds
[2026-03-18T07:26:29.490+0000] {processor.py:186} INFO - Started process (PID=32668) to work on /home/komal/data-engineering-projects/airflow-spark-pipeline/airflow_venv/lib/python3.11/site-packages/airflow/example_dags/example_short_circuit_decorator.py
[2026-03-18T07:26:29.508+0000] {processor.py:914} INFO - Processing file /home/komal/data-engineering-projects/airflow-spark-pipeline/airflow_venv/lib/python3.11/site-packages/airflow/example_dags/example_short_circuit_decorator.py for tasks to queue
[2026-03-18T07:26:29.512+0000] {logging_mixin.py:190} INFO - [2026-03-18T07:26:29.512+0000] {dagbag.py:588} INFO - Filling up the DagBag from /home/komal/data-engineering-projects/airflow-spark-pipeline/airflow_venv/lib/python3.11/site-packages/airflow/example_dags/example_short_circuit_decorator.py
[2026-03-18T07:26:29.529+0000] {processor.py:925} INFO - DAG(s) 'example_short_circuit_decorator' retrieved from /home/komal/data-engineering-projects/airflow-spark-pipeline/airflow_venv/lib/python3.11/site-packages/airflow/example_dags/example_short_circuit_decorator.py
[2026-03-18T07:26:29.555+0000] {logging_mixin.py:190} INFO - [2026-03-18T07:26:29.555+0000] {dag.py:3239} INFO - Sync 1 DAGs
[2026-03-18T07:26:29.580+0000] {logging_mixin.py:190} INFO - [2026-03-18T07:26:29.580+0000] {dag.py:4180} INFO - Setting next_dagrun for example_short_circuit_decorator to None, run_after=None
[2026-03-18T07:26:29.616+0000] {processor.py:208} INFO - Processing /home/komal/data-engineering-projects/airflow-spark-pipeline/airflow_venv/lib/python3.11/site-packages/airflow/example_dags/example_short_circuit_decorator.py took 0.136 seconds
[2026-03-18T07:27:36.649+0000] {processor.py:186} INFO - Started process (PID=32732) to work on /home/komal/data-engineering-projects/airflow-spark-pipeline/airflow_venv/lib/python3.11/site-packages/airflow/example_dags/example_short_circuit_decorator.py
[2026-03-18T07:27:36.680+0000] {processor.py:914} INFO - Processing file /home/komal/data-engineering-projects/airflow-spark-pipeline/airflow_venv/lib/python3.11/site-packages/airflow/example_dags/example_short_circuit_decorator.py for tasks to queue
[2026-03-18T07:27:36.683+0000] {logging_mixin.py:190} INFO - [2026-03-18T07:27:36.682+0000] {dagbag.py:588} INFO - Filling up the DagBag from /home/komal/data-engineering-projects/airflow-spark-pipeline/airflow_venv/lib/python3.11/site-packages/airflow/example_dags/example_short_circuit_decorator.py
[2026-03-18T07:27:36.695+0000] {processor.py:925} INFO - DAG(s) 'example_short_circuit_decorator' retrieved from /home/komal/data-engineering-projects/airflow-spark-pipeline/airflow_venv/lib/python3.11/site-packages/airflow/example_dags/example_short_circuit_decorator.py
[2026-03-18T07:27:36.716+0000] {logging_mixin.py:190} INFO - [2026-03-18T07:27:36.716+0000] {dag.py:3239} INFO - Sync 1 DAGs
[2026-03-18T07:27:36.733+0000] {logging_mixin.py:190} INFO - [2026-03-18T07:27:36.732+0000] {dag.py:4180} INFO - Setting next_dagrun for example_short_circuit_decorator to None, run_after=None
[2026-03-18T07:27:36.799+0000] {processor.py:208} INFO - Processing /home/komal/data-engineering-projects/airflow-spark-pipeline/airflow_venv/lib/python3.11/site-packages/airflow/example_dags/example_short_circuit_decorator.py took 0.157 seconds
[2026-03-18T07:28:46.298+0000] {processor.py:186} INFO - Started process (PID=32797) to work on /home/komal/data-engineering-projects/airflow-spark-pipeline/airflow_venv/lib/python3.11/site-packages/airflow/example_dags/example_short_circuit_decorator.py
[2026-03-18T07:28:46.336+0000] {processor.py:914} INFO - Processing file /home/komal/data-engineering-projects/airflow-spark-pipeline/airflow_venv/lib/python3.11/site-packages/airflow/example_dags/example_short_circuit_decorator.py for tasks to queue
[2026-03-18T07:28:46.340+0000] {logging_mixin.py:190} INFO - [2026-03-18T07:28:46.339+0000] {dagbag.py:588} INFO - Filling up the DagBag from /home/komal/data-engineering-projects/airflow-spark-pipeline/airflow_venv/lib/python3.11/site-packages/airflow/example_dags/example_short_circuit_decorator.py
[2026-03-18T07:28:46.361+0000] {processor.py:925} INFO - DAG(s) 'example_short_circuit_decorator' retrieved from /home/komal/data-engineering-projects/airflow-spark-pipeline/airflow_venv/lib/python3.11/site-packages/airflow/example_dags/example_short_circuit_decorator.py
[2026-03-18T07:28:46.388+0000] {logging_mixin.py:190} INFO - [2026-03-18T07:28:46.388+0000] {dag.py:3239} INFO - Sync 1 DAGs
[2026-03-18T07:28:46.403+0000] {logging_mixin.py:190} INFO - [2026-03-18T07:28:46.402+0000] {dag.py:4180} INFO - Setting next_dagrun for example_short_circuit_decorator to None, run_after=None
[2026-03-18T07:28:46.437+0000] {processor.py:208} INFO - Processing /home/komal/data-engineering-projects/airflow-spark-pipeline/airflow_venv/lib/python3.11/site-packages/airflow/example_dags/example_short_circuit_decorator.py took 0.152 seconds
[2026-03-18T07:29:54.347+0000] {processor.py:186} INFO - Started process (PID=32869) to work on /home/komal/data-engineering-projects/airflow-spark-pipeline/airflow_venv/lib/python3.11/site-packages/airflow/example_dags/example_short_circuit_decorator.py
[2026-03-18T07:29:54.380+0000] {processor.py:914} INFO - Processing file /home/komal/data-engineering-projects/airflow-spark-pipeline/airflow_venv/lib/python3.11/site-packages/airflow/example_dags/example_short_circuit_decorator.py for tasks to queue
[2026-03-18T07:29:54.384+0000] {logging_mixin.py:190} INFO - [2026-03-18T07:29:54.383+0000] {dagbag.py:588} INFO - Filling up the DagBag from /home/komal/data-engineering-projects/airflow-spark-pipeline/airflow_venv/lib/python3.11/site-packages/airflow/example_dags/example_short_circuit_decorator.py
[2026-03-18T07:29:54.397+0000] {processor.py:925} INFO - DAG(s) 'example_short_circuit_decorator' retrieved from /home/komal/data-engineering-projects/airflow-spark-pipeline/airflow_venv/lib/python3.11/site-packages/airflow/example_dags/example_short_circuit_decorator.py
[2026-03-18T07:29:54.419+0000] {logging_mixin.py:190} INFO - [2026-03-18T07:29:54.419+0000] {dag.py:3239} INFO - Sync 1 DAGs
[2026-03-18T07:29:54.435+0000] {logging_mixin.py:190} INFO - [2026-03-18T07:29:54.434+0000] {dag.py:4180} INFO - Setting next_dagrun for example_short_circuit_decorator to None, run_after=None
[2026-03-18T07:29:54.462+0000] {processor.py:208} INFO - Processing /home/komal/data-engineering-projects/airflow-spark-pipeline/airflow_venv/lib/python3.11/site-packages/airflow/example_dags/example_short_circuit_decorator.py took 0.123 seconds
[2026-03-18T07:31:11.785+0000] {processor.py:186} INFO - Started process (PID=33016) to work on /home/komal/data-engineering-projects/airflow-spark-pipeline/airflow_venv/lib/python3.11/site-packages/airflow/example_dags/example_short_circuit_decorator.py
[2026-03-18T07:31:11.789+0000] {processor.py:914} INFO - Processing file /home/komal/data-engineering-projects/airflow-spark-pipeline/airflow_venv/lib/python3.11/site-packages/airflow/example_dags/example_short_circuit_decorator.py for tasks to queue
[2026-03-18T07:31:11.791+0000] {logging_mixin.py:190} INFO - [2026-03-18T07:31:11.791+0000] {dagbag.py:588} INFO - Filling up the DagBag from /home/komal/data-engineering-projects/airflow-spark-pipeline/airflow_venv/lib/python3.11/site-packages/airflow/example_dags/example_short_circuit_decorator.py
[2026-03-18T07:31:11.806+0000] {processor.py:925} INFO - DAG(s) 'example_short_circuit_decorator' retrieved from /home/komal/data-engineering-projects/airflow-spark-pipeline/airflow_venv/lib/python3.11/site-packages/airflow/example_dags/example_short_circuit_decorator.py
[2026-03-18T07:31:11.831+0000] {logging_mixin.py:190} INFO - [2026-03-18T07:31:11.830+0000] {dag.py:3239} INFO - Sync 1 DAGs
[2026-03-18T07:31:11.848+0000] {logging_mixin.py:190} INFO - [2026-03-18T07:31:11.848+0000] {dag.py:4180} INFO - Setting next_dagrun for example_short_circuit_decorator to None, run_after=None
[2026-03-18T07:31:11.879+0000] {processor.py:208} INFO - Processing /home/komal/data-engineering-projects/airflow-spark-pipeline/airflow_venv/lib/python3.11/site-packages/airflow/example_dags/example_short_circuit_decorator.py took 0.101 seconds
[2026-03-18T07:32:23.578+0000] {processor.py:186} INFO - Started process (PID=33081) to work on /home/komal/data-engineering-projects/airflow-spark-pipeline/airflow_venv/lib/python3.11/site-packages/airflow/example_dags/example_short_circuit_decorator.py
[2026-03-18T07:32:23.610+0000] {processor.py:914} INFO - Processing file /home/komal/data-engineering-projects/airflow-spark-pipeline/airflow_venv/lib/python3.11/site-packages/airflow/example_dags/example_short_circuit_decorator.py for tasks to queue
[2026-03-18T07:32:23.613+0000] {logging_mixin.py:190} INFO - [2026-03-18T07:32:23.612+0000] {dagbag.py:588} INFO - Filling up the DagBag from /home/komal/data-engineering-projects/airflow-spark-pipeline/airflow_venv/lib/python3.11/site-packages/airflow/example_dags/example_short_circuit_decorator.py
[2026-03-18T07:32:23.634+0000] {processor.py:925} INFO - DAG(s) 'example_short_circuit_decorator' retrieved from /home/komal/data-engineering-projects/airflow-spark-pipeline/airflow_venv/lib/python3.11/site-packages/airflow/example_dags/example_short_circuit_decorator.py
[2026-03-18T07:32:23.676+0000] {logging_mixin.py:190} INFO - [2026-03-18T07:32:23.676+0000] {dag.py:3239} INFO - Sync 1 DAGs
[2026-03-18T07:32:23.696+0000] {logging_mixin.py:190} INFO - [2026-03-18T07:32:23.695+0000] {dag.py:4180} INFO - Setting next_dagrun for example_short_circuit_decorator to None, run_after=None
[2026-03-18T07:32:23.724+0000] {processor.py:208} INFO - Processing /home/komal/data-engineering-projects/airflow-spark-pipeline/airflow_venv/lib/python3.11/site-packages/airflow/example_dags/example_short_circuit_decorator.py took 0.157 seconds
[2026-03-18T07:33:43.380+0000] {processor.py:186} INFO - Started process (PID=33156) to work on /home/komal/data-engineering-projects/airflow-spark-pipeline/airflow_venv/lib/python3.11/site-packages/airflow/example_dags/example_short_circuit_decorator.py
[2026-03-18T07:33:43.384+0000] {processor.py:914} INFO - Processing file /home/komal/data-engineering-projects/airflow-spark-pipeline/airflow_venv/lib/python3.11/site-packages/airflow/example_dags/example_short_circuit_decorator.py for tasks to queue
[2026-03-18T07:33:43.387+0000] {logging_mixin.py:190} INFO - [2026-03-18T07:33:43.386+0000] {dagbag.py:588} INFO - Filling up the DagBag from /home/komal/data-engineering-projects/airflow-spark-pipeline/airflow_venv/lib/python3.11/site-packages/airflow/example_dags/example_short_circuit_decorator.py
[2026-03-18T07:33:43.402+0000] {processor.py:925} INFO - DAG(s) 'example_short_circuit_decorator' retrieved from /home/komal/data-engineering-projects/airflow-spark-pipeline/airflow_venv/lib/python3.11/site-packages/airflow/example_dags/example_short_circuit_decorator.py
[2026-03-18T07:33:43.432+0000] {logging_mixin.py:190} INFO - [2026-03-18T07:33:43.432+0000] {dag.py:3239} INFO - Sync 1 DAGs
[2026-03-18T07:33:43.448+0000] {logging_mixin.py:190} INFO - [2026-03-18T07:33:43.448+0000] {dag.py:4180} INFO - Setting next_dagrun for example_short_circuit_decorator to None, run_after=None
[2026-03-18T07:33:43.486+0000] {processor.py:208} INFO - Processing /home/komal/data-engineering-projects/airflow-spark-pipeline/airflow_venv/lib/python3.11/site-packages/airflow/example_dags/example_short_circuit_decorator.py took 0.117 seconds
[2026-03-18T07:34:40.018+0000] {processor.py:186} INFO - Started process (PID=33262) to work on /home/komal/data-engineering-projects/airflow-spark-pipeline/airflow_venv/lib/python3.11/site-packages/airflow/example_dags/example_short_circuit_decorator.py
[2026-03-18T07:34:40.021+0000] {processor.py:914} INFO - Processing file /home/komal/data-engineering-projects/airflow-spark-pipeline/airflow_venv/lib/python3.11/site-packages/airflow/example_dags/example_short_circuit_decorator.py for tasks to queue
[2026-03-18T07:34:40.023+0000] {logging_mixin.py:190} INFO - [2026-03-18T07:34:40.023+0000] {dagbag.py:588} INFO - Filling up the DagBag from /home/komal/data-engineering-projects/airflow-spark-pipeline/airflow_venv/lib/python3.11/site-packages/airflow/example_dags/example_short_circuit_decorator.py
[2026-03-18T07:34:40.044+0000] {processor.py:925} INFO - DAG(s) 'example_short_circuit_decorator' retrieved from /home/komal/data-engineering-projects/airflow-spark-pipeline/airflow_venv/lib/python3.11/site-packages/airflow/example_dags/example_short_circuit_decorator.py
[2026-03-18T07:34:40.071+0000] {logging_mixin.py:190} INFO - [2026-03-18T07:34:40.070+0000] {dag.py:3239} INFO - Sync 1 DAGs
[2026-03-18T07:34:40.091+0000] {logging_mixin.py:190} INFO - [2026-03-18T07:34:40.090+0000] {dag.py:4180} INFO - Setting next_dagrun for example_short_circuit_decorator to None, run_after=None
[2026-03-18T07:34:40.172+0000] {processor.py:208} INFO - Processing /home/komal/data-engineering-projects/airflow-spark-pipeline/airflow_venv/lib/python3.11/site-packages/airflow/example_dags/example_short_circuit_decorator.py took 0.163 seconds
[2026-03-18T07:35:44.407+0000] {processor.py:186} INFO - Started process (PID=33325) to work on /home/komal/data-engineering-projects/airflow-spark-pipeline/airflow_venv/lib/python3.11/site-packages/airflow/example_dags/example_short_circuit_decorator.py
[2026-03-18T07:35:44.442+0000] {processor.py:914} INFO - Processing file /home/komal/data-engineering-projects/airflow-spark-pipeline/airflow_venv/lib/python3.11/site-packages/airflow/example_dags/example_short_circuit_decorator.py for tasks to queue
[2026-03-18T07:35:44.445+0000] {logging_mixin.py:190} INFO - [2026-03-18T07:35:44.444+0000] {dagbag.py:588} INFO - Filling up the DagBag from /home/komal/data-engineering-projects/airflow-spark-pipeline/airflow_venv/lib/python3.11/site-packages/airflow/example_dags/example_short_circuit_decorator.py
[2026-03-18T07:35:44.459+0000] {processor.py:925} INFO - DAG(s) 'example_short_circuit_decorator' retrieved from /home/komal/data-engineering-projects/airflow-spark-pipeline/airflow_venv/lib/python3.11/site-packages/airflow/example_dags/example_short_circuit_decorator.py
[2026-03-18T07:35:44.483+0000] {logging_mixin.py:190} INFO - [2026-03-18T07:35:44.483+0000] {dag.py:3239} INFO - Sync 1 DAGs
[2026-03-18T07:35:44.498+0000] {logging_mixin.py:190} INFO - [2026-03-18T07:35:44.497+0000] {dag.py:4180} INFO - Setting next_dagrun for example_short_circuit_decorator to None, run_after=None
[2026-03-18T07:35:44.531+0000] {processor.py:208} INFO - Processing /home/komal/data-engineering-projects/airflow-spark-pipeline/airflow_venv/lib/python3.11/site-packages/airflow/example_dags/example_short_circuit_decorator.py took 0.132 seconds
[2026-03-18T07:36:55.892+0000] {processor.py:186} INFO - Started process (PID=33393) to work on /home/komal/data-engineering-projects/airflow-spark-pipeline/airflow_venv/lib/python3.11/site-packages/airflow/example_dags/example_short_circuit_decorator.py
[2026-03-18T07:36:55.925+0000] {processor.py:914} INFO - Processing file /home/komal/data-engineering-projects/airflow-spark-pipeline/airflow_venv/lib/python3.11/site-packages/airflow/example_dags/example_short_circuit_decorator.py for tasks to queue
[2026-03-18T07:36:55.928+0000] {logging_mixin.py:190} INFO - [2026-03-18T07:36:55.928+0000] {dagbag.py:588} INFO - Filling up the DagBag from /home/komal/data-engineering-projects/airflow-spark-pipeline/airflow_venv/lib/python3.11/site-packages/airflow/example_dags/example_short_circuit_decorator.py
[2026-03-18T07:36:55.941+0000] {processor.py:925} INFO - DAG(s) 'example_short_circuit_decorator' retrieved from /home/komal/data-engineering-projects/airflow-spark-pipeline/airflow_venv/lib/python3.11/site-packages/airflow/example_dags/example_short_circuit_decorator.py
[2026-03-18T07:36:55.966+0000] {logging_mixin.py:190} INFO - [2026-03-18T07:36:55.966+0000] {dag.py:3239} INFO - Sync 1 DAGs
[2026-03-18T07:36:55.981+0000] {logging_mixin.py:190} INFO - [2026-03-18T07:36:55.980+0000] {dag.py:4180} INFO - Setting next_dagrun for example_short_circuit_decorator to None, run_after=None
[2026-03-18T07:36:56.011+0000] {processor.py:208} INFO - Processing /home/komal/data-engineering-projects/airflow-spark-pipeline/airflow_venv/lib/python3.11/site-packages/airflow/example_dags/example_short_circuit_decorator.py took 0.129 seconds
[2026-03-18T07:38:24.110+0000] {processor.py:186} INFO - Started process (PID=33544) to work on /home/komal/data-engineering-projects/airflow-spark-pipeline/airflow_venv/lib/python3.11/site-packages/airflow/example_dags/example_short_circuit_decorator.py
[2026-03-18T07:38:24.143+0000] {processor.py:914} INFO - Processing file /home/komal/data-engineering-projects/airflow-spark-pipeline/airflow_venv/lib/python3.11/site-packages/airflow/example_dags/example_short_circuit_decorator.py for tasks to queue
[2026-03-18T07:38:24.148+0000] {logging_mixin.py:190} INFO - [2026-03-18T07:38:24.147+0000] {dagbag.py:588} INFO - Filling up the DagBag from /home/komal/data-engineering-projects/airflow-spark-pipeline/airflow_venv/lib/python3.11/site-packages/airflow/example_dags/example_short_circuit_decorator.py
[2026-03-18T07:38:24.167+0000] {processor.py:925} INFO - DAG(s) 'example_short_circuit_decorator' retrieved from /home/komal/data-engineering-projects/airflow-spark-pipeline/airflow_venv/lib/python3.11/site-packages/airflow/example_dags/example_short_circuit_decorator.py
[2026-03-18T07:38:24.196+0000] {logging_mixin.py:190} INFO - [2026-03-18T07:38:24.196+0000] {dag.py:3239} INFO - Sync 1 DAGs
[2026-03-18T07:38:24.220+0000] {logging_mixin.py:190} INFO - [2026-03-18T07:38:24.220+0000] {dag.py:4180} INFO - Setting next_dagrun for example_short_circuit_decorator to None, run_after=None
[2026-03-18T07:38:24.280+0000] {processor.py:208} INFO - Processing /home/komal/data-engineering-projects/airflow-spark-pipeline/airflow_venv/lib/python3.11/site-packages/airflow/example_dags/example_short_circuit_decorator.py took 0.179 seconds
[2026-03-18T07:39:28.389+0000] {processor.py:186} INFO - Started process (PID=33608) to work on /home/komal/data-engineering-projects/airflow-spark-pipeline/airflow_venv/lib/python3.11/site-packages/airflow/example_dags/example_short_circuit_decorator.py
[2026-03-18T07:39:28.421+0000] {processor.py:914} INFO - Processing file /home/komal/data-engineering-projects/airflow-spark-pipeline/airflow_venv/lib/python3.11/site-packages/airflow/example_dags/example_short_circuit_decorator.py for tasks to queue
[2026-03-18T07:39:28.424+0000] {logging_mixin.py:190} INFO - [2026-03-18T07:39:28.423+0000] {dagbag.py:588} INFO - Filling up the DagBag from /home/komal/data-engineering-projects/airflow-spark-pipeline/airflow_venv/lib/python3.11/site-packages/airflow/example_dags/example_short_circuit_decorator.py
[2026-03-18T07:39:28.437+0000] {processor.py:925} INFO - DAG(s) 'example_short_circuit_decorator' retrieved from /home/komal/data-engineering-projects/airflow-spark-pipeline/airflow_venv/lib/python3.11/site-packages/airflow/example_dags/example_short_circuit_decorator.py
[2026-03-18T07:39:28.456+0000] {logging_mixin.py:190} INFO - [2026-03-18T07:39:28.456+0000] {dag.py:3239} INFO - Sync 1 DAGs
[2026-03-18T07:39:28.471+0000] {logging_mixin.py:190} INFO - [2026-03-18T07:39:28.470+0000] {dag.py:4180} INFO - Setting next_dagrun for example_short_circuit_decorator to None, run_after=None
[2026-03-18T07:39:28.507+0000] {processor.py:208} INFO - Processing /home/komal/data-engineering-projects/airflow-spark-pipeline/airflow_venv/lib/python3.11/site-packages/airflow/example_dags/example_short_circuit_decorator.py took 0.125 seconds
[2026-03-18T07:40:39.540+0000] {processor.py:186} INFO - Started process (PID=33674) to work on /home/komal/data-engineering-projects/airflow-spark-pipeline/airflow_venv/lib/python3.11/site-packages/airflow/example_dags/example_short_circuit_decorator.py
[2026-03-18T07:40:39.542+0000] {processor.py:914} INFO - Processing file /home/komal/data-engineering-projects/airflow-spark-pipeline/airflow_venv/lib/python3.11/site-packages/airflow/example_dags/example_short_circuit_decorator.py for tasks to queue
[2026-03-18T07:40:39.546+0000] {logging_mixin.py:190} INFO - [2026-03-18T07:40:39.545+0000] {dagbag.py:588} INFO - Filling up the DagBag from /home/komal/data-engineering-projects/airflow-spark-pipeline/airflow_venv/lib/python3.11/site-packages/airflow/example_dags/example_short_circuit_decorator.py
[2026-03-18T07:40:39.564+0000] {processor.py:925} INFO - DAG(s) 'example_short_circuit_decorator' retrieved from /home/komal/data-engineering-projects/airflow-spark-pipeline/airflow_venv/lib/python3.11/site-packages/airflow/example_dags/example_short_circuit_decorator.py
[2026-03-18T07:40:39.586+0000] {logging_mixin.py:190} INFO - [2026-03-18T07:40:39.586+0000] {dag.py:3239} INFO - Sync 1 DAGs
[2026-03-18T07:40:39.601+0000] {logging_mixin.py:190} INFO - [2026-03-18T07:40:39.601+0000] {dag.py:4180} INFO - Setting next_dagrun for example_short_circuit_decorator to None, run_after=None
[2026-03-18T07:40:39.640+0000] {processor.py:208} INFO - Processing /home/komal/data-engineering-projects/airflow-spark-pipeline/airflow_venv/lib/python3.11/site-packages/airflow/example_dags/example_short_circuit_decorator.py took 0.110 seconds
[2026-03-18T07:41:55.899+0000] {processor.py:186} INFO - Started process (PID=33742) to work on /home/komal/data-engineering-projects/airflow-spark-pipeline/airflow_venv/lib/python3.11/site-packages/airflow/example_dags/example_short_circuit_decorator.py
[2026-03-18T07:41:55.932+0000] {processor.py:914} INFO - Processing file /home/komal/data-engineering-projects/airflow-spark-pipeline/airflow_venv/lib/python3.11/site-packages/airflow/example_dags/example_short_circuit_decorator.py for tasks to queue
[2026-03-18T07:41:55.936+0000] {logging_mixin.py:190} INFO - [2026-03-18T07:41:55.936+0000] {dagbag.py:588} INFO - Filling up the DagBag from /home/komal/data-engineering-projects/airflow-spark-pipeline/airflow_venv/lib/python3.11/site-packages/airflow/example_dags/example_short_circuit_decorator.py
[2026-03-18T07:41:55.955+0000] {processor.py:925} INFO - DAG(s) 'example_short_circuit_decorator' retrieved from /home/komal/data-engineering-projects/airflow-spark-pipeline/airflow_venv/lib/python3.11/site-packages/airflow/example_dags/example_short_circuit_decorator.py
[2026-03-18T07:41:55.983+0000] {logging_mixin.py:190} INFO - [2026-03-18T07:41:55.983+0000] {dag.py:3239} INFO - Sync 1 DAGs
[2026-03-18T07:41:56.002+0000] {logging_mixin.py:190} INFO - [2026-03-18T07:41:56.001+0000] {dag.py:4180} INFO - Setting next_dagrun for example_short_circuit_decorator to None, run_after=None
[2026-03-18T07:41:56.035+0000] {processor.py:208} INFO - Processing /home/komal/data-engineering-projects/airflow-spark-pipeline/airflow_venv/lib/python3.11/site-packages/airflow/example_dags/example_short_circuit_decorator.py took 0.147 seconds
[2026-03-18T07:42:30.482+0000] {processor.py:186} INFO - Started process (PID=33779) to work on /home/komal/data-engineering-projects/airflow-spark-pipeline/airflow_venv/lib/python3.11/site-packages/airflow/example_dags/example_short_circuit_decorator.py
[2026-03-18T07:42:30.518+0000] {processor.py:914} INFO - Processing file /home/komal/data-engineering-projects/airflow-spark-pipeline/airflow_venv/lib/python3.11/site-packages/airflow/example_dags/example_short_circuit_decorator.py for tasks to queue
[2026-03-18T07:42:30.523+0000] {logging_mixin.py:190} INFO - [2026-03-18T07:42:30.522+0000] {dagbag.py:588} INFO - Filling up the DagBag from /home/komal/data-engineering-projects/airflow-spark-pipeline/airflow_venv/lib/python3.11/site-packages/airflow/example_dags/example_short_circuit_decorator.py
[2026-03-18T07:42:30.541+0000] {processor.py:925} INFO - DAG(s) 'example_short_circuit_decorator' retrieved from /home/komal/data-engineering-projects/airflow-spark-pipeline/airflow_venv/lib/python3.11/site-packages/airflow/example_dags/example_short_circuit_decorator.py
[2026-03-18T07:42:30.574+0000] {logging_mixin.py:190} INFO - [2026-03-18T07:42:30.574+0000] {dag.py:3239} INFO - Sync 1 DAGs
[2026-03-18T07:42:30.593+0000] {logging_mixin.py:190} INFO - [2026-03-18T07:42:30.593+0000] {dag.py:4180} INFO - Setting next_dagrun for example_short_circuit_decorator to None, run_after=None
[2026-03-18T07:42:30.643+0000] {processor.py:208} INFO - Processing /home/komal/data-engineering-projects/airflow-spark-pipeline/airflow_venv/lib/python3.11/site-packages/airflow/example_dags/example_short_circuit_decorator.py took 0.170 seconds
[2026-03-18T07:43:44.242+0000] {processor.py:186} INFO - Started process (PID=33922) to work on /home/komal/data-engineering-projects/airflow-spark-pipeline/airflow_venv/lib/python3.11/site-packages/airflow/example_dags/example_short_circuit_decorator.py
[2026-03-18T07:43:44.274+0000] {processor.py:914} INFO - Processing file /home/komal/data-engineering-projects/airflow-spark-pipeline/airflow_venv/lib/python3.11/site-packages/airflow/example_dags/example_short_circuit_decorator.py for tasks to queue
[2026-03-18T07:43:44.277+0000] {logging_mixin.py:190} INFO - [2026-03-18T07:43:44.277+0000] {dagbag.py:588} INFO - Filling up the DagBag from /home/komal/data-engineering-projects/airflow-spark-pipeline/airflow_venv/lib/python3.11/site-packages/airflow/example_dags/example_short_circuit_decorator.py
[2026-03-18T07:43:44.293+0000] {processor.py:925} INFO - DAG(s) 'example_short_circuit_decorator' retrieved from /home/komal/data-engineering-projects/airflow-spark-pipeline/airflow_venv/lib/python3.11/site-packages/airflow/example_dags/example_short_circuit_decorator.py
[2026-03-18T07:43:44.323+0000] {logging_mixin.py:190} INFO - [2026-03-18T07:43:44.323+0000] {dag.py:3239} INFO - Sync 1 DAGs
[2026-03-18T07:43:44.344+0000] {logging_mixin.py:190} INFO - [2026-03-18T07:43:44.344+0000] {dag.py:4180} INFO - Setting next_dagrun for example_short_circuit_decorator to None, run_after=None
[2026-03-18T07:43:44.393+0000] {processor.py:208} INFO - Processing /home/komal/data-engineering-projects/airflow-spark-pipeline/airflow_venv/lib/python3.11/site-packages/airflow/example_dags/example_short_circuit_decorator.py took 0.159 seconds
[2026-03-18T07:44:49.415+0000] {processor.py:186} INFO - Started process (PID=33993) to work on /home/komal/data-engineering-projects/airflow-spark-pipeline/airflow_venv/lib/python3.11/site-packages/airflow/example_dags/example_short_circuit_decorator.py
[2026-03-18T07:44:49.447+0000] {processor.py:914} INFO - Processing file /home/komal/data-engineering-projects/airflow-spark-pipeline/airflow_venv/lib/python3.11/site-packages/airflow/example_dags/example_short_circuit_decorator.py for tasks to queue
[2026-03-18T07:44:49.451+0000] {logging_mixin.py:190} INFO - [2026-03-18T07:44:49.450+0000] {dagbag.py:588} INFO - Filling up the DagBag from /home/komal/data-engineering-projects/airflow-spark-pipeline/airflow_venv/lib/python3.11/site-packages/airflow/example_dags/example_short_circuit_decorator.py
[2026-03-18T07:44:49.466+0000] {processor.py:925} INFO - DAG(s) 'example_short_circuit_decorator' retrieved from /home/komal/data-engineering-projects/airflow-spark-pipeline/airflow_venv/lib/python3.11/site-packages/airflow/example_dags/example_short_circuit_decorator.py
[2026-03-18T07:44:49.485+0000] {logging_mixin.py:190} INFO - [2026-03-18T07:44:49.485+0000] {dag.py:3239} INFO - Sync 1 DAGs
[2026-03-18T07:44:49.498+0000] {logging_mixin.py:190} INFO - [2026-03-18T07:44:49.497+0000] {dag.py:4180} INFO - Setting next_dagrun for example_short_circuit_decorator to None, run_after=None
[2026-03-18T07:44:49.529+0000] {processor.py:208} INFO - Processing /home/komal/data-engineering-projects/airflow-spark-pipeline/airflow_venv/lib/python3.11/site-packages/airflow/example_dags/example_short_circuit_decorator.py took 0.122 seconds
[2026-03-18T07:46:01.401+0000] {processor.py:186} INFO - Started process (PID=34063) to work on /home/komal/data-engineering-projects/airflow-spark-pipeline/airflow_venv/lib/python3.11/site-packages/airflow/example_dags/example_short_circuit_decorator.py
[2026-03-18T07:46:01.434+0000] {processor.py:914} INFO - Processing file /home/komal/data-engineering-projects/airflow-spark-pipeline/airflow_venv/lib/python3.11/site-packages/airflow/example_dags/example_short_circuit_decorator.py for tasks to queue
[2026-03-18T07:46:01.438+0000] {logging_mixin.py:190} INFO - [2026-03-18T07:46:01.438+0000] {dagbag.py:588} INFO - Filling up the DagBag from /home/komal/data-engineering-projects/airflow-spark-pipeline/airflow_venv/lib/python3.11/site-packages/airflow/example_dags/example_short_circuit_decorator.py
[2026-03-18T07:46:01.456+0000] {processor.py:925} INFO - DAG(s) 'example_short_circuit_decorator' retrieved from /home/komal/data-engineering-projects/airflow-spark-pipeline/airflow_venv/lib/python3.11/site-packages/airflow/example_dags/example_short_circuit_decorator.py
[2026-03-18T07:46:01.482+0000] {logging_mixin.py:190} INFO - [2026-03-18T07:46:01.482+0000] {dag.py:3239} INFO - Sync 1 DAGs
[2026-03-18T07:46:01.502+0000] {logging_mixin.py:190} INFO - [2026-03-18T07:46:01.501+0000] {dag.py:4180} INFO - Setting next_dagrun for example_short_circuit_decorator to None, run_after=None
[2026-03-18T07:46:01.547+0000] {processor.py:208} INFO - Processing /home/komal/data-engineering-projects/airflow-spark-pipeline/airflow_venv/lib/python3.11/site-packages/airflow/example_dags/example_short_circuit_decorator.py took 0.156 seconds
[2026-03-18T07:47:17.978+0000] {processor.py:186} INFO - Started process (PID=34132) to work on /home/komal/data-engineering-projects/airflow-spark-pipeline/airflow_venv/lib/python3.11/site-packages/airflow/example_dags/example_short_circuit_decorator.py
[2026-03-18T07:47:17.990+0000] {processor.py:914} INFO - Processing file /home/komal/data-engineering-projects/airflow-spark-pipeline/airflow_venv/lib/python3.11/site-packages/airflow/example_dags/example_short_circuit_decorator.py for tasks to queue
[2026-03-18T07:47:17.994+0000] {logging_mixin.py:190} INFO - [2026-03-18T07:47:17.993+0000] {dagbag.py:588} INFO - Filling up the DagBag from /home/komal/data-engineering-projects/airflow-spark-pipeline/airflow_venv/lib/python3.11/site-packages/airflow/example_dags/example_short_circuit_decorator.py
[2026-03-18T07:47:18.015+0000] {processor.py:925} INFO - DAG(s) 'example_short_circuit_decorator' retrieved from /home/komal/data-engineering-projects/airflow-spark-pipeline/airflow_venv/lib/python3.11/site-packages/airflow/example_dags/example_short_circuit_decorator.py
[2026-03-18T07:47:18.040+0000] {logging_mixin.py:190} INFO - [2026-03-18T07:47:18.039+0000] {dag.py:3239} INFO - Sync 1 DAGs
[2026-03-18T07:47:18.226+0000] {logging_mixin.py:190} INFO - [2026-03-18T07:47:18.225+0000] {dag.py:4180} INFO - Setting next_dagrun for example_short_circuit_decorator to None, run_after=None
[2026-03-18T07:47:18.292+0000] {processor.py:208} INFO - Processing /home/komal/data-engineering-projects/airflow-spark-pipeline/airflow_venv/lib/python3.11/site-packages/airflow/example_dags/example_short_circuit_decorator.py took 0.324 seconds
[2026-03-18T07:49:25.389+0000] {processor.py:186} INFO - Started process (PID=34173) to work on /home/komal/data-engineering-projects/airflow-spark-pipeline/airflow_venv/lib/python3.11/site-packages/airflow/example_dags/example_short_circuit_decorator.py
[2026-03-18T07:49:25.392+0000] {processor.py:914} INFO - Processing file /home/komal/data-engineering-projects/airflow-spark-pipeline/airflow_venv/lib/python3.11/site-packages/airflow/example_dags/example_short_circuit_decorator.py for tasks to queue
[2026-03-18T07:49:25.395+0000] {logging_mixin.py:190} INFO - [2026-03-18T07:49:25.394+0000] {dagbag.py:588} INFO - Filling up the DagBag from /home/komal/data-engineering-projects/airflow-spark-pipeline/airflow_venv/lib/python3.11/site-packages/airflow/example_dags/example_short_circuit_decorator.py
[2026-03-18T07:49:25.534+0000] {processor.py:925} INFO - DAG(s) 'example_short_circuit_decorator' retrieved from /home/komal/data-engineering-projects/airflow-spark-pipeline/airflow_venv/lib/python3.11/site-packages/airflow/example_dags/example_short_circuit_decorator.py
[2026-03-18T07:49:25.550+0000] {logging_mixin.py:190} INFO - [2026-03-18T07:49:25.550+0000] {dag.py:3239} INFO - Sync 1 DAGs
[2026-03-18T07:49:25.561+0000] {logging_mixin.py:190} INFO - [2026-03-18T07:49:25.561+0000] {dag.py:4180} INFO - Setting next_dagrun for example_short_circuit_decorator to None, run_after=None
[2026-03-18T07:49:25.623+0000] {processor.py:208} INFO - Processing /home/komal/data-engineering-projects/airflow-spark-pipeline/airflow_venv/lib/python3.11/site-packages/airflow/example_dags/example_short_circuit_decorator.py took 0.242 seconds
[2026-03-18T07:50:29.065+0000] {processor.py:186} INFO - Started process (PID=34250) to work on /home/komal/data-engineering-projects/airflow-spark-pipeline/airflow_venv/lib/python3.11/site-packages/airflow/example_dags/example_short_circuit_decorator.py
[2026-03-18T07:50:29.068+0000] {processor.py:914} INFO - Processing file /home/komal/data-engineering-projects/airflow-spark-pipeline/airflow_venv/lib/python3.11/site-packages/airflow/example_dags/example_short_circuit_decorator.py for tasks to queue
[2026-03-18T07:50:29.071+0000] {logging_mixin.py:190} INFO - [2026-03-18T07:50:29.071+0000] {dagbag.py:588} INFO - Filling up the DagBag from /home/komal/data-engineering-projects/airflow-spark-pipeline/airflow_venv/lib/python3.11/site-packages/airflow/example_dags/example_short_circuit_decorator.py
[2026-03-18T07:50:29.094+0000] {processor.py:925} INFO - DAG(s) 'example_short_circuit_decorator' retrieved from /home/komal/data-engineering-projects/airflow-spark-pipeline/airflow_venv/lib/python3.11/site-packages/airflow/example_dags/example_short_circuit_decorator.py
[2026-03-18T07:50:29.129+0000] {logging_mixin.py:190} INFO - [2026-03-18T07:50:29.128+0000] {dag.py:3239} INFO - Sync 1 DAGs
[2026-03-18T07:50:29.153+0000] {logging_mixin.py:190} INFO - [2026-03-18T07:50:29.153+0000] {dag.py:4180} INFO - Setting next_dagrun for example_short_circuit_decorator to None, run_after=None
[2026-03-18T07:50:29.185+0000] {processor.py:208} INFO - Processing /home/komal/data-engineering-projects/airflow-spark-pipeline/airflow_venv/lib/python3.11/site-packages/airflow/example_dags/example_short_circuit_decorator.py took 0.131 seconds
[2026-03-18T07:51:41.635+0000] {processor.py:186} INFO - Started process (PID=34322) to work on /home/komal/data-engineering-projects/airflow-spark-pipeline/airflow_venv/lib/python3.11/site-packages/airflow/example_dags/example_short_circuit_decorator.py
[2026-03-18T07:51:41.637+0000] {processor.py:914} INFO - Processing file /home/komal/data-engineering-projects/airflow-spark-pipeline/airflow_venv/lib/python3.11/site-packages/airflow/example_dags/example_short_circuit_decorator.py for tasks to queue
[2026-03-18T07:51:41.641+0000] {logging_mixin.py:190} INFO - [2026-03-18T07:51:41.641+0000] {dagbag.py:588} INFO - Filling up the DagBag from /home/komal/data-engineering-projects/airflow-spark-pipeline/airflow_venv/lib/python3.11/site-packages/airflow/example_dags/example_short_circuit_decorator.py
[2026-03-18T07:51:41.654+0000] {processor.py:925} INFO - DAG(s) 'example_short_circuit_decorator' retrieved from /home/komal/data-engineering-projects/airflow-spark-pipeline/airflow_venv/lib/python3.11/site-packages/airflow/example_dags/example_short_circuit_decorator.py
[2026-03-18T07:51:41.677+0000] {logging_mixin.py:190} INFO - [2026-03-18T07:51:41.676+0000] {dag.py:3239} INFO - Sync 1 DAGs
[2026-03-18T07:51:41.699+0000] {logging_mixin.py:190} INFO - [2026-03-18T07:51:41.699+0000] {dag.py:4180} INFO - Setting next_dagrun for example_short_circuit_decorator to None, run_after=None
[2026-03-18T07:51:41.737+0000] {processor.py:208} INFO - Processing /home/komal/data-engineering-projects/airflow-spark-pipeline/airflow_venv/lib/python3.11/site-packages/airflow/example_dags/example_short_circuit_decorator.py took 0.111 seconds
[2026-03-18T07:52:53.367+0000] {processor.py:186} INFO - Started process (PID=34391) to work on /home/komal/data-engineering-projects/airflow-spark-pipeline/airflow_venv/lib/python3.11/site-packages/airflow/example_dags/example_short_circuit_decorator.py
[2026-03-18T07:52:53.369+0000] {processor.py:914} INFO - Processing file /home/komal/data-engineering-projects/airflow-spark-pipeline/airflow_venv/lib/python3.11/site-packages/airflow/example_dags/example_short_circuit_decorator.py for tasks to queue
[2026-03-18T07:52:53.370+0000] {logging_mixin.py:190} INFO - [2026-03-18T07:52:53.370+0000] {dagbag.py:588} INFO - Filling up the DagBag from /home/komal/data-engineering-projects/airflow-spark-pipeline/airflow_venv/lib/python3.11/site-packages/airflow/example_dags/example_short_circuit_decorator.py
[2026-03-18T07:52:53.379+0000] {processor.py:925} INFO - DAG(s) 'example_short_circuit_decorator' retrieved from /home/komal/data-engineering-projects/airflow-spark-pipeline/airflow_venv/lib/python3.11/site-packages/airflow/example_dags/example_short_circuit_decorator.py
[2026-03-18T07:52:53.394+0000] {logging_mixin.py:190} INFO - [2026-03-18T07:52:53.394+0000] {dag.py:3239} INFO - Sync 1 DAGs
[2026-03-18T07:52:53.405+0000] {logging_mixin.py:190} INFO - [2026-03-18T07:52:53.405+0000] {dag.py:4180} INFO - Setting next_dagrun for example_short_circuit_decorator to None, run_after=None
[2026-03-18T07:52:53.438+0000] {processor.py:208} INFO - Processing /home/komal/data-engineering-projects/airflow-spark-pipeline/airflow_venv/lib/python3.11/site-packages/airflow/example_dags/example_short_circuit_decorator.py took 0.076 seconds
[2026-03-18T07:54:20.398+0000] {processor.py:186} INFO - Started process (PID=34471) to work on /home/komal/data-engineering-projects/airflow-spark-pipeline/airflow_venv/lib/python3.11/site-packages/airflow/example_dags/example_short_circuit_decorator.py
[2026-03-18T07:54:20.401+0000] {processor.py:914} INFO - Processing file /home/komal/data-engineering-projects/airflow-spark-pipeline/airflow_venv/lib/python3.11/site-packages/airflow/example_dags/example_short_circuit_decorator.py for tasks to queue
[2026-03-18T07:54:20.404+0000] {logging_mixin.py:190} INFO - [2026-03-18T07:54:20.403+0000] {dagbag.py:588} INFO - Filling up the DagBag from /home/komal/data-engineering-projects/airflow-spark-pipeline/airflow_venv/lib/python3.11/site-packages/airflow/example_dags/example_short_circuit_decorator.py
[2026-03-18T07:54:20.422+0000] {processor.py:925} INFO - DAG(s) 'example_short_circuit_decorator' retrieved from /home/komal/data-engineering-projects/airflow-spark-pipeline/airflow_venv/lib/python3.11/site-packages/airflow/example_dags/example_short_circuit_decorator.py
[2026-03-18T07:54:20.448+0000] {logging_mixin.py:190} INFO - [2026-03-18T07:54:20.447+0000] {dag.py:3239} INFO - Sync 1 DAGs
[2026-03-18T07:54:20.465+0000] {logging_mixin.py:190} INFO - [2026-03-18T07:54:20.465+0000] {dag.py:4180} INFO - Setting next_dagrun for example_short_circuit_decorator to None, run_after=None
[2026-03-18T07:54:20.514+0000] {processor.py:208} INFO - Processing /home/komal/data-engineering-projects/airflow-spark-pipeline/airflow_venv/lib/python3.11/site-packages/airflow/example_dags/example_short_circuit_decorator.py took 0.126 seconds
[2026-03-18T07:55:17.150+0000] {processor.py:186} INFO - Started process (PID=34595) to work on /home/komal/data-engineering-projects/airflow-spark-pipeline/airflow_venv/lib/python3.11/site-packages/airflow/example_dags/example_short_circuit_decorator.py
[2026-03-18T07:55:17.183+0000] {processor.py:914} INFO - Processing file /home/komal/data-engineering-projects/airflow-spark-pipeline/airflow_venv/lib/python3.11/site-packages/airflow/example_dags/example_short_circuit_decorator.py for tasks to queue
[2026-03-18T07:55:17.188+0000] {logging_mixin.py:190} INFO - [2026-03-18T07:55:17.188+0000] {dagbag.py:588} INFO - Filling up the DagBag from /home/komal/data-engineering-projects/airflow-spark-pipeline/airflow_venv/lib/python3.11/site-packages/airflow/example_dags/example_short_circuit_decorator.py
[2026-03-18T07:55:17.204+0000] {processor.py:925} INFO - DAG(s) 'example_short_circuit_decorator' retrieved from /home/komal/data-engineering-projects/airflow-spark-pipeline/airflow_venv/lib/python3.11/site-packages/airflow/example_dags/example_short_circuit_decorator.py
[2026-03-18T07:55:17.237+0000] {logging_mixin.py:190} INFO - [2026-03-18T07:55:17.237+0000] {dag.py:3239} INFO - Sync 1 DAGs
[2026-03-18T07:55:17.261+0000] {logging_mixin.py:190} INFO - [2026-03-18T07:55:17.261+0000] {dag.py:4180} INFO - Setting next_dagrun for example_short_circuit_decorator to None, run_after=None
[2026-03-18T07:55:17.333+0000] {processor.py:208} INFO - Processing /home/komal/data-engineering-projects/airflow-spark-pipeline/airflow_venv/lib/python3.11/site-packages/airflow/example_dags/example_short_circuit_decorator.py took 0.193 seconds
[2026-03-18T07:56:23.666+0000] {processor.py:186} INFO - Started process (PID=34886) to work on /home/komal/data-engineering-projects/airflow-spark-pipeline/airflow_venv/lib/python3.11/site-packages/airflow/example_dags/example_short_circuit_decorator.py
[2026-03-18T07:56:23.698+0000] {processor.py:914} INFO - Processing file /home/komal/data-engineering-projects/airflow-spark-pipeline/airflow_venv/lib/python3.11/site-packages/airflow/example_dags/example_short_circuit_decorator.py for tasks to queue
[2026-03-18T07:56:23.702+0000] {logging_mixin.py:190} INFO - [2026-03-18T07:56:23.701+0000] {dagbag.py:588} INFO - Filling up the DagBag from /home/komal/data-engineering-projects/airflow-spark-pipeline/airflow_venv/lib/python3.11/site-packages/airflow/example_dags/example_short_circuit_decorator.py
[2026-03-18T07:56:23.719+0000] {processor.py:925} INFO - DAG(s) 'example_short_circuit_decorator' retrieved from /home/komal/data-engineering-projects/airflow-spark-pipeline/airflow_venv/lib/python3.11/site-packages/airflow/example_dags/example_short_circuit_decorator.py
[2026-03-18T07:56:23.740+0000] {logging_mixin.py:190} INFO - [2026-03-18T07:56:23.739+0000] {dag.py:3239} INFO - Sync 1 DAGs
[2026-03-18T07:56:23.762+0000] {logging_mixin.py:190} INFO - [2026-03-18T07:56:23.761+0000] {dag.py:4180} INFO - Setting next_dagrun for example_short_circuit_decorator to None, run_after=None
[2026-03-18T07:56:23.793+0000] {processor.py:208} INFO - Processing /home/komal/data-engineering-projects/airflow-spark-pipeline/airflow_venv/lib/python3.11/site-packages/airflow/example_dags/example_short_circuit_decorator.py took 0.138 seconds
[2026-03-18T08:05:16.709+0000] {processor.py:186} INFO - Started process (PID=34960) to work on /home/komal/data-engineering-projects/airflow-spark-pipeline/airflow_venv/lib/python3.11/site-packages/airflow/example_dags/example_short_circuit_decorator.py
[2026-03-18T08:05:16.742+0000] {processor.py:914} INFO - Processing file /home/komal/data-engineering-projects/airflow-spark-pipeline/airflow_venv/lib/python3.11/site-packages/airflow/example_dags/example_short_circuit_decorator.py for tasks to queue
[2026-03-18T08:05:16.747+0000] {logging_mixin.py:190} INFO - [2026-03-18T08:05:16.746+0000] {dagbag.py:588} INFO - Filling up the DagBag from /home/komal/data-engineering-projects/airflow-spark-pipeline/airflow_venv/lib/python3.11/site-packages/airflow/example_dags/example_short_circuit_decorator.py
[2026-03-18T08:05:16.765+0000] {processor.py:925} INFO - DAG(s) 'example_short_circuit_decorator' retrieved from /home/komal/data-engineering-projects/airflow-spark-pipeline/airflow_venv/lib/python3.11/site-packages/airflow/example_dags/example_short_circuit_decorator.py
[2026-03-18T08:05:16.789+0000] {logging_mixin.py:190} INFO - [2026-03-18T08:05:16.788+0000] {dag.py:3239} INFO - Sync 1 DAGs
[2026-03-18T08:05:16.803+0000] {logging_mixin.py:190} INFO - [2026-03-18T08:05:16.803+0000] {dag.py:4180} INFO - Setting next_dagrun for example_short_circuit_decorator to None, run_after=None
[2026-03-18T08:05:16.841+0000] {processor.py:208} INFO - Processing /home/komal/data-engineering-projects/airflow-spark-pipeline/airflow_venv/lib/python3.11/site-packages/airflow/example_dags/example_short_circuit_decorator.py took 0.152 seconds
[2026-03-18T08:06:24.422+0000] {processor.py:186} INFO - Started process (PID=35026) to work on /home/komal/data-engineering-projects/airflow-spark-pipeline/airflow_venv/lib/python3.11/site-packages/airflow/example_dags/example_short_circuit_decorator.py
[2026-03-18T08:06:24.456+0000] {processor.py:914} INFO - Processing file /home/komal/data-engineering-projects/airflow-spark-pipeline/airflow_venv/lib/python3.11/site-packages/airflow/example_dags/example_short_circuit_decorator.py for tasks to queue
[2026-03-18T08:06:24.460+0000] {logging_mixin.py:190} INFO - [2026-03-18T08:06:24.459+0000] {dagbag.py:588} INFO - Filling up the DagBag from /home/komal/data-engineering-projects/airflow-spark-pipeline/airflow_venv/lib/python3.11/site-packages/airflow/example_dags/example_short_circuit_decorator.py
[2026-03-18T08:06:24.479+0000] {processor.py:925} INFO - DAG(s) 'example_short_circuit_decorator' retrieved from /home/komal/data-engineering-projects/airflow-spark-pipeline/airflow_venv/lib/python3.11/site-packages/airflow/example_dags/example_short_circuit_decorator.py
[2026-03-18T08:06:24.507+0000] {logging_mixin.py:190} INFO - [2026-03-18T08:06:24.506+0000] {dag.py:3239} INFO - Sync 1 DAGs
[2026-03-18T08:06:24.524+0000] {logging_mixin.py:190} INFO - [2026-03-18T08:06:24.524+0000] {dag.py:4180} INFO - Setting next_dagrun for example_short_circuit_decorator to None, run_after=None
[2026-03-18T08:06:24.563+0000] {processor.py:208} INFO - Processing /home/komal/data-engineering-projects/airflow-spark-pipeline/airflow_venv/lib/python3.11/site-packages/airflow/example_dags/example_short_circuit_decorator.py took 0.150 seconds
[2026-03-18T08:07:42.508+0000] {processor.py:186} INFO - Started process (PID=35096) to work on /home/komal/data-engineering-projects/airflow-spark-pipeline/airflow_venv/lib/python3.11/site-packages/airflow/example_dags/example_short_circuit_decorator.py
[2026-03-18T08:07:42.512+0000] {processor.py:914} INFO - Processing file /home/komal/data-engineering-projects/airflow-spark-pipeline/airflow_venv/lib/python3.11/site-packages/airflow/example_dags/example_short_circuit_decorator.py for tasks to queue
[2026-03-18T08:07:42.518+0000] {logging_mixin.py:190} INFO - [2026-03-18T08:07:42.517+0000] {dagbag.py:588} INFO - Filling up the DagBag from /home/komal/data-engineering-projects/airflow-spark-pipeline/airflow_venv/lib/python3.11/site-packages/airflow/example_dags/example_short_circuit_decorator.py
[2026-03-18T08:07:42.530+0000] {processor.py:925} INFO - DAG(s) 'example_short_circuit_decorator' retrieved from /home/komal/data-engineering-projects/airflow-spark-pipeline/airflow_venv/lib/python3.11/site-packages/airflow/example_dags/example_short_circuit_decorator.py
[2026-03-18T08:07:42.678+0000] {logging_mixin.py:190} INFO - [2026-03-18T08:07:42.677+0000] {dag.py:3239} INFO - Sync 1 DAGs
[2026-03-18T08:07:42.691+0000] {logging_mixin.py:190} INFO - [2026-03-18T08:07:42.691+0000] {dag.py:4180} INFO - Setting next_dagrun for example_short_circuit_decorator to None, run_after=None
[2026-03-18T08:07:42.762+0000] {processor.py:208} INFO - Processing /home/komal/data-engineering-projects/airflow-spark-pipeline/airflow_venv/lib/python3.11/site-packages/airflow/example_dags/example_short_circuit_decorator.py took 0.261 seconds
[2026-03-18T08:08:54.345+0000] {processor.py:186} INFO - Started process (PID=35164) to work on /home/komal/data-engineering-projects/airflow-spark-pipeline/airflow_venv/lib/python3.11/site-packages/airflow/example_dags/example_short_circuit_decorator.py
[2026-03-18T08:08:54.349+0000] {processor.py:914} INFO - Processing file /home/komal/data-engineering-projects/airflow-spark-pipeline/airflow_venv/lib/python3.11/site-packages/airflow/example_dags/example_short_circuit_decorator.py for tasks to queue
[2026-03-18T08:08:54.352+0000] {logging_mixin.py:190} INFO - [2026-03-18T08:08:54.351+0000] {dagbag.py:588} INFO - Filling up the DagBag from /home/komal/data-engineering-projects/airflow-spark-pipeline/airflow_venv/lib/python3.11/site-packages/airflow/example_dags/example_short_circuit_decorator.py
[2026-03-18T08:08:54.364+0000] {processor.py:925} INFO - DAG(s) 'example_short_circuit_decorator' retrieved from /home/komal/data-engineering-projects/airflow-spark-pipeline/airflow_venv/lib/python3.11/site-packages/airflow/example_dags/example_short_circuit_decorator.py
[2026-03-18T08:08:54.386+0000] {logging_mixin.py:190} INFO - [2026-03-18T08:08:54.386+0000] {dag.py:3239} INFO - Sync 1 DAGs
[2026-03-18T08:08:54.404+0000] {logging_mixin.py:190} INFO - [2026-03-18T08:08:54.404+0000] {dag.py:4180} INFO - Setting next_dagrun for example_short_circuit_decorator to None, run_after=None
[2026-03-18T08:08:54.439+0000] {processor.py:208} INFO - Processing /home/komal/data-engineering-projects/airflow-spark-pipeline/airflow_venv/lib/python3.11/site-packages/airflow/example_dags/example_short_circuit_decorator.py took 0.100 seconds
[2026-03-18T08:10:08.586+0000] {processor.py:186} INFO - Started process (PID=35232) to work on /home/komal/data-engineering-projects/airflow-spark-pipeline/airflow_venv/lib/python3.11/site-packages/airflow/example_dags/example_short_circuit_decorator.py
[2026-03-18T08:10:08.618+0000] {processor.py:914} INFO - Processing file /home/komal/data-engineering-projects/airflow-spark-pipeline/airflow_venv/lib/python3.11/site-packages/airflow/example_dags/example_short_circuit_decorator.py for tasks to queue
[2026-03-18T08:10:08.621+0000] {logging_mixin.py:190} INFO - [2026-03-18T08:10:08.620+0000] {dagbag.py:588} INFO - Filling up the DagBag from /home/komal/data-engineering-projects/airflow-spark-pipeline/airflow_venv/lib/python3.11/site-packages/airflow/example_dags/example_short_circuit_decorator.py
[2026-03-18T08:10:08.634+0000] {processor.py:925} INFO - DAG(s) 'example_short_circuit_decorator' retrieved from /home/komal/data-engineering-projects/airflow-spark-pipeline/airflow_venv/lib/python3.11/site-packages/airflow/example_dags/example_short_circuit_decorator.py
[2026-03-18T08:10:08.656+0000] {logging_mixin.py:190} INFO - [2026-03-18T08:10:08.656+0000] {dag.py:3239} INFO - Sync 1 DAGs
[2026-03-18T08:10:08.671+0000] {logging_mixin.py:190} INFO - [2026-03-18T08:10:08.670+0000] {dag.py:4180} INFO - Setting next_dagrun for example_short_circuit_decorator to None, run_after=None
[2026-03-18T08:10:08.714+0000] {processor.py:208} INFO - Processing /home/komal/data-engineering-projects/airflow-spark-pipeline/airflow_venv/lib/python3.11/site-packages/airflow/example_dags/example_short_circuit_decorator.py took 0.136 seconds
[2026-03-18T08:11:22.426+0000] {processor.py:186} INFO - Started process (PID=35303) to work on /home/komal/data-engineering-projects/airflow-spark-pipeline/airflow_venv/lib/python3.11/site-packages/airflow/example_dags/example_short_circuit_decorator.py
[2026-03-18T08:11:22.459+0000] {processor.py:914} INFO - Processing file /home/komal/data-engineering-projects/airflow-spark-pipeline/airflow_venv/lib/python3.11/site-packages/airflow/example_dags/example_short_circuit_decorator.py for tasks to queue
[2026-03-18T08:11:22.464+0000] {logging_mixin.py:190} INFO - [2026-03-18T08:11:22.464+0000] {dagbag.py:588} INFO - Filling up the DagBag from /home/komal/data-engineering-projects/airflow-spark-pipeline/airflow_venv/lib/python3.11/site-packages/airflow/example_dags/example_short_circuit_decorator.py
[2026-03-18T08:11:22.482+0000] {processor.py:925} INFO - DAG(s) 'example_short_circuit_decorator' retrieved from /home/komal/data-engineering-projects/airflow-spark-pipeline/airflow_venv/lib/python3.11/site-packages/airflow/example_dags/example_short_circuit_decorator.py
[2026-03-18T08:11:22.504+0000] {logging_mixin.py:190} INFO - [2026-03-18T08:11:22.503+0000] {dag.py:3239} INFO - Sync 1 DAGs
[2026-03-18T08:11:22.518+0000] {logging_mixin.py:190} INFO - [2026-03-18T08:11:22.518+0000] {dag.py:4180} INFO - Setting next_dagrun for example_short_circuit_decorator to None, run_after=None
[2026-03-18T08:11:22.546+0000] {processor.py:208} INFO - Processing /home/komal/data-engineering-projects/airflow-spark-pipeline/airflow_venv/lib/python3.11/site-packages/airflow/example_dags/example_short_circuit_decorator.py took 0.134 seconds
[2026-03-18T08:12:33.956+0000] {processor.py:186} INFO - Started process (PID=35436) to work on /home/komal/data-engineering-projects/airflow-spark-pipeline/airflow_venv/lib/python3.11/site-packages/airflow/example_dags/example_short_circuit_decorator.py
[2026-03-18T08:12:33.961+0000] {processor.py:914} INFO - Processing file /home/komal/data-engineering-projects/airflow-spark-pipeline/airflow_venv/lib/python3.11/site-packages/airflow/example_dags/example_short_circuit_decorator.py for tasks to queue
[2026-03-18T08:12:33.963+0000] {logging_mixin.py:190} INFO - [2026-03-18T08:12:33.963+0000] {dagbag.py:588} INFO - Filling up the DagBag from /home/komal/data-engineering-projects/airflow-spark-pipeline/airflow_venv/lib/python3.11/site-packages/airflow/example_dags/example_short_circuit_decorator.py
[2026-03-18T08:12:33.977+0000] {processor.py:925} INFO - DAG(s) 'example_short_circuit_decorator' retrieved from /home/komal/data-engineering-projects/airflow-spark-pipeline/airflow_venv/lib/python3.11/site-packages/airflow/example_dags/example_short_circuit_decorator.py
[2026-03-18T08:12:34.005+0000] {logging_mixin.py:190} INFO - [2026-03-18T08:12:34.004+0000] {dag.py:3239} INFO - Sync 1 DAGs
[2026-03-18T08:12:34.025+0000] {logging_mixin.py:190} INFO - [2026-03-18T08:12:34.025+0000] {dag.py:4180} INFO - Setting next_dagrun for example_short_circuit_decorator to None, run_after=None
[2026-03-18T08:12:34.070+0000] {processor.py:208} INFO - Processing /home/komal/data-engineering-projects/airflow-spark-pipeline/airflow_venv/lib/python3.11/site-packages/airflow/example_dags/example_short_circuit_decorator.py took 0.123 seconds
[2026-03-18T08:14:46.345+0000] {processor.py:186} INFO - Started process (PID=35746) to work on /home/komal/data-engineering-projects/airflow-spark-pipeline/airflow_venv/lib/python3.11/site-packages/airflow/example_dags/example_short_circuit_decorator.py
[2026-03-18T08:14:46.378+0000] {processor.py:914} INFO - Processing file /home/komal/data-engineering-projects/airflow-spark-pipeline/airflow_venv/lib/python3.11/site-packages/airflow/example_dags/example_short_circuit_decorator.py for tasks to queue
[2026-03-18T08:14:46.381+0000] {logging_mixin.py:190} INFO - [2026-03-18T08:14:46.380+0000] {dagbag.py:588} INFO - Filling up the DagBag from /home/komal/data-engineering-projects/airflow-spark-pipeline/airflow_venv/lib/python3.11/site-packages/airflow/example_dags/example_short_circuit_decorator.py
[2026-03-18T08:14:46.396+0000] {processor.py:925} INFO - DAG(s) 'example_short_circuit_decorator' retrieved from /home/komal/data-engineering-projects/airflow-spark-pipeline/airflow_venv/lib/python3.11/site-packages/airflow/example_dags/example_short_circuit_decorator.py
[2026-03-18T08:14:46.420+0000] {logging_mixin.py:190} INFO - [2026-03-18T08:14:46.420+0000] {dag.py:3239} INFO - Sync 1 DAGs
[2026-03-18T08:14:46.436+0000] {logging_mixin.py:190} INFO - [2026-03-18T08:14:46.436+0000] {dag.py:4180} INFO - Setting next_dagrun for example_short_circuit_decorator to None, run_after=None
[2026-03-18T08:14:46.469+0000] {processor.py:208} INFO - Processing /home/komal/data-engineering-projects/airflow-spark-pipeline/airflow_venv/lib/python3.11/site-packages/airflow/example_dags/example_short_circuit_decorator.py took 0.133 seconds
[2026-03-18T08:15:50.706+0000] {processor.py:186} INFO - Started process (PID=35806) to work on /home/komal/data-engineering-projects/airflow-spark-pipeline/airflow_venv/lib/python3.11/site-packages/airflow/example_dags/example_short_circuit_decorator.py
[2026-03-18T08:15:50.740+0000] {processor.py:914} INFO - Processing file /home/komal/data-engineering-projects/airflow-spark-pipeline/airflow_venv/lib/python3.11/site-packages/airflow/example_dags/example_short_circuit_decorator.py for tasks to queue
[2026-03-18T08:15:50.745+0000] {logging_mixin.py:190} INFO - [2026-03-18T08:15:50.744+0000] {dagbag.py:588} INFO - Filling up the DagBag from /home/komal/data-engineering-projects/airflow-spark-pipeline/airflow_venv/lib/python3.11/site-packages/airflow/example_dags/example_short_circuit_decorator.py
[2026-03-18T08:15:50.762+0000] {processor.py:925} INFO - DAG(s) 'example_short_circuit_decorator' retrieved from /home/komal/data-engineering-projects/airflow-spark-pipeline/airflow_venv/lib/python3.11/site-packages/airflow/example_dags/example_short_circuit_decorator.py
[2026-03-18T08:15:50.788+0000] {logging_mixin.py:190} INFO - [2026-03-18T08:15:50.788+0000] {dag.py:3239} INFO - Sync 1 DAGs
[2026-03-18T08:15:50.805+0000] {logging_mixin.py:190} INFO - [2026-03-18T08:15:50.805+0000] {dag.py:4180} INFO - Setting next_dagrun for example_short_circuit_decorator to None, run_after=None
[2026-03-18T08:15:50.842+0000] {processor.py:208} INFO - Processing /home/komal/data-engineering-projects/airflow-spark-pipeline/airflow_venv/lib/python3.11/site-packages/airflow/example_dags/example_short_circuit_decorator.py took 0.146 seconds
[2026-03-18T08:17:03.000+0000] {processor.py:186} INFO - Started process (PID=35874) to work on /home/komal/data-engineering-projects/airflow-spark-pipeline/airflow_venv/lib/python3.11/site-packages/airflow/example_dags/example_short_circuit_decorator.py
[2026-03-18T08:17:03.005+0000] {processor.py:914} INFO - Processing file /home/komal/data-engineering-projects/airflow-spark-pipeline/airflow_venv/lib/python3.11/site-packages/airflow/example_dags/example_short_circuit_decorator.py for tasks to queue
[2026-03-18T08:17:03.008+0000] {logging_mixin.py:190} INFO - [2026-03-18T08:17:03.007+0000] {dagbag.py:588} INFO - Filling up the DagBag from /home/komal/data-engineering-projects/airflow-spark-pipeline/airflow_venv/lib/python3.11/site-packages/airflow/example_dags/example_short_circuit_decorator.py
[2026-03-18T08:17:03.023+0000] {processor.py:925} INFO - DAG(s) 'example_short_circuit_decorator' retrieved from /home/komal/data-engineering-projects/airflow-spark-pipeline/airflow_venv/lib/python3.11/site-packages/airflow/example_dags/example_short_circuit_decorator.py
[2026-03-18T08:17:03.048+0000] {logging_mixin.py:190} INFO - [2026-03-18T08:17:03.048+0000] {dag.py:3239} INFO - Sync 1 DAGs
[2026-03-18T08:17:03.066+0000] {logging_mixin.py:190} INFO - [2026-03-18T08:17:03.066+0000] {dag.py:4180} INFO - Setting next_dagrun for example_short_circuit_decorator to None, run_after=None
[2026-03-18T08:17:03.105+0000] {processor.py:208} INFO - Processing /home/komal/data-engineering-projects/airflow-spark-pipeline/airflow_venv/lib/python3.11/site-packages/airflow/example_dags/example_short_circuit_decorator.py took 0.113 seconds
[2026-03-18T08:18:19.060+0000] {processor.py:186} INFO - Started process (PID=35943) to work on /home/komal/data-engineering-projects/airflow-spark-pipeline/airflow_venv/lib/python3.11/site-packages/airflow/example_dags/example_short_circuit_decorator.py
[2026-03-18T08:18:19.063+0000] {processor.py:914} INFO - Processing file /home/komal/data-engineering-projects/airflow-spark-pipeline/airflow_venv/lib/python3.11/site-packages/airflow/example_dags/example_short_circuit_decorator.py for tasks to queue
[2026-03-18T08:18:19.066+0000] {logging_mixin.py:190} INFO - [2026-03-18T08:18:19.066+0000] {dagbag.py:588} INFO - Filling up the DagBag from /home/komal/data-engineering-projects/airflow-spark-pipeline/airflow_venv/lib/python3.11/site-packages/airflow/example_dags/example_short_circuit_decorator.py
[2026-03-18T08:18:19.078+0000] {processor.py:925} INFO - DAG(s) 'example_short_circuit_decorator' retrieved from /home/komal/data-engineering-projects/airflow-spark-pipeline/airflow_venv/lib/python3.11/site-packages/airflow/example_dags/example_short_circuit_decorator.py
[2026-03-18T08:18:19.106+0000] {logging_mixin.py:190} INFO - [2026-03-18T08:18:19.106+0000] {dag.py:3239} INFO - Sync 1 DAGs
[2026-03-18T08:18:19.131+0000] {logging_mixin.py:190} INFO - [2026-03-18T08:18:19.130+0000] {dag.py:4180} INFO - Setting next_dagrun for example_short_circuit_decorator to None, run_after=None
[2026-03-18T08:18:19.181+0000] {processor.py:208} INFO - Processing /home/komal/data-engineering-projects/airflow-spark-pipeline/airflow_venv/lib/python3.11/site-packages/airflow/example_dags/example_short_circuit_decorator.py took 0.128 seconds
[2026-03-18T08:19:27.316+0000] {processor.py:186} INFO - Started process (PID=36018) to work on /home/komal/data-engineering-projects/airflow-spark-pipeline/airflow_venv/lib/python3.11/site-packages/airflow/example_dags/example_short_circuit_decorator.py
[2026-03-18T08:19:27.318+0000] {processor.py:914} INFO - Processing file /home/komal/data-engineering-projects/airflow-spark-pipeline/airflow_venv/lib/python3.11/site-packages/airflow/example_dags/example_short_circuit_decorator.py for tasks to queue
[2026-03-18T08:19:27.319+0000] {logging_mixin.py:190} INFO - [2026-03-18T08:19:27.319+0000] {dagbag.py:588} INFO - Filling up the DagBag from /home/komal/data-engineering-projects/airflow-spark-pipeline/airflow_venv/lib/python3.11/site-packages/airflow/example_dags/example_short_circuit_decorator.py
[2026-03-18T08:19:27.326+0000] {processor.py:925} INFO - DAG(s) 'example_short_circuit_decorator' retrieved from /home/komal/data-engineering-projects/airflow-spark-pipeline/airflow_venv/lib/python3.11/site-packages/airflow/example_dags/example_short_circuit_decorator.py
[2026-03-18T08:19:27.338+0000] {logging_mixin.py:190} INFO - [2026-03-18T08:19:27.338+0000] {dag.py:3239} INFO - Sync 1 DAGs
[2026-03-18T08:19:27.429+0000] {logging_mixin.py:190} INFO - [2026-03-18T08:19:27.429+0000] {dag.py:4180} INFO - Setting next_dagrun for example_short_circuit_decorator to None, run_after=None
[2026-03-18T08:19:27.448+0000] {processor.py:208} INFO - Processing /home/komal/data-engineering-projects/airflow-spark-pipeline/airflow_venv/lib/python3.11/site-packages/airflow/example_dags/example_short_circuit_decorator.py took 0.136 seconds
[2026-03-18T10:06:02.328+0000] {processor.py:186} INFO - Started process (PID=36087) to work on /home/komal/data-engineering-projects/airflow-spark-pipeline/airflow_venv/lib/python3.11/site-packages/airflow/example_dags/example_short_circuit_decorator.py
[2026-03-18T10:06:02.330+0000] {processor.py:914} INFO - Processing file /home/komal/data-engineering-projects/airflow-spark-pipeline/airflow_venv/lib/python3.11/site-packages/airflow/example_dags/example_short_circuit_decorator.py for tasks to queue
[2026-03-18T10:06:02.334+0000] {logging_mixin.py:190} INFO - [2026-03-18T10:06:02.333+0000] {dagbag.py:588} INFO - Filling up the DagBag from /home/komal/data-engineering-projects/airflow-spark-pipeline/airflow_venv/lib/python3.11/site-packages/airflow/example_dags/example_short_circuit_decorator.py
[2026-03-18T10:06:02.368+0000] {processor.py:925} INFO - DAG(s) 'example_short_circuit_decorator' retrieved from /home/komal/data-engineering-projects/airflow-spark-pipeline/airflow_venv/lib/python3.11/site-packages/airflow/example_dags/example_short_circuit_decorator.py
[2026-03-18T10:06:02.393+0000] {logging_mixin.py:190} INFO - [2026-03-18T10:06:02.393+0000] {dag.py:3239} INFO - Sync 1 DAGs
[2026-03-18T10:06:02.412+0000] {logging_mixin.py:190} INFO - [2026-03-18T10:06:02.412+0000] {dag.py:4180} INFO - Setting next_dagrun for example_short_circuit_decorator to None, run_after=None
[2026-03-18T10:06:02.443+0000] {processor.py:208} INFO - Processing /home/komal/data-engineering-projects/airflow-spark-pipeline/airflow_venv/lib/python3.11/site-packages/airflow/example_dags/example_short_circuit_decorator.py took 0.130 seconds
[2026-03-18T13:41:08.480+0000] {processor.py:186} INFO - Started process (PID=36128) to work on /home/komal/data-engineering-projects/airflow-spark-pipeline/airflow_venv/lib/python3.11/site-packages/airflow/example_dags/example_short_circuit_decorator.py
[2026-03-18T13:41:08.481+0000] {processor.py:914} INFO - Processing file /home/komal/data-engineering-projects/airflow-spark-pipeline/airflow_venv/lib/python3.11/site-packages/airflow/example_dags/example_short_circuit_decorator.py for tasks to queue
[2026-03-18T13:41:08.484+0000] {logging_mixin.py:190} INFO - [2026-03-18T13:41:08.483+0000] {dagbag.py:588} INFO - Filling up the DagBag from /home/komal/data-engineering-projects/airflow-spark-pipeline/airflow_venv/lib/python3.11/site-packages/airflow/example_dags/example_short_circuit_decorator.py
[2026-03-18T13:41:08.492+0000] {processor.py:925} INFO - DAG(s) 'example_short_circuit_decorator' retrieved from /home/komal/data-engineering-projects/airflow-spark-pipeline/airflow_venv/lib/python3.11/site-packages/airflow/example_dags/example_short_circuit_decorator.py
[2026-03-18T13:41:08.505+0000] {logging_mixin.py:190} INFO - [2026-03-18T13:41:08.505+0000] {dag.py:3239} INFO - Sync 1 DAGs
[2026-03-18T13:41:08.514+0000] {logging_mixin.py:190} INFO - [2026-03-18T13:41:08.514+0000] {dag.py:4180} INFO - Setting next_dagrun for example_short_circuit_decorator to None, run_after=None
[2026-03-18T13:41:08.541+0000] {processor.py:208} INFO - Processing /home/komal/data-engineering-projects/airflow-spark-pipeline/airflow_venv/lib/python3.11/site-packages/airflow/example_dags/example_short_circuit_decorator.py took 0.070 seconds
[2026-03-18T13:42:06.215+0000] {processor.py:186} INFO - Started process (PID=36187) to work on /home/komal/data-engineering-projects/airflow-spark-pipeline/airflow_venv/lib/python3.11/site-packages/airflow/example_dags/example_short_circuit_decorator.py
[2026-03-18T13:42:06.248+0000] {processor.py:914} INFO - Processing file /home/komal/data-engineering-projects/airflow-spark-pipeline/airflow_venv/lib/python3.11/site-packages/airflow/example_dags/example_short_circuit_decorator.py for tasks to queue
[2026-03-18T13:42:06.252+0000] {logging_mixin.py:190} INFO - [2026-03-18T13:42:06.251+0000] {dagbag.py:588} INFO - Filling up the DagBag from /home/komal/data-engineering-projects/airflow-spark-pipeline/airflow_venv/lib/python3.11/site-packages/airflow/example_dags/example_short_circuit_decorator.py
[2026-03-18T13:42:06.266+0000] {processor.py:925} INFO - DAG(s) 'example_short_circuit_decorator' retrieved from /home/komal/data-engineering-projects/airflow-spark-pipeline/airflow_venv/lib/python3.11/site-packages/airflow/example_dags/example_short_circuit_decorator.py
[2026-03-18T13:42:06.288+0000] {logging_mixin.py:190} INFO - [2026-03-18T13:42:06.287+0000] {dag.py:3239} INFO - Sync 1 DAGs
[2026-03-18T13:42:06.305+0000] {logging_mixin.py:190} INFO - [2026-03-18T13:42:06.305+0000] {dag.py:4180} INFO - Setting next_dagrun for example_short_circuit_decorator to None, run_after=None
[2026-03-18T13:42:06.330+0000] {processor.py:208} INFO - Processing /home/komal/data-engineering-projects/airflow-spark-pipeline/airflow_venv/lib/python3.11/site-packages/airflow/example_dags/example_short_circuit_decorator.py took 0.127 seconds
[2026-03-18T13:43:08.138+0000] {processor.py:186} INFO - Started process (PID=36281) to work on /home/komal/data-engineering-projects/airflow-spark-pipeline/airflow_venv/lib/python3.11/site-packages/airflow/example_dags/example_short_circuit_decorator.py
[2026-03-18T13:43:08.140+0000] {processor.py:914} INFO - Processing file /home/komal/data-engineering-projects/airflow-spark-pipeline/airflow_venv/lib/python3.11/site-packages/airflow/example_dags/example_short_circuit_decorator.py for tasks to queue
[2026-03-18T13:43:08.141+0000] {logging_mixin.py:190} INFO - [2026-03-18T13:43:08.141+0000] {dagbag.py:588} INFO - Filling up the DagBag from /home/komal/data-engineering-projects/airflow-spark-pipeline/airflow_venv/lib/python3.11/site-packages/airflow/example_dags/example_short_circuit_decorator.py
[2026-03-18T13:43:08.149+0000] {processor.py:925} INFO - DAG(s) 'example_short_circuit_decorator' retrieved from /home/komal/data-engineering-projects/airflow-spark-pipeline/airflow_venv/lib/python3.11/site-packages/airflow/example_dags/example_short_circuit_decorator.py
[2026-03-18T13:43:08.163+0000] {logging_mixin.py:190} INFO - [2026-03-18T13:43:08.163+0000] {dag.py:3239} INFO - Sync 1 DAGs
[2026-03-18T13:43:08.172+0000] {logging_mixin.py:190} INFO - [2026-03-18T13:43:08.172+0000] {dag.py:4180} INFO - Setting next_dagrun for example_short_circuit_decorator to None, run_after=None
[2026-03-18T13:43:08.240+0000] {processor.py:208} INFO - Processing /home/komal/data-engineering-projects/airflow-spark-pipeline/airflow_venv/lib/python3.11/site-packages/airflow/example_dags/example_short_circuit_decorator.py took 0.107 seconds
[2026-03-18T13:44:15.329+0000] {processor.py:186} INFO - Started process (PID=36347) to work on /home/komal/data-engineering-projects/airflow-spark-pipeline/airflow_venv/lib/python3.11/site-packages/airflow/example_dags/example_short_circuit_decorator.py
[2026-03-18T13:44:15.361+0000] {processor.py:914} INFO - Processing file /home/komal/data-engineering-projects/airflow-spark-pipeline/airflow_venv/lib/python3.11/site-packages/airflow/example_dags/example_short_circuit_decorator.py for tasks to queue
[2026-03-18T13:44:15.363+0000] {logging_mixin.py:190} INFO - [2026-03-18T13:44:15.363+0000] {dagbag.py:588} INFO - Filling up the DagBag from /home/komal/data-engineering-projects/airflow-spark-pipeline/airflow_venv/lib/python3.11/site-packages/airflow/example_dags/example_short_circuit_decorator.py
[2026-03-18T13:44:15.376+0000] {processor.py:925} INFO - DAG(s) 'example_short_circuit_decorator' retrieved from /home/komal/data-engineering-projects/airflow-spark-pipeline/airflow_venv/lib/python3.11/site-packages/airflow/example_dags/example_short_circuit_decorator.py
[2026-03-18T13:44:15.389+0000] {logging_mixin.py:190} INFO - [2026-03-18T13:44:15.389+0000] {dag.py:3239} INFO - Sync 1 DAGs
[2026-03-18T13:44:15.397+0000] {logging_mixin.py:190} INFO - [2026-03-18T13:44:15.397+0000] {dag.py:4180} INFO - Setting next_dagrun for example_short_circuit_decorator to None, run_after=None
[2026-03-18T13:44:15.428+0000] {processor.py:208} INFO - Processing /home/komal/data-engineering-projects/airflow-spark-pipeline/airflow_venv/lib/python3.11/site-packages/airflow/example_dags/example_short_circuit_decorator.py took 0.113 seconds
[2026-03-18T13:45:24.310+0000] {processor.py:186} INFO - Started process (PID=36413) to work on /home/komal/data-engineering-projects/airflow-spark-pipeline/airflow_venv/lib/python3.11/site-packages/airflow/example_dags/example_short_circuit_decorator.py
[2026-03-18T13:45:24.344+0000] {processor.py:914} INFO - Processing file /home/komal/data-engineering-projects/airflow-spark-pipeline/airflow_venv/lib/python3.11/site-packages/airflow/example_dags/example_short_circuit_decorator.py for tasks to queue
[2026-03-18T13:45:24.348+0000] {logging_mixin.py:190} INFO - [2026-03-18T13:45:24.348+0000] {dagbag.py:588} INFO - Filling up the DagBag from /home/komal/data-engineering-projects/airflow-spark-pipeline/airflow_venv/lib/python3.11/site-packages/airflow/example_dags/example_short_circuit_decorator.py
[2026-03-18T13:45:24.369+0000] {processor.py:925} INFO - DAG(s) 'example_short_circuit_decorator' retrieved from /home/komal/data-engineering-projects/airflow-spark-pipeline/airflow_venv/lib/python3.11/site-packages/airflow/example_dags/example_short_circuit_decorator.py
[2026-03-18T13:45:24.384+0000] {logging_mixin.py:190} INFO - [2026-03-18T13:45:24.384+0000] {dag.py:3239} INFO - Sync 1 DAGs
[2026-03-18T13:45:24.391+0000] {logging_mixin.py:190} INFO - [2026-03-18T13:45:24.391+0000] {dag.py:4180} INFO - Setting next_dagrun for example_short_circuit_decorator to None, run_after=None
[2026-03-18T13:45:24.416+0000] {processor.py:208} INFO - Processing /home/komal/data-engineering-projects/airflow-spark-pipeline/airflow_venv/lib/python3.11/site-packages/airflow/example_dags/example_short_circuit_decorator.py took 0.118 seconds
[2026-03-18T13:46:31.707+0000] {processor.py:186} INFO - Started process (PID=36478) to work on /home/komal/data-engineering-projects/airflow-spark-pipeline/airflow_venv/lib/python3.11/site-packages/airflow/example_dags/example_short_circuit_decorator.py
[2026-03-18T13:46:31.726+0000] {processor.py:914} INFO - Processing file /home/komal/data-engineering-projects/airflow-spark-pipeline/airflow_venv/lib/python3.11/site-packages/airflow/example_dags/example_short_circuit_decorator.py for tasks to queue
[2026-03-18T13:46:31.729+0000] {logging_mixin.py:190} INFO - [2026-03-18T13:46:31.728+0000] {dagbag.py:588} INFO - Filling up the DagBag from /home/komal/data-engineering-projects/airflow-spark-pipeline/airflow_venv/lib/python3.11/site-packages/airflow/example_dags/example_short_circuit_decorator.py
[2026-03-18T13:46:31.738+0000] {processor.py:925} INFO - DAG(s) 'example_short_circuit_decorator' retrieved from /home/komal/data-engineering-projects/airflow-spark-pipeline/airflow_venv/lib/python3.11/site-packages/airflow/example_dags/example_short_circuit_decorator.py
[2026-03-18T13:46:31.753+0000] {logging_mixin.py:190} INFO - [2026-03-18T13:46:31.752+0000] {dag.py:3239} INFO - Sync 1 DAGs
[2026-03-18T13:46:31.762+0000] {logging_mixin.py:190} INFO - [2026-03-18T13:46:31.761+0000] {dag.py:4180} INFO - Setting next_dagrun for example_short_circuit_decorator to None, run_after=None
[2026-03-18T13:46:31.783+0000] {processor.py:208} INFO - Processing /home/komal/data-engineering-projects/airflow-spark-pipeline/airflow_venv/lib/python3.11/site-packages/airflow/example_dags/example_short_circuit_decorator.py took 0.080 seconds
[2026-03-18T13:47:32.495+0000] {processor.py:186} INFO - Started process (PID=36539) to work on /home/komal/data-engineering-projects/airflow-spark-pipeline/airflow_venv/lib/python3.11/site-packages/airflow/example_dags/example_short_circuit_decorator.py
[2026-03-18T13:47:32.528+0000] {processor.py:914} INFO - Processing file /home/komal/data-engineering-projects/airflow-spark-pipeline/airflow_venv/lib/python3.11/site-packages/airflow/example_dags/example_short_circuit_decorator.py for tasks to queue
[2026-03-18T13:47:32.531+0000] {logging_mixin.py:190} INFO - [2026-03-18T13:47:32.531+0000] {dagbag.py:588} INFO - Filling up the DagBag from /home/komal/data-engineering-projects/airflow-spark-pipeline/airflow_venv/lib/python3.11/site-packages/airflow/example_dags/example_short_circuit_decorator.py
[2026-03-18T13:47:32.547+0000] {processor.py:925} INFO - DAG(s) 'example_short_circuit_decorator' retrieved from /home/komal/data-engineering-projects/airflow-spark-pipeline/airflow_venv/lib/python3.11/site-packages/airflow/example_dags/example_short_circuit_decorator.py
[2026-03-18T13:47:32.561+0000] {logging_mixin.py:190} INFO - [2026-03-18T13:47:32.560+0000] {dag.py:3239} INFO - Sync 1 DAGs
[2026-03-18T13:47:32.569+0000] {logging_mixin.py:190} INFO - [2026-03-18T13:47:32.569+0000] {dag.py:4180} INFO - Setting next_dagrun for example_short_circuit_decorator to None, run_after=None
[2026-03-18T13:47:32.593+0000] {processor.py:208} INFO - Processing /home/komal/data-engineering-projects/airflow-spark-pipeline/airflow_venv/lib/python3.11/site-packages/airflow/example_dags/example_short_circuit_decorator.py took 0.107 seconds
[2026-03-18T13:48:39.993+0000] {processor.py:186} INFO - Started process (PID=36602) to work on /home/komal/data-engineering-projects/airflow-spark-pipeline/airflow_venv/lib/python3.11/site-packages/airflow/example_dags/example_short_circuit_decorator.py
[2026-03-18T13:48:40.026+0000] {processor.py:914} INFO - Processing file /home/komal/data-engineering-projects/airflow-spark-pipeline/airflow_venv/lib/python3.11/site-packages/airflow/example_dags/example_short_circuit_decorator.py for tasks to queue
[2026-03-18T13:48:40.029+0000] {logging_mixin.py:190} INFO - [2026-03-18T13:48:40.029+0000] {dagbag.py:588} INFO - Filling up the DagBag from /home/komal/data-engineering-projects/airflow-spark-pipeline/airflow_venv/lib/python3.11/site-packages/airflow/example_dags/example_short_circuit_decorator.py
[2026-03-18T13:48:40.046+0000] {processor.py:925} INFO - DAG(s) 'example_short_circuit_decorator' retrieved from /home/komal/data-engineering-projects/airflow-spark-pipeline/airflow_venv/lib/python3.11/site-packages/airflow/example_dags/example_short_circuit_decorator.py
[2026-03-18T13:48:40.058+0000] {logging_mixin.py:190} INFO - [2026-03-18T13:48:40.058+0000] {dag.py:3239} INFO - Sync 1 DAGs
[2026-03-18T13:48:40.066+0000] {logging_mixin.py:190} INFO - [2026-03-18T13:48:40.066+0000] {dag.py:4180} INFO - Setting next_dagrun for example_short_circuit_decorator to None, run_after=None
[2026-03-18T13:48:40.090+0000] {processor.py:208} INFO - Processing /home/komal/data-engineering-projects/airflow-spark-pipeline/airflow_venv/lib/python3.11/site-packages/airflow/example_dags/example_short_circuit_decorator.py took 0.107 seconds
[2026-03-18T13:49:45.071+0000] {processor.py:186} INFO - Started process (PID=36666) to work on /home/komal/data-engineering-projects/airflow-spark-pipeline/airflow_venv/lib/python3.11/site-packages/airflow/example_dags/example_short_circuit_decorator.py
[2026-03-18T13:49:45.104+0000] {processor.py:914} INFO - Processing file /home/komal/data-engineering-projects/airflow-spark-pipeline/airflow_venv/lib/python3.11/site-packages/airflow/example_dags/example_short_circuit_decorator.py for tasks to queue
[2026-03-18T13:49:45.108+0000] {logging_mixin.py:190} INFO - [2026-03-18T13:49:45.107+0000] {dagbag.py:588} INFO - Filling up the DagBag from /home/komal/data-engineering-projects/airflow-spark-pipeline/airflow_venv/lib/python3.11/site-packages/airflow/example_dags/example_short_circuit_decorator.py
[2026-03-18T13:49:45.126+0000] {processor.py:925} INFO - DAG(s) 'example_short_circuit_decorator' retrieved from /home/komal/data-engineering-projects/airflow-spark-pipeline/airflow_venv/lib/python3.11/site-packages/airflow/example_dags/example_short_circuit_decorator.py
[2026-03-18T13:49:45.150+0000] {logging_mixin.py:190} INFO - [2026-03-18T13:49:45.150+0000] {dag.py:3239} INFO - Sync 1 DAGs
[2026-03-18T13:49:45.158+0000] {logging_mixin.py:190} INFO - [2026-03-18T13:49:45.158+0000] {dag.py:4180} INFO - Setting next_dagrun for example_short_circuit_decorator to None, run_after=None
[2026-03-18T13:49:45.189+0000] {processor.py:208} INFO - Processing /home/komal/data-engineering-projects/airflow-spark-pipeline/airflow_venv/lib/python3.11/site-packages/airflow/example_dags/example_short_circuit_decorator.py took 0.129 seconds
[2026-03-18T13:50:49.064+0000] {processor.py:186} INFO - Started process (PID=36729) to work on /home/komal/data-engineering-projects/airflow-spark-pipeline/airflow_venv/lib/python3.11/site-packages/airflow/example_dags/example_short_circuit_decorator.py
[2026-03-18T13:50:49.097+0000] {processor.py:914} INFO - Processing file /home/komal/data-engineering-projects/airflow-spark-pipeline/airflow_venv/lib/python3.11/site-packages/airflow/example_dags/example_short_circuit_decorator.py for tasks to queue
[2026-03-18T13:50:49.101+0000] {logging_mixin.py:190} INFO - [2026-03-18T13:50:49.100+0000] {dagbag.py:588} INFO - Filling up the DagBag from /home/komal/data-engineering-projects/airflow-spark-pipeline/airflow_venv/lib/python3.11/site-packages/airflow/example_dags/example_short_circuit_decorator.py
[2026-03-18T13:50:49.116+0000] {processor.py:925} INFO - DAG(s) 'example_short_circuit_decorator' retrieved from /home/komal/data-engineering-projects/airflow-spark-pipeline/airflow_venv/lib/python3.11/site-packages/airflow/example_dags/example_short_circuit_decorator.py
[2026-03-18T13:50:49.129+0000] {logging_mixin.py:190} INFO - [2026-03-18T13:50:49.129+0000] {dag.py:3239} INFO - Sync 1 DAGs
[2026-03-18T13:50:49.136+0000] {logging_mixin.py:190} INFO - [2026-03-18T13:50:49.136+0000] {dag.py:4180} INFO - Setting next_dagrun for example_short_circuit_decorator to None, run_after=None
[2026-03-18T13:50:49.162+0000] {processor.py:208} INFO - Processing /home/komal/data-engineering-projects/airflow-spark-pipeline/airflow_venv/lib/python3.11/site-packages/airflow/example_dags/example_short_circuit_decorator.py took 0.108 seconds
[2026-03-18T13:51:57.267+0000] {processor.py:186} INFO - Started process (PID=36794) to work on /home/komal/data-engineering-projects/airflow-spark-pipeline/airflow_venv/lib/python3.11/site-packages/airflow/example_dags/example_short_circuit_decorator.py
[2026-03-18T13:51:57.270+0000] {processor.py:914} INFO - Processing file /home/komal/data-engineering-projects/airflow-spark-pipeline/airflow_venv/lib/python3.11/site-packages/airflow/example_dags/example_short_circuit_decorator.py for tasks to queue
[2026-03-18T13:51:57.275+0000] {logging_mixin.py:190} INFO - [2026-03-18T13:51:57.274+0000] {dagbag.py:588} INFO - Filling up the DagBag from /home/komal/data-engineering-projects/airflow-spark-pipeline/airflow_venv/lib/python3.11/site-packages/airflow/example_dags/example_short_circuit_decorator.py
[2026-03-18T13:51:57.288+0000] {processor.py:925} INFO - DAG(s) 'example_short_circuit_decorator' retrieved from /home/komal/data-engineering-projects/airflow-spark-pipeline/airflow_venv/lib/python3.11/site-packages/airflow/example_dags/example_short_circuit_decorator.py
[2026-03-18T13:51:57.299+0000] {logging_mixin.py:190} INFO - [2026-03-18T13:51:57.299+0000] {dag.py:3239} INFO - Sync 1 DAGs
[2026-03-18T13:51:57.310+0000] {logging_mixin.py:190} INFO - [2026-03-18T13:51:57.309+0000] {dag.py:4180} INFO - Setting next_dagrun for example_short_circuit_decorator to None, run_after=None
[2026-03-18T13:51:57.342+0000] {processor.py:208} INFO - Processing /home/komal/data-engineering-projects/airflow-spark-pipeline/airflow_venv/lib/python3.11/site-packages/airflow/example_dags/example_short_circuit_decorator.py took 0.085 seconds
[2026-03-18T13:52:59.122+0000] {processor.py:186} INFO - Started process (PID=36856) to work on /home/komal/data-engineering-projects/airflow-spark-pipeline/airflow_venv/lib/python3.11/site-packages/airflow/example_dags/example_short_circuit_decorator.py
[2026-03-18T13:52:59.154+0000] {processor.py:914} INFO - Processing file /home/komal/data-engineering-projects/airflow-spark-pipeline/airflow_venv/lib/python3.11/site-packages/airflow/example_dags/example_short_circuit_decorator.py for tasks to queue
[2026-03-18T13:52:59.158+0000] {logging_mixin.py:190} INFO - [2026-03-18T13:52:59.158+0000] {dagbag.py:588} INFO - Filling up the DagBag from /home/komal/data-engineering-projects/airflow-spark-pipeline/airflow_venv/lib/python3.11/site-packages/airflow/example_dags/example_short_circuit_decorator.py
[2026-03-18T13:52:59.176+0000] {processor.py:925} INFO - DAG(s) 'example_short_circuit_decorator' retrieved from /home/komal/data-engineering-projects/airflow-spark-pipeline/airflow_venv/lib/python3.11/site-packages/airflow/example_dags/example_short_circuit_decorator.py
[2026-03-18T13:52:59.203+0000] {logging_mixin.py:190} INFO - [2026-03-18T13:52:59.203+0000] {dag.py:3239} INFO - Sync 1 DAGs
[2026-03-18T13:52:59.218+0000] {logging_mixin.py:190} INFO - [2026-03-18T13:52:59.217+0000] {dag.py:4180} INFO - Setting next_dagrun for example_short_circuit_decorator to None, run_after=None
[2026-03-18T13:52:59.247+0000] {processor.py:208} INFO - Processing /home/komal/data-engineering-projects/airflow-spark-pipeline/airflow_venv/lib/python3.11/site-packages/airflow/example_dags/example_short_circuit_decorator.py took 0.133 seconds
[2026-03-18T13:54:08.879+0000] {processor.py:186} INFO - Started process (PID=36919) to work on /home/komal/data-engineering-projects/airflow-spark-pipeline/airflow_venv/lib/python3.11/site-packages/airflow/example_dags/example_short_circuit_decorator.py
[2026-03-18T13:54:08.881+0000] {processor.py:914} INFO - Processing file /home/komal/data-engineering-projects/airflow-spark-pipeline/airflow_venv/lib/python3.11/site-packages/airflow/example_dags/example_short_circuit_decorator.py for tasks to queue
[2026-03-18T13:54:08.882+0000] {logging_mixin.py:190} INFO - [2026-03-18T13:54:08.882+0000] {dagbag.py:588} INFO - Filling up the DagBag from /home/komal/data-engineering-projects/airflow-spark-pipeline/airflow_venv/lib/python3.11/site-packages/airflow/example_dags/example_short_circuit_decorator.py
[2026-03-18T13:54:08.896+0000] {processor.py:925} INFO - DAG(s) 'example_short_circuit_decorator' retrieved from /home/komal/data-engineering-projects/airflow-spark-pipeline/airflow_venv/lib/python3.11/site-packages/airflow/example_dags/example_short_circuit_decorator.py
[2026-03-18T13:54:08.909+0000] {logging_mixin.py:190} INFO - [2026-03-18T13:54:08.909+0000] {dag.py:3239} INFO - Sync 1 DAGs
[2026-03-18T13:54:08.917+0000] {logging_mixin.py:190} INFO - [2026-03-18T13:54:08.917+0000] {dag.py:4180} INFO - Setting next_dagrun for example_short_circuit_decorator to None, run_after=None
[2026-03-18T13:54:08.947+0000] {processor.py:208} INFO - Processing /home/komal/data-engineering-projects/airflow-spark-pipeline/airflow_venv/lib/python3.11/site-packages/airflow/example_dags/example_short_circuit_decorator.py took 0.073 seconds
[2026-03-18T13:55:14.747+0000] {processor.py:186} INFO - Started process (PID=36984) to work on /home/komal/data-engineering-projects/airflow-spark-pipeline/airflow_venv/lib/python3.11/site-packages/airflow/example_dags/example_short_circuit_decorator.py
[2026-03-18T13:55:14.779+0000] {processor.py:914} INFO - Processing file /home/komal/data-engineering-projects/airflow-spark-pipeline/airflow_venv/lib/python3.11/site-packages/airflow/example_dags/example_short_circuit_decorator.py for tasks to queue
[2026-03-18T13:55:14.782+0000] {logging_mixin.py:190} INFO - [2026-03-18T13:55:14.782+0000] {dagbag.py:588} INFO - Filling up the DagBag from /home/komal/data-engineering-projects/airflow-spark-pipeline/airflow_venv/lib/python3.11/site-packages/airflow/example_dags/example_short_circuit_decorator.py
[2026-03-18T13:55:14.795+0000] {processor.py:925} INFO - DAG(s) 'example_short_circuit_decorator' retrieved from /home/komal/data-engineering-projects/airflow-spark-pipeline/airflow_venv/lib/python3.11/site-packages/airflow/example_dags/example_short_circuit_decorator.py
[2026-03-18T13:55:14.811+0000] {logging_mixin.py:190} INFO - [2026-03-18T13:55:14.811+0000] {dag.py:3239} INFO - Sync 1 DAGs
[2026-03-18T13:55:14.819+0000] {logging_mixin.py:190} INFO - [2026-03-18T13:55:14.819+0000] {dag.py:4180} INFO - Setting next_dagrun for example_short_circuit_decorator to None, run_after=None
[2026-03-18T13:55:14.844+0000] {processor.py:208} INFO - Processing /home/komal/data-engineering-projects/airflow-spark-pipeline/airflow_venv/lib/python3.11/site-packages/airflow/example_dags/example_short_circuit_decorator.py took 0.106 seconds
[2026-03-18T13:56:21.496+0000] {processor.py:186} INFO - Started process (PID=37047) to work on /home/komal/data-engineering-projects/airflow-spark-pipeline/airflow_venv/lib/python3.11/site-packages/airflow/example_dags/example_short_circuit_decorator.py
[2026-03-18T13:56:21.499+0000] {processor.py:914} INFO - Processing file /home/komal/data-engineering-projects/airflow-spark-pipeline/airflow_venv/lib/python3.11/site-packages/airflow/example_dags/example_short_circuit_decorator.py for tasks to queue
[2026-03-18T13:56:21.501+0000] {logging_mixin.py:190} INFO - [2026-03-18T13:56:21.500+0000] {dagbag.py:588} INFO - Filling up the DagBag from /home/komal/data-engineering-projects/airflow-spark-pipeline/airflow_venv/lib/python3.11/site-packages/airflow/example_dags/example_short_circuit_decorator.py
[2026-03-18T13:56:21.509+0000] {processor.py:925} INFO - DAG(s) 'example_short_circuit_decorator' retrieved from /home/komal/data-engineering-projects/airflow-spark-pipeline/airflow_venv/lib/python3.11/site-packages/airflow/example_dags/example_short_circuit_decorator.py
[2026-03-18T13:56:21.520+0000] {logging_mixin.py:190} INFO - [2026-03-18T13:56:21.520+0000] {dag.py:3239} INFO - Sync 1 DAGs
[2026-03-18T13:56:21.528+0000] {logging_mixin.py:190} INFO - [2026-03-18T13:56:21.527+0000] {dag.py:4180} INFO - Setting next_dagrun for example_short_circuit_decorator to None, run_after=None
[2026-03-18T13:56:21.551+0000] {processor.py:208} INFO - Processing /home/komal/data-engineering-projects/airflow-spark-pipeline/airflow_venv/lib/python3.11/site-packages/airflow/example_dags/example_short_circuit_decorator.py took 0.063 seconds
[2026-03-18T13:57:28.850+0000] {processor.py:186} INFO - Started process (PID=37113) to work on /home/komal/data-engineering-projects/airflow-spark-pipeline/airflow_venv/lib/python3.11/site-packages/airflow/example_dags/example_short_circuit_decorator.py
[2026-03-18T13:57:28.861+0000] {processor.py:914} INFO - Processing file /home/komal/data-engineering-projects/airflow-spark-pipeline/airflow_venv/lib/python3.11/site-packages/airflow/example_dags/example_short_circuit_decorator.py for tasks to queue
[2026-03-18T13:57:28.864+0000] {logging_mixin.py:190} INFO - [2026-03-18T13:57:28.863+0000] {dagbag.py:588} INFO - Filling up the DagBag from /home/komal/data-engineering-projects/airflow-spark-pipeline/airflow_venv/lib/python3.11/site-packages/airflow/example_dags/example_short_circuit_decorator.py
[2026-03-18T13:57:28.875+0000] {processor.py:925} INFO - DAG(s) 'example_short_circuit_decorator' retrieved from /home/komal/data-engineering-projects/airflow-spark-pipeline/airflow_venv/lib/python3.11/site-packages/airflow/example_dags/example_short_circuit_decorator.py
[2026-03-18T13:57:28.888+0000] {logging_mixin.py:190} INFO - [2026-03-18T13:57:28.888+0000] {dag.py:3239} INFO - Sync 1 DAGs
[2026-03-18T13:57:28.897+0000] {logging_mixin.py:190} INFO - [2026-03-18T13:57:28.897+0000] {dag.py:4180} INFO - Setting next_dagrun for example_short_circuit_decorator to None, run_after=None
[2026-03-18T13:57:28.920+0000] {processor.py:208} INFO - Processing /home/komal/data-engineering-projects/airflow-spark-pipeline/airflow_venv/lib/python3.11/site-packages/airflow/example_dags/example_short_circuit_decorator.py took 0.079 seconds
[2026-03-18T14:01:12.416+0000] {processor.py:186} INFO - Started process (PID=37181) to work on /home/komal/data-engineering-projects/airflow-spark-pipeline/airflow_venv/lib/python3.11/site-packages/airflow/example_dags/example_short_circuit_decorator.py
[2026-03-18T14:01:12.418+0000] {processor.py:914} INFO - Processing file /home/komal/data-engineering-projects/airflow-spark-pipeline/airflow_venv/lib/python3.11/site-packages/airflow/example_dags/example_short_circuit_decorator.py for tasks to queue
[2026-03-18T14:01:12.419+0000] {logging_mixin.py:190} INFO - [2026-03-18T14:01:12.419+0000] {dagbag.py:588} INFO - Filling up the DagBag from /home/komal/data-engineering-projects/airflow-spark-pipeline/airflow_venv/lib/python3.11/site-packages/airflow/example_dags/example_short_circuit_decorator.py
[2026-03-18T14:01:12.428+0000] {processor.py:925} INFO - DAG(s) 'example_short_circuit_decorator' retrieved from /home/komal/data-engineering-projects/airflow-spark-pipeline/airflow_venv/lib/python3.11/site-packages/airflow/example_dags/example_short_circuit_decorator.py
[2026-03-18T14:01:12.441+0000] {logging_mixin.py:190} INFO - [2026-03-18T14:01:12.441+0000] {dag.py:3239} INFO - Sync 1 DAGs
[2026-03-18T14:01:12.452+0000] {logging_mixin.py:190} INFO - [2026-03-18T14:01:12.452+0000] {dag.py:4180} INFO - Setting next_dagrun for example_short_circuit_decorator to None, run_after=None
[2026-03-18T14:01:12.472+0000] {processor.py:208} INFO - Processing /home/komal/data-engineering-projects/airflow-spark-pipeline/airflow_venv/lib/python3.11/site-packages/airflow/example_dags/example_short_circuit_decorator.py took 0.061 seconds
[2026-03-18T14:02:33.612+0000] {processor.py:186} INFO - Started process (PID=37266) to work on /home/komal/data-engineering-projects/airflow-spark-pipeline/airflow_venv/lib/python3.11/site-packages/airflow/example_dags/example_short_circuit_decorator.py
[2026-03-18T14:02:33.644+0000] {processor.py:914} INFO - Processing file /home/komal/data-engineering-projects/airflow-spark-pipeline/airflow_venv/lib/python3.11/site-packages/airflow/example_dags/example_short_circuit_decorator.py for tasks to queue
[2026-03-18T14:02:33.648+0000] {logging_mixin.py:190} INFO - [2026-03-18T14:02:33.647+0000] {dagbag.py:588} INFO - Filling up the DagBag from /home/komal/data-engineering-projects/airflow-spark-pipeline/airflow_venv/lib/python3.11/site-packages/airflow/example_dags/example_short_circuit_decorator.py
[2026-03-18T14:02:33.662+0000] {processor.py:925} INFO - DAG(s) 'example_short_circuit_decorator' retrieved from /home/komal/data-engineering-projects/airflow-spark-pipeline/airflow_venv/lib/python3.11/site-packages/airflow/example_dags/example_short_circuit_decorator.py
[2026-03-18T14:02:33.674+0000] {logging_mixin.py:190} INFO - [2026-03-18T14:02:33.674+0000] {dag.py:3239} INFO - Sync 1 DAGs
[2026-03-18T14:02:33.681+0000] {logging_mixin.py:190} INFO - [2026-03-18T14:02:33.681+0000] {dag.py:4180} INFO - Setting next_dagrun for example_short_circuit_decorator to None, run_after=None
[2026-03-18T14:02:33.707+0000] {processor.py:208} INFO - Processing /home/komal/data-engineering-projects/airflow-spark-pipeline/airflow_venv/lib/python3.11/site-packages/airflow/example_dags/example_short_circuit_decorator.py took 0.104 seconds
[2026-03-18T14:03:32.147+0000] {processor.py:186} INFO - Started process (PID=37370) to work on /home/komal/data-engineering-projects/airflow-spark-pipeline/airflow_venv/lib/python3.11/site-packages/airflow/example_dags/example_short_circuit_decorator.py
[2026-03-18T14:03:32.178+0000] {processor.py:914} INFO - Processing file /home/komal/data-engineering-projects/airflow-spark-pipeline/airflow_venv/lib/python3.11/site-packages/airflow/example_dags/example_short_circuit_decorator.py for tasks to queue
[2026-03-18T14:03:32.181+0000] {logging_mixin.py:190} INFO - [2026-03-18T14:03:32.181+0000] {dagbag.py:588} INFO - Filling up the DagBag from /home/komal/data-engineering-projects/airflow-spark-pipeline/airflow_venv/lib/python3.11/site-packages/airflow/example_dags/example_short_circuit_decorator.py
[2026-03-18T14:03:32.196+0000] {processor.py:925} INFO - DAG(s) 'example_short_circuit_decorator' retrieved from /home/komal/data-engineering-projects/airflow-spark-pipeline/airflow_venv/lib/python3.11/site-packages/airflow/example_dags/example_short_circuit_decorator.py
[2026-03-18T14:03:32.210+0000] {logging_mixin.py:190} INFO - [2026-03-18T14:03:32.210+0000] {dag.py:3239} INFO - Sync 1 DAGs
[2026-03-18T14:03:32.219+0000] {logging_mixin.py:190} INFO - [2026-03-18T14:03:32.219+0000] {dag.py:4180} INFO - Setting next_dagrun for example_short_circuit_decorator to None, run_after=None
[2026-03-18T14:03:32.247+0000] {processor.py:208} INFO - Processing /home/komal/data-engineering-projects/airflow-spark-pipeline/airflow_venv/lib/python3.11/site-packages/airflow/example_dags/example_short_circuit_decorator.py took 0.107 seconds
[2026-03-18T14:04:33.162+0000] {processor.py:186} INFO - Started process (PID=37432) to work on /home/komal/data-engineering-projects/airflow-spark-pipeline/airflow_venv/lib/python3.11/site-packages/airflow/example_dags/example_short_circuit_decorator.py
[2026-03-18T14:04:33.193+0000] {processor.py:914} INFO - Processing file /home/komal/data-engineering-projects/airflow-spark-pipeline/airflow_venv/lib/python3.11/site-packages/airflow/example_dags/example_short_circuit_decorator.py for tasks to queue
[2026-03-18T14:04:33.196+0000] {logging_mixin.py:190} INFO - [2026-03-18T14:04:33.196+0000] {dagbag.py:588} INFO - Filling up the DagBag from /home/komal/data-engineering-projects/airflow-spark-pipeline/airflow_venv/lib/python3.11/site-packages/airflow/example_dags/example_short_circuit_decorator.py
[2026-03-18T14:04:33.206+0000] {processor.py:925} INFO - DAG(s) 'example_short_circuit_decorator' retrieved from /home/komal/data-engineering-projects/airflow-spark-pipeline/airflow_venv/lib/python3.11/site-packages/airflow/example_dags/example_short_circuit_decorator.py
[2026-03-18T14:04:33.222+0000] {logging_mixin.py:190} INFO - [2026-03-18T14:04:33.222+0000] {dag.py:3239} INFO - Sync 1 DAGs
[2026-03-18T14:04:33.232+0000] {logging_mixin.py:190} INFO - [2026-03-18T14:04:33.232+0000] {dag.py:4180} INFO - Setting next_dagrun for example_short_circuit_decorator to None, run_after=None
[2026-03-18T14:04:33.263+0000] {processor.py:208} INFO - Processing /home/komal/data-engineering-projects/airflow-spark-pipeline/airflow_venv/lib/python3.11/site-packages/airflow/example_dags/example_short_circuit_decorator.py took 0.106 seconds
[2026-03-18T14:05:33.980+0000] {processor.py:186} INFO - Started process (PID=37563) to work on /home/komal/data-engineering-projects/airflow-spark-pipeline/airflow_venv/lib/python3.11/site-packages/airflow/example_dags/example_short_circuit_decorator.py
[2026-03-18T14:05:34.012+0000] {processor.py:914} INFO - Processing file /home/komal/data-engineering-projects/airflow-spark-pipeline/airflow_venv/lib/python3.11/site-packages/airflow/example_dags/example_short_circuit_decorator.py for tasks to queue
[2026-03-18T14:05:34.015+0000] {logging_mixin.py:190} INFO - [2026-03-18T14:05:34.015+0000] {dagbag.py:588} INFO - Filling up the DagBag from /home/komal/data-engineering-projects/airflow-spark-pipeline/airflow_venv/lib/python3.11/site-packages/airflow/example_dags/example_short_circuit_decorator.py
[2026-03-18T14:05:34.031+0000] {processor.py:925} INFO - DAG(s) 'example_short_circuit_decorator' retrieved from /home/komal/data-engineering-projects/airflow-spark-pipeline/airflow_venv/lib/python3.11/site-packages/airflow/example_dags/example_short_circuit_decorator.py
[2026-03-18T14:05:34.043+0000] {logging_mixin.py:190} INFO - [2026-03-18T14:05:34.043+0000] {dag.py:3239} INFO - Sync 1 DAGs
[2026-03-18T14:05:34.052+0000] {logging_mixin.py:190} INFO - [2026-03-18T14:05:34.052+0000] {dag.py:4180} INFO - Setting next_dagrun for example_short_circuit_decorator to None, run_after=None
[2026-03-18T14:05:34.072+0000] {processor.py:208} INFO - Processing /home/komal/data-engineering-projects/airflow-spark-pipeline/airflow_venv/lib/python3.11/site-packages/airflow/example_dags/example_short_circuit_decorator.py took 0.103 seconds
[2026-03-18T16:34:54.570+0000] {processor.py:186} INFO - Started process (PID=37642) to work on /home/komal/data-engineering-projects/airflow-spark-pipeline/airflow_venv/lib/python3.11/site-packages/airflow/example_dags/example_short_circuit_decorator.py
[2026-03-18T16:34:54.571+0000] {processor.py:914} INFO - Processing file /home/komal/data-engineering-projects/airflow-spark-pipeline/airflow_venv/lib/python3.11/site-packages/airflow/example_dags/example_short_circuit_decorator.py for tasks to queue
[2026-03-18T16:34:54.573+0000] {logging_mixin.py:190} INFO - [2026-03-18T16:34:54.573+0000] {dagbag.py:588} INFO - Filling up the DagBag from /home/komal/data-engineering-projects/airflow-spark-pipeline/airflow_venv/lib/python3.11/site-packages/airflow/example_dags/example_short_circuit_decorator.py
[2026-03-18T16:34:54.582+0000] {processor.py:925} INFO - DAG(s) 'example_short_circuit_decorator' retrieved from /home/komal/data-engineering-projects/airflow-spark-pipeline/airflow_venv/lib/python3.11/site-packages/airflow/example_dags/example_short_circuit_decorator.py
[2026-03-18T16:34:54.599+0000] {logging_mixin.py:190} INFO - [2026-03-18T16:34:54.599+0000] {dag.py:3239} INFO - Sync 1 DAGs
[2026-03-18T16:34:54.611+0000] {logging_mixin.py:190} INFO - [2026-03-18T16:34:54.610+0000] {dag.py:4180} INFO - Setting next_dagrun for example_short_circuit_decorator to None, run_after=None
[2026-03-18T16:34:54.635+0000] {processor.py:208} INFO - Processing /home/komal/data-engineering-projects/airflow-spark-pipeline/airflow_venv/lib/python3.11/site-packages/airflow/example_dags/example_short_circuit_decorator.py took 0.072 seconds
[2026-03-18T16:36:05.759+0000] {processor.py:186} INFO - Started process (PID=37715) to work on /home/komal/data-engineering-projects/airflow-spark-pipeline/airflow_venv/lib/python3.11/site-packages/airflow/example_dags/example_short_circuit_decorator.py
[2026-03-18T16:36:05.792+0000] {processor.py:914} INFO - Processing file /home/komal/data-engineering-projects/airflow-spark-pipeline/airflow_venv/lib/python3.11/site-packages/airflow/example_dags/example_short_circuit_decorator.py for tasks to queue
[2026-03-18T16:36:05.796+0000] {logging_mixin.py:190} INFO - [2026-03-18T16:36:05.795+0000] {dagbag.py:588} INFO - Filling up the DagBag from /home/komal/data-engineering-projects/airflow-spark-pipeline/airflow_venv/lib/python3.11/site-packages/airflow/example_dags/example_short_circuit_decorator.py
[2026-03-18T16:36:05.814+0000] {processor.py:925} INFO - DAG(s) 'example_short_circuit_decorator' retrieved from /home/komal/data-engineering-projects/airflow-spark-pipeline/airflow_venv/lib/python3.11/site-packages/airflow/example_dags/example_short_circuit_decorator.py
[2026-03-18T16:36:05.828+0000] {logging_mixin.py:190} INFO - [2026-03-18T16:36:05.828+0000] {dag.py:3239} INFO - Sync 1 DAGs
[2026-03-18T16:36:05.836+0000] {logging_mixin.py:190} INFO - [2026-03-18T16:36:05.836+0000] {dag.py:4180} INFO - Setting next_dagrun for example_short_circuit_decorator to None, run_after=None
[2026-03-18T16:36:05.900+0000] {processor.py:208} INFO - Processing /home/komal/data-engineering-projects/airflow-spark-pipeline/airflow_venv/lib/python3.11/site-packages/airflow/example_dags/example_short_circuit_decorator.py took 0.147 seconds
[2026-03-18T16:37:13.250+0000] {processor.py:186} INFO - Started process (PID=37786) to work on /home/komal/data-engineering-projects/airflow-spark-pipeline/airflow_venv/lib/python3.11/site-packages/airflow/example_dags/example_short_circuit_decorator.py
[2026-03-18T16:37:13.283+0000] {processor.py:914} INFO - Processing file /home/komal/data-engineering-projects/airflow-spark-pipeline/airflow_venv/lib/python3.11/site-packages/airflow/example_dags/example_short_circuit_decorator.py for tasks to queue
[2026-03-18T16:37:13.287+0000] {logging_mixin.py:190} INFO - [2026-03-18T16:37:13.286+0000] {dagbag.py:588} INFO - Filling up the DagBag from /home/komal/data-engineering-projects/airflow-spark-pipeline/airflow_venv/lib/python3.11/site-packages/airflow/example_dags/example_short_circuit_decorator.py
[2026-03-18T16:37:13.300+0000] {processor.py:925} INFO - DAG(s) 'example_short_circuit_decorator' retrieved from /home/komal/data-engineering-projects/airflow-spark-pipeline/airflow_venv/lib/python3.11/site-packages/airflow/example_dags/example_short_circuit_decorator.py
[2026-03-18T16:37:13.315+0000] {logging_mixin.py:190} INFO - [2026-03-18T16:37:13.315+0000] {dag.py:3239} INFO - Sync 1 DAGs
[2026-03-18T16:37:13.325+0000] {logging_mixin.py:190} INFO - [2026-03-18T16:37:13.325+0000] {dag.py:4180} INFO - Setting next_dagrun for example_short_circuit_decorator to None, run_after=None
[2026-03-18T16:37:13.351+0000] {processor.py:208} INFO - Processing /home/komal/data-engineering-projects/airflow-spark-pipeline/airflow_venv/lib/python3.11/site-packages/airflow/example_dags/example_short_circuit_decorator.py took 0.107 seconds
[2026-03-18T16:38:18.256+0000] {processor.py:186} INFO - Started process (PID=37849) to work on /home/komal/data-engineering-projects/airflow-spark-pipeline/airflow_venv/lib/python3.11/site-packages/airflow/example_dags/example_short_circuit_decorator.py
[2026-03-18T16:38:18.282+0000] {processor.py:914} INFO - Processing file /home/komal/data-engineering-projects/airflow-spark-pipeline/airflow_venv/lib/python3.11/site-packages/airflow/example_dags/example_short_circuit_decorator.py for tasks to queue
[2026-03-18T16:38:18.286+0000] {logging_mixin.py:190} INFO - [2026-03-18T16:38:18.285+0000] {dagbag.py:588} INFO - Filling up the DagBag from /home/komal/data-engineering-projects/airflow-spark-pipeline/airflow_venv/lib/python3.11/site-packages/airflow/example_dags/example_short_circuit_decorator.py
[2026-03-18T16:38:18.300+0000] {processor.py:925} INFO - DAG(s) 'example_short_circuit_decorator' retrieved from /home/komal/data-engineering-projects/airflow-spark-pipeline/airflow_venv/lib/python3.11/site-packages/airflow/example_dags/example_short_circuit_decorator.py
[2026-03-18T16:38:18.312+0000] {logging_mixin.py:190} INFO - [2026-03-18T16:38:18.312+0000] {dag.py:3239} INFO - Sync 1 DAGs
[2026-03-18T16:38:18.321+0000] {logging_mixin.py:190} INFO - [2026-03-18T16:38:18.320+0000] {dag.py:4180} INFO - Setting next_dagrun for example_short_circuit_decorator to None, run_after=None
[2026-03-18T16:38:18.347+0000] {processor.py:208} INFO - Processing /home/komal/data-engineering-projects/airflow-spark-pipeline/airflow_venv/lib/python3.11/site-packages/airflow/example_dags/example_short_circuit_decorator.py took 0.103 seconds
[2026-03-18T16:39:24.777+0000] {processor.py:186} INFO - Started process (PID=37912) to work on /home/komal/data-engineering-projects/airflow-spark-pipeline/airflow_venv/lib/python3.11/site-packages/airflow/example_dags/example_short_circuit_decorator.py
[2026-03-18T16:39:24.810+0000] {processor.py:914} INFO - Processing file /home/komal/data-engineering-projects/airflow-spark-pipeline/airflow_venv/lib/python3.11/site-packages/airflow/example_dags/example_short_circuit_decorator.py for tasks to queue
[2026-03-18T16:39:24.814+0000] {logging_mixin.py:190} INFO - [2026-03-18T16:39:24.813+0000] {dagbag.py:588} INFO - Filling up the DagBag from /home/komal/data-engineering-projects/airflow-spark-pipeline/airflow_venv/lib/python3.11/site-packages/airflow/example_dags/example_short_circuit_decorator.py
[2026-03-18T16:39:24.830+0000] {processor.py:925} INFO - DAG(s) 'example_short_circuit_decorator' retrieved from /home/komal/data-engineering-projects/airflow-spark-pipeline/airflow_venv/lib/python3.11/site-packages/airflow/example_dags/example_short_circuit_decorator.py
[2026-03-18T16:39:24.848+0000] {logging_mixin.py:190} INFO - [2026-03-18T16:39:24.848+0000] {dag.py:3239} INFO - Sync 1 DAGs
[2026-03-18T16:39:24.858+0000] {logging_mixin.py:190} INFO - [2026-03-18T16:39:24.858+0000] {dag.py:4180} INFO - Setting next_dagrun for example_short_circuit_decorator to None, run_after=None
[2026-03-18T16:39:24.882+0000] {processor.py:208} INFO - Processing /home/komal/data-engineering-projects/airflow-spark-pipeline/airflow_venv/lib/python3.11/site-packages/airflow/example_dags/example_short_circuit_decorator.py took 0.116 seconds
[2026-03-18T16:40:29.663+0000] {processor.py:186} INFO - Started process (PID=37975) to work on /home/komal/data-engineering-projects/airflow-spark-pipeline/airflow_venv/lib/python3.11/site-packages/airflow/example_dags/example_short_circuit_decorator.py
[2026-03-18T16:40:29.697+0000] {processor.py:914} INFO - Processing file /home/komal/data-engineering-projects/airflow-spark-pipeline/airflow_venv/lib/python3.11/site-packages/airflow/example_dags/example_short_circuit_decorator.py for tasks to queue
[2026-03-18T16:40:29.701+0000] {logging_mixin.py:190} INFO - [2026-03-18T16:40:29.700+0000] {dagbag.py:588} INFO - Filling up the DagBag from /home/komal/data-engineering-projects/airflow-spark-pipeline/airflow_venv/lib/python3.11/site-packages/airflow/example_dags/example_short_circuit_decorator.py
[2026-03-18T16:40:29.720+0000] {processor.py:925} INFO - DAG(s) 'example_short_circuit_decorator' retrieved from /home/komal/data-engineering-projects/airflow-spark-pipeline/airflow_venv/lib/python3.11/site-packages/airflow/example_dags/example_short_circuit_decorator.py
[2026-03-18T16:40:29.747+0000] {logging_mixin.py:190} INFO - [2026-03-18T16:40:29.747+0000] {dag.py:3239} INFO - Sync 1 DAGs
[2026-03-18T16:40:29.758+0000] {logging_mixin.py:190} INFO - [2026-03-18T16:40:29.758+0000] {dag.py:4180} INFO - Setting next_dagrun for example_short_circuit_decorator to None, run_after=None
[2026-03-18T16:40:29.784+0000] {processor.py:208} INFO - Processing /home/komal/data-engineering-projects/airflow-spark-pipeline/airflow_venv/lib/python3.11/site-packages/airflow/example_dags/example_short_circuit_decorator.py took 0.130 seconds
[2026-03-18T16:41:34.620+0000] {processor.py:186} INFO - Started process (PID=38049) to work on /home/komal/data-engineering-projects/airflow-spark-pipeline/airflow_venv/lib/python3.11/site-packages/airflow/example_dags/example_short_circuit_decorator.py
[2026-03-18T16:41:34.652+0000] {processor.py:914} INFO - Processing file /home/komal/data-engineering-projects/airflow-spark-pipeline/airflow_venv/lib/python3.11/site-packages/airflow/example_dags/example_short_circuit_decorator.py for tasks to queue
[2026-03-18T16:41:34.656+0000] {logging_mixin.py:190} INFO - [2026-03-18T16:41:34.655+0000] {dagbag.py:588} INFO - Filling up the DagBag from /home/komal/data-engineering-projects/airflow-spark-pipeline/airflow_venv/lib/python3.11/site-packages/airflow/example_dags/example_short_circuit_decorator.py
[2026-03-18T16:41:34.670+0000] {processor.py:925} INFO - DAG(s) 'example_short_circuit_decorator' retrieved from /home/komal/data-engineering-projects/airflow-spark-pipeline/airflow_venv/lib/python3.11/site-packages/airflow/example_dags/example_short_circuit_decorator.py
[2026-03-18T16:41:34.684+0000] {logging_mixin.py:190} INFO - [2026-03-18T16:41:34.683+0000] {dag.py:3239} INFO - Sync 1 DAGs
[2026-03-18T16:41:34.693+0000] {logging_mixin.py:190} INFO - [2026-03-18T16:41:34.692+0000] {dag.py:4180} INFO - Setting next_dagrun for example_short_circuit_decorator to None, run_after=None
[2026-03-18T16:41:34.717+0000] {processor.py:208} INFO - Processing /home/komal/data-engineering-projects/airflow-spark-pipeline/airflow_venv/lib/python3.11/site-packages/airflow/example_dags/example_short_circuit_decorator.py took 0.105 seconds
[2026-03-18T16:42:47.073+0000] {processor.py:186} INFO - Started process (PID=38115) to work on /home/komal/data-engineering-projects/airflow-spark-pipeline/airflow_venv/lib/python3.11/site-packages/airflow/example_dags/example_short_circuit_decorator.py
[2026-03-18T16:42:47.076+0000] {processor.py:914} INFO - Processing file /home/komal/data-engineering-projects/airflow-spark-pipeline/airflow_venv/lib/python3.11/site-packages/airflow/example_dags/example_short_circuit_decorator.py for tasks to queue
[2026-03-18T16:42:47.078+0000] {logging_mixin.py:190} INFO - [2026-03-18T16:42:47.078+0000] {dagbag.py:588} INFO - Filling up the DagBag from /home/komal/data-engineering-projects/airflow-spark-pipeline/airflow_venv/lib/python3.11/site-packages/airflow/example_dags/example_short_circuit_decorator.py
[2026-03-18T16:42:47.086+0000] {processor.py:925} INFO - DAG(s) 'example_short_circuit_decorator' retrieved from /home/komal/data-engineering-projects/airflow-spark-pipeline/airflow_venv/lib/python3.11/site-packages/airflow/example_dags/example_short_circuit_decorator.py
[2026-03-18T16:42:47.097+0000] {logging_mixin.py:190} INFO - [2026-03-18T16:42:47.097+0000] {dag.py:3239} INFO - Sync 1 DAGs
[2026-03-18T16:42:47.106+0000] {logging_mixin.py:190} INFO - [2026-03-18T16:42:47.106+0000] {dag.py:4180} INFO - Setting next_dagrun for example_short_circuit_decorator to None, run_after=None
[2026-03-18T16:42:47.138+0000] {processor.py:208} INFO - Processing /home/komal/data-engineering-projects/airflow-spark-pipeline/airflow_venv/lib/python3.11/site-packages/airflow/example_dags/example_short_circuit_decorator.py took 0.089 seconds
[2026-03-18T16:43:48.070+0000] {processor.py:186} INFO - Started process (PID=38179) to work on /home/komal/data-engineering-projects/airflow-spark-pipeline/airflow_venv/lib/python3.11/site-packages/airflow/example_dags/example_short_circuit_decorator.py
[2026-03-18T16:43:48.072+0000] {processor.py:914} INFO - Processing file /home/komal/data-engineering-projects/airflow-spark-pipeline/airflow_venv/lib/python3.11/site-packages/airflow/example_dags/example_short_circuit_decorator.py for tasks to queue
[2026-03-18T16:43:48.074+0000] {logging_mixin.py:190} INFO - [2026-03-18T16:43:48.073+0000] {dagbag.py:588} INFO - Filling up the DagBag from /home/komal/data-engineering-projects/airflow-spark-pipeline/airflow_venv/lib/python3.11/site-packages/airflow/example_dags/example_short_circuit_decorator.py
[2026-03-18T16:43:48.086+0000] {processor.py:925} INFO - DAG(s) 'example_short_circuit_decorator' retrieved from /home/komal/data-engineering-projects/airflow-spark-pipeline/airflow_venv/lib/python3.11/site-packages/airflow/example_dags/example_short_circuit_decorator.py
[2026-03-18T16:43:48.106+0000] {logging_mixin.py:190} INFO - [2026-03-18T16:43:48.106+0000] {dag.py:3239} INFO - Sync 1 DAGs
[2026-03-18T16:43:48.120+0000] {logging_mixin.py:190} INFO - [2026-03-18T16:43:48.119+0000] {dag.py:4180} INFO - Setting next_dagrun for example_short_circuit_decorator to None, run_after=None
[2026-03-18T16:43:48.143+0000] {processor.py:208} INFO - Processing /home/komal/data-engineering-projects/airflow-spark-pipeline/airflow_venv/lib/python3.11/site-packages/airflow/example_dags/example_short_circuit_decorator.py took 0.080 seconds
[2026-03-18T16:44:55.662+0000] {processor.py:186} INFO - Started process (PID=38243) to work on /home/komal/data-engineering-projects/airflow-spark-pipeline/airflow_venv/lib/python3.11/site-packages/airflow/example_dags/example_short_circuit_decorator.py
[2026-03-18T16:44:55.695+0000] {processor.py:914} INFO - Processing file /home/komal/data-engineering-projects/airflow-spark-pipeline/airflow_venv/lib/python3.11/site-packages/airflow/example_dags/example_short_circuit_decorator.py for tasks to queue
[2026-03-18T16:44:55.698+0000] {logging_mixin.py:190} INFO - [2026-03-18T16:44:55.698+0000] {dagbag.py:588} INFO - Filling up the DagBag from /home/komal/data-engineering-projects/airflow-spark-pipeline/airflow_venv/lib/python3.11/site-packages/airflow/example_dags/example_short_circuit_decorator.py
[2026-03-18T16:44:55.708+0000] {processor.py:925} INFO - DAG(s) 'example_short_circuit_decorator' retrieved from /home/komal/data-engineering-projects/airflow-spark-pipeline/airflow_venv/lib/python3.11/site-packages/airflow/example_dags/example_short_circuit_decorator.py
[2026-03-18T16:44:55.720+0000] {logging_mixin.py:190} INFO - [2026-03-18T16:44:55.720+0000] {dag.py:3239} INFO - Sync 1 DAGs
[2026-03-18T16:44:55.729+0000] {logging_mixin.py:190} INFO - [2026-03-18T16:44:55.729+0000] {dag.py:4180} INFO - Setting next_dagrun for example_short_circuit_decorator to None, run_after=None
[2026-03-18T16:44:55.762+0000] {processor.py:208} INFO - Processing /home/komal/data-engineering-projects/airflow-spark-pipeline/airflow_venv/lib/python3.11/site-packages/airflow/example_dags/example_short_circuit_decorator.py took 0.111 seconds
[2026-03-18T16:46:04.452+0000] {processor.py:186} INFO - Started process (PID=38308) to work on /home/komal/data-engineering-projects/airflow-spark-pipeline/airflow_venv/lib/python3.11/site-packages/airflow/example_dags/example_short_circuit_decorator.py
[2026-03-18T16:46:04.484+0000] {processor.py:914} INFO - Processing file /home/komal/data-engineering-projects/airflow-spark-pipeline/airflow_venv/lib/python3.11/site-packages/airflow/example_dags/example_short_circuit_decorator.py for tasks to queue
[2026-03-18T16:46:04.488+0000] {logging_mixin.py:190} INFO - [2026-03-18T16:46:04.488+0000] {dagbag.py:588} INFO - Filling up the DagBag from /home/komal/data-engineering-projects/airflow-spark-pipeline/airflow_venv/lib/python3.11/site-packages/airflow/example_dags/example_short_circuit_decorator.py
[2026-03-18T16:46:04.504+0000] {processor.py:925} INFO - DAG(s) 'example_short_circuit_decorator' retrieved from /home/komal/data-engineering-projects/airflow-spark-pipeline/airflow_venv/lib/python3.11/site-packages/airflow/example_dags/example_short_circuit_decorator.py
[2026-03-18T16:46:04.518+0000] {logging_mixin.py:190} INFO - [2026-03-18T16:46:04.518+0000] {dag.py:3239} INFO - Sync 1 DAGs
[2026-03-18T16:46:04.527+0000] {logging_mixin.py:190} INFO - [2026-03-18T16:46:04.526+0000] {dag.py:4180} INFO - Setting next_dagrun for example_short_circuit_decorator to None, run_after=None
[2026-03-18T16:46:04.552+0000] {processor.py:208} INFO - Processing /home/komal/data-engineering-projects/airflow-spark-pipeline/airflow_venv/lib/python3.11/site-packages/airflow/example_dags/example_short_circuit_decorator.py took 0.110 seconds
[2026-03-18T16:47:11.352+0000] {processor.py:186} INFO - Started process (PID=38372) to work on /home/komal/data-engineering-projects/airflow-spark-pipeline/airflow_venv/lib/python3.11/site-packages/airflow/example_dags/example_short_circuit_decorator.py
[2026-03-18T16:47:11.387+0000] {processor.py:914} INFO - Processing file /home/komal/data-engineering-projects/airflow-spark-pipeline/airflow_venv/lib/python3.11/site-packages/airflow/example_dags/example_short_circuit_decorator.py for tasks to queue
[2026-03-18T16:47:11.391+0000] {logging_mixin.py:190} INFO - [2026-03-18T16:47:11.391+0000] {dagbag.py:588} INFO - Filling up the DagBag from /home/komal/data-engineering-projects/airflow-spark-pipeline/airflow_venv/lib/python3.11/site-packages/airflow/example_dags/example_short_circuit_decorator.py
[2026-03-18T16:47:11.415+0000] {processor.py:925} INFO - DAG(s) 'example_short_circuit_decorator' retrieved from /home/komal/data-engineering-projects/airflow-spark-pipeline/airflow_venv/lib/python3.11/site-packages/airflow/example_dags/example_short_circuit_decorator.py
[2026-03-18T16:47:11.445+0000] {logging_mixin.py:190} INFO - [2026-03-18T16:47:11.445+0000] {dag.py:3239} INFO - Sync 1 DAGs
[2026-03-18T16:47:11.462+0000] {logging_mixin.py:190} INFO - [2026-03-18T16:47:11.462+0000] {dag.py:4180} INFO - Setting next_dagrun for example_short_circuit_decorator to None, run_after=None
[2026-03-18T16:47:11.489+0000] {processor.py:208} INFO - Processing /home/komal/data-engineering-projects/airflow-spark-pipeline/airflow_venv/lib/python3.11/site-packages/airflow/example_dags/example_short_circuit_decorator.py took 0.149 seconds
[2026-03-18T16:48:17.924+0000] {processor.py:186} INFO - Started process (PID=38436) to work on /home/komal/data-engineering-projects/airflow-spark-pipeline/airflow_venv/lib/python3.11/site-packages/airflow/example_dags/example_short_circuit_decorator.py
[2026-03-18T16:48:17.957+0000] {processor.py:914} INFO - Processing file /home/komal/data-engineering-projects/airflow-spark-pipeline/airflow_venv/lib/python3.11/site-packages/airflow/example_dags/example_short_circuit_decorator.py for tasks to queue
[2026-03-18T16:48:17.961+0000] {logging_mixin.py:190} INFO - [2026-03-18T16:48:17.960+0000] {dagbag.py:588} INFO - Filling up the DagBag from /home/komal/data-engineering-projects/airflow-spark-pipeline/airflow_venv/lib/python3.11/site-packages/airflow/example_dags/example_short_circuit_decorator.py
[2026-03-18T16:48:17.976+0000] {processor.py:925} INFO - DAG(s) 'example_short_circuit_decorator' retrieved from /home/komal/data-engineering-projects/airflow-spark-pipeline/airflow_venv/lib/python3.11/site-packages/airflow/example_dags/example_short_circuit_decorator.py
[2026-03-18T16:48:17.988+0000] {logging_mixin.py:190} INFO - [2026-03-18T16:48:17.988+0000] {dag.py:3239} INFO - Sync 1 DAGs
[2026-03-18T16:48:17.995+0000] {logging_mixin.py:190} INFO - [2026-03-18T16:48:17.995+0000] {dag.py:4180} INFO - Setting next_dagrun for example_short_circuit_decorator to None, run_after=None
[2026-03-18T16:48:18.020+0000] {processor.py:208} INFO - Processing /home/komal/data-engineering-projects/airflow-spark-pipeline/airflow_venv/lib/python3.11/site-packages/airflow/example_dags/example_short_circuit_decorator.py took 0.104 seconds
[2026-03-18T16:49:21.798+0000] {processor.py:186} INFO - Started process (PID=38501) to work on /home/komal/data-engineering-projects/airflow-spark-pipeline/airflow_venv/lib/python3.11/site-packages/airflow/example_dags/example_short_circuit_decorator.py
[2026-03-18T16:49:21.831+0000] {processor.py:914} INFO - Processing file /home/komal/data-engineering-projects/airflow-spark-pipeline/airflow_venv/lib/python3.11/site-packages/airflow/example_dags/example_short_circuit_decorator.py for tasks to queue
[2026-03-18T16:49:21.835+0000] {logging_mixin.py:190} INFO - [2026-03-18T16:49:21.834+0000] {dagbag.py:588} INFO - Filling up the DagBag from /home/komal/data-engineering-projects/airflow-spark-pipeline/airflow_venv/lib/python3.11/site-packages/airflow/example_dags/example_short_circuit_decorator.py
[2026-03-18T16:49:21.854+0000] {processor.py:925} INFO - DAG(s) 'example_short_circuit_decorator' retrieved from /home/komal/data-engineering-projects/airflow-spark-pipeline/airflow_venv/lib/python3.11/site-packages/airflow/example_dags/example_short_circuit_decorator.py
[2026-03-18T16:49:21.883+0000] {logging_mixin.py:190} INFO - [2026-03-18T16:49:21.882+0000] {dag.py:3239} INFO - Sync 1 DAGs
[2026-03-18T16:49:21.900+0000] {logging_mixin.py:190} INFO - [2026-03-18T16:49:21.900+0000] {dag.py:4180} INFO - Setting next_dagrun for example_short_circuit_decorator to None, run_after=None
[2026-03-18T16:49:21.932+0000] {processor.py:208} INFO - Processing /home/komal/data-engineering-projects/airflow-spark-pipeline/airflow_venv/lib/python3.11/site-packages/airflow/example_dags/example_short_circuit_decorator.py took 0.142 seconds
[2026-03-18T16:51:48.001+0000] {processor.py:186} INFO - Started process (PID=38542) to work on /home/komal/data-engineering-projects/airflow-spark-pipeline/airflow_venv/lib/python3.11/site-packages/airflow/example_dags/example_short_circuit_decorator.py
[2026-03-18T16:51:48.031+0000] {processor.py:914} INFO - Processing file /home/komal/data-engineering-projects/airflow-spark-pipeline/airflow_venv/lib/python3.11/site-packages/airflow/example_dags/example_short_circuit_decorator.py for tasks to queue
[2026-03-18T16:51:48.034+0000] {logging_mixin.py:190} INFO - [2026-03-18T16:51:48.033+0000] {dagbag.py:588} INFO - Filling up the DagBag from /home/komal/data-engineering-projects/airflow-spark-pipeline/airflow_venv/lib/python3.11/site-packages/airflow/example_dags/example_short_circuit_decorator.py
[2026-03-18T16:51:48.045+0000] {processor.py:925} INFO - DAG(s) 'example_short_circuit_decorator' retrieved from /home/komal/data-engineering-projects/airflow-spark-pipeline/airflow_venv/lib/python3.11/site-packages/airflow/example_dags/example_short_circuit_decorator.py
[2026-03-18T16:51:48.056+0000] {logging_mixin.py:190} INFO - [2026-03-18T16:51:48.056+0000] {dag.py:3239} INFO - Sync 1 DAGs
[2026-03-18T16:51:48.063+0000] {logging_mixin.py:190} INFO - [2026-03-18T16:51:48.063+0000] {dag.py:4180} INFO - Setting next_dagrun for example_short_circuit_decorator to None, run_after=None
[2026-03-18T16:51:48.081+0000] {processor.py:208} INFO - Processing /home/komal/data-engineering-projects/airflow-spark-pipeline/airflow_venv/lib/python3.11/site-packages/airflow/example_dags/example_short_circuit_decorator.py took 0.087 seconds
[2026-03-18T16:52:50.739+0000] {processor.py:186} INFO - Started process (PID=38604) to work on /home/komal/data-engineering-projects/airflow-spark-pipeline/airflow_venv/lib/python3.11/site-packages/airflow/example_dags/example_short_circuit_decorator.py
[2026-03-18T16:52:50.772+0000] {processor.py:914} INFO - Processing file /home/komal/data-engineering-projects/airflow-spark-pipeline/airflow_venv/lib/python3.11/site-packages/airflow/example_dags/example_short_circuit_decorator.py for tasks to queue
[2026-03-18T16:52:50.776+0000] {logging_mixin.py:190} INFO - [2026-03-18T16:52:50.776+0000] {dagbag.py:588} INFO - Filling up the DagBag from /home/komal/data-engineering-projects/airflow-spark-pipeline/airflow_venv/lib/python3.11/site-packages/airflow/example_dags/example_short_circuit_decorator.py
[2026-03-18T16:52:50.790+0000] {processor.py:925} INFO - DAG(s) 'example_short_circuit_decorator' retrieved from /home/komal/data-engineering-projects/airflow-spark-pipeline/airflow_venv/lib/python3.11/site-packages/airflow/example_dags/example_short_circuit_decorator.py
[2026-03-18T16:52:50.802+0000] {logging_mixin.py:190} INFO - [2026-03-18T16:52:50.802+0000] {dag.py:3239} INFO - Sync 1 DAGs
[2026-03-18T16:52:50.811+0000] {logging_mixin.py:190} INFO - [2026-03-18T16:52:50.811+0000] {dag.py:4180} INFO - Setting next_dagrun for example_short_circuit_decorator to None, run_after=None
[2026-03-18T16:52:50.835+0000] {processor.py:208} INFO - Processing /home/komal/data-engineering-projects/airflow-spark-pipeline/airflow_venv/lib/python3.11/site-packages/airflow/example_dags/example_short_circuit_decorator.py took 0.103 seconds
[2026-03-18T16:53:54.622+0000] {processor.py:186} INFO - Started process (PID=38667) to work on /home/komal/data-engineering-projects/airflow-spark-pipeline/airflow_venv/lib/python3.11/site-packages/airflow/example_dags/example_short_circuit_decorator.py
[2026-03-18T16:53:54.656+0000] {processor.py:914} INFO - Processing file /home/komal/data-engineering-projects/airflow-spark-pipeline/airflow_venv/lib/python3.11/site-packages/airflow/example_dags/example_short_circuit_decorator.py for tasks to queue
[2026-03-18T16:53:54.660+0000] {logging_mixin.py:190} INFO - [2026-03-18T16:53:54.659+0000] {dagbag.py:588} INFO - Filling up the DagBag from /home/komal/data-engineering-projects/airflow-spark-pipeline/airflow_venv/lib/python3.11/site-packages/airflow/example_dags/example_short_circuit_decorator.py
[2026-03-18T16:53:54.677+0000] {processor.py:925} INFO - DAG(s) 'example_short_circuit_decorator' retrieved from /home/komal/data-engineering-projects/airflow-spark-pipeline/airflow_venv/lib/python3.11/site-packages/airflow/example_dags/example_short_circuit_decorator.py
[2026-03-18T16:53:54.690+0000] {logging_mixin.py:190} INFO - [2026-03-18T16:53:54.690+0000] {dag.py:3239} INFO - Sync 1 DAGs
[2026-03-18T16:53:54.698+0000] {logging_mixin.py:190} INFO - [2026-03-18T16:53:54.698+0000] {dag.py:4180} INFO - Setting next_dagrun for example_short_circuit_decorator to None, run_after=None
[2026-03-18T16:53:54.719+0000] {processor.py:208} INFO - Processing /home/komal/data-engineering-projects/airflow-spark-pipeline/airflow_venv/lib/python3.11/site-packages/airflow/example_dags/example_short_circuit_decorator.py took 0.108 seconds
[2026-03-18T16:55:02.029+0000] {processor.py:186} INFO - Started process (PID=38735) to work on /home/komal/data-engineering-projects/airflow-spark-pipeline/airflow_venv/lib/python3.11/site-packages/airflow/example_dags/example_short_circuit_decorator.py
[2026-03-18T16:55:02.065+0000] {processor.py:914} INFO - Processing file /home/komal/data-engineering-projects/airflow-spark-pipeline/airflow_venv/lib/python3.11/site-packages/airflow/example_dags/example_short_circuit_decorator.py for tasks to queue
[2026-03-18T16:55:02.067+0000] {logging_mixin.py:190} INFO - [2026-03-18T16:55:02.066+0000] {dagbag.py:588} INFO - Filling up the DagBag from /home/komal/data-engineering-projects/airflow-spark-pipeline/airflow_venv/lib/python3.11/site-packages/airflow/example_dags/example_short_circuit_decorator.py
[2026-03-18T16:55:02.074+0000] {processor.py:925} INFO - DAG(s) 'example_short_circuit_decorator' retrieved from /home/komal/data-engineering-projects/airflow-spark-pipeline/airflow_venv/lib/python3.11/site-packages/airflow/example_dags/example_short_circuit_decorator.py
[2026-03-18T16:55:02.085+0000] {logging_mixin.py:190} INFO - [2026-03-18T16:55:02.085+0000] {dag.py:3239} INFO - Sync 1 DAGs
[2026-03-18T16:55:02.093+0000] {logging_mixin.py:190} INFO - [2026-03-18T16:55:02.093+0000] {dag.py:4180} INFO - Setting next_dagrun for example_short_circuit_decorator to None, run_after=None
[2026-03-18T16:55:02.121+0000] {processor.py:208} INFO - Processing /home/komal/data-engineering-projects/airflow-spark-pipeline/airflow_venv/lib/python3.11/site-packages/airflow/example_dags/example_short_circuit_decorator.py took 0.103 seconds
[2026-03-18T16:56:11.446+0000] {processor.py:186} INFO - Started process (PID=38806) to work on /home/komal/data-engineering-projects/airflow-spark-pipeline/airflow_venv/lib/python3.11/site-packages/airflow/example_dags/example_short_circuit_decorator.py
[2026-03-18T16:56:11.459+0000] {processor.py:914} INFO - Processing file /home/komal/data-engineering-projects/airflow-spark-pipeline/airflow_venv/lib/python3.11/site-packages/airflow/example_dags/example_short_circuit_decorator.py for tasks to queue
[2026-03-18T16:56:11.462+0000] {logging_mixin.py:190} INFO - [2026-03-18T16:56:11.462+0000] {dagbag.py:588} INFO - Filling up the DagBag from /home/komal/data-engineering-projects/airflow-spark-pipeline/airflow_venv/lib/python3.11/site-packages/airflow/example_dags/example_short_circuit_decorator.py
[2026-03-18T16:56:11.474+0000] {processor.py:925} INFO - DAG(s) 'example_short_circuit_decorator' retrieved from /home/komal/data-engineering-projects/airflow-spark-pipeline/airflow_venv/lib/python3.11/site-packages/airflow/example_dags/example_short_circuit_decorator.py
[2026-03-18T16:56:11.486+0000] {logging_mixin.py:190} INFO - [2026-03-18T16:56:11.486+0000] {dag.py:3239} INFO - Sync 1 DAGs
[2026-03-18T16:56:11.494+0000] {logging_mixin.py:190} INFO - [2026-03-18T16:56:11.494+0000] {dag.py:4180} INFO - Setting next_dagrun for example_short_circuit_decorator to None, run_after=None
[2026-03-18T16:56:11.528+0000] {processor.py:208} INFO - Processing /home/komal/data-engineering-projects/airflow-spark-pipeline/airflow_venv/lib/python3.11/site-packages/airflow/example_dags/example_short_circuit_decorator.py took 0.090 seconds
[2026-03-18T17:44:38.203+0000] {processor.py:186} INFO - Started process (PID=38880) to work on /home/komal/data-engineering-projects/airflow-spark-pipeline/airflow_venv/lib/python3.11/site-packages/airflow/example_dags/example_short_circuit_decorator.py
[2026-03-18T17:44:38.205+0000] {processor.py:914} INFO - Processing file /home/komal/data-engineering-projects/airflow-spark-pipeline/airflow_venv/lib/python3.11/site-packages/airflow/example_dags/example_short_circuit_decorator.py for tasks to queue
[2026-03-18T17:44:38.208+0000] {logging_mixin.py:190} INFO - [2026-03-18T17:44:38.207+0000] {dagbag.py:588} INFO - Filling up the DagBag from /home/komal/data-engineering-projects/airflow-spark-pipeline/airflow_venv/lib/python3.11/site-packages/airflow/example_dags/example_short_circuit_decorator.py
[2026-03-18T17:44:38.218+0000] {processor.py:925} INFO - DAG(s) 'example_short_circuit_decorator' retrieved from /home/komal/data-engineering-projects/airflow-spark-pipeline/airflow_venv/lib/python3.11/site-packages/airflow/example_dags/example_short_circuit_decorator.py
[2026-03-18T17:44:38.239+0000] {logging_mixin.py:190} INFO - [2026-03-18T17:44:38.238+0000] {dag.py:3239} INFO - Sync 1 DAGs
[2026-03-18T17:44:38.251+0000] {logging_mixin.py:190} INFO - [2026-03-18T17:44:38.251+0000] {dag.py:4180} INFO - Setting next_dagrun for example_short_circuit_decorator to None, run_after=None
[2026-03-18T17:44:38.332+0000] {processor.py:208} INFO - Processing /home/komal/data-engineering-projects/airflow-spark-pipeline/airflow_venv/lib/python3.11/site-packages/airflow/example_dags/example_short_circuit_decorator.py took 0.137 seconds
[2026-03-18T17:45:53.104+0000] {processor.py:186} INFO - Started process (PID=38961) to work on /home/komal/data-engineering-projects/airflow-spark-pipeline/airflow_venv/lib/python3.11/site-packages/airflow/example_dags/example_short_circuit_decorator.py
[2026-03-18T17:45:53.137+0000] {processor.py:914} INFO - Processing file /home/komal/data-engineering-projects/airflow-spark-pipeline/airflow_venv/lib/python3.11/site-packages/airflow/example_dags/example_short_circuit_decorator.py for tasks to queue
[2026-03-18T17:45:53.141+0000] {logging_mixin.py:190} INFO - [2026-03-18T17:45:53.141+0000] {dagbag.py:588} INFO - Filling up the DagBag from /home/komal/data-engineering-projects/airflow-spark-pipeline/airflow_venv/lib/python3.11/site-packages/airflow/example_dags/example_short_circuit_decorator.py
[2026-03-18T17:45:53.155+0000] {processor.py:925} INFO - DAG(s) 'example_short_circuit_decorator' retrieved from /home/komal/data-engineering-projects/airflow-spark-pipeline/airflow_venv/lib/python3.11/site-packages/airflow/example_dags/example_short_circuit_decorator.py
[2026-03-18T17:45:53.170+0000] {logging_mixin.py:190} INFO - [2026-03-18T17:45:53.170+0000] {dag.py:3239} INFO - Sync 1 DAGs
[2026-03-18T17:45:53.186+0000] {logging_mixin.py:190} INFO - [2026-03-18T17:45:53.186+0000] {dag.py:4180} INFO - Setting next_dagrun for example_short_circuit_decorator to None, run_after=None
[2026-03-18T17:45:53.215+0000] {processor.py:208} INFO - Processing /home/komal/data-engineering-projects/airflow-spark-pipeline/airflow_venv/lib/python3.11/site-packages/airflow/example_dags/example_short_circuit_decorator.py took 0.119 seconds
[2026-03-18T17:46:59.913+0000] {processor.py:186} INFO - Started process (PID=39035) to work on /home/komal/data-engineering-projects/airflow-spark-pipeline/airflow_venv/lib/python3.11/site-packages/airflow/example_dags/example_short_circuit_decorator.py
[2026-03-18T17:46:59.920+0000] {processor.py:914} INFO - Processing file /home/komal/data-engineering-projects/airflow-spark-pipeline/airflow_venv/lib/python3.11/site-packages/airflow/example_dags/example_short_circuit_decorator.py for tasks to queue
[2026-03-18T17:46:59.922+0000] {logging_mixin.py:190} INFO - [2026-03-18T17:46:59.921+0000] {dagbag.py:588} INFO - Filling up the DagBag from /home/komal/data-engineering-projects/airflow-spark-pipeline/airflow_venv/lib/python3.11/site-packages/airflow/example_dags/example_short_circuit_decorator.py
[2026-03-18T17:46:59.930+0000] {processor.py:925} INFO - DAG(s) 'example_short_circuit_decorator' retrieved from /home/komal/data-engineering-projects/airflow-spark-pipeline/airflow_venv/lib/python3.11/site-packages/airflow/example_dags/example_short_circuit_decorator.py
[2026-03-18T17:46:59.942+0000] {logging_mixin.py:190} INFO - [2026-03-18T17:46:59.942+0000] {dag.py:3239} INFO - Sync 1 DAGs
[2026-03-18T17:46:59.949+0000] {logging_mixin.py:190} INFO - [2026-03-18T17:46:59.949+0000] {dag.py:4180} INFO - Setting next_dagrun for example_short_circuit_decorator to None, run_after=None
[2026-03-18T17:46:59.971+0000] {processor.py:208} INFO - Processing /home/komal/data-engineering-projects/airflow-spark-pipeline/airflow_venv/lib/python3.11/site-packages/airflow/example_dags/example_short_circuit_decorator.py took 0.063 seconds
[2026-03-18T17:48:05.013+0000] {processor.py:186} INFO - Started process (PID=39098) to work on /home/komal/data-engineering-projects/airflow-spark-pipeline/airflow_venv/lib/python3.11/site-packages/airflow/example_dags/example_short_circuit_decorator.py
[2026-03-18T17:48:05.047+0000] {processor.py:914} INFO - Processing file /home/komal/data-engineering-projects/airflow-spark-pipeline/airflow_venv/lib/python3.11/site-packages/airflow/example_dags/example_short_circuit_decorator.py for tasks to queue
[2026-03-18T17:48:05.052+0000] {logging_mixin.py:190} INFO - [2026-03-18T17:48:05.051+0000] {dagbag.py:588} INFO - Filling up the DagBag from /home/komal/data-engineering-projects/airflow-spark-pipeline/airflow_venv/lib/python3.11/site-packages/airflow/example_dags/example_short_circuit_decorator.py
[2026-03-18T17:48:05.070+0000] {processor.py:925} INFO - DAG(s) 'example_short_circuit_decorator' retrieved from /home/komal/data-engineering-projects/airflow-spark-pipeline/airflow_venv/lib/python3.11/site-packages/airflow/example_dags/example_short_circuit_decorator.py
[2026-03-18T17:48:05.085+0000] {logging_mixin.py:190} INFO - [2026-03-18T17:48:05.084+0000] {dag.py:3239} INFO - Sync 1 DAGs
[2026-03-18T17:48:05.092+0000] {logging_mixin.py:190} INFO - [2026-03-18T17:48:05.092+0000] {dag.py:4180} INFO - Setting next_dagrun for example_short_circuit_decorator to None, run_after=None
[2026-03-18T17:48:05.115+0000] {processor.py:208} INFO - Processing /home/komal/data-engineering-projects/airflow-spark-pipeline/airflow_venv/lib/python3.11/site-packages/airflow/example_dags/example_short_circuit_decorator.py took 0.112 seconds
[2026-03-18T17:49:14.577+0000] {processor.py:186} INFO - Started process (PID=39161) to work on /home/komal/data-engineering-projects/airflow-spark-pipeline/airflow_venv/lib/python3.11/site-packages/airflow/example_dags/example_short_circuit_decorator.py
[2026-03-18T17:49:14.579+0000] {processor.py:914} INFO - Processing file /home/komal/data-engineering-projects/airflow-spark-pipeline/airflow_venv/lib/python3.11/site-packages/airflow/example_dags/example_short_circuit_decorator.py for tasks to queue
[2026-03-18T17:49:14.582+0000] {logging_mixin.py:190} INFO - [2026-03-18T17:49:14.581+0000] {dagbag.py:588} INFO - Filling up the DagBag from /home/komal/data-engineering-projects/airflow-spark-pipeline/airflow_venv/lib/python3.11/site-packages/airflow/example_dags/example_short_circuit_decorator.py
[2026-03-18T17:49:14.593+0000] {processor.py:925} INFO - DAG(s) 'example_short_circuit_decorator' retrieved from /home/komal/data-engineering-projects/airflow-spark-pipeline/airflow_venv/lib/python3.11/site-packages/airflow/example_dags/example_short_circuit_decorator.py
[2026-03-18T17:49:14.606+0000] {logging_mixin.py:190} INFO - [2026-03-18T17:49:14.605+0000] {dag.py:3239} INFO - Sync 1 DAGs
[2026-03-18T17:49:14.614+0000] {logging_mixin.py:190} INFO - [2026-03-18T17:49:14.614+0000] {dag.py:4180} INFO - Setting next_dagrun for example_short_circuit_decorator to None, run_after=None
[2026-03-18T17:49:14.639+0000] {processor.py:208} INFO - Processing /home/komal/data-engineering-projects/airflow-spark-pipeline/airflow_venv/lib/python3.11/site-packages/airflow/example_dags/example_short_circuit_decorator.py took 0.070 seconds
[2026-03-18T17:55:10.107+0000] {processor.py:186} INFO - Started process (PID=39227) to work on /home/komal/data-engineering-projects/airflow-spark-pipeline/airflow_venv/lib/python3.11/site-packages/airflow/example_dags/example_short_circuit_decorator.py
[2026-03-18T17:55:10.130+0000] {processor.py:914} INFO - Processing file /home/komal/data-engineering-projects/airflow-spark-pipeline/airflow_venv/lib/python3.11/site-packages/airflow/example_dags/example_short_circuit_decorator.py for tasks to queue
[2026-03-18T17:55:10.134+0000] {logging_mixin.py:190} INFO - [2026-03-18T17:55:10.133+0000] {dagbag.py:588} INFO - Filling up the DagBag from /home/komal/data-engineering-projects/airflow-spark-pipeline/airflow_venv/lib/python3.11/site-packages/airflow/example_dags/example_short_circuit_decorator.py
[2026-03-18T17:55:10.152+0000] {processor.py:925} INFO - DAG(s) 'example_short_circuit_decorator' retrieved from /home/komal/data-engineering-projects/airflow-spark-pipeline/airflow_venv/lib/python3.11/site-packages/airflow/example_dags/example_short_circuit_decorator.py
[2026-03-18T17:55:10.172+0000] {logging_mixin.py:190} INFO - [2026-03-18T17:55:10.172+0000] {dag.py:3239} INFO - Sync 1 DAGs
[2026-03-18T17:55:10.187+0000] {logging_mixin.py:190} INFO - [2026-03-18T17:55:10.186+0000] {dag.py:4180} INFO - Setting next_dagrun for example_short_circuit_decorator to None, run_after=None
[2026-03-18T17:55:10.214+0000] {processor.py:208} INFO - Processing /home/komal/data-engineering-projects/airflow-spark-pipeline/airflow_venv/lib/python3.11/site-packages/airflow/example_dags/example_short_circuit_decorator.py took 0.114 seconds
[2026-03-18T17:56:25.859+0000] {processor.py:186} INFO - Started process (PID=39332) to work on /home/komal/data-engineering-projects/airflow-spark-pipeline/airflow_venv/lib/python3.11/site-packages/airflow/example_dags/example_short_circuit_decorator.py
[2026-03-18T17:56:25.893+0000] {processor.py:914} INFO - Processing file /home/komal/data-engineering-projects/airflow-spark-pipeline/airflow_venv/lib/python3.11/site-packages/airflow/example_dags/example_short_circuit_decorator.py for tasks to queue
[2026-03-18T17:56:25.896+0000] {logging_mixin.py:190} INFO - [2026-03-18T17:56:25.895+0000] {dagbag.py:588} INFO - Filling up the DagBag from /home/komal/data-engineering-projects/airflow-spark-pipeline/airflow_venv/lib/python3.11/site-packages/airflow/example_dags/example_short_circuit_decorator.py
[2026-03-18T17:56:25.907+0000] {processor.py:925} INFO - DAG(s) 'example_short_circuit_decorator' retrieved from /home/komal/data-engineering-projects/airflow-spark-pipeline/airflow_venv/lib/python3.11/site-packages/airflow/example_dags/example_short_circuit_decorator.py
[2026-03-18T17:56:25.918+0000] {logging_mixin.py:190} INFO - [2026-03-18T17:56:25.918+0000] {dag.py:3239} INFO - Sync 1 DAGs
[2026-03-18T17:56:25.930+0000] {logging_mixin.py:190} INFO - [2026-03-18T17:56:25.930+0000] {dag.py:4180} INFO - Setting next_dagrun for example_short_circuit_decorator to None, run_after=None
[2026-03-18T17:56:25.953+0000] {processor.py:208} INFO - Processing /home/komal/data-engineering-projects/airflow-spark-pipeline/airflow_venv/lib/python3.11/site-packages/airflow/example_dags/example_short_circuit_decorator.py took 0.099 seconds
[2026-03-18T17:57:30.567+0000] {processor.py:186} INFO - Started process (PID=39394) to work on /home/komal/data-engineering-projects/airflow-spark-pipeline/airflow_venv/lib/python3.11/site-packages/airflow/example_dags/example_short_circuit_decorator.py
[2026-03-18T17:57:30.568+0000] {processor.py:914} INFO - Processing file /home/komal/data-engineering-projects/airflow-spark-pipeline/airflow_venv/lib/python3.11/site-packages/airflow/example_dags/example_short_circuit_decorator.py for tasks to queue
[2026-03-18T17:57:30.570+0000] {logging_mixin.py:190} INFO - [2026-03-18T17:57:30.570+0000] {dagbag.py:588} INFO - Filling up the DagBag from /home/komal/data-engineering-projects/airflow-spark-pipeline/airflow_venv/lib/python3.11/site-packages/airflow/example_dags/example_short_circuit_decorator.py
[2026-03-18T17:57:30.586+0000] {processor.py:925} INFO - DAG(s) 'example_short_circuit_decorator' retrieved from /home/komal/data-engineering-projects/airflow-spark-pipeline/airflow_venv/lib/python3.11/site-packages/airflow/example_dags/example_short_circuit_decorator.py
[2026-03-18T17:57:30.603+0000] {logging_mixin.py:190} INFO - [2026-03-18T17:57:30.603+0000] {dag.py:3239} INFO - Sync 1 DAGs
[2026-03-18T17:57:30.616+0000] {logging_mixin.py:190} INFO - [2026-03-18T17:57:30.616+0000] {dag.py:4180} INFO - Setting next_dagrun for example_short_circuit_decorator to None, run_after=None
[2026-03-18T17:57:30.648+0000] {processor.py:208} INFO - Processing /home/komal/data-engineering-projects/airflow-spark-pipeline/airflow_venv/lib/python3.11/site-packages/airflow/example_dags/example_short_circuit_decorator.py took 0.089 seconds
[2026-03-18T17:58:33.153+0000] {processor.py:186} INFO - Started process (PID=39456) to work on /home/komal/data-engineering-projects/airflow-spark-pipeline/airflow_venv/lib/python3.11/site-packages/airflow/example_dags/example_short_circuit_decorator.py
[2026-03-18T17:58:33.186+0000] {processor.py:914} INFO - Processing file /home/komal/data-engineering-projects/airflow-spark-pipeline/airflow_venv/lib/python3.11/site-packages/airflow/example_dags/example_short_circuit_decorator.py for tasks to queue
[2026-03-18T17:58:33.190+0000] {logging_mixin.py:190} INFO - [2026-03-18T17:58:33.189+0000] {dagbag.py:588} INFO - Filling up the DagBag from /home/komal/data-engineering-projects/airflow-spark-pipeline/airflow_venv/lib/python3.11/site-packages/airflow/example_dags/example_short_circuit_decorator.py
[2026-03-18T17:58:33.207+0000] {processor.py:925} INFO - DAG(s) 'example_short_circuit_decorator' retrieved from /home/komal/data-engineering-projects/airflow-spark-pipeline/airflow_venv/lib/python3.11/site-packages/airflow/example_dags/example_short_circuit_decorator.py
[2026-03-18T17:58:33.222+0000] {logging_mixin.py:190} INFO - [2026-03-18T17:58:33.222+0000] {dag.py:3239} INFO - Sync 1 DAGs
[2026-03-18T17:58:33.229+0000] {logging_mixin.py:190} INFO - [2026-03-18T17:58:33.229+0000] {dag.py:4180} INFO - Setting next_dagrun for example_short_circuit_decorator to None, run_after=None
[2026-03-18T17:58:33.255+0000] {processor.py:208} INFO - Processing /home/komal/data-engineering-projects/airflow-spark-pipeline/airflow_venv/lib/python3.11/site-packages/airflow/example_dags/example_short_circuit_decorator.py took 0.111 seconds
[2026-03-18T17:59:37.404+0000] {processor.py:186} INFO - Started process (PID=39519) to work on /home/komal/data-engineering-projects/airflow-spark-pipeline/airflow_venv/lib/python3.11/site-packages/airflow/example_dags/example_short_circuit_decorator.py
[2026-03-18T17:59:37.407+0000] {processor.py:914} INFO - Processing file /home/komal/data-engineering-projects/airflow-spark-pipeline/airflow_venv/lib/python3.11/site-packages/airflow/example_dags/example_short_circuit_decorator.py for tasks to queue
[2026-03-18T17:59:37.410+0000] {logging_mixin.py:190} INFO - [2026-03-18T17:59:37.409+0000] {dagbag.py:588} INFO - Filling up the DagBag from /home/komal/data-engineering-projects/airflow-spark-pipeline/airflow_venv/lib/python3.11/site-packages/airflow/example_dags/example_short_circuit_decorator.py
[2026-03-18T17:59:37.422+0000] {processor.py:925} INFO - DAG(s) 'example_short_circuit_decorator' retrieved from /home/komal/data-engineering-projects/airflow-spark-pipeline/airflow_venv/lib/python3.11/site-packages/airflow/example_dags/example_short_circuit_decorator.py
[2026-03-18T17:59:37.436+0000] {logging_mixin.py:190} INFO - [2026-03-18T17:59:37.436+0000] {dag.py:3239} INFO - Sync 1 DAGs
[2026-03-18T17:59:37.449+0000] {logging_mixin.py:190} INFO - [2026-03-18T17:59:37.449+0000] {dag.py:4180} INFO - Setting next_dagrun for example_short_circuit_decorator to None, run_after=None
[2026-03-18T17:59:37.471+0000] {processor.py:208} INFO - Processing /home/komal/data-engineering-projects/airflow-spark-pipeline/airflow_venv/lib/python3.11/site-packages/airflow/example_dags/example_short_circuit_decorator.py took 0.077 seconds
[2026-03-18T18:00:46.125+0000] {processor.py:186} INFO - Started process (PID=39585) to work on /home/komal/data-engineering-projects/airflow-spark-pipeline/airflow_venv/lib/python3.11/site-packages/airflow/example_dags/example_short_circuit_decorator.py
[2026-03-18T18:00:46.156+0000] {processor.py:914} INFO - Processing file /home/komal/data-engineering-projects/airflow-spark-pipeline/airflow_venv/lib/python3.11/site-packages/airflow/example_dags/example_short_circuit_decorator.py for tasks to queue
[2026-03-18T18:00:46.159+0000] {logging_mixin.py:190} INFO - [2026-03-18T18:00:46.159+0000] {dagbag.py:588} INFO - Filling up the DagBag from /home/komal/data-engineering-projects/airflow-spark-pipeline/airflow_venv/lib/python3.11/site-packages/airflow/example_dags/example_short_circuit_decorator.py
[2026-03-18T18:00:46.172+0000] {processor.py:925} INFO - DAG(s) 'example_short_circuit_decorator' retrieved from /home/komal/data-engineering-projects/airflow-spark-pipeline/airflow_venv/lib/python3.11/site-packages/airflow/example_dags/example_short_circuit_decorator.py
[2026-03-18T18:00:46.194+0000] {logging_mixin.py:190} INFO - [2026-03-18T18:00:46.194+0000] {dag.py:3239} INFO - Sync 1 DAGs
[2026-03-18T18:00:46.202+0000] {logging_mixin.py:190} INFO - [2026-03-18T18:00:46.202+0000] {dag.py:4180} INFO - Setting next_dagrun for example_short_circuit_decorator to None, run_after=None
[2026-03-18T18:00:46.226+0000] {processor.py:208} INFO - Processing /home/komal/data-engineering-projects/airflow-spark-pipeline/airflow_venv/lib/python3.11/site-packages/airflow/example_dags/example_short_circuit_decorator.py took 0.111 seconds
[2026-03-18T18:01:55.105+0000] {processor.py:186} INFO - Started process (PID=39653) to work on /home/komal/data-engineering-projects/airflow-spark-pipeline/airflow_venv/lib/python3.11/site-packages/airflow/example_dags/example_short_circuit_decorator.py
[2026-03-18T18:01:55.108+0000] {processor.py:914} INFO - Processing file /home/komal/data-engineering-projects/airflow-spark-pipeline/airflow_venv/lib/python3.11/site-packages/airflow/example_dags/example_short_circuit_decorator.py for tasks to queue
[2026-03-18T18:01:55.110+0000] {logging_mixin.py:190} INFO - [2026-03-18T18:01:55.110+0000] {dagbag.py:588} INFO - Filling up the DagBag from /home/komal/data-engineering-projects/airflow-spark-pipeline/airflow_venv/lib/python3.11/site-packages/airflow/example_dags/example_short_circuit_decorator.py
[2026-03-18T18:01:55.118+0000] {processor.py:925} INFO - DAG(s) 'example_short_circuit_decorator' retrieved from /home/komal/data-engineering-projects/airflow-spark-pipeline/airflow_venv/lib/python3.11/site-packages/airflow/example_dags/example_short_circuit_decorator.py
[2026-03-18T18:01:55.129+0000] {logging_mixin.py:190} INFO - [2026-03-18T18:01:55.129+0000] {dag.py:3239} INFO - Sync 1 DAGs
[2026-03-18T18:01:55.140+0000] {logging_mixin.py:190} INFO - [2026-03-18T18:01:55.140+0000] {dag.py:4180} INFO - Setting next_dagrun for example_short_circuit_decorator to None, run_after=None
[2026-03-18T18:01:55.162+0000] {processor.py:208} INFO - Processing /home/komal/data-engineering-projects/airflow-spark-pipeline/airflow_venv/lib/python3.11/site-packages/airflow/example_dags/example_short_circuit_decorator.py took 0.063 seconds
[2026-03-18T18:03:03.489+0000] {processor.py:186} INFO - Started process (PID=39720) to work on /home/komal/data-engineering-projects/airflow-spark-pipeline/airflow_venv/lib/python3.11/site-packages/airflow/example_dags/example_short_circuit_decorator.py
[2026-03-18T18:03:03.522+0000] {processor.py:914} INFO - Processing file /home/komal/data-engineering-projects/airflow-spark-pipeline/airflow_venv/lib/python3.11/site-packages/airflow/example_dags/example_short_circuit_decorator.py for tasks to queue
[2026-03-18T18:03:03.524+0000] {logging_mixin.py:190} INFO - [2026-03-18T18:03:03.524+0000] {dagbag.py:588} INFO - Filling up the DagBag from /home/komal/data-engineering-projects/airflow-spark-pipeline/airflow_venv/lib/python3.11/site-packages/airflow/example_dags/example_short_circuit_decorator.py
[2026-03-18T18:03:03.533+0000] {processor.py:925} INFO - DAG(s) 'example_short_circuit_decorator' retrieved from /home/komal/data-engineering-projects/airflow-spark-pipeline/airflow_venv/lib/python3.11/site-packages/airflow/example_dags/example_short_circuit_decorator.py
[2026-03-18T18:03:03.544+0000] {logging_mixin.py:190} INFO - [2026-03-18T18:03:03.544+0000] {dag.py:3239} INFO - Sync 1 DAGs
[2026-03-18T18:03:03.551+0000] {logging_mixin.py:190} INFO - [2026-03-18T18:03:03.551+0000] {dag.py:4180} INFO - Setting next_dagrun for example_short_circuit_decorator to None, run_after=None
[2026-03-18T18:03:03.605+0000] {processor.py:208} INFO - Processing /home/komal/data-engineering-projects/airflow-spark-pipeline/airflow_venv/lib/python3.11/site-packages/airflow/example_dags/example_short_circuit_decorator.py took 0.125 seconds
[2026-03-18T18:04:09.859+0000] {processor.py:186} INFO - Started process (PID=39787) to work on /home/komal/data-engineering-projects/airflow-spark-pipeline/airflow_venv/lib/python3.11/site-packages/airflow/example_dags/example_short_circuit_decorator.py
[2026-03-18T18:04:09.891+0000] {processor.py:914} INFO - Processing file /home/komal/data-engineering-projects/airflow-spark-pipeline/airflow_venv/lib/python3.11/site-packages/airflow/example_dags/example_short_circuit_decorator.py for tasks to queue
[2026-03-18T18:04:09.894+0000] {logging_mixin.py:190} INFO - [2026-03-18T18:04:09.894+0000] {dagbag.py:588} INFO - Filling up the DagBag from /home/komal/data-engineering-projects/airflow-spark-pipeline/airflow_venv/lib/python3.11/site-packages/airflow/example_dags/example_short_circuit_decorator.py
[2026-03-18T18:04:09.908+0000] {processor.py:925} INFO - DAG(s) 'example_short_circuit_decorator' retrieved from /home/komal/data-engineering-projects/airflow-spark-pipeline/airflow_venv/lib/python3.11/site-packages/airflow/example_dags/example_short_circuit_decorator.py
[2026-03-18T18:04:09.926+0000] {logging_mixin.py:190} INFO - [2026-03-18T18:04:09.926+0000] {dag.py:3239} INFO - Sync 1 DAGs
[2026-03-18T18:04:09.936+0000] {logging_mixin.py:190} INFO - [2026-03-18T18:04:09.936+0000] {dag.py:4180} INFO - Setting next_dagrun for example_short_circuit_decorator to None, run_after=None
[2026-03-18T18:04:09.990+0000] {processor.py:208} INFO - Processing /home/komal/data-engineering-projects/airflow-spark-pipeline/airflow_venv/lib/python3.11/site-packages/airflow/example_dags/example_short_circuit_decorator.py took 0.138 seconds
[2026-03-18T18:05:14.583+0000] {processor.py:186} INFO - Started process (PID=39850) to work on /home/komal/data-engineering-projects/airflow-spark-pipeline/airflow_venv/lib/python3.11/site-packages/airflow/example_dags/example_short_circuit_decorator.py
[2026-03-18T18:05:14.616+0000] {processor.py:914} INFO - Processing file /home/komal/data-engineering-projects/airflow-spark-pipeline/airflow_venv/lib/python3.11/site-packages/airflow/example_dags/example_short_circuit_decorator.py for tasks to queue
[2026-03-18T18:05:14.621+0000] {logging_mixin.py:190} INFO - [2026-03-18T18:05:14.620+0000] {dagbag.py:588} INFO - Filling up the DagBag from /home/komal/data-engineering-projects/airflow-spark-pipeline/airflow_venv/lib/python3.11/site-packages/airflow/example_dags/example_short_circuit_decorator.py
[2026-03-18T18:05:14.641+0000] {processor.py:925} INFO - DAG(s) 'example_short_circuit_decorator' retrieved from /home/komal/data-engineering-projects/airflow-spark-pipeline/airflow_venv/lib/python3.11/site-packages/airflow/example_dags/example_short_circuit_decorator.py
[2026-03-18T18:05:14.659+0000] {logging_mixin.py:190} INFO - [2026-03-18T18:05:14.659+0000] {dag.py:3239} INFO - Sync 1 DAGs
[2026-03-18T18:05:14.668+0000] {logging_mixin.py:190} INFO - [2026-03-18T18:05:14.668+0000] {dag.py:4180} INFO - Setting next_dagrun for example_short_circuit_decorator to None, run_after=None
[2026-03-18T18:05:14.694+0000] {processor.py:208} INFO - Processing /home/komal/data-engineering-projects/airflow-spark-pipeline/airflow_venv/lib/python3.11/site-packages/airflow/example_dags/example_short_circuit_decorator.py took 0.117 seconds
[2026-03-18T18:06:24.041+0000] {processor.py:186} INFO - Started process (PID=39916) to work on /home/komal/data-engineering-projects/airflow-spark-pipeline/airflow_venv/lib/python3.11/site-packages/airflow/example_dags/example_short_circuit_decorator.py
[2026-03-18T18:06:24.072+0000] {processor.py:914} INFO - Processing file /home/komal/data-engineering-projects/airflow-spark-pipeline/airflow_venv/lib/python3.11/site-packages/airflow/example_dags/example_short_circuit_decorator.py for tasks to queue
[2026-03-18T18:06:24.075+0000] {logging_mixin.py:190} INFO - [2026-03-18T18:06:24.074+0000] {dagbag.py:588} INFO - Filling up the DagBag from /home/komal/data-engineering-projects/airflow-spark-pipeline/airflow_venv/lib/python3.11/site-packages/airflow/example_dags/example_short_circuit_decorator.py
[2026-03-18T18:06:24.086+0000] {processor.py:925} INFO - DAG(s) 'example_short_circuit_decorator' retrieved from /home/komal/data-engineering-projects/airflow-spark-pipeline/airflow_venv/lib/python3.11/site-packages/airflow/example_dags/example_short_circuit_decorator.py
[2026-03-18T18:06:24.098+0000] {logging_mixin.py:190} INFO - [2026-03-18T18:06:24.097+0000] {dag.py:3239} INFO - Sync 1 DAGs
[2026-03-18T18:06:24.105+0000] {logging_mixin.py:190} INFO - [2026-03-18T18:06:24.105+0000] {dag.py:4180} INFO - Setting next_dagrun for example_short_circuit_decorator to None, run_after=None
[2026-03-18T18:06:24.138+0000] {processor.py:208} INFO - Processing /home/komal/data-engineering-projects/airflow-spark-pipeline/airflow_venv/lib/python3.11/site-packages/airflow/example_dags/example_short_circuit_decorator.py took 0.102 seconds
[2026-03-18T18:07:32.600+0000] {processor.py:186} INFO - Started process (PID=39983) to work on /home/komal/data-engineering-projects/airflow-spark-pipeline/airflow_venv/lib/python3.11/site-packages/airflow/example_dags/example_short_circuit_decorator.py
[2026-03-18T18:07:32.633+0000] {processor.py:914} INFO - Processing file /home/komal/data-engineering-projects/airflow-spark-pipeline/airflow_venv/lib/python3.11/site-packages/airflow/example_dags/example_short_circuit_decorator.py for tasks to queue
[2026-03-18T18:07:32.637+0000] {logging_mixin.py:190} INFO - [2026-03-18T18:07:32.637+0000] {dagbag.py:588} INFO - Filling up the DagBag from /home/komal/data-engineering-projects/airflow-spark-pipeline/airflow_venv/lib/python3.11/site-packages/airflow/example_dags/example_short_circuit_decorator.py
[2026-03-18T18:07:32.653+0000] {processor.py:925} INFO - DAG(s) 'example_short_circuit_decorator' retrieved from /home/komal/data-engineering-projects/airflow-spark-pipeline/airflow_venv/lib/python3.11/site-packages/airflow/example_dags/example_short_circuit_decorator.py
[2026-03-18T18:07:32.676+0000] {logging_mixin.py:190} INFO - [2026-03-18T18:07:32.676+0000] {dag.py:3239} INFO - Sync 1 DAGs
[2026-03-18T18:07:32.684+0000] {logging_mixin.py:190} INFO - [2026-03-18T18:07:32.684+0000] {dag.py:4180} INFO - Setting next_dagrun for example_short_circuit_decorator to None, run_after=None
[2026-03-18T18:07:32.707+0000] {processor.py:208} INFO - Processing /home/komal/data-engineering-projects/airflow-spark-pipeline/airflow_venv/lib/python3.11/site-packages/airflow/example_dags/example_short_circuit_decorator.py took 0.120 seconds
[2026-03-18T18:08:39.360+0000] {processor.py:186} INFO - Started process (PID=40047) to work on /home/komal/data-engineering-projects/airflow-spark-pipeline/airflow_venv/lib/python3.11/site-packages/airflow/example_dags/example_short_circuit_decorator.py
[2026-03-18T18:08:39.390+0000] {processor.py:914} INFO - Processing file /home/komal/data-engineering-projects/airflow-spark-pipeline/airflow_venv/lib/python3.11/site-packages/airflow/example_dags/example_short_circuit_decorator.py for tasks to queue
[2026-03-18T18:08:39.392+0000] {logging_mixin.py:190} INFO - [2026-03-18T18:08:39.392+0000] {dagbag.py:588} INFO - Filling up the DagBag from /home/komal/data-engineering-projects/airflow-spark-pipeline/airflow_venv/lib/python3.11/site-packages/airflow/example_dags/example_short_circuit_decorator.py
[2026-03-18T18:08:39.400+0000] {processor.py:925} INFO - DAG(s) 'example_short_circuit_decorator' retrieved from /home/komal/data-engineering-projects/airflow-spark-pipeline/airflow_venv/lib/python3.11/site-packages/airflow/example_dags/example_short_circuit_decorator.py
[2026-03-18T18:08:39.418+0000] {logging_mixin.py:190} INFO - [2026-03-18T18:08:39.418+0000] {dag.py:3239} INFO - Sync 1 DAGs
[2026-03-18T18:08:39.434+0000] {logging_mixin.py:190} INFO - [2026-03-18T18:08:39.434+0000] {dag.py:4180} INFO - Setting next_dagrun for example_short_circuit_decorator to None, run_after=None
[2026-03-18T18:08:39.494+0000] {processor.py:208} INFO - Processing /home/komal/data-engineering-projects/airflow-spark-pipeline/airflow_venv/lib/python3.11/site-packages/airflow/example_dags/example_short_circuit_decorator.py took 0.139 seconds
[2026-03-18T18:09:46.155+0000] {processor.py:186} INFO - Started process (PID=40111) to work on /home/komal/data-engineering-projects/airflow-spark-pipeline/airflow_venv/lib/python3.11/site-packages/airflow/example_dags/example_short_circuit_decorator.py
[2026-03-18T18:09:46.187+0000] {processor.py:914} INFO - Processing file /home/komal/data-engineering-projects/airflow-spark-pipeline/airflow_venv/lib/python3.11/site-packages/airflow/example_dags/example_short_circuit_decorator.py for tasks to queue
[2026-03-18T18:09:46.191+0000] {logging_mixin.py:190} INFO - [2026-03-18T18:09:46.190+0000] {dagbag.py:588} INFO - Filling up the DagBag from /home/komal/data-engineering-projects/airflow-spark-pipeline/airflow_venv/lib/python3.11/site-packages/airflow/example_dags/example_short_circuit_decorator.py
[2026-03-18T18:09:46.208+0000] {processor.py:925} INFO - DAG(s) 'example_short_circuit_decorator' retrieved from /home/komal/data-engineering-projects/airflow-spark-pipeline/airflow_venv/lib/python3.11/site-packages/airflow/example_dags/example_short_circuit_decorator.py
[2026-03-18T18:09:46.223+0000] {logging_mixin.py:190} INFO - [2026-03-18T18:09:46.223+0000] {dag.py:3239} INFO - Sync 1 DAGs
[2026-03-18T18:09:46.230+0000] {logging_mixin.py:190} INFO - [2026-03-18T18:09:46.230+0000] {dag.py:4180} INFO - Setting next_dagrun for example_short_circuit_decorator to None, run_after=None
[2026-03-18T18:09:46.261+0000] {processor.py:208} INFO - Processing /home/komal/data-engineering-projects/airflow-spark-pipeline/airflow_venv/lib/python3.11/site-packages/airflow/example_dags/example_short_circuit_decorator.py took 0.113 seconds
[2026-03-18T18:10:54.681+0000] {processor.py:186} INFO - Started process (PID=40174) to work on /home/komal/data-engineering-projects/airflow-spark-pipeline/airflow_venv/lib/python3.11/site-packages/airflow/example_dags/example_short_circuit_decorator.py
[2026-03-18T18:10:54.685+0000] {processor.py:914} INFO - Processing file /home/komal/data-engineering-projects/airflow-spark-pipeline/airflow_venv/lib/python3.11/site-packages/airflow/example_dags/example_short_circuit_decorator.py for tasks to queue
[2026-03-18T18:10:54.688+0000] {logging_mixin.py:190} INFO - [2026-03-18T18:10:54.688+0000] {dagbag.py:588} INFO - Filling up the DagBag from /home/komal/data-engineering-projects/airflow-spark-pipeline/airflow_venv/lib/python3.11/site-packages/airflow/example_dags/example_short_circuit_decorator.py
[2026-03-18T18:10:54.704+0000] {processor.py:925} INFO - DAG(s) 'example_short_circuit_decorator' retrieved from /home/komal/data-engineering-projects/airflow-spark-pipeline/airflow_venv/lib/python3.11/site-packages/airflow/example_dags/example_short_circuit_decorator.py
[2026-03-18T18:10:54.720+0000] {logging_mixin.py:190} INFO - [2026-03-18T18:10:54.719+0000] {dag.py:3239} INFO - Sync 1 DAGs
[2026-03-18T18:10:54.727+0000] {logging_mixin.py:190} INFO - [2026-03-18T18:10:54.727+0000] {dag.py:4180} INFO - Setting next_dagrun for example_short_circuit_decorator to None, run_after=None
[2026-03-18T18:10:54.753+0000] {processor.py:208} INFO - Processing /home/komal/data-engineering-projects/airflow-spark-pipeline/airflow_venv/lib/python3.11/site-packages/airflow/example_dags/example_short_circuit_decorator.py took 0.082 seconds
[2026-03-18T18:12:02.040+0000] {processor.py:186} INFO - Started process (PID=40242) to work on /home/komal/data-engineering-projects/airflow-spark-pipeline/airflow_venv/lib/python3.11/site-packages/airflow/example_dags/example_short_circuit_decorator.py
[2026-03-18T18:12:02.044+0000] {processor.py:914} INFO - Processing file /home/komal/data-engineering-projects/airflow-spark-pipeline/airflow_venv/lib/python3.11/site-packages/airflow/example_dags/example_short_circuit_decorator.py for tasks to queue
[2026-03-18T18:12:02.048+0000] {logging_mixin.py:190} INFO - [2026-03-18T18:12:02.048+0000] {dagbag.py:588} INFO - Filling up the DagBag from /home/komal/data-engineering-projects/airflow-spark-pipeline/airflow_venv/lib/python3.11/site-packages/airflow/example_dags/example_short_circuit_decorator.py
[2026-03-18T18:12:02.067+0000] {processor.py:925} INFO - DAG(s) 'example_short_circuit_decorator' retrieved from /home/komal/data-engineering-projects/airflow-spark-pipeline/airflow_venv/lib/python3.11/site-packages/airflow/example_dags/example_short_circuit_decorator.py
[2026-03-18T18:12:02.093+0000] {logging_mixin.py:190} INFO - [2026-03-18T18:12:02.091+0000] {dag.py:3239} INFO - Sync 1 DAGs
[2026-03-18T18:12:02.101+0000] {logging_mixin.py:190} INFO - [2026-03-18T18:12:02.101+0000] {dag.py:4180} INFO - Setting next_dagrun for example_short_circuit_decorator to None, run_after=None
[2026-03-18T18:12:02.128+0000] {processor.py:208} INFO - Processing /home/komal/data-engineering-projects/airflow-spark-pipeline/airflow_venv/lib/python3.11/site-packages/airflow/example_dags/example_short_circuit_decorator.py took 0.098 seconds
[2026-03-18T18:13:08.631+0000] {processor.py:186} INFO - Started process (PID=40305) to work on /home/komal/data-engineering-projects/airflow-spark-pipeline/airflow_venv/lib/python3.11/site-packages/airflow/example_dags/example_short_circuit_decorator.py
[2026-03-18T18:13:08.663+0000] {processor.py:914} INFO - Processing file /home/komal/data-engineering-projects/airflow-spark-pipeline/airflow_venv/lib/python3.11/site-packages/airflow/example_dags/example_short_circuit_decorator.py for tasks to queue
[2026-03-18T18:13:08.667+0000] {logging_mixin.py:190} INFO - [2026-03-18T18:13:08.667+0000] {dagbag.py:588} INFO - Filling up the DagBag from /home/komal/data-engineering-projects/airflow-spark-pipeline/airflow_venv/lib/python3.11/site-packages/airflow/example_dags/example_short_circuit_decorator.py
[2026-03-18T18:13:08.684+0000] {processor.py:925} INFO - DAG(s) 'example_short_circuit_decorator' retrieved from /home/komal/data-engineering-projects/airflow-spark-pipeline/airflow_venv/lib/python3.11/site-packages/airflow/example_dags/example_short_circuit_decorator.py
[2026-03-18T18:13:08.699+0000] {logging_mixin.py:190} INFO - [2026-03-18T18:13:08.699+0000] {dag.py:3239} INFO - Sync 1 DAGs
[2026-03-18T18:13:08.708+0000] {logging_mixin.py:190} INFO - [2026-03-18T18:13:08.708+0000] {dag.py:4180} INFO - Setting next_dagrun for example_short_circuit_decorator to None, run_after=None
[2026-03-18T18:13:08.737+0000] {processor.py:208} INFO - Processing /home/komal/data-engineering-projects/airflow-spark-pipeline/airflow_venv/lib/python3.11/site-packages/airflow/example_dags/example_short_circuit_decorator.py took 0.121 seconds
[2026-03-18T18:14:12.452+0000] {processor.py:186} INFO - Started process (PID=40370) to work on /home/komal/data-engineering-projects/airflow-spark-pipeline/airflow_venv/lib/python3.11/site-packages/airflow/example_dags/example_short_circuit_decorator.py
[2026-03-18T18:14:12.460+0000] {processor.py:914} INFO - Processing file /home/komal/data-engineering-projects/airflow-spark-pipeline/airflow_venv/lib/python3.11/site-packages/airflow/example_dags/example_short_circuit_decorator.py for tasks to queue
[2026-03-18T18:14:12.464+0000] {logging_mixin.py:190} INFO - [2026-03-18T18:14:12.463+0000] {dagbag.py:588} INFO - Filling up the DagBag from /home/komal/data-engineering-projects/airflow-spark-pipeline/airflow_venv/lib/python3.11/site-packages/airflow/example_dags/example_short_circuit_decorator.py
[2026-03-18T18:14:12.483+0000] {processor.py:925} INFO - DAG(s) 'example_short_circuit_decorator' retrieved from /home/komal/data-engineering-projects/airflow-spark-pipeline/airflow_venv/lib/python3.11/site-packages/airflow/example_dags/example_short_circuit_decorator.py
[2026-03-18T18:14:12.497+0000] {logging_mixin.py:190} INFO - [2026-03-18T18:14:12.497+0000] {dag.py:3239} INFO - Sync 1 DAGs
[2026-03-18T18:14:12.505+0000] {logging_mixin.py:190} INFO - [2026-03-18T18:14:12.505+0000] {dag.py:4180} INFO - Setting next_dagrun for example_short_circuit_decorator to None, run_after=None
[2026-03-18T18:14:12.533+0000] {processor.py:208} INFO - Processing /home/komal/data-engineering-projects/airflow-spark-pipeline/airflow_venv/lib/python3.11/site-packages/airflow/example_dags/example_short_circuit_decorator.py took 0.088 seconds
[2026-03-18T18:15:15.515+0000] {processor.py:186} INFO - Started process (PID=40432) to work on /home/komal/data-engineering-projects/airflow-spark-pipeline/airflow_venv/lib/python3.11/site-packages/airflow/example_dags/example_short_circuit_decorator.py
[2026-03-18T18:15:15.547+0000] {processor.py:914} INFO - Processing file /home/komal/data-engineering-projects/airflow-spark-pipeline/airflow_venv/lib/python3.11/site-packages/airflow/example_dags/example_short_circuit_decorator.py for tasks to queue
[2026-03-18T18:15:15.551+0000] {logging_mixin.py:190} INFO - [2026-03-18T18:15:15.550+0000] {dagbag.py:588} INFO - Filling up the DagBag from /home/komal/data-engineering-projects/airflow-spark-pipeline/airflow_venv/lib/python3.11/site-packages/airflow/example_dags/example_short_circuit_decorator.py
[2026-03-18T18:15:15.563+0000] {processor.py:925} INFO - DAG(s) 'example_short_circuit_decorator' retrieved from /home/komal/data-engineering-projects/airflow-spark-pipeline/airflow_venv/lib/python3.11/site-packages/airflow/example_dags/example_short_circuit_decorator.py
[2026-03-18T18:15:15.576+0000] {logging_mixin.py:190} INFO - [2026-03-18T18:15:15.576+0000] {dag.py:3239} INFO - Sync 1 DAGs
[2026-03-18T18:15:15.589+0000] {logging_mixin.py:190} INFO - [2026-03-18T18:15:15.589+0000] {dag.py:4180} INFO - Setting next_dagrun for example_short_circuit_decorator to None, run_after=None
[2026-03-18T18:15:15.615+0000] {processor.py:208} INFO - Processing /home/komal/data-engineering-projects/airflow-spark-pipeline/airflow_venv/lib/python3.11/site-packages/airflow/example_dags/example_short_circuit_decorator.py took 0.111 seconds
[2026-03-18T18:16:24.465+0000] {processor.py:186} INFO - Started process (PID=40499) to work on /home/komal/data-engineering-projects/airflow-spark-pipeline/airflow_venv/lib/python3.11/site-packages/airflow/example_dags/example_short_circuit_decorator.py
[2026-03-18T18:16:24.497+0000] {processor.py:914} INFO - Processing file /home/komal/data-engineering-projects/airflow-spark-pipeline/airflow_venv/lib/python3.11/site-packages/airflow/example_dags/example_short_circuit_decorator.py for tasks to queue
[2026-03-18T18:16:24.501+0000] {logging_mixin.py:190} INFO - [2026-03-18T18:16:24.500+0000] {dagbag.py:588} INFO - Filling up the DagBag from /home/komal/data-engineering-projects/airflow-spark-pipeline/airflow_venv/lib/python3.11/site-packages/airflow/example_dags/example_short_circuit_decorator.py
[2026-03-18T18:16:24.518+0000] {processor.py:925} INFO - DAG(s) 'example_short_circuit_decorator' retrieved from /home/komal/data-engineering-projects/airflow-spark-pipeline/airflow_venv/lib/python3.11/site-packages/airflow/example_dags/example_short_circuit_decorator.py
[2026-03-18T18:16:24.534+0000] {logging_mixin.py:190} INFO - [2026-03-18T18:16:24.533+0000] {dag.py:3239} INFO - Sync 1 DAGs
[2026-03-18T18:16:24.545+0000] {logging_mixin.py:190} INFO - [2026-03-18T18:16:24.545+0000] {dag.py:4180} INFO - Setting next_dagrun for example_short_circuit_decorator to None, run_after=None
[2026-03-18T18:16:24.590+0000] {processor.py:208} INFO - Processing /home/komal/data-engineering-projects/airflow-spark-pipeline/airflow_venv/lib/python3.11/site-packages/airflow/example_dags/example_short_circuit_decorator.py took 0.134 seconds
[2026-03-18T18:17:29.285+0000] {processor.py:186} INFO - Started process (PID=40564) to work on /home/komal/data-engineering-projects/airflow-spark-pipeline/airflow_venv/lib/python3.11/site-packages/airflow/example_dags/example_short_circuit_decorator.py
[2026-03-18T18:17:29.287+0000] {processor.py:914} INFO - Processing file /home/komal/data-engineering-projects/airflow-spark-pipeline/airflow_venv/lib/python3.11/site-packages/airflow/example_dags/example_short_circuit_decorator.py for tasks to queue
[2026-03-18T18:17:29.290+0000] {logging_mixin.py:190} INFO - [2026-03-18T18:17:29.290+0000] {dagbag.py:588} INFO - Filling up the DagBag from /home/komal/data-engineering-projects/airflow-spark-pipeline/airflow_venv/lib/python3.11/site-packages/airflow/example_dags/example_short_circuit_decorator.py
[2026-03-18T18:17:29.300+0000] {processor.py:925} INFO - DAG(s) 'example_short_circuit_decorator' retrieved from /home/komal/data-engineering-projects/airflow-spark-pipeline/airflow_venv/lib/python3.11/site-packages/airflow/example_dags/example_short_circuit_decorator.py
[2026-03-18T18:17:29.313+0000] {logging_mixin.py:190} INFO - [2026-03-18T18:17:29.313+0000] {dag.py:3239} INFO - Sync 1 DAGs
[2026-03-18T18:17:29.320+0000] {logging_mixin.py:190} INFO - [2026-03-18T18:17:29.320+0000] {dag.py:4180} INFO - Setting next_dagrun for example_short_circuit_decorator to None, run_after=None
[2026-03-18T18:17:29.344+0000] {processor.py:208} INFO - Processing /home/komal/data-engineering-projects/airflow-spark-pipeline/airflow_venv/lib/python3.11/site-packages/airflow/example_dags/example_short_circuit_decorator.py took 0.063 seconds
[2026-03-18T18:18:38.897+0000] {processor.py:186} INFO - Started process (PID=40631) to work on /home/komal/data-engineering-projects/airflow-spark-pipeline/airflow_venv/lib/python3.11/site-packages/airflow/example_dags/example_short_circuit_decorator.py
[2026-03-18T18:18:38.899+0000] {processor.py:914} INFO - Processing file /home/komal/data-engineering-projects/airflow-spark-pipeline/airflow_venv/lib/python3.11/site-packages/airflow/example_dags/example_short_circuit_decorator.py for tasks to queue
[2026-03-18T18:18:38.902+0000] {logging_mixin.py:190} INFO - [2026-03-18T18:18:38.902+0000] {dagbag.py:588} INFO - Filling up the DagBag from /home/komal/data-engineering-projects/airflow-spark-pipeline/airflow_venv/lib/python3.11/site-packages/airflow/example_dags/example_short_circuit_decorator.py
[2026-03-18T18:18:38.916+0000] {processor.py:925} INFO - DAG(s) 'example_short_circuit_decorator' retrieved from /home/komal/data-engineering-projects/airflow-spark-pipeline/airflow_venv/lib/python3.11/site-packages/airflow/example_dags/example_short_circuit_decorator.py
[2026-03-18T18:18:38.932+0000] {logging_mixin.py:190} INFO - [2026-03-18T18:18:38.932+0000] {dag.py:3239} INFO - Sync 1 DAGs
[2026-03-18T18:18:38.943+0000] {logging_mixin.py:190} INFO - [2026-03-18T18:18:38.943+0000] {dag.py:4180} INFO - Setting next_dagrun for example_short_circuit_decorator to None, run_after=None
[2026-03-18T18:18:38.972+0000] {processor.py:208} INFO - Processing /home/komal/data-engineering-projects/airflow-spark-pipeline/airflow_venv/lib/python3.11/site-packages/airflow/example_dags/example_short_circuit_decorator.py took 0.079 seconds
[2026-03-18T18:19:52.245+0000] {processor.py:186} INFO - Started process (PID=40696) to work on /home/komal/data-engineering-projects/airflow-spark-pipeline/airflow_venv/lib/python3.11/site-packages/airflow/example_dags/example_short_circuit_decorator.py
[2026-03-18T18:19:52.280+0000] {processor.py:914} INFO - Processing file /home/komal/data-engineering-projects/airflow-spark-pipeline/airflow_venv/lib/python3.11/site-packages/airflow/example_dags/example_short_circuit_decorator.py for tasks to queue
[2026-03-18T18:19:52.283+0000] {logging_mixin.py:190} INFO - [2026-03-18T18:19:52.283+0000] {dagbag.py:588} INFO - Filling up the DagBag from /home/komal/data-engineering-projects/airflow-spark-pipeline/airflow_venv/lib/python3.11/site-packages/airflow/example_dags/example_short_circuit_decorator.py
[2026-03-18T18:19:52.328+0000] {processor.py:925} INFO - DAG(s) 'example_short_circuit_decorator' retrieved from /home/komal/data-engineering-projects/airflow-spark-pipeline/airflow_venv/lib/python3.11/site-packages/airflow/example_dags/example_short_circuit_decorator.py
[2026-03-18T18:19:52.341+0000] {logging_mixin.py:190} INFO - [2026-03-18T18:19:52.340+0000] {dag.py:3239} INFO - Sync 1 DAGs
[2026-03-18T18:19:52.350+0000] {logging_mixin.py:190} INFO - [2026-03-18T18:19:52.349+0000] {dag.py:4180} INFO - Setting next_dagrun for example_short_circuit_decorator to None, run_after=None
[2026-03-18T18:19:52.369+0000] {processor.py:208} INFO - Processing /home/komal/data-engineering-projects/airflow-spark-pipeline/airflow_venv/lib/python3.11/site-packages/airflow/example_dags/example_short_circuit_decorator.py took 0.143 seconds
[2026-03-18T18:20:56.926+0000] {processor.py:186} INFO - Started process (PID=40764) to work on /home/komal/data-engineering-projects/airflow-spark-pipeline/airflow_venv/lib/python3.11/site-packages/airflow/example_dags/example_short_circuit_decorator.py
[2026-03-18T18:20:56.959+0000] {processor.py:914} INFO - Processing file /home/komal/data-engineering-projects/airflow-spark-pipeline/airflow_venv/lib/python3.11/site-packages/airflow/example_dags/example_short_circuit_decorator.py for tasks to queue
[2026-03-18T18:20:56.963+0000] {logging_mixin.py:190} INFO - [2026-03-18T18:20:56.963+0000] {dagbag.py:588} INFO - Filling up the DagBag from /home/komal/data-engineering-projects/airflow-spark-pipeline/airflow_venv/lib/python3.11/site-packages/airflow/example_dags/example_short_circuit_decorator.py
[2026-03-18T18:20:56.983+0000] {processor.py:925} INFO - DAG(s) 'example_short_circuit_decorator' retrieved from /home/komal/data-engineering-projects/airflow-spark-pipeline/airflow_venv/lib/python3.11/site-packages/airflow/example_dags/example_short_circuit_decorator.py
[2026-03-18T18:20:57.000+0000] {logging_mixin.py:190} INFO - [2026-03-18T18:20:57.000+0000] {dag.py:3239} INFO - Sync 1 DAGs
[2026-03-18T18:20:57.012+0000] {logging_mixin.py:190} INFO - [2026-03-18T18:20:57.012+0000] {dag.py:4180} INFO - Setting next_dagrun for example_short_circuit_decorator to None, run_after=None
[2026-03-18T18:20:57.045+0000] {processor.py:208} INFO - Processing /home/komal/data-engineering-projects/airflow-spark-pipeline/airflow_venv/lib/python3.11/site-packages/airflow/example_dags/example_short_circuit_decorator.py took 0.124 seconds
[2026-03-18T18:22:07.206+0000] {processor.py:186} INFO - Started process (PID=40899) to work on /home/komal/data-engineering-projects/airflow-spark-pipeline/airflow_venv/lib/python3.11/site-packages/airflow/example_dags/example_short_circuit_decorator.py
[2026-03-18T18:22:07.219+0000] {processor.py:914} INFO - Processing file /home/komal/data-engineering-projects/airflow-spark-pipeline/airflow_venv/lib/python3.11/site-packages/airflow/example_dags/example_short_circuit_decorator.py for tasks to queue
[2026-03-18T18:22:07.223+0000] {logging_mixin.py:190} INFO - [2026-03-18T18:22:07.222+0000] {dagbag.py:588} INFO - Filling up the DagBag from /home/komal/data-engineering-projects/airflow-spark-pipeline/airflow_venv/lib/python3.11/site-packages/airflow/example_dags/example_short_circuit_decorator.py
[2026-03-18T18:22:07.235+0000] {processor.py:925} INFO - DAG(s) 'example_short_circuit_decorator' retrieved from /home/komal/data-engineering-projects/airflow-spark-pipeline/airflow_venv/lib/python3.11/site-packages/airflow/example_dags/example_short_circuit_decorator.py
[2026-03-18T18:22:07.248+0000] {logging_mixin.py:190} INFO - [2026-03-18T18:22:07.247+0000] {dag.py:3239} INFO - Sync 1 DAGs
[2026-03-18T18:22:07.256+0000] {logging_mixin.py:190} INFO - [2026-03-18T18:22:07.256+0000] {dag.py:4180} INFO - Setting next_dagrun for example_short_circuit_decorator to None, run_after=None
[2026-03-18T18:22:07.277+0000] {processor.py:208} INFO - Processing /home/komal/data-engineering-projects/airflow-spark-pipeline/airflow_venv/lib/python3.11/site-packages/airflow/example_dags/example_short_circuit_decorator.py took 0.081 seconds
[2026-03-18T18:23:16.123+0000] {processor.py:186} INFO - Started process (PID=40967) to work on /home/komal/data-engineering-projects/airflow-spark-pipeline/airflow_venv/lib/python3.11/site-packages/airflow/example_dags/example_short_circuit_decorator.py
[2026-03-18T18:23:16.154+0000] {processor.py:914} INFO - Processing file /home/komal/data-engineering-projects/airflow-spark-pipeline/airflow_venv/lib/python3.11/site-packages/airflow/example_dags/example_short_circuit_decorator.py for tasks to queue
[2026-03-18T18:23:16.157+0000] {logging_mixin.py:190} INFO - [2026-03-18T18:23:16.157+0000] {dagbag.py:588} INFO - Filling up the DagBag from /home/komal/data-engineering-projects/airflow-spark-pipeline/airflow_venv/lib/python3.11/site-packages/airflow/example_dags/example_short_circuit_decorator.py
[2026-03-18T18:23:16.174+0000] {processor.py:925} INFO - DAG(s) 'example_short_circuit_decorator' retrieved from /home/komal/data-engineering-projects/airflow-spark-pipeline/airflow_venv/lib/python3.11/site-packages/airflow/example_dags/example_short_circuit_decorator.py
[2026-03-18T18:23:16.192+0000] {logging_mixin.py:190} INFO - [2026-03-18T18:23:16.192+0000] {dag.py:3239} INFO - Sync 1 DAGs
[2026-03-18T18:23:16.203+0000] {logging_mixin.py:190} INFO - [2026-03-18T18:23:16.202+0000] {dag.py:4180} INFO - Setting next_dagrun for example_short_circuit_decorator to None, run_after=None
[2026-03-18T18:23:16.224+0000] {processor.py:208} INFO - Processing /home/komal/data-engineering-projects/airflow-spark-pipeline/airflow_venv/lib/python3.11/site-packages/airflow/example_dags/example_short_circuit_decorator.py took 0.106 seconds
[2026-03-18T18:24:25.886+0000] {processor.py:186} INFO - Started process (PID=41036) to work on /home/komal/data-engineering-projects/airflow-spark-pipeline/airflow_venv/lib/python3.11/site-packages/airflow/example_dags/example_short_circuit_decorator.py
[2026-03-18T18:24:25.889+0000] {processor.py:914} INFO - Processing file /home/komal/data-engineering-projects/airflow-spark-pipeline/airflow_venv/lib/python3.11/site-packages/airflow/example_dags/example_short_circuit_decorator.py for tasks to queue
[2026-03-18T18:24:25.891+0000] {logging_mixin.py:190} INFO - [2026-03-18T18:24:25.890+0000] {dagbag.py:588} INFO - Filling up the DagBag from /home/komal/data-engineering-projects/airflow-spark-pipeline/airflow_venv/lib/python3.11/site-packages/airflow/example_dags/example_short_circuit_decorator.py
[2026-03-18T18:24:25.898+0000] {processor.py:925} INFO - DAG(s) 'example_short_circuit_decorator' retrieved from /home/komal/data-engineering-projects/airflow-spark-pipeline/airflow_venv/lib/python3.11/site-packages/airflow/example_dags/example_short_circuit_decorator.py
[2026-03-18T18:24:25.917+0000] {logging_mixin.py:190} INFO - [2026-03-18T18:24:25.917+0000] {dag.py:3239} INFO - Sync 1 DAGs
[2026-03-18T18:24:25.924+0000] {logging_mixin.py:190} INFO - [2026-03-18T18:24:25.924+0000] {dag.py:4180} INFO - Setting next_dagrun for example_short_circuit_decorator to None, run_after=None
[2026-03-18T18:24:25.994+0000] {processor.py:208} INFO - Processing /home/komal/data-engineering-projects/airflow-spark-pipeline/airflow_venv/lib/python3.11/site-packages/airflow/example_dags/example_short_circuit_decorator.py took 0.116 seconds
[2026-03-18T18:25:31.514+0000] {processor.py:186} INFO - Started process (PID=41173) to work on /home/komal/data-engineering-projects/airflow-spark-pipeline/airflow_venv/lib/python3.11/site-packages/airflow/example_dags/example_short_circuit_decorator.py
[2026-03-18T18:25:31.516+0000] {processor.py:914} INFO - Processing file /home/komal/data-engineering-projects/airflow-spark-pipeline/airflow_venv/lib/python3.11/site-packages/airflow/example_dags/example_short_circuit_decorator.py for tasks to queue
[2026-03-18T18:25:31.519+0000] {logging_mixin.py:190} INFO - [2026-03-18T18:25:31.519+0000] {dagbag.py:588} INFO - Filling up the DagBag from /home/komal/data-engineering-projects/airflow-spark-pipeline/airflow_venv/lib/python3.11/site-packages/airflow/example_dags/example_short_circuit_decorator.py
[2026-03-18T18:25:31.539+0000] {processor.py:925} INFO - DAG(s) 'example_short_circuit_decorator' retrieved from /home/komal/data-engineering-projects/airflow-spark-pipeline/airflow_venv/lib/python3.11/site-packages/airflow/example_dags/example_short_circuit_decorator.py
[2026-03-18T18:25:31.564+0000] {logging_mixin.py:190} INFO - [2026-03-18T18:25:31.563+0000] {dag.py:3239} INFO - Sync 1 DAGs
[2026-03-18T18:25:31.576+0000] {logging_mixin.py:190} INFO - [2026-03-18T18:25:31.575+0000] {dag.py:4180} INFO - Setting next_dagrun for example_short_circuit_decorator to None, run_after=None
[2026-03-18T18:25:31.604+0000] {processor.py:208} INFO - Processing /home/komal/data-engineering-projects/airflow-spark-pipeline/airflow_venv/lib/python3.11/site-packages/airflow/example_dags/example_short_circuit_decorator.py took 0.101 seconds
[2026-03-18T18:26:38.608+0000] {processor.py:186} INFO - Started process (PID=41238) to work on /home/komal/data-engineering-projects/airflow-spark-pipeline/airflow_venv/lib/python3.11/site-packages/airflow/example_dags/example_short_circuit_decorator.py
[2026-03-18T18:26:38.611+0000] {processor.py:914} INFO - Processing file /home/komal/data-engineering-projects/airflow-spark-pipeline/airflow_venv/lib/python3.11/site-packages/airflow/example_dags/example_short_circuit_decorator.py for tasks to queue
[2026-03-18T18:26:38.614+0000] {logging_mixin.py:190} INFO - [2026-03-18T18:26:38.613+0000] {dagbag.py:588} INFO - Filling up the DagBag from /home/komal/data-engineering-projects/airflow-spark-pipeline/airflow_venv/lib/python3.11/site-packages/airflow/example_dags/example_short_circuit_decorator.py
[2026-03-18T18:26:38.629+0000] {processor.py:925} INFO - DAG(s) 'example_short_circuit_decorator' retrieved from /home/komal/data-engineering-projects/airflow-spark-pipeline/airflow_venv/lib/python3.11/site-packages/airflow/example_dags/example_short_circuit_decorator.py
[2026-03-18T18:26:38.649+0000] {logging_mixin.py:190} INFO - [2026-03-18T18:26:38.649+0000] {dag.py:3239} INFO - Sync 1 DAGs
[2026-03-18T18:26:38.670+0000] {logging_mixin.py:190} INFO - [2026-03-18T18:26:38.670+0000] {dag.py:4180} INFO - Setting next_dagrun for example_short_circuit_decorator to None, run_after=None
[2026-03-18T18:26:38.694+0000] {processor.py:208} INFO - Processing /home/komal/data-engineering-projects/airflow-spark-pipeline/airflow_venv/lib/python3.11/site-packages/airflow/example_dags/example_short_circuit_decorator.py took 0.097 seconds
[2026-03-18T18:27:45.096+0000] {processor.py:186} INFO - Started process (PID=41303) to work on /home/komal/data-engineering-projects/airflow-spark-pipeline/airflow_venv/lib/python3.11/site-packages/airflow/example_dags/example_short_circuit_decorator.py
[2026-03-18T18:27:45.126+0000] {processor.py:914} INFO - Processing file /home/komal/data-engineering-projects/airflow-spark-pipeline/airflow_venv/lib/python3.11/site-packages/airflow/example_dags/example_short_circuit_decorator.py for tasks to queue
[2026-03-18T18:27:45.128+0000] {logging_mixin.py:190} INFO - [2026-03-18T18:27:45.128+0000] {dagbag.py:588} INFO - Filling up the DagBag from /home/komal/data-engineering-projects/airflow-spark-pipeline/airflow_venv/lib/python3.11/site-packages/airflow/example_dags/example_short_circuit_decorator.py
[2026-03-18T18:27:45.135+0000] {processor.py:925} INFO - DAG(s) 'example_short_circuit_decorator' retrieved from /home/komal/data-engineering-projects/airflow-spark-pipeline/airflow_venv/lib/python3.11/site-packages/airflow/example_dags/example_short_circuit_decorator.py
[2026-03-18T18:27:45.147+0000] {logging_mixin.py:190} INFO - [2026-03-18T18:27:45.147+0000] {dag.py:3239} INFO - Sync 1 DAGs
[2026-03-18T18:27:45.154+0000] {logging_mixin.py:190} INFO - [2026-03-18T18:27:45.154+0000] {dag.py:4180} INFO - Setting next_dagrun for example_short_circuit_decorator to None, run_after=None
[2026-03-18T18:27:45.176+0000] {processor.py:208} INFO - Processing /home/komal/data-engineering-projects/airflow-spark-pipeline/airflow_venv/lib/python3.11/site-packages/airflow/example_dags/example_short_circuit_decorator.py took 0.084 seconds
[2026-03-18T18:28:51.580+0000] {processor.py:186} INFO - Started process (PID=41377) to work on /home/komal/data-engineering-projects/airflow-spark-pipeline/airflow_venv/lib/python3.11/site-packages/airflow/example_dags/example_short_circuit_decorator.py
[2026-03-18T18:28:51.613+0000] {processor.py:914} INFO - Processing file /home/komal/data-engineering-projects/airflow-spark-pipeline/airflow_venv/lib/python3.11/site-packages/airflow/example_dags/example_short_circuit_decorator.py for tasks to queue
[2026-03-18T18:28:51.617+0000] {logging_mixin.py:190} INFO - [2026-03-18T18:28:51.616+0000] {dagbag.py:588} INFO - Filling up the DagBag from /home/komal/data-engineering-projects/airflow-spark-pipeline/airflow_venv/lib/python3.11/site-packages/airflow/example_dags/example_short_circuit_decorator.py
[2026-03-18T18:28:51.633+0000] {processor.py:925} INFO - DAG(s) 'example_short_circuit_decorator' retrieved from /home/komal/data-engineering-projects/airflow-spark-pipeline/airflow_venv/lib/python3.11/site-packages/airflow/example_dags/example_short_circuit_decorator.py
[2026-03-18T18:28:51.645+0000] {logging_mixin.py:190} INFO - [2026-03-18T18:28:51.645+0000] {dag.py:3239} INFO - Sync 1 DAGs
[2026-03-18T18:28:51.653+0000] {logging_mixin.py:190} INFO - [2026-03-18T18:28:51.653+0000] {dag.py:4180} INFO - Setting next_dagrun for example_short_circuit_decorator to None, run_after=None
[2026-03-18T18:28:51.676+0000] {processor.py:208} INFO - Processing /home/komal/data-engineering-projects/airflow-spark-pipeline/airflow_venv/lib/python3.11/site-packages/airflow/example_dags/example_short_circuit_decorator.py took 0.106 seconds
[2026-03-18T18:30:01.229+0000] {processor.py:186} INFO - Started process (PID=41441) to work on /home/komal/data-engineering-projects/airflow-spark-pipeline/airflow_venv/lib/python3.11/site-packages/airflow/example_dags/example_short_circuit_decorator.py
[2026-03-18T18:30:01.260+0000] {processor.py:914} INFO - Processing file /home/komal/data-engineering-projects/airflow-spark-pipeline/airflow_venv/lib/python3.11/site-packages/airflow/example_dags/example_short_circuit_decorator.py for tasks to queue
[2026-03-18T18:30:01.263+0000] {logging_mixin.py:190} INFO - [2026-03-18T18:30:01.263+0000] {dagbag.py:588} INFO - Filling up the DagBag from /home/komal/data-engineering-projects/airflow-spark-pipeline/airflow_venv/lib/python3.11/site-packages/airflow/example_dags/example_short_circuit_decorator.py
[2026-03-18T18:30:01.273+0000] {processor.py:925} INFO - DAG(s) 'example_short_circuit_decorator' retrieved from /home/komal/data-engineering-projects/airflow-spark-pipeline/airflow_venv/lib/python3.11/site-packages/airflow/example_dags/example_short_circuit_decorator.py
[2026-03-18T18:30:01.284+0000] {logging_mixin.py:190} INFO - [2026-03-18T18:30:01.284+0000] {dag.py:3239} INFO - Sync 1 DAGs
[2026-03-18T18:30:01.291+0000] {logging_mixin.py:190} INFO - [2026-03-18T18:30:01.291+0000] {dag.py:4180} INFO - Setting next_dagrun for example_short_circuit_decorator to None, run_after=None
[2026-03-18T18:30:01.313+0000] {processor.py:208} INFO - Processing /home/komal/data-engineering-projects/airflow-spark-pipeline/airflow_venv/lib/python3.11/site-packages/airflow/example_dags/example_short_circuit_decorator.py took 0.095 seconds
[2026-03-18T18:31:03.804+0000] {processor.py:186} INFO - Started process (PID=41507) to work on /home/komal/data-engineering-projects/airflow-spark-pipeline/airflow_venv/lib/python3.11/site-packages/airflow/example_dags/example_short_circuit_decorator.py
[2026-03-18T18:31:03.835+0000] {processor.py:914} INFO - Processing file /home/komal/data-engineering-projects/airflow-spark-pipeline/airflow_venv/lib/python3.11/site-packages/airflow/example_dags/example_short_circuit_decorator.py for tasks to queue
[2026-03-18T18:31:03.839+0000] {logging_mixin.py:190} INFO - [2026-03-18T18:31:03.838+0000] {dagbag.py:588} INFO - Filling up the DagBag from /home/komal/data-engineering-projects/airflow-spark-pipeline/airflow_venv/lib/python3.11/site-packages/airflow/example_dags/example_short_circuit_decorator.py
[2026-03-18T18:31:03.851+0000] {processor.py:925} INFO - DAG(s) 'example_short_circuit_decorator' retrieved from /home/komal/data-engineering-projects/airflow-spark-pipeline/airflow_venv/lib/python3.11/site-packages/airflow/example_dags/example_short_circuit_decorator.py
[2026-03-18T18:31:03.862+0000] {logging_mixin.py:190} INFO - [2026-03-18T18:31:03.862+0000] {dag.py:3239} INFO - Sync 1 DAGs
[2026-03-18T18:31:03.872+0000] {logging_mixin.py:190} INFO - [2026-03-18T18:31:03.872+0000] {dag.py:4180} INFO - Setting next_dagrun for example_short_circuit_decorator to None, run_after=None
[2026-03-18T18:31:03.896+0000] {processor.py:208} INFO - Processing /home/komal/data-engineering-projects/airflow-spark-pipeline/airflow_venv/lib/python3.11/site-packages/airflow/example_dags/example_short_circuit_decorator.py took 0.101 seconds
[2026-03-18T18:32:10.820+0000] {processor.py:186} INFO - Started process (PID=41570) to work on /home/komal/data-engineering-projects/airflow-spark-pipeline/airflow_venv/lib/python3.11/site-packages/airflow/example_dags/example_short_circuit_decorator.py
[2026-03-18T18:32:10.852+0000] {processor.py:914} INFO - Processing file /home/komal/data-engineering-projects/airflow-spark-pipeline/airflow_venv/lib/python3.11/site-packages/airflow/example_dags/example_short_circuit_decorator.py for tasks to queue
[2026-03-18T18:32:10.856+0000] {logging_mixin.py:190} INFO - [2026-03-18T18:32:10.856+0000] {dagbag.py:588} INFO - Filling up the DagBag from /home/komal/data-engineering-projects/airflow-spark-pipeline/airflow_venv/lib/python3.11/site-packages/airflow/example_dags/example_short_circuit_decorator.py
[2026-03-18T18:32:10.872+0000] {processor.py:925} INFO - DAG(s) 'example_short_circuit_decorator' retrieved from /home/komal/data-engineering-projects/airflow-spark-pipeline/airflow_venv/lib/python3.11/site-packages/airflow/example_dags/example_short_circuit_decorator.py
[2026-03-18T18:32:10.890+0000] {logging_mixin.py:190} INFO - [2026-03-18T18:32:10.890+0000] {dag.py:3239} INFO - Sync 1 DAGs
[2026-03-18T18:32:10.897+0000] {logging_mixin.py:190} INFO - [2026-03-18T18:32:10.897+0000] {dag.py:4180} INFO - Setting next_dagrun for example_short_circuit_decorator to None, run_after=None
[2026-03-18T18:32:10.929+0000] {processor.py:208} INFO - Processing /home/komal/data-engineering-projects/airflow-spark-pipeline/airflow_venv/lib/python3.11/site-packages/airflow/example_dags/example_short_circuit_decorator.py took 0.119 seconds
[2026-03-18T18:33:26.468+0000] {processor.py:186} INFO - Started process (PID=41636) to work on /home/komal/data-engineering-projects/airflow-spark-pipeline/airflow_venv/lib/python3.11/site-packages/airflow/example_dags/example_short_circuit_decorator.py
[2026-03-18T18:33:26.500+0000] {processor.py:914} INFO - Processing file /home/komal/data-engineering-projects/airflow-spark-pipeline/airflow_venv/lib/python3.11/site-packages/airflow/example_dags/example_short_circuit_decorator.py for tasks to queue
[2026-03-18T18:33:26.504+0000] {logging_mixin.py:190} INFO - [2026-03-18T18:33:26.503+0000] {dagbag.py:588} INFO - Filling up the DagBag from /home/komal/data-engineering-projects/airflow-spark-pipeline/airflow_venv/lib/python3.11/site-packages/airflow/example_dags/example_short_circuit_decorator.py
[2026-03-18T18:33:26.517+0000] {processor.py:925} INFO - DAG(s) 'example_short_circuit_decorator' retrieved from /home/komal/data-engineering-projects/airflow-spark-pipeline/airflow_venv/lib/python3.11/site-packages/airflow/example_dags/example_short_circuit_decorator.py
[2026-03-18T18:33:26.531+0000] {logging_mixin.py:190} INFO - [2026-03-18T18:33:26.531+0000] {dag.py:3239} INFO - Sync 1 DAGs
[2026-03-18T18:33:26.540+0000] {logging_mixin.py:190} INFO - [2026-03-18T18:33:26.540+0000] {dag.py:4180} INFO - Setting next_dagrun for example_short_circuit_decorator to None, run_after=None
[2026-03-18T18:33:26.563+0000] {processor.py:208} INFO - Processing /home/komal/data-engineering-projects/airflow-spark-pipeline/airflow_venv/lib/python3.11/site-packages/airflow/example_dags/example_short_circuit_decorator.py took 0.104 seconds
[2026-03-18T18:34:35.167+0000] {processor.py:186} INFO - Started process (PID=41700) to work on /home/komal/data-engineering-projects/airflow-spark-pipeline/airflow_venv/lib/python3.11/site-packages/airflow/example_dags/example_short_circuit_decorator.py
[2026-03-18T18:34:35.200+0000] {processor.py:914} INFO - Processing file /home/komal/data-engineering-projects/airflow-spark-pipeline/airflow_venv/lib/python3.11/site-packages/airflow/example_dags/example_short_circuit_decorator.py for tasks to queue
[2026-03-18T18:34:35.203+0000] {logging_mixin.py:190} INFO - [2026-03-18T18:34:35.202+0000] {dagbag.py:588} INFO - Filling up the DagBag from /home/komal/data-engineering-projects/airflow-spark-pipeline/airflow_venv/lib/python3.11/site-packages/airflow/example_dags/example_short_circuit_decorator.py
[2026-03-18T18:34:35.216+0000] {processor.py:925} INFO - DAG(s) 'example_short_circuit_decorator' retrieved from /home/komal/data-engineering-projects/airflow-spark-pipeline/airflow_venv/lib/python3.11/site-packages/airflow/example_dags/example_short_circuit_decorator.py
[2026-03-18T18:34:35.228+0000] {logging_mixin.py:190} INFO - [2026-03-18T18:34:35.228+0000] {dag.py:3239} INFO - Sync 1 DAGs
[2026-03-18T18:34:35.237+0000] {logging_mixin.py:190} INFO - [2026-03-18T18:34:35.237+0000] {dag.py:4180} INFO - Setting next_dagrun for example_short_circuit_decorator to None, run_after=None
[2026-03-18T18:34:35.284+0000] {processor.py:208} INFO - Processing /home/komal/data-engineering-projects/airflow-spark-pipeline/airflow_venv/lib/python3.11/site-packages/airflow/example_dags/example_short_circuit_decorator.py took 0.123 seconds
[2026-03-18T18:35:42.042+0000] {processor.py:186} INFO - Started process (PID=41762) to work on /home/komal/data-engineering-projects/airflow-spark-pipeline/airflow_venv/lib/python3.11/site-packages/airflow/example_dags/example_short_circuit_decorator.py
[2026-03-18T18:35:42.073+0000] {processor.py:914} INFO - Processing file /home/komal/data-engineering-projects/airflow-spark-pipeline/airflow_venv/lib/python3.11/site-packages/airflow/example_dags/example_short_circuit_decorator.py for tasks to queue
[2026-03-18T18:35:42.075+0000] {logging_mixin.py:190} INFO - [2026-03-18T18:35:42.075+0000] {dagbag.py:588} INFO - Filling up the DagBag from /home/komal/data-engineering-projects/airflow-spark-pipeline/airflow_venv/lib/python3.11/site-packages/airflow/example_dags/example_short_circuit_decorator.py
[2026-03-18T18:35:42.085+0000] {processor.py:925} INFO - DAG(s) 'example_short_circuit_decorator' retrieved from /home/komal/data-engineering-projects/airflow-spark-pipeline/airflow_venv/lib/python3.11/site-packages/airflow/example_dags/example_short_circuit_decorator.py
[2026-03-18T18:35:42.097+0000] {logging_mixin.py:190} INFO - [2026-03-18T18:35:42.097+0000] {dag.py:3239} INFO - Sync 1 DAGs
[2026-03-18T18:35:42.109+0000] {logging_mixin.py:190} INFO - [2026-03-18T18:35:42.109+0000] {dag.py:4180} INFO - Setting next_dagrun for example_short_circuit_decorator to None, run_after=None
[2026-03-18T18:35:42.141+0000] {processor.py:208} INFO - Processing /home/komal/data-engineering-projects/airflow-spark-pipeline/airflow_venv/lib/python3.11/site-packages/airflow/example_dags/example_short_circuit_decorator.py took 0.104 seconds
[2026-03-18T18:36:46.966+0000] {processor.py:186} INFO - Started process (PID=41827) to work on /home/komal/data-engineering-projects/airflow-spark-pipeline/airflow_venv/lib/python3.11/site-packages/airflow/example_dags/example_short_circuit_decorator.py
[2026-03-18T18:36:46.997+0000] {processor.py:914} INFO - Processing file /home/komal/data-engineering-projects/airflow-spark-pipeline/airflow_venv/lib/python3.11/site-packages/airflow/example_dags/example_short_circuit_decorator.py for tasks to queue
[2026-03-18T18:36:46.999+0000] {logging_mixin.py:190} INFO - [2026-03-18T18:36:46.998+0000] {dagbag.py:588} INFO - Filling up the DagBag from /home/komal/data-engineering-projects/airflow-spark-pipeline/airflow_venv/lib/python3.11/site-packages/airflow/example_dags/example_short_circuit_decorator.py
[2026-03-18T18:36:47.006+0000] {processor.py:925} INFO - DAG(s) 'example_short_circuit_decorator' retrieved from /home/komal/data-engineering-projects/airflow-spark-pipeline/airflow_venv/lib/python3.11/site-packages/airflow/example_dags/example_short_circuit_decorator.py
[2026-03-18T18:36:47.021+0000] {logging_mixin.py:190} INFO - [2026-03-18T18:36:47.021+0000] {dag.py:3239} INFO - Sync 1 DAGs
[2026-03-18T18:36:47.033+0000] {logging_mixin.py:190} INFO - [2026-03-18T18:36:47.032+0000] {dag.py:4180} INFO - Setting next_dagrun for example_short_circuit_decorator to None, run_after=None
[2026-03-18T18:36:47.106+0000] {processor.py:208} INFO - Processing /home/komal/data-engineering-projects/airflow-spark-pipeline/airflow_venv/lib/python3.11/site-packages/airflow/example_dags/example_short_circuit_decorator.py took 0.147 seconds
[2026-03-18T18:38:00.393+0000] {processor.py:186} INFO - Started process (PID=41896) to work on /home/komal/data-engineering-projects/airflow-spark-pipeline/airflow_venv/lib/python3.11/site-packages/airflow/example_dags/example_short_circuit_decorator.py
[2026-03-18T18:38:00.396+0000] {processor.py:914} INFO - Processing file /home/komal/data-engineering-projects/airflow-spark-pipeline/airflow_venv/lib/python3.11/site-packages/airflow/example_dags/example_short_circuit_decorator.py for tasks to queue
[2026-03-18T18:38:00.398+0000] {logging_mixin.py:190} INFO - [2026-03-18T18:38:00.398+0000] {dagbag.py:588} INFO - Filling up the DagBag from /home/komal/data-engineering-projects/airflow-spark-pipeline/airflow_venv/lib/python3.11/site-packages/airflow/example_dags/example_short_circuit_decorator.py
[2026-03-18T18:38:00.406+0000] {processor.py:925} INFO - DAG(s) 'example_short_circuit_decorator' retrieved from /home/komal/data-engineering-projects/airflow-spark-pipeline/airflow_venv/lib/python3.11/site-packages/airflow/example_dags/example_short_circuit_decorator.py
[2026-03-18T18:38:00.419+0000] {logging_mixin.py:190} INFO - [2026-03-18T18:38:00.419+0000] {dag.py:3239} INFO - Sync 1 DAGs
[2026-03-18T18:38:00.426+0000] {logging_mixin.py:190} INFO - [2026-03-18T18:38:00.426+0000] {dag.py:4180} INFO - Setting next_dagrun for example_short_circuit_decorator to None, run_after=None
[2026-03-18T18:38:00.449+0000] {processor.py:208} INFO - Processing /home/komal/data-engineering-projects/airflow-spark-pipeline/airflow_venv/lib/python3.11/site-packages/airflow/example_dags/example_short_circuit_decorator.py took 0.067 seconds
[2026-03-18T18:39:08.018+0000] {processor.py:186} INFO - Started process (PID=41962) to work on /home/komal/data-engineering-projects/airflow-spark-pipeline/airflow_venv/lib/python3.11/site-packages/airflow/example_dags/example_short_circuit_decorator.py
[2026-03-18T18:39:08.050+0000] {processor.py:914} INFO - Processing file /home/komal/data-engineering-projects/airflow-spark-pipeline/airflow_venv/lib/python3.11/site-packages/airflow/example_dags/example_short_circuit_decorator.py for tasks to queue
[2026-03-18T18:39:08.053+0000] {logging_mixin.py:190} INFO - [2026-03-18T18:39:08.052+0000] {dagbag.py:588} INFO - Filling up the DagBag from /home/komal/data-engineering-projects/airflow-spark-pipeline/airflow_venv/lib/python3.11/site-packages/airflow/example_dags/example_short_circuit_decorator.py
[2026-03-18T18:39:08.066+0000] {processor.py:925} INFO - DAG(s) 'example_short_circuit_decorator' retrieved from /home/komal/data-engineering-projects/airflow-spark-pipeline/airflow_venv/lib/python3.11/site-packages/airflow/example_dags/example_short_circuit_decorator.py
[2026-03-18T18:39:08.077+0000] {logging_mixin.py:190} INFO - [2026-03-18T18:39:08.077+0000] {dag.py:3239} INFO - Sync 1 DAGs
[2026-03-18T18:39:08.085+0000] {logging_mixin.py:190} INFO - [2026-03-18T18:39:08.084+0000] {dag.py:4180} INFO - Setting next_dagrun for example_short_circuit_decorator to None, run_after=None
[2026-03-18T18:39:08.105+0000] {processor.py:208} INFO - Processing /home/komal/data-engineering-projects/airflow-spark-pipeline/airflow_venv/lib/python3.11/site-packages/airflow/example_dags/example_short_circuit_decorator.py took 0.098 seconds
[2026-03-18T18:40:17.176+0000] {processor.py:186} INFO - Started process (PID=42027) to work on /home/komal/data-engineering-projects/airflow-spark-pipeline/airflow_venv/lib/python3.11/site-packages/airflow/example_dags/example_short_circuit_decorator.py
[2026-03-18T18:40:17.208+0000] {processor.py:914} INFO - Processing file /home/komal/data-engineering-projects/airflow-spark-pipeline/airflow_venv/lib/python3.11/site-packages/airflow/example_dags/example_short_circuit_decorator.py for tasks to queue
[2026-03-18T18:40:17.211+0000] {logging_mixin.py:190} INFO - [2026-03-18T18:40:17.210+0000] {dagbag.py:588} INFO - Filling up the DagBag from /home/komal/data-engineering-projects/airflow-spark-pipeline/airflow_venv/lib/python3.11/site-packages/airflow/example_dags/example_short_circuit_decorator.py
[2026-03-18T18:40:17.219+0000] {processor.py:925} INFO - DAG(s) 'example_short_circuit_decorator' retrieved from /home/komal/data-engineering-projects/airflow-spark-pipeline/airflow_venv/lib/python3.11/site-packages/airflow/example_dags/example_short_circuit_decorator.py
[2026-03-18T18:40:17.233+0000] {logging_mixin.py:190} INFO - [2026-03-18T18:40:17.233+0000] {dag.py:3239} INFO - Sync 1 DAGs
[2026-03-18T18:40:17.242+0000] {logging_mixin.py:190} INFO - [2026-03-18T18:40:17.241+0000] {dag.py:4180} INFO - Setting next_dagrun for example_short_circuit_decorator to None, run_after=None
[2026-03-18T18:40:17.279+0000] {processor.py:208} INFO - Processing /home/komal/data-engineering-projects/airflow-spark-pipeline/airflow_venv/lib/python3.11/site-packages/airflow/example_dags/example_short_circuit_decorator.py took 0.109 seconds
[2026-03-18T18:41:28.484+0000] {processor.py:186} INFO - Started process (PID=42093) to work on /home/komal/data-engineering-projects/airflow-spark-pipeline/airflow_venv/lib/python3.11/site-packages/airflow/example_dags/example_short_circuit_decorator.py
[2026-03-18T18:41:28.518+0000] {processor.py:914} INFO - Processing file /home/komal/data-engineering-projects/airflow-spark-pipeline/airflow_venv/lib/python3.11/site-packages/airflow/example_dags/example_short_circuit_decorator.py for tasks to queue
[2026-03-18T18:41:28.521+0000] {logging_mixin.py:190} INFO - [2026-03-18T18:41:28.521+0000] {dagbag.py:588} INFO - Filling up the DagBag from /home/komal/data-engineering-projects/airflow-spark-pipeline/airflow_venv/lib/python3.11/site-packages/airflow/example_dags/example_short_circuit_decorator.py
[2026-03-18T18:41:28.536+0000] {processor.py:925} INFO - DAG(s) 'example_short_circuit_decorator' retrieved from /home/komal/data-engineering-projects/airflow-spark-pipeline/airflow_venv/lib/python3.11/site-packages/airflow/example_dags/example_short_circuit_decorator.py
[2026-03-18T18:41:28.552+0000] {logging_mixin.py:190} INFO - [2026-03-18T18:41:28.552+0000] {dag.py:3239} INFO - Sync 1 DAGs
[2026-03-18T18:41:29.891+0000] {logging_mixin.py:190} INFO - [2026-03-18T18:41:29.890+0000] {dag.py:4180} INFO - Setting next_dagrun for example_short_circuit_decorator to None, run_after=None
[2026-03-18T18:41:29.910+0000] {processor.py:208} INFO - Processing /home/komal/data-engineering-projects/airflow-spark-pipeline/airflow_venv/lib/python3.11/site-packages/airflow/example_dags/example_short_circuit_decorator.py took 0.109 seconds
[2026-03-18T18:42:42.086+0000] {processor.py:186} INFO - Started process (PID=42161) to work on /home/komal/data-engineering-projects/airflow-spark-pipeline/airflow_venv/lib/python3.11/site-packages/airflow/example_dags/example_short_circuit_decorator.py
[2026-03-18T18:42:42.089+0000] {processor.py:914} INFO - Processing file /home/komal/data-engineering-projects/airflow-spark-pipeline/airflow_venv/lib/python3.11/site-packages/airflow/example_dags/example_short_circuit_decorator.py for tasks to queue
[2026-03-18T18:42:42.091+0000] {logging_mixin.py:190} INFO - [2026-03-18T18:42:42.091+0000] {dagbag.py:588} INFO - Filling up the DagBag from /home/komal/data-engineering-projects/airflow-spark-pipeline/airflow_venv/lib/python3.11/site-packages/airflow/example_dags/example_short_circuit_decorator.py
[2026-03-18T18:42:42.103+0000] {processor.py:925} INFO - DAG(s) 'example_short_circuit_decorator' retrieved from /home/komal/data-engineering-projects/airflow-spark-pipeline/airflow_venv/lib/python3.11/site-packages/airflow/example_dags/example_short_circuit_decorator.py
[2026-03-18T18:42:42.124+0000] {logging_mixin.py:190} INFO - [2026-03-18T18:42:42.124+0000] {dag.py:3239} INFO - Sync 1 DAGs
[2026-03-18T18:42:42.139+0000] {logging_mixin.py:190} INFO - [2026-03-18T18:42:42.139+0000] {dag.py:4180} INFO - Setting next_dagrun for example_short_circuit_decorator to None, run_after=None
[2026-03-18T18:42:42.165+0000] {processor.py:208} INFO - Processing /home/komal/data-engineering-projects/airflow-spark-pipeline/airflow_venv/lib/python3.11/site-packages/airflow/example_dags/example_short_circuit_decorator.py took 0.091 seconds
[2026-03-18T18:43:55.101+0000] {processor.py:186} INFO - Started process (PID=42230) to work on /home/komal/data-engineering-projects/airflow-spark-pipeline/airflow_venv/lib/python3.11/site-packages/airflow/example_dags/example_short_circuit_decorator.py
[2026-03-18T18:43:55.132+0000] {processor.py:914} INFO - Processing file /home/komal/data-engineering-projects/airflow-spark-pipeline/airflow_venv/lib/python3.11/site-packages/airflow/example_dags/example_short_circuit_decorator.py for tasks to queue
[2026-03-18T18:43:55.136+0000] {logging_mixin.py:190} INFO - [2026-03-18T18:43:55.135+0000] {dagbag.py:588} INFO - Filling up the DagBag from /home/komal/data-engineering-projects/airflow-spark-pipeline/airflow_venv/lib/python3.11/site-packages/airflow/example_dags/example_short_circuit_decorator.py
[2026-03-18T18:43:55.149+0000] {processor.py:925} INFO - DAG(s) 'example_short_circuit_decorator' retrieved from /home/komal/data-engineering-projects/airflow-spark-pipeline/airflow_venv/lib/python3.11/site-packages/airflow/example_dags/example_short_circuit_decorator.py
[2026-03-18T18:43:55.161+0000] {logging_mixin.py:190} INFO - [2026-03-18T18:43:55.160+0000] {dag.py:3239} INFO - Sync 1 DAGs
[2026-03-18T18:43:55.167+0000] {logging_mixin.py:190} INFO - [2026-03-18T18:43:55.167+0000] {dag.py:4180} INFO - Setting next_dagrun for example_short_circuit_decorator to None, run_after=None
[2026-03-18T18:43:55.189+0000] {processor.py:208} INFO - Processing /home/komal/data-engineering-projects/airflow-spark-pipeline/airflow_venv/lib/python3.11/site-packages/airflow/example_dags/example_short_circuit_decorator.py took 0.095 seconds
[2026-03-18T18:45:03.186+0000] {processor.py:186} INFO - Started process (PID=42296) to work on /home/komal/data-engineering-projects/airflow-spark-pipeline/airflow_venv/lib/python3.11/site-packages/airflow/example_dags/example_short_circuit_decorator.py
[2026-03-18T18:45:03.217+0000] {processor.py:914} INFO - Processing file /home/komal/data-engineering-projects/airflow-spark-pipeline/airflow_venv/lib/python3.11/site-packages/airflow/example_dags/example_short_circuit_decorator.py for tasks to queue
[2026-03-18T18:45:03.222+0000] {logging_mixin.py:190} INFO - [2026-03-18T18:45:03.221+0000] {dagbag.py:588} INFO - Filling up the DagBag from /home/komal/data-engineering-projects/airflow-spark-pipeline/airflow_venv/lib/python3.11/site-packages/airflow/example_dags/example_short_circuit_decorator.py
[2026-03-18T18:45:03.244+0000] {processor.py:925} INFO - DAG(s) 'example_short_circuit_decorator' retrieved from /home/komal/data-engineering-projects/airflow-spark-pipeline/airflow_venv/lib/python3.11/site-packages/airflow/example_dags/example_short_circuit_decorator.py
[2026-03-18T18:45:03.269+0000] {logging_mixin.py:190} INFO - [2026-03-18T18:45:03.269+0000] {dag.py:3239} INFO - Sync 1 DAGs
[2026-03-18T18:45:03.278+0000] {logging_mixin.py:190} INFO - [2026-03-18T18:45:03.278+0000] {dag.py:4180} INFO - Setting next_dagrun for example_short_circuit_decorator to None, run_after=None
[2026-03-18T18:45:03.301+0000] {processor.py:208} INFO - Processing /home/komal/data-engineering-projects/airflow-spark-pipeline/airflow_venv/lib/python3.11/site-packages/airflow/example_dags/example_short_circuit_decorator.py took 0.124 seconds
[2026-03-18T18:46:12.340+0000] {processor.py:186} INFO - Started process (PID=42362) to work on /home/komal/data-engineering-projects/airflow-spark-pipeline/airflow_venv/lib/python3.11/site-packages/airflow/example_dags/example_short_circuit_decorator.py
[2026-03-18T18:46:12.374+0000] {processor.py:914} INFO - Processing file /home/komal/data-engineering-projects/airflow-spark-pipeline/airflow_venv/lib/python3.11/site-packages/airflow/example_dags/example_short_circuit_decorator.py for tasks to queue
[2026-03-18T18:46:12.375+0000] {logging_mixin.py:190} INFO - [2026-03-18T18:46:12.375+0000] {dagbag.py:588} INFO - Filling up the DagBag from /home/komal/data-engineering-projects/airflow-spark-pipeline/airflow_venv/lib/python3.11/site-packages/airflow/example_dags/example_short_circuit_decorator.py
[2026-03-18T18:46:12.383+0000] {processor.py:925} INFO - DAG(s) 'example_short_circuit_decorator' retrieved from /home/komal/data-engineering-projects/airflow-spark-pipeline/airflow_venv/lib/python3.11/site-packages/airflow/example_dags/example_short_circuit_decorator.py
[2026-03-18T18:46:12.400+0000] {logging_mixin.py:190} INFO - [2026-03-18T18:46:12.400+0000] {dag.py:3239} INFO - Sync 1 DAGs
[2026-03-18T18:46:12.409+0000] {logging_mixin.py:190} INFO - [2026-03-18T18:46:12.409+0000] {dag.py:4180} INFO - Setting next_dagrun for example_short_circuit_decorator to None, run_after=None
[2026-03-18T18:46:12.495+0000] {processor.py:208} INFO - Processing /home/komal/data-engineering-projects/airflow-spark-pipeline/airflow_venv/lib/python3.11/site-packages/airflow/example_dags/example_short_circuit_decorator.py took 0.159 seconds
[2026-03-18T18:47:21.905+0000] {processor.py:186} INFO - Started process (PID=42651) to work on /home/komal/data-engineering-projects/airflow-spark-pipeline/airflow_venv/lib/python3.11/site-packages/airflow/example_dags/example_short_circuit_decorator.py
[2026-03-18T18:47:21.907+0000] {processor.py:914} INFO - Processing file /home/komal/data-engineering-projects/airflow-spark-pipeline/airflow_venv/lib/python3.11/site-packages/airflow/example_dags/example_short_circuit_decorator.py for tasks to queue
[2026-03-18T18:47:21.909+0000] {logging_mixin.py:190} INFO - [2026-03-18T18:47:21.908+0000] {dagbag.py:588} INFO - Filling up the DagBag from /home/komal/data-engineering-projects/airflow-spark-pipeline/airflow_venv/lib/python3.11/site-packages/airflow/example_dags/example_short_circuit_decorator.py
[2026-03-18T18:47:21.921+0000] {processor.py:925} INFO - DAG(s) 'example_short_circuit_decorator' retrieved from /home/komal/data-engineering-projects/airflow-spark-pipeline/airflow_venv/lib/python3.11/site-packages/airflow/example_dags/example_short_circuit_decorator.py
[2026-03-18T18:47:21.942+0000] {logging_mixin.py:190} INFO - [2026-03-18T18:47:21.942+0000] {dag.py:3239} INFO - Sync 1 DAGs
[2026-03-18T18:47:21.957+0000] {logging_mixin.py:190} INFO - [2026-03-18T18:47:21.957+0000] {dag.py:4180} INFO - Setting next_dagrun for example_short_circuit_decorator to None, run_after=None
[2026-03-18T18:47:22.083+0000] {processor.py:208} INFO - Processing /home/komal/data-engineering-projects/airflow-spark-pipeline/airflow_venv/lib/python3.11/site-packages/airflow/example_dags/example_short_circuit_decorator.py took 0.182 seconds
[2026-03-18T18:48:31.843+0000] {processor.py:186} INFO - Started process (PID=42717) to work on /home/komal/data-engineering-projects/airflow-spark-pipeline/airflow_venv/lib/python3.11/site-packages/airflow/example_dags/example_short_circuit_decorator.py
[2026-03-18T18:48:31.875+0000] {processor.py:914} INFO - Processing file /home/komal/data-engineering-projects/airflow-spark-pipeline/airflow_venv/lib/python3.11/site-packages/airflow/example_dags/example_short_circuit_decorator.py for tasks to queue
[2026-03-18T18:48:31.877+0000] {logging_mixin.py:190} INFO - [2026-03-18T18:48:31.877+0000] {dagbag.py:588} INFO - Filling up the DagBag from /home/komal/data-engineering-projects/airflow-spark-pipeline/airflow_venv/lib/python3.11/site-packages/airflow/example_dags/example_short_circuit_decorator.py
[2026-03-18T18:48:31.886+0000] {processor.py:925} INFO - DAG(s) 'example_short_circuit_decorator' retrieved from /home/komal/data-engineering-projects/airflow-spark-pipeline/airflow_venv/lib/python3.11/site-packages/airflow/example_dags/example_short_circuit_decorator.py
[2026-03-18T18:48:31.902+0000] {logging_mixin.py:190} INFO - [2026-03-18T18:48:31.902+0000] {dag.py:3239} INFO - Sync 1 DAGs
[2026-03-18T18:48:31.914+0000] {logging_mixin.py:190} INFO - [2026-03-18T18:48:31.914+0000] {dag.py:4180} INFO - Setting next_dagrun for example_short_circuit_decorator to None, run_after=None
[2026-03-18T18:48:31.951+0000] {processor.py:208} INFO - Processing /home/komal/data-engineering-projects/airflow-spark-pipeline/airflow_venv/lib/python3.11/site-packages/airflow/example_dags/example_short_circuit_decorator.py took 0.112 seconds
[2026-03-18T18:49:49.383+0000] {processor.py:186} INFO - Started process (PID=42795) to work on /home/komal/data-engineering-projects/airflow-spark-pipeline/airflow_venv/lib/python3.11/site-packages/airflow/example_dags/example_short_circuit_decorator.py
[2026-03-18T18:49:49.387+0000] {processor.py:914} INFO - Processing file /home/komal/data-engineering-projects/airflow-spark-pipeline/airflow_venv/lib/python3.11/site-packages/airflow/example_dags/example_short_circuit_decorator.py for tasks to queue
[2026-03-18T18:49:49.391+0000] {logging_mixin.py:190} INFO - [2026-03-18T18:49:49.391+0000] {dagbag.py:588} INFO - Filling up the DagBag from /home/komal/data-engineering-projects/airflow-spark-pipeline/airflow_venv/lib/python3.11/site-packages/airflow/example_dags/example_short_circuit_decorator.py
[2026-03-18T18:49:49.411+0000] {processor.py:925} INFO - DAG(s) 'example_short_circuit_decorator' retrieved from /home/komal/data-engineering-projects/airflow-spark-pipeline/airflow_venv/lib/python3.11/site-packages/airflow/example_dags/example_short_circuit_decorator.py
[2026-03-18T18:49:49.432+0000] {logging_mixin.py:190} INFO - [2026-03-18T18:49:49.432+0000] {dag.py:3239} INFO - Sync 1 DAGs
[2026-03-18T18:49:49.442+0000] {logging_mixin.py:190} INFO - [2026-03-18T18:49:49.442+0000] {dag.py:4180} INFO - Setting next_dagrun for example_short_circuit_decorator to None, run_after=None
[2026-03-18T18:49:49.465+0000] {processor.py:208} INFO - Processing /home/komal/data-engineering-projects/airflow-spark-pipeline/airflow_venv/lib/python3.11/site-packages/airflow/example_dags/example_short_circuit_decorator.py took 0.093 seconds
[2026-03-18T18:50:57.706+0000] {processor.py:186} INFO - Started process (PID=42860) to work on /home/komal/data-engineering-projects/airflow-spark-pipeline/airflow_venv/lib/python3.11/site-packages/airflow/example_dags/example_short_circuit_decorator.py
[2026-03-18T18:50:57.710+0000] {processor.py:914} INFO - Processing file /home/komal/data-engineering-projects/airflow-spark-pipeline/airflow_venv/lib/python3.11/site-packages/airflow/example_dags/example_short_circuit_decorator.py for tasks to queue
[2026-03-18T18:50:57.712+0000] {logging_mixin.py:190} INFO - [2026-03-18T18:50:57.711+0000] {dagbag.py:588} INFO - Filling up the DagBag from /home/komal/data-engineering-projects/airflow-spark-pipeline/airflow_venv/lib/python3.11/site-packages/airflow/example_dags/example_short_circuit_decorator.py
[2026-03-18T18:50:57.719+0000] {processor.py:925} INFO - DAG(s) 'example_short_circuit_decorator' retrieved from /home/komal/data-engineering-projects/airflow-spark-pipeline/airflow_venv/lib/python3.11/site-packages/airflow/example_dags/example_short_circuit_decorator.py
[2026-03-18T18:50:57.731+0000] {logging_mixin.py:190} INFO - [2026-03-18T18:50:57.730+0000] {dag.py:3239} INFO - Sync 1 DAGs
[2026-03-18T18:50:57.855+0000] {logging_mixin.py:190} INFO - [2026-03-18T18:50:57.855+0000] {dag.py:4180} INFO - Setting next_dagrun for example_short_circuit_decorator to None, run_after=None
[2026-03-18T18:50:57.902+0000] {processor.py:208} INFO - Processing /home/komal/data-engineering-projects/airflow-spark-pipeline/airflow_venv/lib/python3.11/site-packages/airflow/example_dags/example_short_circuit_decorator.py took 0.203 seconds
