[2026-03-18T06:33:52.914+0000] {processor.py:186} INFO - Started process (PID=28050) to work on /home/komal/data-engineering-projects/airflow-spark-pipeline/airflow_venv/lib/python3.11/site-packages/airflow/example_dags/example_inlet_event_extra.py
[2026-03-18T06:33:52.915+0000] {processor.py:914} INFO - Processing file /home/komal/data-engineering-projects/airflow-spark-pipeline/airflow_venv/lib/python3.11/site-packages/airflow/example_dags/example_inlet_event_extra.py for tasks to queue
[2026-03-18T06:33:52.919+0000] {logging_mixin.py:190} INFO - [2026-03-18T06:33:52.919+0000] {dagbag.py:588} INFO - Filling up the DagBag from /home/komal/data-engineering-projects/airflow-spark-pipeline/airflow_venv/lib/python3.11/site-packages/airflow/example_dags/example_inlet_event_extra.py
[2026-03-18T06:33:52.937+0000] {processor.py:925} INFO - DAG(s) 'read_dataset_event', 'read_dataset_event_from_classic' retrieved from /home/komal/data-engineering-projects/airflow-spark-pipeline/airflow_venv/lib/python3.11/site-packages/airflow/example_dags/example_inlet_event_extra.py
[2026-03-18T06:33:53.041+0000] {logging_mixin.py:190} INFO - [2026-03-18T06:33:53.040+0000] {dag.py:3239} INFO - Sync 2 DAGs
[2026-03-18T06:33:53.057+0000] {logging_mixin.py:190} INFO - [2026-03-18T06:33:53.056+0000] {dag.py:4180} INFO - Setting next_dagrun for read_dataset_event to 2026-03-17 00:00:00+00:00, run_after=2026-03-18 00:00:00+00:00
[2026-03-18T06:33:53.059+0000] {logging_mixin.py:190} INFO - [2026-03-18T06:33:53.059+0000] {dag.py:4180} INFO - Setting next_dagrun for read_dataset_event_from_classic to 2026-03-17 00:00:00+00:00, run_after=2026-03-18 00:00:00+00:00
[2026-03-18T06:33:53.115+0000] {processor.py:208} INFO - Processing /home/komal/data-engineering-projects/airflow-spark-pipeline/airflow_venv/lib/python3.11/site-packages/airflow/example_dags/example_inlet_event_extra.py took 0.208 seconds
[2026-03-18T06:35:04.089+0000] {processor.py:186} INFO - Started process (PID=28117) to work on /home/komal/data-engineering-projects/airflow-spark-pipeline/airflow_venv/lib/python3.11/site-packages/airflow/example_dags/example_inlet_event_extra.py
[2026-03-18T06:35:04.120+0000] {processor.py:914} INFO - Processing file /home/komal/data-engineering-projects/airflow-spark-pipeline/airflow_venv/lib/python3.11/site-packages/airflow/example_dags/example_inlet_event_extra.py for tasks to queue
[2026-03-18T06:35:04.121+0000] {logging_mixin.py:190} INFO - [2026-03-18T06:35:04.121+0000] {dagbag.py:588} INFO - Filling up the DagBag from /home/komal/data-engineering-projects/airflow-spark-pipeline/airflow_venv/lib/python3.11/site-packages/airflow/example_dags/example_inlet_event_extra.py
[2026-03-18T06:35:04.135+0000] {processor.py:925} INFO - DAG(s) 'read_dataset_event', 'read_dataset_event_from_classic' retrieved from /home/komal/data-engineering-projects/airflow-spark-pipeline/airflow_venv/lib/python3.11/site-packages/airflow/example_dags/example_inlet_event_extra.py
[2026-03-18T06:35:04.147+0000] {logging_mixin.py:190} INFO - [2026-03-18T06:35:04.147+0000] {dag.py:3239} INFO - Sync 2 DAGs
[2026-03-18T06:35:04.161+0000] {logging_mixin.py:190} INFO - [2026-03-18T06:35:04.161+0000] {dag.py:4180} INFO - Setting next_dagrun for read_dataset_event to 2026-03-17 00:00:00+00:00, run_after=2026-03-18 00:00:00+00:00
[2026-03-18T06:35:04.163+0000] {logging_mixin.py:190} INFO - [2026-03-18T06:35:04.163+0000] {dag.py:4180} INFO - Setting next_dagrun for read_dataset_event_from_classic to 2026-03-17 00:00:00+00:00, run_after=2026-03-18 00:00:00+00:00
[2026-03-18T06:35:04.180+0000] {processor.py:208} INFO - Processing /home/komal/data-engineering-projects/airflow-spark-pipeline/airflow_venv/lib/python3.11/site-packages/airflow/example_dags/example_inlet_event_extra.py took 0.095 seconds
[2026-03-18T06:36:08.912+0000] {processor.py:186} INFO - Started process (PID=28190) to work on /home/komal/data-engineering-projects/airflow-spark-pipeline/airflow_venv/lib/python3.11/site-packages/airflow/example_dags/example_inlet_event_extra.py
[2026-03-18T06:36:08.947+0000] {processor.py:914} INFO - Processing file /home/komal/data-engineering-projects/airflow-spark-pipeline/airflow_venv/lib/python3.11/site-packages/airflow/example_dags/example_inlet_event_extra.py for tasks to queue
[2026-03-18T06:36:08.949+0000] {logging_mixin.py:190} INFO - [2026-03-18T06:36:08.948+0000] {dagbag.py:588} INFO - Filling up the DagBag from /home/komal/data-engineering-projects/airflow-spark-pipeline/airflow_venv/lib/python3.11/site-packages/airflow/example_dags/example_inlet_event_extra.py
[2026-03-18T06:36:08.968+0000] {processor.py:925} INFO - DAG(s) 'read_dataset_event', 'read_dataset_event_from_classic' retrieved from /home/komal/data-engineering-projects/airflow-spark-pipeline/airflow_venv/lib/python3.11/site-packages/airflow/example_dags/example_inlet_event_extra.py
[2026-03-18T06:36:08.982+0000] {logging_mixin.py:190} INFO - [2026-03-18T06:36:08.982+0000] {dag.py:3239} INFO - Sync 2 DAGs
[2026-03-18T06:36:09.011+0000] {logging_mixin.py:190} INFO - [2026-03-18T06:36:09.011+0000] {dag.py:4180} INFO - Setting next_dagrun for read_dataset_event to 2026-03-17 00:00:00+00:00, run_after=2026-03-18 00:00:00+00:00
[2026-03-18T06:36:09.014+0000] {logging_mixin.py:190} INFO - [2026-03-18T06:36:09.013+0000] {dag.py:4180} INFO - Setting next_dagrun for read_dataset_event_from_classic to 2026-03-17 00:00:00+00:00, run_after=2026-03-18 00:00:00+00:00
[2026-03-18T06:36:09.080+0000] {processor.py:208} INFO - Processing /home/komal/data-engineering-projects/airflow-spark-pipeline/airflow_venv/lib/python3.11/site-packages/airflow/example_dags/example_inlet_event_extra.py took 0.177 seconds
[2026-03-18T06:37:15.592+0000] {processor.py:186} INFO - Started process (PID=28255) to work on /home/komal/data-engineering-projects/airflow-spark-pipeline/airflow_venv/lib/python3.11/site-packages/airflow/example_dags/example_inlet_event_extra.py
[2026-03-18T06:37:15.594+0000] {processor.py:914} INFO - Processing file /home/komal/data-engineering-projects/airflow-spark-pipeline/airflow_venv/lib/python3.11/site-packages/airflow/example_dags/example_inlet_event_extra.py for tasks to queue
[2026-03-18T06:37:15.595+0000] {logging_mixin.py:190} INFO - [2026-03-18T06:37:15.594+0000] {dagbag.py:588} INFO - Filling up the DagBag from /home/komal/data-engineering-projects/airflow-spark-pipeline/airflow_venv/lib/python3.11/site-packages/airflow/example_dags/example_inlet_event_extra.py
[2026-03-18T06:37:15.613+0000] {processor.py:925} INFO - DAG(s) 'read_dataset_event_from_classic', 'read_dataset_event' retrieved from /home/komal/data-engineering-projects/airflow-spark-pipeline/airflow_venv/lib/python3.11/site-packages/airflow/example_dags/example_inlet_event_extra.py
[2026-03-18T06:37:15.640+0000] {logging_mixin.py:190} INFO - [2026-03-18T06:37:15.640+0000] {dag.py:3239} INFO - Sync 2 DAGs
[2026-03-18T06:37:15.663+0000] {logging_mixin.py:190} INFO - [2026-03-18T06:37:15.662+0000] {dag.py:4180} INFO - Setting next_dagrun for read_dataset_event to 2026-03-17 00:00:00+00:00, run_after=2026-03-18 00:00:00+00:00
[2026-03-18T06:37:15.678+0000] {logging_mixin.py:190} INFO - [2026-03-18T06:37:15.677+0000] {dag.py:4180} INFO - Setting next_dagrun for read_dataset_event_from_classic to 2026-03-17 00:00:00+00:00, run_after=2026-03-18 00:00:00+00:00
[2026-03-18T06:37:15.701+0000] {processor.py:208} INFO - Processing /home/komal/data-engineering-projects/airflow-spark-pipeline/airflow_venv/lib/python3.11/site-packages/airflow/example_dags/example_inlet_event_extra.py took 0.120 seconds
[2026-03-18T06:38:31.753+0000] {processor.py:186} INFO - Started process (PID=28345) to work on /home/komal/data-engineering-projects/airflow-spark-pipeline/airflow_venv/lib/python3.11/site-packages/airflow/example_dags/example_inlet_event_extra.py
[2026-03-18T06:38:31.786+0000] {processor.py:914} INFO - Processing file /home/komal/data-engineering-projects/airflow-spark-pipeline/airflow_venv/lib/python3.11/site-packages/airflow/example_dags/example_inlet_event_extra.py for tasks to queue
[2026-03-18T06:38:31.789+0000] {logging_mixin.py:190} INFO - [2026-03-18T06:38:31.788+0000] {dagbag.py:588} INFO - Filling up the DagBag from /home/komal/data-engineering-projects/airflow-spark-pipeline/airflow_venv/lib/python3.11/site-packages/airflow/example_dags/example_inlet_event_extra.py
[2026-03-18T06:38:31.805+0000] {processor.py:925} INFO - DAG(s) 'read_dataset_event', 'read_dataset_event_from_classic' retrieved from /home/komal/data-engineering-projects/airflow-spark-pipeline/airflow_venv/lib/python3.11/site-packages/airflow/example_dags/example_inlet_event_extra.py
[2026-03-18T06:38:31.816+0000] {logging_mixin.py:190} INFO - [2026-03-18T06:38:31.816+0000] {dag.py:3239} INFO - Sync 2 DAGs
[2026-03-18T06:38:31.828+0000] {logging_mixin.py:190} INFO - [2026-03-18T06:38:31.828+0000] {dag.py:4180} INFO - Setting next_dagrun for read_dataset_event to 2026-03-17 00:00:00+00:00, run_after=2026-03-18 00:00:00+00:00
[2026-03-18T06:38:31.830+0000] {logging_mixin.py:190} INFO - [2026-03-18T06:38:31.830+0000] {dag.py:4180} INFO - Setting next_dagrun for read_dataset_event_from_classic to 2026-03-17 00:00:00+00:00, run_after=2026-03-18 00:00:00+00:00
[2026-03-18T06:38:31.850+0000] {processor.py:208} INFO - Processing /home/komal/data-engineering-projects/airflow-spark-pipeline/airflow_venv/lib/python3.11/site-packages/airflow/example_dags/example_inlet_event_extra.py took 0.106 seconds
[2026-03-18T06:39:41.399+0000] {processor.py:186} INFO - Started process (PID=28490) to work on /home/komal/data-engineering-projects/airflow-spark-pipeline/airflow_venv/lib/python3.11/site-packages/airflow/example_dags/example_inlet_event_extra.py
[2026-03-18T06:39:41.430+0000] {processor.py:914} INFO - Processing file /home/komal/data-engineering-projects/airflow-spark-pipeline/airflow_venv/lib/python3.11/site-packages/airflow/example_dags/example_inlet_event_extra.py for tasks to queue
[2026-03-18T06:39:41.434+0000] {logging_mixin.py:190} INFO - [2026-03-18T06:39:41.433+0000] {dagbag.py:588} INFO - Filling up the DagBag from /home/komal/data-engineering-projects/airflow-spark-pipeline/airflow_venv/lib/python3.11/site-packages/airflow/example_dags/example_inlet_event_extra.py
[2026-03-18T06:39:41.451+0000] {processor.py:925} INFO - DAG(s) 'read_dataset_event', 'read_dataset_event_from_classic' retrieved from /home/komal/data-engineering-projects/airflow-spark-pipeline/airflow_venv/lib/python3.11/site-packages/airflow/example_dags/example_inlet_event_extra.py
[2026-03-18T06:39:41.463+0000] {logging_mixin.py:190} INFO - [2026-03-18T06:39:41.463+0000] {dag.py:3239} INFO - Sync 2 DAGs
[2026-03-18T06:39:41.476+0000] {logging_mixin.py:190} INFO - [2026-03-18T06:39:41.476+0000] {dag.py:4180} INFO - Setting next_dagrun for read_dataset_event to 2026-03-17 00:00:00+00:00, run_after=2026-03-18 00:00:00+00:00
[2026-03-18T06:39:41.479+0000] {logging_mixin.py:190} INFO - [2026-03-18T06:39:41.479+0000] {dag.py:4180} INFO - Setting next_dagrun for read_dataset_event_from_classic to 2026-03-17 00:00:00+00:00, run_after=2026-03-18 00:00:00+00:00
[2026-03-18T06:39:41.501+0000] {processor.py:208} INFO - Processing /home/komal/data-engineering-projects/airflow-spark-pipeline/airflow_venv/lib/python3.11/site-packages/airflow/example_dags/example_inlet_event_extra.py took 0.110 seconds
[2026-03-18T06:40:49.489+0000] {processor.py:186} INFO - Started process (PID=28558) to work on /home/komal/data-engineering-projects/airflow-spark-pipeline/airflow_venv/lib/python3.11/site-packages/airflow/example_dags/example_inlet_event_extra.py
[2026-03-18T06:40:49.522+0000] {processor.py:914} INFO - Processing file /home/komal/data-engineering-projects/airflow-spark-pipeline/airflow_venv/lib/python3.11/site-packages/airflow/example_dags/example_inlet_event_extra.py for tasks to queue
[2026-03-18T06:40:49.525+0000] {logging_mixin.py:190} INFO - [2026-03-18T06:40:49.524+0000] {dagbag.py:588} INFO - Filling up the DagBag from /home/komal/data-engineering-projects/airflow-spark-pipeline/airflow_venv/lib/python3.11/site-packages/airflow/example_dags/example_inlet_event_extra.py
[2026-03-18T06:40:49.540+0000] {processor.py:925} INFO - DAG(s) 'read_dataset_event', 'read_dataset_event_from_classic' retrieved from /home/komal/data-engineering-projects/airflow-spark-pipeline/airflow_venv/lib/python3.11/site-packages/airflow/example_dags/example_inlet_event_extra.py
[2026-03-18T06:40:49.555+0000] {logging_mixin.py:190} INFO - [2026-03-18T06:40:49.555+0000] {dag.py:3239} INFO - Sync 2 DAGs
[2026-03-18T06:40:49.580+0000] {logging_mixin.py:190} INFO - [2026-03-18T06:40:49.580+0000] {dag.py:4180} INFO - Setting next_dagrun for read_dataset_event to 2026-03-17 00:00:00+00:00, run_after=2026-03-18 00:00:00+00:00
[2026-03-18T06:40:49.583+0000] {logging_mixin.py:190} INFO - [2026-03-18T06:40:49.583+0000] {dag.py:4180} INFO - Setting next_dagrun for read_dataset_event_from_classic to 2026-03-17 00:00:00+00:00, run_after=2026-03-18 00:00:00+00:00
[2026-03-18T06:40:49.604+0000] {processor.py:208} INFO - Processing /home/komal/data-engineering-projects/airflow-spark-pipeline/airflow_venv/lib/python3.11/site-packages/airflow/example_dags/example_inlet_event_extra.py took 0.120 seconds
[2026-03-18T06:41:58.635+0000] {processor.py:186} INFO - Started process (PID=28705) to work on /home/komal/data-engineering-projects/airflow-spark-pipeline/airflow_venv/lib/python3.11/site-packages/airflow/example_dags/example_inlet_event_extra.py
[2026-03-18T06:41:58.666+0000] {processor.py:914} INFO - Processing file /home/komal/data-engineering-projects/airflow-spark-pipeline/airflow_venv/lib/python3.11/site-packages/airflow/example_dags/example_inlet_event_extra.py for tasks to queue
[2026-03-18T06:41:58.670+0000] {logging_mixin.py:190} INFO - [2026-03-18T06:41:58.669+0000] {dagbag.py:588} INFO - Filling up the DagBag from /home/komal/data-engineering-projects/airflow-spark-pipeline/airflow_venv/lib/python3.11/site-packages/airflow/example_dags/example_inlet_event_extra.py
[2026-03-18T06:41:58.687+0000] {processor.py:925} INFO - DAG(s) 'read_dataset_event', 'read_dataset_event_from_classic' retrieved from /home/komal/data-engineering-projects/airflow-spark-pipeline/airflow_venv/lib/python3.11/site-packages/airflow/example_dags/example_inlet_event_extra.py
[2026-03-18T06:41:58.701+0000] {logging_mixin.py:190} INFO - [2026-03-18T06:41:58.700+0000] {dag.py:3239} INFO - Sync 2 DAGs
[2026-03-18T06:41:58.713+0000] {logging_mixin.py:190} INFO - [2026-03-18T06:41:58.713+0000] {dag.py:4180} INFO - Setting next_dagrun for read_dataset_event to 2026-03-17 00:00:00+00:00, run_after=2026-03-18 00:00:00+00:00
[2026-03-18T06:41:58.715+0000] {logging_mixin.py:190} INFO - [2026-03-18T06:41:58.715+0000] {dag.py:4180} INFO - Setting next_dagrun for read_dataset_event_from_classic to 2026-03-17 00:00:00+00:00, run_after=2026-03-18 00:00:00+00:00
[2026-03-18T06:41:58.735+0000] {processor.py:208} INFO - Processing /home/komal/data-engineering-projects/airflow-spark-pipeline/airflow_venv/lib/python3.11/site-packages/airflow/example_dags/example_inlet_event_extra.py took 0.110 seconds
[2026-03-18T06:43:17.076+0000] {processor.py:186} INFO - Started process (PID=28783) to work on /home/komal/data-engineering-projects/airflow-spark-pipeline/airflow_venv/lib/python3.11/site-packages/airflow/example_dags/example_inlet_event_extra.py
[2026-03-18T06:43:17.108+0000] {processor.py:914} INFO - Processing file /home/komal/data-engineering-projects/airflow-spark-pipeline/airflow_venv/lib/python3.11/site-packages/airflow/example_dags/example_inlet_event_extra.py for tasks to queue
[2026-03-18T06:43:17.112+0000] {logging_mixin.py:190} INFO - [2026-03-18T06:43:17.111+0000] {dagbag.py:588} INFO - Filling up the DagBag from /home/komal/data-engineering-projects/airflow-spark-pipeline/airflow_venv/lib/python3.11/site-packages/airflow/example_dags/example_inlet_event_extra.py
[2026-03-18T06:43:17.260+0000] {processor.py:925} INFO - DAG(s) 'read_dataset_event', 'read_dataset_event_from_classic' retrieved from /home/komal/data-engineering-projects/airflow-spark-pipeline/airflow_venv/lib/python3.11/site-packages/airflow/example_dags/example_inlet_event_extra.py
[2026-03-18T06:43:17.271+0000] {logging_mixin.py:190} INFO - [2026-03-18T06:43:17.271+0000] {dag.py:3239} INFO - Sync 2 DAGs
[2026-03-18T06:43:17.281+0000] {logging_mixin.py:190} INFO - [2026-03-18T06:43:17.281+0000] {dag.py:4180} INFO - Setting next_dagrun for read_dataset_event to 2026-03-17 00:00:00+00:00, run_after=2026-03-18 00:00:00+00:00
[2026-03-18T06:43:17.284+0000] {logging_mixin.py:190} INFO - [2026-03-18T06:43:17.283+0000] {dag.py:4180} INFO - Setting next_dagrun for read_dataset_event_from_classic to 2026-03-17 00:00:00+00:00, run_after=2026-03-18 00:00:00+00:00
[2026-03-18T06:43:17.301+0000] {processor.py:208} INFO - Processing /home/komal/data-engineering-projects/airflow-spark-pipeline/airflow_venv/lib/python3.11/site-packages/airflow/example_dags/example_inlet_event_extra.py took 0.230 seconds
[2026-03-18T06:44:41.242+0000] {processor.py:186} INFO - Started process (PID=28935) to work on /home/komal/data-engineering-projects/airflow-spark-pipeline/airflow_venv/lib/python3.11/site-packages/airflow/example_dags/example_inlet_event_extra.py
[2026-03-18T06:44:41.275+0000] {processor.py:914} INFO - Processing file /home/komal/data-engineering-projects/airflow-spark-pipeline/airflow_venv/lib/python3.11/site-packages/airflow/example_dags/example_inlet_event_extra.py for tasks to queue
[2026-03-18T06:44:41.279+0000] {logging_mixin.py:190} INFO - [2026-03-18T06:44:41.278+0000] {dagbag.py:588} INFO - Filling up the DagBag from /home/komal/data-engineering-projects/airflow-spark-pipeline/airflow_venv/lib/python3.11/site-packages/airflow/example_dags/example_inlet_event_extra.py
[2026-03-18T06:44:41.301+0000] {processor.py:925} INFO - DAG(s) 'read_dataset_event_from_classic', 'read_dataset_event' retrieved from /home/komal/data-engineering-projects/airflow-spark-pipeline/airflow_venv/lib/python3.11/site-packages/airflow/example_dags/example_inlet_event_extra.py
[2026-03-18T06:44:41.316+0000] {logging_mixin.py:190} INFO - [2026-03-18T06:44:41.316+0000] {dag.py:3239} INFO - Sync 2 DAGs
[2026-03-18T06:44:41.330+0000] {logging_mixin.py:190} INFO - [2026-03-18T06:44:41.330+0000] {dag.py:4180} INFO - Setting next_dagrun for read_dataset_event to 2026-03-17 00:00:00+00:00, run_after=2026-03-18 00:00:00+00:00
[2026-03-18T06:44:41.333+0000] {logging_mixin.py:190} INFO - [2026-03-18T06:44:41.333+0000] {dag.py:4180} INFO - Setting next_dagrun for read_dataset_event_from_classic to 2026-03-17 00:00:00+00:00, run_after=2026-03-18 00:00:00+00:00
[2026-03-18T06:44:41.363+0000] {processor.py:208} INFO - Processing /home/komal/data-engineering-projects/airflow-spark-pipeline/airflow_venv/lib/python3.11/site-packages/airflow/example_dags/example_inlet_event_extra.py took 0.131 seconds
[2026-03-18T06:45:55.793+0000] {processor.py:186} INFO - Started process (PID=29308) to work on /home/komal/data-engineering-projects/airflow-spark-pipeline/airflow_venv/lib/python3.11/site-packages/airflow/example_dags/example_inlet_event_extra.py
[2026-03-18T06:45:55.825+0000] {processor.py:914} INFO - Processing file /home/komal/data-engineering-projects/airflow-spark-pipeline/airflow_venv/lib/python3.11/site-packages/airflow/example_dags/example_inlet_event_extra.py for tasks to queue
[2026-03-18T06:45:55.827+0000] {logging_mixin.py:190} INFO - [2026-03-18T06:45:55.826+0000] {dagbag.py:588} INFO - Filling up the DagBag from /home/komal/data-engineering-projects/airflow-spark-pipeline/airflow_venv/lib/python3.11/site-packages/airflow/example_dags/example_inlet_event_extra.py
[2026-03-18T06:45:55.847+0000] {processor.py:925} INFO - DAG(s) 'read_dataset_event', 'read_dataset_event_from_classic' retrieved from /home/komal/data-engineering-projects/airflow-spark-pipeline/airflow_venv/lib/python3.11/site-packages/airflow/example_dags/example_inlet_event_extra.py
[2026-03-18T06:45:55.882+0000] {logging_mixin.py:190} INFO - [2026-03-18T06:45:55.882+0000] {dag.py:3239} INFO - Sync 2 DAGs
[2026-03-18T06:45:55.901+0000] {logging_mixin.py:190} INFO - [2026-03-18T06:45:55.901+0000] {dag.py:4180} INFO - Setting next_dagrun for read_dataset_event to 2026-03-17 00:00:00+00:00, run_after=2026-03-18 00:00:00+00:00
[2026-03-18T06:45:55.904+0000] {logging_mixin.py:190} INFO - [2026-03-18T06:45:55.904+0000] {dag.py:4180} INFO - Setting next_dagrun for read_dataset_event_from_classic to 2026-03-17 00:00:00+00:00, run_after=2026-03-18 00:00:00+00:00
[2026-03-18T06:45:55.946+0000] {processor.py:208} INFO - Processing /home/komal/data-engineering-projects/airflow-spark-pipeline/airflow_venv/lib/python3.11/site-packages/airflow/example_dags/example_inlet_event_extra.py took 0.158 seconds
[2026-03-18T06:47:13.174+0000] {processor.py:186} INFO - Started process (PID=29457) to work on /home/komal/data-engineering-projects/airflow-spark-pipeline/airflow_venv/lib/python3.11/site-packages/airflow/example_dags/example_inlet_event_extra.py
[2026-03-18T06:47:13.206+0000] {processor.py:914} INFO - Processing file /home/komal/data-engineering-projects/airflow-spark-pipeline/airflow_venv/lib/python3.11/site-packages/airflow/example_dags/example_inlet_event_extra.py for tasks to queue
[2026-03-18T06:47:13.208+0000] {logging_mixin.py:190} INFO - [2026-03-18T06:47:13.208+0000] {dagbag.py:588} INFO - Filling up the DagBag from /home/komal/data-engineering-projects/airflow-spark-pipeline/airflow_venv/lib/python3.11/site-packages/airflow/example_dags/example_inlet_event_extra.py
[2026-03-18T06:47:13.219+0000] {processor.py:925} INFO - DAG(s) 'read_dataset_event', 'read_dataset_event_from_classic' retrieved from /home/komal/data-engineering-projects/airflow-spark-pipeline/airflow_venv/lib/python3.11/site-packages/airflow/example_dags/example_inlet_event_extra.py
[2026-03-18T06:47:13.233+0000] {logging_mixin.py:190} INFO - [2026-03-18T06:47:13.233+0000] {dag.py:3239} INFO - Sync 2 DAGs
[2026-03-18T06:47:13.248+0000] {logging_mixin.py:190} INFO - [2026-03-18T06:47:13.248+0000] {dag.py:4180} INFO - Setting next_dagrun for read_dataset_event to 2026-03-17 00:00:00+00:00, run_after=2026-03-18 00:00:00+00:00
[2026-03-18T06:47:13.250+0000] {logging_mixin.py:190} INFO - [2026-03-18T06:47:13.250+0000] {dag.py:4180} INFO - Setting next_dagrun for read_dataset_event_from_classic to 2026-03-17 00:00:00+00:00, run_after=2026-03-18 00:00:00+00:00
[2026-03-18T06:47:13.269+0000] {processor.py:208} INFO - Processing /home/komal/data-engineering-projects/airflow-spark-pipeline/airflow_venv/lib/python3.11/site-packages/airflow/example_dags/example_inlet_event_extra.py took 0.112 seconds
[2026-03-18T06:48:34.849+0000] {processor.py:186} INFO - Started process (PID=29618) to work on /home/komal/data-engineering-projects/airflow-spark-pipeline/airflow_venv/lib/python3.11/site-packages/airflow/example_dags/example_inlet_event_extra.py
[2026-03-18T06:48:34.852+0000] {processor.py:914} INFO - Processing file /home/komal/data-engineering-projects/airflow-spark-pipeline/airflow_venv/lib/python3.11/site-packages/airflow/example_dags/example_inlet_event_extra.py for tasks to queue
[2026-03-18T06:48:34.854+0000] {logging_mixin.py:190} INFO - [2026-03-18T06:48:34.854+0000] {dagbag.py:588} INFO - Filling up the DagBag from /home/komal/data-engineering-projects/airflow-spark-pipeline/airflow_venv/lib/python3.11/site-packages/airflow/example_dags/example_inlet_event_extra.py
[2026-03-18T06:48:34.872+0000] {processor.py:925} INFO - DAG(s) 'read_dataset_event', 'read_dataset_event_from_classic' retrieved from /home/komal/data-engineering-projects/airflow-spark-pipeline/airflow_venv/lib/python3.11/site-packages/airflow/example_dags/example_inlet_event_extra.py
[2026-03-18T06:48:34.886+0000] {logging_mixin.py:190} INFO - [2026-03-18T06:48:34.886+0000] {dag.py:3239} INFO - Sync 2 DAGs
[2026-03-18T06:48:34.900+0000] {logging_mixin.py:190} INFO - [2026-03-18T06:48:34.900+0000] {dag.py:4180} INFO - Setting next_dagrun for read_dataset_event to 2026-03-17 00:00:00+00:00, run_after=2026-03-18 00:00:00+00:00
[2026-03-18T06:48:34.902+0000] {logging_mixin.py:190} INFO - [2026-03-18T06:48:34.902+0000] {dag.py:4180} INFO - Setting next_dagrun for read_dataset_event_from_classic to 2026-03-17 00:00:00+00:00, run_after=2026-03-18 00:00:00+00:00
[2026-03-18T06:48:34.931+0000] {processor.py:208} INFO - Processing /home/komal/data-engineering-projects/airflow-spark-pipeline/airflow_venv/lib/python3.11/site-packages/airflow/example_dags/example_inlet_event_extra.py took 0.092 seconds
[2026-03-18T06:49:45.186+0000] {processor.py:186} INFO - Started process (PID=29687) to work on /home/komal/data-engineering-projects/airflow-spark-pipeline/airflow_venv/lib/python3.11/site-packages/airflow/example_dags/example_inlet_event_extra.py
[2026-03-18T06:49:45.218+0000] {processor.py:914} INFO - Processing file /home/komal/data-engineering-projects/airflow-spark-pipeline/airflow_venv/lib/python3.11/site-packages/airflow/example_dags/example_inlet_event_extra.py for tasks to queue
[2026-03-18T06:49:45.222+0000] {logging_mixin.py:190} INFO - [2026-03-18T06:49:45.222+0000] {dagbag.py:588} INFO - Filling up the DagBag from /home/komal/data-engineering-projects/airflow-spark-pipeline/airflow_venv/lib/python3.11/site-packages/airflow/example_dags/example_inlet_event_extra.py
[2026-03-18T06:49:45.239+0000] {processor.py:925} INFO - DAG(s) 'read_dataset_event_from_classic', 'read_dataset_event' retrieved from /home/komal/data-engineering-projects/airflow-spark-pipeline/airflow_venv/lib/python3.11/site-packages/airflow/example_dags/example_inlet_event_extra.py
[2026-03-18T06:49:45.250+0000] {logging_mixin.py:190} INFO - [2026-03-18T06:49:45.250+0000] {dag.py:3239} INFO - Sync 2 DAGs
[2026-03-18T06:49:45.263+0000] {logging_mixin.py:190} INFO - [2026-03-18T06:49:45.262+0000] {dag.py:4180} INFO - Setting next_dagrun for read_dataset_event to 2026-03-17 00:00:00+00:00, run_after=2026-03-18 00:00:00+00:00
[2026-03-18T06:49:45.265+0000] {logging_mixin.py:190} INFO - [2026-03-18T06:49:45.265+0000] {dag.py:4180} INFO - Setting next_dagrun for read_dataset_event_from_classic to 2026-03-17 00:00:00+00:00, run_after=2026-03-18 00:00:00+00:00
[2026-03-18T06:49:45.324+0000] {processor.py:208} INFO - Processing /home/komal/data-engineering-projects/airflow-spark-pipeline/airflow_venv/lib/python3.11/site-packages/airflow/example_dags/example_inlet_event_extra.py took 0.147 seconds
[2026-03-18T06:51:07.473+0000] {processor.py:186} INFO - Started process (PID=29835) to work on /home/komal/data-engineering-projects/airflow-spark-pipeline/airflow_venv/lib/python3.11/site-packages/airflow/example_dags/example_inlet_event_extra.py
[2026-03-18T06:51:07.505+0000] {processor.py:914} INFO - Processing file /home/komal/data-engineering-projects/airflow-spark-pipeline/airflow_venv/lib/python3.11/site-packages/airflow/example_dags/example_inlet_event_extra.py for tasks to queue
[2026-03-18T06:51:07.667+0000] {logging_mixin.py:190} INFO - [2026-03-18T06:51:07.667+0000] {dagbag.py:588} INFO - Filling up the DagBag from /home/komal/data-engineering-projects/airflow-spark-pipeline/airflow_venv/lib/python3.11/site-packages/airflow/example_dags/example_inlet_event_extra.py
[2026-03-18T06:51:07.675+0000] {processor.py:925} INFO - DAG(s) 'read_dataset_event_from_classic', 'read_dataset_event' retrieved from /home/komal/data-engineering-projects/airflow-spark-pipeline/airflow_venv/lib/python3.11/site-packages/airflow/example_dags/example_inlet_event_extra.py
[2026-03-18T06:51:07.684+0000] {logging_mixin.py:190} INFO - [2026-03-18T06:51:07.684+0000] {dag.py:3239} INFO - Sync 2 DAGs
[2026-03-18T06:51:07.695+0000] {logging_mixin.py:190} INFO - [2026-03-18T06:51:07.695+0000] {dag.py:4180} INFO - Setting next_dagrun for read_dataset_event to 2026-03-17 00:00:00+00:00, run_after=2026-03-18 00:00:00+00:00
[2026-03-18T06:51:07.697+0000] {logging_mixin.py:190} INFO - [2026-03-18T06:51:07.697+0000] {dag.py:4180} INFO - Setting next_dagrun for read_dataset_event_from_classic to 2026-03-17 00:00:00+00:00, run_after=2026-03-18 00:00:00+00:00
[2026-03-18T06:51:07.755+0000] {processor.py:208} INFO - Processing /home/komal/data-engineering-projects/airflow-spark-pipeline/airflow_venv/lib/python3.11/site-packages/airflow/example_dags/example_inlet_event_extra.py took 0.291 seconds
[2026-03-18T06:52:05.198+0000] {processor.py:186} INFO - Started process (PID=29971) to work on /home/komal/data-engineering-projects/airflow-spark-pipeline/airflow_venv/lib/python3.11/site-packages/airflow/example_dags/example_inlet_event_extra.py
[2026-03-18T06:52:05.231+0000] {processor.py:914} INFO - Processing file /home/komal/data-engineering-projects/airflow-spark-pipeline/airflow_venv/lib/python3.11/site-packages/airflow/example_dags/example_inlet_event_extra.py for tasks to queue
[2026-03-18T06:52:05.235+0000] {logging_mixin.py:190} INFO - [2026-03-18T06:52:05.234+0000] {dagbag.py:588} INFO - Filling up the DagBag from /home/komal/data-engineering-projects/airflow-spark-pipeline/airflow_venv/lib/python3.11/site-packages/airflow/example_dags/example_inlet_event_extra.py
[2026-03-18T06:52:05.253+0000] {processor.py:925} INFO - DAG(s) 'read_dataset_event', 'read_dataset_event_from_classic' retrieved from /home/komal/data-engineering-projects/airflow-spark-pipeline/airflow_venv/lib/python3.11/site-packages/airflow/example_dags/example_inlet_event_extra.py
[2026-03-18T06:52:05.276+0000] {logging_mixin.py:190} INFO - [2026-03-18T06:52:05.276+0000] {dag.py:3239} INFO - Sync 2 DAGs
[2026-03-18T06:52:05.295+0000] {logging_mixin.py:190} INFO - [2026-03-18T06:52:05.295+0000] {dag.py:4180} INFO - Setting next_dagrun for read_dataset_event to 2026-03-17 00:00:00+00:00, run_after=2026-03-18 00:00:00+00:00
[2026-03-18T06:52:05.299+0000] {logging_mixin.py:190} INFO - [2026-03-18T06:52:05.299+0000] {dag.py:4180} INFO - Setting next_dagrun for read_dataset_event_from_classic to 2026-03-17 00:00:00+00:00, run_after=2026-03-18 00:00:00+00:00
[2026-03-18T06:52:05.322+0000] {processor.py:208} INFO - Processing /home/komal/data-engineering-projects/airflow-spark-pipeline/airflow_venv/lib/python3.11/site-packages/airflow/example_dags/example_inlet_event_extra.py took 0.133 seconds
[2026-03-18T06:53:16.886+0000] {processor.py:186} INFO - Started process (PID=30039) to work on /home/komal/data-engineering-projects/airflow-spark-pipeline/airflow_venv/lib/python3.11/site-packages/airflow/example_dags/example_inlet_event_extra.py
[2026-03-18T06:53:16.920+0000] {processor.py:914} INFO - Processing file /home/komal/data-engineering-projects/airflow-spark-pipeline/airflow_venv/lib/python3.11/site-packages/airflow/example_dags/example_inlet_event_extra.py for tasks to queue
[2026-03-18T06:53:16.924+0000] {logging_mixin.py:190} INFO - [2026-03-18T06:53:16.923+0000] {dagbag.py:588} INFO - Filling up the DagBag from /home/komal/data-engineering-projects/airflow-spark-pipeline/airflow_venv/lib/python3.11/site-packages/airflow/example_dags/example_inlet_event_extra.py
[2026-03-18T06:53:16.946+0000] {processor.py:925} INFO - DAG(s) 'read_dataset_event', 'read_dataset_event_from_classic' retrieved from /home/komal/data-engineering-projects/airflow-spark-pipeline/airflow_venv/lib/python3.11/site-packages/airflow/example_dags/example_inlet_event_extra.py
[2026-03-18T06:53:16.961+0000] {logging_mixin.py:190} INFO - [2026-03-18T06:53:16.961+0000] {dag.py:3239} INFO - Sync 2 DAGs
[2026-03-18T06:53:16.975+0000] {logging_mixin.py:190} INFO - [2026-03-18T06:53:16.975+0000] {dag.py:4180} INFO - Setting next_dagrun for read_dataset_event to 2026-03-17 00:00:00+00:00, run_after=2026-03-18 00:00:00+00:00
[2026-03-18T06:53:16.977+0000] {logging_mixin.py:190} INFO - [2026-03-18T06:53:16.977+0000] {dag.py:4180} INFO - Setting next_dagrun for read_dataset_event_from_classic to 2026-03-17 00:00:00+00:00, run_after=2026-03-18 00:00:00+00:00
[2026-03-18T06:53:16.998+0000] {processor.py:208} INFO - Processing /home/komal/data-engineering-projects/airflow-spark-pipeline/airflow_venv/lib/python3.11/site-packages/airflow/example_dags/example_inlet_event_extra.py took 0.120 seconds
[2026-03-18T06:54:33.757+0000] {processor.py:186} INFO - Started process (PID=30186) to work on /home/komal/data-engineering-projects/airflow-spark-pipeline/airflow_venv/lib/python3.11/site-packages/airflow/example_dags/example_inlet_event_extra.py
[2026-03-18T06:54:33.766+0000] {processor.py:914} INFO - Processing file /home/komal/data-engineering-projects/airflow-spark-pipeline/airflow_venv/lib/python3.11/site-packages/airflow/example_dags/example_inlet_event_extra.py for tasks to queue
[2026-03-18T06:54:33.769+0000] {logging_mixin.py:190} INFO - [2026-03-18T06:54:33.769+0000] {dagbag.py:588} INFO - Filling up the DagBag from /home/komal/data-engineering-projects/airflow-spark-pipeline/airflow_venv/lib/python3.11/site-packages/airflow/example_dags/example_inlet_event_extra.py
[2026-03-18T06:54:33.786+0000] {processor.py:925} INFO - DAG(s) 'read_dataset_event_from_classic', 'read_dataset_event' retrieved from /home/komal/data-engineering-projects/airflow-spark-pipeline/airflow_venv/lib/python3.11/site-packages/airflow/example_dags/example_inlet_event_extra.py
[2026-03-18T06:54:33.801+0000] {logging_mixin.py:190} INFO - [2026-03-18T06:54:33.801+0000] {dag.py:3239} INFO - Sync 2 DAGs
[2026-03-18T06:54:33.816+0000] {logging_mixin.py:190} INFO - [2026-03-18T06:54:33.816+0000] {dag.py:4180} INFO - Setting next_dagrun for read_dataset_event to 2026-03-17 00:00:00+00:00, run_after=2026-03-18 00:00:00+00:00
[2026-03-18T06:54:33.819+0000] {logging_mixin.py:190} INFO - [2026-03-18T06:54:33.818+0000] {dag.py:4180} INFO - Setting next_dagrun for read_dataset_event_from_classic to 2026-03-17 00:00:00+00:00, run_after=2026-03-18 00:00:00+00:00
[2026-03-18T06:54:33.838+0000] {processor.py:208} INFO - Processing /home/komal/data-engineering-projects/airflow-spark-pipeline/airflow_venv/lib/python3.11/site-packages/airflow/example_dags/example_inlet_event_extra.py took 0.088 seconds
[2026-03-18T06:56:44.724+0000] {processor.py:186} INFO - Started process (PID=30468) to work on /home/komal/data-engineering-projects/airflow-spark-pipeline/airflow_venv/lib/python3.11/site-packages/airflow/example_dags/example_inlet_event_extra.py
[2026-03-18T06:56:44.726+0000] {processor.py:914} INFO - Processing file /home/komal/data-engineering-projects/airflow-spark-pipeline/airflow_venv/lib/python3.11/site-packages/airflow/example_dags/example_inlet_event_extra.py for tasks to queue
[2026-03-18T06:56:44.727+0000] {logging_mixin.py:190} INFO - [2026-03-18T06:56:44.727+0000] {dagbag.py:588} INFO - Filling up the DagBag from /home/komal/data-engineering-projects/airflow-spark-pipeline/airflow_venv/lib/python3.11/site-packages/airflow/example_dags/example_inlet_event_extra.py
[2026-03-18T06:56:44.755+0000] {processor.py:925} INFO - DAG(s) 'read_dataset_event_from_classic', 'read_dataset_event' retrieved from /home/komal/data-engineering-projects/airflow-spark-pipeline/airflow_venv/lib/python3.11/site-packages/airflow/example_dags/example_inlet_event_extra.py
[2026-03-18T06:56:44.801+0000] {logging_mixin.py:190} INFO - [2026-03-18T06:56:44.800+0000] {dag.py:3239} INFO - Sync 2 DAGs
[2026-03-18T06:56:44.847+0000] {logging_mixin.py:190} INFO - [2026-03-18T06:56:44.847+0000] {dag.py:4180} INFO - Setting next_dagrun for read_dataset_event to 2026-03-17 00:00:00+00:00, run_after=2026-03-18 00:00:00+00:00
[2026-03-18T06:56:44.861+0000] {logging_mixin.py:190} INFO - [2026-03-18T06:56:44.860+0000] {dag.py:4180} INFO - Setting next_dagrun for read_dataset_event_from_classic to 2026-03-17 00:00:00+00:00, run_after=2026-03-18 00:00:00+00:00
[2026-03-18T06:56:45.089+0000] {processor.py:208} INFO - Processing /home/komal/data-engineering-projects/airflow-spark-pipeline/airflow_venv/lib/python3.11/site-packages/airflow/example_dags/example_inlet_event_extra.py took 0.379 seconds
[2026-03-18T06:57:59.582+0000] {processor.py:186} INFO - Started process (PID=30541) to work on /home/komal/data-engineering-projects/airflow-spark-pipeline/airflow_venv/lib/python3.11/site-packages/airflow/example_dags/example_inlet_event_extra.py
[2026-03-18T06:57:59.614+0000] {processor.py:914} INFO - Processing file /home/komal/data-engineering-projects/airflow-spark-pipeline/airflow_venv/lib/python3.11/site-packages/airflow/example_dags/example_inlet_event_extra.py for tasks to queue
[2026-03-18T06:57:59.616+0000] {logging_mixin.py:190} INFO - [2026-03-18T06:57:59.616+0000] {dagbag.py:588} INFO - Filling up the DagBag from /home/komal/data-engineering-projects/airflow-spark-pipeline/airflow_venv/lib/python3.11/site-packages/airflow/example_dags/example_inlet_event_extra.py
[2026-03-18T06:57:59.631+0000] {processor.py:925} INFO - DAG(s) 'read_dataset_event_from_classic', 'read_dataset_event' retrieved from /home/komal/data-engineering-projects/airflow-spark-pipeline/airflow_venv/lib/python3.11/site-packages/airflow/example_dags/example_inlet_event_extra.py
[2026-03-18T06:57:59.662+0000] {logging_mixin.py:190} INFO - [2026-03-18T06:57:59.662+0000] {dag.py:3239} INFO - Sync 2 DAGs
[2026-03-18T06:57:59.700+0000] {logging_mixin.py:190} INFO - [2026-03-18T06:57:59.699+0000] {dag.py:4180} INFO - Setting next_dagrun for read_dataset_event to 2026-03-17 00:00:00+00:00, run_after=2026-03-18 00:00:00+00:00
[2026-03-18T06:57:59.704+0000] {logging_mixin.py:190} INFO - [2026-03-18T06:57:59.703+0000] {dag.py:4180} INFO - Setting next_dagrun for read_dataset_event_from_classic to 2026-03-17 00:00:00+00:00, run_after=2026-03-18 00:00:00+00:00
[2026-03-18T06:57:59.808+0000] {processor.py:208} INFO - Processing /home/komal/data-engineering-projects/airflow-spark-pipeline/airflow_venv/lib/python3.11/site-packages/airflow/example_dags/example_inlet_event_extra.py took 0.230 seconds
[2026-03-18T06:59:23.533+0000] {processor.py:186} INFO - Started process (PID=30688) to work on /home/komal/data-engineering-projects/airflow-spark-pipeline/airflow_venv/lib/python3.11/site-packages/airflow/example_dags/example_inlet_event_extra.py
[2026-03-18T06:59:23.566+0000] {processor.py:914} INFO - Processing file /home/komal/data-engineering-projects/airflow-spark-pipeline/airflow_venv/lib/python3.11/site-packages/airflow/example_dags/example_inlet_event_extra.py for tasks to queue
[2026-03-18T06:59:23.570+0000] {logging_mixin.py:190} INFO - [2026-03-18T06:59:23.570+0000] {dagbag.py:588} INFO - Filling up the DagBag from /home/komal/data-engineering-projects/airflow-spark-pipeline/airflow_venv/lib/python3.11/site-packages/airflow/example_dags/example_inlet_event_extra.py
[2026-03-18T06:59:23.588+0000] {processor.py:925} INFO - DAG(s) 'read_dataset_event_from_classic', 'read_dataset_event' retrieved from /home/komal/data-engineering-projects/airflow-spark-pipeline/airflow_venv/lib/python3.11/site-packages/airflow/example_dags/example_inlet_event_extra.py
[2026-03-18T06:59:23.599+0000] {logging_mixin.py:190} INFO - [2026-03-18T06:59:23.599+0000] {dag.py:3239} INFO - Sync 2 DAGs
[2026-03-18T06:59:23.613+0000] {logging_mixin.py:190} INFO - [2026-03-18T06:59:23.612+0000] {dag.py:4180} INFO - Setting next_dagrun for read_dataset_event to 2026-03-17 00:00:00+00:00, run_after=2026-03-18 00:00:00+00:00
[2026-03-18T06:59:23.615+0000] {logging_mixin.py:190} INFO - [2026-03-18T06:59:23.615+0000] {dag.py:4180} INFO - Setting next_dagrun for read_dataset_event_from_classic to 2026-03-17 00:00:00+00:00, run_after=2026-03-18 00:00:00+00:00
[2026-03-18T06:59:23.639+0000] {processor.py:208} INFO - Processing /home/komal/data-engineering-projects/airflow-spark-pipeline/airflow_venv/lib/python3.11/site-packages/airflow/example_dags/example_inlet_event_extra.py took 0.116 seconds
[2026-03-18T07:00:40.275+0000] {processor.py:186} INFO - Started process (PID=30837) to work on /home/komal/data-engineering-projects/airflow-spark-pipeline/airflow_venv/lib/python3.11/site-packages/airflow/example_dags/example_inlet_event_extra.py
[2026-03-18T07:00:40.307+0000] {processor.py:914} INFO - Processing file /home/komal/data-engineering-projects/airflow-spark-pipeline/airflow_venv/lib/python3.11/site-packages/airflow/example_dags/example_inlet_event_extra.py for tasks to queue
[2026-03-18T07:00:40.311+0000] {logging_mixin.py:190} INFO - [2026-03-18T07:00:40.311+0000] {dagbag.py:588} INFO - Filling up the DagBag from /home/komal/data-engineering-projects/airflow-spark-pipeline/airflow_venv/lib/python3.11/site-packages/airflow/example_dags/example_inlet_event_extra.py
[2026-03-18T07:00:40.327+0000] {processor.py:925} INFO - DAG(s) 'read_dataset_event_from_classic', 'read_dataset_event' retrieved from /home/komal/data-engineering-projects/airflow-spark-pipeline/airflow_venv/lib/python3.11/site-packages/airflow/example_dags/example_inlet_event_extra.py
[2026-03-18T07:00:40.340+0000] {logging_mixin.py:190} INFO - [2026-03-18T07:00:40.340+0000] {dag.py:3239} INFO - Sync 2 DAGs
[2026-03-18T07:00:40.355+0000] {logging_mixin.py:190} INFO - [2026-03-18T07:00:40.354+0000] {dag.py:4180} INFO - Setting next_dagrun for read_dataset_event to 2026-03-17 00:00:00+00:00, run_after=2026-03-18 00:00:00+00:00
[2026-03-18T07:00:40.358+0000] {logging_mixin.py:190} INFO - [2026-03-18T07:00:40.358+0000] {dag.py:4180} INFO - Setting next_dagrun for read_dataset_event_from_classic to 2026-03-17 00:00:00+00:00, run_after=2026-03-18 00:00:00+00:00
[2026-03-18T07:00:40.392+0000] {processor.py:208} INFO - Processing /home/komal/data-engineering-projects/airflow-spark-pipeline/airflow_venv/lib/python3.11/site-packages/airflow/example_dags/example_inlet_event_extra.py took 0.127 seconds
[2026-03-18T07:02:05.910+0000] {processor.py:186} INFO - Started process (PID=30916) to work on /home/komal/data-engineering-projects/airflow-spark-pipeline/airflow_venv/lib/python3.11/site-packages/airflow/example_dags/example_inlet_event_extra.py
[2026-03-18T07:02:05.944+0000] {processor.py:914} INFO - Processing file /home/komal/data-engineering-projects/airflow-spark-pipeline/airflow_venv/lib/python3.11/site-packages/airflow/example_dags/example_inlet_event_extra.py for tasks to queue
[2026-03-18T07:02:06.051+0000] {logging_mixin.py:190} INFO - [2026-03-18T07:02:06.051+0000] {dagbag.py:588} INFO - Filling up the DagBag from /home/komal/data-engineering-projects/airflow-spark-pipeline/airflow_venv/lib/python3.11/site-packages/airflow/example_dags/example_inlet_event_extra.py
[2026-03-18T07:02:06.058+0000] {processor.py:925} INFO - DAG(s) 'read_dataset_event', 'read_dataset_event_from_classic' retrieved from /home/komal/data-engineering-projects/airflow-spark-pipeline/airflow_venv/lib/python3.11/site-packages/airflow/example_dags/example_inlet_event_extra.py
[2026-03-18T07:02:06.070+0000] {logging_mixin.py:190} INFO - [2026-03-18T07:02:06.070+0000] {dag.py:3239} INFO - Sync 2 DAGs
[2026-03-18T07:02:06.087+0000] {logging_mixin.py:190} INFO - [2026-03-18T07:02:06.087+0000] {dag.py:4180} INFO - Setting next_dagrun for read_dataset_event to 2026-03-17 00:00:00+00:00, run_after=2026-03-18 00:00:00+00:00
[2026-03-18T07:02:06.089+0000] {logging_mixin.py:190} INFO - [2026-03-18T07:02:06.089+0000] {dag.py:4180} INFO - Setting next_dagrun for read_dataset_event_from_classic to 2026-03-17 00:00:00+00:00, run_after=2026-03-18 00:00:00+00:00
[2026-03-18T07:02:06.154+0000] {processor.py:208} INFO - Processing /home/komal/data-engineering-projects/airflow-spark-pipeline/airflow_venv/lib/python3.11/site-packages/airflow/example_dags/example_inlet_event_extra.py took 0.256 seconds
[2026-03-18T07:03:14.361+0000] {processor.py:186} INFO - Started process (PID=30982) to work on /home/komal/data-engineering-projects/airflow-spark-pipeline/airflow_venv/lib/python3.11/site-packages/airflow/example_dags/example_inlet_event_extra.py
[2026-03-18T07:03:14.394+0000] {processor.py:914} INFO - Processing file /home/komal/data-engineering-projects/airflow-spark-pipeline/airflow_venv/lib/python3.11/site-packages/airflow/example_dags/example_inlet_event_extra.py for tasks to queue
[2026-03-18T07:03:14.397+0000] {logging_mixin.py:190} INFO - [2026-03-18T07:03:14.397+0000] {dagbag.py:588} INFO - Filling up the DagBag from /home/komal/data-engineering-projects/airflow-spark-pipeline/airflow_venv/lib/python3.11/site-packages/airflow/example_dags/example_inlet_event_extra.py
[2026-03-18T07:03:14.412+0000] {processor.py:925} INFO - DAG(s) 'read_dataset_event_from_classic', 'read_dataset_event' retrieved from /home/komal/data-engineering-projects/airflow-spark-pipeline/airflow_venv/lib/python3.11/site-packages/airflow/example_dags/example_inlet_event_extra.py
[2026-03-18T07:03:14.424+0000] {logging_mixin.py:190} INFO - [2026-03-18T07:03:14.424+0000] {dag.py:3239} INFO - Sync 2 DAGs
[2026-03-18T07:03:14.439+0000] {logging_mixin.py:190} INFO - [2026-03-18T07:03:14.439+0000] {dag.py:4180} INFO - Setting next_dagrun for read_dataset_event to 2026-03-17 00:00:00+00:00, run_after=2026-03-18 00:00:00+00:00
[2026-03-18T07:03:14.442+0000] {logging_mixin.py:190} INFO - [2026-03-18T07:03:14.442+0000] {dag.py:4180} INFO - Setting next_dagrun for read_dataset_event_from_classic to 2026-03-17 00:00:00+00:00, run_after=2026-03-18 00:00:00+00:00
[2026-03-18T07:03:14.463+0000] {processor.py:208} INFO - Processing /home/komal/data-engineering-projects/airflow-spark-pipeline/airflow_venv/lib/python3.11/site-packages/airflow/example_dags/example_inlet_event_extra.py took 0.106 seconds
[2026-03-18T07:04:12.943+0000] {processor.py:186} INFO - Started process (PID=31100) to work on /home/komal/data-engineering-projects/airflow-spark-pipeline/airflow_venv/lib/python3.11/site-packages/airflow/example_dags/example_inlet_event_extra.py
[2026-03-18T07:04:12.944+0000] {processor.py:914} INFO - Processing file /home/komal/data-engineering-projects/airflow-spark-pipeline/airflow_venv/lib/python3.11/site-packages/airflow/example_dags/example_inlet_event_extra.py for tasks to queue
[2026-03-18T07:04:12.945+0000] {logging_mixin.py:190} INFO - [2026-03-18T07:04:12.945+0000] {dagbag.py:588} INFO - Filling up the DagBag from /home/komal/data-engineering-projects/airflow-spark-pipeline/airflow_venv/lib/python3.11/site-packages/airflow/example_dags/example_inlet_event_extra.py
[2026-03-18T07:04:12.956+0000] {processor.py:925} INFO - DAG(s) 'read_dataset_event_from_classic', 'read_dataset_event' retrieved from /home/komal/data-engineering-projects/airflow-spark-pipeline/airflow_venv/lib/python3.11/site-packages/airflow/example_dags/example_inlet_event_extra.py
[2026-03-18T07:04:12.968+0000] {logging_mixin.py:190} INFO - [2026-03-18T07:04:12.968+0000] {dag.py:3239} INFO - Sync 2 DAGs
[2026-03-18T07:04:12.983+0000] {logging_mixin.py:190} INFO - [2026-03-18T07:04:12.983+0000] {dag.py:4180} INFO - Setting next_dagrun for read_dataset_event to 2026-03-17 00:00:00+00:00, run_after=2026-03-18 00:00:00+00:00
[2026-03-18T07:04:12.986+0000] {logging_mixin.py:190} INFO - [2026-03-18T07:04:12.986+0000] {dag.py:4180} INFO - Setting next_dagrun for read_dataset_event_from_classic to 2026-03-17 00:00:00+00:00, run_after=2026-03-18 00:00:00+00:00
[2026-03-18T07:04:13.003+0000] {processor.py:208} INFO - Processing /home/komal/data-engineering-projects/airflow-spark-pipeline/airflow_venv/lib/python3.11/site-packages/airflow/example_dags/example_inlet_event_extra.py took 0.064 seconds
[2026-03-18T07:05:12.879+0000] {processor.py:186} INFO - Started process (PID=31161) to work on /home/komal/data-engineering-projects/airflow-spark-pipeline/airflow_venv/lib/python3.11/site-packages/airflow/example_dags/example_inlet_event_extra.py
[2026-03-18T07:05:12.880+0000] {processor.py:914} INFO - Processing file /home/komal/data-engineering-projects/airflow-spark-pipeline/airflow_venv/lib/python3.11/site-packages/airflow/example_dags/example_inlet_event_extra.py for tasks to queue
[2026-03-18T07:05:12.881+0000] {logging_mixin.py:190} INFO - [2026-03-18T07:05:12.880+0000] {dagbag.py:588} INFO - Filling up the DagBag from /home/komal/data-engineering-projects/airflow-spark-pipeline/airflow_venv/lib/python3.11/site-packages/airflow/example_dags/example_inlet_event_extra.py
[2026-03-18T07:05:12.894+0000] {processor.py:925} INFO - DAG(s) 'read_dataset_event', 'read_dataset_event_from_classic' retrieved from /home/komal/data-engineering-projects/airflow-spark-pipeline/airflow_venv/lib/python3.11/site-packages/airflow/example_dags/example_inlet_event_extra.py
[2026-03-18T07:05:12.906+0000] {logging_mixin.py:190} INFO - [2026-03-18T07:05:12.906+0000] {dag.py:3239} INFO - Sync 2 DAGs
[2026-03-18T07:05:12.921+0000] {logging_mixin.py:190} INFO - [2026-03-18T07:05:12.920+0000] {dag.py:4180} INFO - Setting next_dagrun for read_dataset_event to 2026-03-17 00:00:00+00:00, run_after=2026-03-18 00:00:00+00:00
[2026-03-18T07:05:12.923+0000] {logging_mixin.py:190} INFO - [2026-03-18T07:05:12.923+0000] {dag.py:4180} INFO - Setting next_dagrun for read_dataset_event_from_classic to 2026-03-17 00:00:00+00:00, run_after=2026-03-18 00:00:00+00:00
[2026-03-18T07:05:12.961+0000] {processor.py:208} INFO - Processing /home/komal/data-engineering-projects/airflow-spark-pipeline/airflow_venv/lib/python3.11/site-packages/airflow/example_dags/example_inlet_event_extra.py took 0.087 seconds
[2026-03-18T07:09:37.193+0000] {processor.py:186} INFO - Started process (PID=31258) to work on /home/komal/data-engineering-projects/airflow-spark-pipeline/airflow_venv/lib/python3.11/site-packages/airflow/example_dags/example_inlet_event_extra.py
[2026-03-18T07:09:37.195+0000] {processor.py:914} INFO - Processing file /home/komal/data-engineering-projects/airflow-spark-pipeline/airflow_venv/lib/python3.11/site-packages/airflow/example_dags/example_inlet_event_extra.py for tasks to queue
[2026-03-18T07:09:37.197+0000] {logging_mixin.py:190} INFO - [2026-03-18T07:09:37.197+0000] {dagbag.py:588} INFO - Filling up the DagBag from /home/komal/data-engineering-projects/airflow-spark-pipeline/airflow_venv/lib/python3.11/site-packages/airflow/example_dags/example_inlet_event_extra.py
[2026-03-18T07:09:37.222+0000] {processor.py:925} INFO - DAG(s) 'read_dataset_event_from_classic', 'read_dataset_event' retrieved from /home/komal/data-engineering-projects/airflow-spark-pipeline/airflow_venv/lib/python3.11/site-packages/airflow/example_dags/example_inlet_event_extra.py
[2026-03-18T07:09:37.233+0000] {logging_mixin.py:190} INFO - [2026-03-18T07:09:37.233+0000] {dag.py:3239} INFO - Sync 2 DAGs
[2026-03-18T07:09:37.249+0000] {logging_mixin.py:190} INFO - [2026-03-18T07:09:37.248+0000] {dag.py:4180} INFO - Setting next_dagrun for read_dataset_event to 2026-03-17 00:00:00+00:00, run_after=2026-03-18 00:00:00+00:00
[2026-03-18T07:09:37.253+0000] {logging_mixin.py:190} INFO - [2026-03-18T07:09:37.253+0000] {dag.py:4180} INFO - Setting next_dagrun for read_dataset_event_from_classic to 2026-03-17 00:00:00+00:00, run_after=2026-03-18 00:00:00+00:00
[2026-03-18T07:09:37.272+0000] {processor.py:208} INFO - Processing /home/komal/data-engineering-projects/airflow-spark-pipeline/airflow_venv/lib/python3.11/site-packages/airflow/example_dags/example_inlet_event_extra.py took 0.084 seconds
[2026-03-18T07:10:39.186+0000] {processor.py:186} INFO - Started process (PID=31322) to work on /home/komal/data-engineering-projects/airflow-spark-pipeline/airflow_venv/lib/python3.11/site-packages/airflow/example_dags/example_inlet_event_extra.py
[2026-03-18T07:10:39.187+0000] {processor.py:914} INFO - Processing file /home/komal/data-engineering-projects/airflow-spark-pipeline/airflow_venv/lib/python3.11/site-packages/airflow/example_dags/example_inlet_event_extra.py for tasks to queue
[2026-03-18T07:10:39.189+0000] {logging_mixin.py:190} INFO - [2026-03-18T07:10:39.189+0000] {dagbag.py:588} INFO - Filling up the DagBag from /home/komal/data-engineering-projects/airflow-spark-pipeline/airflow_venv/lib/python3.11/site-packages/airflow/example_dags/example_inlet_event_extra.py
[2026-03-18T07:10:39.208+0000] {processor.py:925} INFO - DAG(s) 'read_dataset_event_from_classic', 'read_dataset_event' retrieved from /home/komal/data-engineering-projects/airflow-spark-pipeline/airflow_venv/lib/python3.11/site-packages/airflow/example_dags/example_inlet_event_extra.py
[2026-03-18T07:10:39.228+0000] {logging_mixin.py:190} INFO - [2026-03-18T07:10:39.228+0000] {dag.py:3239} INFO - Sync 2 DAGs
[2026-03-18T07:10:39.253+0000] {logging_mixin.py:190} INFO - [2026-03-18T07:10:39.253+0000] {dag.py:4180} INFO - Setting next_dagrun for read_dataset_event to 2026-03-17 00:00:00+00:00, run_after=2026-03-18 00:00:00+00:00
[2026-03-18T07:10:39.257+0000] {logging_mixin.py:190} INFO - [2026-03-18T07:10:39.256+0000] {dag.py:4180} INFO - Setting next_dagrun for read_dataset_event_from_classic to 2026-03-17 00:00:00+00:00, run_after=2026-03-18 00:00:00+00:00
[2026-03-18T07:10:39.278+0000] {processor.py:208} INFO - Processing /home/komal/data-engineering-projects/airflow-spark-pipeline/airflow_venv/lib/python3.11/site-packages/airflow/example_dags/example_inlet_event_extra.py took 0.103 seconds
[2026-03-18T07:11:43.660+0000] {processor.py:186} INFO - Started process (PID=31390) to work on /home/komal/data-engineering-projects/airflow-spark-pipeline/airflow_venv/lib/python3.11/site-packages/airflow/example_dags/example_inlet_event_extra.py
[2026-03-18T07:11:43.664+0000] {processor.py:914} INFO - Processing file /home/komal/data-engineering-projects/airflow-spark-pipeline/airflow_venv/lib/python3.11/site-packages/airflow/example_dags/example_inlet_event_extra.py for tasks to queue
[2026-03-18T07:11:43.665+0000] {logging_mixin.py:190} INFO - [2026-03-18T07:11:43.665+0000] {dagbag.py:588} INFO - Filling up the DagBag from /home/komal/data-engineering-projects/airflow-spark-pipeline/airflow_venv/lib/python3.11/site-packages/airflow/example_dags/example_inlet_event_extra.py
[2026-03-18T07:11:43.676+0000] {processor.py:925} INFO - DAG(s) 'read_dataset_event_from_classic', 'read_dataset_event' retrieved from /home/komal/data-engineering-projects/airflow-spark-pipeline/airflow_venv/lib/python3.11/site-packages/airflow/example_dags/example_inlet_event_extra.py
[2026-03-18T07:11:43.688+0000] {logging_mixin.py:190} INFO - [2026-03-18T07:11:43.688+0000] {dag.py:3239} INFO - Sync 2 DAGs
[2026-03-18T07:11:43.704+0000] {logging_mixin.py:190} INFO - [2026-03-18T07:11:43.704+0000] {dag.py:4180} INFO - Setting next_dagrun for read_dataset_event to 2026-03-17 00:00:00+00:00, run_after=2026-03-18 00:00:00+00:00
[2026-03-18T07:11:43.707+0000] {logging_mixin.py:190} INFO - [2026-03-18T07:11:43.707+0000] {dag.py:4180} INFO - Setting next_dagrun for read_dataset_event_from_classic to 2026-03-17 00:00:00+00:00, run_after=2026-03-18 00:00:00+00:00
[2026-03-18T07:11:43.730+0000] {processor.py:208} INFO - Processing /home/komal/data-engineering-projects/airflow-spark-pipeline/airflow_venv/lib/python3.11/site-packages/airflow/example_dags/example_inlet_event_extra.py took 0.079 seconds
[2026-03-18T07:12:50.181+0000] {processor.py:186} INFO - Started process (PID=31454) to work on /home/komal/data-engineering-projects/airflow-spark-pipeline/airflow_venv/lib/python3.11/site-packages/airflow/example_dags/example_inlet_event_extra.py
[2026-03-18T07:12:50.182+0000] {processor.py:914} INFO - Processing file /home/komal/data-engineering-projects/airflow-spark-pipeline/airflow_venv/lib/python3.11/site-packages/airflow/example_dags/example_inlet_event_extra.py for tasks to queue
[2026-03-18T07:12:50.183+0000] {logging_mixin.py:190} INFO - [2026-03-18T07:12:50.183+0000] {dagbag.py:588} INFO - Filling up the DagBag from /home/komal/data-engineering-projects/airflow-spark-pipeline/airflow_venv/lib/python3.11/site-packages/airflow/example_dags/example_inlet_event_extra.py
[2026-03-18T07:12:50.193+0000] {processor.py:925} INFO - DAG(s) 'read_dataset_event_from_classic', 'read_dataset_event' retrieved from /home/komal/data-engineering-projects/airflow-spark-pipeline/airflow_venv/lib/python3.11/site-packages/airflow/example_dags/example_inlet_event_extra.py
[2026-03-18T07:12:50.204+0000] {logging_mixin.py:190} INFO - [2026-03-18T07:12:50.204+0000] {dag.py:3239} INFO - Sync 2 DAGs
[2026-03-18T07:12:50.220+0000] {logging_mixin.py:190} INFO - [2026-03-18T07:12:50.220+0000] {dag.py:4180} INFO - Setting next_dagrun for read_dataset_event to 2026-03-17 00:00:00+00:00, run_after=2026-03-18 00:00:00+00:00
[2026-03-18T07:12:50.223+0000] {logging_mixin.py:190} INFO - [2026-03-18T07:12:50.222+0000] {dag.py:4180} INFO - Setting next_dagrun for read_dataset_event_from_classic to 2026-03-17 00:00:00+00:00, run_after=2026-03-18 00:00:00+00:00
[2026-03-18T07:12:50.284+0000] {processor.py:208} INFO - Processing /home/komal/data-engineering-projects/airflow-spark-pipeline/airflow_venv/lib/python3.11/site-packages/airflow/example_dags/example_inlet_event_extra.py took 0.108 seconds
[2026-03-18T07:13:58.367+0000] {processor.py:186} INFO - Started process (PID=31522) to work on /home/komal/data-engineering-projects/airflow-spark-pipeline/airflow_venv/lib/python3.11/site-packages/airflow/example_dags/example_inlet_event_extra.py
[2026-03-18T07:13:58.398+0000] {processor.py:914} INFO - Processing file /home/komal/data-engineering-projects/airflow-spark-pipeline/airflow_venv/lib/python3.11/site-packages/airflow/example_dags/example_inlet_event_extra.py for tasks to queue
[2026-03-18T07:13:58.399+0000] {logging_mixin.py:190} INFO - [2026-03-18T07:13:58.399+0000] {dagbag.py:588} INFO - Filling up the DagBag from /home/komal/data-engineering-projects/airflow-spark-pipeline/airflow_venv/lib/python3.11/site-packages/airflow/example_dags/example_inlet_event_extra.py
[2026-03-18T07:13:58.410+0000] {processor.py:925} INFO - DAG(s) 'read_dataset_event', 'read_dataset_event_from_classic' retrieved from /home/komal/data-engineering-projects/airflow-spark-pipeline/airflow_venv/lib/python3.11/site-packages/airflow/example_dags/example_inlet_event_extra.py
[2026-03-18T07:13:58.422+0000] {logging_mixin.py:190} INFO - [2026-03-18T07:13:58.422+0000] {dag.py:3239} INFO - Sync 2 DAGs
[2026-03-18T07:13:58.440+0000] {logging_mixin.py:190} INFO - [2026-03-18T07:13:58.440+0000] {dag.py:4180} INFO - Setting next_dagrun for read_dataset_event to 2026-03-17 00:00:00+00:00, run_after=2026-03-18 00:00:00+00:00
[2026-03-18T07:13:58.442+0000] {logging_mixin.py:190} INFO - [2026-03-18T07:13:58.442+0000] {dag.py:4180} INFO - Setting next_dagrun for read_dataset_event_from_classic to 2026-03-17 00:00:00+00:00, run_after=2026-03-18 00:00:00+00:00
[2026-03-18T07:13:58.461+0000] {processor.py:208} INFO - Processing /home/komal/data-engineering-projects/airflow-spark-pipeline/airflow_venv/lib/python3.11/site-packages/airflow/example_dags/example_inlet_event_extra.py took 0.098 seconds
[2026-03-18T07:15:08.932+0000] {processor.py:186} INFO - Started process (PID=31591) to work on /home/komal/data-engineering-projects/airflow-spark-pipeline/airflow_venv/lib/python3.11/site-packages/airflow/example_dags/example_inlet_event_extra.py
[2026-03-18T07:15:08.965+0000] {processor.py:914} INFO - Processing file /home/komal/data-engineering-projects/airflow-spark-pipeline/airflow_venv/lib/python3.11/site-packages/airflow/example_dags/example_inlet_event_extra.py for tasks to queue
[2026-03-18T07:15:08.968+0000] {logging_mixin.py:190} INFO - [2026-03-18T07:15:08.967+0000] {dagbag.py:588} INFO - Filling up the DagBag from /home/komal/data-engineering-projects/airflow-spark-pipeline/airflow_venv/lib/python3.11/site-packages/airflow/example_dags/example_inlet_event_extra.py
[2026-03-18T07:15:08.987+0000] {processor.py:925} INFO - DAG(s) 'read_dataset_event', 'read_dataset_event_from_classic' retrieved from /home/komal/data-engineering-projects/airflow-spark-pipeline/airflow_venv/lib/python3.11/site-packages/airflow/example_dags/example_inlet_event_extra.py
[2026-03-18T07:15:09.000+0000] {logging_mixin.py:190} INFO - [2026-03-18T07:15:09.000+0000] {dag.py:3239} INFO - Sync 2 DAGs
[2026-03-18T07:15:09.023+0000] {logging_mixin.py:190} INFO - [2026-03-18T07:15:09.023+0000] {dag.py:4180} INFO - Setting next_dagrun for read_dataset_event to 2026-03-17 00:00:00+00:00, run_after=2026-03-18 00:00:00+00:00
[2026-03-18T07:15:09.026+0000] {logging_mixin.py:190} INFO - [2026-03-18T07:15:09.026+0000] {dag.py:4180} INFO - Setting next_dagrun for read_dataset_event_from_classic to 2026-03-17 00:00:00+00:00, run_after=2026-03-18 00:00:00+00:00
[2026-03-18T07:15:09.051+0000] {processor.py:208} INFO - Processing /home/komal/data-engineering-projects/airflow-spark-pipeline/airflow_venv/lib/python3.11/site-packages/airflow/example_dags/example_inlet_event_extra.py took 0.132 seconds
[2026-03-18T07:16:14.228+0000] {processor.py:186} INFO - Started process (PID=31655) to work on /home/komal/data-engineering-projects/airflow-spark-pipeline/airflow_venv/lib/python3.11/site-packages/airflow/example_dags/example_inlet_event_extra.py
[2026-03-18T07:16:14.261+0000] {processor.py:914} INFO - Processing file /home/komal/data-engineering-projects/airflow-spark-pipeline/airflow_venv/lib/python3.11/site-packages/airflow/example_dags/example_inlet_event_extra.py for tasks to queue
[2026-03-18T07:16:14.264+0000] {logging_mixin.py:190} INFO - [2026-03-18T07:16:14.263+0000] {dagbag.py:588} INFO - Filling up the DagBag from /home/komal/data-engineering-projects/airflow-spark-pipeline/airflow_venv/lib/python3.11/site-packages/airflow/example_dags/example_inlet_event_extra.py
[2026-03-18T07:16:14.281+0000] {processor.py:925} INFO - DAG(s) 'read_dataset_event_from_classic', 'read_dataset_event' retrieved from /home/komal/data-engineering-projects/airflow-spark-pipeline/airflow_venv/lib/python3.11/site-packages/airflow/example_dags/example_inlet_event_extra.py
[2026-03-18T07:16:14.295+0000] {logging_mixin.py:190} INFO - [2026-03-18T07:16:14.295+0000] {dag.py:3239} INFO - Sync 2 DAGs
[2026-03-18T07:16:14.310+0000] {logging_mixin.py:190} INFO - [2026-03-18T07:16:14.309+0000] {dag.py:4180} INFO - Setting next_dagrun for read_dataset_event to 2026-03-17 00:00:00+00:00, run_after=2026-03-18 00:00:00+00:00
[2026-03-18T07:16:14.312+0000] {logging_mixin.py:190} INFO - [2026-03-18T07:16:14.312+0000] {dag.py:4180} INFO - Setting next_dagrun for read_dataset_event_from_classic to 2026-03-17 00:00:00+00:00, run_after=2026-03-18 00:00:00+00:00
[2026-03-18T07:16:14.337+0000] {processor.py:208} INFO - Processing /home/komal/data-engineering-projects/airflow-spark-pipeline/airflow_venv/lib/python3.11/site-packages/airflow/example_dags/example_inlet_event_extra.py took 0.116 seconds
[2026-03-18T07:17:19.297+0000] {processor.py:186} INFO - Started process (PID=31731) to work on /home/komal/data-engineering-projects/airflow-spark-pipeline/airflow_venv/lib/python3.11/site-packages/airflow/example_dags/example_inlet_event_extra.py
[2026-03-18T07:17:19.300+0000] {processor.py:914} INFO - Processing file /home/komal/data-engineering-projects/airflow-spark-pipeline/airflow_venv/lib/python3.11/site-packages/airflow/example_dags/example_inlet_event_extra.py for tasks to queue
[2026-03-18T07:17:19.302+0000] {logging_mixin.py:190} INFO - [2026-03-18T07:17:19.301+0000] {dagbag.py:588} INFO - Filling up the DagBag from /home/komal/data-engineering-projects/airflow-spark-pipeline/airflow_venv/lib/python3.11/site-packages/airflow/example_dags/example_inlet_event_extra.py
[2026-03-18T07:17:19.317+0000] {processor.py:925} INFO - DAG(s) 'read_dataset_event_from_classic', 'read_dataset_event' retrieved from /home/komal/data-engineering-projects/airflow-spark-pipeline/airflow_venv/lib/python3.11/site-packages/airflow/example_dags/example_inlet_event_extra.py
[2026-03-18T07:17:19.342+0000] {logging_mixin.py:190} INFO - [2026-03-18T07:17:19.342+0000] {dag.py:3239} INFO - Sync 2 DAGs
[2026-03-18T07:17:19.369+0000] {logging_mixin.py:190} INFO - [2026-03-18T07:17:19.369+0000] {dag.py:4180} INFO - Setting next_dagrun for read_dataset_event to 2026-03-17 00:00:00+00:00, run_after=2026-03-18 00:00:00+00:00
[2026-03-18T07:17:19.372+0000] {logging_mixin.py:190} INFO - [2026-03-18T07:17:19.372+0000] {dag.py:4180} INFO - Setting next_dagrun for read_dataset_event_from_classic to 2026-03-17 00:00:00+00:00, run_after=2026-03-18 00:00:00+00:00
[2026-03-18T07:17:19.397+0000] {processor.py:208} INFO - Processing /home/komal/data-engineering-projects/airflow-spark-pipeline/airflow_venv/lib/python3.11/site-packages/airflow/example_dags/example_inlet_event_extra.py took 0.107 seconds
[2026-03-18T07:18:25.088+0000] {processor.py:186} INFO - Started process (PID=31978) to work on /home/komal/data-engineering-projects/airflow-spark-pipeline/airflow_venv/lib/python3.11/site-packages/airflow/example_dags/example_inlet_event_extra.py
[2026-03-18T07:18:25.091+0000] {processor.py:914} INFO - Processing file /home/komal/data-engineering-projects/airflow-spark-pipeline/airflow_venv/lib/python3.11/site-packages/airflow/example_dags/example_inlet_event_extra.py for tasks to queue
[2026-03-18T07:18:25.093+0000] {logging_mixin.py:190} INFO - [2026-03-18T07:18:25.092+0000] {dagbag.py:588} INFO - Filling up the DagBag from /home/komal/data-engineering-projects/airflow-spark-pipeline/airflow_venv/lib/python3.11/site-packages/airflow/example_dags/example_inlet_event_extra.py
[2026-03-18T07:18:25.116+0000] {processor.py:925} INFO - DAG(s) 'read_dataset_event', 'read_dataset_event_from_classic' retrieved from /home/komal/data-engineering-projects/airflow-spark-pipeline/airflow_venv/lib/python3.11/site-packages/airflow/example_dags/example_inlet_event_extra.py
[2026-03-18T07:18:25.139+0000] {logging_mixin.py:190} INFO - [2026-03-18T07:18:25.139+0000] {dag.py:3239} INFO - Sync 2 DAGs
[2026-03-18T07:18:25.172+0000] {logging_mixin.py:190} INFO - [2026-03-18T07:18:25.172+0000] {dag.py:4180} INFO - Setting next_dagrun for read_dataset_event to 2026-03-17 00:00:00+00:00, run_after=2026-03-18 00:00:00+00:00
[2026-03-18T07:18:25.178+0000] {logging_mixin.py:190} INFO - [2026-03-18T07:18:25.178+0000] {dag.py:4180} INFO - Setting next_dagrun for read_dataset_event_from_classic to 2026-03-17 00:00:00+00:00, run_after=2026-03-18 00:00:00+00:00
[2026-03-18T07:18:25.209+0000] {processor.py:208} INFO - Processing /home/komal/data-engineering-projects/airflow-spark-pipeline/airflow_venv/lib/python3.11/site-packages/airflow/example_dags/example_inlet_event_extra.py took 0.136 seconds
[2026-03-18T07:19:37.354+0000] {processor.py:186} INFO - Started process (PID=32049) to work on /home/komal/data-engineering-projects/airflow-spark-pipeline/airflow_venv/lib/python3.11/site-packages/airflow/example_dags/example_inlet_event_extra.py
[2026-03-18T07:19:37.387+0000] {processor.py:914} INFO - Processing file /home/komal/data-engineering-projects/airflow-spark-pipeline/airflow_venv/lib/python3.11/site-packages/airflow/example_dags/example_inlet_event_extra.py for tasks to queue
[2026-03-18T07:19:37.390+0000] {logging_mixin.py:190} INFO - [2026-03-18T07:19:37.389+0000] {dagbag.py:588} INFO - Filling up the DagBag from /home/komal/data-engineering-projects/airflow-spark-pipeline/airflow_venv/lib/python3.11/site-packages/airflow/example_dags/example_inlet_event_extra.py
[2026-03-18T07:19:37.412+0000] {processor.py:925} INFO - DAG(s) 'read_dataset_event_from_classic', 'read_dataset_event' retrieved from /home/komal/data-engineering-projects/airflow-spark-pipeline/airflow_venv/lib/python3.11/site-packages/airflow/example_dags/example_inlet_event_extra.py
[2026-03-18T07:19:37.434+0000] {logging_mixin.py:190} INFO - [2026-03-18T07:19:37.433+0000] {dag.py:3239} INFO - Sync 2 DAGs
[2026-03-18T07:19:37.462+0000] {logging_mixin.py:190} INFO - [2026-03-18T07:19:37.461+0000] {dag.py:4180} INFO - Setting next_dagrun for read_dataset_event to 2026-03-17 00:00:00+00:00, run_after=2026-03-18 00:00:00+00:00
[2026-03-18T07:19:37.467+0000] {logging_mixin.py:190} INFO - [2026-03-18T07:19:37.466+0000] {dag.py:4180} INFO - Setting next_dagrun for read_dataset_event_from_classic to 2026-03-17 00:00:00+00:00, run_after=2026-03-18 00:00:00+00:00
[2026-03-18T07:19:37.499+0000] {processor.py:208} INFO - Processing /home/komal/data-engineering-projects/airflow-spark-pipeline/airflow_venv/lib/python3.11/site-packages/airflow/example_dags/example_inlet_event_extra.py took 0.157 seconds
[2026-03-18T07:20:53.301+0000] {processor.py:186} INFO - Started process (PID=32117) to work on /home/komal/data-engineering-projects/airflow-spark-pipeline/airflow_venv/lib/python3.11/site-packages/airflow/example_dags/example_inlet_event_extra.py
[2026-03-18T07:20:53.306+0000] {processor.py:914} INFO - Processing file /home/komal/data-engineering-projects/airflow-spark-pipeline/airflow_venv/lib/python3.11/site-packages/airflow/example_dags/example_inlet_event_extra.py for tasks to queue
[2026-03-18T07:20:53.308+0000] {logging_mixin.py:190} INFO - [2026-03-18T07:20:53.307+0000] {dagbag.py:588} INFO - Filling up the DagBag from /home/komal/data-engineering-projects/airflow-spark-pipeline/airflow_venv/lib/python3.11/site-packages/airflow/example_dags/example_inlet_event_extra.py
[2026-03-18T07:20:53.325+0000] {processor.py:925} INFO - DAG(s) 'read_dataset_event_from_classic', 'read_dataset_event' retrieved from /home/komal/data-engineering-projects/airflow-spark-pipeline/airflow_venv/lib/python3.11/site-packages/airflow/example_dags/example_inlet_event_extra.py
[2026-03-18T07:20:53.344+0000] {logging_mixin.py:190} INFO - [2026-03-18T07:20:53.343+0000] {dag.py:3239} INFO - Sync 2 DAGs
[2026-03-18T07:20:53.372+0000] {logging_mixin.py:190} INFO - [2026-03-18T07:20:53.371+0000] {dag.py:4180} INFO - Setting next_dagrun for read_dataset_event to 2026-03-17 00:00:00+00:00, run_after=2026-03-18 00:00:00+00:00
[2026-03-18T07:20:53.377+0000] {logging_mixin.py:190} INFO - [2026-03-18T07:20:53.377+0000] {dag.py:4180} INFO - Setting next_dagrun for read_dataset_event_from_classic to 2026-03-17 00:00:00+00:00, run_after=2026-03-18 00:00:00+00:00
[2026-03-18T07:20:53.408+0000] {processor.py:208} INFO - Processing /home/komal/data-engineering-projects/airflow-spark-pipeline/airflow_venv/lib/python3.11/site-packages/airflow/example_dags/example_inlet_event_extra.py took 0.115 seconds
[2026-03-18T07:22:11.390+0000] {processor.py:186} INFO - Started process (PID=32192) to work on /home/komal/data-engineering-projects/airflow-spark-pipeline/airflow_venv/lib/python3.11/site-packages/airflow/example_dags/example_inlet_event_extra.py
[2026-03-18T07:22:11.423+0000] {processor.py:914} INFO - Processing file /home/komal/data-engineering-projects/airflow-spark-pipeline/airflow_venv/lib/python3.11/site-packages/airflow/example_dags/example_inlet_event_extra.py for tasks to queue
[2026-03-18T07:22:11.427+0000] {logging_mixin.py:190} INFO - [2026-03-18T07:22:11.426+0000] {dagbag.py:588} INFO - Filling up the DagBag from /home/komal/data-engineering-projects/airflow-spark-pipeline/airflow_venv/lib/python3.11/site-packages/airflow/example_dags/example_inlet_event_extra.py
[2026-03-18T07:22:11.451+0000] {processor.py:925} INFO - DAG(s) 'read_dataset_event', 'read_dataset_event_from_classic' retrieved from /home/komal/data-engineering-projects/airflow-spark-pipeline/airflow_venv/lib/python3.11/site-packages/airflow/example_dags/example_inlet_event_extra.py
[2026-03-18T07:22:11.480+0000] {logging_mixin.py:190} INFO - [2026-03-18T07:22:11.480+0000] {dag.py:3239} INFO - Sync 2 DAGs
[2026-03-18T07:22:11.522+0000] {logging_mixin.py:190} INFO - [2026-03-18T07:22:11.521+0000] {dag.py:4180} INFO - Setting next_dagrun for read_dataset_event to 2026-03-17 00:00:00+00:00, run_after=2026-03-18 00:00:00+00:00
[2026-03-18T07:22:11.526+0000] {logging_mixin.py:190} INFO - [2026-03-18T07:22:11.526+0000] {dag.py:4180} INFO - Setting next_dagrun for read_dataset_event_from_classic to 2026-03-17 00:00:00+00:00, run_after=2026-03-18 00:00:00+00:00
[2026-03-18T07:22:11.563+0000] {processor.py:208} INFO - Processing /home/komal/data-engineering-projects/airflow-spark-pipeline/airflow_venv/lib/python3.11/site-packages/airflow/example_dags/example_inlet_event_extra.py took 0.182 seconds
[2026-03-18T07:23:28.994+0000] {processor.py:186} INFO - Started process (PID=32496) to work on /home/komal/data-engineering-projects/airflow-spark-pipeline/airflow_venv/lib/python3.11/site-packages/airflow/example_dags/example_inlet_event_extra.py
[2026-03-18T07:23:29.027+0000] {processor.py:914} INFO - Processing file /home/komal/data-engineering-projects/airflow-spark-pipeline/airflow_venv/lib/python3.11/site-packages/airflow/example_dags/example_inlet_event_extra.py for tasks to queue
[2026-03-18T07:23:29.030+0000] {logging_mixin.py:190} INFO - [2026-03-18T07:23:29.029+0000] {dagbag.py:588} INFO - Filling up the DagBag from /home/komal/data-engineering-projects/airflow-spark-pipeline/airflow_venv/lib/python3.11/site-packages/airflow/example_dags/example_inlet_event_extra.py
[2026-03-18T07:23:29.054+0000] {processor.py:925} INFO - DAG(s) 'read_dataset_event_from_classic', 'read_dataset_event' retrieved from /home/komal/data-engineering-projects/airflow-spark-pipeline/airflow_venv/lib/python3.11/site-packages/airflow/example_dags/example_inlet_event_extra.py
[2026-03-18T07:23:29.081+0000] {logging_mixin.py:190} INFO - [2026-03-18T07:23:29.080+0000] {dag.py:3239} INFO - Sync 2 DAGs
[2026-03-18T07:23:29.109+0000] {logging_mixin.py:190} INFO - [2026-03-18T07:23:29.108+0000] {dag.py:4180} INFO - Setting next_dagrun for read_dataset_event to 2026-03-17 00:00:00+00:00, run_after=2026-03-18 00:00:00+00:00
[2026-03-18T07:23:29.113+0000] {logging_mixin.py:190} INFO - [2026-03-18T07:23:29.112+0000] {dag.py:4180} INFO - Setting next_dagrun for read_dataset_event_from_classic to 2026-03-17 00:00:00+00:00, run_after=2026-03-18 00:00:00+00:00
[2026-03-18T07:23:29.154+0000] {processor.py:208} INFO - Processing /home/komal/data-engineering-projects/airflow-spark-pipeline/airflow_venv/lib/python3.11/site-packages/airflow/example_dags/example_inlet_event_extra.py took 0.173 seconds
[2026-03-18T07:24:38.607+0000] {processor.py:186} INFO - Started process (PID=32562) to work on /home/komal/data-engineering-projects/airflow-spark-pipeline/airflow_venv/lib/python3.11/site-packages/airflow/example_dags/example_inlet_event_extra.py
[2026-03-18T07:24:38.641+0000] {processor.py:914} INFO - Processing file /home/komal/data-engineering-projects/airflow-spark-pipeline/airflow_venv/lib/python3.11/site-packages/airflow/example_dags/example_inlet_event_extra.py for tasks to queue
[2026-03-18T07:24:38.644+0000] {logging_mixin.py:190} INFO - [2026-03-18T07:24:38.643+0000] {dagbag.py:588} INFO - Filling up the DagBag from /home/komal/data-engineering-projects/airflow-spark-pipeline/airflow_venv/lib/python3.11/site-packages/airflow/example_dags/example_inlet_event_extra.py
[2026-03-18T07:24:38.665+0000] {processor.py:925} INFO - DAG(s) 'read_dataset_event_from_classic', 'read_dataset_event' retrieved from /home/komal/data-engineering-projects/airflow-spark-pipeline/airflow_venv/lib/python3.11/site-packages/airflow/example_dags/example_inlet_event_extra.py
[2026-03-18T07:24:38.687+0000] {logging_mixin.py:190} INFO - [2026-03-18T07:24:38.686+0000] {dag.py:3239} INFO - Sync 2 DAGs
[2026-03-18T07:24:38.716+0000] {logging_mixin.py:190} INFO - [2026-03-18T07:24:38.715+0000] {dag.py:4180} INFO - Setting next_dagrun for read_dataset_event to 2026-03-17 00:00:00+00:00, run_after=2026-03-18 00:00:00+00:00
[2026-03-18T07:24:38.720+0000] {logging_mixin.py:190} INFO - [2026-03-18T07:24:38.720+0000] {dag.py:4180} INFO - Setting next_dagrun for read_dataset_event_from_classic to 2026-03-17 00:00:00+00:00, run_after=2026-03-18 00:00:00+00:00
[2026-03-18T07:24:38.749+0000] {processor.py:208} INFO - Processing /home/komal/data-engineering-projects/airflow-spark-pipeline/airflow_venv/lib/python3.11/site-packages/airflow/example_dags/example_inlet_event_extra.py took 0.152 seconds
[2026-03-18T07:25:49.139+0000] {processor.py:186} INFO - Started process (PID=32632) to work on /home/komal/data-engineering-projects/airflow-spark-pipeline/airflow_venv/lib/python3.11/site-packages/airflow/example_dags/example_inlet_event_extra.py
[2026-03-18T07:25:49.154+0000] {processor.py:914} INFO - Processing file /home/komal/data-engineering-projects/airflow-spark-pipeline/airflow_venv/lib/python3.11/site-packages/airflow/example_dags/example_inlet_event_extra.py for tasks to queue
[2026-03-18T07:25:49.156+0000] {logging_mixin.py:190} INFO - [2026-03-18T07:25:49.155+0000] {dagbag.py:588} INFO - Filling up the DagBag from /home/komal/data-engineering-projects/airflow-spark-pipeline/airflow_venv/lib/python3.11/site-packages/airflow/example_dags/example_inlet_event_extra.py
[2026-03-18T07:25:49.174+0000] {processor.py:925} INFO - DAG(s) 'read_dataset_event', 'read_dataset_event_from_classic' retrieved from /home/komal/data-engineering-projects/airflow-spark-pipeline/airflow_venv/lib/python3.11/site-packages/airflow/example_dags/example_inlet_event_extra.py
[2026-03-18T07:25:49.199+0000] {logging_mixin.py:190} INFO - [2026-03-18T07:25:49.199+0000] {dag.py:3239} INFO - Sync 2 DAGs
[2026-03-18T07:25:49.234+0000] {logging_mixin.py:190} INFO - [2026-03-18T07:25:49.233+0000] {dag.py:4180} INFO - Setting next_dagrun for read_dataset_event to 2026-03-17 00:00:00+00:00, run_after=2026-03-18 00:00:00+00:00
[2026-03-18T07:25:49.243+0000] {logging_mixin.py:190} INFO - [2026-03-18T07:25:49.243+0000] {dag.py:4180} INFO - Setting next_dagrun for read_dataset_event_from_classic to 2026-03-17 00:00:00+00:00, run_after=2026-03-18 00:00:00+00:00
[2026-03-18T07:25:49.273+0000] {processor.py:208} INFO - Processing /home/komal/data-engineering-projects/airflow-spark-pipeline/airflow_venv/lib/python3.11/site-packages/airflow/example_dags/example_inlet_event_extra.py took 0.142 seconds
[2026-03-18T07:26:45.070+0000] {processor.py:186} INFO - Started process (PID=32681) to work on /home/komal/data-engineering-projects/airflow-spark-pipeline/airflow_venv/lib/python3.11/site-packages/airflow/example_dags/example_inlet_event_extra.py
[2026-03-18T07:26:45.104+0000] {processor.py:914} INFO - Processing file /home/komal/data-engineering-projects/airflow-spark-pipeline/airflow_venv/lib/python3.11/site-packages/airflow/example_dags/example_inlet_event_extra.py for tasks to queue
[2026-03-18T07:26:45.109+0000] {logging_mixin.py:190} INFO - [2026-03-18T07:26:45.108+0000] {dagbag.py:588} INFO - Filling up the DagBag from /home/komal/data-engineering-projects/airflow-spark-pipeline/airflow_venv/lib/python3.11/site-packages/airflow/example_dags/example_inlet_event_extra.py
[2026-03-18T07:26:45.134+0000] {processor.py:925} INFO - DAG(s) 'read_dataset_event_from_classic', 'read_dataset_event' retrieved from /home/komal/data-engineering-projects/airflow-spark-pipeline/airflow_venv/lib/python3.11/site-packages/airflow/example_dags/example_inlet_event_extra.py
[2026-03-18T07:26:45.163+0000] {logging_mixin.py:190} INFO - [2026-03-18T07:26:45.162+0000] {dag.py:3239} INFO - Sync 2 DAGs
[2026-03-18T07:26:45.191+0000] {logging_mixin.py:190} INFO - [2026-03-18T07:26:45.191+0000] {dag.py:4180} INFO - Setting next_dagrun for read_dataset_event to 2026-03-17 00:00:00+00:00, run_after=2026-03-18 00:00:00+00:00
[2026-03-18T07:26:45.197+0000] {logging_mixin.py:190} INFO - [2026-03-18T07:26:45.196+0000] {dag.py:4180} INFO - Setting next_dagrun for read_dataset_event_from_classic to 2026-03-17 00:00:00+00:00, run_after=2026-03-18 00:00:00+00:00
[2026-03-18T07:26:45.227+0000] {processor.py:208} INFO - Processing /home/komal/data-engineering-projects/airflow-spark-pipeline/airflow_venv/lib/python3.11/site-packages/airflow/example_dags/example_inlet_event_extra.py took 0.168 seconds
[2026-03-18T07:28:00.776+0000] {processor.py:186} INFO - Started process (PID=32753) to work on /home/komal/data-engineering-projects/airflow-spark-pipeline/airflow_venv/lib/python3.11/site-packages/airflow/example_dags/example_inlet_event_extra.py
[2026-03-18T07:28:00.807+0000] {processor.py:914} INFO - Processing file /home/komal/data-engineering-projects/airflow-spark-pipeline/airflow_venv/lib/python3.11/site-packages/airflow/example_dags/example_inlet_event_extra.py for tasks to queue
[2026-03-18T07:28:00.812+0000] {logging_mixin.py:190} INFO - [2026-03-18T07:28:00.811+0000] {dagbag.py:588} INFO - Filling up the DagBag from /home/komal/data-engineering-projects/airflow-spark-pipeline/airflow_venv/lib/python3.11/site-packages/airflow/example_dags/example_inlet_event_extra.py
[2026-03-18T07:28:00.829+0000] {processor.py:925} INFO - DAG(s) 'read_dataset_event_from_classic', 'read_dataset_event' retrieved from /home/komal/data-engineering-projects/airflow-spark-pipeline/airflow_venv/lib/python3.11/site-packages/airflow/example_dags/example_inlet_event_extra.py
[2026-03-18T07:28:00.850+0000] {logging_mixin.py:190} INFO - [2026-03-18T07:28:00.850+0000] {dag.py:3239} INFO - Sync 2 DAGs
[2026-03-18T07:28:00.877+0000] {logging_mixin.py:190} INFO - [2026-03-18T07:28:00.877+0000] {dag.py:4180} INFO - Setting next_dagrun for read_dataset_event to 2026-03-17 00:00:00+00:00, run_after=2026-03-18 00:00:00+00:00
[2026-03-18T07:28:00.882+0000] {logging_mixin.py:190} INFO - [2026-03-18T07:28:00.882+0000] {dag.py:4180} INFO - Setting next_dagrun for read_dataset_event_from_classic to 2026-03-17 00:00:00+00:00, run_after=2026-03-18 00:00:00+00:00
[2026-03-18T07:28:00.915+0000] {processor.py:208} INFO - Processing /home/komal/data-engineering-projects/airflow-spark-pipeline/airflow_venv/lib/python3.11/site-packages/airflow/example_dags/example_inlet_event_extra.py took 0.149 seconds
[2026-03-18T07:29:12.481+0000] {processor.py:186} INFO - Started process (PID=32823) to work on /home/komal/data-engineering-projects/airflow-spark-pipeline/airflow_venv/lib/python3.11/site-packages/airflow/example_dags/example_inlet_event_extra.py
[2026-03-18T07:29:12.522+0000] {processor.py:914} INFO - Processing file /home/komal/data-engineering-projects/airflow-spark-pipeline/airflow_venv/lib/python3.11/site-packages/airflow/example_dags/example_inlet_event_extra.py for tasks to queue
[2026-03-18T07:29:12.526+0000] {logging_mixin.py:190} INFO - [2026-03-18T07:29:12.525+0000] {dagbag.py:588} INFO - Filling up the DagBag from /home/komal/data-engineering-projects/airflow-spark-pipeline/airflow_venv/lib/python3.11/site-packages/airflow/example_dags/example_inlet_event_extra.py
[2026-03-18T07:29:12.545+0000] {processor.py:925} INFO - DAG(s) 'read_dataset_event', 'read_dataset_event_from_classic' retrieved from /home/komal/data-engineering-projects/airflow-spark-pipeline/airflow_venv/lib/python3.11/site-packages/airflow/example_dags/example_inlet_event_extra.py
[2026-03-18T07:29:12.577+0000] {logging_mixin.py:190} INFO - [2026-03-18T07:29:12.577+0000] {dag.py:3239} INFO - Sync 2 DAGs
[2026-03-18T07:29:12.610+0000] {logging_mixin.py:190} INFO - [2026-03-18T07:29:12.609+0000] {dag.py:4180} INFO - Setting next_dagrun for read_dataset_event to 2026-03-17 00:00:00+00:00, run_after=2026-03-18 00:00:00+00:00
[2026-03-18T07:29:12.616+0000] {logging_mixin.py:190} INFO - [2026-03-18T07:29:12.615+0000] {dag.py:4180} INFO - Setting next_dagrun for read_dataset_event_from_classic to 2026-03-17 00:00:00+00:00, run_after=2026-03-18 00:00:00+00:00
[2026-03-18T07:29:12.648+0000] {processor.py:208} INFO - Processing /home/komal/data-engineering-projects/airflow-spark-pipeline/airflow_venv/lib/python3.11/site-packages/airflow/example_dags/example_inlet_event_extra.py took 0.174 seconds
[2026-03-18T07:30:10.808+0000] {processor.py:186} INFO - Started process (PID=32886) to work on /home/komal/data-engineering-projects/airflow-spark-pipeline/airflow_venv/lib/python3.11/site-packages/airflow/example_dags/example_inlet_event_extra.py
[2026-03-18T07:30:10.812+0000] {processor.py:914} INFO - Processing file /home/komal/data-engineering-projects/airflow-spark-pipeline/airflow_venv/lib/python3.11/site-packages/airflow/example_dags/example_inlet_event_extra.py for tasks to queue
[2026-03-18T07:30:10.817+0000] {logging_mixin.py:190} INFO - [2026-03-18T07:30:10.817+0000] {dagbag.py:588} INFO - Filling up the DagBag from /home/komal/data-engineering-projects/airflow-spark-pipeline/airflow_venv/lib/python3.11/site-packages/airflow/example_dags/example_inlet_event_extra.py
[2026-03-18T07:30:10.848+0000] {processor.py:925} INFO - DAG(s) 'read_dataset_event', 'read_dataset_event_from_classic' retrieved from /home/komal/data-engineering-projects/airflow-spark-pipeline/airflow_venv/lib/python3.11/site-packages/airflow/example_dags/example_inlet_event_extra.py
[2026-03-18T07:30:10.886+0000] {logging_mixin.py:190} INFO - [2026-03-18T07:30:10.885+0000] {dag.py:3239} INFO - Sync 2 DAGs
[2026-03-18T07:30:10.950+0000] {logging_mixin.py:190} INFO - [2026-03-18T07:30:10.949+0000] {dag.py:4180} INFO - Setting next_dagrun for read_dataset_event to 2026-03-17 00:00:00+00:00, run_after=2026-03-18 00:00:00+00:00
[2026-03-18T07:30:10.957+0000] {logging_mixin.py:190} INFO - [2026-03-18T07:30:10.957+0000] {dag.py:4180} INFO - Setting next_dagrun for read_dataset_event_from_classic to 2026-03-17 00:00:00+00:00, run_after=2026-03-18 00:00:00+00:00
[2026-03-18T07:30:11.026+0000] {processor.py:208} INFO - Processing /home/komal/data-engineering-projects/airflow-spark-pipeline/airflow_venv/lib/python3.11/site-packages/airflow/example_dags/example_inlet_event_extra.py took 0.236 seconds
[2026-03-18T07:31:26.419+0000] {processor.py:186} INFO - Started process (PID=33029) to work on /home/komal/data-engineering-projects/airflow-spark-pipeline/airflow_venv/lib/python3.11/site-packages/airflow/example_dags/example_inlet_event_extra.py
[2026-03-18T07:31:26.421+0000] {processor.py:914} INFO - Processing file /home/komal/data-engineering-projects/airflow-spark-pipeline/airflow_venv/lib/python3.11/site-packages/airflow/example_dags/example_inlet_event_extra.py for tasks to queue
[2026-03-18T07:31:26.424+0000] {logging_mixin.py:190} INFO - [2026-03-18T07:31:26.423+0000] {dagbag.py:588} INFO - Filling up the DagBag from /home/komal/data-engineering-projects/airflow-spark-pipeline/airflow_venv/lib/python3.11/site-packages/airflow/example_dags/example_inlet_event_extra.py
[2026-03-18T07:31:26.439+0000] {processor.py:925} INFO - DAG(s) 'read_dataset_event', 'read_dataset_event_from_classic' retrieved from /home/komal/data-engineering-projects/airflow-spark-pipeline/airflow_venv/lib/python3.11/site-packages/airflow/example_dags/example_inlet_event_extra.py
[2026-03-18T07:31:26.459+0000] {logging_mixin.py:190} INFO - [2026-03-18T07:31:26.459+0000] {dag.py:3239} INFO - Sync 2 DAGs
[2026-03-18T07:31:26.487+0000] {logging_mixin.py:190} INFO - [2026-03-18T07:31:26.487+0000] {dag.py:4180} INFO - Setting next_dagrun for read_dataset_event to 2026-03-17 00:00:00+00:00, run_after=2026-03-18 00:00:00+00:00
[2026-03-18T07:31:26.492+0000] {logging_mixin.py:190} INFO - [2026-03-18T07:31:26.492+0000] {dag.py:4180} INFO - Setting next_dagrun for read_dataset_event_from_classic to 2026-03-17 00:00:00+00:00, run_after=2026-03-18 00:00:00+00:00
[2026-03-18T07:31:26.521+0000] {processor.py:208} INFO - Processing /home/komal/data-engineering-projects/airflow-spark-pipeline/airflow_venv/lib/python3.11/site-packages/airflow/example_dags/example_inlet_event_extra.py took 0.109 seconds
[2026-03-18T07:32:38.241+0000] {processor.py:186} INFO - Started process (PID=33094) to work on /home/komal/data-engineering-projects/airflow-spark-pipeline/airflow_venv/lib/python3.11/site-packages/airflow/example_dags/example_inlet_event_extra.py
[2026-03-18T07:32:38.275+0000] {processor.py:914} INFO - Processing file /home/komal/data-engineering-projects/airflow-spark-pipeline/airflow_venv/lib/python3.11/site-packages/airflow/example_dags/example_inlet_event_extra.py for tasks to queue
[2026-03-18T07:32:38.279+0000] {logging_mixin.py:190} INFO - [2026-03-18T07:32:38.278+0000] {dagbag.py:588} INFO - Filling up the DagBag from /home/komal/data-engineering-projects/airflow-spark-pipeline/airflow_venv/lib/python3.11/site-packages/airflow/example_dags/example_inlet_event_extra.py
[2026-03-18T07:32:38.307+0000] {processor.py:925} INFO - DAG(s) 'read_dataset_event_from_classic', 'read_dataset_event' retrieved from /home/komal/data-engineering-projects/airflow-spark-pipeline/airflow_venv/lib/python3.11/site-packages/airflow/example_dags/example_inlet_event_extra.py
[2026-03-18T07:32:38.343+0000] {logging_mixin.py:190} INFO - [2026-03-18T07:32:38.342+0000] {dag.py:3239} INFO - Sync 2 DAGs
[2026-03-18T07:32:38.379+0000] {logging_mixin.py:190} INFO - [2026-03-18T07:32:38.379+0000] {dag.py:4180} INFO - Setting next_dagrun for read_dataset_event to 2026-03-17 00:00:00+00:00, run_after=2026-03-18 00:00:00+00:00
[2026-03-18T07:32:38.384+0000] {logging_mixin.py:190} INFO - [2026-03-18T07:32:38.384+0000] {dag.py:4180} INFO - Setting next_dagrun for read_dataset_event_from_classic to 2026-03-17 00:00:00+00:00, run_after=2026-03-18 00:00:00+00:00
[2026-03-18T07:32:38.424+0000] {processor.py:208} INFO - Processing /home/komal/data-engineering-projects/airflow-spark-pipeline/airflow_venv/lib/python3.11/site-packages/airflow/example_dags/example_inlet_event_extra.py took 0.195 seconds
[2026-03-18T07:33:59.491+0000] {processor.py:186} INFO - Started process (PID=33169) to work on /home/komal/data-engineering-projects/airflow-spark-pipeline/airflow_venv/lib/python3.11/site-packages/airflow/example_dags/example_inlet_event_extra.py
[2026-03-18T07:33:59.523+0000] {processor.py:914} INFO - Processing file /home/komal/data-engineering-projects/airflow-spark-pipeline/airflow_venv/lib/python3.11/site-packages/airflow/example_dags/example_inlet_event_extra.py for tasks to queue
[2026-03-18T07:33:59.527+0000] {logging_mixin.py:190} INFO - [2026-03-18T07:33:59.527+0000] {dagbag.py:588} INFO - Filling up the DagBag from /home/komal/data-engineering-projects/airflow-spark-pipeline/airflow_venv/lib/python3.11/site-packages/airflow/example_dags/example_inlet_event_extra.py
[2026-03-18T07:33:59.548+0000] {processor.py:925} INFO - DAG(s) 'read_dataset_event_from_classic', 'read_dataset_event' retrieved from /home/komal/data-engineering-projects/airflow-spark-pipeline/airflow_venv/lib/python3.11/site-packages/airflow/example_dags/example_inlet_event_extra.py
[2026-03-18T07:33:59.573+0000] {logging_mixin.py:190} INFO - [2026-03-18T07:33:59.573+0000] {dag.py:3239} INFO - Sync 2 DAGs
[2026-03-18T07:33:59.595+0000] {logging_mixin.py:190} INFO - [2026-03-18T07:33:59.595+0000] {dag.py:4180} INFO - Setting next_dagrun for read_dataset_event to 2026-03-17 00:00:00+00:00, run_after=2026-03-18 00:00:00+00:00
[2026-03-18T07:33:59.599+0000] {logging_mixin.py:190} INFO - [2026-03-18T07:33:59.599+0000] {dag.py:4180} INFO - Setting next_dagrun for read_dataset_event_from_classic to 2026-03-17 00:00:00+00:00, run_after=2026-03-18 00:00:00+00:00
[2026-03-18T07:33:59.631+0000] {processor.py:208} INFO - Processing /home/komal/data-engineering-projects/airflow-spark-pipeline/airflow_venv/lib/python3.11/site-packages/airflow/example_dags/example_inlet_event_extra.py took 0.149 seconds
[2026-03-18T07:34:55.867+0000] {processor.py:186} INFO - Started process (PID=33275) to work on /home/komal/data-engineering-projects/airflow-spark-pipeline/airflow_venv/lib/python3.11/site-packages/airflow/example_dags/example_inlet_event_extra.py
[2026-03-18T07:34:55.871+0000] {processor.py:914} INFO - Processing file /home/komal/data-engineering-projects/airflow-spark-pipeline/airflow_venv/lib/python3.11/site-packages/airflow/example_dags/example_inlet_event_extra.py for tasks to queue
[2026-03-18T07:34:55.875+0000] {logging_mixin.py:190} INFO - [2026-03-18T07:34:55.874+0000] {dagbag.py:588} INFO - Filling up the DagBag from /home/komal/data-engineering-projects/airflow-spark-pipeline/airflow_venv/lib/python3.11/site-packages/airflow/example_dags/example_inlet_event_extra.py
[2026-03-18T07:34:55.898+0000] {processor.py:925} INFO - DAG(s) 'read_dataset_event', 'read_dataset_event_from_classic' retrieved from /home/komal/data-engineering-projects/airflow-spark-pipeline/airflow_venv/lib/python3.11/site-packages/airflow/example_dags/example_inlet_event_extra.py
[2026-03-18T07:34:55.927+0000] {logging_mixin.py:190} INFO - [2026-03-18T07:34:55.927+0000] {dag.py:3239} INFO - Sync 2 DAGs
[2026-03-18T07:34:55.958+0000] {logging_mixin.py:190} INFO - [2026-03-18T07:34:55.957+0000] {dag.py:4180} INFO - Setting next_dagrun for read_dataset_event to 2026-03-17 00:00:00+00:00, run_after=2026-03-18 00:00:00+00:00
[2026-03-18T07:34:55.964+0000] {logging_mixin.py:190} INFO - [2026-03-18T07:34:55.963+0000] {dag.py:4180} INFO - Setting next_dagrun for read_dataset_event_from_classic to 2026-03-17 00:00:00+00:00, run_after=2026-03-18 00:00:00+00:00
[2026-03-18T07:34:56.030+0000] {processor.py:208} INFO - Processing /home/komal/data-engineering-projects/airflow-spark-pipeline/airflow_venv/lib/python3.11/site-packages/airflow/example_dags/example_inlet_event_extra.py took 0.173 seconds
[2026-03-18T07:36:04.155+0000] {processor.py:186} INFO - Started process (PID=33344) to work on /home/komal/data-engineering-projects/airflow-spark-pipeline/airflow_venv/lib/python3.11/site-packages/airflow/example_dags/example_inlet_event_extra.py
[2026-03-18T07:36:04.187+0000] {processor.py:914} INFO - Processing file /home/komal/data-engineering-projects/airflow-spark-pipeline/airflow_venv/lib/python3.11/site-packages/airflow/example_dags/example_inlet_event_extra.py for tasks to queue
[2026-03-18T07:36:04.191+0000] {logging_mixin.py:190} INFO - [2026-03-18T07:36:04.190+0000] {dagbag.py:588} INFO - Filling up the DagBag from /home/komal/data-engineering-projects/airflow-spark-pipeline/airflow_venv/lib/python3.11/site-packages/airflow/example_dags/example_inlet_event_extra.py
[2026-03-18T07:36:04.207+0000] {processor.py:925} INFO - DAG(s) 'read_dataset_event_from_classic', 'read_dataset_event' retrieved from /home/komal/data-engineering-projects/airflow-spark-pipeline/airflow_venv/lib/python3.11/site-packages/airflow/example_dags/example_inlet_event_extra.py
[2026-03-18T07:36:04.229+0000] {logging_mixin.py:190} INFO - [2026-03-18T07:36:04.229+0000] {dag.py:3239} INFO - Sync 2 DAGs
[2026-03-18T07:36:04.256+0000] {logging_mixin.py:190} INFO - [2026-03-18T07:36:04.255+0000] {dag.py:4180} INFO - Setting next_dagrun for read_dataset_event to 2026-03-17 00:00:00+00:00, run_after=2026-03-18 00:00:00+00:00
[2026-03-18T07:36:04.260+0000] {logging_mixin.py:190} INFO - [2026-03-18T07:36:04.260+0000] {dag.py:4180} INFO - Setting next_dagrun for read_dataset_event_from_classic to 2026-03-17 00:00:00+00:00, run_after=2026-03-18 00:00:00+00:00
[2026-03-18T07:36:04.296+0000] {processor.py:208} INFO - Processing /home/komal/data-engineering-projects/airflow-spark-pipeline/airflow_venv/lib/python3.11/site-packages/airflow/example_dags/example_inlet_event_extra.py took 0.147 seconds
[2026-03-18T07:37:17.184+0000] {processor.py:186} INFO - Started process (PID=33415) to work on /home/komal/data-engineering-projects/airflow-spark-pipeline/airflow_venv/lib/python3.11/site-packages/airflow/example_dags/example_inlet_event_extra.py
[2026-03-18T07:37:17.188+0000] {processor.py:914} INFO - Processing file /home/komal/data-engineering-projects/airflow-spark-pipeline/airflow_venv/lib/python3.11/site-packages/airflow/example_dags/example_inlet_event_extra.py for tasks to queue
[2026-03-18T07:37:17.192+0000] {logging_mixin.py:190} INFO - [2026-03-18T07:37:17.191+0000] {dagbag.py:588} INFO - Filling up the DagBag from /home/komal/data-engineering-projects/airflow-spark-pipeline/airflow_venv/lib/python3.11/site-packages/airflow/example_dags/example_inlet_event_extra.py
[2026-03-18T07:37:17.215+0000] {processor.py:925} INFO - DAG(s) 'read_dataset_event', 'read_dataset_event_from_classic' retrieved from /home/komal/data-engineering-projects/airflow-spark-pipeline/airflow_venv/lib/python3.11/site-packages/airflow/example_dags/example_inlet_event_extra.py
[2026-03-18T07:37:17.238+0000] {logging_mixin.py:190} INFO - [2026-03-18T07:37:17.237+0000] {dag.py:3239} INFO - Sync 2 DAGs
[2026-03-18T07:37:17.270+0000] {logging_mixin.py:190} INFO - [2026-03-18T07:37:17.270+0000] {dag.py:4180} INFO - Setting next_dagrun for read_dataset_event to 2026-03-17 00:00:00+00:00, run_after=2026-03-18 00:00:00+00:00
[2026-03-18T07:37:17.275+0000] {logging_mixin.py:190} INFO - [2026-03-18T07:37:17.275+0000] {dag.py:4180} INFO - Setting next_dagrun for read_dataset_event_from_classic to 2026-03-17 00:00:00+00:00, run_after=2026-03-18 00:00:00+00:00
[2026-03-18T07:37:17.310+0000] {processor.py:208} INFO - Processing /home/komal/data-engineering-projects/airflow-spark-pipeline/airflow_venv/lib/python3.11/site-packages/airflow/example_dags/example_inlet_event_extra.py took 0.140 seconds
[2026-03-18T07:38:38.500+0000] {processor.py:186} INFO - Started process (PID=33557) to work on /home/komal/data-engineering-projects/airflow-spark-pipeline/airflow_venv/lib/python3.11/site-packages/airflow/example_dags/example_inlet_event_extra.py
[2026-03-18T07:38:38.503+0000] {processor.py:914} INFO - Processing file /home/komal/data-engineering-projects/airflow-spark-pipeline/airflow_venv/lib/python3.11/site-packages/airflow/example_dags/example_inlet_event_extra.py for tasks to queue
[2026-03-18T07:38:38.507+0000] {logging_mixin.py:190} INFO - [2026-03-18T07:38:38.506+0000] {dagbag.py:588} INFO - Filling up the DagBag from /home/komal/data-engineering-projects/airflow-spark-pipeline/airflow_venv/lib/python3.11/site-packages/airflow/example_dags/example_inlet_event_extra.py
[2026-03-18T07:38:38.530+0000] {processor.py:925} INFO - DAG(s) 'read_dataset_event', 'read_dataset_event_from_classic' retrieved from /home/komal/data-engineering-projects/airflow-spark-pipeline/airflow_venv/lib/python3.11/site-packages/airflow/example_dags/example_inlet_event_extra.py
[2026-03-18T07:38:38.567+0000] {logging_mixin.py:190} INFO - [2026-03-18T07:38:38.567+0000] {dag.py:3239} INFO - Sync 2 DAGs
[2026-03-18T07:38:38.605+0000] {logging_mixin.py:190} INFO - [2026-03-18T07:38:38.605+0000] {dag.py:4180} INFO - Setting next_dagrun for read_dataset_event to 2026-03-17 00:00:00+00:00, run_after=2026-03-18 00:00:00+00:00
[2026-03-18T07:38:38.610+0000] {logging_mixin.py:190} INFO - [2026-03-18T07:38:38.610+0000] {dag.py:4180} INFO - Setting next_dagrun for read_dataset_event_from_classic to 2026-03-17 00:00:00+00:00, run_after=2026-03-18 00:00:00+00:00
[2026-03-18T07:38:38.653+0000] {processor.py:208} INFO - Processing /home/komal/data-engineering-projects/airflow-spark-pipeline/airflow_venv/lib/python3.11/site-packages/airflow/example_dags/example_inlet_event_extra.py took 0.162 seconds
[2026-03-18T07:39:49.017+0000] {processor.py:186} INFO - Started process (PID=33626) to work on /home/komal/data-engineering-projects/airflow-spark-pipeline/airflow_venv/lib/python3.11/site-packages/airflow/example_dags/example_inlet_event_extra.py
[2026-03-18T07:39:49.054+0000] {processor.py:914} INFO - Processing file /home/komal/data-engineering-projects/airflow-spark-pipeline/airflow_venv/lib/python3.11/site-packages/airflow/example_dags/example_inlet_event_extra.py for tasks to queue
[2026-03-18T07:39:49.057+0000] {logging_mixin.py:190} INFO - [2026-03-18T07:39:49.056+0000] {dagbag.py:588} INFO - Filling up the DagBag from /home/komal/data-engineering-projects/airflow-spark-pipeline/airflow_venv/lib/python3.11/site-packages/airflow/example_dags/example_inlet_event_extra.py
[2026-03-18T07:39:49.074+0000] {processor.py:925} INFO - DAG(s) 'read_dataset_event_from_classic', 'read_dataset_event' retrieved from /home/komal/data-engineering-projects/airflow-spark-pipeline/airflow_venv/lib/python3.11/site-packages/airflow/example_dags/example_inlet_event_extra.py
[2026-03-18T07:39:49.097+0000] {logging_mixin.py:190} INFO - [2026-03-18T07:39:49.097+0000] {dag.py:3239} INFO - Sync 2 DAGs
[2026-03-18T07:39:49.125+0000] {logging_mixin.py:190} INFO - [2026-03-18T07:39:49.125+0000] {dag.py:4180} INFO - Setting next_dagrun for read_dataset_event to 2026-03-17 00:00:00+00:00, run_after=2026-03-18 00:00:00+00:00
[2026-03-18T07:39:49.130+0000] {logging_mixin.py:190} INFO - [2026-03-18T07:39:49.129+0000] {dag.py:4180} INFO - Setting next_dagrun for read_dataset_event_from_classic to 2026-03-17 00:00:00+00:00, run_after=2026-03-18 00:00:00+00:00
[2026-03-18T07:39:49.169+0000] {processor.py:208} INFO - Processing /home/komal/data-engineering-projects/airflow-spark-pipeline/airflow_venv/lib/python3.11/site-packages/airflow/example_dags/example_inlet_event_extra.py took 0.158 seconds
[2026-03-18T07:41:00.509+0000] {processor.py:186} INFO - Started process (PID=33695) to work on /home/komal/data-engineering-projects/airflow-spark-pipeline/airflow_venv/lib/python3.11/site-packages/airflow/example_dags/example_inlet_event_extra.py
[2026-03-18T07:41:00.542+0000] {processor.py:914} INFO - Processing file /home/komal/data-engineering-projects/airflow-spark-pipeline/airflow_venv/lib/python3.11/site-packages/airflow/example_dags/example_inlet_event_extra.py for tasks to queue
[2026-03-18T07:41:00.545+0000] {logging_mixin.py:190} INFO - [2026-03-18T07:41:00.545+0000] {dagbag.py:588} INFO - Filling up the DagBag from /home/komal/data-engineering-projects/airflow-spark-pipeline/airflow_venv/lib/python3.11/site-packages/airflow/example_dags/example_inlet_event_extra.py
[2026-03-18T07:41:00.569+0000] {processor.py:925} INFO - DAG(s) 'read_dataset_event', 'read_dataset_event_from_classic' retrieved from /home/komal/data-engineering-projects/airflow-spark-pipeline/airflow_venv/lib/python3.11/site-packages/airflow/example_dags/example_inlet_event_extra.py
[2026-03-18T07:41:00.591+0000] {logging_mixin.py:190} INFO - [2026-03-18T07:41:00.591+0000] {dag.py:3239} INFO - Sync 2 DAGs
[2026-03-18T07:41:00.618+0000] {logging_mixin.py:190} INFO - [2026-03-18T07:41:00.617+0000] {dag.py:4180} INFO - Setting next_dagrun for read_dataset_event to 2026-03-17 00:00:00+00:00, run_after=2026-03-18 00:00:00+00:00
[2026-03-18T07:41:00.622+0000] {logging_mixin.py:190} INFO - [2026-03-18T07:41:00.621+0000] {dag.py:4180} INFO - Setting next_dagrun for read_dataset_event_from_classic to 2026-03-17 00:00:00+00:00, run_after=2026-03-18 00:00:00+00:00
[2026-03-18T07:41:00.647+0000] {processor.py:208} INFO - Processing /home/komal/data-engineering-projects/airflow-spark-pipeline/airflow_venv/lib/python3.11/site-packages/airflow/example_dags/example_inlet_event_extra.py took 0.145 seconds
[2026-03-18T07:42:52.705+0000] {processor.py:186} INFO - Started process (PID=33873) to work on /home/komal/data-engineering-projects/airflow-spark-pipeline/airflow_venv/lib/python3.11/site-packages/airflow/example_dags/example_inlet_event_extra.py
[2026-03-18T07:42:52.738+0000] {processor.py:914} INFO - Processing file /home/komal/data-engineering-projects/airflow-spark-pipeline/airflow_venv/lib/python3.11/site-packages/airflow/example_dags/example_inlet_event_extra.py for tasks to queue
[2026-03-18T07:42:52.742+0000] {logging_mixin.py:190} INFO - [2026-03-18T07:42:52.742+0000] {dagbag.py:588} INFO - Filling up the DagBag from /home/komal/data-engineering-projects/airflow-spark-pipeline/airflow_venv/lib/python3.11/site-packages/airflow/example_dags/example_inlet_event_extra.py
[2026-03-18T07:42:52.765+0000] {processor.py:925} INFO - DAG(s) 'read_dataset_event_from_classic', 'read_dataset_event' retrieved from /home/komal/data-engineering-projects/airflow-spark-pipeline/airflow_venv/lib/python3.11/site-packages/airflow/example_dags/example_inlet_event_extra.py
[2026-03-18T07:42:52.795+0000] {logging_mixin.py:190} INFO - [2026-03-18T07:42:52.794+0000] {dag.py:3239} INFO - Sync 2 DAGs
[2026-03-18T07:42:52.822+0000] {logging_mixin.py:190} INFO - [2026-03-18T07:42:52.822+0000] {dag.py:4180} INFO - Setting next_dagrun for read_dataset_event to 2026-03-17 00:00:00+00:00, run_after=2026-03-18 00:00:00+00:00
[2026-03-18T07:42:52.828+0000] {logging_mixin.py:190} INFO - [2026-03-18T07:42:52.828+0000] {dag.py:4180} INFO - Setting next_dagrun for read_dataset_event_from_classic to 2026-03-17 00:00:00+00:00, run_after=2026-03-18 00:00:00+00:00
[2026-03-18T07:42:52.857+0000] {processor.py:208} INFO - Processing /home/komal/data-engineering-projects/airflow-spark-pipeline/airflow_venv/lib/python3.11/site-packages/airflow/example_dags/example_inlet_event_extra.py took 0.162 seconds
[2026-03-18T07:44:05.538+0000] {processor.py:186} INFO - Started process (PID=33943) to work on /home/komal/data-engineering-projects/airflow-spark-pipeline/airflow_venv/lib/python3.11/site-packages/airflow/example_dags/example_inlet_event_extra.py
[2026-03-18T07:44:05.541+0000] {processor.py:914} INFO - Processing file /home/komal/data-engineering-projects/airflow-spark-pipeline/airflow_venv/lib/python3.11/site-packages/airflow/example_dags/example_inlet_event_extra.py for tasks to queue
[2026-03-18T07:44:05.543+0000] {logging_mixin.py:190} INFO - [2026-03-18T07:44:05.543+0000] {dagbag.py:588} INFO - Filling up the DagBag from /home/komal/data-engineering-projects/airflow-spark-pipeline/airflow_venv/lib/python3.11/site-packages/airflow/example_dags/example_inlet_event_extra.py
[2026-03-18T07:44:05.558+0000] {processor.py:925} INFO - DAG(s) 'read_dataset_event_from_classic', 'read_dataset_event' retrieved from /home/komal/data-engineering-projects/airflow-spark-pipeline/airflow_venv/lib/python3.11/site-packages/airflow/example_dags/example_inlet_event_extra.py
[2026-03-18T07:44:05.577+0000] {logging_mixin.py:190} INFO - [2026-03-18T07:44:05.577+0000] {dag.py:3239} INFO - Sync 2 DAGs
[2026-03-18T07:44:05.606+0000] {logging_mixin.py:190} INFO - [2026-03-18T07:44:05.606+0000] {dag.py:4180} INFO - Setting next_dagrun for read_dataset_event to 2026-03-17 00:00:00+00:00, run_after=2026-03-18 00:00:00+00:00
[2026-03-18T07:44:05.610+0000] {logging_mixin.py:190} INFO - [2026-03-18T07:44:05.610+0000] {dag.py:4180} INFO - Setting next_dagrun for read_dataset_event_from_classic to 2026-03-17 00:00:00+00:00, run_after=2026-03-18 00:00:00+00:00
[2026-03-18T07:44:05.649+0000] {processor.py:208} INFO - Processing /home/komal/data-engineering-projects/airflow-spark-pipeline/airflow_venv/lib/python3.11/site-packages/airflow/example_dags/example_inlet_event_extra.py took 0.118 seconds
[2026-03-18T07:45:11.534+0000] {processor.py:186} INFO - Started process (PID=34016) to work on /home/komal/data-engineering-projects/airflow-spark-pipeline/airflow_venv/lib/python3.11/site-packages/airflow/example_dags/example_inlet_event_extra.py
[2026-03-18T07:45:11.568+0000] {processor.py:914} INFO - Processing file /home/komal/data-engineering-projects/airflow-spark-pipeline/airflow_venv/lib/python3.11/site-packages/airflow/example_dags/example_inlet_event_extra.py for tasks to queue
[2026-03-18T07:45:11.572+0000] {logging_mixin.py:190} INFO - [2026-03-18T07:45:11.572+0000] {dagbag.py:588} INFO - Filling up the DagBag from /home/komal/data-engineering-projects/airflow-spark-pipeline/airflow_venv/lib/python3.11/site-packages/airflow/example_dags/example_inlet_event_extra.py
[2026-03-18T07:45:11.595+0000] {processor.py:925} INFO - DAG(s) 'read_dataset_event_from_classic', 'read_dataset_event' retrieved from /home/komal/data-engineering-projects/airflow-spark-pipeline/airflow_venv/lib/python3.11/site-packages/airflow/example_dags/example_inlet_event_extra.py
[2026-03-18T07:45:11.617+0000] {logging_mixin.py:190} INFO - [2026-03-18T07:45:11.616+0000] {dag.py:3239} INFO - Sync 2 DAGs
[2026-03-18T07:45:11.640+0000] {logging_mixin.py:190} INFO - [2026-03-18T07:45:11.640+0000] {dag.py:4180} INFO - Setting next_dagrun for read_dataset_event to 2026-03-17 00:00:00+00:00, run_after=2026-03-18 00:00:00+00:00
[2026-03-18T07:45:11.645+0000] {logging_mixin.py:190} INFO - [2026-03-18T07:45:11.644+0000] {dag.py:4180} INFO - Setting next_dagrun for read_dataset_event_from_classic to 2026-03-17 00:00:00+00:00, run_after=2026-03-18 00:00:00+00:00
[2026-03-18T07:45:11.673+0000] {processor.py:208} INFO - Processing /home/komal/data-engineering-projects/airflow-spark-pipeline/airflow_venv/lib/python3.11/site-packages/airflow/example_dags/example_inlet_event_extra.py took 0.149 seconds
[2026-03-18T07:46:22.467+0000] {processor.py:186} INFO - Started process (PID=34083) to work on /home/komal/data-engineering-projects/airflow-spark-pipeline/airflow_venv/lib/python3.11/site-packages/airflow/example_dags/example_inlet_event_extra.py
[2026-03-18T07:46:22.481+0000] {processor.py:914} INFO - Processing file /home/komal/data-engineering-projects/airflow-spark-pipeline/airflow_venv/lib/python3.11/site-packages/airflow/example_dags/example_inlet_event_extra.py for tasks to queue
[2026-03-18T07:46:22.485+0000] {logging_mixin.py:190} INFO - [2026-03-18T07:46:22.485+0000] {dagbag.py:588} INFO - Filling up the DagBag from /home/komal/data-engineering-projects/airflow-spark-pipeline/airflow_venv/lib/python3.11/site-packages/airflow/example_dags/example_inlet_event_extra.py
[2026-03-18T07:46:22.503+0000] {processor.py:925} INFO - DAG(s) 'read_dataset_event_from_classic', 'read_dataset_event' retrieved from /home/komal/data-engineering-projects/airflow-spark-pipeline/airflow_venv/lib/python3.11/site-packages/airflow/example_dags/example_inlet_event_extra.py
[2026-03-18T07:46:22.523+0000] {logging_mixin.py:190} INFO - [2026-03-18T07:46:22.523+0000] {dag.py:3239} INFO - Sync 2 DAGs
[2026-03-18T07:46:22.547+0000] {logging_mixin.py:190} INFO - [2026-03-18T07:46:22.547+0000] {dag.py:4180} INFO - Setting next_dagrun for read_dataset_event to 2026-03-17 00:00:00+00:00, run_after=2026-03-18 00:00:00+00:00
[2026-03-18T07:46:22.551+0000] {logging_mixin.py:190} INFO - [2026-03-18T07:46:22.551+0000] {dag.py:4180} INFO - Setting next_dagrun for read_dataset_event_from_classic to 2026-03-17 00:00:00+00:00, run_after=2026-03-18 00:00:00+00:00
[2026-03-18T07:46:22.579+0000] {processor.py:208} INFO - Processing /home/komal/data-engineering-projects/airflow-spark-pipeline/airflow_venv/lib/python3.11/site-packages/airflow/example_dags/example_inlet_event_extra.py took 0.121 seconds
[2026-03-18T07:49:39.278+0000] {processor.py:186} INFO - Started process (PID=34184) to work on /home/komal/data-engineering-projects/airflow-spark-pipeline/airflow_venv/lib/python3.11/site-packages/airflow/example_dags/example_inlet_event_extra.py
[2026-03-18T07:49:39.310+0000] {processor.py:914} INFO - Processing file /home/komal/data-engineering-projects/airflow-spark-pipeline/airflow_venv/lib/python3.11/site-packages/airflow/example_dags/example_inlet_event_extra.py for tasks to queue
[2026-03-18T07:49:39.315+0000] {logging_mixin.py:190} INFO - [2026-03-18T07:49:39.314+0000] {dagbag.py:588} INFO - Filling up the DagBag from /home/komal/data-engineering-projects/airflow-spark-pipeline/airflow_venv/lib/python3.11/site-packages/airflow/example_dags/example_inlet_event_extra.py
[2026-03-18T07:49:39.334+0000] {processor.py:925} INFO - DAG(s) 'read_dataset_event_from_classic', 'read_dataset_event' retrieved from /home/komal/data-engineering-projects/airflow-spark-pipeline/airflow_venv/lib/python3.11/site-packages/airflow/example_dags/example_inlet_event_extra.py
[2026-03-18T07:49:39.352+0000] {logging_mixin.py:190} INFO - [2026-03-18T07:49:39.351+0000] {dag.py:3239} INFO - Sync 2 DAGs
[2026-03-18T07:49:39.380+0000] {logging_mixin.py:190} INFO - [2026-03-18T07:49:39.379+0000] {dag.py:4180} INFO - Setting next_dagrun for read_dataset_event to 2026-03-17 00:00:00+00:00, run_after=2026-03-18 00:00:00+00:00
[2026-03-18T07:49:39.385+0000] {logging_mixin.py:190} INFO - [2026-03-18T07:49:39.384+0000] {dag.py:4180} INFO - Setting next_dagrun for read_dataset_event_from_classic to 2026-03-17 00:00:00+00:00, run_after=2026-03-18 00:00:00+00:00
[2026-03-18T07:49:39.413+0000] {processor.py:208} INFO - Processing /home/komal/data-engineering-projects/airflow-spark-pipeline/airflow_venv/lib/python3.11/site-packages/airflow/example_dags/example_inlet_event_extra.py took 0.146 seconds
[2026-03-18T07:50:49.259+0000] {processor.py:186} INFO - Started process (PID=34268) to work on /home/komal/data-engineering-projects/airflow-spark-pipeline/airflow_venv/lib/python3.11/site-packages/airflow/example_dags/example_inlet_event_extra.py
[2026-03-18T07:50:49.263+0000] {processor.py:914} INFO - Processing file /home/komal/data-engineering-projects/airflow-spark-pipeline/airflow_venv/lib/python3.11/site-packages/airflow/example_dags/example_inlet_event_extra.py for tasks to queue
[2026-03-18T07:50:49.267+0000] {logging_mixin.py:190} INFO - [2026-03-18T07:50:49.267+0000] {dagbag.py:588} INFO - Filling up the DagBag from /home/komal/data-engineering-projects/airflow-spark-pipeline/airflow_venv/lib/python3.11/site-packages/airflow/example_dags/example_inlet_event_extra.py
[2026-03-18T07:50:49.284+0000] {processor.py:925} INFO - DAG(s) 'read_dataset_event', 'read_dataset_event_from_classic' retrieved from /home/komal/data-engineering-projects/airflow-spark-pipeline/airflow_venv/lib/python3.11/site-packages/airflow/example_dags/example_inlet_event_extra.py
[2026-03-18T07:50:49.306+0000] {logging_mixin.py:190} INFO - [2026-03-18T07:50:49.306+0000] {dag.py:3239} INFO - Sync 2 DAGs
[2026-03-18T07:50:49.339+0000] {logging_mixin.py:190} INFO - [2026-03-18T07:50:49.339+0000] {dag.py:4180} INFO - Setting next_dagrun for read_dataset_event to 2026-03-17 00:00:00+00:00, run_after=2026-03-18 00:00:00+00:00
[2026-03-18T07:50:49.345+0000] {logging_mixin.py:190} INFO - [2026-03-18T07:50:49.344+0000] {dag.py:4180} INFO - Setting next_dagrun for read_dataset_event_from_classic to 2026-03-17 00:00:00+00:00, run_after=2026-03-18 00:00:00+00:00
[2026-03-18T07:50:49.376+0000] {processor.py:208} INFO - Processing /home/komal/data-engineering-projects/airflow-spark-pipeline/airflow_venv/lib/python3.11/site-packages/airflow/example_dags/example_inlet_event_extra.py took 0.126 seconds
[2026-03-18T07:52:03.703+0000] {processor.py:186} INFO - Started process (PID=34344) to work on /home/komal/data-engineering-projects/airflow-spark-pipeline/airflow_venv/lib/python3.11/site-packages/airflow/example_dags/example_inlet_event_extra.py
[2026-03-18T07:52:03.738+0000] {processor.py:914} INFO - Processing file /home/komal/data-engineering-projects/airflow-spark-pipeline/airflow_venv/lib/python3.11/site-packages/airflow/example_dags/example_inlet_event_extra.py for tasks to queue
[2026-03-18T07:52:03.744+0000] {logging_mixin.py:190} INFO - [2026-03-18T07:52:03.743+0000] {dagbag.py:588} INFO - Filling up the DagBag from /home/komal/data-engineering-projects/airflow-spark-pipeline/airflow_venv/lib/python3.11/site-packages/airflow/example_dags/example_inlet_event_extra.py
[2026-03-18T07:52:03.765+0000] {processor.py:925} INFO - DAG(s) 'read_dataset_event', 'read_dataset_event_from_classic' retrieved from /home/komal/data-engineering-projects/airflow-spark-pipeline/airflow_venv/lib/python3.11/site-packages/airflow/example_dags/example_inlet_event_extra.py
[2026-03-18T07:52:03.788+0000] {logging_mixin.py:190} INFO - [2026-03-18T07:52:03.788+0000] {dag.py:3239} INFO - Sync 2 DAGs
[2026-03-18T07:52:03.817+0000] {logging_mixin.py:190} INFO - [2026-03-18T07:52:03.816+0000] {dag.py:4180} INFO - Setting next_dagrun for read_dataset_event to 2026-03-17 00:00:00+00:00, run_after=2026-03-18 00:00:00+00:00
[2026-03-18T07:52:03.821+0000] {logging_mixin.py:190} INFO - [2026-03-18T07:52:03.821+0000] {dag.py:4180} INFO - Setting next_dagrun for read_dataset_event_from_classic to 2026-03-17 00:00:00+00:00, run_after=2026-03-18 00:00:00+00:00
[2026-03-18T07:52:03.854+0000] {processor.py:208} INFO - Processing /home/komal/data-engineering-projects/airflow-spark-pipeline/airflow_venv/lib/python3.11/site-packages/airflow/example_dags/example_inlet_event_extra.py took 0.162 seconds
[2026-03-18T07:53:29.455+0000] {processor.py:186} INFO - Started process (PID=34423) to work on /home/komal/data-engineering-projects/airflow-spark-pipeline/airflow_venv/lib/python3.11/site-packages/airflow/example_dags/example_inlet_event_extra.py
[2026-03-18T07:53:29.488+0000] {processor.py:914} INFO - Processing file /home/komal/data-engineering-projects/airflow-spark-pipeline/airflow_venv/lib/python3.11/site-packages/airflow/example_dags/example_inlet_event_extra.py for tasks to queue
[2026-03-18T07:53:29.492+0000] {logging_mixin.py:190} INFO - [2026-03-18T07:53:29.491+0000] {dagbag.py:588} INFO - Filling up the DagBag from /home/komal/data-engineering-projects/airflow-spark-pipeline/airflow_venv/lib/python3.11/site-packages/airflow/example_dags/example_inlet_event_extra.py
[2026-03-18T07:53:29.512+0000] {processor.py:925} INFO - DAG(s) 'read_dataset_event', 'read_dataset_event_from_classic' retrieved from /home/komal/data-engineering-projects/airflow-spark-pipeline/airflow_venv/lib/python3.11/site-packages/airflow/example_dags/example_inlet_event_extra.py
[2026-03-18T07:53:29.532+0000] {logging_mixin.py:190} INFO - [2026-03-18T07:53:29.532+0000] {dag.py:3239} INFO - Sync 2 DAGs
[2026-03-18T07:53:29.561+0000] {logging_mixin.py:190} INFO - [2026-03-18T07:53:29.561+0000] {dag.py:4180} INFO - Setting next_dagrun for read_dataset_event to 2026-03-17 00:00:00+00:00, run_after=2026-03-18 00:00:00+00:00
[2026-03-18T07:53:29.566+0000] {logging_mixin.py:190} INFO - [2026-03-18T07:53:29.566+0000] {dag.py:4180} INFO - Setting next_dagrun for read_dataset_event_from_classic to 2026-03-17 00:00:00+00:00, run_after=2026-03-18 00:00:00+00:00
[2026-03-18T07:53:29.602+0000] {processor.py:208} INFO - Processing /home/komal/data-engineering-projects/airflow-spark-pipeline/airflow_venv/lib/python3.11/site-packages/airflow/example_dags/example_inlet_event_extra.py took 0.158 seconds
[2026-03-18T07:55:32.704+0000] {processor.py:186} INFO - Started process (PID=34761) to work on /home/komal/data-engineering-projects/airflow-spark-pipeline/airflow_venv/lib/python3.11/site-packages/airflow/example_dags/example_inlet_event_extra.py
[2026-03-18T07:55:32.708+0000] {processor.py:914} INFO - Processing file /home/komal/data-engineering-projects/airflow-spark-pipeline/airflow_venv/lib/python3.11/site-packages/airflow/example_dags/example_inlet_event_extra.py for tasks to queue
[2026-03-18T07:55:32.710+0000] {logging_mixin.py:190} INFO - [2026-03-18T07:55:32.710+0000] {dagbag.py:588} INFO - Filling up the DagBag from /home/komal/data-engineering-projects/airflow-spark-pipeline/airflow_venv/lib/python3.11/site-packages/airflow/example_dags/example_inlet_event_extra.py
[2026-03-18T07:55:32.731+0000] {processor.py:925} INFO - DAG(s) 'read_dataset_event_from_classic', 'read_dataset_event' retrieved from /home/komal/data-engineering-projects/airflow-spark-pipeline/airflow_venv/lib/python3.11/site-packages/airflow/example_dags/example_inlet_event_extra.py
[2026-03-18T07:55:32.760+0000] {logging_mixin.py:190} INFO - [2026-03-18T07:55:32.759+0000] {dag.py:3239} INFO - Sync 2 DAGs
[2026-03-18T07:55:32.787+0000] {logging_mixin.py:190} INFO - [2026-03-18T07:55:32.787+0000] {dag.py:4180} INFO - Setting next_dagrun for read_dataset_event to 2026-03-17 00:00:00+00:00, run_after=2026-03-18 00:00:00+00:00
[2026-03-18T07:55:32.792+0000] {logging_mixin.py:190} INFO - [2026-03-18T07:55:32.792+0000] {dag.py:4180} INFO - Setting next_dagrun for read_dataset_event_from_classic to 2026-03-17 00:00:00+00:00, run_after=2026-03-18 00:00:00+00:00
[2026-03-18T07:55:32.827+0000] {processor.py:208} INFO - Processing /home/komal/data-engineering-projects/airflow-spark-pipeline/airflow_venv/lib/python3.11/site-packages/airflow/example_dags/example_inlet_event_extra.py took 0.133 seconds
[2026-03-18T07:56:44.599+0000] {processor.py:186} INFO - Started process (PID=34905) to work on /home/komal/data-engineering-projects/airflow-spark-pipeline/airflow_venv/lib/python3.11/site-packages/airflow/example_dags/example_inlet_event_extra.py
[2026-03-18T07:56:44.633+0000] {processor.py:914} INFO - Processing file /home/komal/data-engineering-projects/airflow-spark-pipeline/airflow_venv/lib/python3.11/site-packages/airflow/example_dags/example_inlet_event_extra.py for tasks to queue
[2026-03-18T07:56:44.638+0000] {logging_mixin.py:190} INFO - [2026-03-18T07:56:44.637+0000] {dagbag.py:588} INFO - Filling up the DagBag from /home/komal/data-engineering-projects/airflow-spark-pipeline/airflow_venv/lib/python3.11/site-packages/airflow/example_dags/example_inlet_event_extra.py
[2026-03-18T07:56:44.660+0000] {processor.py:925} INFO - DAG(s) 'read_dataset_event_from_classic', 'read_dataset_event' retrieved from /home/komal/data-engineering-projects/airflow-spark-pipeline/airflow_venv/lib/python3.11/site-packages/airflow/example_dags/example_inlet_event_extra.py
[2026-03-18T07:56:44.685+0000] {logging_mixin.py:190} INFO - [2026-03-18T07:56:44.685+0000] {dag.py:3239} INFO - Sync 2 DAGs
[2026-03-18T07:56:44.713+0000] {logging_mixin.py:190} INFO - [2026-03-18T07:56:44.713+0000] {dag.py:4180} INFO - Setting next_dagrun for read_dataset_event to 2026-03-17 00:00:00+00:00, run_after=2026-03-18 00:00:00+00:00
[2026-03-18T07:56:44.719+0000] {logging_mixin.py:190} INFO - [2026-03-18T07:56:44.719+0000] {dag.py:4180} INFO - Setting next_dagrun for read_dataset_event_from_classic to 2026-03-17 00:00:00+00:00, run_after=2026-03-18 00:00:00+00:00
[2026-03-18T07:56:44.757+0000] {processor.py:208} INFO - Processing /home/komal/data-engineering-projects/airflow-spark-pipeline/airflow_venv/lib/python3.11/site-packages/airflow/example_dags/example_inlet_event_extra.py took 0.170 seconds
[2026-03-18T08:05:29.895+0000] {processor.py:186} INFO - Started process (PID=34975) to work on /home/komal/data-engineering-projects/airflow-spark-pipeline/airflow_venv/lib/python3.11/site-packages/airflow/example_dags/example_inlet_event_extra.py
[2026-03-18T08:05:29.911+0000] {processor.py:914} INFO - Processing file /home/komal/data-engineering-projects/airflow-spark-pipeline/airflow_venv/lib/python3.11/site-packages/airflow/example_dags/example_inlet_event_extra.py for tasks to queue
[2026-03-18T08:05:29.914+0000] {logging_mixin.py:190} INFO - [2026-03-18T08:05:29.914+0000] {dagbag.py:588} INFO - Filling up the DagBag from /home/komal/data-engineering-projects/airflow-spark-pipeline/airflow_venv/lib/python3.11/site-packages/airflow/example_dags/example_inlet_event_extra.py
[2026-03-18T08:05:29.937+0000] {processor.py:925} INFO - DAG(s) 'read_dataset_event_from_classic', 'read_dataset_event' retrieved from /home/komal/data-engineering-projects/airflow-spark-pipeline/airflow_venv/lib/python3.11/site-packages/airflow/example_dags/example_inlet_event_extra.py
[2026-03-18T08:05:29.958+0000] {logging_mixin.py:190} INFO - [2026-03-18T08:05:29.958+0000] {dag.py:3239} INFO - Sync 2 DAGs
[2026-03-18T08:05:29.982+0000] {logging_mixin.py:190} INFO - [2026-03-18T08:05:29.982+0000] {dag.py:4180} INFO - Setting next_dagrun for read_dataset_event to 2026-03-17 00:00:00+00:00, run_after=2026-03-18 00:00:00+00:00
[2026-03-18T08:05:29.987+0000] {logging_mixin.py:190} INFO - [2026-03-18T08:05:29.987+0000] {dag.py:4180} INFO - Setting next_dagrun for read_dataset_event_from_classic to 2026-03-17 00:00:00+00:00, run_after=2026-03-18 00:00:00+00:00
[2026-03-18T08:05:30.018+0000] {processor.py:208} INFO - Processing /home/komal/data-engineering-projects/airflow-spark-pipeline/airflow_venv/lib/python3.11/site-packages/airflow/example_dags/example_inlet_event_extra.py took 0.133 seconds
[2026-03-18T08:06:39.331+0000] {processor.py:186} INFO - Started process (PID=35041) to work on /home/komal/data-engineering-projects/airflow-spark-pipeline/airflow_venv/lib/python3.11/site-packages/airflow/example_dags/example_inlet_event_extra.py
[2026-03-18T08:06:39.366+0000] {processor.py:914} INFO - Processing file /home/komal/data-engineering-projects/airflow-spark-pipeline/airflow_venv/lib/python3.11/site-packages/airflow/example_dags/example_inlet_event_extra.py for tasks to queue
[2026-03-18T08:06:39.370+0000] {logging_mixin.py:190} INFO - [2026-03-18T08:06:39.370+0000] {dagbag.py:588} INFO - Filling up the DagBag from /home/komal/data-engineering-projects/airflow-spark-pipeline/airflow_venv/lib/python3.11/site-packages/airflow/example_dags/example_inlet_event_extra.py
[2026-03-18T08:06:39.393+0000] {processor.py:925} INFO - DAG(s) 'read_dataset_event_from_classic', 'read_dataset_event' retrieved from /home/komal/data-engineering-projects/airflow-spark-pipeline/airflow_venv/lib/python3.11/site-packages/airflow/example_dags/example_inlet_event_extra.py
[2026-03-18T08:06:39.426+0000] {logging_mixin.py:190} INFO - [2026-03-18T08:06:39.426+0000] {dag.py:3239} INFO - Sync 2 DAGs
[2026-03-18T08:06:39.461+0000] {logging_mixin.py:190} INFO - [2026-03-18T08:06:39.460+0000] {dag.py:4180} INFO - Setting next_dagrun for read_dataset_event to 2026-03-17 00:00:00+00:00, run_after=2026-03-18 00:00:00+00:00
[2026-03-18T08:06:39.466+0000] {logging_mixin.py:190} INFO - [2026-03-18T08:06:39.466+0000] {dag.py:4180} INFO - Setting next_dagrun for read_dataset_event_from_classic to 2026-03-17 00:00:00+00:00, run_after=2026-03-18 00:00:00+00:00
[2026-03-18T08:06:39.722+0000] {processor.py:208} INFO - Processing /home/komal/data-engineering-projects/airflow-spark-pipeline/airflow_venv/lib/python3.11/site-packages/airflow/example_dags/example_inlet_event_extra.py took 0.405 seconds
[2026-03-18T08:07:57.387+0000] {processor.py:186} INFO - Started process (PID=35109) to work on /home/komal/data-engineering-projects/airflow-spark-pipeline/airflow_venv/lib/python3.11/site-packages/airflow/example_dags/example_inlet_event_extra.py
[2026-03-18T08:07:57.419+0000] {processor.py:914} INFO - Processing file /home/komal/data-engineering-projects/airflow-spark-pipeline/airflow_venv/lib/python3.11/site-packages/airflow/example_dags/example_inlet_event_extra.py for tasks to queue
[2026-03-18T08:07:57.424+0000] {logging_mixin.py:190} INFO - [2026-03-18T08:07:57.423+0000] {dagbag.py:588} INFO - Filling up the DagBag from /home/komal/data-engineering-projects/airflow-spark-pipeline/airflow_venv/lib/python3.11/site-packages/airflow/example_dags/example_inlet_event_extra.py
[2026-03-18T08:07:57.444+0000] {processor.py:925} INFO - DAG(s) 'read_dataset_event', 'read_dataset_event_from_classic' retrieved from /home/komal/data-engineering-projects/airflow-spark-pipeline/airflow_venv/lib/python3.11/site-packages/airflow/example_dags/example_inlet_event_extra.py
[2026-03-18T08:07:57.467+0000] {logging_mixin.py:190} INFO - [2026-03-18T08:07:57.466+0000] {dag.py:3239} INFO - Sync 2 DAGs
[2026-03-18T08:07:57.496+0000] {logging_mixin.py:190} INFO - [2026-03-18T08:07:57.495+0000] {dag.py:4180} INFO - Setting next_dagrun for read_dataset_event to 2026-03-17 00:00:00+00:00, run_after=2026-03-18 00:00:00+00:00
[2026-03-18T08:07:57.501+0000] {logging_mixin.py:190} INFO - [2026-03-18T08:07:57.500+0000] {dag.py:4180} INFO - Setting next_dagrun for read_dataset_event_from_classic to 2026-03-17 00:00:00+00:00, run_after=2026-03-18 00:00:00+00:00
[2026-03-18T08:07:57.533+0000] {processor.py:208} INFO - Processing /home/komal/data-engineering-projects/airflow-spark-pipeline/airflow_venv/lib/python3.11/site-packages/airflow/example_dags/example_inlet_event_extra.py took 0.158 seconds
[2026-03-18T08:09:09.512+0000] {processor.py:186} INFO - Started process (PID=35177) to work on /home/komal/data-engineering-projects/airflow-spark-pipeline/airflow_venv/lib/python3.11/site-packages/airflow/example_dags/example_inlet_event_extra.py
[2026-03-18T08:09:09.545+0000] {processor.py:914} INFO - Processing file /home/komal/data-engineering-projects/airflow-spark-pipeline/airflow_venv/lib/python3.11/site-packages/airflow/example_dags/example_inlet_event_extra.py for tasks to queue
[2026-03-18T08:09:09.548+0000] {logging_mixin.py:190} INFO - [2026-03-18T08:09:09.548+0000] {dagbag.py:588} INFO - Filling up the DagBag from /home/komal/data-engineering-projects/airflow-spark-pipeline/airflow_venv/lib/python3.11/site-packages/airflow/example_dags/example_inlet_event_extra.py
[2026-03-18T08:09:09.567+0000] {processor.py:925} INFO - DAG(s) 'read_dataset_event', 'read_dataset_event_from_classic' retrieved from /home/komal/data-engineering-projects/airflow-spark-pipeline/airflow_venv/lib/python3.11/site-packages/airflow/example_dags/example_inlet_event_extra.py
[2026-03-18T08:09:09.591+0000] {logging_mixin.py:190} INFO - [2026-03-18T08:09:09.590+0000] {dag.py:3239} INFO - Sync 2 DAGs
[2026-03-18T08:09:09.623+0000] {logging_mixin.py:190} INFO - [2026-03-18T08:09:09.623+0000] {dag.py:4180} INFO - Setting next_dagrun for read_dataset_event to 2026-03-17 00:00:00+00:00, run_after=2026-03-18 00:00:00+00:00
[2026-03-18T08:09:09.628+0000] {logging_mixin.py:190} INFO - [2026-03-18T08:09:09.628+0000] {dag.py:4180} INFO - Setting next_dagrun for read_dataset_event_from_classic to 2026-03-17 00:00:00+00:00, run_after=2026-03-18 00:00:00+00:00
[2026-03-18T08:09:09.667+0000] {processor.py:208} INFO - Processing /home/komal/data-engineering-projects/airflow-spark-pipeline/airflow_venv/lib/python3.11/site-packages/airflow/example_dags/example_inlet_event_extra.py took 0.163 seconds
[2026-03-18T08:10:23.482+0000] {processor.py:186} INFO - Started process (PID=35246) to work on /home/komal/data-engineering-projects/airflow-spark-pipeline/airflow_venv/lib/python3.11/site-packages/airflow/example_dags/example_inlet_event_extra.py
[2026-03-18T08:10:23.514+0000] {processor.py:914} INFO - Processing file /home/komal/data-engineering-projects/airflow-spark-pipeline/airflow_venv/lib/python3.11/site-packages/airflow/example_dags/example_inlet_event_extra.py for tasks to queue
[2026-03-18T08:10:23.519+0000] {logging_mixin.py:190} INFO - [2026-03-18T08:10:23.518+0000] {dagbag.py:588} INFO - Filling up the DagBag from /home/komal/data-engineering-projects/airflow-spark-pipeline/airflow_venv/lib/python3.11/site-packages/airflow/example_dags/example_inlet_event_extra.py
[2026-03-18T08:10:23.542+0000] {processor.py:925} INFO - DAG(s) 'read_dataset_event_from_classic', 'read_dataset_event' retrieved from /home/komal/data-engineering-projects/airflow-spark-pipeline/airflow_venv/lib/python3.11/site-packages/airflow/example_dags/example_inlet_event_extra.py
[2026-03-18T08:10:23.566+0000] {logging_mixin.py:190} INFO - [2026-03-18T08:10:23.565+0000] {dag.py:3239} INFO - Sync 2 DAGs
[2026-03-18T08:10:23.594+0000] {logging_mixin.py:190} INFO - [2026-03-18T08:10:23.594+0000] {dag.py:4180} INFO - Setting next_dagrun for read_dataset_event to 2026-03-17 00:00:00+00:00, run_after=2026-03-18 00:00:00+00:00
[2026-03-18T08:10:23.599+0000] {logging_mixin.py:190} INFO - [2026-03-18T08:10:23.598+0000] {dag.py:4180} INFO - Setting next_dagrun for read_dataset_event_from_classic to 2026-03-17 00:00:00+00:00, run_after=2026-03-18 00:00:00+00:00
[2026-03-18T08:10:23.629+0000] {processor.py:208} INFO - Processing /home/komal/data-engineering-projects/airflow-spark-pipeline/airflow_venv/lib/python3.11/site-packages/airflow/example_dags/example_inlet_event_extra.py took 0.158 seconds
[2026-03-18T08:11:36.797+0000] {processor.py:186} INFO - Started process (PID=35318) to work on /home/komal/data-engineering-projects/airflow-spark-pipeline/airflow_venv/lib/python3.11/site-packages/airflow/example_dags/example_inlet_event_extra.py
[2026-03-18T08:11:36.831+0000] {processor.py:914} INFO - Processing file /home/komal/data-engineering-projects/airflow-spark-pipeline/airflow_venv/lib/python3.11/site-packages/airflow/example_dags/example_inlet_event_extra.py for tasks to queue
[2026-03-18T08:11:36.836+0000] {logging_mixin.py:190} INFO - [2026-03-18T08:11:36.835+0000] {dagbag.py:588} INFO - Filling up the DagBag from /home/komal/data-engineering-projects/airflow-spark-pipeline/airflow_venv/lib/python3.11/site-packages/airflow/example_dags/example_inlet_event_extra.py
[2026-03-18T08:11:36.857+0000] {processor.py:925} INFO - DAG(s) 'read_dataset_event_from_classic', 'read_dataset_event' retrieved from /home/komal/data-engineering-projects/airflow-spark-pipeline/airflow_venv/lib/python3.11/site-packages/airflow/example_dags/example_inlet_event_extra.py
[2026-03-18T08:11:36.878+0000] {logging_mixin.py:190} INFO - [2026-03-18T08:11:36.878+0000] {dag.py:3239} INFO - Sync 2 DAGs
[2026-03-18T08:11:36.913+0000] {logging_mixin.py:190} INFO - [2026-03-18T08:11:36.912+0000] {dag.py:4180} INFO - Setting next_dagrun for read_dataset_event to 2026-03-17 00:00:00+00:00, run_after=2026-03-18 00:00:00+00:00
[2026-03-18T08:11:36.918+0000] {logging_mixin.py:190} INFO - [2026-03-18T08:11:36.918+0000] {dag.py:4180} INFO - Setting next_dagrun for read_dataset_event_from_classic to 2026-03-17 00:00:00+00:00, run_after=2026-03-18 00:00:00+00:00
[2026-03-18T08:11:36.968+0000] {processor.py:208} INFO - Processing /home/komal/data-engineering-projects/airflow-spark-pipeline/airflow_venv/lib/python3.11/site-packages/airflow/example_dags/example_inlet_event_extra.py took 0.181 seconds
[2026-03-18T08:12:49.999+0000] {processor.py:186} INFO - Started process (PID=35449) to work on /home/komal/data-engineering-projects/airflow-spark-pipeline/airflow_venv/lib/python3.11/site-packages/airflow/example_dags/example_inlet_event_extra.py
[2026-03-18T08:12:50.031+0000] {processor.py:914} INFO - Processing file /home/komal/data-engineering-projects/airflow-spark-pipeline/airflow_venv/lib/python3.11/site-packages/airflow/example_dags/example_inlet_event_extra.py for tasks to queue
[2026-03-18T08:12:50.035+0000] {logging_mixin.py:190} INFO - [2026-03-18T08:12:50.034+0000] {dagbag.py:588} INFO - Filling up the DagBag from /home/komal/data-engineering-projects/airflow-spark-pipeline/airflow_venv/lib/python3.11/site-packages/airflow/example_dags/example_inlet_event_extra.py
[2026-03-18T08:12:50.056+0000] {processor.py:925} INFO - DAG(s) 'read_dataset_event_from_classic', 'read_dataset_event' retrieved from /home/komal/data-engineering-projects/airflow-spark-pipeline/airflow_venv/lib/python3.11/site-packages/airflow/example_dags/example_inlet_event_extra.py
[2026-03-18T08:12:50.080+0000] {logging_mixin.py:190} INFO - [2026-03-18T08:12:50.080+0000] {dag.py:3239} INFO - Sync 2 DAGs
[2026-03-18T08:12:50.108+0000] {logging_mixin.py:190} INFO - [2026-03-18T08:12:50.108+0000] {dag.py:4180} INFO - Setting next_dagrun for read_dataset_event to 2026-03-17 00:00:00+00:00, run_after=2026-03-18 00:00:00+00:00
[2026-03-18T08:12:50.113+0000] {logging_mixin.py:190} INFO - [2026-03-18T08:12:50.112+0000] {dag.py:4180} INFO - Setting next_dagrun for read_dataset_event_from_classic to 2026-03-17 00:00:00+00:00, run_after=2026-03-18 00:00:00+00:00
[2026-03-18T08:12:50.144+0000] {processor.py:208} INFO - Processing /home/komal/data-engineering-projects/airflow-spark-pipeline/airflow_venv/lib/python3.11/site-packages/airflow/example_dags/example_inlet_event_extra.py took 0.155 seconds
[2026-03-18T08:15:01.562+0000] {processor.py:186} INFO - Started process (PID=35759) to work on /home/komal/data-engineering-projects/airflow-spark-pipeline/airflow_venv/lib/python3.11/site-packages/airflow/example_dags/example_inlet_event_extra.py
[2026-03-18T08:15:01.565+0000] {processor.py:914} INFO - Processing file /home/komal/data-engineering-projects/airflow-spark-pipeline/airflow_venv/lib/python3.11/site-packages/airflow/example_dags/example_inlet_event_extra.py for tasks to queue
[2026-03-18T08:15:01.567+0000] {logging_mixin.py:190} INFO - [2026-03-18T08:15:01.566+0000] {dagbag.py:588} INFO - Filling up the DagBag from /home/komal/data-engineering-projects/airflow-spark-pipeline/airflow_venv/lib/python3.11/site-packages/airflow/example_dags/example_inlet_event_extra.py
[2026-03-18T08:15:01.582+0000] {processor.py:925} INFO - DAG(s) 'read_dataset_event_from_classic', 'read_dataset_event' retrieved from /home/komal/data-engineering-projects/airflow-spark-pipeline/airflow_venv/lib/python3.11/site-packages/airflow/example_dags/example_inlet_event_extra.py
[2026-03-18T08:15:01.602+0000] {logging_mixin.py:190} INFO - [2026-03-18T08:15:01.602+0000] {dag.py:3239} INFO - Sync 2 DAGs
[2026-03-18T08:15:01.624+0000] {logging_mixin.py:190} INFO - [2026-03-18T08:15:01.624+0000] {dag.py:4180} INFO - Setting next_dagrun for read_dataset_event to 2026-03-17 00:00:00+00:00, run_after=2026-03-18 00:00:00+00:00
[2026-03-18T08:15:01.628+0000] {logging_mixin.py:190} INFO - [2026-03-18T08:15:01.628+0000] {dag.py:4180} INFO - Setting next_dagrun for read_dataset_event_from_classic to 2026-03-17 00:00:00+00:00, run_after=2026-03-18 00:00:00+00:00
[2026-03-18T08:15:01.655+0000] {processor.py:208} INFO - Processing /home/komal/data-engineering-projects/airflow-spark-pipeline/airflow_venv/lib/python3.11/site-packages/airflow/example_dags/example_inlet_event_extra.py took 0.101 seconds
[2026-03-18T08:16:11.376+0000] {processor.py:186} INFO - Started process (PID=35824) to work on /home/komal/data-engineering-projects/airflow-spark-pipeline/airflow_venv/lib/python3.11/site-packages/airflow/example_dags/example_inlet_event_extra.py
[2026-03-18T08:16:11.409+0000] {processor.py:914} INFO - Processing file /home/komal/data-engineering-projects/airflow-spark-pipeline/airflow_venv/lib/python3.11/site-packages/airflow/example_dags/example_inlet_event_extra.py for tasks to queue
[2026-03-18T08:16:11.413+0000] {logging_mixin.py:190} INFO - [2026-03-18T08:16:11.412+0000] {dagbag.py:588} INFO - Filling up the DagBag from /home/komal/data-engineering-projects/airflow-spark-pipeline/airflow_venv/lib/python3.11/site-packages/airflow/example_dags/example_inlet_event_extra.py
[2026-03-18T08:16:11.433+0000] {processor.py:925} INFO - DAG(s) 'read_dataset_event_from_classic', 'read_dataset_event' retrieved from /home/komal/data-engineering-projects/airflow-spark-pipeline/airflow_venv/lib/python3.11/site-packages/airflow/example_dags/example_inlet_event_extra.py
[2026-03-18T08:16:11.453+0000] {logging_mixin.py:190} INFO - [2026-03-18T08:16:11.453+0000] {dag.py:3239} INFO - Sync 2 DAGs
[2026-03-18T08:16:11.488+0000] {logging_mixin.py:190} INFO - [2026-03-18T08:16:11.487+0000] {dag.py:4180} INFO - Setting next_dagrun for read_dataset_event to 2026-03-17 00:00:00+00:00, run_after=2026-03-18 00:00:00+00:00
[2026-03-18T08:16:11.492+0000] {logging_mixin.py:190} INFO - [2026-03-18T08:16:11.492+0000] {dag.py:4180} INFO - Setting next_dagrun for read_dataset_event_from_classic to 2026-03-17 00:00:00+00:00, run_after=2026-03-18 00:00:00+00:00
[2026-03-18T08:16:11.523+0000] {processor.py:208} INFO - Processing /home/komal/data-engineering-projects/airflow-spark-pipeline/airflow_venv/lib/python3.11/site-packages/airflow/example_dags/example_inlet_event_extra.py took 0.160 seconds
[2026-03-18T08:17:29.367+0000] {processor.py:186} INFO - Started process (PID=35897) to work on /home/komal/data-engineering-projects/airflow-spark-pipeline/airflow_venv/lib/python3.11/site-packages/airflow/example_dags/example_inlet_event_extra.py
[2026-03-18T08:17:29.399+0000] {processor.py:914} INFO - Processing file /home/komal/data-engineering-projects/airflow-spark-pipeline/airflow_venv/lib/python3.11/site-packages/airflow/example_dags/example_inlet_event_extra.py for tasks to queue
[2026-03-18T08:17:29.405+0000] {logging_mixin.py:190} INFO - [2026-03-18T08:17:29.405+0000] {dagbag.py:588} INFO - Filling up the DagBag from /home/komal/data-engineering-projects/airflow-spark-pipeline/airflow_venv/lib/python3.11/site-packages/airflow/example_dags/example_inlet_event_extra.py
[2026-03-18T08:17:29.426+0000] {processor.py:925} INFO - DAG(s) 'read_dataset_event', 'read_dataset_event_from_classic' retrieved from /home/komal/data-engineering-projects/airflow-spark-pipeline/airflow_venv/lib/python3.11/site-packages/airflow/example_dags/example_inlet_event_extra.py
[2026-03-18T08:17:29.452+0000] {logging_mixin.py:190} INFO - [2026-03-18T08:17:29.452+0000] {dag.py:3239} INFO - Sync 2 DAGs
[2026-03-18T08:17:29.479+0000] {logging_mixin.py:190} INFO - [2026-03-18T08:17:29.479+0000] {dag.py:4180} INFO - Setting next_dagrun for read_dataset_event to 2026-03-17 00:00:00+00:00, run_after=2026-03-18 00:00:00+00:00
[2026-03-18T08:17:29.484+0000] {logging_mixin.py:190} INFO - [2026-03-18T08:17:29.484+0000] {dag.py:4180} INFO - Setting next_dagrun for read_dataset_event_from_classic to 2026-03-17 00:00:00+00:00, run_after=2026-03-18 00:00:00+00:00
[2026-03-18T08:17:29.513+0000] {processor.py:208} INFO - Processing /home/komal/data-engineering-projects/airflow-spark-pipeline/airflow_venv/lib/python3.11/site-packages/airflow/example_dags/example_inlet_event_extra.py took 0.157 seconds
[2026-03-18T08:18:39.798+0000] {processor.py:186} INFO - Started process (PID=35973) to work on /home/komal/data-engineering-projects/airflow-spark-pipeline/airflow_venv/lib/python3.11/site-packages/airflow/example_dags/example_inlet_event_extra.py
[2026-03-18T08:18:39.799+0000] {processor.py:914} INFO - Processing file /home/komal/data-engineering-projects/airflow-spark-pipeline/airflow_venv/lib/python3.11/site-packages/airflow/example_dags/example_inlet_event_extra.py for tasks to queue
[2026-03-18T08:18:39.801+0000] {logging_mixin.py:190} INFO - [2026-03-18T08:18:39.800+0000] {dagbag.py:588} INFO - Filling up the DagBag from /home/komal/data-engineering-projects/airflow-spark-pipeline/airflow_venv/lib/python3.11/site-packages/airflow/example_dags/example_inlet_event_extra.py
[2026-03-18T08:18:39.810+0000] {processor.py:925} INFO - DAG(s) 'read_dataset_event', 'read_dataset_event_from_classic' retrieved from /home/komal/data-engineering-projects/airflow-spark-pipeline/airflow_venv/lib/python3.11/site-packages/airflow/example_dags/example_inlet_event_extra.py
[2026-03-18T08:18:39.822+0000] {logging_mixin.py:190} INFO - [2026-03-18T08:18:39.822+0000] {dag.py:3239} INFO - Sync 2 DAGs
[2026-03-18T08:18:39.838+0000] {logging_mixin.py:190} INFO - [2026-03-18T08:18:39.838+0000] {dag.py:4180} INFO - Setting next_dagrun for read_dataset_event to 2026-03-17 00:00:00+00:00, run_after=2026-03-18 00:00:00+00:00
[2026-03-18T08:18:39.840+0000] {logging_mixin.py:190} INFO - [2026-03-18T08:18:39.840+0000] {dag.py:4180} INFO - Setting next_dagrun for read_dataset_event_from_classic to 2026-03-17 00:00:00+00:00, run_after=2026-03-18 00:00:00+00:00
[2026-03-18T08:18:39.859+0000] {processor.py:208} INFO - Processing /home/komal/data-engineering-projects/airflow-spark-pipeline/airflow_venv/lib/python3.11/site-packages/airflow/example_dags/example_inlet_event_extra.py took 0.066 seconds
[2026-03-18T08:19:47.396+0000] {processor.py:186} INFO - Started process (PID=36041) to work on /home/komal/data-engineering-projects/airflow-spark-pipeline/airflow_venv/lib/python3.11/site-packages/airflow/example_dags/example_inlet_event_extra.py
[2026-03-18T08:19:47.403+0000] {processor.py:914} INFO - Processing file /home/komal/data-engineering-projects/airflow-spark-pipeline/airflow_venv/lib/python3.11/site-packages/airflow/example_dags/example_inlet_event_extra.py for tasks to queue
[2026-03-18T08:19:47.405+0000] {logging_mixin.py:190} INFO - [2026-03-18T08:19:47.404+0000] {dagbag.py:588} INFO - Filling up the DagBag from /home/komal/data-engineering-projects/airflow-spark-pipeline/airflow_venv/lib/python3.11/site-packages/airflow/example_dags/example_inlet_event_extra.py
[2026-03-18T08:19:47.414+0000] {processor.py:925} INFO - DAG(s) 'read_dataset_event', 'read_dataset_event_from_classic' retrieved from /home/komal/data-engineering-projects/airflow-spark-pipeline/airflow_venv/lib/python3.11/site-packages/airflow/example_dags/example_inlet_event_extra.py
[2026-03-18T08:19:47.514+0000] {logging_mixin.py:190} INFO - [2026-03-18T08:19:47.514+0000] {dag.py:3239} INFO - Sync 2 DAGs
[2026-03-18T08:19:47.526+0000] {logging_mixin.py:190} INFO - [2026-03-18T08:19:47.526+0000] {dag.py:4180} INFO - Setting next_dagrun for read_dataset_event to 2026-03-17 00:00:00+00:00, run_after=2026-03-18 00:00:00+00:00
[2026-03-18T08:19:47.529+0000] {logging_mixin.py:190} INFO - [2026-03-18T08:19:47.529+0000] {dag.py:4180} INFO - Setting next_dagrun for read_dataset_event_from_classic to 2026-03-17 00:00:00+00:00, run_after=2026-03-18 00:00:00+00:00
[2026-03-18T08:19:47.543+0000] {processor.py:208} INFO - Processing /home/komal/data-engineering-projects/airflow-spark-pipeline/airflow_venv/lib/python3.11/site-packages/airflow/example_dags/example_inlet_event_extra.py took 0.151 seconds
[2026-03-18T13:41:16.921+0000] {processor.py:186} INFO - Started process (PID=36138) to work on /home/komal/data-engineering-projects/airflow-spark-pipeline/airflow_venv/lib/python3.11/site-packages/airflow/example_dags/example_inlet_event_extra.py
[2026-03-18T13:41:16.926+0000] {processor.py:914} INFO - Processing file /home/komal/data-engineering-projects/airflow-spark-pipeline/airflow_venv/lib/python3.11/site-packages/airflow/example_dags/example_inlet_event_extra.py for tasks to queue
[2026-03-18T13:41:16.930+0000] {logging_mixin.py:190} INFO - [2026-03-18T13:41:16.928+0000] {dagbag.py:588} INFO - Filling up the DagBag from /home/komal/data-engineering-projects/airflow-spark-pipeline/airflow_venv/lib/python3.11/site-packages/airflow/example_dags/example_inlet_event_extra.py
[2026-03-18T13:41:16.940+0000] {processor.py:925} INFO - DAG(s) 'read_dataset_event_from_classic', 'read_dataset_event' retrieved from /home/komal/data-engineering-projects/airflow-spark-pipeline/airflow_venv/lib/python3.11/site-packages/airflow/example_dags/example_inlet_event_extra.py
[2026-03-18T13:41:16.952+0000] {logging_mixin.py:190} INFO - [2026-03-18T13:41:16.952+0000] {dag.py:3239} INFO - Sync 2 DAGs
[2026-03-18T13:41:16.969+0000] {logging_mixin.py:190} INFO - [2026-03-18T13:41:16.969+0000] {dag.py:4180} INFO - Setting next_dagrun for read_dataset_event to 2026-03-17 00:00:00+00:00, run_after=2026-03-18 00:00:00+00:00
[2026-03-18T13:41:16.972+0000] {logging_mixin.py:190} INFO - [2026-03-18T13:41:16.972+0000] {dag.py:4180} INFO - Setting next_dagrun for read_dataset_event_from_classic to 2026-03-17 00:00:00+00:00, run_after=2026-03-18 00:00:00+00:00
[2026-03-18T13:41:16.994+0000] {processor.py:208} INFO - Processing /home/komal/data-engineering-projects/airflow-spark-pipeline/airflow_venv/lib/python3.11/site-packages/airflow/example_dags/example_inlet_event_extra.py took 0.083 seconds
[2026-03-18T13:42:22.138+0000] {processor.py:186} INFO - Started process (PID=36203) to work on /home/komal/data-engineering-projects/airflow-spark-pipeline/airflow_venv/lib/python3.11/site-packages/airflow/example_dags/example_inlet_event_extra.py
[2026-03-18T13:42:22.169+0000] {processor.py:914} INFO - Processing file /home/komal/data-engineering-projects/airflow-spark-pipeline/airflow_venv/lib/python3.11/site-packages/airflow/example_dags/example_inlet_event_extra.py for tasks to queue
[2026-03-18T13:42:22.173+0000] {logging_mixin.py:190} INFO - [2026-03-18T13:42:22.173+0000] {dagbag.py:588} INFO - Filling up the DagBag from /home/komal/data-engineering-projects/airflow-spark-pipeline/airflow_venv/lib/python3.11/site-packages/airflow/example_dags/example_inlet_event_extra.py
[2026-03-18T13:42:22.194+0000] {processor.py:925} INFO - DAG(s) 'read_dataset_event_from_classic', 'read_dataset_event' retrieved from /home/komal/data-engineering-projects/airflow-spark-pipeline/airflow_venv/lib/python3.11/site-packages/airflow/example_dags/example_inlet_event_extra.py
[2026-03-18T13:42:22.209+0000] {logging_mixin.py:190} INFO - [2026-03-18T13:42:22.209+0000] {dag.py:3239} INFO - Sync 2 DAGs
[2026-03-18T13:42:22.233+0000] {logging_mixin.py:190} INFO - [2026-03-18T13:42:22.233+0000] {dag.py:4180} INFO - Setting next_dagrun for read_dataset_event to 2026-03-17 00:00:00+00:00, run_after=2026-03-18 00:00:00+00:00
[2026-03-18T13:42:22.235+0000] {logging_mixin.py:190} INFO - [2026-03-18T13:42:22.235+0000] {dag.py:4180} INFO - Setting next_dagrun for read_dataset_event_from_classic to 2026-03-17 00:00:00+00:00, run_after=2026-03-18 00:00:00+00:00
[2026-03-18T13:42:22.256+0000] {processor.py:208} INFO - Processing /home/komal/data-engineering-projects/airflow-spark-pipeline/airflow_venv/lib/python3.11/site-packages/airflow/example_dags/example_inlet_event_extra.py took 0.131 seconds
[2026-03-18T13:43:27.963+0000] {processor.py:186} INFO - Started process (PID=36300) to work on /home/komal/data-engineering-projects/airflow-spark-pipeline/airflow_venv/lib/python3.11/site-packages/airflow/example_dags/example_inlet_event_extra.py
[2026-03-18T13:43:27.994+0000] {processor.py:914} INFO - Processing file /home/komal/data-engineering-projects/airflow-spark-pipeline/airflow_venv/lib/python3.11/site-packages/airflow/example_dags/example_inlet_event_extra.py for tasks to queue
[2026-03-18T13:43:27.998+0000] {logging_mixin.py:190} INFO - [2026-03-18T13:43:27.997+0000] {dagbag.py:588} INFO - Filling up the DagBag from /home/komal/data-engineering-projects/airflow-spark-pipeline/airflow_venv/lib/python3.11/site-packages/airflow/example_dags/example_inlet_event_extra.py
[2026-03-18T13:43:28.011+0000] {processor.py:925} INFO - DAG(s) 'read_dataset_event', 'read_dataset_event_from_classic' retrieved from /home/komal/data-engineering-projects/airflow-spark-pipeline/airflow_venv/lib/python3.11/site-packages/airflow/example_dags/example_inlet_event_extra.py
[2026-03-18T13:43:28.024+0000] {logging_mixin.py:190} INFO - [2026-03-18T13:43:28.024+0000] {dag.py:3239} INFO - Sync 2 DAGs
[2026-03-18T13:43:28.041+0000] {logging_mixin.py:190} INFO - [2026-03-18T13:43:28.041+0000] {dag.py:4180} INFO - Setting next_dagrun for read_dataset_event to 2026-03-17 00:00:00+00:00, run_after=2026-03-18 00:00:00+00:00
[2026-03-18T13:43:28.043+0000] {logging_mixin.py:190} INFO - [2026-03-18T13:43:28.043+0000] {dag.py:4180} INFO - Setting next_dagrun for read_dataset_event_from_classic to 2026-03-17 00:00:00+00:00, run_after=2026-03-18 00:00:00+00:00
[2026-03-18T13:43:28.062+0000] {processor.py:208} INFO - Processing /home/komal/data-engineering-projects/airflow-spark-pipeline/airflow_venv/lib/python3.11/site-packages/airflow/example_dags/example_inlet_event_extra.py took 0.107 seconds
[2026-03-18T13:44:32.127+0000] {processor.py:186} INFO - Started process (PID=36363) to work on /home/komal/data-engineering-projects/airflow-spark-pipeline/airflow_venv/lib/python3.11/site-packages/airflow/example_dags/example_inlet_event_extra.py
[2026-03-18T13:44:32.130+0000] {processor.py:914} INFO - Processing file /home/komal/data-engineering-projects/airflow-spark-pipeline/airflow_venv/lib/python3.11/site-packages/airflow/example_dags/example_inlet_event_extra.py for tasks to queue
[2026-03-18T13:44:32.132+0000] {logging_mixin.py:190} INFO - [2026-03-18T13:44:32.131+0000] {dagbag.py:588} INFO - Filling up the DagBag from /home/komal/data-engineering-projects/airflow-spark-pipeline/airflow_venv/lib/python3.11/site-packages/airflow/example_dags/example_inlet_event_extra.py
[2026-03-18T13:44:32.141+0000] {processor.py:925} INFO - DAG(s) 'read_dataset_event_from_classic', 'read_dataset_event' retrieved from /home/komal/data-engineering-projects/airflow-spark-pipeline/airflow_venv/lib/python3.11/site-packages/airflow/example_dags/example_inlet_event_extra.py
[2026-03-18T13:44:32.151+0000] {logging_mixin.py:190} INFO - [2026-03-18T13:44:32.151+0000] {dag.py:3239} INFO - Sync 2 DAGs
[2026-03-18T13:44:32.174+0000] {logging_mixin.py:190} INFO - [2026-03-18T13:44:32.174+0000] {dag.py:4180} INFO - Setting next_dagrun for read_dataset_event to 2026-03-17 00:00:00+00:00, run_after=2026-03-18 00:00:00+00:00
[2026-03-18T13:44:32.178+0000] {logging_mixin.py:190} INFO - [2026-03-18T13:44:32.178+0000] {dag.py:4180} INFO - Setting next_dagrun for read_dataset_event_from_classic to 2026-03-17 00:00:00+00:00, run_after=2026-03-18 00:00:00+00:00
[2026-03-18T13:44:32.208+0000] {processor.py:208} INFO - Processing /home/komal/data-engineering-projects/airflow-spark-pipeline/airflow_venv/lib/python3.11/site-packages/airflow/example_dags/example_inlet_event_extra.py took 0.087 seconds
[2026-03-18T13:45:46.382+0000] {processor.py:186} INFO - Started process (PID=36435) to work on /home/komal/data-engineering-projects/airflow-spark-pipeline/airflow_venv/lib/python3.11/site-packages/airflow/example_dags/example_inlet_event_extra.py
[2026-03-18T13:45:46.384+0000] {processor.py:914} INFO - Processing file /home/komal/data-engineering-projects/airflow-spark-pipeline/airflow_venv/lib/python3.11/site-packages/airflow/example_dags/example_inlet_event_extra.py for tasks to queue
[2026-03-18T13:45:46.385+0000] {logging_mixin.py:190} INFO - [2026-03-18T13:45:46.385+0000] {dagbag.py:588} INFO - Filling up the DagBag from /home/komal/data-engineering-projects/airflow-spark-pipeline/airflow_venv/lib/python3.11/site-packages/airflow/example_dags/example_inlet_event_extra.py
[2026-03-18T13:45:46.399+0000] {processor.py:925} INFO - DAG(s) 'read_dataset_event_from_classic', 'read_dataset_event' retrieved from /home/komal/data-engineering-projects/airflow-spark-pipeline/airflow_venv/lib/python3.11/site-packages/airflow/example_dags/example_inlet_event_extra.py
[2026-03-18T13:45:46.414+0000] {logging_mixin.py:190} INFO - [2026-03-18T13:45:46.414+0000] {dag.py:3239} INFO - Sync 2 DAGs
[2026-03-18T13:45:46.432+0000] {logging_mixin.py:190} INFO - [2026-03-18T13:45:46.431+0000] {dag.py:4180} INFO - Setting next_dagrun for read_dataset_event to 2026-03-17 00:00:00+00:00, run_after=2026-03-18 00:00:00+00:00
[2026-03-18T13:45:46.434+0000] {logging_mixin.py:190} INFO - [2026-03-18T13:45:46.434+0000] {dag.py:4180} INFO - Setting next_dagrun for read_dataset_event_from_classic to 2026-03-17 00:00:00+00:00, run_after=2026-03-18 00:00:00+00:00
[2026-03-18T13:45:46.454+0000] {processor.py:208} INFO - Processing /home/komal/data-engineering-projects/airflow-spark-pipeline/airflow_venv/lib/python3.11/site-packages/airflow/example_dags/example_inlet_event_extra.py took 0.076 seconds
[2026-03-18T13:46:48.692+0000] {processor.py:186} INFO - Started process (PID=36497) to work on /home/komal/data-engineering-projects/airflow-spark-pipeline/airflow_venv/lib/python3.11/site-packages/airflow/example_dags/example_inlet_event_extra.py
[2026-03-18T13:46:48.725+0000] {processor.py:914} INFO - Processing file /home/komal/data-engineering-projects/airflow-spark-pipeline/airflow_venv/lib/python3.11/site-packages/airflow/example_dags/example_inlet_event_extra.py for tasks to queue
[2026-03-18T13:46:48.729+0000] {logging_mixin.py:190} INFO - [2026-03-18T13:46:48.728+0000] {dagbag.py:588} INFO - Filling up the DagBag from /home/komal/data-engineering-projects/airflow-spark-pipeline/airflow_venv/lib/python3.11/site-packages/airflow/example_dags/example_inlet_event_extra.py
[2026-03-18T13:46:48.755+0000] {processor.py:925} INFO - DAG(s) 'read_dataset_event', 'read_dataset_event_from_classic' retrieved from /home/komal/data-engineering-projects/airflow-spark-pipeline/airflow_venv/lib/python3.11/site-packages/airflow/example_dags/example_inlet_event_extra.py
[2026-03-18T13:46:48.786+0000] {logging_mixin.py:190} INFO - [2026-03-18T13:46:48.785+0000] {dag.py:3239} INFO - Sync 2 DAGs
[2026-03-18T13:46:48.807+0000] {logging_mixin.py:190} INFO - [2026-03-18T13:46:48.807+0000] {dag.py:4180} INFO - Setting next_dagrun for read_dataset_event to 2026-03-17 00:00:00+00:00, run_after=2026-03-18 00:00:00+00:00
[2026-03-18T13:46:48.812+0000] {logging_mixin.py:190} INFO - [2026-03-18T13:46:48.811+0000] {dag.py:4180} INFO - Setting next_dagrun for read_dataset_event_from_classic to 2026-03-17 00:00:00+00:00, run_after=2026-03-18 00:00:00+00:00
[2026-03-18T13:46:48.839+0000] {processor.py:208} INFO - Processing /home/komal/data-engineering-projects/airflow-spark-pipeline/airflow_venv/lib/python3.11/site-packages/airflow/example_dags/example_inlet_event_extra.py took 0.153 seconds
[2026-03-18T13:47:54.941+0000] {processor.py:186} INFO - Started process (PID=36559) to work on /home/komal/data-engineering-projects/airflow-spark-pipeline/airflow_venv/lib/python3.11/site-packages/airflow/example_dags/example_inlet_event_extra.py
[2026-03-18T13:47:54.974+0000] {processor.py:914} INFO - Processing file /home/komal/data-engineering-projects/airflow-spark-pipeline/airflow_venv/lib/python3.11/site-packages/airflow/example_dags/example_inlet_event_extra.py for tasks to queue
[2026-03-18T13:47:54.978+0000] {logging_mixin.py:190} INFO - [2026-03-18T13:47:54.977+0000] {dagbag.py:588} INFO - Filling up the DagBag from /home/komal/data-engineering-projects/airflow-spark-pipeline/airflow_venv/lib/python3.11/site-packages/airflow/example_dags/example_inlet_event_extra.py
[2026-03-18T13:47:54.994+0000] {processor.py:925} INFO - DAG(s) 'read_dataset_event', 'read_dataset_event_from_classic' retrieved from /home/komal/data-engineering-projects/airflow-spark-pipeline/airflow_venv/lib/python3.11/site-packages/airflow/example_dags/example_inlet_event_extra.py
[2026-03-18T13:47:55.005+0000] {logging_mixin.py:190} INFO - [2026-03-18T13:47:55.004+0000] {dag.py:3239} INFO - Sync 2 DAGs
[2026-03-18T13:47:55.018+0000] {logging_mixin.py:190} INFO - [2026-03-18T13:47:55.018+0000] {dag.py:4180} INFO - Setting next_dagrun for read_dataset_event to 2026-03-17 00:00:00+00:00, run_after=2026-03-18 00:00:00+00:00
[2026-03-18T13:47:55.020+0000] {logging_mixin.py:190} INFO - [2026-03-18T13:47:55.020+0000] {dag.py:4180} INFO - Setting next_dagrun for read_dataset_event_from_classic to 2026-03-17 00:00:00+00:00, run_after=2026-03-18 00:00:00+00:00
[2026-03-18T13:47:55.043+0000] {processor.py:208} INFO - Processing /home/komal/data-engineering-projects/airflow-spark-pipeline/airflow_venv/lib/python3.11/site-packages/airflow/example_dags/example_inlet_event_extra.py took 0.110 seconds
[2026-03-18T13:48:59.470+0000] {processor.py:186} INFO - Started process (PID=36621) to work on /home/komal/data-engineering-projects/airflow-spark-pipeline/airflow_venv/lib/python3.11/site-packages/airflow/example_dags/example_inlet_event_extra.py
[2026-03-18T13:48:59.501+0000] {processor.py:914} INFO - Processing file /home/komal/data-engineering-projects/airflow-spark-pipeline/airflow_venv/lib/python3.11/site-packages/airflow/example_dags/example_inlet_event_extra.py for tasks to queue
[2026-03-18T13:48:59.505+0000] {logging_mixin.py:190} INFO - [2026-03-18T13:48:59.505+0000] {dagbag.py:588} INFO - Filling up the DagBag from /home/komal/data-engineering-projects/airflow-spark-pipeline/airflow_venv/lib/python3.11/site-packages/airflow/example_dags/example_inlet_event_extra.py
[2026-03-18T13:48:59.521+0000] {processor.py:925} INFO - DAG(s) 'read_dataset_event_from_classic', 'read_dataset_event' retrieved from /home/komal/data-engineering-projects/airflow-spark-pipeline/airflow_venv/lib/python3.11/site-packages/airflow/example_dags/example_inlet_event_extra.py
[2026-03-18T13:48:59.534+0000] {logging_mixin.py:190} INFO - [2026-03-18T13:48:59.533+0000] {dag.py:3239} INFO - Sync 2 DAGs
[2026-03-18T13:48:59.549+0000] {logging_mixin.py:190} INFO - [2026-03-18T13:48:59.549+0000] {dag.py:4180} INFO - Setting next_dagrun for read_dataset_event to 2026-03-17 00:00:00+00:00, run_after=2026-03-18 00:00:00+00:00
[2026-03-18T13:48:59.552+0000] {logging_mixin.py:190} INFO - [2026-03-18T13:48:59.552+0000] {dag.py:4180} INFO - Setting next_dagrun for read_dataset_event_from_classic to 2026-03-17 00:00:00+00:00, run_after=2026-03-18 00:00:00+00:00
[2026-03-18T13:48:59.573+0000] {processor.py:208} INFO - Processing /home/komal/data-engineering-projects/airflow-spark-pipeline/airflow_venv/lib/python3.11/site-packages/airflow/example_dags/example_inlet_event_extra.py took 0.110 seconds
[2026-03-18T13:50:03.670+0000] {processor.py:186} INFO - Started process (PID=36683) to work on /home/komal/data-engineering-projects/airflow-spark-pipeline/airflow_venv/lib/python3.11/site-packages/airflow/example_dags/example_inlet_event_extra.py
[2026-03-18T13:50:03.674+0000] {processor.py:914} INFO - Processing file /home/komal/data-engineering-projects/airflow-spark-pipeline/airflow_venv/lib/python3.11/site-packages/airflow/example_dags/example_inlet_event_extra.py for tasks to queue
[2026-03-18T13:50:03.682+0000] {logging_mixin.py:190} INFO - [2026-03-18T13:50:03.681+0000] {dagbag.py:588} INFO - Filling up the DagBag from /home/komal/data-engineering-projects/airflow-spark-pipeline/airflow_venv/lib/python3.11/site-packages/airflow/example_dags/example_inlet_event_extra.py
[2026-03-18T13:50:03.693+0000] {processor.py:925} INFO - DAG(s) 'read_dataset_event_from_classic', 'read_dataset_event' retrieved from /home/komal/data-engineering-projects/airflow-spark-pipeline/airflow_venv/lib/python3.11/site-packages/airflow/example_dags/example_inlet_event_extra.py
[2026-03-18T13:50:03.713+0000] {logging_mixin.py:190} INFO - [2026-03-18T13:50:03.713+0000] {dag.py:3239} INFO - Sync 2 DAGs
[2026-03-18T13:50:03.726+0000] {logging_mixin.py:190} INFO - [2026-03-18T13:50:03.726+0000] {dag.py:4180} INFO - Setting next_dagrun for read_dataset_event to 2026-03-17 00:00:00+00:00, run_after=2026-03-18 00:00:00+00:00
[2026-03-18T13:50:03.728+0000] {logging_mixin.py:190} INFO - [2026-03-18T13:50:03.728+0000] {dag.py:4180} INFO - Setting next_dagrun for read_dataset_event_from_classic to 2026-03-17 00:00:00+00:00, run_after=2026-03-18 00:00:00+00:00
[2026-03-18T13:50:03.746+0000] {processor.py:208} INFO - Processing /home/komal/data-engineering-projects/airflow-spark-pipeline/airflow_venv/lib/python3.11/site-packages/airflow/example_dags/example_inlet_event_extra.py took 0.085 seconds
[2026-03-18T13:51:08.244+0000] {processor.py:186} INFO - Started process (PID=36747) to work on /home/komal/data-engineering-projects/airflow-spark-pipeline/airflow_venv/lib/python3.11/site-packages/airflow/example_dags/example_inlet_event_extra.py
[2026-03-18T13:51:08.275+0000] {processor.py:914} INFO - Processing file /home/komal/data-engineering-projects/airflow-spark-pipeline/airflow_venv/lib/python3.11/site-packages/airflow/example_dags/example_inlet_event_extra.py for tasks to queue
[2026-03-18T13:51:08.278+0000] {logging_mixin.py:190} INFO - [2026-03-18T13:51:08.278+0000] {dagbag.py:588} INFO - Filling up the DagBag from /home/komal/data-engineering-projects/airflow-spark-pipeline/airflow_venv/lib/python3.11/site-packages/airflow/example_dags/example_inlet_event_extra.py
[2026-03-18T13:51:08.295+0000] {processor.py:925} INFO - DAG(s) 'read_dataset_event_from_classic', 'read_dataset_event' retrieved from /home/komal/data-engineering-projects/airflow-spark-pipeline/airflow_venv/lib/python3.11/site-packages/airflow/example_dags/example_inlet_event_extra.py
[2026-03-18T13:51:08.306+0000] {logging_mixin.py:190} INFO - [2026-03-18T13:51:08.305+0000] {dag.py:3239} INFO - Sync 2 DAGs
[2026-03-18T13:51:08.318+0000] {logging_mixin.py:190} INFO - [2026-03-18T13:51:08.318+0000] {dag.py:4180} INFO - Setting next_dagrun for read_dataset_event to 2026-03-17 00:00:00+00:00, run_after=2026-03-18 00:00:00+00:00
[2026-03-18T13:51:08.320+0000] {logging_mixin.py:190} INFO - [2026-03-18T13:51:08.320+0000] {dag.py:4180} INFO - Setting next_dagrun for read_dataset_event_from_classic to 2026-03-17 00:00:00+00:00, run_after=2026-03-18 00:00:00+00:00
[2026-03-18T13:51:08.340+0000] {processor.py:208} INFO - Processing /home/komal/data-engineering-projects/airflow-spark-pipeline/airflow_venv/lib/python3.11/site-packages/airflow/example_dags/example_inlet_event_extra.py took 0.106 seconds
[2026-03-18T13:52:17.781+0000] {processor.py:186} INFO - Started process (PID=36812) to work on /home/komal/data-engineering-projects/airflow-spark-pipeline/airflow_venv/lib/python3.11/site-packages/airflow/example_dags/example_inlet_event_extra.py
[2026-03-18T13:52:17.791+0000] {processor.py:914} INFO - Processing file /home/komal/data-engineering-projects/airflow-spark-pipeline/airflow_venv/lib/python3.11/site-packages/airflow/example_dags/example_inlet_event_extra.py for tasks to queue
[2026-03-18T13:52:17.795+0000] {logging_mixin.py:190} INFO - [2026-03-18T13:52:17.794+0000] {dagbag.py:588} INFO - Filling up the DagBag from /home/komal/data-engineering-projects/airflow-spark-pipeline/airflow_venv/lib/python3.11/site-packages/airflow/example_dags/example_inlet_event_extra.py
[2026-03-18T13:52:17.810+0000] {processor.py:925} INFO - DAG(s) 'read_dataset_event_from_classic', 'read_dataset_event' retrieved from /home/komal/data-engineering-projects/airflow-spark-pipeline/airflow_venv/lib/python3.11/site-packages/airflow/example_dags/example_inlet_event_extra.py
[2026-03-18T13:52:17.826+0000] {logging_mixin.py:190} INFO - [2026-03-18T13:52:17.826+0000] {dag.py:3239} INFO - Sync 2 DAGs
[2026-03-18T13:52:17.850+0000] {logging_mixin.py:190} INFO - [2026-03-18T13:52:17.849+0000] {dag.py:4180} INFO - Setting next_dagrun for read_dataset_event to 2026-03-17 00:00:00+00:00, run_after=2026-03-18 00:00:00+00:00
[2026-03-18T13:52:17.852+0000] {logging_mixin.py:190} INFO - [2026-03-18T13:52:17.852+0000] {dag.py:4180} INFO - Setting next_dagrun for read_dataset_event_from_classic to 2026-03-17 00:00:00+00:00, run_after=2026-03-18 00:00:00+00:00
[2026-03-18T13:52:17.872+0000] {processor.py:208} INFO - Processing /home/komal/data-engineering-projects/airflow-spark-pipeline/airflow_venv/lib/python3.11/site-packages/airflow/example_dags/example_inlet_event_extra.py took 0.096 seconds
[2026-03-18T13:53:21.860+0000] {processor.py:186} INFO - Started process (PID=36875) to work on /home/komal/data-engineering-projects/airflow-spark-pipeline/airflow_venv/lib/python3.11/site-packages/airflow/example_dags/example_inlet_event_extra.py
[2026-03-18T13:53:21.862+0000] {processor.py:914} INFO - Processing file /home/komal/data-engineering-projects/airflow-spark-pipeline/airflow_venv/lib/python3.11/site-packages/airflow/example_dags/example_inlet_event_extra.py for tasks to queue
[2026-03-18T13:53:21.863+0000] {logging_mixin.py:190} INFO - [2026-03-18T13:53:21.863+0000] {dagbag.py:588} INFO - Filling up the DagBag from /home/komal/data-engineering-projects/airflow-spark-pipeline/airflow_venv/lib/python3.11/site-packages/airflow/example_dags/example_inlet_event_extra.py
[2026-03-18T13:53:21.876+0000] {processor.py:925} INFO - DAG(s) 'read_dataset_event', 'read_dataset_event_from_classic' retrieved from /home/komal/data-engineering-projects/airflow-spark-pipeline/airflow_venv/lib/python3.11/site-packages/airflow/example_dags/example_inlet_event_extra.py
[2026-03-18T13:53:21.890+0000] {logging_mixin.py:190} INFO - [2026-03-18T13:53:21.889+0000] {dag.py:3239} INFO - Sync 2 DAGs
[2026-03-18T13:53:21.904+0000] {logging_mixin.py:190} INFO - [2026-03-18T13:53:21.904+0000] {dag.py:4180} INFO - Setting next_dagrun for read_dataset_event to 2026-03-17 00:00:00+00:00, run_after=2026-03-18 00:00:00+00:00
[2026-03-18T13:53:21.907+0000] {logging_mixin.py:190} INFO - [2026-03-18T13:53:21.906+0000] {dag.py:4180} INFO - Setting next_dagrun for read_dataset_event_from_classic to 2026-03-17 00:00:00+00:00, run_after=2026-03-18 00:00:00+00:00
[2026-03-18T13:53:21.926+0000] {processor.py:208} INFO - Processing /home/komal/data-engineering-projects/airflow-spark-pipeline/airflow_venv/lib/python3.11/site-packages/airflow/example_dags/example_inlet_event_extra.py took 0.071 seconds
[2026-03-18T13:54:29.518+0000] {processor.py:186} INFO - Started process (PID=36938) to work on /home/komal/data-engineering-projects/airflow-spark-pipeline/airflow_venv/lib/python3.11/site-packages/airflow/example_dags/example_inlet_event_extra.py
[2026-03-18T13:54:29.550+0000] {processor.py:914} INFO - Processing file /home/komal/data-engineering-projects/airflow-spark-pipeline/airflow_venv/lib/python3.11/site-packages/airflow/example_dags/example_inlet_event_extra.py for tasks to queue
[2026-03-18T13:54:29.551+0000] {logging_mixin.py:190} INFO - [2026-03-18T13:54:29.551+0000] {dagbag.py:588} INFO - Filling up the DagBag from /home/komal/data-engineering-projects/airflow-spark-pipeline/airflow_venv/lib/python3.11/site-packages/airflow/example_dags/example_inlet_event_extra.py
[2026-03-18T13:54:29.570+0000] {processor.py:925} INFO - DAG(s) 'read_dataset_event_from_classic', 'read_dataset_event' retrieved from /home/komal/data-engineering-projects/airflow-spark-pipeline/airflow_venv/lib/python3.11/site-packages/airflow/example_dags/example_inlet_event_extra.py
[2026-03-18T13:54:29.613+0000] {logging_mixin.py:190} INFO - [2026-03-18T13:54:29.613+0000] {dag.py:3239} INFO - Sync 2 DAGs
[2026-03-18T13:54:29.660+0000] {logging_mixin.py:190} INFO - [2026-03-18T13:54:29.659+0000] {dag.py:4180} INFO - Setting next_dagrun for read_dataset_event to 2026-03-17 00:00:00+00:00, run_after=2026-03-18 00:00:00+00:00
[2026-03-18T13:54:29.663+0000] {logging_mixin.py:190} INFO - [2026-03-18T13:54:29.663+0000] {dag.py:4180} INFO - Setting next_dagrun for read_dataset_event_from_classic to 2026-03-17 00:00:00+00:00, run_after=2026-03-18 00:00:00+00:00
[2026-03-18T13:54:29.772+0000] {processor.py:208} INFO - Processing /home/komal/data-engineering-projects/airflow-spark-pipeline/airflow_venv/lib/python3.11/site-packages/airflow/example_dags/example_inlet_event_extra.py took 0.273 seconds
[2026-03-18T13:55:33.907+0000] {processor.py:186} INFO - Started process (PID=37002) to work on /home/komal/data-engineering-projects/airflow-spark-pipeline/airflow_venv/lib/python3.11/site-packages/airflow/example_dags/example_inlet_event_extra.py
[2026-03-18T13:55:33.938+0000] {processor.py:914} INFO - Processing file /home/komal/data-engineering-projects/airflow-spark-pipeline/airflow_venv/lib/python3.11/site-packages/airflow/example_dags/example_inlet_event_extra.py for tasks to queue
[2026-03-18T13:55:33.940+0000] {logging_mixin.py:190} INFO - [2026-03-18T13:55:33.940+0000] {dagbag.py:588} INFO - Filling up the DagBag from /home/komal/data-engineering-projects/airflow-spark-pipeline/airflow_venv/lib/python3.11/site-packages/airflow/example_dags/example_inlet_event_extra.py
[2026-03-18T13:55:33.950+0000] {processor.py:925} INFO - DAG(s) 'read_dataset_event', 'read_dataset_event_from_classic' retrieved from /home/komal/data-engineering-projects/airflow-spark-pipeline/airflow_venv/lib/python3.11/site-packages/airflow/example_dags/example_inlet_event_extra.py
[2026-03-18T13:55:33.963+0000] {logging_mixin.py:190} INFO - [2026-03-18T13:55:33.963+0000] {dag.py:3239} INFO - Sync 2 DAGs
[2026-03-18T13:55:33.979+0000] {logging_mixin.py:190} INFO - [2026-03-18T13:55:33.978+0000] {dag.py:4180} INFO - Setting next_dagrun for read_dataset_event to 2026-03-17 00:00:00+00:00, run_after=2026-03-18 00:00:00+00:00
[2026-03-18T13:55:33.982+0000] {logging_mixin.py:190} INFO - [2026-03-18T13:55:33.982+0000] {dag.py:4180} INFO - Setting next_dagrun for read_dataset_event_from_classic to 2026-03-17 00:00:00+00:00, run_after=2026-03-18 00:00:00+00:00
[2026-03-18T13:55:34.001+0000] {processor.py:208} INFO - Processing /home/komal/data-engineering-projects/airflow-spark-pipeline/airflow_venv/lib/python3.11/site-packages/airflow/example_dags/example_inlet_event_extra.py took 0.098 seconds
[2026-03-18T13:56:40.832+0000] {processor.py:186} INFO - Started process (PID=37065) to work on /home/komal/data-engineering-projects/airflow-spark-pipeline/airflow_venv/lib/python3.11/site-packages/airflow/example_dags/example_inlet_event_extra.py
[2026-03-18T13:56:40.863+0000] {processor.py:914} INFO - Processing file /home/komal/data-engineering-projects/airflow-spark-pipeline/airflow_venv/lib/python3.11/site-packages/airflow/example_dags/example_inlet_event_extra.py for tasks to queue
[2026-03-18T13:56:40.867+0000] {logging_mixin.py:190} INFO - [2026-03-18T13:56:40.867+0000] {dagbag.py:588} INFO - Filling up the DagBag from /home/komal/data-engineering-projects/airflow-spark-pipeline/airflow_venv/lib/python3.11/site-packages/airflow/example_dags/example_inlet_event_extra.py
[2026-03-18T13:56:40.884+0000] {processor.py:925} INFO - DAG(s) 'read_dataset_event', 'read_dataset_event_from_classic' retrieved from /home/komal/data-engineering-projects/airflow-spark-pipeline/airflow_venv/lib/python3.11/site-packages/airflow/example_dags/example_inlet_event_extra.py
[2026-03-18T13:56:40.895+0000] {logging_mixin.py:190} INFO - [2026-03-18T13:56:40.895+0000] {dag.py:3239} INFO - Sync 2 DAGs
[2026-03-18T13:56:40.915+0000] {logging_mixin.py:190} INFO - [2026-03-18T13:56:40.915+0000] {dag.py:4180} INFO - Setting next_dagrun for read_dataset_event to 2026-03-17 00:00:00+00:00, run_after=2026-03-18 00:00:00+00:00
[2026-03-18T13:56:40.921+0000] {logging_mixin.py:190} INFO - [2026-03-18T13:56:40.921+0000] {dag.py:4180} INFO - Setting next_dagrun for read_dataset_event_from_classic to 2026-03-17 00:00:00+00:00, run_after=2026-03-18 00:00:00+00:00
[2026-03-18T13:56:40.950+0000] {processor.py:208} INFO - Processing /home/komal/data-engineering-projects/airflow-spark-pipeline/airflow_venv/lib/python3.11/site-packages/airflow/example_dags/example_inlet_event_extra.py took 0.128 seconds
[2026-03-18T13:57:51.409+0000] {processor.py:186} INFO - Started process (PID=37135) to work on /home/komal/data-engineering-projects/airflow-spark-pipeline/airflow_venv/lib/python3.11/site-packages/airflow/example_dags/example_inlet_event_extra.py
[2026-03-18T13:57:51.440+0000] {processor.py:914} INFO - Processing file /home/komal/data-engineering-projects/airflow-spark-pipeline/airflow_venv/lib/python3.11/site-packages/airflow/example_dags/example_inlet_event_extra.py for tasks to queue
[2026-03-18T13:57:51.442+0000] {logging_mixin.py:190} INFO - [2026-03-18T13:57:51.442+0000] {dagbag.py:588} INFO - Filling up the DagBag from /home/komal/data-engineering-projects/airflow-spark-pipeline/airflow_venv/lib/python3.11/site-packages/airflow/example_dags/example_inlet_event_extra.py
[2026-03-18T13:57:51.451+0000] {processor.py:925} INFO - DAG(s) 'read_dataset_event', 'read_dataset_event_from_classic' retrieved from /home/komal/data-engineering-projects/airflow-spark-pipeline/airflow_venv/lib/python3.11/site-packages/airflow/example_dags/example_inlet_event_extra.py
[2026-03-18T13:57:51.469+0000] {logging_mixin.py:190} INFO - [2026-03-18T13:57:51.469+0000] {dag.py:3239} INFO - Sync 2 DAGs
[2026-03-18T13:57:51.484+0000] {logging_mixin.py:190} INFO - [2026-03-18T13:57:51.484+0000] {dag.py:4180} INFO - Setting next_dagrun for read_dataset_event to 2026-03-17 00:00:00+00:00, run_after=2026-03-18 00:00:00+00:00
[2026-03-18T13:57:51.486+0000] {logging_mixin.py:190} INFO - [2026-03-18T13:57:51.486+0000] {dag.py:4180} INFO - Setting next_dagrun for read_dataset_event_from_classic to 2026-03-17 00:00:00+00:00, run_after=2026-03-18 00:00:00+00:00
[2026-03-18T13:57:51.506+0000] {processor.py:208} INFO - Processing /home/komal/data-engineering-projects/airflow-spark-pipeline/airflow_venv/lib/python3.11/site-packages/airflow/example_dags/example_inlet_event_extra.py took 0.105 seconds
[2026-03-18T14:01:50.871+0000] {processor.py:186} INFO - Started process (PID=37222) to work on /home/komal/data-engineering-projects/airflow-spark-pipeline/airflow_venv/lib/python3.11/site-packages/airflow/example_dags/example_inlet_event_extra.py
[2026-03-18T14:01:50.903+0000] {processor.py:914} INFO - Processing file /home/komal/data-engineering-projects/airflow-spark-pipeline/airflow_venv/lib/python3.11/site-packages/airflow/example_dags/example_inlet_event_extra.py for tasks to queue
[2026-03-18T14:01:50.907+0000] {logging_mixin.py:190} INFO - [2026-03-18T14:01:50.906+0000] {dagbag.py:588} INFO - Filling up the DagBag from /home/komal/data-engineering-projects/airflow-spark-pipeline/airflow_venv/lib/python3.11/site-packages/airflow/example_dags/example_inlet_event_extra.py
[2026-03-18T14:01:50.926+0000] {processor.py:925} INFO - DAG(s) 'read_dataset_event_from_classic', 'read_dataset_event' retrieved from /home/komal/data-engineering-projects/airflow-spark-pipeline/airflow_venv/lib/python3.11/site-packages/airflow/example_dags/example_inlet_event_extra.py
[2026-03-18T14:01:50.943+0000] {logging_mixin.py:190} INFO - [2026-03-18T14:01:50.943+0000] {dag.py:3239} INFO - Sync 2 DAGs
[2026-03-18T14:01:50.959+0000] {logging_mixin.py:190} INFO - [2026-03-18T14:01:50.959+0000] {dag.py:4180} INFO - Setting next_dagrun for read_dataset_event to 2026-03-17 00:00:00+00:00, run_after=2026-03-18 00:00:00+00:00
[2026-03-18T14:01:50.961+0000] {logging_mixin.py:190} INFO - [2026-03-18T14:01:50.961+0000] {dag.py:4180} INFO - Setting next_dagrun for read_dataset_event_from_classic to 2026-03-17 00:00:00+00:00, run_after=2026-03-18 00:00:00+00:00
[2026-03-18T14:01:50.981+0000] {processor.py:208} INFO - Processing /home/komal/data-engineering-projects/airflow-spark-pipeline/airflow_venv/lib/python3.11/site-packages/airflow/example_dags/example_inlet_event_extra.py took 0.121 seconds
[2026-03-18T14:02:51.955+0000] {processor.py:186} INFO - Started process (PID=37284) to work on /home/komal/data-engineering-projects/airflow-spark-pipeline/airflow_venv/lib/python3.11/site-packages/airflow/example_dags/example_inlet_event_extra.py
[2026-03-18T14:02:51.988+0000] {processor.py:914} INFO - Processing file /home/komal/data-engineering-projects/airflow-spark-pipeline/airflow_venv/lib/python3.11/site-packages/airflow/example_dags/example_inlet_event_extra.py for tasks to queue
[2026-03-18T14:02:51.993+0000] {logging_mixin.py:190} INFO - [2026-03-18T14:02:51.992+0000] {dagbag.py:588} INFO - Filling up the DagBag from /home/komal/data-engineering-projects/airflow-spark-pipeline/airflow_venv/lib/python3.11/site-packages/airflow/example_dags/example_inlet_event_extra.py
[2026-03-18T14:02:52.013+0000] {processor.py:925} INFO - DAG(s) 'read_dataset_event', 'read_dataset_event_from_classic' retrieved from /home/komal/data-engineering-projects/airflow-spark-pipeline/airflow_venv/lib/python3.11/site-packages/airflow/example_dags/example_inlet_event_extra.py
[2026-03-18T14:02:52.027+0000] {logging_mixin.py:190} INFO - [2026-03-18T14:02:52.027+0000] {dag.py:3239} INFO - Sync 2 DAGs
[2026-03-18T14:02:52.051+0000] {logging_mixin.py:190} INFO - [2026-03-18T14:02:52.050+0000] {dag.py:4180} INFO - Setting next_dagrun for read_dataset_event to 2026-03-17 00:00:00+00:00, run_after=2026-03-18 00:00:00+00:00
[2026-03-18T14:02:52.056+0000] {logging_mixin.py:190} INFO - [2026-03-18T14:02:52.056+0000] {dag.py:4180} INFO - Setting next_dagrun for read_dataset_event_from_classic to 2026-03-17 00:00:00+00:00, run_after=2026-03-18 00:00:00+00:00
[2026-03-18T14:02:52.087+0000] {processor.py:208} INFO - Processing /home/komal/data-engineering-projects/airflow-spark-pipeline/airflow_venv/lib/python3.11/site-packages/airflow/example_dags/example_inlet_event_extra.py took 0.143 seconds
