[2026-03-18T06:16:01.441+0000] {processor.py:157} INFO - Started process (PID=27462) to work on /home/komal/data-engineering-projects/airflow-spark-pipeline/airflow_venv/lib/python3.11/site-packages/airflow/example_dags/example_dynamic_task_mapping_with_no_taskflow_operators.py
[2026-03-18T06:16:01.443+0000] {processor.py:826} INFO - Processing file /home/komal/data-engineering-projects/airflow-spark-pipeline/airflow_venv/lib/python3.11/site-packages/airflow/example_dags/example_dynamic_task_mapping_with_no_taskflow_operators.py for tasks to queue
[2026-03-18T06:16:01.444+0000] {logging_mixin.py:150} INFO - [2026-03-18T06:16:01.443+0000] {dagbag.py:541} INFO - Filling up the DagBag from /home/komal/data-engineering-projects/airflow-spark-pipeline/airflow_venv/lib/python3.11/site-packages/airflow/example_dags/example_dynamic_task_mapping_with_no_taskflow_operators.py
[2026-03-18T06:16:01.450+0000] {processor.py:836} INFO - DAG(s) dict_keys(['example_dynamic_task_mapping_with_no_taskflow_operators']) retrieved from /home/komal/data-engineering-projects/airflow-spark-pipeline/airflow_venv/lib/python3.11/site-packages/airflow/example_dags/example_dynamic_task_mapping_with_no_taskflow_operators.py
[2026-03-18T06:16:01.642+0000] {logging_mixin.py:150} INFO - [2026-03-18T06:16:01.642+0000] {manager.py:504} INFO - Created Permission View: can delete on DAG:example_dynamic_task_mapping_with_no_taskflow_operators
[2026-03-18T06:16:01.677+0000] {logging_mixin.py:150} INFO - [2026-03-18T06:16:01.677+0000] {manager.py:504} INFO - Created Permission View: can read on DAG:example_dynamic_task_mapping_with_no_taskflow_operators
[2026-03-18T06:16:01.703+0000] {logging_mixin.py:150} INFO - [2026-03-18T06:16:01.702+0000] {manager.py:504} INFO - Created Permission View: can edit on DAG:example_dynamic_task_mapping_with_no_taskflow_operators
[2026-03-18T06:16:01.715+0000] {logging_mixin.py:150} INFO - [2026-03-18T06:16:01.715+0000] {dag.py:2742} INFO - Sync 1 DAGs
[2026-03-18T06:16:01.726+0000] {logging_mixin.py:150} INFO - [2026-03-18T06:16:01.725+0000] {dag.py:2763} INFO - Creating ORM DAG for example_dynamic_task_mapping_with_no_taskflow_operators
[2026-03-18T06:16:01.734+0000] {logging_mixin.py:150} INFO - [2026-03-18T06:16:01.733+0000] {dag.py:3504} INFO - Setting next_dagrun for example_dynamic_task_mapping_with_no_taskflow_operators to 2026-03-17T06:16:01.733630+00:00, run_after=2026-03-18T06:16:01.733630+00:00
[2026-03-18T06:16:01.794+0000] {processor.py:179} INFO - Processing /home/komal/data-engineering-projects/airflow-spark-pipeline/airflow_venv/lib/python3.11/site-packages/airflow/example_dags/example_dynamic_task_mapping_with_no_taskflow_operators.py took 0.356 seconds
[2026-03-18T06:17:00.460+0000] {processor.py:157} INFO - Started process (PID=27512) to work on /home/komal/data-engineering-projects/airflow-spark-pipeline/airflow_venv/lib/python3.11/site-packages/airflow/example_dags/example_dynamic_task_mapping_with_no_taskflow_operators.py
[2026-03-18T06:17:00.492+0000] {processor.py:826} INFO - Processing file /home/komal/data-engineering-projects/airflow-spark-pipeline/airflow_venv/lib/python3.11/site-packages/airflow/example_dags/example_dynamic_task_mapping_with_no_taskflow_operators.py for tasks to queue
[2026-03-18T06:17:00.493+0000] {logging_mixin.py:150} INFO - [2026-03-18T06:17:00.492+0000] {dagbag.py:541} INFO - Filling up the DagBag from /home/komal/data-engineering-projects/airflow-spark-pipeline/airflow_venv/lib/python3.11/site-packages/airflow/example_dags/example_dynamic_task_mapping_with_no_taskflow_operators.py
[2026-03-18T06:17:00.506+0000] {processor.py:836} INFO - DAG(s) dict_keys(['example_dynamic_task_mapping_with_no_taskflow_operators']) retrieved from /home/komal/data-engineering-projects/airflow-spark-pipeline/airflow_venv/lib/python3.11/site-packages/airflow/example_dags/example_dynamic_task_mapping_with_no_taskflow_operators.py
[2026-03-18T06:17:00.519+0000] {logging_mixin.py:150} INFO - [2026-03-18T06:17:00.519+0000] {dag.py:2742} INFO - Sync 1 DAGs
[2026-03-18T06:17:00.530+0000] {logging_mixin.py:150} INFO - [2026-03-18T06:17:00.530+0000] {dag.py:3504} INFO - Setting next_dagrun for example_dynamic_task_mapping_with_no_taskflow_operators to 2026-03-17T06:17:00.530222+00:00, run_after=2026-03-18T06:17:00.530222+00:00
[2026-03-18T06:17:00.601+0000] {processor.py:179} INFO - Processing /home/komal/data-engineering-projects/airflow-spark-pipeline/airflow_venv/lib/python3.11/site-packages/airflow/example_dags/example_dynamic_task_mapping_with_no_taskflow_operators.py took 0.146 seconds
[2026-03-18T06:17:44.104+0000] {processor.py:157} INFO - Started process (PID=27573) to work on /home/komal/data-engineering-projects/airflow-spark-pipeline/airflow_venv/lib/python3.11/site-packages/airflow/example_dags/example_dynamic_task_mapping_with_no_taskflow_operators.py
[2026-03-18T06:17:44.105+0000] {processor.py:826} INFO - Processing file /home/komal/data-engineering-projects/airflow-spark-pipeline/airflow_venv/lib/python3.11/site-packages/airflow/example_dags/example_dynamic_task_mapping_with_no_taskflow_operators.py for tasks to queue
[2026-03-18T06:17:44.106+0000] {logging_mixin.py:150} INFO - [2026-03-18T06:17:44.106+0000] {dagbag.py:541} INFO - Filling up the DagBag from /home/komal/data-engineering-projects/airflow-spark-pipeline/airflow_venv/lib/python3.11/site-packages/airflow/example_dags/example_dynamic_task_mapping_with_no_taskflow_operators.py
[2026-03-18T06:17:44.112+0000] {processor.py:836} INFO - DAG(s) dict_keys(['example_dynamic_task_mapping_with_no_taskflow_operators']) retrieved from /home/komal/data-engineering-projects/airflow-spark-pipeline/airflow_venv/lib/python3.11/site-packages/airflow/example_dags/example_dynamic_task_mapping_with_no_taskflow_operators.py
[2026-03-18T06:17:44.131+0000] {logging_mixin.py:150} INFO - [2026-03-18T06:17:44.130+0000] {dag.py:2742} INFO - Sync 1 DAGs
[2026-03-18T06:17:44.151+0000] {logging_mixin.py:150} INFO - [2026-03-18T06:17:44.151+0000] {dag.py:3504} INFO - Setting next_dagrun for example_dynamic_task_mapping_with_no_taskflow_operators to 2026-03-17T06:17:44.151491+00:00, run_after=2026-03-18T06:17:44.151491+00:00
[2026-03-18T06:17:44.179+0000] {processor.py:179} INFO - Processing /home/komal/data-engineering-projects/airflow-spark-pipeline/airflow_venv/lib/python3.11/site-packages/airflow/example_dags/example_dynamic_task_mapping_with_no_taskflow_operators.py took 0.077 seconds
[2026-03-18T06:33:40.333+0000] {processor.py:186} INFO - Started process (PID=28040) to work on /home/komal/data-engineering-projects/airflow-spark-pipeline/airflow_venv/lib/python3.11/site-packages/airflow/example_dags/example_dynamic_task_mapping_with_no_taskflow_operators.py
[2026-03-18T06:33:40.363+0000] {processor.py:914} INFO - Processing file /home/komal/data-engineering-projects/airflow-spark-pipeline/airflow_venv/lib/python3.11/site-packages/airflow/example_dags/example_dynamic_task_mapping_with_no_taskflow_operators.py for tasks to queue
[2026-03-18T06:33:40.365+0000] {logging_mixin.py:190} INFO - [2026-03-18T06:33:40.365+0000] {dagbag.py:588} INFO - Filling up the DagBag from /home/komal/data-engineering-projects/airflow-spark-pipeline/airflow_venv/lib/python3.11/site-packages/airflow/example_dags/example_dynamic_task_mapping_with_no_taskflow_operators.py
[2026-03-18T06:33:40.371+0000] {processor.py:925} INFO - DAG(s) 'example_dynamic_task_mapping_with_no_taskflow_operators' retrieved from /home/komal/data-engineering-projects/airflow-spark-pipeline/airflow_venv/lib/python3.11/site-packages/airflow/example_dags/example_dynamic_task_mapping_with_no_taskflow_operators.py
[2026-03-18T06:33:40.536+0000] {logging_mixin.py:190} INFO - [2026-03-18T06:33:40.535+0000] {dag.py:3239} INFO - Sync 1 DAGs
[2026-03-18T06:33:40.585+0000] {logging_mixin.py:190} INFO - [2026-03-18T06:33:40.585+0000] {dag.py:4180} INFO - Setting next_dagrun for example_dynamic_task_mapping_with_no_taskflow_operators to None, run_after=None
[2026-03-18T06:33:40.654+0000] {processor.py:208} INFO - Processing /home/komal/data-engineering-projects/airflow-spark-pipeline/airflow_venv/lib/python3.11/site-packages/airflow/example_dags/example_dynamic_task_mapping_with_no_taskflow_operators.py took 0.326 seconds
[2026-03-18T06:34:46.061+0000] {processor.py:186} INFO - Started process (PID=28102) to work on /home/komal/data-engineering-projects/airflow-spark-pipeline/airflow_venv/lib/python3.11/site-packages/airflow/example_dags/example_dynamic_task_mapping_with_no_taskflow_operators.py
[2026-03-18T06:34:46.095+0000] {processor.py:914} INFO - Processing file /home/komal/data-engineering-projects/airflow-spark-pipeline/airflow_venv/lib/python3.11/site-packages/airflow/example_dags/example_dynamic_task_mapping_with_no_taskflow_operators.py for tasks to queue
[2026-03-18T06:34:46.098+0000] {logging_mixin.py:190} INFO - [2026-03-18T06:34:46.097+0000] {dagbag.py:588} INFO - Filling up the DagBag from /home/komal/data-engineering-projects/airflow-spark-pipeline/airflow_venv/lib/python3.11/site-packages/airflow/example_dags/example_dynamic_task_mapping_with_no_taskflow_operators.py
[2026-03-18T06:34:46.117+0000] {processor.py:925} INFO - DAG(s) 'example_dynamic_task_mapping_with_no_taskflow_operators' retrieved from /home/komal/data-engineering-projects/airflow-spark-pipeline/airflow_venv/lib/python3.11/site-packages/airflow/example_dags/example_dynamic_task_mapping_with_no_taskflow_operators.py
[2026-03-18T06:34:46.131+0000] {logging_mixin.py:190} INFO - [2026-03-18T06:34:46.131+0000] {dag.py:3239} INFO - Sync 1 DAGs
[2026-03-18T06:34:46.149+0000] {logging_mixin.py:190} INFO - [2026-03-18T06:34:46.149+0000] {dag.py:4180} INFO - Setting next_dagrun for example_dynamic_task_mapping_with_no_taskflow_operators to None, run_after=None
[2026-03-18T06:34:46.180+0000] {processor.py:208} INFO - Processing /home/komal/data-engineering-projects/airflow-spark-pipeline/airflow_venv/lib/python3.11/site-packages/airflow/example_dags/example_dynamic_task_mapping_with_no_taskflow_operators.py took 0.127 seconds
[2026-03-18T06:35:51.581+0000] {processor.py:186} INFO - Started process (PID=28174) to work on /home/komal/data-engineering-projects/airflow-spark-pipeline/airflow_venv/lib/python3.11/site-packages/airflow/example_dags/example_dynamic_task_mapping_with_no_taskflow_operators.py
[2026-03-18T06:35:51.614+0000] {processor.py:914} INFO - Processing file /home/komal/data-engineering-projects/airflow-spark-pipeline/airflow_venv/lib/python3.11/site-packages/airflow/example_dags/example_dynamic_task_mapping_with_no_taskflow_operators.py for tasks to queue
[2026-03-18T06:35:51.617+0000] {logging_mixin.py:190} INFO - [2026-03-18T06:35:51.616+0000] {dagbag.py:588} INFO - Filling up the DagBag from /home/komal/data-engineering-projects/airflow-spark-pipeline/airflow_venv/lib/python3.11/site-packages/airflow/example_dags/example_dynamic_task_mapping_with_no_taskflow_operators.py
[2026-03-18T06:35:51.630+0000] {processor.py:925} INFO - DAG(s) 'example_dynamic_task_mapping_with_no_taskflow_operators' retrieved from /home/komal/data-engineering-projects/airflow-spark-pipeline/airflow_venv/lib/python3.11/site-packages/airflow/example_dags/example_dynamic_task_mapping_with_no_taskflow_operators.py
[2026-03-18T06:35:51.642+0000] {logging_mixin.py:190} INFO - [2026-03-18T06:35:51.642+0000] {dag.py:3239} INFO - Sync 1 DAGs
[2026-03-18T06:35:51.651+0000] {logging_mixin.py:190} INFO - [2026-03-18T06:35:51.651+0000] {dag.py:4180} INFO - Setting next_dagrun for example_dynamic_task_mapping_with_no_taskflow_operators to None, run_after=None
[2026-03-18T06:35:51.724+0000] {processor.py:208} INFO - Processing /home/komal/data-engineering-projects/airflow-spark-pipeline/airflow_venv/lib/python3.11/site-packages/airflow/example_dags/example_dynamic_task_mapping_with_no_taskflow_operators.py took 0.152 seconds
[2026-03-18T06:37:00.003+0000] {processor.py:186} INFO - Started process (PID=28241) to work on /home/komal/data-engineering-projects/airflow-spark-pipeline/airflow_venv/lib/python3.11/site-packages/airflow/example_dags/example_dynamic_task_mapping_with_no_taskflow_operators.py
[2026-03-18T06:37:00.036+0000] {processor.py:914} INFO - Processing file /home/komal/data-engineering-projects/airflow-spark-pipeline/airflow_venv/lib/python3.11/site-packages/airflow/example_dags/example_dynamic_task_mapping_with_no_taskflow_operators.py for tasks to queue
[2026-03-18T06:37:00.039+0000] {logging_mixin.py:190} INFO - [2026-03-18T06:37:00.038+0000] {dagbag.py:588} INFO - Filling up the DagBag from /home/komal/data-engineering-projects/airflow-spark-pipeline/airflow_venv/lib/python3.11/site-packages/airflow/example_dags/example_dynamic_task_mapping_with_no_taskflow_operators.py
[2026-03-18T06:37:00.054+0000] {processor.py:925} INFO - DAG(s) 'example_dynamic_task_mapping_with_no_taskflow_operators' retrieved from /home/komal/data-engineering-projects/airflow-spark-pipeline/airflow_venv/lib/python3.11/site-packages/airflow/example_dags/example_dynamic_task_mapping_with_no_taskflow_operators.py
[2026-03-18T06:37:00.080+0000] {logging_mixin.py:190} INFO - [2026-03-18T06:37:00.080+0000] {dag.py:3239} INFO - Sync 1 DAGs
[2026-03-18T06:37:00.098+0000] {logging_mixin.py:190} INFO - [2026-03-18T06:37:00.098+0000] {dag.py:4180} INFO - Setting next_dagrun for example_dynamic_task_mapping_with_no_taskflow_operators to None, run_after=None
[2026-03-18T06:37:00.147+0000] {processor.py:208} INFO - Processing /home/komal/data-engineering-projects/airflow-spark-pipeline/airflow_venv/lib/python3.11/site-packages/airflow/example_dags/example_dynamic_task_mapping_with_no_taskflow_operators.py took 0.152 seconds
[2026-03-18T06:38:21.248+0000] {processor.py:186} INFO - Started process (PID=28333) to work on /home/komal/data-engineering-projects/airflow-spark-pipeline/airflow_venv/lib/python3.11/site-packages/airflow/example_dags/example_dynamic_task_mapping_with_no_taskflow_operators.py
[2026-03-18T06:38:21.311+0000] {processor.py:914} INFO - Processing file /home/komal/data-engineering-projects/airflow-spark-pipeline/airflow_venv/lib/python3.11/site-packages/airflow/example_dags/example_dynamic_task_mapping_with_no_taskflow_operators.py for tasks to queue
[2026-03-18T06:38:21.316+0000] {logging_mixin.py:190} INFO - [2026-03-18T06:38:21.315+0000] {dagbag.py:588} INFO - Filling up the DagBag from /home/komal/data-engineering-projects/airflow-spark-pipeline/airflow_venv/lib/python3.11/site-packages/airflow/example_dags/example_dynamic_task_mapping_with_no_taskflow_operators.py
[2026-03-18T06:38:21.334+0000] {processor.py:925} INFO - DAG(s) 'example_dynamic_task_mapping_with_no_taskflow_operators' retrieved from /home/komal/data-engineering-projects/airflow-spark-pipeline/airflow_venv/lib/python3.11/site-packages/airflow/example_dags/example_dynamic_task_mapping_with_no_taskflow_operators.py
[2026-03-18T06:38:21.366+0000] {logging_mixin.py:190} INFO - [2026-03-18T06:38:21.366+0000] {dag.py:3239} INFO - Sync 1 DAGs
[2026-03-18T06:38:21.381+0000] {logging_mixin.py:190} INFO - [2026-03-18T06:38:21.381+0000] {dag.py:4180} INFO - Setting next_dagrun for example_dynamic_task_mapping_with_no_taskflow_operators to None, run_after=None
[2026-03-18T06:38:21.444+0000] {processor.py:208} INFO - Processing /home/komal/data-engineering-projects/airflow-spark-pipeline/airflow_venv/lib/python3.11/site-packages/airflow/example_dags/example_dynamic_task_mapping_with_no_taskflow_operators.py took 0.206 seconds
[2026-03-18T06:39:30.854+0000] {processor.py:186} INFO - Started process (PID=28477) to work on /home/komal/data-engineering-projects/airflow-spark-pipeline/airflow_venv/lib/python3.11/site-packages/airflow/example_dags/example_dynamic_task_mapping_with_no_taskflow_operators.py
[2026-03-18T06:39:30.885+0000] {processor.py:914} INFO - Processing file /home/komal/data-engineering-projects/airflow-spark-pipeline/airflow_venv/lib/python3.11/site-packages/airflow/example_dags/example_dynamic_task_mapping_with_no_taskflow_operators.py for tasks to queue
[2026-03-18T06:39:30.887+0000] {logging_mixin.py:190} INFO - [2026-03-18T06:39:30.887+0000] {dagbag.py:588} INFO - Filling up the DagBag from /home/komal/data-engineering-projects/airflow-spark-pipeline/airflow_venv/lib/python3.11/site-packages/airflow/example_dags/example_dynamic_task_mapping_with_no_taskflow_operators.py
[2026-03-18T06:39:30.999+0000] {processor.py:925} INFO - DAG(s) 'example_dynamic_task_mapping_with_no_taskflow_operators' retrieved from /home/komal/data-engineering-projects/airflow-spark-pipeline/airflow_venv/lib/python3.11/site-packages/airflow/example_dags/example_dynamic_task_mapping_with_no_taskflow_operators.py
[2026-03-18T06:39:31.019+0000] {logging_mixin.py:190} INFO - [2026-03-18T06:39:31.019+0000] {dag.py:3239} INFO - Sync 1 DAGs
[2026-03-18T06:39:31.037+0000] {logging_mixin.py:190} INFO - [2026-03-18T06:39:31.037+0000] {dag.py:4180} INFO - Setting next_dagrun for example_dynamic_task_mapping_with_no_taskflow_operators to None, run_after=None
[2026-03-18T06:39:31.250+0000] {processor.py:208} INFO - Processing /home/komal/data-engineering-projects/airflow-spark-pipeline/airflow_venv/lib/python3.11/site-packages/airflow/example_dags/example_dynamic_task_mapping_with_no_taskflow_operators.py took 0.412 seconds
[2026-03-18T06:40:39.798+0000] {processor.py:186} INFO - Started process (PID=28547) to work on /home/komal/data-engineering-projects/airflow-spark-pipeline/airflow_venv/lib/python3.11/site-packages/airflow/example_dags/example_dynamic_task_mapping_with_no_taskflow_operators.py
[2026-03-18T06:40:39.800+0000] {processor.py:914} INFO - Processing file /home/komal/data-engineering-projects/airflow-spark-pipeline/airflow_venv/lib/python3.11/site-packages/airflow/example_dags/example_dynamic_task_mapping_with_no_taskflow_operators.py for tasks to queue
[2026-03-18T06:40:39.804+0000] {logging_mixin.py:190} INFO - [2026-03-18T06:40:39.804+0000] {dagbag.py:588} INFO - Filling up the DagBag from /home/komal/data-engineering-projects/airflow-spark-pipeline/airflow_venv/lib/python3.11/site-packages/airflow/example_dags/example_dynamic_task_mapping_with_no_taskflow_operators.py
[2026-03-18T06:40:39.819+0000] {processor.py:925} INFO - DAG(s) 'example_dynamic_task_mapping_with_no_taskflow_operators' retrieved from /home/komal/data-engineering-projects/airflow-spark-pipeline/airflow_venv/lib/python3.11/site-packages/airflow/example_dags/example_dynamic_task_mapping_with_no_taskflow_operators.py
[2026-03-18T06:40:39.838+0000] {logging_mixin.py:190} INFO - [2026-03-18T06:40:39.838+0000] {dag.py:3239} INFO - Sync 1 DAGs
[2026-03-18T06:40:39.848+0000] {logging_mixin.py:190} INFO - [2026-03-18T06:40:39.848+0000] {dag.py:4180} INFO - Setting next_dagrun for example_dynamic_task_mapping_with_no_taskflow_operators to None, run_after=None
[2026-03-18T06:40:39.873+0000] {processor.py:208} INFO - Processing /home/komal/data-engineering-projects/airflow-spark-pipeline/airflow_venv/lib/python3.11/site-packages/airflow/example_dags/example_dynamic_task_mapping_with_no_taskflow_operators.py took 0.084 seconds
[2026-03-18T06:41:48.067+0000] {processor.py:186} INFO - Started process (PID=28695) to work on /home/komal/data-engineering-projects/airflow-spark-pipeline/airflow_venv/lib/python3.11/site-packages/airflow/example_dags/example_dynamic_task_mapping_with_no_taskflow_operators.py
[2026-03-18T06:41:48.098+0000] {processor.py:914} INFO - Processing file /home/komal/data-engineering-projects/airflow-spark-pipeline/airflow_venv/lib/python3.11/site-packages/airflow/example_dags/example_dynamic_task_mapping_with_no_taskflow_operators.py for tasks to queue
[2026-03-18T06:41:48.101+0000] {logging_mixin.py:190} INFO - [2026-03-18T06:41:48.101+0000] {dagbag.py:588} INFO - Filling up the DagBag from /home/komal/data-engineering-projects/airflow-spark-pipeline/airflow_venv/lib/python3.11/site-packages/airflow/example_dags/example_dynamic_task_mapping_with_no_taskflow_operators.py
[2026-03-18T06:41:48.112+0000] {processor.py:925} INFO - DAG(s) 'example_dynamic_task_mapping_with_no_taskflow_operators' retrieved from /home/komal/data-engineering-projects/airflow-spark-pipeline/airflow_venv/lib/python3.11/site-packages/airflow/example_dags/example_dynamic_task_mapping_with_no_taskflow_operators.py
[2026-03-18T06:41:48.122+0000] {logging_mixin.py:190} INFO - [2026-03-18T06:41:48.122+0000] {dag.py:3239} INFO - Sync 1 DAGs
[2026-03-18T06:41:48.141+0000] {logging_mixin.py:190} INFO - [2026-03-18T06:41:48.140+0000] {dag.py:4180} INFO - Setting next_dagrun for example_dynamic_task_mapping_with_no_taskflow_operators to None, run_after=None
[2026-03-18T06:41:48.171+0000] {processor.py:208} INFO - Processing /home/komal/data-engineering-projects/airflow-spark-pipeline/airflow_venv/lib/python3.11/site-packages/airflow/example_dags/example_dynamic_task_mapping_with_no_taskflow_operators.py took 0.112 seconds
[2026-03-18T06:43:04.251+0000] {processor.py:186} INFO - Started process (PID=28773) to work on /home/komal/data-engineering-projects/airflow-spark-pipeline/airflow_venv/lib/python3.11/site-packages/airflow/example_dags/example_dynamic_task_mapping_with_no_taskflow_operators.py
[2026-03-18T06:43:04.255+0000] {processor.py:914} INFO - Processing file /home/komal/data-engineering-projects/airflow-spark-pipeline/airflow_venv/lib/python3.11/site-packages/airflow/example_dags/example_dynamic_task_mapping_with_no_taskflow_operators.py for tasks to queue
[2026-03-18T06:43:04.257+0000] {logging_mixin.py:190} INFO - [2026-03-18T06:43:04.257+0000] {dagbag.py:588} INFO - Filling up the DagBag from /home/komal/data-engineering-projects/airflow-spark-pipeline/airflow_venv/lib/python3.11/site-packages/airflow/example_dags/example_dynamic_task_mapping_with_no_taskflow_operators.py
[2026-03-18T06:43:04.263+0000] {processor.py:925} INFO - DAG(s) 'example_dynamic_task_mapping_with_no_taskflow_operators' retrieved from /home/komal/data-engineering-projects/airflow-spark-pipeline/airflow_venv/lib/python3.11/site-packages/airflow/example_dags/example_dynamic_task_mapping_with_no_taskflow_operators.py
[2026-03-18T06:43:04.364+0000] {logging_mixin.py:190} INFO - [2026-03-18T06:43:04.363+0000] {dag.py:3239} INFO - Sync 1 DAGs
[2026-03-18T06:43:04.370+0000] {logging_mixin.py:190} INFO - [2026-03-18T06:43:04.369+0000] {dag.py:4180} INFO - Setting next_dagrun for example_dynamic_task_mapping_with_no_taskflow_operators to None, run_after=None
[2026-03-18T06:43:04.422+0000] {processor.py:208} INFO - Processing /home/komal/data-engineering-projects/airflow-spark-pipeline/airflow_venv/lib/python3.11/site-packages/airflow/example_dags/example_dynamic_task_mapping_with_no_taskflow_operators.py took 0.179 seconds
[2026-03-18T06:44:29.334+0000] {processor.py:186} INFO - Started process (PID=28923) to work on /home/komal/data-engineering-projects/airflow-spark-pipeline/airflow_venv/lib/python3.11/site-packages/airflow/example_dags/example_dynamic_task_mapping_with_no_taskflow_operators.py
[2026-03-18T06:44:29.365+0000] {processor.py:914} INFO - Processing file /home/komal/data-engineering-projects/airflow-spark-pipeline/airflow_venv/lib/python3.11/site-packages/airflow/example_dags/example_dynamic_task_mapping_with_no_taskflow_operators.py for tasks to queue
[2026-03-18T06:44:29.369+0000] {logging_mixin.py:190} INFO - [2026-03-18T06:44:29.369+0000] {dagbag.py:588} INFO - Filling up the DagBag from /home/komal/data-engineering-projects/airflow-spark-pipeline/airflow_venv/lib/python3.11/site-packages/airflow/example_dags/example_dynamic_task_mapping_with_no_taskflow_operators.py
[2026-03-18T06:44:29.382+0000] {processor.py:925} INFO - DAG(s) 'example_dynamic_task_mapping_with_no_taskflow_operators' retrieved from /home/komal/data-engineering-projects/airflow-spark-pipeline/airflow_venv/lib/python3.11/site-packages/airflow/example_dags/example_dynamic_task_mapping_with_no_taskflow_operators.py
[2026-03-18T06:44:29.403+0000] {logging_mixin.py:190} INFO - [2026-03-18T06:44:29.403+0000] {dag.py:3239} INFO - Sync 1 DAGs
[2026-03-18T06:44:29.419+0000] {logging_mixin.py:190} INFO - [2026-03-18T06:44:29.418+0000] {dag.py:4180} INFO - Setting next_dagrun for example_dynamic_task_mapping_with_no_taskflow_operators to None, run_after=None
[2026-03-18T06:44:29.486+0000] {processor.py:208} INFO - Processing /home/komal/data-engineering-projects/airflow-spark-pipeline/airflow_venv/lib/python3.11/site-packages/airflow/example_dags/example_dynamic_task_mapping_with_no_taskflow_operators.py took 0.164 seconds
[2026-03-18T06:45:45.663+0000] {processor.py:186} INFO - Started process (PID=29146) to work on /home/komal/data-engineering-projects/airflow-spark-pipeline/airflow_venv/lib/python3.11/site-packages/airflow/example_dags/example_dynamic_task_mapping_with_no_taskflow_operators.py
[2026-03-18T06:45:45.665+0000] {processor.py:914} INFO - Processing file /home/komal/data-engineering-projects/airflow-spark-pipeline/airflow_venv/lib/python3.11/site-packages/airflow/example_dags/example_dynamic_task_mapping_with_no_taskflow_operators.py for tasks to queue
[2026-03-18T06:45:45.668+0000] {logging_mixin.py:190} INFO - [2026-03-18T06:45:45.668+0000] {dagbag.py:588} INFO - Filling up the DagBag from /home/komal/data-engineering-projects/airflow-spark-pipeline/airflow_venv/lib/python3.11/site-packages/airflow/example_dags/example_dynamic_task_mapping_with_no_taskflow_operators.py
[2026-03-18T06:45:45.680+0000] {processor.py:925} INFO - DAG(s) 'example_dynamic_task_mapping_with_no_taskflow_operators' retrieved from /home/komal/data-engineering-projects/airflow-spark-pipeline/airflow_venv/lib/python3.11/site-packages/airflow/example_dags/example_dynamic_task_mapping_with_no_taskflow_operators.py
[2026-03-18T06:45:45.698+0000] {logging_mixin.py:190} INFO - [2026-03-18T06:45:45.698+0000] {dag.py:3239} INFO - Sync 1 DAGs
[2026-03-18T06:45:45.711+0000] {logging_mixin.py:190} INFO - [2026-03-18T06:45:45.711+0000] {dag.py:4180} INFO - Setting next_dagrun for example_dynamic_task_mapping_with_no_taskflow_operators to None, run_after=None
[2026-03-18T06:45:45.746+0000] {processor.py:208} INFO - Processing /home/komal/data-engineering-projects/airflow-spark-pipeline/airflow_venv/lib/python3.11/site-packages/airflow/example_dags/example_dynamic_task_mapping_with_no_taskflow_operators.py took 0.096 seconds
[2026-03-18T06:46:52.325+0000] {processor.py:186} INFO - Started process (PID=29439) to work on /home/komal/data-engineering-projects/airflow-spark-pipeline/airflow_venv/lib/python3.11/site-packages/airflow/example_dags/example_dynamic_task_mapping_with_no_taskflow_operators.py
[2026-03-18T06:46:52.329+0000] {processor.py:914} INFO - Processing file /home/komal/data-engineering-projects/airflow-spark-pipeline/airflow_venv/lib/python3.11/site-packages/airflow/example_dags/example_dynamic_task_mapping_with_no_taskflow_operators.py for tasks to queue
[2026-03-18T06:46:52.333+0000] {logging_mixin.py:190} INFO - [2026-03-18T06:46:52.332+0000] {dagbag.py:588} INFO - Filling up the DagBag from /home/komal/data-engineering-projects/airflow-spark-pipeline/airflow_venv/lib/python3.11/site-packages/airflow/example_dags/example_dynamic_task_mapping_with_no_taskflow_operators.py
[2026-03-18T06:46:52.348+0000] {processor.py:925} INFO - DAG(s) 'example_dynamic_task_mapping_with_no_taskflow_operators' retrieved from /home/komal/data-engineering-projects/airflow-spark-pipeline/airflow_venv/lib/python3.11/site-packages/airflow/example_dags/example_dynamic_task_mapping_with_no_taskflow_operators.py
[2026-03-18T06:46:52.377+0000] {logging_mixin.py:190} INFO - [2026-03-18T06:46:52.377+0000] {dag.py:3239} INFO - Sync 1 DAGs
[2026-03-18T06:46:52.393+0000] {logging_mixin.py:190} INFO - [2026-03-18T06:46:52.393+0000] {dag.py:4180} INFO - Setting next_dagrun for example_dynamic_task_mapping_with_no_taskflow_operators to None, run_after=None
[2026-03-18T06:46:52.415+0000] {processor.py:208} INFO - Processing /home/komal/data-engineering-projects/airflow-spark-pipeline/airflow_venv/lib/python3.11/site-packages/airflow/example_dags/example_dynamic_task_mapping_with_no_taskflow_operators.py took 0.099 seconds
[2026-03-18T06:48:02.384+0000] {processor.py:186} INFO - Started process (PID=29509) to work on /home/komal/data-engineering-projects/airflow-spark-pipeline/airflow_venv/lib/python3.11/site-packages/airflow/example_dags/example_dynamic_task_mapping_with_no_taskflow_operators.py
[2026-03-18T06:48:02.386+0000] {processor.py:914} INFO - Processing file /home/komal/data-engineering-projects/airflow-spark-pipeline/airflow_venv/lib/python3.11/site-packages/airflow/example_dags/example_dynamic_task_mapping_with_no_taskflow_operators.py for tasks to queue
[2026-03-18T06:48:02.391+0000] {logging_mixin.py:190} INFO - [2026-03-18T06:48:02.391+0000] {dagbag.py:588} INFO - Filling up the DagBag from /home/komal/data-engineering-projects/airflow-spark-pipeline/airflow_venv/lib/python3.11/site-packages/airflow/example_dags/example_dynamic_task_mapping_with_no_taskflow_operators.py
[2026-03-18T06:48:02.403+0000] {processor.py:925} INFO - DAG(s) 'example_dynamic_task_mapping_with_no_taskflow_operators' retrieved from /home/komal/data-engineering-projects/airflow-spark-pipeline/airflow_venv/lib/python3.11/site-packages/airflow/example_dags/example_dynamic_task_mapping_with_no_taskflow_operators.py
[2026-03-18T06:48:02.432+0000] {logging_mixin.py:190} INFO - [2026-03-18T06:48:02.432+0000] {dag.py:3239} INFO - Sync 1 DAGs
[2026-03-18T06:48:02.444+0000] {logging_mixin.py:190} INFO - [2026-03-18T06:48:02.443+0000] {dag.py:4180} INFO - Setting next_dagrun for example_dynamic_task_mapping_with_no_taskflow_operators to None, run_after=None
[2026-03-18T06:48:02.465+0000] {processor.py:208} INFO - Processing /home/komal/data-engineering-projects/airflow-spark-pipeline/airflow_venv/lib/python3.11/site-packages/airflow/example_dags/example_dynamic_task_mapping_with_no_taskflow_operators.py took 0.086 seconds
[2026-03-18T06:49:26.262+0000] {processor.py:186} INFO - Started process (PID=29668) to work on /home/komal/data-engineering-projects/airflow-spark-pipeline/airflow_venv/lib/python3.11/site-packages/airflow/example_dags/example_dynamic_task_mapping_with_no_taskflow_operators.py
[2026-03-18T06:49:26.265+0000] {processor.py:914} INFO - Processing file /home/komal/data-engineering-projects/airflow-spark-pipeline/airflow_venv/lib/python3.11/site-packages/airflow/example_dags/example_dynamic_task_mapping_with_no_taskflow_operators.py for tasks to queue
[2026-03-18T06:49:26.271+0000] {logging_mixin.py:190} INFO - [2026-03-18T06:49:26.270+0000] {dagbag.py:588} INFO - Filling up the DagBag from /home/komal/data-engineering-projects/airflow-spark-pipeline/airflow_venv/lib/python3.11/site-packages/airflow/example_dags/example_dynamic_task_mapping_with_no_taskflow_operators.py
[2026-03-18T06:49:26.277+0000] {processor.py:925} INFO - DAG(s) 'example_dynamic_task_mapping_with_no_taskflow_operators' retrieved from /home/komal/data-engineering-projects/airflow-spark-pipeline/airflow_venv/lib/python3.11/site-packages/airflow/example_dags/example_dynamic_task_mapping_with_no_taskflow_operators.py
[2026-03-18T06:49:26.303+0000] {logging_mixin.py:190} INFO - [2026-03-18T06:49:26.303+0000] {dag.py:3239} INFO - Sync 1 DAGs
[2026-03-18T06:49:26.315+0000] {logging_mixin.py:190} INFO - [2026-03-18T06:49:26.314+0000] {dag.py:4180} INFO - Setting next_dagrun for example_dynamic_task_mapping_with_no_taskflow_operators to None, run_after=None
[2026-03-18T06:49:26.337+0000] {processor.py:208} INFO - Processing /home/komal/data-engineering-projects/airflow-spark-pipeline/airflow_venv/lib/python3.11/site-packages/airflow/example_dags/example_dynamic_task_mapping_with_no_taskflow_operators.py took 0.080 seconds
[2026-03-18T06:50:43.070+0000] {processor.py:186} INFO - Started process (PID=29814) to work on /home/komal/data-engineering-projects/airflow-spark-pipeline/airflow_venv/lib/python3.11/site-packages/airflow/example_dags/example_dynamic_task_mapping_with_no_taskflow_operators.py
[2026-03-18T06:50:43.103+0000] {processor.py:914} INFO - Processing file /home/komal/data-engineering-projects/airflow-spark-pipeline/airflow_venv/lib/python3.11/site-packages/airflow/example_dags/example_dynamic_task_mapping_with_no_taskflow_operators.py for tasks to queue
[2026-03-18T06:50:43.107+0000] {logging_mixin.py:190} INFO - [2026-03-18T06:50:43.106+0000] {dagbag.py:588} INFO - Filling up the DagBag from /home/komal/data-engineering-projects/airflow-spark-pipeline/airflow_venv/lib/python3.11/site-packages/airflow/example_dags/example_dynamic_task_mapping_with_no_taskflow_operators.py
[2026-03-18T06:50:43.119+0000] {processor.py:925} INFO - DAG(s) 'example_dynamic_task_mapping_with_no_taskflow_operators' retrieved from /home/komal/data-engineering-projects/airflow-spark-pipeline/airflow_venv/lib/python3.11/site-packages/airflow/example_dags/example_dynamic_task_mapping_with_no_taskflow_operators.py
[2026-03-18T06:50:43.225+0000] {logging_mixin.py:190} INFO - [2026-03-18T06:50:43.224+0000] {dag.py:3239} INFO - Sync 1 DAGs
[2026-03-18T06:50:43.232+0000] {logging_mixin.py:190} INFO - [2026-03-18T06:50:43.231+0000] {dag.py:4180} INFO - Setting next_dagrun for example_dynamic_task_mapping_with_no_taskflow_operators to None, run_after=None
[2026-03-18T06:50:43.290+0000] {processor.py:208} INFO - Processing /home/komal/data-engineering-projects/airflow-spark-pipeline/airflow_venv/lib/python3.11/site-packages/airflow/example_dags/example_dynamic_task_mapping_with_no_taskflow_operators.py took 0.231 seconds
[2026-03-18T06:51:54.002+0000] {processor.py:186} INFO - Started process (PID=29959) to work on /home/komal/data-engineering-projects/airflow-spark-pipeline/airflow_venv/lib/python3.11/site-packages/airflow/example_dags/example_dynamic_task_mapping_with_no_taskflow_operators.py
[2026-03-18T06:51:54.005+0000] {processor.py:914} INFO - Processing file /home/komal/data-engineering-projects/airflow-spark-pipeline/airflow_venv/lib/python3.11/site-packages/airflow/example_dags/example_dynamic_task_mapping_with_no_taskflow_operators.py for tasks to queue
[2026-03-18T06:51:54.009+0000] {logging_mixin.py:190} INFO - [2026-03-18T06:51:54.008+0000] {dagbag.py:588} INFO - Filling up the DagBag from /home/komal/data-engineering-projects/airflow-spark-pipeline/airflow_venv/lib/python3.11/site-packages/airflow/example_dags/example_dynamic_task_mapping_with_no_taskflow_operators.py
[2026-03-18T06:51:54.016+0000] {processor.py:925} INFO - DAG(s) 'example_dynamic_task_mapping_with_no_taskflow_operators' retrieved from /home/komal/data-engineering-projects/airflow-spark-pipeline/airflow_venv/lib/python3.11/site-packages/airflow/example_dags/example_dynamic_task_mapping_with_no_taskflow_operators.py
[2026-03-18T06:51:54.028+0000] {logging_mixin.py:190} INFO - [2026-03-18T06:51:54.028+0000] {dag.py:3239} INFO - Sync 1 DAGs
[2026-03-18T06:51:54.038+0000] {logging_mixin.py:190} INFO - [2026-03-18T06:51:54.038+0000] {dag.py:4180} INFO - Setting next_dagrun for example_dynamic_task_mapping_with_no_taskflow_operators to None, run_after=None
[2026-03-18T06:51:54.058+0000] {processor.py:208} INFO - Processing /home/komal/data-engineering-projects/airflow-spark-pipeline/airflow_venv/lib/python3.11/site-packages/airflow/example_dags/example_dynamic_task_mapping_with_no_taskflow_operators.py took 0.064 seconds
[2026-03-18T06:52:58.605+0000] {processor.py:186} INFO - Started process (PID=30023) to work on /home/komal/data-engineering-projects/airflow-spark-pipeline/airflow_venv/lib/python3.11/site-packages/airflow/example_dags/example_dynamic_task_mapping_with_no_taskflow_operators.py
[2026-03-18T06:52:58.609+0000] {processor.py:914} INFO - Processing file /home/komal/data-engineering-projects/airflow-spark-pipeline/airflow_venv/lib/python3.11/site-packages/airflow/example_dags/example_dynamic_task_mapping_with_no_taskflow_operators.py for tasks to queue
[2026-03-18T06:52:58.614+0000] {logging_mixin.py:190} INFO - [2026-03-18T06:52:58.614+0000] {dagbag.py:588} INFO - Filling up the DagBag from /home/komal/data-engineering-projects/airflow-spark-pipeline/airflow_venv/lib/python3.11/site-packages/airflow/example_dags/example_dynamic_task_mapping_with_no_taskflow_operators.py
[2026-03-18T06:52:58.625+0000] {processor.py:925} INFO - DAG(s) 'example_dynamic_task_mapping_with_no_taskflow_operators' retrieved from /home/komal/data-engineering-projects/airflow-spark-pipeline/airflow_venv/lib/python3.11/site-packages/airflow/example_dags/example_dynamic_task_mapping_with_no_taskflow_operators.py
[2026-03-18T06:52:58.640+0000] {logging_mixin.py:190} INFO - [2026-03-18T06:52:58.640+0000] {dag.py:3239} INFO - Sync 1 DAGs
[2026-03-18T06:52:58.650+0000] {logging_mixin.py:190} INFO - [2026-03-18T06:52:58.650+0000] {dag.py:4180} INFO - Setting next_dagrun for example_dynamic_task_mapping_with_no_taskflow_operators to None, run_after=None
[2026-03-18T06:52:58.689+0000] {processor.py:208} INFO - Processing /home/komal/data-engineering-projects/airflow-spark-pipeline/airflow_venv/lib/python3.11/site-packages/airflow/example_dags/example_dynamic_task_mapping_with_no_taskflow_operators.py took 0.087 seconds
[2026-03-18T06:54:22.245+0000] {processor.py:186} INFO - Started process (PID=30172) to work on /home/komal/data-engineering-projects/airflow-spark-pipeline/airflow_venv/lib/python3.11/site-packages/airflow/example_dags/example_dynamic_task_mapping_with_no_taskflow_operators.py
[2026-03-18T06:54:22.256+0000] {processor.py:914} INFO - Processing file /home/komal/data-engineering-projects/airflow-spark-pipeline/airflow_venv/lib/python3.11/site-packages/airflow/example_dags/example_dynamic_task_mapping_with_no_taskflow_operators.py for tasks to queue
[2026-03-18T06:54:22.258+0000] {logging_mixin.py:190} INFO - [2026-03-18T06:54:22.258+0000] {dagbag.py:588} INFO - Filling up the DagBag from /home/komal/data-engineering-projects/airflow-spark-pipeline/airflow_venv/lib/python3.11/site-packages/airflow/example_dags/example_dynamic_task_mapping_with_no_taskflow_operators.py
[2026-03-18T06:54:22.265+0000] {processor.py:925} INFO - DAG(s) 'example_dynamic_task_mapping_with_no_taskflow_operators' retrieved from /home/komal/data-engineering-projects/airflow-spark-pipeline/airflow_venv/lib/python3.11/site-packages/airflow/example_dags/example_dynamic_task_mapping_with_no_taskflow_operators.py
[2026-03-18T06:54:22.276+0000] {logging_mixin.py:190} INFO - [2026-03-18T06:54:22.276+0000] {dag.py:3239} INFO - Sync 1 DAGs
[2026-03-18T06:54:22.284+0000] {logging_mixin.py:190} INFO - [2026-03-18T06:54:22.284+0000] {dag.py:4180} INFO - Setting next_dagrun for example_dynamic_task_mapping_with_no_taskflow_operators to None, run_after=None
[2026-03-18T06:54:22.326+0000] {processor.py:208} INFO - Processing /home/komal/data-engineering-projects/airflow-spark-pipeline/airflow_venv/lib/python3.11/site-packages/airflow/example_dags/example_dynamic_task_mapping_with_no_taskflow_operators.py took 0.085 seconds
[2026-03-18T06:55:33.796+0000] {processor.py:186} INFO - Started process (PID=30242) to work on /home/komal/data-engineering-projects/airflow-spark-pipeline/airflow_venv/lib/python3.11/site-packages/airflow/example_dags/example_dynamic_task_mapping_with_no_taskflow_operators.py
[2026-03-18T06:55:33.800+0000] {processor.py:914} INFO - Processing file /home/komal/data-engineering-projects/airflow-spark-pipeline/airflow_venv/lib/python3.11/site-packages/airflow/example_dags/example_dynamic_task_mapping_with_no_taskflow_operators.py for tasks to queue
[2026-03-18T06:55:33.804+0000] {logging_mixin.py:190} INFO - [2026-03-18T06:55:33.803+0000] {dagbag.py:588} INFO - Filling up the DagBag from /home/komal/data-engineering-projects/airflow-spark-pipeline/airflow_venv/lib/python3.11/site-packages/airflow/example_dags/example_dynamic_task_mapping_with_no_taskflow_operators.py
[2026-03-18T06:55:33.818+0000] {processor.py:925} INFO - DAG(s) 'example_dynamic_task_mapping_with_no_taskflow_operators' retrieved from /home/komal/data-engineering-projects/airflow-spark-pipeline/airflow_venv/lib/python3.11/site-packages/airflow/example_dags/example_dynamic_task_mapping_with_no_taskflow_operators.py
[2026-03-18T06:55:33.836+0000] {logging_mixin.py:190} INFO - [2026-03-18T06:55:33.836+0000] {dag.py:3239} INFO - Sync 1 DAGs
[2026-03-18T06:55:33.846+0000] {logging_mixin.py:190} INFO - [2026-03-18T06:55:33.845+0000] {dag.py:4180} INFO - Setting next_dagrun for example_dynamic_task_mapping_with_no_taskflow_operators to None, run_after=None
[2026-03-18T06:55:33.902+0000] {processor.py:208} INFO - Processing /home/komal/data-engineering-projects/airflow-spark-pipeline/airflow_venv/lib/python3.11/site-packages/airflow/example_dags/example_dynamic_task_mapping_with_no_taskflow_operators.py took 0.111 seconds
[2026-03-18T06:56:31.601+0000] {processor.py:186} INFO - Started process (PID=30455) to work on /home/komal/data-engineering-projects/airflow-spark-pipeline/airflow_venv/lib/python3.11/site-packages/airflow/example_dags/example_dynamic_task_mapping_with_no_taskflow_operators.py
[2026-03-18T06:56:31.633+0000] {processor.py:914} INFO - Processing file /home/komal/data-engineering-projects/airflow-spark-pipeline/airflow_venv/lib/python3.11/site-packages/airflow/example_dags/example_dynamic_task_mapping_with_no_taskflow_operators.py for tasks to queue
[2026-03-18T06:56:31.638+0000] {logging_mixin.py:190} INFO - [2026-03-18T06:56:31.638+0000] {dagbag.py:588} INFO - Filling up the DagBag from /home/komal/data-engineering-projects/airflow-spark-pipeline/airflow_venv/lib/python3.11/site-packages/airflow/example_dags/example_dynamic_task_mapping_with_no_taskflow_operators.py
[2026-03-18T06:56:31.653+0000] {processor.py:925} INFO - DAG(s) 'example_dynamic_task_mapping_with_no_taskflow_operators' retrieved from /home/komal/data-engineering-projects/airflow-spark-pipeline/airflow_venv/lib/python3.11/site-packages/airflow/example_dags/example_dynamic_task_mapping_with_no_taskflow_operators.py
[2026-03-18T06:56:31.672+0000] {logging_mixin.py:190} INFO - [2026-03-18T06:56:31.671+0000] {dag.py:3239} INFO - Sync 1 DAGs
[2026-03-18T06:56:31.691+0000] {logging_mixin.py:190} INFO - [2026-03-18T06:56:31.691+0000] {dag.py:4180} INFO - Setting next_dagrun for example_dynamic_task_mapping_with_no_taskflow_operators to None, run_after=None
[2026-03-18T06:56:31.722+0000] {processor.py:208} INFO - Processing /home/komal/data-engineering-projects/airflow-spark-pipeline/airflow_venv/lib/python3.11/site-packages/airflow/example_dags/example_dynamic_task_mapping_with_no_taskflow_operators.py took 0.130 seconds
[2026-03-18T06:57:40.289+0000] {processor.py:186} INFO - Started process (PID=30519) to work on /home/komal/data-engineering-projects/airflow-spark-pipeline/airflow_venv/lib/python3.11/site-packages/airflow/example_dags/example_dynamic_task_mapping_with_no_taskflow_operators.py
[2026-03-18T06:57:40.325+0000] {processor.py:914} INFO - Processing file /home/komal/data-engineering-projects/airflow-spark-pipeline/airflow_venv/lib/python3.11/site-packages/airflow/example_dags/example_dynamic_task_mapping_with_no_taskflow_operators.py for tasks to queue
[2026-03-18T06:57:40.328+0000] {logging_mixin.py:190} INFO - [2026-03-18T06:57:40.328+0000] {dagbag.py:588} INFO - Filling up the DagBag from /home/komal/data-engineering-projects/airflow-spark-pipeline/airflow_venv/lib/python3.11/site-packages/airflow/example_dags/example_dynamic_task_mapping_with_no_taskflow_operators.py
[2026-03-18T06:57:40.347+0000] {processor.py:925} INFO - DAG(s) 'example_dynamic_task_mapping_with_no_taskflow_operators' retrieved from /home/komal/data-engineering-projects/airflow-spark-pipeline/airflow_venv/lib/python3.11/site-packages/airflow/example_dags/example_dynamic_task_mapping_with_no_taskflow_operators.py
[2026-03-18T06:57:40.377+0000] {logging_mixin.py:190} INFO - [2026-03-18T06:57:40.377+0000] {dag.py:3239} INFO - Sync 1 DAGs
[2026-03-18T06:57:40.390+0000] {logging_mixin.py:190} INFO - [2026-03-18T06:57:40.390+0000] {dag.py:4180} INFO - Setting next_dagrun for example_dynamic_task_mapping_with_no_taskflow_operators to None, run_after=None
[2026-03-18T06:57:40.473+0000] {processor.py:208} INFO - Processing /home/komal/data-engineering-projects/airflow-spark-pipeline/airflow_venv/lib/python3.11/site-packages/airflow/example_dags/example_dynamic_task_mapping_with_no_taskflow_operators.py took 0.195 seconds
[2026-03-18T06:59:03.072+0000] {processor.py:186} INFO - Started process (PID=30669) to work on /home/komal/data-engineering-projects/airflow-spark-pipeline/airflow_venv/lib/python3.11/site-packages/airflow/example_dags/example_dynamic_task_mapping_with_no_taskflow_operators.py
[2026-03-18T06:59:03.077+0000] {processor.py:914} INFO - Processing file /home/komal/data-engineering-projects/airflow-spark-pipeline/airflow_venv/lib/python3.11/site-packages/airflow/example_dags/example_dynamic_task_mapping_with_no_taskflow_operators.py for tasks to queue
[2026-03-18T06:59:03.079+0000] {logging_mixin.py:190} INFO - [2026-03-18T06:59:03.079+0000] {dagbag.py:588} INFO - Filling up the DagBag from /home/komal/data-engineering-projects/airflow-spark-pipeline/airflow_venv/lib/python3.11/site-packages/airflow/example_dags/example_dynamic_task_mapping_with_no_taskflow_operators.py
[2026-03-18T06:59:03.086+0000] {processor.py:925} INFO - DAG(s) 'example_dynamic_task_mapping_with_no_taskflow_operators' retrieved from /home/komal/data-engineering-projects/airflow-spark-pipeline/airflow_venv/lib/python3.11/site-packages/airflow/example_dags/example_dynamic_task_mapping_with_no_taskflow_operators.py
[2026-03-18T06:59:03.098+0000] {logging_mixin.py:190} INFO - [2026-03-18T06:59:03.098+0000] {dag.py:3239} INFO - Sync 1 DAGs
[2026-03-18T06:59:03.106+0000] {logging_mixin.py:190} INFO - [2026-03-18T06:59:03.106+0000] {dag.py:4180} INFO - Setting next_dagrun for example_dynamic_task_mapping_with_no_taskflow_operators to None, run_after=None
[2026-03-18T06:59:03.130+0000] {processor.py:208} INFO - Processing /home/komal/data-engineering-projects/airflow-spark-pipeline/airflow_venv/lib/python3.11/site-packages/airflow/example_dags/example_dynamic_task_mapping_with_no_taskflow_operators.py took 0.067 seconds
[2026-03-18T07:00:12.834+0000] {processor.py:186} INFO - Started process (PID=30740) to work on /home/komal/data-engineering-projects/airflow-spark-pipeline/airflow_venv/lib/python3.11/site-packages/airflow/example_dags/example_dynamic_task_mapping_with_no_taskflow_operators.py
[2026-03-18T07:00:12.867+0000] {processor.py:914} INFO - Processing file /home/komal/data-engineering-projects/airflow-spark-pipeline/airflow_venv/lib/python3.11/site-packages/airflow/example_dags/example_dynamic_task_mapping_with_no_taskflow_operators.py for tasks to queue
[2026-03-18T07:00:12.870+0000] {logging_mixin.py:190} INFO - [2026-03-18T07:00:12.870+0000] {dagbag.py:588} INFO - Filling up the DagBag from /home/komal/data-engineering-projects/airflow-spark-pipeline/airflow_venv/lib/python3.11/site-packages/airflow/example_dags/example_dynamic_task_mapping_with_no_taskflow_operators.py
[2026-03-18T07:00:12.881+0000] {processor.py:925} INFO - DAG(s) 'example_dynamic_task_mapping_with_no_taskflow_operators' retrieved from /home/komal/data-engineering-projects/airflow-spark-pipeline/airflow_venv/lib/python3.11/site-packages/airflow/example_dags/example_dynamic_task_mapping_with_no_taskflow_operators.py
[2026-03-18T07:00:12.896+0000] {logging_mixin.py:190} INFO - [2026-03-18T07:00:12.896+0000] {dag.py:3239} INFO - Sync 1 DAGs
[2026-03-18T07:00:12.909+0000] {logging_mixin.py:190} INFO - [2026-03-18T07:00:12.909+0000] {dag.py:4180} INFO - Setting next_dagrun for example_dynamic_task_mapping_with_no_taskflow_operators to None, run_after=None
[2026-03-18T07:00:12.931+0000] {processor.py:208} INFO - Processing /home/komal/data-engineering-projects/airflow-spark-pipeline/airflow_venv/lib/python3.11/site-packages/airflow/example_dags/example_dynamic_task_mapping_with_no_taskflow_operators.py took 0.103 seconds
[2026-03-18T07:01:37.642+0000] {processor.py:186} INFO - Started process (PID=30891) to work on /home/komal/data-engineering-projects/airflow-spark-pipeline/airflow_venv/lib/python3.11/site-packages/airflow/example_dags/example_dynamic_task_mapping_with_no_taskflow_operators.py
[2026-03-18T07:01:37.675+0000] {processor.py:914} INFO - Processing file /home/komal/data-engineering-projects/airflow-spark-pipeline/airflow_venv/lib/python3.11/site-packages/airflow/example_dags/example_dynamic_task_mapping_with_no_taskflow_operators.py for tasks to queue
[2026-03-18T07:01:37.678+0000] {logging_mixin.py:190} INFO - [2026-03-18T07:01:37.678+0000] {dagbag.py:588} INFO - Filling up the DagBag from /home/komal/data-engineering-projects/airflow-spark-pipeline/airflow_venv/lib/python3.11/site-packages/airflow/example_dags/example_dynamic_task_mapping_with_no_taskflow_operators.py
[2026-03-18T07:01:37.690+0000] {processor.py:925} INFO - DAG(s) 'example_dynamic_task_mapping_with_no_taskflow_operators' retrieved from /home/komal/data-engineering-projects/airflow-spark-pipeline/airflow_venv/lib/python3.11/site-packages/airflow/example_dags/example_dynamic_task_mapping_with_no_taskflow_operators.py
[2026-03-18T07:01:37.809+0000] {logging_mixin.py:190} INFO - [2026-03-18T07:01:37.809+0000] {dag.py:3239} INFO - Sync 1 DAGs
[2026-03-18T07:01:37.820+0000] {logging_mixin.py:190} INFO - [2026-03-18T07:01:37.820+0000] {dag.py:4180} INFO - Setting next_dagrun for example_dynamic_task_mapping_with_no_taskflow_operators to None, run_after=None
[2026-03-18T07:01:37.875+0000] {processor.py:208} INFO - Processing /home/komal/data-engineering-projects/airflow-spark-pipeline/airflow_venv/lib/python3.11/site-packages/airflow/example_dags/example_dynamic_task_mapping_with_no_taskflow_operators.py took 0.242 seconds
[2026-03-18T07:02:53.285+0000] {processor.py:186} INFO - Started process (PID=30964) to work on /home/komal/data-engineering-projects/airflow-spark-pipeline/airflow_venv/lib/python3.11/site-packages/airflow/example_dags/example_dynamic_task_mapping_with_no_taskflow_operators.py
[2026-03-18T07:02:53.286+0000] {processor.py:914} INFO - Processing file /home/komal/data-engineering-projects/airflow-spark-pipeline/airflow_venv/lib/python3.11/site-packages/airflow/example_dags/example_dynamic_task_mapping_with_no_taskflow_operators.py for tasks to queue
[2026-03-18T07:02:53.288+0000] {logging_mixin.py:190} INFO - [2026-03-18T07:02:53.288+0000] {dagbag.py:588} INFO - Filling up the DagBag from /home/komal/data-engineering-projects/airflow-spark-pipeline/airflow_venv/lib/python3.11/site-packages/airflow/example_dags/example_dynamic_task_mapping_with_no_taskflow_operators.py
[2026-03-18T07:02:53.301+0000] {processor.py:925} INFO - DAG(s) 'example_dynamic_task_mapping_with_no_taskflow_operators' retrieved from /home/komal/data-engineering-projects/airflow-spark-pipeline/airflow_venv/lib/python3.11/site-packages/airflow/example_dags/example_dynamic_task_mapping_with_no_taskflow_operators.py
[2026-03-18T07:02:53.316+0000] {logging_mixin.py:190} INFO - [2026-03-18T07:02:53.315+0000] {dag.py:3239} INFO - Sync 1 DAGs
[2026-03-18T07:02:53.327+0000] {logging_mixin.py:190} INFO - [2026-03-18T07:02:53.326+0000] {dag.py:4180} INFO - Setting next_dagrun for example_dynamic_task_mapping_with_no_taskflow_operators to None, run_after=None
[2026-03-18T07:02:53.355+0000] {processor.py:208} INFO - Processing /home/komal/data-engineering-projects/airflow-spark-pipeline/airflow_venv/lib/python3.11/site-packages/airflow/example_dags/example_dynamic_task_mapping_with_no_taskflow_operators.py took 0.079 seconds
[2026-03-18T07:04:00.439+0000] {processor.py:186} INFO - Started process (PID=31086) to work on /home/komal/data-engineering-projects/airflow-spark-pipeline/airflow_venv/lib/python3.11/site-packages/airflow/example_dags/example_dynamic_task_mapping_with_no_taskflow_operators.py
[2026-03-18T07:04:00.440+0000] {processor.py:914} INFO - Processing file /home/komal/data-engineering-projects/airflow-spark-pipeline/airflow_venv/lib/python3.11/site-packages/airflow/example_dags/example_dynamic_task_mapping_with_no_taskflow_operators.py for tasks to queue
[2026-03-18T07:04:00.441+0000] {logging_mixin.py:190} INFO - [2026-03-18T07:04:00.441+0000] {dagbag.py:588} INFO - Filling up the DagBag from /home/komal/data-engineering-projects/airflow-spark-pipeline/airflow_venv/lib/python3.11/site-packages/airflow/example_dags/example_dynamic_task_mapping_with_no_taskflow_operators.py
[2026-03-18T07:04:00.453+0000] {processor.py:925} INFO - DAG(s) 'example_dynamic_task_mapping_with_no_taskflow_operators' retrieved from /home/komal/data-engineering-projects/airflow-spark-pipeline/airflow_venv/lib/python3.11/site-packages/airflow/example_dags/example_dynamic_task_mapping_with_no_taskflow_operators.py
[2026-03-18T07:04:00.465+0000] {logging_mixin.py:190} INFO - [2026-03-18T07:04:00.465+0000] {dag.py:3239} INFO - Sync 1 DAGs
[2026-03-18T07:04:00.476+0000] {logging_mixin.py:190} INFO - [2026-03-18T07:04:00.475+0000] {dag.py:4180} INFO - Setting next_dagrun for example_dynamic_task_mapping_with_no_taskflow_operators to None, run_after=None
[2026-03-18T07:04:00.493+0000] {processor.py:208} INFO - Processing /home/komal/data-engineering-projects/airflow-spark-pipeline/airflow_venv/lib/python3.11/site-packages/airflow/example_dags/example_dynamic_task_mapping_with_no_taskflow_operators.py took 0.059 seconds
[2026-03-18T07:04:58.532+0000] {processor.py:186} INFO - Started process (PID=31147) to work on /home/komal/data-engineering-projects/airflow-spark-pipeline/airflow_venv/lib/python3.11/site-packages/airflow/example_dags/example_dynamic_task_mapping_with_no_taskflow_operators.py
[2026-03-18T07:04:58.533+0000] {processor.py:914} INFO - Processing file /home/komal/data-engineering-projects/airflow-spark-pipeline/airflow_venv/lib/python3.11/site-packages/airflow/example_dags/example_dynamic_task_mapping_with_no_taskflow_operators.py for tasks to queue
[2026-03-18T07:04:58.535+0000] {logging_mixin.py:190} INFO - [2026-03-18T07:04:58.534+0000] {dagbag.py:588} INFO - Filling up the DagBag from /home/komal/data-engineering-projects/airflow-spark-pipeline/airflow_venv/lib/python3.11/site-packages/airflow/example_dags/example_dynamic_task_mapping_with_no_taskflow_operators.py
[2026-03-18T07:04:58.544+0000] {processor.py:925} INFO - DAG(s) 'example_dynamic_task_mapping_with_no_taskflow_operators' retrieved from /home/komal/data-engineering-projects/airflow-spark-pipeline/airflow_venv/lib/python3.11/site-packages/airflow/example_dags/example_dynamic_task_mapping_with_no_taskflow_operators.py
[2026-03-18T07:04:58.554+0000] {logging_mixin.py:190} INFO - [2026-03-18T07:04:58.554+0000] {dag.py:3239} INFO - Sync 1 DAGs
[2026-03-18T07:04:58.566+0000] {logging_mixin.py:190} INFO - [2026-03-18T07:04:58.566+0000] {dag.py:4180} INFO - Setting next_dagrun for example_dynamic_task_mapping_with_no_taskflow_operators to None, run_after=None
[2026-03-18T07:04:58.623+0000] {processor.py:208} INFO - Processing /home/komal/data-engineering-projects/airflow-spark-pipeline/airflow_venv/lib/python3.11/site-packages/airflow/example_dags/example_dynamic_task_mapping_with_no_taskflow_operators.py took 0.096 seconds
[2026-03-18T07:05:56.644+0000] {processor.py:186} INFO - Started process (PID=31211) to work on /home/komal/data-engineering-projects/airflow-spark-pipeline/airflow_venv/lib/python3.11/site-packages/airflow/example_dags/example_dynamic_task_mapping_with_no_taskflow_operators.py
[2026-03-18T07:05:56.652+0000] {processor.py:914} INFO - Processing file /home/komal/data-engineering-projects/airflow-spark-pipeline/airflow_venv/lib/python3.11/site-packages/airflow/example_dags/example_dynamic_task_mapping_with_no_taskflow_operators.py for tasks to queue
[2026-03-18T07:05:56.653+0000] {logging_mixin.py:190} INFO - [2026-03-18T07:05:56.653+0000] {dagbag.py:588} INFO - Filling up the DagBag from /home/komal/data-engineering-projects/airflow-spark-pipeline/airflow_venv/lib/python3.11/site-packages/airflow/example_dags/example_dynamic_task_mapping_with_no_taskflow_operators.py
[2026-03-18T07:05:56.660+0000] {processor.py:925} INFO - DAG(s) 'example_dynamic_task_mapping_with_no_taskflow_operators' retrieved from /home/komal/data-engineering-projects/airflow-spark-pipeline/airflow_venv/lib/python3.11/site-packages/airflow/example_dags/example_dynamic_task_mapping_with_no_taskflow_operators.py
[2026-03-18T07:05:56.673+0000] {logging_mixin.py:190} INFO - [2026-03-18T07:05:56.673+0000] {dag.py:3239} INFO - Sync 1 DAGs
[2026-03-18T07:05:56.683+0000] {logging_mixin.py:190} INFO - [2026-03-18T07:05:56.683+0000] {dag.py:4180} INFO - Setting next_dagrun for example_dynamic_task_mapping_with_no_taskflow_operators to None, run_after=None
[2026-03-18T07:05:56.706+0000] {processor.py:208} INFO - Processing /home/komal/data-engineering-projects/airflow-spark-pipeline/airflow_venv/lib/python3.11/site-packages/airflow/example_dags/example_dynamic_task_mapping_with_no_taskflow_operators.py took 0.067 seconds
[2026-03-18T07:09:29.734+0000] {processor.py:186} INFO - Started process (PID=31251) to work on /home/komal/data-engineering-projects/airflow-spark-pipeline/airflow_venv/lib/python3.11/site-packages/airflow/example_dags/example_dynamic_task_mapping_with_no_taskflow_operators.py
[2026-03-18T07:09:29.735+0000] {processor.py:914} INFO - Processing file /home/komal/data-engineering-projects/airflow-spark-pipeline/airflow_venv/lib/python3.11/site-packages/airflow/example_dags/example_dynamic_task_mapping_with_no_taskflow_operators.py for tasks to queue
[2026-03-18T07:09:29.737+0000] {logging_mixin.py:190} INFO - [2026-03-18T07:09:29.736+0000] {dagbag.py:588} INFO - Filling up the DagBag from /home/komal/data-engineering-projects/airflow-spark-pipeline/airflow_venv/lib/python3.11/site-packages/airflow/example_dags/example_dynamic_task_mapping_with_no_taskflow_operators.py
[2026-03-18T07:09:29.746+0000] {processor.py:925} INFO - DAG(s) 'example_dynamic_task_mapping_with_no_taskflow_operators' retrieved from /home/komal/data-engineering-projects/airflow-spark-pipeline/airflow_venv/lib/python3.11/site-packages/airflow/example_dags/example_dynamic_task_mapping_with_no_taskflow_operators.py
[2026-03-18T07:09:29.759+0000] {logging_mixin.py:190} INFO - [2026-03-18T07:09:29.759+0000] {dag.py:3239} INFO - Sync 1 DAGs
[2026-03-18T07:09:29.769+0000] {logging_mixin.py:190} INFO - [2026-03-18T07:09:29.769+0000] {dag.py:4180} INFO - Setting next_dagrun for example_dynamic_task_mapping_with_no_taskflow_operators to None, run_after=None
[2026-03-18T07:09:29.786+0000] {processor.py:208} INFO - Processing /home/komal/data-engineering-projects/airflow-spark-pipeline/airflow_venv/lib/python3.11/site-packages/airflow/example_dags/example_dynamic_task_mapping_with_no_taskflow_operators.py took 0.060 seconds
[2026-03-18T07:10:26.938+0000] {processor.py:186} INFO - Started process (PID=31310) to work on /home/komal/data-engineering-projects/airflow-spark-pipeline/airflow_venv/lib/python3.11/site-packages/airflow/example_dags/example_dynamic_task_mapping_with_no_taskflow_operators.py
[2026-03-18T07:10:26.941+0000] {processor.py:914} INFO - Processing file /home/komal/data-engineering-projects/airflow-spark-pipeline/airflow_venv/lib/python3.11/site-packages/airflow/example_dags/example_dynamic_task_mapping_with_no_taskflow_operators.py for tasks to queue
[2026-03-18T07:10:26.942+0000] {logging_mixin.py:190} INFO - [2026-03-18T07:10:26.942+0000] {dagbag.py:588} INFO - Filling up the DagBag from /home/komal/data-engineering-projects/airflow-spark-pipeline/airflow_venv/lib/python3.11/site-packages/airflow/example_dags/example_dynamic_task_mapping_with_no_taskflow_operators.py
[2026-03-18T07:10:26.953+0000] {processor.py:925} INFO - DAG(s) 'example_dynamic_task_mapping_with_no_taskflow_operators' retrieved from /home/komal/data-engineering-projects/airflow-spark-pipeline/airflow_venv/lib/python3.11/site-packages/airflow/example_dags/example_dynamic_task_mapping_with_no_taskflow_operators.py
[2026-03-18T07:10:26.970+0000] {logging_mixin.py:190} INFO - [2026-03-18T07:10:26.970+0000] {dag.py:3239} INFO - Sync 1 DAGs
[2026-03-18T07:10:26.981+0000] {logging_mixin.py:190} INFO - [2026-03-18T07:10:26.981+0000] {dag.py:4180} INFO - Setting next_dagrun for example_dynamic_task_mapping_with_no_taskflow_operators to None, run_after=None
[2026-03-18T07:10:27.003+0000] {processor.py:208} INFO - Processing /home/komal/data-engineering-projects/airflow-spark-pipeline/airflow_venv/lib/python3.11/site-packages/airflow/example_dags/example_dynamic_task_mapping_with_no_taskflow_operators.py took 0.071 seconds
[2026-03-18T07:11:30.155+0000] {processor.py:186} INFO - Started process (PID=31375) to work on /home/komal/data-engineering-projects/airflow-spark-pipeline/airflow_venv/lib/python3.11/site-packages/airflow/example_dags/example_dynamic_task_mapping_with_no_taskflow_operators.py
[2026-03-18T07:11:30.159+0000] {processor.py:914} INFO - Processing file /home/komal/data-engineering-projects/airflow-spark-pipeline/airflow_venv/lib/python3.11/site-packages/airflow/example_dags/example_dynamic_task_mapping_with_no_taskflow_operators.py for tasks to queue
[2026-03-18T07:11:30.161+0000] {logging_mixin.py:190} INFO - [2026-03-18T07:11:30.160+0000] {dagbag.py:588} INFO - Filling up the DagBag from /home/komal/data-engineering-projects/airflow-spark-pipeline/airflow_venv/lib/python3.11/site-packages/airflow/example_dags/example_dynamic_task_mapping_with_no_taskflow_operators.py
[2026-03-18T07:11:30.169+0000] {processor.py:925} INFO - DAG(s) 'example_dynamic_task_mapping_with_no_taskflow_operators' retrieved from /home/komal/data-engineering-projects/airflow-spark-pipeline/airflow_venv/lib/python3.11/site-packages/airflow/example_dags/example_dynamic_task_mapping_with_no_taskflow_operators.py
[2026-03-18T07:11:30.182+0000] {logging_mixin.py:190} INFO - [2026-03-18T07:11:30.181+0000] {dag.py:3239} INFO - Sync 1 DAGs
[2026-03-18T07:11:30.195+0000] {logging_mixin.py:190} INFO - [2026-03-18T07:11:30.194+0000] {dag.py:4180} INFO - Setting next_dagrun for example_dynamic_task_mapping_with_no_taskflow_operators to None, run_after=None
[2026-03-18T07:11:30.221+0000] {processor.py:208} INFO - Processing /home/komal/data-engineering-projects/airflow-spark-pipeline/airflow_venv/lib/python3.11/site-packages/airflow/example_dags/example_dynamic_task_mapping_with_no_taskflow_operators.py took 0.071 seconds
[2026-03-18T07:12:36.034+0000] {processor.py:186} INFO - Started process (PID=31441) to work on /home/komal/data-engineering-projects/airflow-spark-pipeline/airflow_venv/lib/python3.11/site-packages/airflow/example_dags/example_dynamic_task_mapping_with_no_taskflow_operators.py
[2026-03-18T07:12:36.036+0000] {processor.py:914} INFO - Processing file /home/komal/data-engineering-projects/airflow-spark-pipeline/airflow_venv/lib/python3.11/site-packages/airflow/example_dags/example_dynamic_task_mapping_with_no_taskflow_operators.py for tasks to queue
[2026-03-18T07:12:36.037+0000] {logging_mixin.py:190} INFO - [2026-03-18T07:12:36.037+0000] {dagbag.py:588} INFO - Filling up the DagBag from /home/komal/data-engineering-projects/airflow-spark-pipeline/airflow_venv/lib/python3.11/site-packages/airflow/example_dags/example_dynamic_task_mapping_with_no_taskflow_operators.py
[2026-03-18T07:12:36.048+0000] {processor.py:925} INFO - DAG(s) 'example_dynamic_task_mapping_with_no_taskflow_operators' retrieved from /home/komal/data-engineering-projects/airflow-spark-pipeline/airflow_venv/lib/python3.11/site-packages/airflow/example_dags/example_dynamic_task_mapping_with_no_taskflow_operators.py
[2026-03-18T07:12:36.066+0000] {logging_mixin.py:190} INFO - [2026-03-18T07:12:36.066+0000] {dag.py:3239} INFO - Sync 1 DAGs
[2026-03-18T07:12:36.081+0000] {logging_mixin.py:190} INFO - [2026-03-18T07:12:36.081+0000] {dag.py:4180} INFO - Setting next_dagrun for example_dynamic_task_mapping_with_no_taskflow_operators to None, run_after=None
[2026-03-18T07:12:36.113+0000] {processor.py:208} INFO - Processing /home/komal/data-engineering-projects/airflow-spark-pipeline/airflow_venv/lib/python3.11/site-packages/airflow/example_dags/example_dynamic_task_mapping_with_no_taskflow_operators.py took 0.083 seconds
[2026-03-18T07:13:42.333+0000] {processor.py:186} INFO - Started process (PID=31508) to work on /home/komal/data-engineering-projects/airflow-spark-pipeline/airflow_venv/lib/python3.11/site-packages/airflow/example_dags/example_dynamic_task_mapping_with_no_taskflow_operators.py
[2026-03-18T07:13:42.365+0000] {processor.py:914} INFO - Processing file /home/komal/data-engineering-projects/airflow-spark-pipeline/airflow_venv/lib/python3.11/site-packages/airflow/example_dags/example_dynamic_task_mapping_with_no_taskflow_operators.py for tasks to queue
[2026-03-18T07:13:42.367+0000] {logging_mixin.py:190} INFO - [2026-03-18T07:13:42.366+0000] {dagbag.py:588} INFO - Filling up the DagBag from /home/komal/data-engineering-projects/airflow-spark-pipeline/airflow_venv/lib/python3.11/site-packages/airflow/example_dags/example_dynamic_task_mapping_with_no_taskflow_operators.py
[2026-03-18T07:13:42.381+0000] {processor.py:925} INFO - DAG(s) 'example_dynamic_task_mapping_with_no_taskflow_operators' retrieved from /home/komal/data-engineering-projects/airflow-spark-pipeline/airflow_venv/lib/python3.11/site-packages/airflow/example_dags/example_dynamic_task_mapping_with_no_taskflow_operators.py
[2026-03-18T07:13:42.396+0000] {logging_mixin.py:190} INFO - [2026-03-18T07:13:42.395+0000] {dag.py:3239} INFO - Sync 1 DAGs
[2026-03-18T07:13:42.405+0000] {logging_mixin.py:190} INFO - [2026-03-18T07:13:42.405+0000] {dag.py:4180} INFO - Setting next_dagrun for example_dynamic_task_mapping_with_no_taskflow_operators to None, run_after=None
[2026-03-18T07:13:42.431+0000] {processor.py:208} INFO - Processing /home/komal/data-engineering-projects/airflow-spark-pipeline/airflow_venv/lib/python3.11/site-packages/airflow/example_dags/example_dynamic_task_mapping_with_no_taskflow_operators.py took 0.104 seconds
[2026-03-18T07:14:52.208+0000] {processor.py:186} INFO - Started process (PID=31573) to work on /home/komal/data-engineering-projects/airflow-spark-pipeline/airflow_venv/lib/python3.11/site-packages/airflow/example_dags/example_dynamic_task_mapping_with_no_taskflow_operators.py
[2026-03-18T07:14:52.242+0000] {processor.py:914} INFO - Processing file /home/komal/data-engineering-projects/airflow-spark-pipeline/airflow_venv/lib/python3.11/site-packages/airflow/example_dags/example_dynamic_task_mapping_with_no_taskflow_operators.py for tasks to queue
[2026-03-18T07:14:52.245+0000] {logging_mixin.py:190} INFO - [2026-03-18T07:14:52.244+0000] {dagbag.py:588} INFO - Filling up the DagBag from /home/komal/data-engineering-projects/airflow-spark-pipeline/airflow_venv/lib/python3.11/site-packages/airflow/example_dags/example_dynamic_task_mapping_with_no_taskflow_operators.py
[2026-03-18T07:14:52.264+0000] {processor.py:925} INFO - DAG(s) 'example_dynamic_task_mapping_with_no_taskflow_operators' retrieved from /home/komal/data-engineering-projects/airflow-spark-pipeline/airflow_venv/lib/python3.11/site-packages/airflow/example_dags/example_dynamic_task_mapping_with_no_taskflow_operators.py
[2026-03-18T07:14:52.303+0000] {logging_mixin.py:190} INFO - [2026-03-18T07:14:52.302+0000] {dag.py:3239} INFO - Sync 1 DAGs
[2026-03-18T07:14:52.312+0000] {logging_mixin.py:190} INFO - [2026-03-18T07:14:52.312+0000] {dag.py:4180} INFO - Setting next_dagrun for example_dynamic_task_mapping_with_no_taskflow_operators to None, run_after=None
[2026-03-18T07:14:52.339+0000] {processor.py:208} INFO - Processing /home/komal/data-engineering-projects/airflow-spark-pipeline/airflow_venv/lib/python3.11/site-packages/airflow/example_dags/example_dynamic_task_mapping_with_no_taskflow_operators.py took 0.144 seconds
[2026-03-18T07:15:56.657+0000] {processor.py:186} INFO - Started process (PID=31638) to work on /home/komal/data-engineering-projects/airflow-spark-pipeline/airflow_venv/lib/python3.11/site-packages/airflow/example_dags/example_dynamic_task_mapping_with_no_taskflow_operators.py
[2026-03-18T07:15:56.658+0000] {processor.py:914} INFO - Processing file /home/komal/data-engineering-projects/airflow-spark-pipeline/airflow_venv/lib/python3.11/site-packages/airflow/example_dags/example_dynamic_task_mapping_with_no_taskflow_operators.py for tasks to queue
[2026-03-18T07:15:56.659+0000] {logging_mixin.py:190} INFO - [2026-03-18T07:15:56.659+0000] {dagbag.py:588} INFO - Filling up the DagBag from /home/komal/data-engineering-projects/airflow-spark-pipeline/airflow_venv/lib/python3.11/site-packages/airflow/example_dags/example_dynamic_task_mapping_with_no_taskflow_operators.py
[2026-03-18T07:15:56.667+0000] {processor.py:925} INFO - DAG(s) 'example_dynamic_task_mapping_with_no_taskflow_operators' retrieved from /home/komal/data-engineering-projects/airflow-spark-pipeline/airflow_venv/lib/python3.11/site-packages/airflow/example_dags/example_dynamic_task_mapping_with_no_taskflow_operators.py
[2026-03-18T07:15:56.677+0000] {logging_mixin.py:190} INFO - [2026-03-18T07:15:56.677+0000] {dag.py:3239} INFO - Sync 1 DAGs
[2026-03-18T07:15:56.687+0000] {logging_mixin.py:190} INFO - [2026-03-18T07:15:56.687+0000] {dag.py:4180} INFO - Setting next_dagrun for example_dynamic_task_mapping_with_no_taskflow_operators to None, run_after=None
[2026-03-18T07:15:56.715+0000] {processor.py:208} INFO - Processing /home/komal/data-engineering-projects/airflow-spark-pipeline/airflow_venv/lib/python3.11/site-packages/airflow/example_dags/example_dynamic_task_mapping_with_no_taskflow_operators.py took 0.063 seconds
[2026-03-18T07:17:02.315+0000] {processor.py:186} INFO - Started process (PID=31706) to work on /home/komal/data-engineering-projects/airflow-spark-pipeline/airflow_venv/lib/python3.11/site-packages/airflow/example_dags/example_dynamic_task_mapping_with_no_taskflow_operators.py
[2026-03-18T07:17:02.350+0000] {processor.py:914} INFO - Processing file /home/komal/data-engineering-projects/airflow-spark-pipeline/airflow_venv/lib/python3.11/site-packages/airflow/example_dags/example_dynamic_task_mapping_with_no_taskflow_operators.py for tasks to queue
[2026-03-18T07:17:02.352+0000] {logging_mixin.py:190} INFO - [2026-03-18T07:17:02.351+0000] {dagbag.py:588} INFO - Filling up the DagBag from /home/komal/data-engineering-projects/airflow-spark-pipeline/airflow_venv/lib/python3.11/site-packages/airflow/example_dags/example_dynamic_task_mapping_with_no_taskflow_operators.py
[2026-03-18T07:17:02.360+0000] {processor.py:925} INFO - DAG(s) 'example_dynamic_task_mapping_with_no_taskflow_operators' retrieved from /home/komal/data-engineering-projects/airflow-spark-pipeline/airflow_venv/lib/python3.11/site-packages/airflow/example_dags/example_dynamic_task_mapping_with_no_taskflow_operators.py
[2026-03-18T07:17:02.370+0000] {logging_mixin.py:190} INFO - [2026-03-18T07:17:02.370+0000] {dag.py:3239} INFO - Sync 1 DAGs
[2026-03-18T07:17:02.378+0000] {logging_mixin.py:190} INFO - [2026-03-18T07:17:02.378+0000] {dag.py:4180} INFO - Setting next_dagrun for example_dynamic_task_mapping_with_no_taskflow_operators to None, run_after=None
[2026-03-18T07:17:02.398+0000] {processor.py:208} INFO - Processing /home/komal/data-engineering-projects/airflow-spark-pipeline/airflow_venv/lib/python3.11/site-packages/airflow/example_dags/example_dynamic_task_mapping_with_no_taskflow_operators.py took 0.093 seconds
[2026-03-18T07:18:06.754+0000] {processor.py:186} INFO - Started process (PID=31963) to work on /home/komal/data-engineering-projects/airflow-spark-pipeline/airflow_venv/lib/python3.11/site-packages/airflow/example_dags/example_dynamic_task_mapping_with_no_taskflow_operators.py
[2026-03-18T07:18:06.757+0000] {processor.py:914} INFO - Processing file /home/komal/data-engineering-projects/airflow-spark-pipeline/airflow_venv/lib/python3.11/site-packages/airflow/example_dags/example_dynamic_task_mapping_with_no_taskflow_operators.py for tasks to queue
[2026-03-18T07:18:06.759+0000] {logging_mixin.py:190} INFO - [2026-03-18T07:18:06.758+0000] {dagbag.py:588} INFO - Filling up the DagBag from /home/komal/data-engineering-projects/airflow-spark-pipeline/airflow_venv/lib/python3.11/site-packages/airflow/example_dags/example_dynamic_task_mapping_with_no_taskflow_operators.py
[2026-03-18T07:18:06.771+0000] {processor.py:925} INFO - DAG(s) 'example_dynamic_task_mapping_with_no_taskflow_operators' retrieved from /home/komal/data-engineering-projects/airflow-spark-pipeline/airflow_venv/lib/python3.11/site-packages/airflow/example_dags/example_dynamic_task_mapping_with_no_taskflow_operators.py
[2026-03-18T07:18:06.790+0000] {logging_mixin.py:190} INFO - [2026-03-18T07:18:06.789+0000] {dag.py:3239} INFO - Sync 1 DAGs
[2026-03-18T07:18:06.803+0000] {logging_mixin.py:190} INFO - [2026-03-18T07:18:06.803+0000] {dag.py:4180} INFO - Setting next_dagrun for example_dynamic_task_mapping_with_no_taskflow_operators to None, run_after=None
[2026-03-18T07:18:06.834+0000] {processor.py:208} INFO - Processing /home/komal/data-engineering-projects/airflow-spark-pipeline/airflow_venv/lib/python3.11/site-packages/airflow/example_dags/example_dynamic_task_mapping_with_no_taskflow_operators.py took 0.087 seconds
[2026-03-18T07:19:19.135+0000] {processor.py:186} INFO - Started process (PID=32030) to work on /home/komal/data-engineering-projects/airflow-spark-pipeline/airflow_venv/lib/python3.11/site-packages/airflow/example_dags/example_dynamic_task_mapping_with_no_taskflow_operators.py
[2026-03-18T07:19:19.168+0000] {processor.py:914} INFO - Processing file /home/komal/data-engineering-projects/airflow-spark-pipeline/airflow_venv/lib/python3.11/site-packages/airflow/example_dags/example_dynamic_task_mapping_with_no_taskflow_operators.py for tasks to queue
[2026-03-18T07:19:19.170+0000] {logging_mixin.py:190} INFO - [2026-03-18T07:19:19.169+0000] {dagbag.py:588} INFO - Filling up the DagBag from /home/komal/data-engineering-projects/airflow-spark-pipeline/airflow_venv/lib/python3.11/site-packages/airflow/example_dags/example_dynamic_task_mapping_with_no_taskflow_operators.py
[2026-03-18T07:19:19.185+0000] {processor.py:925} INFO - DAG(s) 'example_dynamic_task_mapping_with_no_taskflow_operators' retrieved from /home/komal/data-engineering-projects/airflow-spark-pipeline/airflow_venv/lib/python3.11/site-packages/airflow/example_dags/example_dynamic_task_mapping_with_no_taskflow_operators.py
[2026-03-18T07:19:19.208+0000] {logging_mixin.py:190} INFO - [2026-03-18T07:19:19.207+0000] {dag.py:3239} INFO - Sync 1 DAGs
[2026-03-18T07:19:19.224+0000] {logging_mixin.py:190} INFO - [2026-03-18T07:19:19.223+0000] {dag.py:4180} INFO - Setting next_dagrun for example_dynamic_task_mapping_with_no_taskflow_operators to None, run_after=None
[2026-03-18T07:19:19.266+0000] {processor.py:208} INFO - Processing /home/komal/data-engineering-projects/airflow-spark-pipeline/airflow_venv/lib/python3.11/site-packages/airflow/example_dags/example_dynamic_task_mapping_with_no_taskflow_operators.py took 0.141 seconds
[2026-03-18T07:20:32.068+0000] {processor.py:186} INFO - Started process (PID=32100) to work on /home/komal/data-engineering-projects/airflow-spark-pipeline/airflow_venv/lib/python3.11/site-packages/airflow/example_dags/example_dynamic_task_mapping_with_no_taskflow_operators.py
[2026-03-18T07:20:32.101+0000] {processor.py:914} INFO - Processing file /home/komal/data-engineering-projects/airflow-spark-pipeline/airflow_venv/lib/python3.11/site-packages/airflow/example_dags/example_dynamic_task_mapping_with_no_taskflow_operators.py for tasks to queue
[2026-03-18T07:20:32.105+0000] {logging_mixin.py:190} INFO - [2026-03-18T07:20:32.104+0000] {dagbag.py:588} INFO - Filling up the DagBag from /home/komal/data-engineering-projects/airflow-spark-pipeline/airflow_venv/lib/python3.11/site-packages/airflow/example_dags/example_dynamic_task_mapping_with_no_taskflow_operators.py
[2026-03-18T07:20:32.124+0000] {processor.py:925} INFO - DAG(s) 'example_dynamic_task_mapping_with_no_taskflow_operators' retrieved from /home/komal/data-engineering-projects/airflow-spark-pipeline/airflow_venv/lib/python3.11/site-packages/airflow/example_dags/example_dynamic_task_mapping_with_no_taskflow_operators.py
[2026-03-18T07:20:32.142+0000] {logging_mixin.py:190} INFO - [2026-03-18T07:20:32.142+0000] {dag.py:3239} INFO - Sync 1 DAGs
[2026-03-18T07:20:32.161+0000] {logging_mixin.py:190} INFO - [2026-03-18T07:20:32.161+0000] {dag.py:4180} INFO - Setting next_dagrun for example_dynamic_task_mapping_with_no_taskflow_operators to None, run_after=None
[2026-03-18T07:20:32.199+0000] {processor.py:208} INFO - Processing /home/komal/data-engineering-projects/airflow-spark-pipeline/airflow_venv/lib/python3.11/site-packages/airflow/example_dags/example_dynamic_task_mapping_with_no_taskflow_operators.py took 0.142 seconds
[2026-03-18T07:21:50.251+0000] {processor.py:186} INFO - Started process (PID=32171) to work on /home/komal/data-engineering-projects/airflow-spark-pipeline/airflow_venv/lib/python3.11/site-packages/airflow/example_dags/example_dynamic_task_mapping_with_no_taskflow_operators.py
[2026-03-18T07:21:50.254+0000] {processor.py:914} INFO - Processing file /home/komal/data-engineering-projects/airflow-spark-pipeline/airflow_venv/lib/python3.11/site-packages/airflow/example_dags/example_dynamic_task_mapping_with_no_taskflow_operators.py for tasks to queue
[2026-03-18T07:21:50.255+0000] {logging_mixin.py:190} INFO - [2026-03-18T07:21:50.255+0000] {dagbag.py:588} INFO - Filling up the DagBag from /home/komal/data-engineering-projects/airflow-spark-pipeline/airflow_venv/lib/python3.11/site-packages/airflow/example_dags/example_dynamic_task_mapping_with_no_taskflow_operators.py
[2026-03-18T07:21:50.271+0000] {processor.py:925} INFO - DAG(s) 'example_dynamic_task_mapping_with_no_taskflow_operators' retrieved from /home/komal/data-engineering-projects/airflow-spark-pipeline/airflow_venv/lib/python3.11/site-packages/airflow/example_dags/example_dynamic_task_mapping_with_no_taskflow_operators.py
[2026-03-18T07:21:50.294+0000] {logging_mixin.py:190} INFO - [2026-03-18T07:21:50.294+0000] {dag.py:3239} INFO - Sync 1 DAGs
[2026-03-18T07:21:50.313+0000] {logging_mixin.py:190} INFO - [2026-03-18T07:21:50.313+0000] {dag.py:4180} INFO - Setting next_dagrun for example_dynamic_task_mapping_with_no_taskflow_operators to None, run_after=None
[2026-03-18T07:21:50.349+0000] {processor.py:208} INFO - Processing /home/komal/data-engineering-projects/airflow-spark-pipeline/airflow_venv/lib/python3.11/site-packages/airflow/example_dags/example_dynamic_task_mapping_with_no_taskflow_operators.py took 0.104 seconds
[2026-03-18T07:23:07.337+0000] {processor.py:186} INFO - Started process (PID=32475) to work on /home/komal/data-engineering-projects/airflow-spark-pipeline/airflow_venv/lib/python3.11/site-packages/airflow/example_dags/example_dynamic_task_mapping_with_no_taskflow_operators.py
[2026-03-18T07:23:07.370+0000] {processor.py:914} INFO - Processing file /home/komal/data-engineering-projects/airflow-spark-pipeline/airflow_venv/lib/python3.11/site-packages/airflow/example_dags/example_dynamic_task_mapping_with_no_taskflow_operators.py for tasks to queue
[2026-03-18T07:23:07.373+0000] {logging_mixin.py:190} INFO - [2026-03-18T07:23:07.372+0000] {dagbag.py:588} INFO - Filling up the DagBag from /home/komal/data-engineering-projects/airflow-spark-pipeline/airflow_venv/lib/python3.11/site-packages/airflow/example_dags/example_dynamic_task_mapping_with_no_taskflow_operators.py
[2026-03-18T07:23:07.390+0000] {processor.py:925} INFO - DAG(s) 'example_dynamic_task_mapping_with_no_taskflow_operators' retrieved from /home/komal/data-engineering-projects/airflow-spark-pipeline/airflow_venv/lib/python3.11/site-packages/airflow/example_dags/example_dynamic_task_mapping_with_no_taskflow_operators.py
[2026-03-18T07:23:07.415+0000] {logging_mixin.py:190} INFO - [2026-03-18T07:23:07.415+0000] {dag.py:3239} INFO - Sync 1 DAGs
[2026-03-18T07:23:07.434+0000] {logging_mixin.py:190} INFO - [2026-03-18T07:23:07.433+0000] {dag.py:4180} INFO - Setting next_dagrun for example_dynamic_task_mapping_with_no_taskflow_operators to None, run_after=None
[2026-03-18T07:23:07.481+0000] {processor.py:208} INFO - Processing /home/komal/data-engineering-projects/airflow-spark-pipeline/airflow_venv/lib/python3.11/site-packages/airflow/example_dags/example_dynamic_task_mapping_with_no_taskflow_operators.py took 0.153 seconds
[2026-03-18T07:24:18.155+0000] {processor.py:186} INFO - Started process (PID=32544) to work on /home/komal/data-engineering-projects/airflow-spark-pipeline/airflow_venv/lib/python3.11/site-packages/airflow/example_dags/example_dynamic_task_mapping_with_no_taskflow_operators.py
[2026-03-18T07:24:18.187+0000] {processor.py:914} INFO - Processing file /home/komal/data-engineering-projects/airflow-spark-pipeline/airflow_venv/lib/python3.11/site-packages/airflow/example_dags/example_dynamic_task_mapping_with_no_taskflow_operators.py for tasks to queue
[2026-03-18T07:24:18.189+0000] {logging_mixin.py:190} INFO - [2026-03-18T07:24:18.188+0000] {dagbag.py:588} INFO - Filling up the DagBag from /home/komal/data-engineering-projects/airflow-spark-pipeline/airflow_venv/lib/python3.11/site-packages/airflow/example_dags/example_dynamic_task_mapping_with_no_taskflow_operators.py
[2026-03-18T07:24:18.200+0000] {processor.py:925} INFO - DAG(s) 'example_dynamic_task_mapping_with_no_taskflow_operators' retrieved from /home/komal/data-engineering-projects/airflow-spark-pipeline/airflow_venv/lib/python3.11/site-packages/airflow/example_dags/example_dynamic_task_mapping_with_no_taskflow_operators.py
[2026-03-18T07:24:18.219+0000] {logging_mixin.py:190} INFO - [2026-03-18T07:24:18.219+0000] {dag.py:3239} INFO - Sync 1 DAGs
[2026-03-18T07:24:18.237+0000] {logging_mixin.py:190} INFO - [2026-03-18T07:24:18.236+0000] {dag.py:4180} INFO - Setting next_dagrun for example_dynamic_task_mapping_with_no_taskflow_operators to None, run_after=None
[2026-03-18T07:24:18.272+0000] {processor.py:208} INFO - Processing /home/komal/data-engineering-projects/airflow-spark-pipeline/airflow_venv/lib/python3.11/site-packages/airflow/example_dags/example_dynamic_task_mapping_with_no_taskflow_operators.py took 0.125 seconds
[2026-03-18T07:25:28.728+0000] {processor.py:186} INFO - Started process (PID=32613) to work on /home/komal/data-engineering-projects/airflow-spark-pipeline/airflow_venv/lib/python3.11/site-packages/airflow/example_dags/example_dynamic_task_mapping_with_no_taskflow_operators.py
[2026-03-18T07:25:28.753+0000] {processor.py:914} INFO - Processing file /home/komal/data-engineering-projects/airflow-spark-pipeline/airflow_venv/lib/python3.11/site-packages/airflow/example_dags/example_dynamic_task_mapping_with_no_taskflow_operators.py for tasks to queue
[2026-03-18T07:25:28.756+0000] {logging_mixin.py:190} INFO - [2026-03-18T07:25:28.755+0000] {dagbag.py:588} INFO - Filling up the DagBag from /home/komal/data-engineering-projects/airflow-spark-pipeline/airflow_venv/lib/python3.11/site-packages/airflow/example_dags/example_dynamic_task_mapping_with_no_taskflow_operators.py
[2026-03-18T07:25:28.772+0000] {processor.py:925} INFO - DAG(s) 'example_dynamic_task_mapping_with_no_taskflow_operators' retrieved from /home/komal/data-engineering-projects/airflow-spark-pipeline/airflow_venv/lib/python3.11/site-packages/airflow/example_dags/example_dynamic_task_mapping_with_no_taskflow_operators.py
[2026-03-18T07:25:28.789+0000] {logging_mixin.py:190} INFO - [2026-03-18T07:25:28.789+0000] {dag.py:3239} INFO - Sync 1 DAGs
[2026-03-18T07:25:28.805+0000] {logging_mixin.py:190} INFO - [2026-03-18T07:25:28.804+0000] {dag.py:4180} INFO - Setting next_dagrun for example_dynamic_task_mapping_with_no_taskflow_operators to None, run_after=None
[2026-03-18T07:25:28.851+0000] {processor.py:208} INFO - Processing /home/komal/data-engineering-projects/airflow-spark-pipeline/airflow_venv/lib/python3.11/site-packages/airflow/example_dags/example_dynamic_task_mapping_with_no_taskflow_operators.py took 0.130 seconds
[2026-03-18T07:26:32.326+0000] {processor.py:186} INFO - Started process (PID=32671) to work on /home/komal/data-engineering-projects/airflow-spark-pipeline/airflow_venv/lib/python3.11/site-packages/airflow/example_dags/example_dynamic_task_mapping_with_no_taskflow_operators.py
[2026-03-18T07:26:32.358+0000] {processor.py:914} INFO - Processing file /home/komal/data-engineering-projects/airflow-spark-pipeline/airflow_venv/lib/python3.11/site-packages/airflow/example_dags/example_dynamic_task_mapping_with_no_taskflow_operators.py for tasks to queue
[2026-03-18T07:26:32.365+0000] {logging_mixin.py:190} INFO - [2026-03-18T07:26:32.363+0000] {dagbag.py:588} INFO - Filling up the DagBag from /home/komal/data-engineering-projects/airflow-spark-pipeline/airflow_venv/lib/python3.11/site-packages/airflow/example_dags/example_dynamic_task_mapping_with_no_taskflow_operators.py
[2026-03-18T07:26:32.380+0000] {processor.py:925} INFO - DAG(s) 'example_dynamic_task_mapping_with_no_taskflow_operators' retrieved from /home/komal/data-engineering-projects/airflow-spark-pipeline/airflow_venv/lib/python3.11/site-packages/airflow/example_dags/example_dynamic_task_mapping_with_no_taskflow_operators.py
[2026-03-18T07:26:32.408+0000] {logging_mixin.py:190} INFO - [2026-03-18T07:26:32.408+0000] {dag.py:3239} INFO - Sync 1 DAGs
[2026-03-18T07:26:32.430+0000] {logging_mixin.py:190} INFO - [2026-03-18T07:26:32.429+0000] {dag.py:4180} INFO - Setting next_dagrun for example_dynamic_task_mapping_with_no_taskflow_operators to None, run_after=None
[2026-03-18T07:26:32.470+0000] {processor.py:208} INFO - Processing /home/komal/data-engineering-projects/airflow-spark-pipeline/airflow_venv/lib/python3.11/site-packages/airflow/example_dags/example_dynamic_task_mapping_with_no_taskflow_operators.py took 0.153 seconds
[2026-03-18T07:27:39.556+0000] {processor.py:186} INFO - Started process (PID=32735) to work on /home/komal/data-engineering-projects/airflow-spark-pipeline/airflow_venv/lib/python3.11/site-packages/airflow/example_dags/example_dynamic_task_mapping_with_no_taskflow_operators.py
[2026-03-18T07:27:39.560+0000] {processor.py:914} INFO - Processing file /home/komal/data-engineering-projects/airflow-spark-pipeline/airflow_venv/lib/python3.11/site-packages/airflow/example_dags/example_dynamic_task_mapping_with_no_taskflow_operators.py for tasks to queue
[2026-03-18T07:27:39.563+0000] {logging_mixin.py:190} INFO - [2026-03-18T07:27:39.562+0000] {dagbag.py:588} INFO - Filling up the DagBag from /home/komal/data-engineering-projects/airflow-spark-pipeline/airflow_venv/lib/python3.11/site-packages/airflow/example_dags/example_dynamic_task_mapping_with_no_taskflow_operators.py
[2026-03-18T07:27:39.574+0000] {processor.py:925} INFO - DAG(s) 'example_dynamic_task_mapping_with_no_taskflow_operators' retrieved from /home/komal/data-engineering-projects/airflow-spark-pipeline/airflow_venv/lib/python3.11/site-packages/airflow/example_dags/example_dynamic_task_mapping_with_no_taskflow_operators.py
[2026-03-18T07:27:39.596+0000] {logging_mixin.py:190} INFO - [2026-03-18T07:27:39.595+0000] {dag.py:3239} INFO - Sync 1 DAGs
[2026-03-18T07:27:39.613+0000] {logging_mixin.py:190} INFO - [2026-03-18T07:27:39.612+0000] {dag.py:4180} INFO - Setting next_dagrun for example_dynamic_task_mapping_with_no_taskflow_operators to None, run_after=None
[2026-03-18T07:27:39.671+0000] {processor.py:208} INFO - Processing /home/komal/data-engineering-projects/airflow-spark-pipeline/airflow_venv/lib/python3.11/site-packages/airflow/example_dags/example_dynamic_task_mapping_with_no_taskflow_operators.py took 0.122 seconds
[2026-03-18T07:28:49.046+0000] {processor.py:186} INFO - Started process (PID=32800) to work on /home/komal/data-engineering-projects/airflow-spark-pipeline/airflow_venv/lib/python3.11/site-packages/airflow/example_dags/example_dynamic_task_mapping_with_no_taskflow_operators.py
[2026-03-18T07:28:49.066+0000] {processor.py:914} INFO - Processing file /home/komal/data-engineering-projects/airflow-spark-pipeline/airflow_venv/lib/python3.11/site-packages/airflow/example_dags/example_dynamic_task_mapping_with_no_taskflow_operators.py for tasks to queue
[2026-03-18T07:28:49.071+0000] {logging_mixin.py:190} INFO - [2026-03-18T07:28:49.070+0000] {dagbag.py:588} INFO - Filling up the DagBag from /home/komal/data-engineering-projects/airflow-spark-pipeline/airflow_venv/lib/python3.11/site-packages/airflow/example_dags/example_dynamic_task_mapping_with_no_taskflow_operators.py
[2026-03-18T07:28:49.086+0000] {processor.py:925} INFO - DAG(s) 'example_dynamic_task_mapping_with_no_taskflow_operators' retrieved from /home/komal/data-engineering-projects/airflow-spark-pipeline/airflow_venv/lib/python3.11/site-packages/airflow/example_dags/example_dynamic_task_mapping_with_no_taskflow_operators.py
[2026-03-18T07:28:49.109+0000] {logging_mixin.py:190} INFO - [2026-03-18T07:28:49.108+0000] {dag.py:3239} INFO - Sync 1 DAGs
[2026-03-18T07:28:49.123+0000] {logging_mixin.py:190} INFO - [2026-03-18T07:28:49.122+0000] {dag.py:4180} INFO - Setting next_dagrun for example_dynamic_task_mapping_with_no_taskflow_operators to None, run_after=None
[2026-03-18T07:28:49.156+0000] {processor.py:208} INFO - Processing /home/komal/data-engineering-projects/airflow-spark-pipeline/airflow_venv/lib/python3.11/site-packages/airflow/example_dags/example_dynamic_task_mapping_with_no_taskflow_operators.py took 0.118 seconds
[2026-03-18T07:29:58.776+0000] {processor.py:186} INFO - Started process (PID=32872) to work on /home/komal/data-engineering-projects/airflow-spark-pipeline/airflow_venv/lib/python3.11/site-packages/airflow/example_dags/example_dynamic_task_mapping_with_no_taskflow_operators.py
[2026-03-18T07:29:58.809+0000] {processor.py:914} INFO - Processing file /home/komal/data-engineering-projects/airflow-spark-pipeline/airflow_venv/lib/python3.11/site-packages/airflow/example_dags/example_dynamic_task_mapping_with_no_taskflow_operators.py for tasks to queue
[2026-03-18T07:29:58.816+0000] {logging_mixin.py:190} INFO - [2026-03-18T07:29:58.815+0000] {dagbag.py:588} INFO - Filling up the DagBag from /home/komal/data-engineering-projects/airflow-spark-pipeline/airflow_venv/lib/python3.11/site-packages/airflow/example_dags/example_dynamic_task_mapping_with_no_taskflow_operators.py
[2026-03-18T07:29:58.835+0000] {processor.py:925} INFO - DAG(s) 'example_dynamic_task_mapping_with_no_taskflow_operators' retrieved from /home/komal/data-engineering-projects/airflow-spark-pipeline/airflow_venv/lib/python3.11/site-packages/airflow/example_dags/example_dynamic_task_mapping_with_no_taskflow_operators.py
[2026-03-18T07:29:58.871+0000] {logging_mixin.py:190} INFO - [2026-03-18T07:29:58.871+0000] {dag.py:3239} INFO - Sync 1 DAGs
[2026-03-18T07:29:58.893+0000] {logging_mixin.py:190} INFO - [2026-03-18T07:29:58.892+0000] {dag.py:4180} INFO - Setting next_dagrun for example_dynamic_task_mapping_with_no_taskflow_operators to None, run_after=None
[2026-03-18T07:29:58.979+0000] {processor.py:208} INFO - Processing /home/komal/data-engineering-projects/airflow-spark-pipeline/airflow_venv/lib/python3.11/site-packages/airflow/example_dags/example_dynamic_task_mapping_with_no_taskflow_operators.py took 0.217 seconds
[2026-03-18T07:31:15.445+0000] {processor.py:186} INFO - Started process (PID=33019) to work on /home/komal/data-engineering-projects/airflow-spark-pipeline/airflow_venv/lib/python3.11/site-packages/airflow/example_dags/example_dynamic_task_mapping_with_no_taskflow_operators.py
[2026-03-18T07:31:15.477+0000] {processor.py:914} INFO - Processing file /home/komal/data-engineering-projects/airflow-spark-pipeline/airflow_venv/lib/python3.11/site-packages/airflow/example_dags/example_dynamic_task_mapping_with_no_taskflow_operators.py for tasks to queue
[2026-03-18T07:31:15.481+0000] {logging_mixin.py:190} INFO - [2026-03-18T07:31:15.481+0000] {dagbag.py:588} INFO - Filling up the DagBag from /home/komal/data-engineering-projects/airflow-spark-pipeline/airflow_venv/lib/python3.11/site-packages/airflow/example_dags/example_dynamic_task_mapping_with_no_taskflow_operators.py
[2026-03-18T07:31:15.492+0000] {processor.py:925} INFO - DAG(s) 'example_dynamic_task_mapping_with_no_taskflow_operators' retrieved from /home/komal/data-engineering-projects/airflow-spark-pipeline/airflow_venv/lib/python3.11/site-packages/airflow/example_dags/example_dynamic_task_mapping_with_no_taskflow_operators.py
[2026-03-18T07:31:15.510+0000] {logging_mixin.py:190} INFO - [2026-03-18T07:31:15.509+0000] {dag.py:3239} INFO - Sync 1 DAGs
[2026-03-18T07:31:15.527+0000] {logging_mixin.py:190} INFO - [2026-03-18T07:31:15.526+0000] {dag.py:4180} INFO - Setting next_dagrun for example_dynamic_task_mapping_with_no_taskflow_operators to None, run_after=None
[2026-03-18T07:31:15.560+0000] {processor.py:208} INFO - Processing /home/komal/data-engineering-projects/airflow-spark-pipeline/airflow_venv/lib/python3.11/site-packages/airflow/example_dags/example_dynamic_task_mapping_with_no_taskflow_operators.py took 0.123 seconds
[2026-03-18T07:32:26.797+0000] {processor.py:186} INFO - Started process (PID=33084) to work on /home/komal/data-engineering-projects/airflow-spark-pipeline/airflow_venv/lib/python3.11/site-packages/airflow/example_dags/example_dynamic_task_mapping_with_no_taskflow_operators.py
[2026-03-18T07:32:26.804+0000] {processor.py:914} INFO - Processing file /home/komal/data-engineering-projects/airflow-spark-pipeline/airflow_venv/lib/python3.11/site-packages/airflow/example_dags/example_dynamic_task_mapping_with_no_taskflow_operators.py for tasks to queue
[2026-03-18T07:32:26.807+0000] {logging_mixin.py:190} INFO - [2026-03-18T07:32:26.807+0000] {dagbag.py:588} INFO - Filling up the DagBag from /home/komal/data-engineering-projects/airflow-spark-pipeline/airflow_venv/lib/python3.11/site-packages/airflow/example_dags/example_dynamic_task_mapping_with_no_taskflow_operators.py
[2026-03-18T07:32:26.822+0000] {processor.py:925} INFO - DAG(s) 'example_dynamic_task_mapping_with_no_taskflow_operators' retrieved from /home/komal/data-engineering-projects/airflow-spark-pipeline/airflow_venv/lib/python3.11/site-packages/airflow/example_dags/example_dynamic_task_mapping_with_no_taskflow_operators.py
[2026-03-18T07:32:26.843+0000] {logging_mixin.py:190} INFO - [2026-03-18T07:32:26.843+0000] {dag.py:3239} INFO - Sync 1 DAGs
[2026-03-18T07:32:26.859+0000] {logging_mixin.py:190} INFO - [2026-03-18T07:32:26.858+0000] {dag.py:4180} INFO - Setting next_dagrun for example_dynamic_task_mapping_with_no_taskflow_operators to None, run_after=None
[2026-03-18T07:32:26.894+0000] {processor.py:208} INFO - Processing /home/komal/data-engineering-projects/airflow-spark-pipeline/airflow_venv/lib/python3.11/site-packages/airflow/example_dags/example_dynamic_task_mapping_with_no_taskflow_operators.py took 0.106 seconds
[2026-03-18T07:33:46.779+0000] {processor.py:186} INFO - Started process (PID=33159) to work on /home/komal/data-engineering-projects/airflow-spark-pipeline/airflow_venv/lib/python3.11/site-packages/airflow/example_dags/example_dynamic_task_mapping_with_no_taskflow_operators.py
[2026-03-18T07:33:46.812+0000] {processor.py:914} INFO - Processing file /home/komal/data-engineering-projects/airflow-spark-pipeline/airflow_venv/lib/python3.11/site-packages/airflow/example_dags/example_dynamic_task_mapping_with_no_taskflow_operators.py for tasks to queue
[2026-03-18T07:33:46.817+0000] {logging_mixin.py:190} INFO - [2026-03-18T07:33:46.816+0000] {dagbag.py:588} INFO - Filling up the DagBag from /home/komal/data-engineering-projects/airflow-spark-pipeline/airflow_venv/lib/python3.11/site-packages/airflow/example_dags/example_dynamic_task_mapping_with_no_taskflow_operators.py
[2026-03-18T07:33:46.832+0000] {processor.py:925} INFO - DAG(s) 'example_dynamic_task_mapping_with_no_taskflow_operators' retrieved from /home/komal/data-engineering-projects/airflow-spark-pipeline/airflow_venv/lib/python3.11/site-packages/airflow/example_dags/example_dynamic_task_mapping_with_no_taskflow_operators.py
[2026-03-18T07:33:46.851+0000] {logging_mixin.py:190} INFO - [2026-03-18T07:33:46.850+0000] {dag.py:3239} INFO - Sync 1 DAGs
[2026-03-18T07:33:46.868+0000] {logging_mixin.py:190} INFO - [2026-03-18T07:33:46.867+0000] {dag.py:4180} INFO - Setting next_dagrun for example_dynamic_task_mapping_with_no_taskflow_operators to None, run_after=None
[2026-03-18T07:33:46.895+0000] {processor.py:208} INFO - Processing /home/komal/data-engineering-projects/airflow-spark-pipeline/airflow_venv/lib/python3.11/site-packages/airflow/example_dags/example_dynamic_task_mapping_with_no_taskflow_operators.py took 0.124 seconds
[2026-03-18T07:34:43.869+0000] {processor.py:186} INFO - Started process (PID=33265) to work on /home/komal/data-engineering-projects/airflow-spark-pipeline/airflow_venv/lib/python3.11/site-packages/airflow/example_dags/example_dynamic_task_mapping_with_no_taskflow_operators.py
[2026-03-18T07:34:43.902+0000] {processor.py:914} INFO - Processing file /home/komal/data-engineering-projects/airflow-spark-pipeline/airflow_venv/lib/python3.11/site-packages/airflow/example_dags/example_dynamic_task_mapping_with_no_taskflow_operators.py for tasks to queue
[2026-03-18T07:34:43.908+0000] {logging_mixin.py:190} INFO - [2026-03-18T07:34:43.907+0000] {dagbag.py:588} INFO - Filling up the DagBag from /home/komal/data-engineering-projects/airflow-spark-pipeline/airflow_venv/lib/python3.11/site-packages/airflow/example_dags/example_dynamic_task_mapping_with_no_taskflow_operators.py
[2026-03-18T07:34:43.921+0000] {processor.py:925} INFO - DAG(s) 'example_dynamic_task_mapping_with_no_taskflow_operators' retrieved from /home/komal/data-engineering-projects/airflow-spark-pipeline/airflow_venv/lib/python3.11/site-packages/airflow/example_dags/example_dynamic_task_mapping_with_no_taskflow_operators.py
[2026-03-18T07:34:43.946+0000] {logging_mixin.py:190} INFO - [2026-03-18T07:34:43.945+0000] {dag.py:3239} INFO - Sync 1 DAGs
[2026-03-18T07:34:43.971+0000] {logging_mixin.py:190} INFO - [2026-03-18T07:34:43.970+0000] {dag.py:4180} INFO - Setting next_dagrun for example_dynamic_task_mapping_with_no_taskflow_operators to None, run_after=None
[2026-03-18T07:34:44.006+0000] {processor.py:208} INFO - Processing /home/komal/data-engineering-projects/airflow-spark-pipeline/airflow_venv/lib/python3.11/site-packages/airflow/example_dags/example_dynamic_task_mapping_with_no_taskflow_operators.py took 0.147 seconds
[2026-03-18T07:35:48.107+0000] {processor.py:186} INFO - Started process (PID=33328) to work on /home/komal/data-engineering-projects/airflow-spark-pipeline/airflow_venv/lib/python3.11/site-packages/airflow/example_dags/example_dynamic_task_mapping_with_no_taskflow_operators.py
[2026-03-18T07:35:48.139+0000] {processor.py:914} INFO - Processing file /home/komal/data-engineering-projects/airflow-spark-pipeline/airflow_venv/lib/python3.11/site-packages/airflow/example_dags/example_dynamic_task_mapping_with_no_taskflow_operators.py for tasks to queue
[2026-03-18T07:35:48.142+0000] {logging_mixin.py:190} INFO - [2026-03-18T07:35:48.141+0000] {dagbag.py:588} INFO - Filling up the DagBag from /home/komal/data-engineering-projects/airflow-spark-pipeline/airflow_venv/lib/python3.11/site-packages/airflow/example_dags/example_dynamic_task_mapping_with_no_taskflow_operators.py
[2026-03-18T07:35:48.155+0000] {processor.py:925} INFO - DAG(s) 'example_dynamic_task_mapping_with_no_taskflow_operators' retrieved from /home/komal/data-engineering-projects/airflow-spark-pipeline/airflow_venv/lib/python3.11/site-packages/airflow/example_dags/example_dynamic_task_mapping_with_no_taskflow_operators.py
[2026-03-18T07:35:48.177+0000] {logging_mixin.py:190} INFO - [2026-03-18T07:35:48.177+0000] {dag.py:3239} INFO - Sync 1 DAGs
[2026-03-18T07:35:48.205+0000] {logging_mixin.py:190} INFO - [2026-03-18T07:35:48.205+0000] {dag.py:4180} INFO - Setting next_dagrun for example_dynamic_task_mapping_with_no_taskflow_operators to None, run_after=None
[2026-03-18T07:35:48.248+0000] {processor.py:208} INFO - Processing /home/komal/data-engineering-projects/airflow-spark-pipeline/airflow_venv/lib/python3.11/site-packages/airflow/example_dags/example_dynamic_task_mapping_with_no_taskflow_operators.py took 0.150 seconds
[2026-03-18T07:36:58.652+0000] {processor.py:186} INFO - Started process (PID=33396) to work on /home/komal/data-engineering-projects/airflow-spark-pipeline/airflow_venv/lib/python3.11/site-packages/airflow/example_dags/example_dynamic_task_mapping_with_no_taskflow_operators.py
[2026-03-18T07:36:58.684+0000] {processor.py:914} INFO - Processing file /home/komal/data-engineering-projects/airflow-spark-pipeline/airflow_venv/lib/python3.11/site-packages/airflow/example_dags/example_dynamic_task_mapping_with_no_taskflow_operators.py for tasks to queue
[2026-03-18T07:36:58.689+0000] {logging_mixin.py:190} INFO - [2026-03-18T07:36:58.688+0000] {dagbag.py:588} INFO - Filling up the DagBag from /home/komal/data-engineering-projects/airflow-spark-pipeline/airflow_venv/lib/python3.11/site-packages/airflow/example_dags/example_dynamic_task_mapping_with_no_taskflow_operators.py
[2026-03-18T07:36:58.705+0000] {processor.py:925} INFO - DAG(s) 'example_dynamic_task_mapping_with_no_taskflow_operators' retrieved from /home/komal/data-engineering-projects/airflow-spark-pipeline/airflow_venv/lib/python3.11/site-packages/airflow/example_dags/example_dynamic_task_mapping_with_no_taskflow_operators.py
[2026-03-18T07:36:58.730+0000] {logging_mixin.py:190} INFO - [2026-03-18T07:36:58.729+0000] {dag.py:3239} INFO - Sync 1 DAGs
[2026-03-18T07:36:58.750+0000] {logging_mixin.py:190} INFO - [2026-03-18T07:36:58.750+0000] {dag.py:4180} INFO - Setting next_dagrun for example_dynamic_task_mapping_with_no_taskflow_operators to None, run_after=None
[2026-03-18T07:36:58.789+0000] {processor.py:208} INFO - Processing /home/komal/data-engineering-projects/airflow-spark-pipeline/airflow_venv/lib/python3.11/site-packages/airflow/example_dags/example_dynamic_task_mapping_with_no_taskflow_operators.py took 0.149 seconds
[2026-03-18T07:38:26.940+0000] {processor.py:186} INFO - Started process (PID=33547) to work on /home/komal/data-engineering-projects/airflow-spark-pipeline/airflow_venv/lib/python3.11/site-packages/airflow/example_dags/example_dynamic_task_mapping_with_no_taskflow_operators.py
[2026-03-18T07:38:26.972+0000] {processor.py:914} INFO - Processing file /home/komal/data-engineering-projects/airflow-spark-pipeline/airflow_venv/lib/python3.11/site-packages/airflow/example_dags/example_dynamic_task_mapping_with_no_taskflow_operators.py for tasks to queue
[2026-03-18T07:38:26.977+0000] {logging_mixin.py:190} INFO - [2026-03-18T07:38:26.977+0000] {dagbag.py:588} INFO - Filling up the DagBag from /home/komal/data-engineering-projects/airflow-spark-pipeline/airflow_venv/lib/python3.11/site-packages/airflow/example_dags/example_dynamic_task_mapping_with_no_taskflow_operators.py
[2026-03-18T07:38:26.992+0000] {processor.py:925} INFO - DAG(s) 'example_dynamic_task_mapping_with_no_taskflow_operators' retrieved from /home/komal/data-engineering-projects/airflow-spark-pipeline/airflow_venv/lib/python3.11/site-packages/airflow/example_dags/example_dynamic_task_mapping_with_no_taskflow_operators.py
[2026-03-18T07:38:27.018+0000] {logging_mixin.py:190} INFO - [2026-03-18T07:38:27.018+0000] {dag.py:3239} INFO - Sync 1 DAGs
[2026-03-18T07:38:27.035+0000] {logging_mixin.py:190} INFO - [2026-03-18T07:38:27.035+0000] {dag.py:4180} INFO - Setting next_dagrun for example_dynamic_task_mapping_with_no_taskflow_operators to None, run_after=None
[2026-03-18T07:38:27.068+0000] {processor.py:208} INFO - Processing /home/komal/data-engineering-projects/airflow-spark-pipeline/airflow_venv/lib/python3.11/site-packages/airflow/example_dags/example_dynamic_task_mapping_with_no_taskflow_operators.py took 0.138 seconds
[2026-03-18T07:39:31.367+0000] {processor.py:186} INFO - Started process (PID=33611) to work on /home/komal/data-engineering-projects/airflow-spark-pipeline/airflow_venv/lib/python3.11/site-packages/airflow/example_dags/example_dynamic_task_mapping_with_no_taskflow_operators.py
[2026-03-18T07:39:31.394+0000] {processor.py:914} INFO - Processing file /home/komal/data-engineering-projects/airflow-spark-pipeline/airflow_venv/lib/python3.11/site-packages/airflow/example_dags/example_dynamic_task_mapping_with_no_taskflow_operators.py for tasks to queue
[2026-03-18T07:39:31.397+0000] {logging_mixin.py:190} INFO - [2026-03-18T07:39:31.397+0000] {dagbag.py:588} INFO - Filling up the DagBag from /home/komal/data-engineering-projects/airflow-spark-pipeline/airflow_venv/lib/python3.11/site-packages/airflow/example_dags/example_dynamic_task_mapping_with_no_taskflow_operators.py
[2026-03-18T07:39:31.409+0000] {processor.py:925} INFO - DAG(s) 'example_dynamic_task_mapping_with_no_taskflow_operators' retrieved from /home/komal/data-engineering-projects/airflow-spark-pipeline/airflow_venv/lib/python3.11/site-packages/airflow/example_dags/example_dynamic_task_mapping_with_no_taskflow_operators.py
[2026-03-18T07:39:31.435+0000] {logging_mixin.py:190} INFO - [2026-03-18T07:39:31.435+0000] {dag.py:3239} INFO - Sync 1 DAGs
[2026-03-18T07:39:31.453+0000] {logging_mixin.py:190} INFO - [2026-03-18T07:39:31.453+0000] {dag.py:4180} INFO - Setting next_dagrun for example_dynamic_task_mapping_with_no_taskflow_operators to None, run_after=None
[2026-03-18T07:39:31.486+0000] {processor.py:208} INFO - Processing /home/komal/data-engineering-projects/airflow-spark-pipeline/airflow_venv/lib/python3.11/site-packages/airflow/example_dags/example_dynamic_task_mapping_with_no_taskflow_operators.py took 0.126 seconds
[2026-03-18T07:40:42.547+0000] {processor.py:186} INFO - Started process (PID=33677) to work on /home/komal/data-engineering-projects/airflow-spark-pipeline/airflow_venv/lib/python3.11/site-packages/airflow/example_dags/example_dynamic_task_mapping_with_no_taskflow_operators.py
[2026-03-18T07:40:42.552+0000] {processor.py:914} INFO - Processing file /home/komal/data-engineering-projects/airflow-spark-pipeline/airflow_venv/lib/python3.11/site-packages/airflow/example_dags/example_dynamic_task_mapping_with_no_taskflow_operators.py for tasks to queue
[2026-03-18T07:40:42.555+0000] {logging_mixin.py:190} INFO - [2026-03-18T07:40:42.554+0000] {dagbag.py:588} INFO - Filling up the DagBag from /home/komal/data-engineering-projects/airflow-spark-pipeline/airflow_venv/lib/python3.11/site-packages/airflow/example_dags/example_dynamic_task_mapping_with_no_taskflow_operators.py
[2026-03-18T07:40:42.574+0000] {processor.py:925} INFO - DAG(s) 'example_dynamic_task_mapping_with_no_taskflow_operators' retrieved from /home/komal/data-engineering-projects/airflow-spark-pipeline/airflow_venv/lib/python3.11/site-packages/airflow/example_dags/example_dynamic_task_mapping_with_no_taskflow_operators.py
[2026-03-18T07:40:42.600+0000] {logging_mixin.py:190} INFO - [2026-03-18T07:40:42.600+0000] {dag.py:3239} INFO - Sync 1 DAGs
[2026-03-18T07:40:42.616+0000] {logging_mixin.py:190} INFO - [2026-03-18T07:40:42.616+0000] {dag.py:4180} INFO - Setting next_dagrun for example_dynamic_task_mapping_with_no_taskflow_operators to None, run_after=None
[2026-03-18T07:40:42.665+0000] {processor.py:208} INFO - Processing /home/komal/data-engineering-projects/airflow-spark-pipeline/airflow_venv/lib/python3.11/site-packages/airflow/example_dags/example_dynamic_task_mapping_with_no_taskflow_operators.py took 0.130 seconds
[2026-03-18T07:42:34.294+0000] {processor.py:186} INFO - Started process (PID=33782) to work on /home/komal/data-engineering-projects/airflow-spark-pipeline/airflow_venv/lib/python3.11/site-packages/airflow/example_dags/example_dynamic_task_mapping_with_no_taskflow_operators.py
[2026-03-18T07:42:34.303+0000] {processor.py:914} INFO - Processing file /home/komal/data-engineering-projects/airflow-spark-pipeline/airflow_venv/lib/python3.11/site-packages/airflow/example_dags/example_dynamic_task_mapping_with_no_taskflow_operators.py for tasks to queue
[2026-03-18T07:42:34.309+0000] {logging_mixin.py:190} INFO - [2026-03-18T07:42:34.308+0000] {dagbag.py:588} INFO - Filling up the DagBag from /home/komal/data-engineering-projects/airflow-spark-pipeline/airflow_venv/lib/python3.11/site-packages/airflow/example_dags/example_dynamic_task_mapping_with_no_taskflow_operators.py
[2026-03-18T07:42:34.326+0000] {processor.py:925} INFO - DAG(s) 'example_dynamic_task_mapping_with_no_taskflow_operators' retrieved from /home/komal/data-engineering-projects/airflow-spark-pipeline/airflow_venv/lib/python3.11/site-packages/airflow/example_dags/example_dynamic_task_mapping_with_no_taskflow_operators.py
[2026-03-18T07:42:34.357+0000] {logging_mixin.py:190} INFO - [2026-03-18T07:42:34.357+0000] {dag.py:3239} INFO - Sync 1 DAGs
[2026-03-18T07:42:34.376+0000] {logging_mixin.py:190} INFO - [2026-03-18T07:42:34.375+0000] {dag.py:4180} INFO - Setting next_dagrun for example_dynamic_task_mapping_with_no_taskflow_operators to None, run_after=None
[2026-03-18T07:42:34.443+0000] {processor.py:208} INFO - Processing /home/komal/data-engineering-projects/airflow-spark-pipeline/airflow_venv/lib/python3.11/site-packages/airflow/example_dags/example_dynamic_task_mapping_with_no_taskflow_operators.py took 0.163 seconds
[2026-03-18T07:43:47.136+0000] {processor.py:186} INFO - Started process (PID=33925) to work on /home/komal/data-engineering-projects/airflow-spark-pipeline/airflow_venv/lib/python3.11/site-packages/airflow/example_dags/example_dynamic_task_mapping_with_no_taskflow_operators.py
[2026-03-18T07:43:47.139+0000] {processor.py:914} INFO - Processing file /home/komal/data-engineering-projects/airflow-spark-pipeline/airflow_venv/lib/python3.11/site-packages/airflow/example_dags/example_dynamic_task_mapping_with_no_taskflow_operators.py for tasks to queue
[2026-03-18T07:43:47.142+0000] {logging_mixin.py:190} INFO - [2026-03-18T07:43:47.142+0000] {dagbag.py:588} INFO - Filling up the DagBag from /home/komal/data-engineering-projects/airflow-spark-pipeline/airflow_venv/lib/python3.11/site-packages/airflow/example_dags/example_dynamic_task_mapping_with_no_taskflow_operators.py
[2026-03-18T07:43:47.154+0000] {processor.py:925} INFO - DAG(s) 'example_dynamic_task_mapping_with_no_taskflow_operators' retrieved from /home/komal/data-engineering-projects/airflow-spark-pipeline/airflow_venv/lib/python3.11/site-packages/airflow/example_dags/example_dynamic_task_mapping_with_no_taskflow_operators.py
[2026-03-18T07:43:47.180+0000] {logging_mixin.py:190} INFO - [2026-03-18T07:43:47.180+0000] {dag.py:3239} INFO - Sync 1 DAGs
[2026-03-18T07:43:47.198+0000] {logging_mixin.py:190} INFO - [2026-03-18T07:43:47.198+0000] {dag.py:4180} INFO - Setting next_dagrun for example_dynamic_task_mapping_with_no_taskflow_operators to None, run_after=None
[2026-03-18T07:43:47.234+0000] {processor.py:208} INFO - Processing /home/komal/data-engineering-projects/airflow-spark-pipeline/airflow_venv/lib/python3.11/site-packages/airflow/example_dags/example_dynamic_task_mapping_with_no_taskflow_operators.py took 0.105 seconds
[2026-03-18T07:44:52.479+0000] {processor.py:186} INFO - Started process (PID=33996) to work on /home/komal/data-engineering-projects/airflow-spark-pipeline/airflow_venv/lib/python3.11/site-packages/airflow/example_dags/example_dynamic_task_mapping_with_no_taskflow_operators.py
[2026-03-18T07:44:52.483+0000] {processor.py:914} INFO - Processing file /home/komal/data-engineering-projects/airflow-spark-pipeline/airflow_venv/lib/python3.11/site-packages/airflow/example_dags/example_dynamic_task_mapping_with_no_taskflow_operators.py for tasks to queue
[2026-03-18T07:44:52.485+0000] {logging_mixin.py:190} INFO - [2026-03-18T07:44:52.485+0000] {dagbag.py:588} INFO - Filling up the DagBag from /home/komal/data-engineering-projects/airflow-spark-pipeline/airflow_venv/lib/python3.11/site-packages/airflow/example_dags/example_dynamic_task_mapping_with_no_taskflow_operators.py
[2026-03-18T07:44:52.496+0000] {processor.py:925} INFO - DAG(s) 'example_dynamic_task_mapping_with_no_taskflow_operators' retrieved from /home/komal/data-engineering-projects/airflow-spark-pipeline/airflow_venv/lib/python3.11/site-packages/airflow/example_dags/example_dynamic_task_mapping_with_no_taskflow_operators.py
[2026-03-18T07:44:52.525+0000] {logging_mixin.py:190} INFO - [2026-03-18T07:44:52.524+0000] {dag.py:3239} INFO - Sync 1 DAGs
[2026-03-18T07:44:52.542+0000] {logging_mixin.py:190} INFO - [2026-03-18T07:44:52.542+0000] {dag.py:4180} INFO - Setting next_dagrun for example_dynamic_task_mapping_with_no_taskflow_operators to None, run_after=None
[2026-03-18T07:44:52.574+0000] {processor.py:208} INFO - Processing /home/komal/data-engineering-projects/airflow-spark-pipeline/airflow_venv/lib/python3.11/site-packages/airflow/example_dags/example_dynamic_task_mapping_with_no_taskflow_operators.py took 0.104 seconds
[2026-03-18T07:46:05.069+0000] {processor.py:186} INFO - Started process (PID=34067) to work on /home/komal/data-engineering-projects/airflow-spark-pipeline/airflow_venv/lib/python3.11/site-packages/airflow/example_dags/example_dynamic_task_mapping_with_no_taskflow_operators.py
[2026-03-18T07:46:05.102+0000] {processor.py:914} INFO - Processing file /home/komal/data-engineering-projects/airflow-spark-pipeline/airflow_venv/lib/python3.11/site-packages/airflow/example_dags/example_dynamic_task_mapping_with_no_taskflow_operators.py for tasks to queue
[2026-03-18T07:46:05.107+0000] {logging_mixin.py:190} INFO - [2026-03-18T07:46:05.107+0000] {dagbag.py:588} INFO - Filling up the DagBag from /home/komal/data-engineering-projects/airflow-spark-pipeline/airflow_venv/lib/python3.11/site-packages/airflow/example_dags/example_dynamic_task_mapping_with_no_taskflow_operators.py
[2026-03-18T07:46:05.124+0000] {processor.py:925} INFO - DAG(s) 'example_dynamic_task_mapping_with_no_taskflow_operators' retrieved from /home/komal/data-engineering-projects/airflow-spark-pipeline/airflow_venv/lib/python3.11/site-packages/airflow/example_dags/example_dynamic_task_mapping_with_no_taskflow_operators.py
[2026-03-18T07:46:05.151+0000] {logging_mixin.py:190} INFO - [2026-03-18T07:46:05.150+0000] {dag.py:3239} INFO - Sync 1 DAGs
[2026-03-18T07:46:05.169+0000] {logging_mixin.py:190} INFO - [2026-03-18T07:46:05.169+0000] {dag.py:4180} INFO - Setting next_dagrun for example_dynamic_task_mapping_with_no_taskflow_operators to None, run_after=None
[2026-03-18T07:46:05.203+0000] {processor.py:208} INFO - Processing /home/komal/data-engineering-projects/airflow-spark-pipeline/airflow_venv/lib/python3.11/site-packages/airflow/example_dags/example_dynamic_task_mapping_with_no_taskflow_operators.py took 0.144 seconds
[2026-03-18T07:47:22.077+0000] {processor.py:186} INFO - Started process (PID=34135) to work on /home/komal/data-engineering-projects/airflow-spark-pipeline/airflow_venv/lib/python3.11/site-packages/airflow/example_dags/example_dynamic_task_mapping_with_no_taskflow_operators.py
[2026-03-18T07:47:22.110+0000] {processor.py:914} INFO - Processing file /home/komal/data-engineering-projects/airflow-spark-pipeline/airflow_venv/lib/python3.11/site-packages/airflow/example_dags/example_dynamic_task_mapping_with_no_taskflow_operators.py for tasks to queue
[2026-03-18T07:47:22.115+0000] {logging_mixin.py:190} INFO - [2026-03-18T07:47:22.114+0000] {dagbag.py:588} INFO - Filling up the DagBag from /home/komal/data-engineering-projects/airflow-spark-pipeline/airflow_venv/lib/python3.11/site-packages/airflow/example_dags/example_dynamic_task_mapping_with_no_taskflow_operators.py
[2026-03-18T07:47:22.130+0000] {processor.py:925} INFO - DAG(s) 'example_dynamic_task_mapping_with_no_taskflow_operators' retrieved from /home/komal/data-engineering-projects/airflow-spark-pipeline/airflow_venv/lib/python3.11/site-packages/airflow/example_dags/example_dynamic_task_mapping_with_no_taskflow_operators.py
[2026-03-18T07:47:22.151+0000] {logging_mixin.py:190} INFO - [2026-03-18T07:47:22.151+0000] {dag.py:3239} INFO - Sync 1 DAGs
[2026-03-18T07:47:22.289+0000] {logging_mixin.py:190} INFO - [2026-03-18T07:47:22.289+0000] {dag.py:4180} INFO - Setting next_dagrun for example_dynamic_task_mapping_with_no_taskflow_operators to None, run_after=None
[2026-03-18T07:47:22.352+0000] {processor.py:208} INFO - Processing /home/komal/data-engineering-projects/airflow-spark-pipeline/airflow_venv/lib/python3.11/site-packages/airflow/example_dags/example_dynamic_task_mapping_with_no_taskflow_operators.py took 0.284 seconds
[2026-03-18T07:49:29.205+0000] {processor.py:186} INFO - Started process (PID=34176) to work on /home/komal/data-engineering-projects/airflow-spark-pipeline/airflow_venv/lib/python3.11/site-packages/airflow/example_dags/example_dynamic_task_mapping_with_no_taskflow_operators.py
[2026-03-18T07:49:29.238+0000] {processor.py:914} INFO - Processing file /home/komal/data-engineering-projects/airflow-spark-pipeline/airflow_venv/lib/python3.11/site-packages/airflow/example_dags/example_dynamic_task_mapping_with_no_taskflow_operators.py for tasks to queue
[2026-03-18T07:49:29.242+0000] {logging_mixin.py:190} INFO - [2026-03-18T07:49:29.241+0000] {dagbag.py:588} INFO - Filling up the DagBag from /home/komal/data-engineering-projects/airflow-spark-pipeline/airflow_venv/lib/python3.11/site-packages/airflow/example_dags/example_dynamic_task_mapping_with_no_taskflow_operators.py
[2026-03-18T07:49:29.403+0000] {processor.py:925} INFO - DAG(s) 'example_dynamic_task_mapping_with_no_taskflow_operators' retrieved from /home/komal/data-engineering-projects/airflow-spark-pipeline/airflow_venv/lib/python3.11/site-packages/airflow/example_dags/example_dynamic_task_mapping_with_no_taskflow_operators.py
[2026-03-18T07:49:29.420+0000] {logging_mixin.py:190} INFO - [2026-03-18T07:49:29.420+0000] {dag.py:3239} INFO - Sync 1 DAGs
[2026-03-18T07:49:29.432+0000] {logging_mixin.py:190} INFO - [2026-03-18T07:49:29.431+0000] {dag.py:4180} INFO - Setting next_dagrun for example_dynamic_task_mapping_with_no_taskflow_operators to None, run_after=None
[2026-03-18T07:49:29.497+0000] {processor.py:208} INFO - Processing /home/komal/data-engineering-projects/airflow-spark-pipeline/airflow_venv/lib/python3.11/site-packages/airflow/example_dags/example_dynamic_task_mapping_with_no_taskflow_operators.py took 0.303 seconds
[2026-03-18T07:50:31.190+0000] {processor.py:186} INFO - Started process (PID=34253) to work on /home/komal/data-engineering-projects/airflow-spark-pipeline/airflow_venv/lib/python3.11/site-packages/airflow/example_dags/example_dynamic_task_mapping_with_no_taskflow_operators.py
[2026-03-18T07:50:31.194+0000] {processor.py:914} INFO - Processing file /home/komal/data-engineering-projects/airflow-spark-pipeline/airflow_venv/lib/python3.11/site-packages/airflow/example_dags/example_dynamic_task_mapping_with_no_taskflow_operators.py for tasks to queue
[2026-03-18T07:50:31.198+0000] {logging_mixin.py:190} INFO - [2026-03-18T07:50:31.197+0000] {dagbag.py:588} INFO - Filling up the DagBag from /home/komal/data-engineering-projects/airflow-spark-pipeline/airflow_venv/lib/python3.11/site-packages/airflow/example_dags/example_dynamic_task_mapping_with_no_taskflow_operators.py
[2026-03-18T07:50:31.216+0000] {processor.py:925} INFO - DAG(s) 'example_dynamic_task_mapping_with_no_taskflow_operators' retrieved from /home/komal/data-engineering-projects/airflow-spark-pipeline/airflow_venv/lib/python3.11/site-packages/airflow/example_dags/example_dynamic_task_mapping_with_no_taskflow_operators.py
[2026-03-18T07:50:31.250+0000] {logging_mixin.py:190} INFO - [2026-03-18T07:50:31.250+0000] {dag.py:3239} INFO - Sync 1 DAGs
[2026-03-18T07:50:31.274+0000] {logging_mixin.py:190} INFO - [2026-03-18T07:50:31.274+0000] {dag.py:4180} INFO - Setting next_dagrun for example_dynamic_task_mapping_with_no_taskflow_operators to None, run_after=None
[2026-03-18T07:50:31.306+0000] {processor.py:208} INFO - Processing /home/komal/data-engineering-projects/airflow-spark-pipeline/airflow_venv/lib/python3.11/site-packages/airflow/example_dags/example_dynamic_task_mapping_with_no_taskflow_operators.py took 0.126 seconds
[2026-03-18T07:51:44.196+0000] {processor.py:186} INFO - Started process (PID=34325) to work on /home/komal/data-engineering-projects/airflow-spark-pipeline/airflow_venv/lib/python3.11/site-packages/airflow/example_dags/example_dynamic_task_mapping_with_no_taskflow_operators.py
[2026-03-18T07:51:44.228+0000] {processor.py:914} INFO - Processing file /home/komal/data-engineering-projects/airflow-spark-pipeline/airflow_venv/lib/python3.11/site-packages/airflow/example_dags/example_dynamic_task_mapping_with_no_taskflow_operators.py for tasks to queue
[2026-03-18T07:51:44.231+0000] {logging_mixin.py:190} INFO - [2026-03-18T07:51:44.231+0000] {dagbag.py:588} INFO - Filling up the DagBag from /home/komal/data-engineering-projects/airflow-spark-pipeline/airflow_venv/lib/python3.11/site-packages/airflow/example_dags/example_dynamic_task_mapping_with_no_taskflow_operators.py
[2026-03-18T07:51:44.244+0000] {processor.py:925} INFO - DAG(s) 'example_dynamic_task_mapping_with_no_taskflow_operators' retrieved from /home/komal/data-engineering-projects/airflow-spark-pipeline/airflow_venv/lib/python3.11/site-packages/airflow/example_dags/example_dynamic_task_mapping_with_no_taskflow_operators.py
[2026-03-18T07:51:44.263+0000] {logging_mixin.py:190} INFO - [2026-03-18T07:51:44.263+0000] {dag.py:3239} INFO - Sync 1 DAGs
[2026-03-18T07:51:44.287+0000] {logging_mixin.py:190} INFO - [2026-03-18T07:51:44.286+0000] {dag.py:4180} INFO - Setting next_dagrun for example_dynamic_task_mapping_with_no_taskflow_operators to None, run_after=None
[2026-03-18T07:51:44.320+0000] {processor.py:208} INFO - Processing /home/komal/data-engineering-projects/airflow-spark-pipeline/airflow_venv/lib/python3.11/site-packages/airflow/example_dags/example_dynamic_task_mapping_with_no_taskflow_operators.py took 0.131 seconds
[2026-03-18T07:53:04.858+0000] {processor.py:186} INFO - Started process (PID=34396) to work on /home/komal/data-engineering-projects/airflow-spark-pipeline/airflow_venv/lib/python3.11/site-packages/airflow/example_dags/example_dynamic_task_mapping_with_no_taskflow_operators.py
[2026-03-18T07:53:04.860+0000] {processor.py:914} INFO - Processing file /home/komal/data-engineering-projects/airflow-spark-pipeline/airflow_venv/lib/python3.11/site-packages/airflow/example_dags/example_dynamic_task_mapping_with_no_taskflow_operators.py for tasks to queue
[2026-03-18T07:53:04.862+0000] {logging_mixin.py:190} INFO - [2026-03-18T07:53:04.862+0000] {dagbag.py:588} INFO - Filling up the DagBag from /home/komal/data-engineering-projects/airflow-spark-pipeline/airflow_venv/lib/python3.11/site-packages/airflow/example_dags/example_dynamic_task_mapping_with_no_taskflow_operators.py
[2026-03-18T07:53:04.873+0000] {processor.py:925} INFO - DAG(s) 'example_dynamic_task_mapping_with_no_taskflow_operators' retrieved from /home/komal/data-engineering-projects/airflow-spark-pipeline/airflow_venv/lib/python3.11/site-packages/airflow/example_dags/example_dynamic_task_mapping_with_no_taskflow_operators.py
[2026-03-18T07:53:04.890+0000] {logging_mixin.py:190} INFO - [2026-03-18T07:53:04.890+0000] {dag.py:3239} INFO - Sync 1 DAGs
[2026-03-18T07:53:04.906+0000] {logging_mixin.py:190} INFO - [2026-03-18T07:53:04.906+0000] {dag.py:4180} INFO - Setting next_dagrun for example_dynamic_task_mapping_with_no_taskflow_operators to None, run_after=None
[2026-03-18T07:53:04.934+0000] {processor.py:208} INFO - Processing /home/komal/data-engineering-projects/airflow-spark-pipeline/airflow_venv/lib/python3.11/site-packages/airflow/example_dags/example_dynamic_task_mapping_with_no_taskflow_operators.py took 0.083 seconds
[2026-03-18T07:54:24.201+0000] {processor.py:186} INFO - Started process (PID=34474) to work on /home/komal/data-engineering-projects/airflow-spark-pipeline/airflow_venv/lib/python3.11/site-packages/airflow/example_dags/example_dynamic_task_mapping_with_no_taskflow_operators.py
[2026-03-18T07:54:24.206+0000] {processor.py:914} INFO - Processing file /home/komal/data-engineering-projects/airflow-spark-pipeline/airflow_venv/lib/python3.11/site-packages/airflow/example_dags/example_dynamic_task_mapping_with_no_taskflow_operators.py for tasks to queue
[2026-03-18T07:54:24.210+0000] {logging_mixin.py:190} INFO - [2026-03-18T07:54:24.209+0000] {dagbag.py:588} INFO - Filling up the DagBag from /home/komal/data-engineering-projects/airflow-spark-pipeline/airflow_venv/lib/python3.11/site-packages/airflow/example_dags/example_dynamic_task_mapping_with_no_taskflow_operators.py
[2026-03-18T07:54:24.228+0000] {processor.py:925} INFO - DAG(s) 'example_dynamic_task_mapping_with_no_taskflow_operators' retrieved from /home/komal/data-engineering-projects/airflow-spark-pipeline/airflow_venv/lib/python3.11/site-packages/airflow/example_dags/example_dynamic_task_mapping_with_no_taskflow_operators.py
[2026-03-18T07:54:24.253+0000] {logging_mixin.py:190} INFO - [2026-03-18T07:54:24.252+0000] {dag.py:3239} INFO - Sync 1 DAGs
[2026-03-18T07:54:24.274+0000] {logging_mixin.py:190} INFO - [2026-03-18T07:54:24.273+0000] {dag.py:4180} INFO - Setting next_dagrun for example_dynamic_task_mapping_with_no_taskflow_operators to None, run_after=None
[2026-03-18T07:54:24.310+0000] {processor.py:208} INFO - Processing /home/komal/data-engineering-projects/airflow-spark-pipeline/airflow_venv/lib/python3.11/site-packages/airflow/example_dags/example_dynamic_task_mapping_with_no_taskflow_operators.py took 0.121 seconds
[2026-03-18T07:55:20.365+0000] {processor.py:186} INFO - Started process (PID=34598) to work on /home/komal/data-engineering-projects/airflow-spark-pipeline/airflow_venv/lib/python3.11/site-packages/airflow/example_dags/example_dynamic_task_mapping_with_no_taskflow_operators.py
[2026-03-18T07:55:20.399+0000] {processor.py:914} INFO - Processing file /home/komal/data-engineering-projects/airflow-spark-pipeline/airflow_venv/lib/python3.11/site-packages/airflow/example_dags/example_dynamic_task_mapping_with_no_taskflow_operators.py for tasks to queue
[2026-03-18T07:55:20.405+0000] {logging_mixin.py:190} INFO - [2026-03-18T07:55:20.405+0000] {dagbag.py:588} INFO - Filling up the DagBag from /home/komal/data-engineering-projects/airflow-spark-pipeline/airflow_venv/lib/python3.11/site-packages/airflow/example_dags/example_dynamic_task_mapping_with_no_taskflow_operators.py
[2026-03-18T07:55:20.421+0000] {processor.py:925} INFO - DAG(s) 'example_dynamic_task_mapping_with_no_taskflow_operators' retrieved from /home/komal/data-engineering-projects/airflow-spark-pipeline/airflow_venv/lib/python3.11/site-packages/airflow/example_dags/example_dynamic_task_mapping_with_no_taskflow_operators.py
[2026-03-18T07:55:20.448+0000] {logging_mixin.py:190} INFO - [2026-03-18T07:55:20.448+0000] {dag.py:3239} INFO - Sync 1 DAGs
[2026-03-18T07:55:20.470+0000] {logging_mixin.py:190} INFO - [2026-03-18T07:55:20.470+0000] {dag.py:4180} INFO - Setting next_dagrun for example_dynamic_task_mapping_with_no_taskflow_operators to None, run_after=None
[2026-03-18T07:55:20.508+0000] {processor.py:208} INFO - Processing /home/komal/data-engineering-projects/airflow-spark-pipeline/airflow_venv/lib/python3.11/site-packages/airflow/example_dags/example_dynamic_task_mapping_with_no_taskflow_operators.py took 0.152 seconds
[2026-03-18T07:56:27.053+0000] {processor.py:186} INFO - Started process (PID=34889) to work on /home/komal/data-engineering-projects/airflow-spark-pipeline/airflow_venv/lib/python3.11/site-packages/airflow/example_dags/example_dynamic_task_mapping_with_no_taskflow_operators.py
[2026-03-18T07:56:27.088+0000] {processor.py:914} INFO - Processing file /home/komal/data-engineering-projects/airflow-spark-pipeline/airflow_venv/lib/python3.11/site-packages/airflow/example_dags/example_dynamic_task_mapping_with_no_taskflow_operators.py for tasks to queue
[2026-03-18T07:56:27.093+0000] {logging_mixin.py:190} INFO - [2026-03-18T07:56:27.092+0000] {dagbag.py:588} INFO - Filling up the DagBag from /home/komal/data-engineering-projects/airflow-spark-pipeline/airflow_venv/lib/python3.11/site-packages/airflow/example_dags/example_dynamic_task_mapping_with_no_taskflow_operators.py
[2026-03-18T07:56:27.107+0000] {processor.py:925} INFO - DAG(s) 'example_dynamic_task_mapping_with_no_taskflow_operators' retrieved from /home/komal/data-engineering-projects/airflow-spark-pipeline/airflow_venv/lib/python3.11/site-packages/airflow/example_dags/example_dynamic_task_mapping_with_no_taskflow_operators.py
[2026-03-18T07:56:27.127+0000] {logging_mixin.py:190} INFO - [2026-03-18T07:56:27.127+0000] {dag.py:3239} INFO - Sync 1 DAGs
[2026-03-18T07:56:27.145+0000] {logging_mixin.py:190} INFO - [2026-03-18T07:56:27.144+0000] {dag.py:4180} INFO - Setting next_dagrun for example_dynamic_task_mapping_with_no_taskflow_operators to None, run_after=None
[2026-03-18T07:56:27.179+0000] {processor.py:208} INFO - Processing /home/komal/data-engineering-projects/airflow-spark-pipeline/airflow_venv/lib/python3.11/site-packages/airflow/example_dags/example_dynamic_task_mapping_with_no_taskflow_operators.py took 0.137 seconds
[2026-03-18T08:05:19.652+0000] {processor.py:186} INFO - Started process (PID=34963) to work on /home/komal/data-engineering-projects/airflow-spark-pipeline/airflow_venv/lib/python3.11/site-packages/airflow/example_dags/example_dynamic_task_mapping_with_no_taskflow_operators.py
[2026-03-18T08:05:19.685+0000] {processor.py:914} INFO - Processing file /home/komal/data-engineering-projects/airflow-spark-pipeline/airflow_venv/lib/python3.11/site-packages/airflow/example_dags/example_dynamic_task_mapping_with_no_taskflow_operators.py for tasks to queue
[2026-03-18T08:05:19.690+0000] {logging_mixin.py:190} INFO - [2026-03-18T08:05:19.689+0000] {dagbag.py:588} INFO - Filling up the DagBag from /home/komal/data-engineering-projects/airflow-spark-pipeline/airflow_venv/lib/python3.11/site-packages/airflow/example_dags/example_dynamic_task_mapping_with_no_taskflow_operators.py
[2026-03-18T08:05:19.709+0000] {processor.py:925} INFO - DAG(s) 'example_dynamic_task_mapping_with_no_taskflow_operators' retrieved from /home/komal/data-engineering-projects/airflow-spark-pipeline/airflow_venv/lib/python3.11/site-packages/airflow/example_dags/example_dynamic_task_mapping_with_no_taskflow_operators.py
[2026-03-18T08:05:19.741+0000] {logging_mixin.py:190} INFO - [2026-03-18T08:05:19.741+0000] {dag.py:3239} INFO - Sync 1 DAGs
[2026-03-18T08:05:19.765+0000] {logging_mixin.py:190} INFO - [2026-03-18T08:05:19.765+0000] {dag.py:4180} INFO - Setting next_dagrun for example_dynamic_task_mapping_with_no_taskflow_operators to None, run_after=None
[2026-03-18T08:05:19.815+0000] {processor.py:208} INFO - Processing /home/komal/data-engineering-projects/airflow-spark-pipeline/airflow_venv/lib/python3.11/site-packages/airflow/example_dags/example_dynamic_task_mapping_with_no_taskflow_operators.py took 0.175 seconds
[2026-03-18T08:06:26.173+0000] {processor.py:186} INFO - Started process (PID=35029) to work on /home/komal/data-engineering-projects/airflow-spark-pipeline/airflow_venv/lib/python3.11/site-packages/airflow/example_dags/example_dynamic_task_mapping_with_no_taskflow_operators.py
[2026-03-18T08:06:26.206+0000] {processor.py:914} INFO - Processing file /home/komal/data-engineering-projects/airflow-spark-pipeline/airflow_venv/lib/python3.11/site-packages/airflow/example_dags/example_dynamic_task_mapping_with_no_taskflow_operators.py for tasks to queue
[2026-03-18T08:06:26.210+0000] {logging_mixin.py:190} INFO - [2026-03-18T08:06:26.210+0000] {dagbag.py:588} INFO - Filling up the DagBag from /home/komal/data-engineering-projects/airflow-spark-pipeline/airflow_venv/lib/python3.11/site-packages/airflow/example_dags/example_dynamic_task_mapping_with_no_taskflow_operators.py
[2026-03-18T08:06:26.224+0000] {processor.py:925} INFO - DAG(s) 'example_dynamic_task_mapping_with_no_taskflow_operators' retrieved from /home/komal/data-engineering-projects/airflow-spark-pipeline/airflow_venv/lib/python3.11/site-packages/airflow/example_dags/example_dynamic_task_mapping_with_no_taskflow_operators.py
[2026-03-18T08:06:26.244+0000] {logging_mixin.py:190} INFO - [2026-03-18T08:06:26.244+0000] {dag.py:3239} INFO - Sync 1 DAGs
[2026-03-18T08:06:26.258+0000] {logging_mixin.py:190} INFO - [2026-03-18T08:06:26.258+0000] {dag.py:4180} INFO - Setting next_dagrun for example_dynamic_task_mapping_with_no_taskflow_operators to None, run_after=None
[2026-03-18T08:06:26.291+0000] {processor.py:208} INFO - Processing /home/komal/data-engineering-projects/airflow-spark-pipeline/airflow_venv/lib/python3.11/site-packages/airflow/example_dags/example_dynamic_task_mapping_with_no_taskflow_operators.py took 0.125 seconds
[2026-03-18T08:07:45.064+0000] {processor.py:186} INFO - Started process (PID=35099) to work on /home/komal/data-engineering-projects/airflow-spark-pipeline/airflow_venv/lib/python3.11/site-packages/airflow/example_dags/example_dynamic_task_mapping_with_no_taskflow_operators.py
[2026-03-18T08:07:45.067+0000] {processor.py:914} INFO - Processing file /home/komal/data-engineering-projects/airflow-spark-pipeline/airflow_venv/lib/python3.11/site-packages/airflow/example_dags/example_dynamic_task_mapping_with_no_taskflow_operators.py for tasks to queue
[2026-03-18T08:07:45.071+0000] {logging_mixin.py:190} INFO - [2026-03-18T08:07:45.070+0000] {dagbag.py:588} INFO - Filling up the DagBag from /home/komal/data-engineering-projects/airflow-spark-pipeline/airflow_venv/lib/python3.11/site-packages/airflow/example_dags/example_dynamic_task_mapping_with_no_taskflow_operators.py
[2026-03-18T08:07:45.527+0000] {processor.py:925} INFO - DAG(s) 'example_dynamic_task_mapping_with_no_taskflow_operators' retrieved from /home/komal/data-engineering-projects/airflow-spark-pipeline/airflow_venv/lib/python3.11/site-packages/airflow/example_dags/example_dynamic_task_mapping_with_no_taskflow_operators.py
[2026-03-18T08:07:45.693+0000] {logging_mixin.py:190} INFO - [2026-03-18T08:07:45.692+0000] {dag.py:3239} INFO - Sync 1 DAGs
[2026-03-18T08:07:45.706+0000] {logging_mixin.py:190} INFO - [2026-03-18T08:07:45.706+0000] {dag.py:4180} INFO - Setting next_dagrun for example_dynamic_task_mapping_with_no_taskflow_operators to None, run_after=None
[2026-03-18T08:07:45.763+0000] {processor.py:208} INFO - Processing /home/komal/data-engineering-projects/airflow-spark-pipeline/airflow_venv/lib/python3.11/site-packages/airflow/example_dags/example_dynamic_task_mapping_with_no_taskflow_operators.py took 0.265 seconds
[2026-03-18T08:08:57.802+0000] {processor.py:186} INFO - Started process (PID=35167) to work on /home/komal/data-engineering-projects/airflow-spark-pipeline/airflow_venv/lib/python3.11/site-packages/airflow/example_dags/example_dynamic_task_mapping_with_no_taskflow_operators.py
[2026-03-18T08:08:57.834+0000] {processor.py:914} INFO - Processing file /home/komal/data-engineering-projects/airflow-spark-pipeline/airflow_venv/lib/python3.11/site-packages/airflow/example_dags/example_dynamic_task_mapping_with_no_taskflow_operators.py for tasks to queue
[2026-03-18T08:08:57.838+0000] {logging_mixin.py:190} INFO - [2026-03-18T08:08:57.837+0000] {dagbag.py:588} INFO - Filling up the DagBag from /home/komal/data-engineering-projects/airflow-spark-pipeline/airflow_venv/lib/python3.11/site-packages/airflow/example_dags/example_dynamic_task_mapping_with_no_taskflow_operators.py
[2026-03-18T08:08:57.852+0000] {processor.py:925} INFO - DAG(s) 'example_dynamic_task_mapping_with_no_taskflow_operators' retrieved from /home/komal/data-engineering-projects/airflow-spark-pipeline/airflow_venv/lib/python3.11/site-packages/airflow/example_dags/example_dynamic_task_mapping_with_no_taskflow_operators.py
[2026-03-18T08:08:57.882+0000] {logging_mixin.py:190} INFO - [2026-03-18T08:08:57.882+0000] {dag.py:3239} INFO - Sync 1 DAGs
[2026-03-18T08:08:57.908+0000] {logging_mixin.py:190} INFO - [2026-03-18T08:08:57.907+0000] {dag.py:4180} INFO - Setting next_dagrun for example_dynamic_task_mapping_with_no_taskflow_operators to None, run_after=None
[2026-03-18T08:08:57.972+0000] {processor.py:208} INFO - Processing /home/komal/data-engineering-projects/airflow-spark-pipeline/airflow_venv/lib/python3.11/site-packages/airflow/example_dags/example_dynamic_task_mapping_with_no_taskflow_operators.py took 0.178 seconds
[2026-03-18T08:10:11.946+0000] {processor.py:186} INFO - Started process (PID=35235) to work on /home/komal/data-engineering-projects/airflow-spark-pipeline/airflow_venv/lib/python3.11/site-packages/airflow/example_dags/example_dynamic_task_mapping_with_no_taskflow_operators.py
[2026-03-18T08:10:11.979+0000] {processor.py:914} INFO - Processing file /home/komal/data-engineering-projects/airflow-spark-pipeline/airflow_venv/lib/python3.11/site-packages/airflow/example_dags/example_dynamic_task_mapping_with_no_taskflow_operators.py for tasks to queue
[2026-03-18T08:10:11.983+0000] {logging_mixin.py:190} INFO - [2026-03-18T08:10:11.982+0000] {dagbag.py:588} INFO - Filling up the DagBag from /home/komal/data-engineering-projects/airflow-spark-pipeline/airflow_venv/lib/python3.11/site-packages/airflow/example_dags/example_dynamic_task_mapping_with_no_taskflow_operators.py
[2026-03-18T08:10:12.000+0000] {processor.py:925} INFO - DAG(s) 'example_dynamic_task_mapping_with_no_taskflow_operators' retrieved from /home/komal/data-engineering-projects/airflow-spark-pipeline/airflow_venv/lib/python3.11/site-packages/airflow/example_dags/example_dynamic_task_mapping_with_no_taskflow_operators.py
[2026-03-18T08:10:12.032+0000] {logging_mixin.py:190} INFO - [2026-03-18T08:10:12.032+0000] {dag.py:3239} INFO - Sync 1 DAGs
[2026-03-18T08:10:12.052+0000] {logging_mixin.py:190} INFO - [2026-03-18T08:10:12.051+0000] {dag.py:4180} INFO - Setting next_dagrun for example_dynamic_task_mapping_with_no_taskflow_operators to None, run_after=None
[2026-03-18T08:10:12.092+0000] {processor.py:208} INFO - Processing /home/komal/data-engineering-projects/airflow-spark-pipeline/airflow_venv/lib/python3.11/site-packages/airflow/example_dags/example_dynamic_task_mapping_with_no_taskflow_operators.py took 0.152 seconds
[2026-03-18T08:11:25.309+0000] {processor.py:186} INFO - Started process (PID=35306) to work on /home/komal/data-engineering-projects/airflow-spark-pipeline/airflow_venv/lib/python3.11/site-packages/airflow/example_dags/example_dynamic_task_mapping_with_no_taskflow_operators.py
[2026-03-18T08:11:25.342+0000] {processor.py:914} INFO - Processing file /home/komal/data-engineering-projects/airflow-spark-pipeline/airflow_venv/lib/python3.11/site-packages/airflow/example_dags/example_dynamic_task_mapping_with_no_taskflow_operators.py for tasks to queue
[2026-03-18T08:11:25.347+0000] {logging_mixin.py:190} INFO - [2026-03-18T08:11:25.346+0000] {dagbag.py:588} INFO - Filling up the DagBag from /home/komal/data-engineering-projects/airflow-spark-pipeline/airflow_venv/lib/python3.11/site-packages/airflow/example_dags/example_dynamic_task_mapping_with_no_taskflow_operators.py
[2026-03-18T08:11:25.366+0000] {processor.py:925} INFO - DAG(s) 'example_dynamic_task_mapping_with_no_taskflow_operators' retrieved from /home/komal/data-engineering-projects/airflow-spark-pipeline/airflow_venv/lib/python3.11/site-packages/airflow/example_dags/example_dynamic_task_mapping_with_no_taskflow_operators.py
[2026-03-18T08:11:25.395+0000] {logging_mixin.py:190} INFO - [2026-03-18T08:11:25.395+0000] {dag.py:3239} INFO - Sync 1 DAGs
[2026-03-18T08:11:25.417+0000] {logging_mixin.py:190} INFO - [2026-03-18T08:11:25.417+0000] {dag.py:4180} INFO - Setting next_dagrun for example_dynamic_task_mapping_with_no_taskflow_operators to None, run_after=None
[2026-03-18T08:11:25.461+0000] {processor.py:208} INFO - Processing /home/komal/data-engineering-projects/airflow-spark-pipeline/airflow_venv/lib/python3.11/site-packages/airflow/example_dags/example_dynamic_task_mapping_with_no_taskflow_operators.py took 0.164 seconds
[2026-03-18T08:12:37.623+0000] {processor.py:186} INFO - Started process (PID=35439) to work on /home/komal/data-engineering-projects/airflow-spark-pipeline/airflow_venv/lib/python3.11/site-packages/airflow/example_dags/example_dynamic_task_mapping_with_no_taskflow_operators.py
[2026-03-18T08:12:37.627+0000] {processor.py:914} INFO - Processing file /home/komal/data-engineering-projects/airflow-spark-pipeline/airflow_venv/lib/python3.11/site-packages/airflow/example_dags/example_dynamic_task_mapping_with_no_taskflow_operators.py for tasks to queue
[2026-03-18T08:12:37.630+0000] {logging_mixin.py:190} INFO - [2026-03-18T08:12:37.629+0000] {dagbag.py:588} INFO - Filling up the DagBag from /home/komal/data-engineering-projects/airflow-spark-pipeline/airflow_venv/lib/python3.11/site-packages/airflow/example_dags/example_dynamic_task_mapping_with_no_taskflow_operators.py
[2026-03-18T08:12:37.641+0000] {processor.py:925} INFO - DAG(s) 'example_dynamic_task_mapping_with_no_taskflow_operators' retrieved from /home/komal/data-engineering-projects/airflow-spark-pipeline/airflow_venv/lib/python3.11/site-packages/airflow/example_dags/example_dynamic_task_mapping_with_no_taskflow_operators.py
[2026-03-18T08:12:37.675+0000] {logging_mixin.py:190} INFO - [2026-03-18T08:12:37.675+0000] {dag.py:3239} INFO - Sync 1 DAGs
[2026-03-18T08:12:37.694+0000] {logging_mixin.py:190} INFO - [2026-03-18T08:12:37.694+0000] {dag.py:4180} INFO - Setting next_dagrun for example_dynamic_task_mapping_with_no_taskflow_operators to None, run_after=None
[2026-03-18T08:12:37.724+0000] {processor.py:208} INFO - Processing /home/komal/data-engineering-projects/airflow-spark-pipeline/airflow_venv/lib/python3.11/site-packages/airflow/example_dags/example_dynamic_task_mapping_with_no_taskflow_operators.py took 0.115 seconds
[2026-03-18T08:14:49.075+0000] {processor.py:186} INFO - Started process (PID=35749) to work on /home/komal/data-engineering-projects/airflow-spark-pipeline/airflow_venv/lib/python3.11/site-packages/airflow/example_dags/example_dynamic_task_mapping_with_no_taskflow_operators.py
[2026-03-18T08:14:49.078+0000] {processor.py:914} INFO - Processing file /home/komal/data-engineering-projects/airflow-spark-pipeline/airflow_venv/lib/python3.11/site-packages/airflow/example_dags/example_dynamic_task_mapping_with_no_taskflow_operators.py for tasks to queue
[2026-03-18T08:14:49.081+0000] {logging_mixin.py:190} INFO - [2026-03-18T08:14:49.080+0000] {dagbag.py:588} INFO - Filling up the DagBag from /home/komal/data-engineering-projects/airflow-spark-pipeline/airflow_venv/lib/python3.11/site-packages/airflow/example_dags/example_dynamic_task_mapping_with_no_taskflow_operators.py
[2026-03-18T08:14:49.092+0000] {processor.py:925} INFO - DAG(s) 'example_dynamic_task_mapping_with_no_taskflow_operators' retrieved from /home/komal/data-engineering-projects/airflow-spark-pipeline/airflow_venv/lib/python3.11/site-packages/airflow/example_dags/example_dynamic_task_mapping_with_no_taskflow_operators.py
[2026-03-18T08:14:49.116+0000] {logging_mixin.py:190} INFO - [2026-03-18T08:14:49.116+0000] {dag.py:3239} INFO - Sync 1 DAGs
[2026-03-18T08:14:49.131+0000] {logging_mixin.py:190} INFO - [2026-03-18T08:14:49.131+0000] {dag.py:4180} INFO - Setting next_dagrun for example_dynamic_task_mapping_with_no_taskflow_operators to None, run_after=None
[2026-03-18T08:14:49.171+0000] {processor.py:208} INFO - Processing /home/komal/data-engineering-projects/airflow-spark-pipeline/airflow_venv/lib/python3.11/site-packages/airflow/example_dags/example_dynamic_task_mapping_with_no_taskflow_operators.py took 0.105 seconds
[2026-03-18T08:15:53.465+0000] {processor.py:186} INFO - Started process (PID=35809) to work on /home/komal/data-engineering-projects/airflow-spark-pipeline/airflow_venv/lib/python3.11/site-packages/airflow/example_dags/example_dynamic_task_mapping_with_no_taskflow_operators.py
[2026-03-18T08:15:53.499+0000] {processor.py:914} INFO - Processing file /home/komal/data-engineering-projects/airflow-spark-pipeline/airflow_venv/lib/python3.11/site-packages/airflow/example_dags/example_dynamic_task_mapping_with_no_taskflow_operators.py for tasks to queue
[2026-03-18T08:15:53.503+0000] {logging_mixin.py:190} INFO - [2026-03-18T08:15:53.502+0000] {dagbag.py:588} INFO - Filling up the DagBag from /home/komal/data-engineering-projects/airflow-spark-pipeline/airflow_venv/lib/python3.11/site-packages/airflow/example_dags/example_dynamic_task_mapping_with_no_taskflow_operators.py
[2026-03-18T08:15:53.518+0000] {processor.py:925} INFO - DAG(s) 'example_dynamic_task_mapping_with_no_taskflow_operators' retrieved from /home/komal/data-engineering-projects/airflow-spark-pipeline/airflow_venv/lib/python3.11/site-packages/airflow/example_dags/example_dynamic_task_mapping_with_no_taskflow_operators.py
[2026-03-18T08:15:53.539+0000] {logging_mixin.py:190} INFO - [2026-03-18T08:15:53.539+0000] {dag.py:3239} INFO - Sync 1 DAGs
[2026-03-18T08:15:53.555+0000] {logging_mixin.py:190} INFO - [2026-03-18T08:15:53.555+0000] {dag.py:4180} INFO - Setting next_dagrun for example_dynamic_task_mapping_with_no_taskflow_operators to None, run_after=None
[2026-03-18T08:15:53.588+0000] {processor.py:208} INFO - Processing /home/komal/data-engineering-projects/airflow-spark-pipeline/airflow_venv/lib/python3.11/site-packages/airflow/example_dags/example_dynamic_task_mapping_with_no_taskflow_operators.py took 0.133 seconds
[2026-03-18T08:17:07.395+0000] {processor.py:186} INFO - Started process (PID=35877) to work on /home/komal/data-engineering-projects/airflow-spark-pipeline/airflow_venv/lib/python3.11/site-packages/airflow/example_dags/example_dynamic_task_mapping_with_no_taskflow_operators.py
[2026-03-18T08:17:07.429+0000] {processor.py:914} INFO - Processing file /home/komal/data-engineering-projects/airflow-spark-pipeline/airflow_venv/lib/python3.11/site-packages/airflow/example_dags/example_dynamic_task_mapping_with_no_taskflow_operators.py for tasks to queue
[2026-03-18T08:17:07.432+0000] {logging_mixin.py:190} INFO - [2026-03-18T08:17:07.432+0000] {dagbag.py:588} INFO - Filling up the DagBag from /home/komal/data-engineering-projects/airflow-spark-pipeline/airflow_venv/lib/python3.11/site-packages/airflow/example_dags/example_dynamic_task_mapping_with_no_taskflow_operators.py
[2026-03-18T08:17:07.448+0000] {processor.py:925} INFO - DAG(s) 'example_dynamic_task_mapping_with_no_taskflow_operators' retrieved from /home/komal/data-engineering-projects/airflow-spark-pipeline/airflow_venv/lib/python3.11/site-packages/airflow/example_dags/example_dynamic_task_mapping_with_no_taskflow_operators.py
[2026-03-18T08:17:07.479+0000] {logging_mixin.py:190} INFO - [2026-03-18T08:17:07.478+0000] {dag.py:3239} INFO - Sync 1 DAGs
[2026-03-18T08:17:07.505+0000] {logging_mixin.py:190} INFO - [2026-03-18T08:17:07.505+0000] {dag.py:4180} INFO - Setting next_dagrun for example_dynamic_task_mapping_with_no_taskflow_operators to None, run_after=None
[2026-03-18T08:17:07.550+0000] {processor.py:208} INFO - Processing /home/komal/data-engineering-projects/airflow-spark-pipeline/airflow_venv/lib/python3.11/site-packages/airflow/example_dags/example_dynamic_task_mapping_with_no_taskflow_operators.py took 0.170 seconds
[2026-03-18T08:18:22.928+0000] {processor.py:186} INFO - Started process (PID=35948) to work on /home/komal/data-engineering-projects/airflow-spark-pipeline/airflow_venv/lib/python3.11/site-packages/airflow/example_dags/example_dynamic_task_mapping_with_no_taskflow_operators.py
[2026-03-18T08:18:22.929+0000] {processor.py:914} INFO - Processing file /home/komal/data-engineering-projects/airflow-spark-pipeline/airflow_venv/lib/python3.11/site-packages/airflow/example_dags/example_dynamic_task_mapping_with_no_taskflow_operators.py for tasks to queue
[2026-03-18T08:18:22.932+0000] {logging_mixin.py:190} INFO - [2026-03-18T08:18:22.931+0000] {dagbag.py:588} INFO - Filling up the DagBag from /home/komal/data-engineering-projects/airflow-spark-pipeline/airflow_venv/lib/python3.11/site-packages/airflow/example_dags/example_dynamic_task_mapping_with_no_taskflow_operators.py
[2026-03-18T08:18:22.946+0000] {processor.py:925} INFO - DAG(s) 'example_dynamic_task_mapping_with_no_taskflow_operators' retrieved from /home/komal/data-engineering-projects/airflow-spark-pipeline/airflow_venv/lib/python3.11/site-packages/airflow/example_dags/example_dynamic_task_mapping_with_no_taskflow_operators.py
[2026-03-18T08:18:22.967+0000] {logging_mixin.py:190} INFO - [2026-03-18T08:18:22.967+0000] {dag.py:3239} INFO - Sync 1 DAGs
[2026-03-18T08:18:22.988+0000] {logging_mixin.py:190} INFO - [2026-03-18T08:18:22.988+0000] {dag.py:4180} INFO - Setting next_dagrun for example_dynamic_task_mapping_with_no_taskflow_operators to None, run_after=None
[2026-03-18T08:18:23.019+0000] {processor.py:208} INFO - Processing /home/komal/data-engineering-projects/airflow-spark-pipeline/airflow_venv/lib/python3.11/site-packages/airflow/example_dags/example_dynamic_task_mapping_with_no_taskflow_operators.py took 0.104 seconds
[2026-03-18T08:19:30.096+0000] {processor.py:186} INFO - Started process (PID=36021) to work on /home/komal/data-engineering-projects/airflow-spark-pipeline/airflow_venv/lib/python3.11/site-packages/airflow/example_dags/example_dynamic_task_mapping_with_no_taskflow_operators.py
[2026-03-18T08:19:30.097+0000] {processor.py:914} INFO - Processing file /home/komal/data-engineering-projects/airflow-spark-pipeline/airflow_venv/lib/python3.11/site-packages/airflow/example_dags/example_dynamic_task_mapping_with_no_taskflow_operators.py for tasks to queue
[2026-03-18T08:19:30.099+0000] {logging_mixin.py:190} INFO - [2026-03-18T08:19:30.099+0000] {dagbag.py:588} INFO - Filling up the DagBag from /home/komal/data-engineering-projects/airflow-spark-pipeline/airflow_venv/lib/python3.11/site-packages/airflow/example_dags/example_dynamic_task_mapping_with_no_taskflow_operators.py
[2026-03-18T08:19:30.105+0000] {processor.py:925} INFO - DAG(s) 'example_dynamic_task_mapping_with_no_taskflow_operators' retrieved from /home/komal/data-engineering-projects/airflow-spark-pipeline/airflow_venv/lib/python3.11/site-packages/airflow/example_dags/example_dynamic_task_mapping_with_no_taskflow_operators.py
[2026-03-18T08:19:30.115+0000] {logging_mixin.py:190} INFO - [2026-03-18T08:19:30.115+0000] {dag.py:3239} INFO - Sync 1 DAGs
[2026-03-18T08:19:30.231+0000] {logging_mixin.py:190} INFO - [2026-03-18T08:19:30.231+0000] {dag.py:4180} INFO - Setting next_dagrun for example_dynamic_task_mapping_with_no_taskflow_operators to None, run_after=None
[2026-03-18T08:19:30.251+0000] {processor.py:208} INFO - Processing /home/komal/data-engineering-projects/airflow-spark-pipeline/airflow_venv/lib/python3.11/site-packages/airflow/example_dags/example_dynamic_task_mapping_with_no_taskflow_operators.py took 0.158 seconds
[2026-03-18T10:06:05.068+0000] {processor.py:186} INFO - Started process (PID=36090) to work on /home/komal/data-engineering-projects/airflow-spark-pipeline/airflow_venv/lib/python3.11/site-packages/airflow/example_dags/example_dynamic_task_mapping_with_no_taskflow_operators.py
[2026-03-18T10:06:05.172+0000] {processor.py:914} INFO - Processing file /home/komal/data-engineering-projects/airflow-spark-pipeline/airflow_venv/lib/python3.11/site-packages/airflow/example_dags/example_dynamic_task_mapping_with_no_taskflow_operators.py for tasks to queue
[2026-03-18T10:06:05.174+0000] {logging_mixin.py:190} INFO - [2026-03-18T10:06:05.174+0000] {dagbag.py:588} INFO - Filling up the DagBag from /home/komal/data-engineering-projects/airflow-spark-pipeline/airflow_venv/lib/python3.11/site-packages/airflow/example_dags/example_dynamic_task_mapping_with_no_taskflow_operators.py
[2026-03-18T10:06:05.183+0000] {processor.py:925} INFO - DAG(s) 'example_dynamic_task_mapping_with_no_taskflow_operators' retrieved from /home/komal/data-engineering-projects/airflow-spark-pipeline/airflow_venv/lib/python3.11/site-packages/airflow/example_dags/example_dynamic_task_mapping_with_no_taskflow_operators.py
[2026-03-18T10:06:05.197+0000] {logging_mixin.py:190} INFO - [2026-03-18T10:06:05.197+0000] {dag.py:3239} INFO - Sync 1 DAGs
[2026-03-18T10:06:05.209+0000] {logging_mixin.py:190} INFO - [2026-03-18T10:06:05.209+0000] {dag.py:4180} INFO - Setting next_dagrun for example_dynamic_task_mapping_with_no_taskflow_operators to None, run_after=None
[2026-03-18T10:06:05.241+0000] {processor.py:208} INFO - Processing /home/komal/data-engineering-projects/airflow-spark-pipeline/airflow_venv/lib/python3.11/site-packages/airflow/example_dags/example_dynamic_task_mapping_with_no_taskflow_operators.py took 0.182 seconds
[2026-03-18T13:41:11.547+0000] {processor.py:186} INFO - Started process (PID=36133) to work on /home/komal/data-engineering-projects/airflow-spark-pipeline/airflow_venv/lib/python3.11/site-packages/airflow/example_dags/example_dynamic_task_mapping_with_no_taskflow_operators.py
[2026-03-18T13:41:11.580+0000] {processor.py:914} INFO - Processing file /home/komal/data-engineering-projects/airflow-spark-pipeline/airflow_venv/lib/python3.11/site-packages/airflow/example_dags/example_dynamic_task_mapping_with_no_taskflow_operators.py for tasks to queue
[2026-03-18T13:41:11.584+0000] {logging_mixin.py:190} INFO - [2026-03-18T13:41:11.584+0000] {dagbag.py:588} INFO - Filling up the DagBag from /home/komal/data-engineering-projects/airflow-spark-pipeline/airflow_venv/lib/python3.11/site-packages/airflow/example_dags/example_dynamic_task_mapping_with_no_taskflow_operators.py
[2026-03-18T13:41:11.597+0000] {processor.py:925} INFO - DAG(s) 'example_dynamic_task_mapping_with_no_taskflow_operators' retrieved from /home/komal/data-engineering-projects/airflow-spark-pipeline/airflow_venv/lib/python3.11/site-packages/airflow/example_dags/example_dynamic_task_mapping_with_no_taskflow_operators.py
[2026-03-18T13:41:11.610+0000] {logging_mixin.py:190} INFO - [2026-03-18T13:41:11.610+0000] {dag.py:3239} INFO - Sync 1 DAGs
[2026-03-18T13:41:11.618+0000] {logging_mixin.py:190} INFO - [2026-03-18T13:41:11.618+0000] {dag.py:4180} INFO - Setting next_dagrun for example_dynamic_task_mapping_with_no_taskflow_operators to None, run_after=None
[2026-03-18T13:41:11.643+0000] {processor.py:208} INFO - Processing /home/komal/data-engineering-projects/airflow-spark-pipeline/airflow_venv/lib/python3.11/site-packages/airflow/example_dags/example_dynamic_task_mapping_with_no_taskflow_operators.py took 0.106 seconds
[2026-03-18T13:42:17.826+0000] {processor.py:186} INFO - Started process (PID=36198) to work on /home/komal/data-engineering-projects/airflow-spark-pipeline/airflow_venv/lib/python3.11/site-packages/airflow/example_dags/example_dynamic_task_mapping_with_no_taskflow_operators.py
[2026-03-18T13:42:17.859+0000] {processor.py:914} INFO - Processing file /home/komal/data-engineering-projects/airflow-spark-pipeline/airflow_venv/lib/python3.11/site-packages/airflow/example_dags/example_dynamic_task_mapping_with_no_taskflow_operators.py for tasks to queue
[2026-03-18T13:42:17.861+0000] {logging_mixin.py:190} INFO - [2026-03-18T13:42:17.860+0000] {dagbag.py:588} INFO - Filling up the DagBag from /home/komal/data-engineering-projects/airflow-spark-pipeline/airflow_venv/lib/python3.11/site-packages/airflow/example_dags/example_dynamic_task_mapping_with_no_taskflow_operators.py
[2026-03-18T13:42:17.867+0000] {processor.py:925} INFO - DAG(s) 'example_dynamic_task_mapping_with_no_taskflow_operators' retrieved from /home/komal/data-engineering-projects/airflow-spark-pipeline/airflow_venv/lib/python3.11/site-packages/airflow/example_dags/example_dynamic_task_mapping_with_no_taskflow_operators.py
[2026-03-18T13:42:17.882+0000] {logging_mixin.py:190} INFO - [2026-03-18T13:42:17.882+0000] {dag.py:3239} INFO - Sync 1 DAGs
[2026-03-18T13:42:17.899+0000] {logging_mixin.py:190} INFO - [2026-03-18T13:42:17.899+0000] {dag.py:4180} INFO - Setting next_dagrun for example_dynamic_task_mapping_with_no_taskflow_operators to None, run_after=None
[2026-03-18T13:42:17.924+0000] {processor.py:208} INFO - Processing /home/komal/data-engineering-projects/airflow-spark-pipeline/airflow_venv/lib/python3.11/site-packages/airflow/example_dags/example_dynamic_task_mapping_with_no_taskflow_operators.py took 0.106 seconds
[2026-03-18T13:43:22.611+0000] {processor.py:186} INFO - Started process (PID=36293) to work on /home/komal/data-engineering-projects/airflow-spark-pipeline/airflow_venv/lib/python3.11/site-packages/airflow/example_dags/example_dynamic_task_mapping_with_no_taskflow_operators.py
[2026-03-18T13:43:22.644+0000] {processor.py:914} INFO - Processing file /home/komal/data-engineering-projects/airflow-spark-pipeline/airflow_venv/lib/python3.11/site-packages/airflow/example_dags/example_dynamic_task_mapping_with_no_taskflow_operators.py for tasks to queue
[2026-03-18T13:43:22.647+0000] {logging_mixin.py:190} INFO - [2026-03-18T13:43:22.646+0000] {dagbag.py:588} INFO - Filling up the DagBag from /home/komal/data-engineering-projects/airflow-spark-pipeline/airflow_venv/lib/python3.11/site-packages/airflow/example_dags/example_dynamic_task_mapping_with_no_taskflow_operators.py
[2026-03-18T13:43:22.656+0000] {processor.py:925} INFO - DAG(s) 'example_dynamic_task_mapping_with_no_taskflow_operators' retrieved from /home/komal/data-engineering-projects/airflow-spark-pipeline/airflow_venv/lib/python3.11/site-packages/airflow/example_dags/example_dynamic_task_mapping_with_no_taskflow_operators.py
[2026-03-18T13:43:22.671+0000] {logging_mixin.py:190} INFO - [2026-03-18T13:43:22.670+0000] {dag.py:3239} INFO - Sync 1 DAGs
[2026-03-18T13:43:22.678+0000] {logging_mixin.py:190} INFO - [2026-03-18T13:43:22.678+0000] {dag.py:4180} INFO - Setting next_dagrun for example_dynamic_task_mapping_with_no_taskflow_operators to None, run_after=None
[2026-03-18T13:43:22.701+0000] {processor.py:208} INFO - Processing /home/komal/data-engineering-projects/airflow-spark-pipeline/airflow_venv/lib/python3.11/site-packages/airflow/example_dags/example_dynamic_task_mapping_with_no_taskflow_operators.py took 0.094 seconds
[2026-03-18T13:44:26.800+0000] {processor.py:186} INFO - Started process (PID=36358) to work on /home/komal/data-engineering-projects/airflow-spark-pipeline/airflow_venv/lib/python3.11/site-packages/airflow/example_dags/example_dynamic_task_mapping_with_no_taskflow_operators.py
[2026-03-18T13:44:26.833+0000] {processor.py:914} INFO - Processing file /home/komal/data-engineering-projects/airflow-spark-pipeline/airflow_venv/lib/python3.11/site-packages/airflow/example_dags/example_dynamic_task_mapping_with_no_taskflow_operators.py for tasks to queue
[2026-03-18T13:44:26.836+0000] {logging_mixin.py:190} INFO - [2026-03-18T13:44:26.836+0000] {dagbag.py:588} INFO - Filling up the DagBag from /home/komal/data-engineering-projects/airflow-spark-pipeline/airflow_venv/lib/python3.11/site-packages/airflow/example_dags/example_dynamic_task_mapping_with_no_taskflow_operators.py
[2026-03-18T13:44:26.849+0000] {processor.py:925} INFO - DAG(s) 'example_dynamic_task_mapping_with_no_taskflow_operators' retrieved from /home/komal/data-engineering-projects/airflow-spark-pipeline/airflow_venv/lib/python3.11/site-packages/airflow/example_dags/example_dynamic_task_mapping_with_no_taskflow_operators.py
[2026-03-18T13:44:26.862+0000] {logging_mixin.py:190} INFO - [2026-03-18T13:44:26.862+0000] {dag.py:3239} INFO - Sync 1 DAGs
[2026-03-18T13:44:26.871+0000] {logging_mixin.py:190} INFO - [2026-03-18T13:44:26.871+0000] {dag.py:4180} INFO - Setting next_dagrun for example_dynamic_task_mapping_with_no_taskflow_operators to None, run_after=None
[2026-03-18T13:44:26.924+0000] {processor.py:208} INFO - Processing /home/komal/data-engineering-projects/airflow-spark-pipeline/airflow_venv/lib/python3.11/site-packages/airflow/example_dags/example_dynamic_task_mapping_with_no_taskflow_operators.py took 0.131 seconds
[2026-03-18T13:45:27.411+0000] {processor.py:186} INFO - Started process (PID=36416) to work on /home/komal/data-engineering-projects/airflow-spark-pipeline/airflow_venv/lib/python3.11/site-packages/airflow/example_dags/example_dynamic_task_mapping_with_no_taskflow_operators.py
[2026-03-18T13:45:27.413+0000] {processor.py:914} INFO - Processing file /home/komal/data-engineering-projects/airflow-spark-pipeline/airflow_venv/lib/python3.11/site-packages/airflow/example_dags/example_dynamic_task_mapping_with_no_taskflow_operators.py for tasks to queue
[2026-03-18T13:45:27.415+0000] {logging_mixin.py:190} INFO - [2026-03-18T13:45:27.415+0000] {dagbag.py:588} INFO - Filling up the DagBag from /home/komal/data-engineering-projects/airflow-spark-pipeline/airflow_venv/lib/python3.11/site-packages/airflow/example_dags/example_dynamic_task_mapping_with_no_taskflow_operators.py
[2026-03-18T13:45:27.425+0000] {processor.py:925} INFO - DAG(s) 'example_dynamic_task_mapping_with_no_taskflow_operators' retrieved from /home/komal/data-engineering-projects/airflow-spark-pipeline/airflow_venv/lib/python3.11/site-packages/airflow/example_dags/example_dynamic_task_mapping_with_no_taskflow_operators.py
[2026-03-18T13:45:27.437+0000] {logging_mixin.py:190} INFO - [2026-03-18T13:45:27.437+0000] {dag.py:3239} INFO - Sync 1 DAGs
[2026-03-18T13:45:27.451+0000] {logging_mixin.py:190} INFO - [2026-03-18T13:45:27.451+0000] {dag.py:4180} INFO - Setting next_dagrun for example_dynamic_task_mapping_with_no_taskflow_operators to None, run_after=None
[2026-03-18T13:45:27.525+0000] {processor.py:208} INFO - Processing /home/komal/data-engineering-projects/airflow-spark-pipeline/airflow_venv/lib/python3.11/site-packages/airflow/example_dags/example_dynamic_task_mapping_with_no_taskflow_operators.py took 0.123 seconds
[2026-03-18T13:46:35.150+0000] {processor.py:186} INFO - Started process (PID=36481) to work on /home/komal/data-engineering-projects/airflow-spark-pipeline/airflow_venv/lib/python3.11/site-packages/airflow/example_dags/example_dynamic_task_mapping_with_no_taskflow_operators.py
[2026-03-18T13:46:35.153+0000] {processor.py:914} INFO - Processing file /home/komal/data-engineering-projects/airflow-spark-pipeline/airflow_venv/lib/python3.11/site-packages/airflow/example_dags/example_dynamic_task_mapping_with_no_taskflow_operators.py for tasks to queue
[2026-03-18T13:46:35.156+0000] {logging_mixin.py:190} INFO - [2026-03-18T13:46:35.155+0000] {dagbag.py:588} INFO - Filling up the DagBag from /home/komal/data-engineering-projects/airflow-spark-pipeline/airflow_venv/lib/python3.11/site-packages/airflow/example_dags/example_dynamic_task_mapping_with_no_taskflow_operators.py
[2026-03-18T13:46:35.169+0000] {processor.py:925} INFO - DAG(s) 'example_dynamic_task_mapping_with_no_taskflow_operators' retrieved from /home/komal/data-engineering-projects/airflow-spark-pipeline/airflow_venv/lib/python3.11/site-packages/airflow/example_dags/example_dynamic_task_mapping_with_no_taskflow_operators.py
[2026-03-18T13:46:35.184+0000] {logging_mixin.py:190} INFO - [2026-03-18T13:46:35.183+0000] {dag.py:3239} INFO - Sync 1 DAGs
[2026-03-18T13:46:35.202+0000] {logging_mixin.py:190} INFO - [2026-03-18T13:46:35.202+0000] {dag.py:4180} INFO - Setting next_dagrun for example_dynamic_task_mapping_with_no_taskflow_operators to None, run_after=None
[2026-03-18T13:46:35.231+0000] {processor.py:208} INFO - Processing /home/komal/data-engineering-projects/airflow-spark-pipeline/airflow_venv/lib/python3.11/site-packages/airflow/example_dags/example_dynamic_task_mapping_with_no_taskflow_operators.py took 0.085 seconds
[2026-03-18T13:47:36.867+0000] {processor.py:186} INFO - Started process (PID=36542) to work on /home/komal/data-engineering-projects/airflow-spark-pipeline/airflow_venv/lib/python3.11/site-packages/airflow/example_dags/example_dynamic_task_mapping_with_no_taskflow_operators.py
[2026-03-18T13:47:36.871+0000] {processor.py:914} INFO - Processing file /home/komal/data-engineering-projects/airflow-spark-pipeline/airflow_venv/lib/python3.11/site-packages/airflow/example_dags/example_dynamic_task_mapping_with_no_taskflow_operators.py for tasks to queue
[2026-03-18T13:47:36.874+0000] {logging_mixin.py:190} INFO - [2026-03-18T13:47:36.874+0000] {dagbag.py:588} INFO - Filling up the DagBag from /home/komal/data-engineering-projects/airflow-spark-pipeline/airflow_venv/lib/python3.11/site-packages/airflow/example_dags/example_dynamic_task_mapping_with_no_taskflow_operators.py
[2026-03-18T13:47:36.884+0000] {processor.py:925} INFO - DAG(s) 'example_dynamic_task_mapping_with_no_taskflow_operators' retrieved from /home/komal/data-engineering-projects/airflow-spark-pipeline/airflow_venv/lib/python3.11/site-packages/airflow/example_dags/example_dynamic_task_mapping_with_no_taskflow_operators.py
[2026-03-18T13:47:36.895+0000] {logging_mixin.py:190} INFO - [2026-03-18T13:47:36.894+0000] {dag.py:3239} INFO - Sync 1 DAGs
[2026-03-18T13:47:36.903+0000] {logging_mixin.py:190} INFO - [2026-03-18T13:47:36.903+0000] {dag.py:4180} INFO - Setting next_dagrun for example_dynamic_task_mapping_with_no_taskflow_operators to None, run_after=None
[2026-03-18T13:47:36.928+0000] {processor.py:208} INFO - Processing /home/komal/data-engineering-projects/airflow-spark-pipeline/airflow_venv/lib/python3.11/site-packages/airflow/example_dags/example_dynamic_task_mapping_with_no_taskflow_operators.py took 0.070 seconds
[2026-03-18T13:48:44.269+0000] {processor.py:186} INFO - Started process (PID=36607) to work on /home/komal/data-engineering-projects/airflow-spark-pipeline/airflow_venv/lib/python3.11/site-packages/airflow/example_dags/example_dynamic_task_mapping_with_no_taskflow_operators.py
[2026-03-18T13:48:44.273+0000] {processor.py:914} INFO - Processing file /home/komal/data-engineering-projects/airflow-spark-pipeline/airflow_venv/lib/python3.11/site-packages/airflow/example_dags/example_dynamic_task_mapping_with_no_taskflow_operators.py for tasks to queue
[2026-03-18T13:48:44.276+0000] {logging_mixin.py:190} INFO - [2026-03-18T13:48:44.275+0000] {dagbag.py:588} INFO - Filling up the DagBag from /home/komal/data-engineering-projects/airflow-spark-pipeline/airflow_venv/lib/python3.11/site-packages/airflow/example_dags/example_dynamic_task_mapping_with_no_taskflow_operators.py
[2026-03-18T13:48:44.284+0000] {processor.py:925} INFO - DAG(s) 'example_dynamic_task_mapping_with_no_taskflow_operators' retrieved from /home/komal/data-engineering-projects/airflow-spark-pipeline/airflow_venv/lib/python3.11/site-packages/airflow/example_dags/example_dynamic_task_mapping_with_no_taskflow_operators.py
[2026-03-18T13:48:44.296+0000] {logging_mixin.py:190} INFO - [2026-03-18T13:48:44.296+0000] {dag.py:3239} INFO - Sync 1 DAGs
[2026-03-18T13:48:44.303+0000] {logging_mixin.py:190} INFO - [2026-03-18T13:48:44.303+0000] {dag.py:4180} INFO - Setting next_dagrun for example_dynamic_task_mapping_with_no_taskflow_operators to None, run_after=None
[2026-03-18T13:48:44.328+0000] {processor.py:208} INFO - Processing /home/komal/data-engineering-projects/airflow-spark-pipeline/airflow_venv/lib/python3.11/site-packages/airflow/example_dags/example_dynamic_task_mapping_with_no_taskflow_operators.py took 0.066 seconds
[2026-03-18T13:49:47.801+0000] {processor.py:186} INFO - Started process (PID=36669) to work on /home/komal/data-engineering-projects/airflow-spark-pipeline/airflow_venv/lib/python3.11/site-packages/airflow/example_dags/example_dynamic_task_mapping_with_no_taskflow_operators.py
[2026-03-18T13:49:47.833+0000] {processor.py:914} INFO - Processing file /home/komal/data-engineering-projects/airflow-spark-pipeline/airflow_venv/lib/python3.11/site-packages/airflow/example_dags/example_dynamic_task_mapping_with_no_taskflow_operators.py for tasks to queue
[2026-03-18T13:49:47.839+0000] {logging_mixin.py:190} INFO - [2026-03-18T13:49:47.838+0000] {dagbag.py:588} INFO - Filling up the DagBag from /home/komal/data-engineering-projects/airflow-spark-pipeline/airflow_venv/lib/python3.11/site-packages/airflow/example_dags/example_dynamic_task_mapping_with_no_taskflow_operators.py
[2026-03-18T13:49:47.856+0000] {processor.py:925} INFO - DAG(s) 'example_dynamic_task_mapping_with_no_taskflow_operators' retrieved from /home/komal/data-engineering-projects/airflow-spark-pipeline/airflow_venv/lib/python3.11/site-packages/airflow/example_dags/example_dynamic_task_mapping_with_no_taskflow_operators.py
[2026-03-18T13:49:47.869+0000] {logging_mixin.py:190} INFO - [2026-03-18T13:49:47.868+0000] {dag.py:3239} INFO - Sync 1 DAGs
[2026-03-18T13:49:47.876+0000] {logging_mixin.py:190} INFO - [2026-03-18T13:49:47.876+0000] {dag.py:4180} INFO - Setting next_dagrun for example_dynamic_task_mapping_with_no_taskflow_operators to None, run_after=None
[2026-03-18T13:49:47.898+0000] {processor.py:208} INFO - Processing /home/komal/data-engineering-projects/airflow-spark-pipeline/airflow_venv/lib/python3.11/site-packages/airflow/example_dags/example_dynamic_task_mapping_with_no_taskflow_operators.py took 0.105 seconds
[2026-03-18T13:50:51.908+0000] {processor.py:186} INFO - Started process (PID=36732) to work on /home/komal/data-engineering-projects/airflow-spark-pipeline/airflow_venv/lib/python3.11/site-packages/airflow/example_dags/example_dynamic_task_mapping_with_no_taskflow_operators.py
[2026-03-18T13:50:51.942+0000] {processor.py:914} INFO - Processing file /home/komal/data-engineering-projects/airflow-spark-pipeline/airflow_venv/lib/python3.11/site-packages/airflow/example_dags/example_dynamic_task_mapping_with_no_taskflow_operators.py for tasks to queue
[2026-03-18T13:50:51.947+0000] {logging_mixin.py:190} INFO - [2026-03-18T13:50:51.946+0000] {dagbag.py:588} INFO - Filling up the DagBag from /home/komal/data-engineering-projects/airflow-spark-pipeline/airflow_venv/lib/python3.11/site-packages/airflow/example_dags/example_dynamic_task_mapping_with_no_taskflow_operators.py
[2026-03-18T13:50:51.959+0000] {processor.py:925} INFO - DAG(s) 'example_dynamic_task_mapping_with_no_taskflow_operators' retrieved from /home/komal/data-engineering-projects/airflow-spark-pipeline/airflow_venv/lib/python3.11/site-packages/airflow/example_dags/example_dynamic_task_mapping_with_no_taskflow_operators.py
[2026-03-18T13:50:51.970+0000] {logging_mixin.py:190} INFO - [2026-03-18T13:50:51.970+0000] {dag.py:3239} INFO - Sync 1 DAGs
[2026-03-18T13:50:51.978+0000] {logging_mixin.py:190} INFO - [2026-03-18T13:50:51.978+0000] {dag.py:4180} INFO - Setting next_dagrun for example_dynamic_task_mapping_with_no_taskflow_operators to None, run_after=None
[2026-03-18T13:50:51.999+0000] {processor.py:208} INFO - Processing /home/komal/data-engineering-projects/airflow-spark-pipeline/airflow_venv/lib/python3.11/site-packages/airflow/example_dags/example_dynamic_task_mapping_with_no_taskflow_operators.py took 0.097 seconds
[2026-03-18T13:52:00.810+0000] {processor.py:186} INFO - Started process (PID=36797) to work on /home/komal/data-engineering-projects/airflow-spark-pipeline/airflow_venv/lib/python3.11/site-packages/airflow/example_dags/example_dynamic_task_mapping_with_no_taskflow_operators.py
[2026-03-18T13:52:00.812+0000] {processor.py:914} INFO - Processing file /home/komal/data-engineering-projects/airflow-spark-pipeline/airflow_venv/lib/python3.11/site-packages/airflow/example_dags/example_dynamic_task_mapping_with_no_taskflow_operators.py for tasks to queue
[2026-03-18T13:52:00.814+0000] {logging_mixin.py:190} INFO - [2026-03-18T13:52:00.813+0000] {dagbag.py:588} INFO - Filling up the DagBag from /home/komal/data-engineering-projects/airflow-spark-pipeline/airflow_venv/lib/python3.11/site-packages/airflow/example_dags/example_dynamic_task_mapping_with_no_taskflow_operators.py
[2026-03-18T13:52:00.821+0000] {processor.py:925} INFO - DAG(s) 'example_dynamic_task_mapping_with_no_taskflow_operators' retrieved from /home/komal/data-engineering-projects/airflow-spark-pipeline/airflow_venv/lib/python3.11/site-packages/airflow/example_dags/example_dynamic_task_mapping_with_no_taskflow_operators.py
[2026-03-18T13:52:00.831+0000] {logging_mixin.py:190} INFO - [2026-03-18T13:52:00.831+0000] {dag.py:3239} INFO - Sync 1 DAGs
[2026-03-18T13:52:00.841+0000] {logging_mixin.py:190} INFO - [2026-03-18T13:52:00.841+0000] {dag.py:4180} INFO - Setting next_dagrun for example_dynamic_task_mapping_with_no_taskflow_operators to None, run_after=None
[2026-03-18T13:52:00.865+0000] {processor.py:208} INFO - Processing /home/komal/data-engineering-projects/airflow-spark-pipeline/airflow_venv/lib/python3.11/site-packages/airflow/example_dags/example_dynamic_task_mapping_with_no_taskflow_operators.py took 0.060 seconds
[2026-03-18T13:53:02.698+0000] {processor.py:186} INFO - Started process (PID=36859) to work on /home/komal/data-engineering-projects/airflow-spark-pipeline/airflow_venv/lib/python3.11/site-packages/airflow/example_dags/example_dynamic_task_mapping_with_no_taskflow_operators.py
[2026-03-18T13:53:02.732+0000] {processor.py:914} INFO - Processing file /home/komal/data-engineering-projects/airflow-spark-pipeline/airflow_venv/lib/python3.11/site-packages/airflow/example_dags/example_dynamic_task_mapping_with_no_taskflow_operators.py for tasks to queue
[2026-03-18T13:53:02.736+0000] {logging_mixin.py:190} INFO - [2026-03-18T13:53:02.736+0000] {dagbag.py:588} INFO - Filling up the DagBag from /home/komal/data-engineering-projects/airflow-spark-pipeline/airflow_venv/lib/python3.11/site-packages/airflow/example_dags/example_dynamic_task_mapping_with_no_taskflow_operators.py
[2026-03-18T13:53:02.750+0000] {processor.py:925} INFO - DAG(s) 'example_dynamic_task_mapping_with_no_taskflow_operators' retrieved from /home/komal/data-engineering-projects/airflow-spark-pipeline/airflow_venv/lib/python3.11/site-packages/airflow/example_dags/example_dynamic_task_mapping_with_no_taskflow_operators.py
[2026-03-18T13:53:02.762+0000] {logging_mixin.py:190} INFO - [2026-03-18T13:53:02.762+0000] {dag.py:3239} INFO - Sync 1 DAGs
[2026-03-18T13:53:02.771+0000] {logging_mixin.py:190} INFO - [2026-03-18T13:53:02.771+0000] {dag.py:4180} INFO - Setting next_dagrun for example_dynamic_task_mapping_with_no_taskflow_operators to None, run_after=None
[2026-03-18T13:53:02.801+0000] {processor.py:208} INFO - Processing /home/komal/data-engineering-projects/airflow-spark-pipeline/airflow_venv/lib/python3.11/site-packages/airflow/example_dags/example_dynamic_task_mapping_with_no_taskflow_operators.py took 0.111 seconds
[2026-03-18T13:54:11.130+0000] {processor.py:186} INFO - Started process (PID=36922) to work on /home/komal/data-engineering-projects/airflow-spark-pipeline/airflow_venv/lib/python3.11/site-packages/airflow/example_dags/example_dynamic_task_mapping_with_no_taskflow_operators.py
[2026-03-18T13:54:11.134+0000] {processor.py:914} INFO - Processing file /home/komal/data-engineering-projects/airflow-spark-pipeline/airflow_venv/lib/python3.11/site-packages/airflow/example_dags/example_dynamic_task_mapping_with_no_taskflow_operators.py for tasks to queue
[2026-03-18T13:54:11.137+0000] {logging_mixin.py:190} INFO - [2026-03-18T13:54:11.137+0000] {dagbag.py:588} INFO - Filling up the DagBag from /home/komal/data-engineering-projects/airflow-spark-pipeline/airflow_venv/lib/python3.11/site-packages/airflow/example_dags/example_dynamic_task_mapping_with_no_taskflow_operators.py
[2026-03-18T13:54:11.149+0000] {processor.py:925} INFO - DAG(s) 'example_dynamic_task_mapping_with_no_taskflow_operators' retrieved from /home/komal/data-engineering-projects/airflow-spark-pipeline/airflow_venv/lib/python3.11/site-packages/airflow/example_dags/example_dynamic_task_mapping_with_no_taskflow_operators.py
[2026-03-18T13:54:11.163+0000] {logging_mixin.py:190} INFO - [2026-03-18T13:54:11.163+0000] {dag.py:3239} INFO - Sync 1 DAGs
[2026-03-18T13:54:11.172+0000] {logging_mixin.py:190} INFO - [2026-03-18T13:54:11.172+0000] {dag.py:4180} INFO - Setting next_dagrun for example_dynamic_task_mapping_with_no_taskflow_operators to None, run_after=None
[2026-03-18T13:54:11.193+0000] {processor.py:208} INFO - Processing /home/komal/data-engineering-projects/airflow-spark-pipeline/airflow_venv/lib/python3.11/site-packages/airflow/example_dags/example_dynamic_task_mapping_with_no_taskflow_operators.py took 0.072 seconds
[2026-03-18T13:55:18.395+0000] {processor.py:186} INFO - Started process (PID=36987) to work on /home/komal/data-engineering-projects/airflow-spark-pipeline/airflow_venv/lib/python3.11/site-packages/airflow/example_dags/example_dynamic_task_mapping_with_no_taskflow_operators.py
[2026-03-18T13:55:18.426+0000] {processor.py:914} INFO - Processing file /home/komal/data-engineering-projects/airflow-spark-pipeline/airflow_venv/lib/python3.11/site-packages/airflow/example_dags/example_dynamic_task_mapping_with_no_taskflow_operators.py for tasks to queue
[2026-03-18T13:55:18.427+0000] {logging_mixin.py:190} INFO - [2026-03-18T13:55:18.427+0000] {dagbag.py:588} INFO - Filling up the DagBag from /home/komal/data-engineering-projects/airflow-spark-pipeline/airflow_venv/lib/python3.11/site-packages/airflow/example_dags/example_dynamic_task_mapping_with_no_taskflow_operators.py
[2026-03-18T13:55:18.434+0000] {processor.py:925} INFO - DAG(s) 'example_dynamic_task_mapping_with_no_taskflow_operators' retrieved from /home/komal/data-engineering-projects/airflow-spark-pipeline/airflow_venv/lib/python3.11/site-packages/airflow/example_dags/example_dynamic_task_mapping_with_no_taskflow_operators.py
[2026-03-18T13:55:18.446+0000] {logging_mixin.py:190} INFO - [2026-03-18T13:55:18.445+0000] {dag.py:3239} INFO - Sync 1 DAGs
[2026-03-18T13:55:18.454+0000] {logging_mixin.py:190} INFO - [2026-03-18T13:55:18.454+0000] {dag.py:4180} INFO - Setting next_dagrun for example_dynamic_task_mapping_with_no_taskflow_operators to None, run_after=None
[2026-03-18T13:55:18.476+0000] {processor.py:208} INFO - Processing /home/komal/data-engineering-projects/airflow-spark-pipeline/airflow_venv/lib/python3.11/site-packages/airflow/example_dags/example_dynamic_task_mapping_with_no_taskflow_operators.py took 0.087 seconds
[2026-03-18T13:56:24.267+0000] {processor.py:186} INFO - Started process (PID=37050) to work on /home/komal/data-engineering-projects/airflow-spark-pipeline/airflow_venv/lib/python3.11/site-packages/airflow/example_dags/example_dynamic_task_mapping_with_no_taskflow_operators.py
[2026-03-18T13:56:24.299+0000] {processor.py:914} INFO - Processing file /home/komal/data-engineering-projects/airflow-spark-pipeline/airflow_venv/lib/python3.11/site-packages/airflow/example_dags/example_dynamic_task_mapping_with_no_taskflow_operators.py for tasks to queue
[2026-03-18T13:56:24.303+0000] {logging_mixin.py:190} INFO - [2026-03-18T13:56:24.303+0000] {dagbag.py:588} INFO - Filling up the DagBag from /home/komal/data-engineering-projects/airflow-spark-pipeline/airflow_venv/lib/python3.11/site-packages/airflow/example_dags/example_dynamic_task_mapping_with_no_taskflow_operators.py
[2026-03-18T13:56:24.316+0000] {processor.py:925} INFO - DAG(s) 'example_dynamic_task_mapping_with_no_taskflow_operators' retrieved from /home/komal/data-engineering-projects/airflow-spark-pipeline/airflow_venv/lib/python3.11/site-packages/airflow/example_dags/example_dynamic_task_mapping_with_no_taskflow_operators.py
[2026-03-18T13:56:24.327+0000] {logging_mixin.py:190} INFO - [2026-03-18T13:56:24.327+0000] {dag.py:3239} INFO - Sync 1 DAGs
[2026-03-18T13:56:24.334+0000] {logging_mixin.py:190} INFO - [2026-03-18T13:56:24.334+0000] {dag.py:4180} INFO - Setting next_dagrun for example_dynamic_task_mapping_with_no_taskflow_operators to None, run_after=None
[2026-03-18T13:56:24.356+0000] {processor.py:208} INFO - Processing /home/komal/data-engineering-projects/airflow-spark-pipeline/airflow_venv/lib/python3.11/site-packages/airflow/example_dags/example_dynamic_task_mapping_with_no_taskflow_operators.py took 0.098 seconds
[2026-03-18T13:57:31.421+0000] {processor.py:186} INFO - Started process (PID=37116) to work on /home/komal/data-engineering-projects/airflow-spark-pipeline/airflow_venv/lib/python3.11/site-packages/airflow/example_dags/example_dynamic_task_mapping_with_no_taskflow_operators.py
[2026-03-18T13:57:31.454+0000] {processor.py:914} INFO - Processing file /home/komal/data-engineering-projects/airflow-spark-pipeline/airflow_venv/lib/python3.11/site-packages/airflow/example_dags/example_dynamic_task_mapping_with_no_taskflow_operators.py for tasks to queue
[2026-03-18T13:57:31.459+0000] {logging_mixin.py:190} INFO - [2026-03-18T13:57:31.458+0000] {dagbag.py:588} INFO - Filling up the DagBag from /home/komal/data-engineering-projects/airflow-spark-pipeline/airflow_venv/lib/python3.11/site-packages/airflow/example_dags/example_dynamic_task_mapping_with_no_taskflow_operators.py
[2026-03-18T13:57:31.472+0000] {processor.py:925} INFO - DAG(s) 'example_dynamic_task_mapping_with_no_taskflow_operators' retrieved from /home/komal/data-engineering-projects/airflow-spark-pipeline/airflow_venv/lib/python3.11/site-packages/airflow/example_dags/example_dynamic_task_mapping_with_no_taskflow_operators.py
[2026-03-18T13:57:31.484+0000] {logging_mixin.py:190} INFO - [2026-03-18T13:57:31.484+0000] {dag.py:3239} INFO - Sync 1 DAGs
[2026-03-18T13:57:31.491+0000] {logging_mixin.py:190} INFO - [2026-03-18T13:57:31.491+0000] {dag.py:4180} INFO - Setting next_dagrun for example_dynamic_task_mapping_with_no_taskflow_operators to None, run_after=None
[2026-03-18T13:57:31.528+0000] {processor.py:208} INFO - Processing /home/komal/data-engineering-projects/airflow-spark-pipeline/airflow_venv/lib/python3.11/site-packages/airflow/example_dags/example_dynamic_task_mapping_with_no_taskflow_operators.py took 0.118 seconds
[2026-03-18T14:01:15.255+0000] {processor.py:186} INFO - Started process (PID=37186) to work on /home/komal/data-engineering-projects/airflow-spark-pipeline/airflow_venv/lib/python3.11/site-packages/airflow/example_dags/example_dynamic_task_mapping_with_no_taskflow_operators.py
[2026-03-18T14:01:15.257+0000] {processor.py:914} INFO - Processing file /home/komal/data-engineering-projects/airflow-spark-pipeline/airflow_venv/lib/python3.11/site-packages/airflow/example_dags/example_dynamic_task_mapping_with_no_taskflow_operators.py for tasks to queue
[2026-03-18T14:01:15.259+0000] {logging_mixin.py:190} INFO - [2026-03-18T14:01:15.259+0000] {dagbag.py:588} INFO - Filling up the DagBag from /home/komal/data-engineering-projects/airflow-spark-pipeline/airflow_venv/lib/python3.11/site-packages/airflow/example_dags/example_dynamic_task_mapping_with_no_taskflow_operators.py
[2026-03-18T14:01:15.268+0000] {processor.py:925} INFO - DAG(s) 'example_dynamic_task_mapping_with_no_taskflow_operators' retrieved from /home/komal/data-engineering-projects/airflow-spark-pipeline/airflow_venv/lib/python3.11/site-packages/airflow/example_dags/example_dynamic_task_mapping_with_no_taskflow_operators.py
[2026-03-18T14:01:15.282+0000] {logging_mixin.py:190} INFO - [2026-03-18T14:01:15.282+0000] {dag.py:3239} INFO - Sync 1 DAGs
[2026-03-18T14:01:15.297+0000] {logging_mixin.py:190} INFO - [2026-03-18T14:01:15.296+0000] {dag.py:4180} INFO - Setting next_dagrun for example_dynamic_task_mapping_with_no_taskflow_operators to None, run_after=None
[2026-03-18T14:01:15.358+0000] {processor.py:208} INFO - Processing /home/komal/data-engineering-projects/airflow-spark-pipeline/airflow_venv/lib/python3.11/site-packages/airflow/example_dags/example_dynamic_task_mapping_with_no_taskflow_operators.py took 0.108 seconds
[2026-03-18T14:02:36.507+0000] {processor.py:186} INFO - Started process (PID=37269) to work on /home/komal/data-engineering-projects/airflow-spark-pipeline/airflow_venv/lib/python3.11/site-packages/airflow/example_dags/example_dynamic_task_mapping_with_no_taskflow_operators.py
[2026-03-18T14:02:36.539+0000] {processor.py:914} INFO - Processing file /home/komal/data-engineering-projects/airflow-spark-pipeline/airflow_venv/lib/python3.11/site-packages/airflow/example_dags/example_dynamic_task_mapping_with_no_taskflow_operators.py for tasks to queue
[2026-03-18T14:02:36.543+0000] {logging_mixin.py:190} INFO - [2026-03-18T14:02:36.542+0000] {dagbag.py:588} INFO - Filling up the DagBag from /home/komal/data-engineering-projects/airflow-spark-pipeline/airflow_venv/lib/python3.11/site-packages/airflow/example_dags/example_dynamic_task_mapping_with_no_taskflow_operators.py
[2026-03-18T14:02:36.556+0000] {processor.py:925} INFO - DAG(s) 'example_dynamic_task_mapping_with_no_taskflow_operators' retrieved from /home/komal/data-engineering-projects/airflow-spark-pipeline/airflow_venv/lib/python3.11/site-packages/airflow/example_dags/example_dynamic_task_mapping_with_no_taskflow_operators.py
[2026-03-18T14:02:36.567+0000] {logging_mixin.py:190} INFO - [2026-03-18T14:02:36.567+0000] {dag.py:3239} INFO - Sync 1 DAGs
[2026-03-18T14:02:36.575+0000] {logging_mixin.py:190} INFO - [2026-03-18T14:02:36.575+0000] {dag.py:4180} INFO - Setting next_dagrun for example_dynamic_task_mapping_with_no_taskflow_operators to None, run_after=None
[2026-03-18T14:02:36.599+0000] {processor.py:208} INFO - Processing /home/komal/data-engineering-projects/airflow-spark-pipeline/airflow_venv/lib/python3.11/site-packages/airflow/example_dags/example_dynamic_task_mapping_with_no_taskflow_operators.py took 0.103 seconds
[2026-03-18T14:03:35.710+0000] {processor.py:186} INFO - Started process (PID=37373) to work on /home/komal/data-engineering-projects/airflow-spark-pipeline/airflow_venv/lib/python3.11/site-packages/airflow/example_dags/example_dynamic_task_mapping_with_no_taskflow_operators.py
[2026-03-18T14:03:35.741+0000] {processor.py:914} INFO - Processing file /home/komal/data-engineering-projects/airflow-spark-pipeline/airflow_venv/lib/python3.11/site-packages/airflow/example_dags/example_dynamic_task_mapping_with_no_taskflow_operators.py for tasks to queue
[2026-03-18T14:03:35.743+0000] {logging_mixin.py:190} INFO - [2026-03-18T14:03:35.743+0000] {dagbag.py:588} INFO - Filling up the DagBag from /home/komal/data-engineering-projects/airflow-spark-pipeline/airflow_venv/lib/python3.11/site-packages/airflow/example_dags/example_dynamic_task_mapping_with_no_taskflow_operators.py
[2026-03-18T14:03:35.750+0000] {processor.py:925} INFO - DAG(s) 'example_dynamic_task_mapping_with_no_taskflow_operators' retrieved from /home/komal/data-engineering-projects/airflow-spark-pipeline/airflow_venv/lib/python3.11/site-packages/airflow/example_dags/example_dynamic_task_mapping_with_no_taskflow_operators.py
[2026-03-18T14:03:35.766+0000] {logging_mixin.py:190} INFO - [2026-03-18T14:03:35.766+0000] {dag.py:3239} INFO - Sync 1 DAGs
[2026-03-18T14:03:35.779+0000] {logging_mixin.py:190} INFO - [2026-03-18T14:03:35.778+0000] {dag.py:4180} INFO - Setting next_dagrun for example_dynamic_task_mapping_with_no_taskflow_operators to None, run_after=None
[2026-03-18T14:03:35.815+0000] {processor.py:208} INFO - Processing /home/komal/data-engineering-projects/airflow-spark-pipeline/airflow_venv/lib/python3.11/site-packages/airflow/example_dags/example_dynamic_task_mapping_with_no_taskflow_operators.py took 0.111 seconds
[2026-03-18T14:04:36.472+0000] {processor.py:186} INFO - Started process (PID=37435) to work on /home/komal/data-engineering-projects/airflow-spark-pipeline/airflow_venv/lib/python3.11/site-packages/airflow/example_dags/example_dynamic_task_mapping_with_no_taskflow_operators.py
[2026-03-18T14:04:36.504+0000] {processor.py:914} INFO - Processing file /home/komal/data-engineering-projects/airflow-spark-pipeline/airflow_venv/lib/python3.11/site-packages/airflow/example_dags/example_dynamic_task_mapping_with_no_taskflow_operators.py for tasks to queue
[2026-03-18T14:04:36.508+0000] {logging_mixin.py:190} INFO - [2026-03-18T14:04:36.507+0000] {dagbag.py:588} INFO - Filling up the DagBag from /home/komal/data-engineering-projects/airflow-spark-pipeline/airflow_venv/lib/python3.11/site-packages/airflow/example_dags/example_dynamic_task_mapping_with_no_taskflow_operators.py
[2026-03-18T14:04:36.521+0000] {processor.py:925} INFO - DAG(s) 'example_dynamic_task_mapping_with_no_taskflow_operators' retrieved from /home/komal/data-engineering-projects/airflow-spark-pipeline/airflow_venv/lib/python3.11/site-packages/airflow/example_dags/example_dynamic_task_mapping_with_no_taskflow_operators.py
[2026-03-18T14:04:36.547+0000] {logging_mixin.py:190} INFO - [2026-03-18T14:04:36.547+0000] {dag.py:3239} INFO - Sync 1 DAGs
[2026-03-18T14:04:36.557+0000] {logging_mixin.py:190} INFO - [2026-03-18T14:04:36.557+0000] {dag.py:4180} INFO - Setting next_dagrun for example_dynamic_task_mapping_with_no_taskflow_operators to None, run_after=None
[2026-03-18T14:04:36.593+0000] {processor.py:208} INFO - Processing /home/komal/data-engineering-projects/airflow-spark-pipeline/airflow_venv/lib/python3.11/site-packages/airflow/example_dags/example_dynamic_task_mapping_with_no_taskflow_operators.py took 0.131 seconds
[2026-03-18T14:05:37.710+0000] {processor.py:186} INFO - Started process (PID=37566) to work on /home/komal/data-engineering-projects/airflow-spark-pipeline/airflow_venv/lib/python3.11/site-packages/airflow/example_dags/example_dynamic_task_mapping_with_no_taskflow_operators.py
[2026-03-18T14:05:37.743+0000] {processor.py:914} INFO - Processing file /home/komal/data-engineering-projects/airflow-spark-pipeline/airflow_venv/lib/python3.11/site-packages/airflow/example_dags/example_dynamic_task_mapping_with_no_taskflow_operators.py for tasks to queue
[2026-03-18T14:05:37.747+0000] {logging_mixin.py:190} INFO - [2026-03-18T14:05:37.746+0000] {dagbag.py:588} INFO - Filling up the DagBag from /home/komal/data-engineering-projects/airflow-spark-pipeline/airflow_venv/lib/python3.11/site-packages/airflow/example_dags/example_dynamic_task_mapping_with_no_taskflow_operators.py
[2026-03-18T14:05:37.765+0000] {processor.py:925} INFO - DAG(s) 'example_dynamic_task_mapping_with_no_taskflow_operators' retrieved from /home/komal/data-engineering-projects/airflow-spark-pipeline/airflow_venv/lib/python3.11/site-packages/airflow/example_dags/example_dynamic_task_mapping_with_no_taskflow_operators.py
[2026-03-18T14:05:37.784+0000] {logging_mixin.py:190} INFO - [2026-03-18T14:05:37.784+0000] {dag.py:3239} INFO - Sync 1 DAGs
[2026-03-18T14:05:37.792+0000] {logging_mixin.py:190} INFO - [2026-03-18T14:05:37.791+0000] {dag.py:4180} INFO - Setting next_dagrun for example_dynamic_task_mapping_with_no_taskflow_operators to None, run_after=None
[2026-03-18T14:05:37.836+0000] {processor.py:208} INFO - Processing /home/komal/data-engineering-projects/airflow-spark-pipeline/airflow_venv/lib/python3.11/site-packages/airflow/example_dags/example_dynamic_task_mapping_with_no_taskflow_operators.py took 0.133 seconds
[2026-03-18T16:34:57.204+0000] {processor.py:186} INFO - Started process (PID=37647) to work on /home/komal/data-engineering-projects/airflow-spark-pipeline/airflow_venv/lib/python3.11/site-packages/airflow/example_dags/example_dynamic_task_mapping_with_no_taskflow_operators.py
[2026-03-18T16:34:57.206+0000] {processor.py:914} INFO - Processing file /home/komal/data-engineering-projects/airflow-spark-pipeline/airflow_venv/lib/python3.11/site-packages/airflow/example_dags/example_dynamic_task_mapping_with_no_taskflow_operators.py for tasks to queue
[2026-03-18T16:34:57.209+0000] {logging_mixin.py:190} INFO - [2026-03-18T16:34:57.208+0000] {dagbag.py:588} INFO - Filling up the DagBag from /home/komal/data-engineering-projects/airflow-spark-pipeline/airflow_venv/lib/python3.11/site-packages/airflow/example_dags/example_dynamic_task_mapping_with_no_taskflow_operators.py
[2026-03-18T16:34:57.221+0000] {processor.py:925} INFO - DAG(s) 'example_dynamic_task_mapping_with_no_taskflow_operators' retrieved from /home/komal/data-engineering-projects/airflow-spark-pipeline/airflow_venv/lib/python3.11/site-packages/airflow/example_dags/example_dynamic_task_mapping_with_no_taskflow_operators.py
[2026-03-18T16:34:57.239+0000] {logging_mixin.py:190} INFO - [2026-03-18T16:34:57.238+0000] {dag.py:3239} INFO - Sync 1 DAGs
[2026-03-18T16:34:57.252+0000] {logging_mixin.py:190} INFO - [2026-03-18T16:34:57.252+0000] {dag.py:4180} INFO - Setting next_dagrun for example_dynamic_task_mapping_with_no_taskflow_operators to None, run_after=None
[2026-03-18T16:34:57.276+0000] {processor.py:208} INFO - Processing /home/komal/data-engineering-projects/airflow-spark-pipeline/airflow_venv/lib/python3.11/site-packages/airflow/example_dags/example_dynamic_task_mapping_with_no_taskflow_operators.py took 0.078 seconds
[2026-03-18T16:36:09.450+0000] {processor.py:186} INFO - Started process (PID=37718) to work on /home/komal/data-engineering-projects/airflow-spark-pipeline/airflow_venv/lib/python3.11/site-packages/airflow/example_dags/example_dynamic_task_mapping_with_no_taskflow_operators.py
[2026-03-18T16:36:09.483+0000] {processor.py:914} INFO - Processing file /home/komal/data-engineering-projects/airflow-spark-pipeline/airflow_venv/lib/python3.11/site-packages/airflow/example_dags/example_dynamic_task_mapping_with_no_taskflow_operators.py for tasks to queue
[2026-03-18T16:36:09.487+0000] {logging_mixin.py:190} INFO - [2026-03-18T16:36:09.486+0000] {dagbag.py:588} INFO - Filling up the DagBag from /home/komal/data-engineering-projects/airflow-spark-pipeline/airflow_venv/lib/python3.11/site-packages/airflow/example_dags/example_dynamic_task_mapping_with_no_taskflow_operators.py
[2026-03-18T16:36:09.501+0000] {processor.py:925} INFO - DAG(s) 'example_dynamic_task_mapping_with_no_taskflow_operators' retrieved from /home/komal/data-engineering-projects/airflow-spark-pipeline/airflow_venv/lib/python3.11/site-packages/airflow/example_dags/example_dynamic_task_mapping_with_no_taskflow_operators.py
[2026-03-18T16:36:09.513+0000] {logging_mixin.py:190} INFO - [2026-03-18T16:36:09.513+0000] {dag.py:3239} INFO - Sync 1 DAGs
[2026-03-18T16:36:09.522+0000] {logging_mixin.py:190} INFO - [2026-03-18T16:36:09.521+0000] {dag.py:4180} INFO - Setting next_dagrun for example_dynamic_task_mapping_with_no_taskflow_operators to None, run_after=None
[2026-03-18T16:36:09.550+0000] {processor.py:208} INFO - Processing /home/komal/data-engineering-projects/airflow-spark-pipeline/airflow_venv/lib/python3.11/site-packages/airflow/example_dags/example_dynamic_task_mapping_with_no_taskflow_operators.py took 0.112 seconds
[2026-03-18T16:37:16.290+0000] {processor.py:186} INFO - Started process (PID=37789) to work on /home/komal/data-engineering-projects/airflow-spark-pipeline/airflow_venv/lib/python3.11/site-packages/airflow/example_dags/example_dynamic_task_mapping_with_no_taskflow_operators.py
[2026-03-18T16:37:16.322+0000] {processor.py:914} INFO - Processing file /home/komal/data-engineering-projects/airflow-spark-pipeline/airflow_venv/lib/python3.11/site-packages/airflow/example_dags/example_dynamic_task_mapping_with_no_taskflow_operators.py for tasks to queue
[2026-03-18T16:37:16.326+0000] {logging_mixin.py:190} INFO - [2026-03-18T16:37:16.325+0000] {dagbag.py:588} INFO - Filling up the DagBag from /home/komal/data-engineering-projects/airflow-spark-pipeline/airflow_venv/lib/python3.11/site-packages/airflow/example_dags/example_dynamic_task_mapping_with_no_taskflow_operators.py
[2026-03-18T16:37:16.341+0000] {processor.py:925} INFO - DAG(s) 'example_dynamic_task_mapping_with_no_taskflow_operators' retrieved from /home/komal/data-engineering-projects/airflow-spark-pipeline/airflow_venv/lib/python3.11/site-packages/airflow/example_dags/example_dynamic_task_mapping_with_no_taskflow_operators.py
[2026-03-18T16:37:16.365+0000] {logging_mixin.py:190} INFO - [2026-03-18T16:37:16.365+0000] {dag.py:3239} INFO - Sync 1 DAGs
[2026-03-18T16:37:16.375+0000] {logging_mixin.py:190} INFO - [2026-03-18T16:37:16.375+0000] {dag.py:4180} INFO - Setting next_dagrun for example_dynamic_task_mapping_with_no_taskflow_operators to None, run_after=None
[2026-03-18T16:37:16.405+0000] {processor.py:208} INFO - Processing /home/komal/data-engineering-projects/airflow-spark-pipeline/airflow_venv/lib/python3.11/site-packages/airflow/example_dags/example_dynamic_task_mapping_with_no_taskflow_operators.py took 0.124 seconds
[2026-03-18T16:38:21.163+0000] {processor.py:186} INFO - Started process (PID=37852) to work on /home/komal/data-engineering-projects/airflow-spark-pipeline/airflow_venv/lib/python3.11/site-packages/airflow/example_dags/example_dynamic_task_mapping_with_no_taskflow_operators.py
[2026-03-18T16:38:21.178+0000] {processor.py:914} INFO - Processing file /home/komal/data-engineering-projects/airflow-spark-pipeline/airflow_venv/lib/python3.11/site-packages/airflow/example_dags/example_dynamic_task_mapping_with_no_taskflow_operators.py for tasks to queue
[2026-03-18T16:38:21.181+0000] {logging_mixin.py:190} INFO - [2026-03-18T16:38:21.181+0000] {dagbag.py:588} INFO - Filling up the DagBag from /home/komal/data-engineering-projects/airflow-spark-pipeline/airflow_venv/lib/python3.11/site-packages/airflow/example_dags/example_dynamic_task_mapping_with_no_taskflow_operators.py
[2026-03-18T16:38:21.198+0000] {processor.py:925} INFO - DAG(s) 'example_dynamic_task_mapping_with_no_taskflow_operators' retrieved from /home/komal/data-engineering-projects/airflow-spark-pipeline/airflow_venv/lib/python3.11/site-packages/airflow/example_dags/example_dynamic_task_mapping_with_no_taskflow_operators.py
[2026-03-18T16:38:21.215+0000] {logging_mixin.py:190} INFO - [2026-03-18T16:38:21.214+0000] {dag.py:3239} INFO - Sync 1 DAGs
[2026-03-18T16:38:21.233+0000] {logging_mixin.py:190} INFO - [2026-03-18T16:38:21.232+0000] {dag.py:4180} INFO - Setting next_dagrun for example_dynamic_task_mapping_with_no_taskflow_operators to None, run_after=None
[2026-03-18T16:38:21.268+0000] {processor.py:208} INFO - Processing /home/komal/data-engineering-projects/airflow-spark-pipeline/airflow_venv/lib/python3.11/site-packages/airflow/example_dags/example_dynamic_task_mapping_with_no_taskflow_operators.py took 0.119 seconds
[2026-03-18T16:39:27.607+0000] {processor.py:186} INFO - Started process (PID=37915) to work on /home/komal/data-engineering-projects/airflow-spark-pipeline/airflow_venv/lib/python3.11/site-packages/airflow/example_dags/example_dynamic_task_mapping_with_no_taskflow_operators.py
[2026-03-18T16:39:27.609+0000] {processor.py:914} INFO - Processing file /home/komal/data-engineering-projects/airflow-spark-pipeline/airflow_venv/lib/python3.11/site-packages/airflow/example_dags/example_dynamic_task_mapping_with_no_taskflow_operators.py for tasks to queue
[2026-03-18T16:39:27.611+0000] {logging_mixin.py:190} INFO - [2026-03-18T16:39:27.611+0000] {dagbag.py:588} INFO - Filling up the DagBag from /home/komal/data-engineering-projects/airflow-spark-pipeline/airflow_venv/lib/python3.11/site-packages/airflow/example_dags/example_dynamic_task_mapping_with_no_taskflow_operators.py
[2026-03-18T16:39:27.618+0000] {processor.py:925} INFO - DAG(s) 'example_dynamic_task_mapping_with_no_taskflow_operators' retrieved from /home/komal/data-engineering-projects/airflow-spark-pipeline/airflow_venv/lib/python3.11/site-packages/airflow/example_dags/example_dynamic_task_mapping_with_no_taskflow_operators.py
[2026-03-18T16:39:27.636+0000] {logging_mixin.py:190} INFO - [2026-03-18T16:39:27.636+0000] {dag.py:3239} INFO - Sync 1 DAGs
[2026-03-18T16:39:27.646+0000] {logging_mixin.py:190} INFO - [2026-03-18T16:39:27.646+0000] {dag.py:4180} INFO - Setting next_dagrun for example_dynamic_task_mapping_with_no_taskflow_operators to None, run_after=None
[2026-03-18T16:39:27.671+0000] {processor.py:208} INFO - Processing /home/komal/data-engineering-projects/airflow-spark-pipeline/airflow_venv/lib/python3.11/site-packages/airflow/example_dags/example_dynamic_task_mapping_with_no_taskflow_operators.py took 0.073 seconds
[2026-03-18T16:40:31.578+0000] {processor.py:186} INFO - Started process (PID=37978) to work on /home/komal/data-engineering-projects/airflow-spark-pipeline/airflow_venv/lib/python3.11/site-packages/airflow/example_dags/example_dynamic_task_mapping_with_no_taskflow_operators.py
[2026-03-18T16:40:31.584+0000] {processor.py:914} INFO - Processing file /home/komal/data-engineering-projects/airflow-spark-pipeline/airflow_venv/lib/python3.11/site-packages/airflow/example_dags/example_dynamic_task_mapping_with_no_taskflow_operators.py for tasks to queue
[2026-03-18T16:40:31.585+0000] {logging_mixin.py:190} INFO - [2026-03-18T16:40:31.585+0000] {dagbag.py:588} INFO - Filling up the DagBag from /home/komal/data-engineering-projects/airflow-spark-pipeline/airflow_venv/lib/python3.11/site-packages/airflow/example_dags/example_dynamic_task_mapping_with_no_taskflow_operators.py
[2026-03-18T16:40:31.592+0000] {processor.py:925} INFO - DAG(s) 'example_dynamic_task_mapping_with_no_taskflow_operators' retrieved from /home/komal/data-engineering-projects/airflow-spark-pipeline/airflow_venv/lib/python3.11/site-packages/airflow/example_dags/example_dynamic_task_mapping_with_no_taskflow_operators.py
[2026-03-18T16:40:31.616+0000] {logging_mixin.py:190} INFO - [2026-03-18T16:40:31.616+0000] {dag.py:3239} INFO - Sync 1 DAGs
[2026-03-18T16:40:31.626+0000] {logging_mixin.py:190} INFO - [2026-03-18T16:40:31.626+0000] {dag.py:4180} INFO - Setting next_dagrun for example_dynamic_task_mapping_with_no_taskflow_operators to None, run_after=None
[2026-03-18T16:40:31.652+0000] {processor.py:208} INFO - Processing /home/komal/data-engineering-projects/airflow-spark-pipeline/airflow_venv/lib/python3.11/site-packages/airflow/example_dags/example_dynamic_task_mapping_with_no_taskflow_operators.py took 0.080 seconds
[2026-03-18T16:41:38.321+0000] {processor.py:186} INFO - Started process (PID=38052) to work on /home/komal/data-engineering-projects/airflow-spark-pipeline/airflow_venv/lib/python3.11/site-packages/airflow/example_dags/example_dynamic_task_mapping_with_no_taskflow_operators.py
[2026-03-18T16:41:38.352+0000] {processor.py:914} INFO - Processing file /home/komal/data-engineering-projects/airflow-spark-pipeline/airflow_venv/lib/python3.11/site-packages/airflow/example_dags/example_dynamic_task_mapping_with_no_taskflow_operators.py for tasks to queue
[2026-03-18T16:41:38.356+0000] {logging_mixin.py:190} INFO - [2026-03-18T16:41:38.355+0000] {dagbag.py:588} INFO - Filling up the DagBag from /home/komal/data-engineering-projects/airflow-spark-pipeline/airflow_venv/lib/python3.11/site-packages/airflow/example_dags/example_dynamic_task_mapping_with_no_taskflow_operators.py
[2026-03-18T16:41:38.369+0000] {processor.py:925} INFO - DAG(s) 'example_dynamic_task_mapping_with_no_taskflow_operators' retrieved from /home/komal/data-engineering-projects/airflow-spark-pipeline/airflow_venv/lib/python3.11/site-packages/airflow/example_dags/example_dynamic_task_mapping_with_no_taskflow_operators.py
[2026-03-18T16:41:38.387+0000] {logging_mixin.py:190} INFO - [2026-03-18T16:41:38.387+0000] {dag.py:3239} INFO - Sync 1 DAGs
[2026-03-18T16:41:38.399+0000] {logging_mixin.py:190} INFO - [2026-03-18T16:41:38.399+0000] {dag.py:4180} INFO - Setting next_dagrun for example_dynamic_task_mapping_with_no_taskflow_operators to None, run_after=None
[2026-03-18T16:41:38.422+0000] {processor.py:208} INFO - Processing /home/komal/data-engineering-projects/airflow-spark-pipeline/airflow_venv/lib/python3.11/site-packages/airflow/example_dags/example_dynamic_task_mapping_with_no_taskflow_operators.py took 0.110 seconds
[2026-03-18T16:42:49.264+0000] {processor.py:186} INFO - Started process (PID=38120) to work on /home/komal/data-engineering-projects/airflow-spark-pipeline/airflow_venv/lib/python3.11/site-packages/airflow/example_dags/example_dynamic_task_mapping_with_no_taskflow_operators.py
[2026-03-18T16:42:49.277+0000] {processor.py:914} INFO - Processing file /home/komal/data-engineering-projects/airflow-spark-pipeline/airflow_venv/lib/python3.11/site-packages/airflow/example_dags/example_dynamic_task_mapping_with_no_taskflow_operators.py for tasks to queue
[2026-03-18T16:42:49.280+0000] {logging_mixin.py:190} INFO - [2026-03-18T16:42:49.279+0000] {dagbag.py:588} INFO - Filling up the DagBag from /home/komal/data-engineering-projects/airflow-spark-pipeline/airflow_venv/lib/python3.11/site-packages/airflow/example_dags/example_dynamic_task_mapping_with_no_taskflow_operators.py
[2026-03-18T16:42:49.290+0000] {processor.py:925} INFO - DAG(s) 'example_dynamic_task_mapping_with_no_taskflow_operators' retrieved from /home/komal/data-engineering-projects/airflow-spark-pipeline/airflow_venv/lib/python3.11/site-packages/airflow/example_dags/example_dynamic_task_mapping_with_no_taskflow_operators.py
[2026-03-18T16:42:49.300+0000] {logging_mixin.py:190} INFO - [2026-03-18T16:42:49.300+0000] {dag.py:3239} INFO - Sync 1 DAGs
[2026-03-18T16:42:49.310+0000] {logging_mixin.py:190} INFO - [2026-03-18T16:42:49.310+0000] {dag.py:4180} INFO - Setting next_dagrun for example_dynamic_task_mapping_with_no_taskflow_operators to None, run_after=None
[2026-03-18T16:42:49.336+0000] {processor.py:208} INFO - Processing /home/komal/data-engineering-projects/airflow-spark-pipeline/airflow_venv/lib/python3.11/site-packages/airflow/example_dags/example_dynamic_task_mapping_with_no_taskflow_operators.py took 0.079 seconds
[2026-03-18T16:43:50.071+0000] {processor.py:186} INFO - Started process (PID=38182) to work on /home/komal/data-engineering-projects/airflow-spark-pipeline/airflow_venv/lib/python3.11/site-packages/airflow/example_dags/example_dynamic_task_mapping_with_no_taskflow_operators.py
[2026-03-18T16:43:50.075+0000] {processor.py:914} INFO - Processing file /home/komal/data-engineering-projects/airflow-spark-pipeline/airflow_venv/lib/python3.11/site-packages/airflow/example_dags/example_dynamic_task_mapping_with_no_taskflow_operators.py for tasks to queue
[2026-03-18T16:43:50.077+0000] {logging_mixin.py:190} INFO - [2026-03-18T16:43:50.077+0000] {dagbag.py:588} INFO - Filling up the DagBag from /home/komal/data-engineering-projects/airflow-spark-pipeline/airflow_venv/lib/python3.11/site-packages/airflow/example_dags/example_dynamic_task_mapping_with_no_taskflow_operators.py
[2026-03-18T16:43:50.091+0000] {processor.py:925} INFO - DAG(s) 'example_dynamic_task_mapping_with_no_taskflow_operators' retrieved from /home/komal/data-engineering-projects/airflow-spark-pipeline/airflow_venv/lib/python3.11/site-packages/airflow/example_dags/example_dynamic_task_mapping_with_no_taskflow_operators.py
[2026-03-18T16:43:50.114+0000] {logging_mixin.py:190} INFO - [2026-03-18T16:43:50.114+0000] {dag.py:3239} INFO - Sync 1 DAGs
[2026-03-18T16:43:50.131+0000] {logging_mixin.py:190} INFO - [2026-03-18T16:43:50.130+0000] {dag.py:4180} INFO - Setting next_dagrun for example_dynamic_task_mapping_with_no_taskflow_operators to None, run_after=None
[2026-03-18T16:43:50.152+0000] {processor.py:208} INFO - Processing /home/komal/data-engineering-projects/airflow-spark-pipeline/airflow_venv/lib/python3.11/site-packages/airflow/example_dags/example_dynamic_task_mapping_with_no_taskflow_operators.py took 0.093 seconds
[2026-03-18T16:44:58.515+0000] {processor.py:186} INFO - Started process (PID=38246) to work on /home/komal/data-engineering-projects/airflow-spark-pipeline/airflow_venv/lib/python3.11/site-packages/airflow/example_dags/example_dynamic_task_mapping_with_no_taskflow_operators.py
[2026-03-18T16:44:58.525+0000] {processor.py:914} INFO - Processing file /home/komal/data-engineering-projects/airflow-spark-pipeline/airflow_venv/lib/python3.11/site-packages/airflow/example_dags/example_dynamic_task_mapping_with_no_taskflow_operators.py for tasks to queue
[2026-03-18T16:44:58.527+0000] {logging_mixin.py:190} INFO - [2026-03-18T16:44:58.526+0000] {dagbag.py:588} INFO - Filling up the DagBag from /home/komal/data-engineering-projects/airflow-spark-pipeline/airflow_venv/lib/python3.11/site-packages/airflow/example_dags/example_dynamic_task_mapping_with_no_taskflow_operators.py
[2026-03-18T16:44:58.534+0000] {processor.py:925} INFO - DAG(s) 'example_dynamic_task_mapping_with_no_taskflow_operators' retrieved from /home/komal/data-engineering-projects/airflow-spark-pipeline/airflow_venv/lib/python3.11/site-packages/airflow/example_dags/example_dynamic_task_mapping_with_no_taskflow_operators.py
[2026-03-18T16:44:58.545+0000] {logging_mixin.py:190} INFO - [2026-03-18T16:44:58.545+0000] {dag.py:3239} INFO - Sync 1 DAGs
[2026-03-18T16:44:58.554+0000] {logging_mixin.py:190} INFO - [2026-03-18T16:44:58.553+0000] {dag.py:4180} INFO - Setting next_dagrun for example_dynamic_task_mapping_with_no_taskflow_operators to None, run_after=None
[2026-03-18T16:44:58.581+0000] {processor.py:208} INFO - Processing /home/komal/data-engineering-projects/airflow-spark-pipeline/airflow_venv/lib/python3.11/site-packages/airflow/example_dags/example_dynamic_task_mapping_with_no_taskflow_operators.py took 0.071 seconds
[2026-03-18T16:46:07.291+0000] {processor.py:186} INFO - Started process (PID=38311) to work on /home/komal/data-engineering-projects/airflow-spark-pipeline/airflow_venv/lib/python3.11/site-packages/airflow/example_dags/example_dynamic_task_mapping_with_no_taskflow_operators.py
[2026-03-18T16:46:07.303+0000] {processor.py:914} INFO - Processing file /home/komal/data-engineering-projects/airflow-spark-pipeline/airflow_venv/lib/python3.11/site-packages/airflow/example_dags/example_dynamic_task_mapping_with_no_taskflow_operators.py for tasks to queue
[2026-03-18T16:46:07.306+0000] {logging_mixin.py:190} INFO - [2026-03-18T16:46:07.305+0000] {dagbag.py:588} INFO - Filling up the DagBag from /home/komal/data-engineering-projects/airflow-spark-pipeline/airflow_venv/lib/python3.11/site-packages/airflow/example_dags/example_dynamic_task_mapping_with_no_taskflow_operators.py
[2026-03-18T16:46:07.317+0000] {processor.py:925} INFO - DAG(s) 'example_dynamic_task_mapping_with_no_taskflow_operators' retrieved from /home/komal/data-engineering-projects/airflow-spark-pipeline/airflow_venv/lib/python3.11/site-packages/airflow/example_dags/example_dynamic_task_mapping_with_no_taskflow_operators.py
[2026-03-18T16:46:07.333+0000] {logging_mixin.py:190} INFO - [2026-03-18T16:46:07.333+0000] {dag.py:3239} INFO - Sync 1 DAGs
[2026-03-18T16:46:07.342+0000] {logging_mixin.py:190} INFO - [2026-03-18T16:46:07.342+0000] {dag.py:4180} INFO - Setting next_dagrun for example_dynamic_task_mapping_with_no_taskflow_operators to None, run_after=None
[2026-03-18T16:46:07.364+0000] {processor.py:208} INFO - Processing /home/komal/data-engineering-projects/airflow-spark-pipeline/airflow_venv/lib/python3.11/site-packages/airflow/example_dags/example_dynamic_task_mapping_with_no_taskflow_operators.py took 0.081 seconds
[2026-03-18T16:47:15.041+0000] {processor.py:186} INFO - Started process (PID=38375) to work on /home/komal/data-engineering-projects/airflow-spark-pipeline/airflow_venv/lib/python3.11/site-packages/airflow/example_dags/example_dynamic_task_mapping_with_no_taskflow_operators.py
[2026-03-18T16:47:15.075+0000] {processor.py:914} INFO - Processing file /home/komal/data-engineering-projects/airflow-spark-pipeline/airflow_venv/lib/python3.11/site-packages/airflow/example_dags/example_dynamic_task_mapping_with_no_taskflow_operators.py for tasks to queue
[2026-03-18T16:47:15.078+0000] {logging_mixin.py:190} INFO - [2026-03-18T16:47:15.078+0000] {dagbag.py:588} INFO - Filling up the DagBag from /home/komal/data-engineering-projects/airflow-spark-pipeline/airflow_venv/lib/python3.11/site-packages/airflow/example_dags/example_dynamic_task_mapping_with_no_taskflow_operators.py
[2026-03-18T16:47:15.094+0000] {processor.py:925} INFO - DAG(s) 'example_dynamic_task_mapping_with_no_taskflow_operators' retrieved from /home/komal/data-engineering-projects/airflow-spark-pipeline/airflow_venv/lib/python3.11/site-packages/airflow/example_dags/example_dynamic_task_mapping_with_no_taskflow_operators.py
[2026-03-18T16:47:15.107+0000] {logging_mixin.py:190} INFO - [2026-03-18T16:47:15.107+0000] {dag.py:3239} INFO - Sync 1 DAGs
[2026-03-18T16:47:15.115+0000] {logging_mixin.py:190} INFO - [2026-03-18T16:47:15.115+0000] {dag.py:4180} INFO - Setting next_dagrun for example_dynamic_task_mapping_with_no_taskflow_operators to None, run_after=None
[2026-03-18T16:47:15.137+0000] {processor.py:208} INFO - Processing /home/komal/data-engineering-projects/airflow-spark-pipeline/airflow_venv/lib/python3.11/site-packages/airflow/example_dags/example_dynamic_task_mapping_with_no_taskflow_operators.py took 0.108 seconds
[2026-03-18T16:48:20.584+0000] {processor.py:186} INFO - Started process (PID=38439) to work on /home/komal/data-engineering-projects/airflow-spark-pipeline/airflow_venv/lib/python3.11/site-packages/airflow/example_dags/example_dynamic_task_mapping_with_no_taskflow_operators.py
[2026-03-18T16:48:20.587+0000] {processor.py:914} INFO - Processing file /home/komal/data-engineering-projects/airflow-spark-pipeline/airflow_venv/lib/python3.11/site-packages/airflow/example_dags/example_dynamic_task_mapping_with_no_taskflow_operators.py for tasks to queue
[2026-03-18T16:48:20.588+0000] {logging_mixin.py:190} INFO - [2026-03-18T16:48:20.588+0000] {dagbag.py:588} INFO - Filling up the DagBag from /home/komal/data-engineering-projects/airflow-spark-pipeline/airflow_venv/lib/python3.11/site-packages/airflow/example_dags/example_dynamic_task_mapping_with_no_taskflow_operators.py
[2026-03-18T16:48:20.595+0000] {processor.py:925} INFO - DAG(s) 'example_dynamic_task_mapping_with_no_taskflow_operators' retrieved from /home/komal/data-engineering-projects/airflow-spark-pipeline/airflow_venv/lib/python3.11/site-packages/airflow/example_dags/example_dynamic_task_mapping_with_no_taskflow_operators.py
[2026-03-18T16:48:20.606+0000] {logging_mixin.py:190} INFO - [2026-03-18T16:48:20.606+0000] {dag.py:3239} INFO - Sync 1 DAGs
[2026-03-18T16:48:20.615+0000] {logging_mixin.py:190} INFO - [2026-03-18T16:48:20.614+0000] {dag.py:4180} INFO - Setting next_dagrun for example_dynamic_task_mapping_with_no_taskflow_operators to None, run_after=None
[2026-03-18T16:48:20.685+0000] {processor.py:208} INFO - Processing /home/komal/data-engineering-projects/airflow-spark-pipeline/airflow_venv/lib/python3.11/site-packages/airflow/example_dags/example_dynamic_task_mapping_with_no_taskflow_operators.py took 0.105 seconds
[2026-03-18T16:49:25.137+0000] {processor.py:186} INFO - Started process (PID=38504) to work on /home/komal/data-engineering-projects/airflow-spark-pipeline/airflow_venv/lib/python3.11/site-packages/airflow/example_dags/example_dynamic_task_mapping_with_no_taskflow_operators.py
[2026-03-18T16:49:25.170+0000] {processor.py:914} INFO - Processing file /home/komal/data-engineering-projects/airflow-spark-pipeline/airflow_venv/lib/python3.11/site-packages/airflow/example_dags/example_dynamic_task_mapping_with_no_taskflow_operators.py for tasks to queue
[2026-03-18T16:49:25.175+0000] {logging_mixin.py:190} INFO - [2026-03-18T16:49:25.174+0000] {dagbag.py:588} INFO - Filling up the DagBag from /home/komal/data-engineering-projects/airflow-spark-pipeline/airflow_venv/lib/python3.11/site-packages/airflow/example_dags/example_dynamic_task_mapping_with_no_taskflow_operators.py
[2026-03-18T16:49:25.191+0000] {processor.py:925} INFO - DAG(s) 'example_dynamic_task_mapping_with_no_taskflow_operators' retrieved from /home/komal/data-engineering-projects/airflow-spark-pipeline/airflow_venv/lib/python3.11/site-packages/airflow/example_dags/example_dynamic_task_mapping_with_no_taskflow_operators.py
[2026-03-18T16:49:25.207+0000] {logging_mixin.py:190} INFO - [2026-03-18T16:49:25.206+0000] {dag.py:3239} INFO - Sync 1 DAGs
[2026-03-18T16:49:25.226+0000] {logging_mixin.py:190} INFO - [2026-03-18T16:49:25.225+0000] {dag.py:4180} INFO - Setting next_dagrun for example_dynamic_task_mapping_with_no_taskflow_operators to None, run_after=None
[2026-03-18T16:49:25.264+0000] {processor.py:208} INFO - Processing /home/komal/data-engineering-projects/airflow-spark-pipeline/airflow_venv/lib/python3.11/site-packages/airflow/example_dags/example_dynamic_task_mapping_with_no_taskflow_operators.py took 0.135 seconds
[2026-03-18T16:51:50.967+0000] {processor.py:186} INFO - Started process (PID=38547) to work on /home/komal/data-engineering-projects/airflow-spark-pipeline/airflow_venv/lib/python3.11/site-packages/airflow/example_dags/example_dynamic_task_mapping_with_no_taskflow_operators.py
[2026-03-18T16:51:50.999+0000] {processor.py:914} INFO - Processing file /home/komal/data-engineering-projects/airflow-spark-pipeline/airflow_venv/lib/python3.11/site-packages/airflow/example_dags/example_dynamic_task_mapping_with_no_taskflow_operators.py for tasks to queue
[2026-03-18T16:51:51.003+0000] {logging_mixin.py:190} INFO - [2026-03-18T16:51:51.002+0000] {dagbag.py:588} INFO - Filling up the DagBag from /home/komal/data-engineering-projects/airflow-spark-pipeline/airflow_venv/lib/python3.11/site-packages/airflow/example_dags/example_dynamic_task_mapping_with_no_taskflow_operators.py
[2026-03-18T16:51:51.014+0000] {processor.py:925} INFO - DAG(s) 'example_dynamic_task_mapping_with_no_taskflow_operators' retrieved from /home/komal/data-engineering-projects/airflow-spark-pipeline/airflow_venv/lib/python3.11/site-packages/airflow/example_dags/example_dynamic_task_mapping_with_no_taskflow_operators.py
[2026-03-18T16:51:51.027+0000] {logging_mixin.py:190} INFO - [2026-03-18T16:51:51.027+0000] {dag.py:3239} INFO - Sync 1 DAGs
[2026-03-18T16:51:51.036+0000] {logging_mixin.py:190} INFO - [2026-03-18T16:51:51.036+0000] {dag.py:4180} INFO - Setting next_dagrun for example_dynamic_task_mapping_with_no_taskflow_operators to None, run_after=None
[2026-03-18T16:51:51.064+0000] {processor.py:208} INFO - Processing /home/komal/data-engineering-projects/airflow-spark-pipeline/airflow_venv/lib/python3.11/site-packages/airflow/example_dags/example_dynamic_task_mapping_with_no_taskflow_operators.py took 0.103 seconds
[2026-03-18T16:52:54.417+0000] {processor.py:186} INFO - Started process (PID=38607) to work on /home/komal/data-engineering-projects/airflow-spark-pipeline/airflow_venv/lib/python3.11/site-packages/airflow/example_dags/example_dynamic_task_mapping_with_no_taskflow_operators.py
[2026-03-18T16:52:54.421+0000] {processor.py:914} INFO - Processing file /home/komal/data-engineering-projects/airflow-spark-pipeline/airflow_venv/lib/python3.11/site-packages/airflow/example_dags/example_dynamic_task_mapping_with_no_taskflow_operators.py for tasks to queue
[2026-03-18T16:52:54.425+0000] {logging_mixin.py:190} INFO - [2026-03-18T16:52:54.424+0000] {dagbag.py:588} INFO - Filling up the DagBag from /home/komal/data-engineering-projects/airflow-spark-pipeline/airflow_venv/lib/python3.11/site-packages/airflow/example_dags/example_dynamic_task_mapping_with_no_taskflow_operators.py
[2026-03-18T16:52:54.433+0000] {processor.py:925} INFO - DAG(s) 'example_dynamic_task_mapping_with_no_taskflow_operators' retrieved from /home/komal/data-engineering-projects/airflow-spark-pipeline/airflow_venv/lib/python3.11/site-packages/airflow/example_dags/example_dynamic_task_mapping_with_no_taskflow_operators.py
[2026-03-18T16:52:54.443+0000] {logging_mixin.py:190} INFO - [2026-03-18T16:52:54.443+0000] {dag.py:3239} INFO - Sync 1 DAGs
[2026-03-18T16:52:54.451+0000] {logging_mixin.py:190} INFO - [2026-03-18T16:52:54.451+0000] {dag.py:4180} INFO - Setting next_dagrun for example_dynamic_task_mapping_with_no_taskflow_operators to None, run_after=None
[2026-03-18T16:52:54.476+0000] {processor.py:208} INFO - Processing /home/komal/data-engineering-projects/airflow-spark-pipeline/airflow_venv/lib/python3.11/site-packages/airflow/example_dags/example_dynamic_task_mapping_with_no_taskflow_operators.py took 0.069 seconds
[2026-03-18T16:53:58.292+0000] {processor.py:186} INFO - Started process (PID=38670) to work on /home/komal/data-engineering-projects/airflow-spark-pipeline/airflow_venv/lib/python3.11/site-packages/airflow/example_dags/example_dynamic_task_mapping_with_no_taskflow_operators.py
[2026-03-18T16:53:58.326+0000] {processor.py:914} INFO - Processing file /home/komal/data-engineering-projects/airflow-spark-pipeline/airflow_venv/lib/python3.11/site-packages/airflow/example_dags/example_dynamic_task_mapping_with_no_taskflow_operators.py for tasks to queue
[2026-03-18T16:53:58.329+0000] {logging_mixin.py:190} INFO - [2026-03-18T16:53:58.329+0000] {dagbag.py:588} INFO - Filling up the DagBag from /home/komal/data-engineering-projects/airflow-spark-pipeline/airflow_venv/lib/python3.11/site-packages/airflow/example_dags/example_dynamic_task_mapping_with_no_taskflow_operators.py
[2026-03-18T16:53:58.343+0000] {processor.py:925} INFO - DAG(s) 'example_dynamic_task_mapping_with_no_taskflow_operators' retrieved from /home/komal/data-engineering-projects/airflow-spark-pipeline/airflow_venv/lib/python3.11/site-packages/airflow/example_dags/example_dynamic_task_mapping_with_no_taskflow_operators.py
[2026-03-18T16:53:58.356+0000] {logging_mixin.py:190} INFO - [2026-03-18T16:53:58.352+0000] {dag.py:3239} INFO - Sync 1 DAGs
[2026-03-18T16:53:58.365+0000] {logging_mixin.py:190} INFO - [2026-03-18T16:53:58.365+0000] {dag.py:4180} INFO - Setting next_dagrun for example_dynamic_task_mapping_with_no_taskflow_operators to None, run_after=None
[2026-03-18T16:53:58.415+0000] {processor.py:208} INFO - Processing /home/komal/data-engineering-projects/airflow-spark-pipeline/airflow_venv/lib/python3.11/site-packages/airflow/example_dags/example_dynamic_task_mapping_with_no_taskflow_operators.py took 0.131 seconds
[2026-03-18T16:55:05.087+0000] {processor.py:186} INFO - Started process (PID=38738) to work on /home/komal/data-engineering-projects/airflow-spark-pipeline/airflow_venv/lib/python3.11/site-packages/airflow/example_dags/example_dynamic_task_mapping_with_no_taskflow_operators.py
[2026-03-18T16:55:05.119+0000] {processor.py:914} INFO - Processing file /home/komal/data-engineering-projects/airflow-spark-pipeline/airflow_venv/lib/python3.11/site-packages/airflow/example_dags/example_dynamic_task_mapping_with_no_taskflow_operators.py for tasks to queue
[2026-03-18T16:55:05.122+0000] {logging_mixin.py:190} INFO - [2026-03-18T16:55:05.121+0000] {dagbag.py:588} INFO - Filling up the DagBag from /home/komal/data-engineering-projects/airflow-spark-pipeline/airflow_venv/lib/python3.11/site-packages/airflow/example_dags/example_dynamic_task_mapping_with_no_taskflow_operators.py
[2026-03-18T16:55:05.135+0000] {processor.py:925} INFO - DAG(s) 'example_dynamic_task_mapping_with_no_taskflow_operators' retrieved from /home/komal/data-engineering-projects/airflow-spark-pipeline/airflow_venv/lib/python3.11/site-packages/airflow/example_dags/example_dynamic_task_mapping_with_no_taskflow_operators.py
[2026-03-18T16:55:05.148+0000] {logging_mixin.py:190} INFO - [2026-03-18T16:55:05.147+0000] {dag.py:3239} INFO - Sync 1 DAGs
[2026-03-18T16:55:05.157+0000] {logging_mixin.py:190} INFO - [2026-03-18T16:55:05.157+0000] {dag.py:4180} INFO - Setting next_dagrun for example_dynamic_task_mapping_with_no_taskflow_operators to None, run_after=None
[2026-03-18T16:55:05.221+0000] {processor.py:208} INFO - Processing /home/komal/data-engineering-projects/airflow-spark-pipeline/airflow_venv/lib/python3.11/site-packages/airflow/example_dags/example_dynamic_task_mapping_with_no_taskflow_operators.py took 0.144 seconds
[2026-03-18T16:56:14.293+0000] {processor.py:186} INFO - Started process (PID=38809) to work on /home/komal/data-engineering-projects/airflow-spark-pipeline/airflow_venv/lib/python3.11/site-packages/airflow/example_dags/example_dynamic_task_mapping_with_no_taskflow_operators.py
[2026-03-18T16:56:14.325+0000] {processor.py:914} INFO - Processing file /home/komal/data-engineering-projects/airflow-spark-pipeline/airflow_venv/lib/python3.11/site-packages/airflow/example_dags/example_dynamic_task_mapping_with_no_taskflow_operators.py for tasks to queue
[2026-03-18T16:56:14.329+0000] {logging_mixin.py:190} INFO - [2026-03-18T16:56:14.328+0000] {dagbag.py:588} INFO - Filling up the DagBag from /home/komal/data-engineering-projects/airflow-spark-pipeline/airflow_venv/lib/python3.11/site-packages/airflow/example_dags/example_dynamic_task_mapping_with_no_taskflow_operators.py
[2026-03-18T16:56:14.341+0000] {processor.py:925} INFO - DAG(s) 'example_dynamic_task_mapping_with_no_taskflow_operators' retrieved from /home/komal/data-engineering-projects/airflow-spark-pipeline/airflow_venv/lib/python3.11/site-packages/airflow/example_dags/example_dynamic_task_mapping_with_no_taskflow_operators.py
[2026-03-18T16:56:14.354+0000] {logging_mixin.py:190} INFO - [2026-03-18T16:56:14.354+0000] {dag.py:3239} INFO - Sync 1 DAGs
[2026-03-18T16:56:14.362+0000] {logging_mixin.py:190} INFO - [2026-03-18T16:56:14.362+0000] {dag.py:4180} INFO - Setting next_dagrun for example_dynamic_task_mapping_with_no_taskflow_operators to None, run_after=None
[2026-03-18T16:56:14.384+0000] {processor.py:208} INFO - Processing /home/komal/data-engineering-projects/airflow-spark-pipeline/airflow_venv/lib/python3.11/site-packages/airflow/example_dags/example_dynamic_task_mapping_with_no_taskflow_operators.py took 0.099 seconds
[2026-03-18T17:44:40.853+0000] {processor.py:186} INFO - Started process (PID=38883) to work on /home/komal/data-engineering-projects/airflow-spark-pipeline/airflow_venv/lib/python3.11/site-packages/airflow/example_dags/example_dynamic_task_mapping_with_no_taskflow_operators.py
[2026-03-18T17:44:40.870+0000] {processor.py:914} INFO - Processing file /home/komal/data-engineering-projects/airflow-spark-pipeline/airflow_venv/lib/python3.11/site-packages/airflow/example_dags/example_dynamic_task_mapping_with_no_taskflow_operators.py for tasks to queue
[2026-03-18T17:44:40.871+0000] {logging_mixin.py:190} INFO - [2026-03-18T17:44:40.871+0000] {dagbag.py:588} INFO - Filling up the DagBag from /home/komal/data-engineering-projects/airflow-spark-pipeline/airflow_venv/lib/python3.11/site-packages/airflow/example_dags/example_dynamic_task_mapping_with_no_taskflow_operators.py
[2026-03-18T17:44:40.878+0000] {processor.py:925} INFO - DAG(s) 'example_dynamic_task_mapping_with_no_taskflow_operators' retrieved from /home/komal/data-engineering-projects/airflow-spark-pipeline/airflow_venv/lib/python3.11/site-packages/airflow/example_dags/example_dynamic_task_mapping_with_no_taskflow_operators.py
[2026-03-18T17:44:40.890+0000] {logging_mixin.py:190} INFO - [2026-03-18T17:44:40.890+0000] {dag.py:3239} INFO - Sync 1 DAGs
[2026-03-18T17:44:40.899+0000] {logging_mixin.py:190} INFO - [2026-03-18T17:44:40.899+0000] {dag.py:4180} INFO - Setting next_dagrun for example_dynamic_task_mapping_with_no_taskflow_operators to None, run_after=None
[2026-03-18T17:44:40.917+0000] {processor.py:208} INFO - Processing /home/komal/data-engineering-projects/airflow-spark-pipeline/airflow_venv/lib/python3.11/site-packages/airflow/example_dags/example_dynamic_task_mapping_with_no_taskflow_operators.py took 0.070 seconds
[2026-03-18T17:45:55.863+0000] {processor.py:186} INFO - Started process (PID=38964) to work on /home/komal/data-engineering-projects/airflow-spark-pipeline/airflow_venv/lib/python3.11/site-packages/airflow/example_dags/example_dynamic_task_mapping_with_no_taskflow_operators.py
[2026-03-18T17:45:55.894+0000] {processor.py:914} INFO - Processing file /home/komal/data-engineering-projects/airflow-spark-pipeline/airflow_venv/lib/python3.11/site-packages/airflow/example_dags/example_dynamic_task_mapping_with_no_taskflow_operators.py for tasks to queue
[2026-03-18T17:45:55.897+0000] {logging_mixin.py:190} INFO - [2026-03-18T17:45:55.897+0000] {dagbag.py:588} INFO - Filling up the DagBag from /home/komal/data-engineering-projects/airflow-spark-pipeline/airflow_venv/lib/python3.11/site-packages/airflow/example_dags/example_dynamic_task_mapping_with_no_taskflow_operators.py
[2026-03-18T17:45:55.909+0000] {processor.py:925} INFO - DAG(s) 'example_dynamic_task_mapping_with_no_taskflow_operators' retrieved from /home/komal/data-engineering-projects/airflow-spark-pipeline/airflow_venv/lib/python3.11/site-packages/airflow/example_dags/example_dynamic_task_mapping_with_no_taskflow_operators.py
[2026-03-18T17:45:55.929+0000] {logging_mixin.py:190} INFO - [2026-03-18T17:45:55.928+0000] {dag.py:3239} INFO - Sync 1 DAGs
[2026-03-18T17:45:55.939+0000] {logging_mixin.py:190} INFO - [2026-03-18T17:45:55.939+0000] {dag.py:4180} INFO - Setting next_dagrun for example_dynamic_task_mapping_with_no_taskflow_operators to None, run_after=None
[2026-03-18T17:45:55.974+0000] {processor.py:208} INFO - Processing /home/komal/data-engineering-projects/airflow-spark-pipeline/airflow_venv/lib/python3.11/site-packages/airflow/example_dags/example_dynamic_task_mapping_with_no_taskflow_operators.py took 0.122 seconds
[2026-03-18T17:47:02.337+0000] {processor.py:186} INFO - Started process (PID=39038) to work on /home/komal/data-engineering-projects/airflow-spark-pipeline/airflow_venv/lib/python3.11/site-packages/airflow/example_dags/example_dynamic_task_mapping_with_no_taskflow_operators.py
[2026-03-18T17:47:02.370+0000] {processor.py:914} INFO - Processing file /home/komal/data-engineering-projects/airflow-spark-pipeline/airflow_venv/lib/python3.11/site-packages/airflow/example_dags/example_dynamic_task_mapping_with_no_taskflow_operators.py for tasks to queue
[2026-03-18T17:47:02.371+0000] {logging_mixin.py:190} INFO - [2026-03-18T17:47:02.371+0000] {dagbag.py:588} INFO - Filling up the DagBag from /home/komal/data-engineering-projects/airflow-spark-pipeline/airflow_venv/lib/python3.11/site-packages/airflow/example_dags/example_dynamic_task_mapping_with_no_taskflow_operators.py
[2026-03-18T17:47:02.379+0000] {processor.py:925} INFO - DAG(s) 'example_dynamic_task_mapping_with_no_taskflow_operators' retrieved from /home/komal/data-engineering-projects/airflow-spark-pipeline/airflow_venv/lib/python3.11/site-packages/airflow/example_dags/example_dynamic_task_mapping_with_no_taskflow_operators.py
[2026-03-18T17:47:02.409+0000] {logging_mixin.py:190} INFO - [2026-03-18T17:47:02.409+0000] {dag.py:3239} INFO - Sync 1 DAGs
[2026-03-18T17:47:02.429+0000] {logging_mixin.py:190} INFO - [2026-03-18T17:47:02.428+0000] {dag.py:4180} INFO - Setting next_dagrun for example_dynamic_task_mapping_with_no_taskflow_operators to None, run_after=None
[2026-03-18T17:47:02.715+0000] {processor.py:208} INFO - Processing /home/komal/data-engineering-projects/airflow-spark-pipeline/airflow_venv/lib/python3.11/site-packages/airflow/example_dags/example_dynamic_task_mapping_with_no_taskflow_operators.py took 0.394 seconds
[2026-03-18T17:48:08.256+0000] {processor.py:186} INFO - Started process (PID=39101) to work on /home/komal/data-engineering-projects/airflow-spark-pipeline/airflow_venv/lib/python3.11/site-packages/airflow/example_dags/example_dynamic_task_mapping_with_no_taskflow_operators.py
[2026-03-18T17:48:08.289+0000] {processor.py:914} INFO - Processing file /home/komal/data-engineering-projects/airflow-spark-pipeline/airflow_venv/lib/python3.11/site-packages/airflow/example_dags/example_dynamic_task_mapping_with_no_taskflow_operators.py for tasks to queue
[2026-03-18T17:48:08.292+0000] {logging_mixin.py:190} INFO - [2026-03-18T17:48:08.292+0000] {dagbag.py:588} INFO - Filling up the DagBag from /home/komal/data-engineering-projects/airflow-spark-pipeline/airflow_venv/lib/python3.11/site-packages/airflow/example_dags/example_dynamic_task_mapping_with_no_taskflow_operators.py
[2026-03-18T17:48:08.305+0000] {processor.py:925} INFO - DAG(s) 'example_dynamic_task_mapping_with_no_taskflow_operators' retrieved from /home/komal/data-engineering-projects/airflow-spark-pipeline/airflow_venv/lib/python3.11/site-packages/airflow/example_dags/example_dynamic_task_mapping_with_no_taskflow_operators.py
[2026-03-18T17:48:08.317+0000] {logging_mixin.py:190} INFO - [2026-03-18T17:48:08.316+0000] {dag.py:3239} INFO - Sync 1 DAGs
[2026-03-18T17:48:08.324+0000] {logging_mixin.py:190} INFO - [2026-03-18T17:48:08.324+0000] {dag.py:4180} INFO - Setting next_dagrun for example_dynamic_task_mapping_with_no_taskflow_operators to None, run_after=None
[2026-03-18T17:48:08.347+0000] {processor.py:208} INFO - Processing /home/komal/data-engineering-projects/airflow-spark-pipeline/airflow_venv/lib/python3.11/site-packages/airflow/example_dags/example_dynamic_task_mapping_with_no_taskflow_operators.py took 0.102 seconds
[2026-03-18T17:49:18.184+0000] {processor.py:186} INFO - Started process (PID=39164) to work on /home/komal/data-engineering-projects/airflow-spark-pipeline/airflow_venv/lib/python3.11/site-packages/airflow/example_dags/example_dynamic_task_mapping_with_no_taskflow_operators.py
[2026-03-18T17:49:18.217+0000] {processor.py:914} INFO - Processing file /home/komal/data-engineering-projects/airflow-spark-pipeline/airflow_venv/lib/python3.11/site-packages/airflow/example_dags/example_dynamic_task_mapping_with_no_taskflow_operators.py for tasks to queue
[2026-03-18T17:49:18.223+0000] {logging_mixin.py:190} INFO - [2026-03-18T17:49:18.223+0000] {dagbag.py:588} INFO - Filling up the DagBag from /home/komal/data-engineering-projects/airflow-spark-pipeline/airflow_venv/lib/python3.11/site-packages/airflow/example_dags/example_dynamic_task_mapping_with_no_taskflow_operators.py
[2026-03-18T17:49:18.239+0000] {processor.py:925} INFO - DAG(s) 'example_dynamic_task_mapping_with_no_taskflow_operators' retrieved from /home/komal/data-engineering-projects/airflow-spark-pipeline/airflow_venv/lib/python3.11/site-packages/airflow/example_dags/example_dynamic_task_mapping_with_no_taskflow_operators.py
[2026-03-18T17:49:18.251+0000] {logging_mixin.py:190} INFO - [2026-03-18T17:49:18.251+0000] {dag.py:3239} INFO - Sync 1 DAGs
[2026-03-18T17:49:18.259+0000] {logging_mixin.py:190} INFO - [2026-03-18T17:49:18.259+0000] {dag.py:4180} INFO - Setting next_dagrun for example_dynamic_task_mapping_with_no_taskflow_operators to None, run_after=None
[2026-03-18T17:49:18.284+0000] {processor.py:208} INFO - Processing /home/komal/data-engineering-projects/airflow-spark-pipeline/airflow_venv/lib/python3.11/site-packages/airflow/example_dags/example_dynamic_task_mapping_with_no_taskflow_operators.py took 0.111 seconds
[2026-03-18T17:55:11.800+0000] {processor.py:186} INFO - Started process (PID=39230) to work on /home/komal/data-engineering-projects/airflow-spark-pipeline/airflow_venv/lib/python3.11/site-packages/airflow/example_dags/example_dynamic_task_mapping_with_no_taskflow_operators.py
[2026-03-18T17:55:11.801+0000] {processor.py:914} INFO - Processing file /home/komal/data-engineering-projects/airflow-spark-pipeline/airflow_venv/lib/python3.11/site-packages/airflow/example_dags/example_dynamic_task_mapping_with_no_taskflow_operators.py for tasks to queue
[2026-03-18T17:55:11.802+0000] {logging_mixin.py:190} INFO - [2026-03-18T17:55:11.802+0000] {dagbag.py:588} INFO - Filling up the DagBag from /home/komal/data-engineering-projects/airflow-spark-pipeline/airflow_venv/lib/python3.11/site-packages/airflow/example_dags/example_dynamic_task_mapping_with_no_taskflow_operators.py
[2026-03-18T17:55:11.811+0000] {processor.py:925} INFO - DAG(s) 'example_dynamic_task_mapping_with_no_taskflow_operators' retrieved from /home/komal/data-engineering-projects/airflow-spark-pipeline/airflow_venv/lib/python3.11/site-packages/airflow/example_dags/example_dynamic_task_mapping_with_no_taskflow_operators.py
[2026-03-18T17:55:11.821+0000] {logging_mixin.py:190} INFO - [2026-03-18T17:55:11.821+0000] {dag.py:3239} INFO - Sync 1 DAGs
[2026-03-18T17:55:11.831+0000] {logging_mixin.py:190} INFO - [2026-03-18T17:55:11.831+0000] {dag.py:4180} INFO - Setting next_dagrun for example_dynamic_task_mapping_with_no_taskflow_operators to None, run_after=None
[2026-03-18T17:55:11.902+0000] {processor.py:208} INFO - Processing /home/komal/data-engineering-projects/airflow-spark-pipeline/airflow_venv/lib/python3.11/site-packages/airflow/example_dags/example_dynamic_task_mapping_with_no_taskflow_operators.py took 0.107 seconds
[2026-03-18T17:56:29.489+0000] {processor.py:186} INFO - Started process (PID=39335) to work on /home/komal/data-engineering-projects/airflow-spark-pipeline/airflow_venv/lib/python3.11/site-packages/airflow/example_dags/example_dynamic_task_mapping_with_no_taskflow_operators.py
[2026-03-18T17:56:29.492+0000] {processor.py:914} INFO - Processing file /home/komal/data-engineering-projects/airflow-spark-pipeline/airflow_venv/lib/python3.11/site-packages/airflow/example_dags/example_dynamic_task_mapping_with_no_taskflow_operators.py for tasks to queue
[2026-03-18T17:56:29.494+0000] {logging_mixin.py:190} INFO - [2026-03-18T17:56:29.494+0000] {dagbag.py:588} INFO - Filling up the DagBag from /home/komal/data-engineering-projects/airflow-spark-pipeline/airflow_venv/lib/python3.11/site-packages/airflow/example_dags/example_dynamic_task_mapping_with_no_taskflow_operators.py
[2026-03-18T17:56:29.502+0000] {processor.py:925} INFO - DAG(s) 'example_dynamic_task_mapping_with_no_taskflow_operators' retrieved from /home/komal/data-engineering-projects/airflow-spark-pipeline/airflow_venv/lib/python3.11/site-packages/airflow/example_dags/example_dynamic_task_mapping_with_no_taskflow_operators.py
[2026-03-18T17:56:29.518+0000] {logging_mixin.py:190} INFO - [2026-03-18T17:56:29.518+0000] {dag.py:3239} INFO - Sync 1 DAGs
[2026-03-18T17:56:29.533+0000] {logging_mixin.py:190} INFO - [2026-03-18T17:56:29.533+0000] {dag.py:4180} INFO - Setting next_dagrun for example_dynamic_task_mapping_with_no_taskflow_operators to None, run_after=None
[2026-03-18T17:56:29.560+0000] {processor.py:208} INFO - Processing /home/komal/data-engineering-projects/airflow-spark-pipeline/airflow_venv/lib/python3.11/site-packages/airflow/example_dags/example_dynamic_task_mapping_with_no_taskflow_operators.py took 0.077 seconds
[2026-03-18T17:57:34.082+0000] {processor.py:186} INFO - Started process (PID=39397) to work on /home/komal/data-engineering-projects/airflow-spark-pipeline/airflow_venv/lib/python3.11/site-packages/airflow/example_dags/example_dynamic_task_mapping_with_no_taskflow_operators.py
[2026-03-18T17:57:34.104+0000] {processor.py:914} INFO - Processing file /home/komal/data-engineering-projects/airflow-spark-pipeline/airflow_venv/lib/python3.11/site-packages/airflow/example_dags/example_dynamic_task_mapping_with_no_taskflow_operators.py for tasks to queue
[2026-03-18T17:57:34.107+0000] {logging_mixin.py:190} INFO - [2026-03-18T17:57:34.106+0000] {dagbag.py:588} INFO - Filling up the DagBag from /home/komal/data-engineering-projects/airflow-spark-pipeline/airflow_venv/lib/python3.11/site-packages/airflow/example_dags/example_dynamic_task_mapping_with_no_taskflow_operators.py
[2026-03-18T17:57:34.118+0000] {processor.py:925} INFO - DAG(s) 'example_dynamic_task_mapping_with_no_taskflow_operators' retrieved from /home/komal/data-engineering-projects/airflow-spark-pipeline/airflow_venv/lib/python3.11/site-packages/airflow/example_dags/example_dynamic_task_mapping_with_no_taskflow_operators.py
[2026-03-18T17:57:34.157+0000] {logging_mixin.py:190} INFO - [2026-03-18T17:57:34.157+0000] {dag.py:3239} INFO - Sync 1 DAGs
[2026-03-18T17:57:34.168+0000] {logging_mixin.py:190} INFO - [2026-03-18T17:57:34.168+0000] {dag.py:4180} INFO - Setting next_dagrun for example_dynamic_task_mapping_with_no_taskflow_operators to None, run_after=None
[2026-03-18T17:57:34.230+0000] {processor.py:208} INFO - Processing /home/komal/data-engineering-projects/airflow-spark-pipeline/airflow_venv/lib/python3.11/site-packages/airflow/example_dags/example_dynamic_task_mapping_with_no_taskflow_operators.py took 0.156 seconds
[2026-03-18T17:58:36.883+0000] {processor.py:186} INFO - Started process (PID=39459) to work on /home/komal/data-engineering-projects/airflow-spark-pipeline/airflow_venv/lib/python3.11/site-packages/airflow/example_dags/example_dynamic_task_mapping_with_no_taskflow_operators.py
[2026-03-18T17:58:36.885+0000] {processor.py:914} INFO - Processing file /home/komal/data-engineering-projects/airflow-spark-pipeline/airflow_venv/lib/python3.11/site-packages/airflow/example_dags/example_dynamic_task_mapping_with_no_taskflow_operators.py for tasks to queue
[2026-03-18T17:58:36.888+0000] {logging_mixin.py:190} INFO - [2026-03-18T17:58:36.888+0000] {dagbag.py:588} INFO - Filling up the DagBag from /home/komal/data-engineering-projects/airflow-spark-pipeline/airflow_venv/lib/python3.11/site-packages/airflow/example_dags/example_dynamic_task_mapping_with_no_taskflow_operators.py
[2026-03-18T17:58:36.904+0000] {processor.py:925} INFO - DAG(s) 'example_dynamic_task_mapping_with_no_taskflow_operators' retrieved from /home/komal/data-engineering-projects/airflow-spark-pipeline/airflow_venv/lib/python3.11/site-packages/airflow/example_dags/example_dynamic_task_mapping_with_no_taskflow_operators.py
[2026-03-18T17:58:36.921+0000] {logging_mixin.py:190} INFO - [2026-03-18T17:58:36.921+0000] {dag.py:3239} INFO - Sync 1 DAGs
[2026-03-18T17:58:36.935+0000] {logging_mixin.py:190} INFO - [2026-03-18T17:58:36.935+0000] {dag.py:4180} INFO - Setting next_dagrun for example_dynamic_task_mapping_with_no_taskflow_operators to None, run_after=None
[2026-03-18T17:58:36.964+0000] {processor.py:208} INFO - Processing /home/komal/data-engineering-projects/airflow-spark-pipeline/airflow_venv/lib/python3.11/site-packages/airflow/example_dags/example_dynamic_task_mapping_with_no_taskflow_operators.py took 0.094 seconds
[2026-03-18T17:59:40.082+0000] {processor.py:186} INFO - Started process (PID=39522) to work on /home/komal/data-engineering-projects/airflow-spark-pipeline/airflow_venv/lib/python3.11/site-packages/airflow/example_dags/example_dynamic_task_mapping_with_no_taskflow_operators.py
[2026-03-18T17:59:40.085+0000] {processor.py:914} INFO - Processing file /home/komal/data-engineering-projects/airflow-spark-pipeline/airflow_venv/lib/python3.11/site-packages/airflow/example_dags/example_dynamic_task_mapping_with_no_taskflow_operators.py for tasks to queue
[2026-03-18T17:59:40.088+0000] {logging_mixin.py:190} INFO - [2026-03-18T17:59:40.087+0000] {dagbag.py:588} INFO - Filling up the DagBag from /home/komal/data-engineering-projects/airflow-spark-pipeline/airflow_venv/lib/python3.11/site-packages/airflow/example_dags/example_dynamic_task_mapping_with_no_taskflow_operators.py
[2026-03-18T17:59:40.101+0000] {processor.py:925} INFO - DAG(s) 'example_dynamic_task_mapping_with_no_taskflow_operators' retrieved from /home/komal/data-engineering-projects/airflow-spark-pipeline/airflow_venv/lib/python3.11/site-packages/airflow/example_dags/example_dynamic_task_mapping_with_no_taskflow_operators.py
[2026-03-18T17:59:40.121+0000] {logging_mixin.py:190} INFO - [2026-03-18T17:59:40.121+0000] {dag.py:3239} INFO - Sync 1 DAGs
[2026-03-18T17:59:40.133+0000] {logging_mixin.py:190} INFO - [2026-03-18T17:59:40.133+0000] {dag.py:4180} INFO - Setting next_dagrun for example_dynamic_task_mapping_with_no_taskflow_operators to None, run_after=None
[2026-03-18T17:59:40.175+0000] {processor.py:208} INFO - Processing /home/komal/data-engineering-projects/airflow-spark-pipeline/airflow_venv/lib/python3.11/site-packages/airflow/example_dags/example_dynamic_task_mapping_with_no_taskflow_operators.py took 0.107 seconds
[2026-03-18T18:00:49.810+0000] {processor.py:186} INFO - Started process (PID=39589) to work on /home/komal/data-engineering-projects/airflow-spark-pipeline/airflow_venv/lib/python3.11/site-packages/airflow/example_dags/example_dynamic_task_mapping_with_no_taskflow_operators.py
[2026-03-18T18:00:49.811+0000] {processor.py:914} INFO - Processing file /home/komal/data-engineering-projects/airflow-spark-pipeline/airflow_venv/lib/python3.11/site-packages/airflow/example_dags/example_dynamic_task_mapping_with_no_taskflow_operators.py for tasks to queue
[2026-03-18T18:00:49.813+0000] {logging_mixin.py:190} INFO - [2026-03-18T18:00:49.813+0000] {dagbag.py:588} INFO - Filling up the DagBag from /home/komal/data-engineering-projects/airflow-spark-pipeline/airflow_venv/lib/python3.11/site-packages/airflow/example_dags/example_dynamic_task_mapping_with_no_taskflow_operators.py
[2026-03-18T18:00:49.821+0000] {processor.py:925} INFO - DAG(s) 'example_dynamic_task_mapping_with_no_taskflow_operators' retrieved from /home/komal/data-engineering-projects/airflow-spark-pipeline/airflow_venv/lib/python3.11/site-packages/airflow/example_dags/example_dynamic_task_mapping_with_no_taskflow_operators.py
[2026-03-18T18:00:49.831+0000] {logging_mixin.py:190} INFO - [2026-03-18T18:00:49.831+0000] {dag.py:3239} INFO - Sync 1 DAGs
[2026-03-18T18:00:49.839+0000] {logging_mixin.py:190} INFO - [2026-03-18T18:00:49.839+0000] {dag.py:4180} INFO - Setting next_dagrun for example_dynamic_task_mapping_with_no_taskflow_operators to None, run_after=None
[2026-03-18T18:00:49.917+0000] {processor.py:208} INFO - Processing /home/komal/data-engineering-projects/airflow-spark-pipeline/airflow_venv/lib/python3.11/site-packages/airflow/example_dags/example_dynamic_task_mapping_with_no_taskflow_operators.py took 0.115 seconds
[2026-03-18T18:01:57.088+0000] {processor.py:186} INFO - Started process (PID=39656) to work on /home/komal/data-engineering-projects/airflow-spark-pipeline/airflow_venv/lib/python3.11/site-packages/airflow/example_dags/example_dynamic_task_mapping_with_no_taskflow_operators.py
[2026-03-18T18:01:57.120+0000] {processor.py:914} INFO - Processing file /home/komal/data-engineering-projects/airflow-spark-pipeline/airflow_venv/lib/python3.11/site-packages/airflow/example_dags/example_dynamic_task_mapping_with_no_taskflow_operators.py for tasks to queue
[2026-03-18T18:01:57.124+0000] {logging_mixin.py:190} INFO - [2026-03-18T18:01:57.123+0000] {dagbag.py:588} INFO - Filling up the DagBag from /home/komal/data-engineering-projects/airflow-spark-pipeline/airflow_venv/lib/python3.11/site-packages/airflow/example_dags/example_dynamic_task_mapping_with_no_taskflow_operators.py
[2026-03-18T18:01:57.137+0000] {processor.py:925} INFO - DAG(s) 'example_dynamic_task_mapping_with_no_taskflow_operators' retrieved from /home/komal/data-engineering-projects/airflow-spark-pipeline/airflow_venv/lib/python3.11/site-packages/airflow/example_dags/example_dynamic_task_mapping_with_no_taskflow_operators.py
[2026-03-18T18:01:57.149+0000] {logging_mixin.py:190} INFO - [2026-03-18T18:01:57.149+0000] {dag.py:3239} INFO - Sync 1 DAGs
[2026-03-18T18:01:57.157+0000] {logging_mixin.py:190} INFO - [2026-03-18T18:01:57.157+0000] {dag.py:4180} INFO - Setting next_dagrun for example_dynamic_task_mapping_with_no_taskflow_operators to None, run_after=None
[2026-03-18T18:01:57.176+0000] {processor.py:208} INFO - Processing /home/komal/data-engineering-projects/airflow-spark-pipeline/airflow_venv/lib/python3.11/site-packages/airflow/example_dags/example_dynamic_task_mapping_with_no_taskflow_operators.py took 0.098 seconds
[2026-03-18T18:03:06.629+0000] {processor.py:186} INFO - Started process (PID=39723) to work on /home/komal/data-engineering-projects/airflow-spark-pipeline/airflow_venv/lib/python3.11/site-packages/airflow/example_dags/example_dynamic_task_mapping_with_no_taskflow_operators.py
[2026-03-18T18:03:06.630+0000] {processor.py:914} INFO - Processing file /home/komal/data-engineering-projects/airflow-spark-pipeline/airflow_venv/lib/python3.11/site-packages/airflow/example_dags/example_dynamic_task_mapping_with_no_taskflow_operators.py for tasks to queue
[2026-03-18T18:03:06.633+0000] {logging_mixin.py:190} INFO - [2026-03-18T18:03:06.631+0000] {dagbag.py:588} INFO - Filling up the DagBag from /home/komal/data-engineering-projects/airflow-spark-pipeline/airflow_venv/lib/python3.11/site-packages/airflow/example_dags/example_dynamic_task_mapping_with_no_taskflow_operators.py
[2026-03-18T18:03:06.641+0000] {processor.py:925} INFO - DAG(s) 'example_dynamic_task_mapping_with_no_taskflow_operators' retrieved from /home/komal/data-engineering-projects/airflow-spark-pipeline/airflow_venv/lib/python3.11/site-packages/airflow/example_dags/example_dynamic_task_mapping_with_no_taskflow_operators.py
[2026-03-18T18:03:06.654+0000] {logging_mixin.py:190} INFO - [2026-03-18T18:03:06.654+0000] {dag.py:3239} INFO - Sync 1 DAGs
[2026-03-18T18:03:06.664+0000] {logging_mixin.py:190} INFO - [2026-03-18T18:03:06.664+0000] {dag.py:4180} INFO - Setting next_dagrun for example_dynamic_task_mapping_with_no_taskflow_operators to None, run_after=None
[2026-03-18T18:03:06.683+0000] {processor.py:208} INFO - Processing /home/komal/data-engineering-projects/airflow-spark-pipeline/airflow_venv/lib/python3.11/site-packages/airflow/example_dags/example_dynamic_task_mapping_with_no_taskflow_operators.py took 0.059 seconds
[2026-03-18T18:04:12.675+0000] {processor.py:186} INFO - Started process (PID=39790) to work on /home/komal/data-engineering-projects/airflow-spark-pipeline/airflow_venv/lib/python3.11/site-packages/airflow/example_dags/example_dynamic_task_mapping_with_no_taskflow_operators.py
[2026-03-18T18:04:12.677+0000] {processor.py:914} INFO - Processing file /home/komal/data-engineering-projects/airflow-spark-pipeline/airflow_venv/lib/python3.11/site-packages/airflow/example_dags/example_dynamic_task_mapping_with_no_taskflow_operators.py for tasks to queue
[2026-03-18T18:04:12.679+0000] {logging_mixin.py:190} INFO - [2026-03-18T18:04:12.678+0000] {dagbag.py:588} INFO - Filling up the DagBag from /home/komal/data-engineering-projects/airflow-spark-pipeline/airflow_venv/lib/python3.11/site-packages/airflow/example_dags/example_dynamic_task_mapping_with_no_taskflow_operators.py
[2026-03-18T18:04:12.685+0000] {processor.py:925} INFO - DAG(s) 'example_dynamic_task_mapping_with_no_taskflow_operators' retrieved from /home/komal/data-engineering-projects/airflow-spark-pipeline/airflow_venv/lib/python3.11/site-packages/airflow/example_dags/example_dynamic_task_mapping_with_no_taskflow_operators.py
[2026-03-18T18:04:12.695+0000] {logging_mixin.py:190} INFO - [2026-03-18T18:04:12.695+0000] {dag.py:3239} INFO - Sync 1 DAGs
[2026-03-18T18:04:12.703+0000] {logging_mixin.py:190} INFO - [2026-03-18T18:04:12.703+0000] {dag.py:4180} INFO - Setting next_dagrun for example_dynamic_task_mapping_with_no_taskflow_operators to None, run_after=None
[2026-03-18T18:04:12.746+0000] {processor.py:208} INFO - Processing /home/komal/data-engineering-projects/airflow-spark-pipeline/airflow_venv/lib/python3.11/site-packages/airflow/example_dags/example_dynamic_task_mapping_with_no_taskflow_operators.py took 0.075 seconds
[2026-03-18T18:05:17.740+0000] {processor.py:186} INFO - Started process (PID=39853) to work on /home/komal/data-engineering-projects/airflow-spark-pipeline/airflow_venv/lib/python3.11/site-packages/airflow/example_dags/example_dynamic_task_mapping_with_no_taskflow_operators.py
[2026-03-18T18:05:17.773+0000] {processor.py:914} INFO - Processing file /home/komal/data-engineering-projects/airflow-spark-pipeline/airflow_venv/lib/python3.11/site-packages/airflow/example_dags/example_dynamic_task_mapping_with_no_taskflow_operators.py for tasks to queue
[2026-03-18T18:05:17.776+0000] {logging_mixin.py:190} INFO - [2026-03-18T18:05:17.775+0000] {dagbag.py:588} INFO - Filling up the DagBag from /home/komal/data-engineering-projects/airflow-spark-pipeline/airflow_venv/lib/python3.11/site-packages/airflow/example_dags/example_dynamic_task_mapping_with_no_taskflow_operators.py
[2026-03-18T18:05:17.789+0000] {processor.py:925} INFO - DAG(s) 'example_dynamic_task_mapping_with_no_taskflow_operators' retrieved from /home/komal/data-engineering-projects/airflow-spark-pipeline/airflow_venv/lib/python3.11/site-packages/airflow/example_dags/example_dynamic_task_mapping_with_no_taskflow_operators.py
[2026-03-18T18:05:17.800+0000] {logging_mixin.py:190} INFO - [2026-03-18T18:05:17.800+0000] {dag.py:3239} INFO - Sync 1 DAGs
[2026-03-18T18:05:17.808+0000] {logging_mixin.py:190} INFO - [2026-03-18T18:05:17.808+0000] {dag.py:4180} INFO - Setting next_dagrun for example_dynamic_task_mapping_with_no_taskflow_operators to None, run_after=None
[2026-03-18T18:05:17.828+0000] {processor.py:208} INFO - Processing /home/komal/data-engineering-projects/airflow-spark-pipeline/airflow_venv/lib/python3.11/site-packages/airflow/example_dags/example_dynamic_task_mapping_with_no_taskflow_operators.py took 0.094 seconds
[2026-03-18T18:06:26.989+0000] {processor.py:186} INFO - Started process (PID=39919) to work on /home/komal/data-engineering-projects/airflow-spark-pipeline/airflow_venv/lib/python3.11/site-packages/airflow/example_dags/example_dynamic_task_mapping_with_no_taskflow_operators.py
[2026-03-18T18:06:27.022+0000] {processor.py:914} INFO - Processing file /home/komal/data-engineering-projects/airflow-spark-pipeline/airflow_venv/lib/python3.11/site-packages/airflow/example_dags/example_dynamic_task_mapping_with_no_taskflow_operators.py for tasks to queue
[2026-03-18T18:06:27.025+0000] {logging_mixin.py:190} INFO - [2026-03-18T18:06:27.024+0000] {dagbag.py:588} INFO - Filling up the DagBag from /home/komal/data-engineering-projects/airflow-spark-pipeline/airflow_venv/lib/python3.11/site-packages/airflow/example_dags/example_dynamic_task_mapping_with_no_taskflow_operators.py
[2026-03-18T18:06:27.032+0000] {processor.py:925} INFO - DAG(s) 'example_dynamic_task_mapping_with_no_taskflow_operators' retrieved from /home/komal/data-engineering-projects/airflow-spark-pipeline/airflow_venv/lib/python3.11/site-packages/airflow/example_dags/example_dynamic_task_mapping_with_no_taskflow_operators.py
[2026-03-18T18:06:27.054+0000] {logging_mixin.py:190} INFO - [2026-03-18T18:06:27.053+0000] {dag.py:3239} INFO - Sync 1 DAGs
[2026-03-18T18:06:27.064+0000] {logging_mixin.py:190} INFO - [2026-03-18T18:06:27.063+0000] {dag.py:4180} INFO - Setting next_dagrun for example_dynamic_task_mapping_with_no_taskflow_operators to None, run_after=None
[2026-03-18T18:06:27.137+0000] {processor.py:208} INFO - Processing /home/komal/data-engineering-projects/airflow-spark-pipeline/airflow_venv/lib/python3.11/site-packages/airflow/example_dags/example_dynamic_task_mapping_with_no_taskflow_operators.py took 0.155 seconds
[2026-03-18T18:07:35.349+0000] {processor.py:186} INFO - Started process (PID=39986) to work on /home/komal/data-engineering-projects/airflow-spark-pipeline/airflow_venv/lib/python3.11/site-packages/airflow/example_dags/example_dynamic_task_mapping_with_no_taskflow_operators.py
[2026-03-18T18:07:35.367+0000] {processor.py:914} INFO - Processing file /home/komal/data-engineering-projects/airflow-spark-pipeline/airflow_venv/lib/python3.11/site-packages/airflow/example_dags/example_dynamic_task_mapping_with_no_taskflow_operators.py for tasks to queue
[2026-03-18T18:07:35.371+0000] {logging_mixin.py:190} INFO - [2026-03-18T18:07:35.370+0000] {dagbag.py:588} INFO - Filling up the DagBag from /home/komal/data-engineering-projects/airflow-spark-pipeline/airflow_venv/lib/python3.11/site-packages/airflow/example_dags/example_dynamic_task_mapping_with_no_taskflow_operators.py
[2026-03-18T18:07:35.385+0000] {processor.py:925} INFO - DAG(s) 'example_dynamic_task_mapping_with_no_taskflow_operators' retrieved from /home/komal/data-engineering-projects/airflow-spark-pipeline/airflow_venv/lib/python3.11/site-packages/airflow/example_dags/example_dynamic_task_mapping_with_no_taskflow_operators.py
[2026-03-18T18:07:35.397+0000] {logging_mixin.py:190} INFO - [2026-03-18T18:07:35.396+0000] {dag.py:3239} INFO - Sync 1 DAGs
[2026-03-18T18:07:35.405+0000] {logging_mixin.py:190} INFO - [2026-03-18T18:07:35.405+0000] {dag.py:4180} INFO - Setting next_dagrun for example_dynamic_task_mapping_with_no_taskflow_operators to None, run_after=None
[2026-03-18T18:07:35.427+0000] {processor.py:208} INFO - Processing /home/komal/data-engineering-projects/airflow-spark-pipeline/airflow_venv/lib/python3.11/site-packages/airflow/example_dags/example_dynamic_task_mapping_with_no_taskflow_operators.py took 0.090 seconds
[2026-03-18T18:08:42.586+0000] {processor.py:186} INFO - Started process (PID=40050) to work on /home/komal/data-engineering-projects/airflow-spark-pipeline/airflow_venv/lib/python3.11/site-packages/airflow/example_dags/example_dynamic_task_mapping_with_no_taskflow_operators.py
[2026-03-18T18:08:42.587+0000] {processor.py:914} INFO - Processing file /home/komal/data-engineering-projects/airflow-spark-pipeline/airflow_venv/lib/python3.11/site-packages/airflow/example_dags/example_dynamic_task_mapping_with_no_taskflow_operators.py for tasks to queue
[2026-03-18T18:08:42.589+0000] {logging_mixin.py:190} INFO - [2026-03-18T18:08:42.589+0000] {dagbag.py:588} INFO - Filling up the DagBag from /home/komal/data-engineering-projects/airflow-spark-pipeline/airflow_venv/lib/python3.11/site-packages/airflow/example_dags/example_dynamic_task_mapping_with_no_taskflow_operators.py
[2026-03-18T18:08:42.597+0000] {processor.py:925} INFO - DAG(s) 'example_dynamic_task_mapping_with_no_taskflow_operators' retrieved from /home/komal/data-engineering-projects/airflow-spark-pipeline/airflow_venv/lib/python3.11/site-packages/airflow/example_dags/example_dynamic_task_mapping_with_no_taskflow_operators.py
[2026-03-18T18:08:42.608+0000] {logging_mixin.py:190} INFO - [2026-03-18T18:08:42.608+0000] {dag.py:3239} INFO - Sync 1 DAGs
[2026-03-18T18:08:42.617+0000] {logging_mixin.py:190} INFO - [2026-03-18T18:08:42.616+0000] {dag.py:4180} INFO - Setting next_dagrun for example_dynamic_task_mapping_with_no_taskflow_operators to None, run_after=None
[2026-03-18T18:08:42.641+0000] {processor.py:208} INFO - Processing /home/komal/data-engineering-projects/airflow-spark-pipeline/airflow_venv/lib/python3.11/site-packages/airflow/example_dags/example_dynamic_task_mapping_with_no_taskflow_operators.py took 0.059 seconds
[2026-03-18T18:09:49.327+0000] {processor.py:186} INFO - Started process (PID=40114) to work on /home/komal/data-engineering-projects/airflow-spark-pipeline/airflow_venv/lib/python3.11/site-packages/airflow/example_dags/example_dynamic_task_mapping_with_no_taskflow_operators.py
[2026-03-18T18:09:49.330+0000] {processor.py:914} INFO - Processing file /home/komal/data-engineering-projects/airflow-spark-pipeline/airflow_venv/lib/python3.11/site-packages/airflow/example_dags/example_dynamic_task_mapping_with_no_taskflow_operators.py for tasks to queue
[2026-03-18T18:09:49.335+0000] {logging_mixin.py:190} INFO - [2026-03-18T18:09:49.334+0000] {dagbag.py:588} INFO - Filling up the DagBag from /home/komal/data-engineering-projects/airflow-spark-pipeline/airflow_venv/lib/python3.11/site-packages/airflow/example_dags/example_dynamic_task_mapping_with_no_taskflow_operators.py
[2026-03-18T18:09:49.343+0000] {processor.py:925} INFO - DAG(s) 'example_dynamic_task_mapping_with_no_taskflow_operators' retrieved from /home/komal/data-engineering-projects/airflow-spark-pipeline/airflow_venv/lib/python3.11/site-packages/airflow/example_dags/example_dynamic_task_mapping_with_no_taskflow_operators.py
[2026-03-18T18:09:49.359+0000] {logging_mixin.py:190} INFO - [2026-03-18T18:09:49.358+0000] {dag.py:3239} INFO - Sync 1 DAGs
[2026-03-18T18:09:49.368+0000] {logging_mixin.py:190} INFO - [2026-03-18T18:09:49.368+0000] {dag.py:4180} INFO - Setting next_dagrun for example_dynamic_task_mapping_with_no_taskflow_operators to None, run_after=None
[2026-03-18T18:09:49.398+0000] {processor.py:208} INFO - Processing /home/komal/data-engineering-projects/airflow-spark-pipeline/airflow_venv/lib/python3.11/site-packages/airflow/example_dags/example_dynamic_task_mapping_with_no_taskflow_operators.py took 0.074 seconds
[2026-03-18T18:10:57.500+0000] {processor.py:186} INFO - Started process (PID=40177) to work on /home/komal/data-engineering-projects/airflow-spark-pipeline/airflow_venv/lib/python3.11/site-packages/airflow/example_dags/example_dynamic_task_mapping_with_no_taskflow_operators.py
[2026-03-18T18:10:57.501+0000] {processor.py:914} INFO - Processing file /home/komal/data-engineering-projects/airflow-spark-pipeline/airflow_venv/lib/python3.11/site-packages/airflow/example_dags/example_dynamic_task_mapping_with_no_taskflow_operators.py for tasks to queue
[2026-03-18T18:10:57.504+0000] {logging_mixin.py:190} INFO - [2026-03-18T18:10:57.504+0000] {dagbag.py:588} INFO - Filling up the DagBag from /home/komal/data-engineering-projects/airflow-spark-pipeline/airflow_venv/lib/python3.11/site-packages/airflow/example_dags/example_dynamic_task_mapping_with_no_taskflow_operators.py
[2026-03-18T18:10:57.518+0000] {processor.py:925} INFO - DAG(s) 'example_dynamic_task_mapping_with_no_taskflow_operators' retrieved from /home/komal/data-engineering-projects/airflow-spark-pipeline/airflow_venv/lib/python3.11/site-packages/airflow/example_dags/example_dynamic_task_mapping_with_no_taskflow_operators.py
[2026-03-18T18:10:57.540+0000] {logging_mixin.py:190} INFO - [2026-03-18T18:10:57.539+0000] {dag.py:3239} INFO - Sync 1 DAGs
[2026-03-18T18:10:57.551+0000] {logging_mixin.py:190} INFO - [2026-03-18T18:10:57.550+0000] {dag.py:4180} INFO - Setting next_dagrun for example_dynamic_task_mapping_with_no_taskflow_operators to None, run_after=None
[2026-03-18T18:10:57.574+0000] {processor.py:208} INFO - Processing /home/komal/data-engineering-projects/airflow-spark-pipeline/airflow_venv/lib/python3.11/site-packages/airflow/example_dags/example_dynamic_task_mapping_with_no_taskflow_operators.py took 0.079 seconds
[2026-03-18T18:12:04.816+0000] {processor.py:186} INFO - Started process (PID=40245) to work on /home/komal/data-engineering-projects/airflow-spark-pipeline/airflow_venv/lib/python3.11/site-packages/airflow/example_dags/example_dynamic_task_mapping_with_no_taskflow_operators.py
[2026-03-18T18:12:04.819+0000] {processor.py:914} INFO - Processing file /home/komal/data-engineering-projects/airflow-spark-pipeline/airflow_venv/lib/python3.11/site-packages/airflow/example_dags/example_dynamic_task_mapping_with_no_taskflow_operators.py for tasks to queue
[2026-03-18T18:12:04.823+0000] {logging_mixin.py:190} INFO - [2026-03-18T18:12:04.823+0000] {dagbag.py:588} INFO - Filling up the DagBag from /home/komal/data-engineering-projects/airflow-spark-pipeline/airflow_venv/lib/python3.11/site-packages/airflow/example_dags/example_dynamic_task_mapping_with_no_taskflow_operators.py
[2026-03-18T18:12:04.836+0000] {processor.py:925} INFO - DAG(s) 'example_dynamic_task_mapping_with_no_taskflow_operators' retrieved from /home/komal/data-engineering-projects/airflow-spark-pipeline/airflow_venv/lib/python3.11/site-packages/airflow/example_dags/example_dynamic_task_mapping_with_no_taskflow_operators.py
[2026-03-18T18:12:04.847+0000] {logging_mixin.py:190} INFO - [2026-03-18T18:12:04.847+0000] {dag.py:3239} INFO - Sync 1 DAGs
[2026-03-18T18:12:04.856+0000] {logging_mixin.py:190} INFO - [2026-03-18T18:12:04.856+0000] {dag.py:4180} INFO - Setting next_dagrun for example_dynamic_task_mapping_with_no_taskflow_operators to None, run_after=None
[2026-03-18T18:12:04.889+0000] {processor.py:208} INFO - Processing /home/komal/data-engineering-projects/airflow-spark-pipeline/airflow_venv/lib/python3.11/site-packages/airflow/example_dags/example_dynamic_task_mapping_with_no_taskflow_operators.py took 0.083 seconds
[2026-03-18T18:13:11.511+0000] {processor.py:186} INFO - Started process (PID=40308) to work on /home/komal/data-engineering-projects/airflow-spark-pipeline/airflow_venv/lib/python3.11/site-packages/airflow/example_dags/example_dynamic_task_mapping_with_no_taskflow_operators.py
[2026-03-18T18:13:11.515+0000] {processor.py:914} INFO - Processing file /home/komal/data-engineering-projects/airflow-spark-pipeline/airflow_venv/lib/python3.11/site-packages/airflow/example_dags/example_dynamic_task_mapping_with_no_taskflow_operators.py for tasks to queue
[2026-03-18T18:13:11.516+0000] {logging_mixin.py:190} INFO - [2026-03-18T18:13:11.516+0000] {dagbag.py:588} INFO - Filling up the DagBag from /home/komal/data-engineering-projects/airflow-spark-pipeline/airflow_venv/lib/python3.11/site-packages/airflow/example_dags/example_dynamic_task_mapping_with_no_taskflow_operators.py
[2026-03-18T18:13:11.529+0000] {processor.py:925} INFO - DAG(s) 'example_dynamic_task_mapping_with_no_taskflow_operators' retrieved from /home/komal/data-engineering-projects/airflow-spark-pipeline/airflow_venv/lib/python3.11/site-packages/airflow/example_dags/example_dynamic_task_mapping_with_no_taskflow_operators.py
[2026-03-18T18:13:11.543+0000] {logging_mixin.py:190} INFO - [2026-03-18T18:13:11.542+0000] {dag.py:3239} INFO - Sync 1 DAGs
[2026-03-18T18:13:11.553+0000] {logging_mixin.py:190} INFO - [2026-03-18T18:13:11.553+0000] {dag.py:4180} INFO - Setting next_dagrun for example_dynamic_task_mapping_with_no_taskflow_operators to None, run_after=None
[2026-03-18T18:13:11.579+0000] {processor.py:208} INFO - Processing /home/komal/data-engineering-projects/airflow-spark-pipeline/airflow_venv/lib/python3.11/site-packages/airflow/example_dags/example_dynamic_task_mapping_with_no_taskflow_operators.py took 0.075 seconds
[2026-03-18T18:14:15.044+0000] {processor.py:186} INFO - Started process (PID=40373) to work on /home/komal/data-engineering-projects/airflow-spark-pipeline/airflow_venv/lib/python3.11/site-packages/airflow/example_dags/example_dynamic_task_mapping_with_no_taskflow_operators.py
[2026-03-18T18:14:15.045+0000] {processor.py:914} INFO - Processing file /home/komal/data-engineering-projects/airflow-spark-pipeline/airflow_venv/lib/python3.11/site-packages/airflow/example_dags/example_dynamic_task_mapping_with_no_taskflow_operators.py for tasks to queue
[2026-03-18T18:14:15.048+0000] {logging_mixin.py:190} INFO - [2026-03-18T18:14:15.047+0000] {dagbag.py:588} INFO - Filling up the DagBag from /home/komal/data-engineering-projects/airflow-spark-pipeline/airflow_venv/lib/python3.11/site-packages/airflow/example_dags/example_dynamic_task_mapping_with_no_taskflow_operators.py
[2026-03-18T18:14:15.055+0000] {processor.py:925} INFO - DAG(s) 'example_dynamic_task_mapping_with_no_taskflow_operators' retrieved from /home/komal/data-engineering-projects/airflow-spark-pipeline/airflow_venv/lib/python3.11/site-packages/airflow/example_dags/example_dynamic_task_mapping_with_no_taskflow_operators.py
[2026-03-18T18:14:15.066+0000] {logging_mixin.py:190} INFO - [2026-03-18T18:14:15.066+0000] {dag.py:3239} INFO - Sync 1 DAGs
[2026-03-18T18:14:15.077+0000] {logging_mixin.py:190} INFO - [2026-03-18T18:14:15.077+0000] {dag.py:4180} INFO - Setting next_dagrun for example_dynamic_task_mapping_with_no_taskflow_operators to None, run_after=None
[2026-03-18T18:14:15.100+0000] {processor.py:208} INFO - Processing /home/komal/data-engineering-projects/airflow-spark-pipeline/airflow_venv/lib/python3.11/site-packages/airflow/example_dags/example_dynamic_task_mapping_with_no_taskflow_operators.py took 0.063 seconds
[2026-03-18T18:15:19.185+0000] {processor.py:186} INFO - Started process (PID=40435) to work on /home/komal/data-engineering-projects/airflow-spark-pipeline/airflow_venv/lib/python3.11/site-packages/airflow/example_dags/example_dynamic_task_mapping_with_no_taskflow_operators.py
[2026-03-18T18:15:19.217+0000] {processor.py:914} INFO - Processing file /home/komal/data-engineering-projects/airflow-spark-pipeline/airflow_venv/lib/python3.11/site-packages/airflow/example_dags/example_dynamic_task_mapping_with_no_taskflow_operators.py for tasks to queue
[2026-03-18T18:15:19.221+0000] {logging_mixin.py:190} INFO - [2026-03-18T18:15:19.220+0000] {dagbag.py:588} INFO - Filling up the DagBag from /home/komal/data-engineering-projects/airflow-spark-pipeline/airflow_venv/lib/python3.11/site-packages/airflow/example_dags/example_dynamic_task_mapping_with_no_taskflow_operators.py
[2026-03-18T18:15:19.234+0000] {processor.py:925} INFO - DAG(s) 'example_dynamic_task_mapping_with_no_taskflow_operators' retrieved from /home/komal/data-engineering-projects/airflow-spark-pipeline/airflow_venv/lib/python3.11/site-packages/airflow/example_dags/example_dynamic_task_mapping_with_no_taskflow_operators.py
[2026-03-18T18:15:19.244+0000] {logging_mixin.py:190} INFO - [2026-03-18T18:15:19.244+0000] {dag.py:3239} INFO - Sync 1 DAGs
[2026-03-18T18:15:19.254+0000] {logging_mixin.py:190} INFO - [2026-03-18T18:15:19.254+0000] {dag.py:4180} INFO - Setting next_dagrun for example_dynamic_task_mapping_with_no_taskflow_operators to None, run_after=None
[2026-03-18T18:15:19.275+0000] {processor.py:208} INFO - Processing /home/komal/data-engineering-projects/airflow-spark-pipeline/airflow_venv/lib/python3.11/site-packages/airflow/example_dags/example_dynamic_task_mapping_with_no_taskflow_operators.py took 0.099 seconds
[2026-03-18T18:16:28.068+0000] {processor.py:186} INFO - Started process (PID=40502) to work on /home/komal/data-engineering-projects/airflow-spark-pipeline/airflow_venv/lib/python3.11/site-packages/airflow/example_dags/example_dynamic_task_mapping_with_no_taskflow_operators.py
[2026-03-18T18:16:28.099+0000] {processor.py:914} INFO - Processing file /home/komal/data-engineering-projects/airflow-spark-pipeline/airflow_venv/lib/python3.11/site-packages/airflow/example_dags/example_dynamic_task_mapping_with_no_taskflow_operators.py for tasks to queue
[2026-03-18T18:16:28.103+0000] {logging_mixin.py:190} INFO - [2026-03-18T18:16:28.102+0000] {dagbag.py:588} INFO - Filling up the DagBag from /home/komal/data-engineering-projects/airflow-spark-pipeline/airflow_venv/lib/python3.11/site-packages/airflow/example_dags/example_dynamic_task_mapping_with_no_taskflow_operators.py
[2026-03-18T18:16:28.118+0000] {processor.py:925} INFO - DAG(s) 'example_dynamic_task_mapping_with_no_taskflow_operators' retrieved from /home/komal/data-engineering-projects/airflow-spark-pipeline/airflow_venv/lib/python3.11/site-packages/airflow/example_dags/example_dynamic_task_mapping_with_no_taskflow_operators.py
[2026-03-18T18:16:28.132+0000] {logging_mixin.py:190} INFO - [2026-03-18T18:16:28.132+0000] {dag.py:3239} INFO - Sync 1 DAGs
[2026-03-18T18:16:28.143+0000] {logging_mixin.py:190} INFO - [2026-03-18T18:16:28.143+0000] {dag.py:4180} INFO - Setting next_dagrun for example_dynamic_task_mapping_with_no_taskflow_operators to None, run_after=None
[2026-03-18T18:16:28.227+0000] {processor.py:208} INFO - Processing /home/komal/data-engineering-projects/airflow-spark-pipeline/airflow_venv/lib/python3.11/site-packages/airflow/example_dags/example_dynamic_task_mapping_with_no_taskflow_operators.py took 0.163 seconds
[2026-03-18T18:17:32.855+0000] {processor.py:186} INFO - Started process (PID=40567) to work on /home/komal/data-engineering-projects/airflow-spark-pipeline/airflow_venv/lib/python3.11/site-packages/airflow/example_dags/example_dynamic_task_mapping_with_no_taskflow_operators.py
[2026-03-18T18:17:32.856+0000] {processor.py:914} INFO - Processing file /home/komal/data-engineering-projects/airflow-spark-pipeline/airflow_venv/lib/python3.11/site-packages/airflow/example_dags/example_dynamic_task_mapping_with_no_taskflow_operators.py for tasks to queue
[2026-03-18T18:17:32.858+0000] {logging_mixin.py:190} INFO - [2026-03-18T18:17:32.857+0000] {dagbag.py:588} INFO - Filling up the DagBag from /home/komal/data-engineering-projects/airflow-spark-pipeline/airflow_venv/lib/python3.11/site-packages/airflow/example_dags/example_dynamic_task_mapping_with_no_taskflow_operators.py
[2026-03-18T18:17:32.875+0000] {processor.py:925} INFO - DAG(s) 'example_dynamic_task_mapping_with_no_taskflow_operators' retrieved from /home/komal/data-engineering-projects/airflow-spark-pipeline/airflow_venv/lib/python3.11/site-packages/airflow/example_dags/example_dynamic_task_mapping_with_no_taskflow_operators.py
[2026-03-18T18:17:32.896+0000] {logging_mixin.py:190} INFO - [2026-03-18T18:17:32.896+0000] {dag.py:3239} INFO - Sync 1 DAGs
[2026-03-18T18:17:32.908+0000] {logging_mixin.py:190} INFO - [2026-03-18T18:17:32.908+0000] {dag.py:4180} INFO - Setting next_dagrun for example_dynamic_task_mapping_with_no_taskflow_operators to None, run_after=None
[2026-03-18T18:17:32.929+0000] {processor.py:208} INFO - Processing /home/komal/data-engineering-projects/airflow-spark-pipeline/airflow_venv/lib/python3.11/site-packages/airflow/example_dags/example_dynamic_task_mapping_with_no_taskflow_operators.py took 0.077 seconds
[2026-03-18T18:18:41.929+0000] {processor.py:186} INFO - Started process (PID=40634) to work on /home/komal/data-engineering-projects/airflow-spark-pipeline/airflow_venv/lib/python3.11/site-packages/airflow/example_dags/example_dynamic_task_mapping_with_no_taskflow_operators.py
[2026-03-18T18:18:41.951+0000] {processor.py:914} INFO - Processing file /home/komal/data-engineering-projects/airflow-spark-pipeline/airflow_venv/lib/python3.11/site-packages/airflow/example_dags/example_dynamic_task_mapping_with_no_taskflow_operators.py for tasks to queue
[2026-03-18T18:18:41.954+0000] {logging_mixin.py:190} INFO - [2026-03-18T18:18:41.953+0000] {dagbag.py:588} INFO - Filling up the DagBag from /home/komal/data-engineering-projects/airflow-spark-pipeline/airflow_venv/lib/python3.11/site-packages/airflow/example_dags/example_dynamic_task_mapping_with_no_taskflow_operators.py
[2026-03-18T18:18:42.005+0000] {processor.py:925} INFO - DAG(s) 'example_dynamic_task_mapping_with_no_taskflow_operators' retrieved from /home/komal/data-engineering-projects/airflow-spark-pipeline/airflow_venv/lib/python3.11/site-packages/airflow/example_dags/example_dynamic_task_mapping_with_no_taskflow_operators.py
[2026-03-18T18:18:42.026+0000] {logging_mixin.py:190} INFO - [2026-03-18T18:18:42.026+0000] {dag.py:3239} INFO - Sync 1 DAGs
[2026-03-18T18:18:42.042+0000] {logging_mixin.py:190} INFO - [2026-03-18T18:18:42.042+0000] {dag.py:4180} INFO - Setting next_dagrun for example_dynamic_task_mapping_with_no_taskflow_operators to None, run_after=None
[2026-03-18T18:18:42.064+0000] {processor.py:208} INFO - Processing /home/komal/data-engineering-projects/airflow-spark-pipeline/airflow_venv/lib/python3.11/site-packages/airflow/example_dags/example_dynamic_task_mapping_with_no_taskflow_operators.py took 0.140 seconds
[2026-03-18T18:19:54.240+0000] {processor.py:186} INFO - Started process (PID=40701) to work on /home/komal/data-engineering-projects/airflow-spark-pipeline/airflow_venv/lib/python3.11/site-packages/airflow/example_dags/example_dynamic_task_mapping_with_no_taskflow_operators.py
[2026-03-18T18:19:54.272+0000] {processor.py:914} INFO - Processing file /home/komal/data-engineering-projects/airflow-spark-pipeline/airflow_venv/lib/python3.11/site-packages/airflow/example_dags/example_dynamic_task_mapping_with_no_taskflow_operators.py for tasks to queue
[2026-03-18T18:19:54.276+0000] {logging_mixin.py:190} INFO - [2026-03-18T18:19:54.276+0000] {dagbag.py:588} INFO - Filling up the DagBag from /home/komal/data-engineering-projects/airflow-spark-pipeline/airflow_venv/lib/python3.11/site-packages/airflow/example_dags/example_dynamic_task_mapping_with_no_taskflow_operators.py
[2026-03-18T18:19:54.289+0000] {processor.py:925} INFO - DAG(s) 'example_dynamic_task_mapping_with_no_taskflow_operators' retrieved from /home/komal/data-engineering-projects/airflow-spark-pipeline/airflow_venv/lib/python3.11/site-packages/airflow/example_dags/example_dynamic_task_mapping_with_no_taskflow_operators.py
[2026-03-18T18:19:54.302+0000] {logging_mixin.py:190} INFO - [2026-03-18T18:19:54.301+0000] {dag.py:3239} INFO - Sync 1 DAGs
[2026-03-18T18:19:54.319+0000] {logging_mixin.py:190} INFO - [2026-03-18T18:19:54.319+0000] {dag.py:4180} INFO - Setting next_dagrun for example_dynamic_task_mapping_with_no_taskflow_operators to None, run_after=None
[2026-03-18T18:19:54.346+0000] {processor.py:208} INFO - Processing /home/komal/data-engineering-projects/airflow-spark-pipeline/airflow_venv/lib/python3.11/site-packages/airflow/example_dags/example_dynamic_task_mapping_with_no_taskflow_operators.py took 0.111 seconds
[2026-03-18T18:21:01.332+0000] {processor.py:186} INFO - Started process (PID=40769) to work on /home/komal/data-engineering-projects/airflow-spark-pipeline/airflow_venv/lib/python3.11/site-packages/airflow/example_dags/example_dynamic_task_mapping_with_no_taskflow_operators.py
[2026-03-18T18:21:01.352+0000] {processor.py:914} INFO - Processing file /home/komal/data-engineering-projects/airflow-spark-pipeline/airflow_venv/lib/python3.11/site-packages/airflow/example_dags/example_dynamic_task_mapping_with_no_taskflow_operators.py for tasks to queue
[2026-03-18T18:21:01.354+0000] {logging_mixin.py:190} INFO - [2026-03-18T18:21:01.353+0000] {dagbag.py:588} INFO - Filling up the DagBag from /home/komal/data-engineering-projects/airflow-spark-pipeline/airflow_venv/lib/python3.11/site-packages/airflow/example_dags/example_dynamic_task_mapping_with_no_taskflow_operators.py
[2026-03-18T18:21:01.361+0000] {processor.py:925} INFO - DAG(s) 'example_dynamic_task_mapping_with_no_taskflow_operators' retrieved from /home/komal/data-engineering-projects/airflow-spark-pipeline/airflow_venv/lib/python3.11/site-packages/airflow/example_dags/example_dynamic_task_mapping_with_no_taskflow_operators.py
[2026-03-18T18:21:01.379+0000] {logging_mixin.py:190} INFO - [2026-03-18T18:21:01.379+0000] {dag.py:3239} INFO - Sync 1 DAGs
[2026-03-18T18:21:01.389+0000] {logging_mixin.py:190} INFO - [2026-03-18T18:21:01.389+0000] {dag.py:4180} INFO - Setting next_dagrun for example_dynamic_task_mapping_with_no_taskflow_operators to None, run_after=None
[2026-03-18T18:21:01.412+0000] {processor.py:208} INFO - Processing /home/komal/data-engineering-projects/airflow-spark-pipeline/airflow_venv/lib/python3.11/site-packages/airflow/example_dags/example_dynamic_task_mapping_with_no_taskflow_operators.py took 0.085 seconds
[2026-03-18T18:22:09.942+0000] {processor.py:186} INFO - Started process (PID=40906) to work on /home/komal/data-engineering-projects/airflow-spark-pipeline/airflow_venv/lib/python3.11/site-packages/airflow/example_dags/example_dynamic_task_mapping_with_no_taskflow_operators.py
[2026-03-18T18:22:09.945+0000] {processor.py:914} INFO - Processing file /home/komal/data-engineering-projects/airflow-spark-pipeline/airflow_venv/lib/python3.11/site-packages/airflow/example_dags/example_dynamic_task_mapping_with_no_taskflow_operators.py for tasks to queue
[2026-03-18T18:22:09.948+0000] {logging_mixin.py:190} INFO - [2026-03-18T18:22:09.947+0000] {dagbag.py:588} INFO - Filling up the DagBag from /home/komal/data-engineering-projects/airflow-spark-pipeline/airflow_venv/lib/python3.11/site-packages/airflow/example_dags/example_dynamic_task_mapping_with_no_taskflow_operators.py
[2026-03-18T18:22:09.957+0000] {processor.py:925} INFO - DAG(s) 'example_dynamic_task_mapping_with_no_taskflow_operators' retrieved from /home/komal/data-engineering-projects/airflow-spark-pipeline/airflow_venv/lib/python3.11/site-packages/airflow/example_dags/example_dynamic_task_mapping_with_no_taskflow_operators.py
[2026-03-18T18:22:09.984+0000] {logging_mixin.py:190} INFO - [2026-03-18T18:22:09.983+0000] {dag.py:3239} INFO - Sync 1 DAGs
[2026-03-18T18:22:09.995+0000] {logging_mixin.py:190} INFO - [2026-03-18T18:22:09.995+0000] {dag.py:4180} INFO - Setting next_dagrun for example_dynamic_task_mapping_with_no_taskflow_operators to None, run_after=None
[2026-03-18T18:22:10.021+0000] {processor.py:208} INFO - Processing /home/komal/data-engineering-projects/airflow-spark-pipeline/airflow_venv/lib/python3.11/site-packages/airflow/example_dags/example_dynamic_task_mapping_with_no_taskflow_operators.py took 0.085 seconds
[2026-03-18T18:23:18.496+0000] {processor.py:186} INFO - Started process (PID=40970) to work on /home/komal/data-engineering-projects/airflow-spark-pipeline/airflow_venv/lib/python3.11/site-packages/airflow/example_dags/example_dynamic_task_mapping_with_no_taskflow_operators.py
[2026-03-18T18:23:18.528+0000] {processor.py:914} INFO - Processing file /home/komal/data-engineering-projects/airflow-spark-pipeline/airflow_venv/lib/python3.11/site-packages/airflow/example_dags/example_dynamic_task_mapping_with_no_taskflow_operators.py for tasks to queue
[2026-03-18T18:23:18.532+0000] {logging_mixin.py:190} INFO - [2026-03-18T18:23:18.531+0000] {dagbag.py:588} INFO - Filling up the DagBag from /home/komal/data-engineering-projects/airflow-spark-pipeline/airflow_venv/lib/python3.11/site-packages/airflow/example_dags/example_dynamic_task_mapping_with_no_taskflow_operators.py
[2026-03-18T18:23:18.544+0000] {processor.py:925} INFO - DAG(s) 'example_dynamic_task_mapping_with_no_taskflow_operators' retrieved from /home/komal/data-engineering-projects/airflow-spark-pipeline/airflow_venv/lib/python3.11/site-packages/airflow/example_dags/example_dynamic_task_mapping_with_no_taskflow_operators.py
[2026-03-18T18:23:18.559+0000] {logging_mixin.py:190} INFO - [2026-03-18T18:23:18.558+0000] {dag.py:3239} INFO - Sync 1 DAGs
[2026-03-18T18:23:18.580+0000] {logging_mixin.py:190} INFO - [2026-03-18T18:23:18.579+0000] {dag.py:4180} INFO - Setting next_dagrun for example_dynamic_task_mapping_with_no_taskflow_operators to None, run_after=None
[2026-03-18T18:23:18.621+0000] {processor.py:208} INFO - Processing /home/komal/data-engineering-projects/airflow-spark-pipeline/airflow_venv/lib/python3.11/site-packages/airflow/example_dags/example_dynamic_task_mapping_with_no_taskflow_operators.py took 0.141 seconds
[2026-03-18T18:24:29.575+0000] {processor.py:186} INFO - Started process (PID=41039) to work on /home/komal/data-engineering-projects/airflow-spark-pipeline/airflow_venv/lib/python3.11/site-packages/airflow/example_dags/example_dynamic_task_mapping_with_no_taskflow_operators.py
[2026-03-18T18:24:29.587+0000] {processor.py:914} INFO - Processing file /home/komal/data-engineering-projects/airflow-spark-pipeline/airflow_venv/lib/python3.11/site-packages/airflow/example_dags/example_dynamic_task_mapping_with_no_taskflow_operators.py for tasks to queue
[2026-03-18T18:24:29.589+0000] {logging_mixin.py:190} INFO - [2026-03-18T18:24:29.589+0000] {dagbag.py:588} INFO - Filling up the DagBag from /home/komal/data-engineering-projects/airflow-spark-pipeline/airflow_venv/lib/python3.11/site-packages/airflow/example_dags/example_dynamic_task_mapping_with_no_taskflow_operators.py
[2026-03-18T18:24:29.597+0000] {processor.py:925} INFO - DAG(s) 'example_dynamic_task_mapping_with_no_taskflow_operators' retrieved from /home/komal/data-engineering-projects/airflow-spark-pipeline/airflow_venv/lib/python3.11/site-packages/airflow/example_dags/example_dynamic_task_mapping_with_no_taskflow_operators.py
[2026-03-18T18:24:29.613+0000] {logging_mixin.py:190} INFO - [2026-03-18T18:24:29.613+0000] {dag.py:3239} INFO - Sync 1 DAGs
[2026-03-18T18:24:29.626+0000] {logging_mixin.py:190} INFO - [2026-03-18T18:24:29.626+0000] {dag.py:4180} INFO - Setting next_dagrun for example_dynamic_task_mapping_with_no_taskflow_operators to None, run_after=None
[2026-03-18T18:24:29.654+0000] {processor.py:208} INFO - Processing /home/komal/data-engineering-projects/airflow-spark-pipeline/airflow_venv/lib/python3.11/site-packages/airflow/example_dags/example_dynamic_task_mapping_with_no_taskflow_operators.py took 0.086 seconds
