[2026-03-18T06:16:15.335+0000] {processor.py:157} INFO - Started process (PID=27473) to work on /home/komal/data-engineering-projects/airflow-spark-pipeline/airflow_venv/lib/python3.11/site-packages/airflow/example_dags/example_setup_teardown_taskflow.py
[2026-03-18T06:16:15.337+0000] {processor.py:826} INFO - Processing file /home/komal/data-engineering-projects/airflow-spark-pipeline/airflow_venv/lib/python3.11/site-packages/airflow/example_dags/example_setup_teardown_taskflow.py for tasks to queue
[2026-03-18T06:16:15.340+0000] {logging_mixin.py:150} INFO - [2026-03-18T06:16:15.339+0000] {dagbag.py:541} INFO - Filling up the DagBag from /home/komal/data-engineering-projects/airflow-spark-pipeline/airflow_venv/lib/python3.11/site-packages/airflow/example_dags/example_setup_teardown_taskflow.py
[2026-03-18T06:16:15.345+0000] {processor.py:838} WARNING - No viable dags retrieved from /home/komal/data-engineering-projects/airflow-spark-pipeline/airflow_venv/lib/python3.11/site-packages/airflow/example_dags/example_setup_teardown_taskflow.py
[2026-03-18T06:16:15.366+0000] {processor.py:179} INFO - Processing /home/komal/data-engineering-projects/airflow-spark-pipeline/airflow_venv/lib/python3.11/site-packages/airflow/example_dags/example_setup_teardown_taskflow.py took 0.037 seconds
[2026-03-18T06:17:11.212+0000] {processor.py:157} INFO - Started process (PID=27535) to work on /home/komal/data-engineering-projects/airflow-spark-pipeline/airflow_venv/lib/python3.11/site-packages/airflow/example_dags/example_setup_teardown_taskflow.py
[2026-03-18T06:17:11.216+0000] {processor.py:826} INFO - Processing file /home/komal/data-engineering-projects/airflow-spark-pipeline/airflow_venv/lib/python3.11/site-packages/airflow/example_dags/example_setup_teardown_taskflow.py for tasks to queue
[2026-03-18T06:17:11.220+0000] {logging_mixin.py:150} INFO - [2026-03-18T06:17:11.217+0000] {dagbag.py:541} INFO - Filling up the DagBag from /home/komal/data-engineering-projects/airflow-spark-pipeline/airflow_venv/lib/python3.11/site-packages/airflow/example_dags/example_setup_teardown_taskflow.py
[2026-03-18T06:17:11.225+0000] {processor.py:838} WARNING - No viable dags retrieved from /home/komal/data-engineering-projects/airflow-spark-pipeline/airflow_venv/lib/python3.11/site-packages/airflow/example_dags/example_setup_teardown_taskflow.py
[2026-03-18T06:17:11.241+0000] {processor.py:179} INFO - Processing /home/komal/data-engineering-projects/airflow-spark-pipeline/airflow_venv/lib/python3.11/site-packages/airflow/example_dags/example_setup_teardown_taskflow.py took 0.035 seconds
[2026-03-18T06:17:57.992+0000] {processor.py:157} INFO - Started process (PID=27604) to work on /home/komal/data-engineering-projects/airflow-spark-pipeline/airflow_venv/lib/python3.11/site-packages/airflow/example_dags/example_setup_teardown_taskflow.py
[2026-03-18T06:17:57.993+0000] {processor.py:826} INFO - Processing file /home/komal/data-engineering-projects/airflow-spark-pipeline/airflow_venv/lib/python3.11/site-packages/airflow/example_dags/example_setup_teardown_taskflow.py for tasks to queue
[2026-03-18T06:17:57.994+0000] {logging_mixin.py:150} INFO - [2026-03-18T06:17:57.993+0000] {dagbag.py:541} INFO - Filling up the DagBag from /home/komal/data-engineering-projects/airflow-spark-pipeline/airflow_venv/lib/python3.11/site-packages/airflow/example_dags/example_setup_teardown_taskflow.py
[2026-03-18T06:17:57.996+0000] {processor.py:838} WARNING - No viable dags retrieved from /home/komal/data-engineering-projects/airflow-spark-pipeline/airflow_venv/lib/python3.11/site-packages/airflow/example_dags/example_setup_teardown_taskflow.py
[2026-03-18T06:17:58.005+0000] {processor.py:179} INFO - Processing /home/komal/data-engineering-projects/airflow-spark-pipeline/airflow_venv/lib/python3.11/site-packages/airflow/example_dags/example_setup_teardown_taskflow.py took 0.018 seconds
[2026-03-18T06:33:55.425+0000] {processor.py:186} INFO - Started process (PID=28052) to work on /home/komal/data-engineering-projects/airflow-spark-pipeline/airflow_venv/lib/python3.11/site-packages/airflow/example_dags/example_setup_teardown_taskflow.py
[2026-03-18T06:33:55.457+0000] {processor.py:914} INFO - Processing file /home/komal/data-engineering-projects/airflow-spark-pipeline/airflow_venv/lib/python3.11/site-packages/airflow/example_dags/example_setup_teardown_taskflow.py for tasks to queue
[2026-03-18T06:33:55.459+0000] {logging_mixin.py:190} INFO - [2026-03-18T06:33:55.459+0000] {dagbag.py:588} INFO - Filling up the DagBag from /home/komal/data-engineering-projects/airflow-spark-pipeline/airflow_venv/lib/python3.11/site-packages/airflow/example_dags/example_setup_teardown_taskflow.py
[2026-03-18T06:33:55.473+0000] {processor.py:925} INFO - DAG(s) 'example_setup_teardown_taskflow' retrieved from /home/komal/data-engineering-projects/airflow-spark-pipeline/airflow_venv/lib/python3.11/site-packages/airflow/example_dags/example_setup_teardown_taskflow.py
[2026-03-18T06:33:55.549+0000] {logging_mixin.py:190} INFO - [2026-03-18T06:33:55.549+0000] {dag.py:3239} INFO - Sync 1 DAGs
[2026-03-18T06:33:55.560+0000] {logging_mixin.py:190} INFO - [2026-03-18T06:33:55.560+0000] {dag.py:4180} INFO - Setting next_dagrun for example_setup_teardown_taskflow to None, run_after=None
[2026-03-18T06:33:55.611+0000] {processor.py:208} INFO - Processing /home/komal/data-engineering-projects/airflow-spark-pipeline/airflow_venv/lib/python3.11/site-packages/airflow/example_dags/example_setup_teardown_taskflow.py took 0.192 seconds
[2026-03-18T06:35:05.702+0000] {processor.py:186} INFO - Started process (PID=28119) to work on /home/komal/data-engineering-projects/airflow-spark-pipeline/airflow_venv/lib/python3.11/site-packages/airflow/example_dags/example_setup_teardown_taskflow.py
[2026-03-18T06:35:05.732+0000] {processor.py:914} INFO - Processing file /home/komal/data-engineering-projects/airflow-spark-pipeline/airflow_venv/lib/python3.11/site-packages/airflow/example_dags/example_setup_teardown_taskflow.py for tasks to queue
[2026-03-18T06:35:05.734+0000] {logging_mixin.py:190} INFO - [2026-03-18T06:35:05.733+0000] {dagbag.py:588} INFO - Filling up the DagBag from /home/komal/data-engineering-projects/airflow-spark-pipeline/airflow_venv/lib/python3.11/site-packages/airflow/example_dags/example_setup_teardown_taskflow.py
[2026-03-18T06:35:05.745+0000] {processor.py:925} INFO - DAG(s) 'example_setup_teardown_taskflow' retrieved from /home/komal/data-engineering-projects/airflow-spark-pipeline/airflow_venv/lib/python3.11/site-packages/airflow/example_dags/example_setup_teardown_taskflow.py
[2026-03-18T06:35:05.771+0000] {logging_mixin.py:190} INFO - [2026-03-18T06:35:05.770+0000] {dag.py:3239} INFO - Sync 1 DAGs
[2026-03-18T06:35:05.781+0000] {logging_mixin.py:190} INFO - [2026-03-18T06:35:05.781+0000] {dag.py:4180} INFO - Setting next_dagrun for example_setup_teardown_taskflow to None, run_after=None
[2026-03-18T06:35:05.803+0000] {processor.py:208} INFO - Processing /home/komal/data-engineering-projects/airflow-spark-pipeline/airflow_venv/lib/python3.11/site-packages/airflow/example_dags/example_setup_teardown_taskflow.py took 0.105 seconds
[2026-03-18T06:36:11.506+0000] {processor.py:186} INFO - Started process (PID=28192) to work on /home/komal/data-engineering-projects/airflow-spark-pipeline/airflow_venv/lib/python3.11/site-packages/airflow/example_dags/example_setup_teardown_taskflow.py
[2026-03-18T06:36:11.538+0000] {processor.py:914} INFO - Processing file /home/komal/data-engineering-projects/airflow-spark-pipeline/airflow_venv/lib/python3.11/site-packages/airflow/example_dags/example_setup_teardown_taskflow.py for tasks to queue
[2026-03-18T06:36:11.540+0000] {logging_mixin.py:190} INFO - [2026-03-18T06:36:11.540+0000] {dagbag.py:588} INFO - Filling up the DagBag from /home/komal/data-engineering-projects/airflow-spark-pipeline/airflow_venv/lib/python3.11/site-packages/airflow/example_dags/example_setup_teardown_taskflow.py
[2026-03-18T06:36:11.551+0000] {processor.py:925} INFO - DAG(s) 'example_setup_teardown_taskflow' retrieved from /home/komal/data-engineering-projects/airflow-spark-pipeline/airflow_venv/lib/python3.11/site-packages/airflow/example_dags/example_setup_teardown_taskflow.py
[2026-03-18T06:36:11.567+0000] {logging_mixin.py:190} INFO - [2026-03-18T06:36:11.567+0000] {dag.py:3239} INFO - Sync 1 DAGs
[2026-03-18T06:36:11.578+0000] {logging_mixin.py:190} INFO - [2026-03-18T06:36:11.578+0000] {dag.py:4180} INFO - Setting next_dagrun for example_setup_teardown_taskflow to None, run_after=None
[2026-03-18T06:36:11.599+0000] {processor.py:208} INFO - Processing /home/komal/data-engineering-projects/airflow-spark-pipeline/airflow_venv/lib/python3.11/site-packages/airflow/example_dags/example_setup_teardown_taskflow.py took 0.101 seconds
[2026-03-18T06:37:17.968+0000] {processor.py:186} INFO - Started process (PID=28257) to work on /home/komal/data-engineering-projects/airflow-spark-pipeline/airflow_venv/lib/python3.11/site-packages/airflow/example_dags/example_setup_teardown_taskflow.py
[2026-03-18T06:37:18.000+0000] {processor.py:914} INFO - Processing file /home/komal/data-engineering-projects/airflow-spark-pipeline/airflow_venv/lib/python3.11/site-packages/airflow/example_dags/example_setup_teardown_taskflow.py for tasks to queue
[2026-03-18T06:37:18.002+0000] {logging_mixin.py:190} INFO - [2026-03-18T06:37:18.002+0000] {dagbag.py:588} INFO - Filling up the DagBag from /home/komal/data-engineering-projects/airflow-spark-pipeline/airflow_venv/lib/python3.11/site-packages/airflow/example_dags/example_setup_teardown_taskflow.py
[2026-03-18T06:37:18.022+0000] {processor.py:925} INFO - DAG(s) 'example_setup_teardown_taskflow' retrieved from /home/komal/data-engineering-projects/airflow-spark-pipeline/airflow_venv/lib/python3.11/site-packages/airflow/example_dags/example_setup_teardown_taskflow.py
[2026-03-18T06:37:18.042+0000] {logging_mixin.py:190} INFO - [2026-03-18T06:37:18.041+0000] {dag.py:3239} INFO - Sync 1 DAGs
[2026-03-18T06:37:18.071+0000] {logging_mixin.py:190} INFO - [2026-03-18T06:37:18.070+0000] {dag.py:4180} INFO - Setting next_dagrun for example_setup_teardown_taskflow to None, run_after=None
[2026-03-18T06:37:18.319+0000] {processor.py:208} INFO - Processing /home/komal/data-engineering-projects/airflow-spark-pipeline/airflow_venv/lib/python3.11/site-packages/airflow/example_dags/example_setup_teardown_taskflow.py took 0.358 seconds
[2026-03-18T06:38:34.240+0000] {processor.py:186} INFO - Started process (PID=28347) to work on /home/komal/data-engineering-projects/airflow-spark-pipeline/airflow_venv/lib/python3.11/site-packages/airflow/example_dags/example_setup_teardown_taskflow.py
[2026-03-18T06:38:34.271+0000] {processor.py:914} INFO - Processing file /home/komal/data-engineering-projects/airflow-spark-pipeline/airflow_venv/lib/python3.11/site-packages/airflow/example_dags/example_setup_teardown_taskflow.py for tasks to queue
[2026-03-18T06:38:34.273+0000] {logging_mixin.py:190} INFO - [2026-03-18T06:38:34.272+0000] {dagbag.py:588} INFO - Filling up the DagBag from /home/komal/data-engineering-projects/airflow-spark-pipeline/airflow_venv/lib/python3.11/site-packages/airflow/example_dags/example_setup_teardown_taskflow.py
[2026-03-18T06:38:34.281+0000] {processor.py:925} INFO - DAG(s) 'example_setup_teardown_taskflow' retrieved from /home/komal/data-engineering-projects/airflow-spark-pipeline/airflow_venv/lib/python3.11/site-packages/airflow/example_dags/example_setup_teardown_taskflow.py
[2026-03-18T06:38:34.293+0000] {logging_mixin.py:190} INFO - [2026-03-18T06:38:34.293+0000] {dag.py:3239} INFO - Sync 1 DAGs
[2026-03-18T06:38:34.300+0000] {logging_mixin.py:190} INFO - [2026-03-18T06:38:34.300+0000] {dag.py:4180} INFO - Setting next_dagrun for example_setup_teardown_taskflow to None, run_after=None
[2026-03-18T06:38:34.322+0000] {processor.py:208} INFO - Processing /home/komal/data-engineering-projects/airflow-spark-pipeline/airflow_venv/lib/python3.11/site-packages/airflow/example_dags/example_setup_teardown_taskflow.py took 0.086 seconds
[2026-03-18T06:39:56.002+0000] {processor.py:186} INFO - Started process (PID=28503) to work on /home/komal/data-engineering-projects/airflow-spark-pipeline/airflow_venv/lib/python3.11/site-packages/airflow/example_dags/example_setup_teardown_taskflow.py
[2026-03-18T06:39:56.033+0000] {processor.py:914} INFO - Processing file /home/komal/data-engineering-projects/airflow-spark-pipeline/airflow_venv/lib/python3.11/site-packages/airflow/example_dags/example_setup_teardown_taskflow.py for tasks to queue
[2026-03-18T06:39:56.037+0000] {logging_mixin.py:190} INFO - [2026-03-18T06:39:56.036+0000] {dagbag.py:588} INFO - Filling up the DagBag from /home/komal/data-engineering-projects/airflow-spark-pipeline/airflow_venv/lib/python3.11/site-packages/airflow/example_dags/example_setup_teardown_taskflow.py
[2026-03-18T06:39:56.052+0000] {processor.py:925} INFO - DAG(s) 'example_setup_teardown_taskflow' retrieved from /home/komal/data-engineering-projects/airflow-spark-pipeline/airflow_venv/lib/python3.11/site-packages/airflow/example_dags/example_setup_teardown_taskflow.py
[2026-03-18T06:39:56.066+0000] {logging_mixin.py:190} INFO - [2026-03-18T06:39:56.066+0000] {dag.py:3239} INFO - Sync 1 DAGs
[2026-03-18T06:39:56.074+0000] {logging_mixin.py:190} INFO - [2026-03-18T06:39:56.074+0000] {dag.py:4180} INFO - Setting next_dagrun for example_setup_teardown_taskflow to None, run_after=None
[2026-03-18T06:39:56.095+0000] {processor.py:208} INFO - Processing /home/komal/data-engineering-projects/airflow-spark-pipeline/airflow_venv/lib/python3.11/site-packages/airflow/example_dags/example_setup_teardown_taskflow.py took 0.100 seconds
[2026-03-18T06:41:01.800+0000] {processor.py:186} INFO - Started process (PID=28569) to work on /home/komal/data-engineering-projects/airflow-spark-pipeline/airflow_venv/lib/python3.11/site-packages/airflow/example_dags/example_setup_teardown_taskflow.py
[2026-03-18T06:41:01.805+0000] {processor.py:914} INFO - Processing file /home/komal/data-engineering-projects/airflow-spark-pipeline/airflow_venv/lib/python3.11/site-packages/airflow/example_dags/example_setup_teardown_taskflow.py for tasks to queue
[2026-03-18T06:41:01.808+0000] {logging_mixin.py:190} INFO - [2026-03-18T06:41:01.808+0000] {dagbag.py:588} INFO - Filling up the DagBag from /home/komal/data-engineering-projects/airflow-spark-pipeline/airflow_venv/lib/python3.11/site-packages/airflow/example_dags/example_setup_teardown_taskflow.py
[2026-03-18T06:41:01.818+0000] {processor.py:925} INFO - DAG(s) 'example_setup_teardown_taskflow' retrieved from /home/komal/data-engineering-projects/airflow-spark-pipeline/airflow_venv/lib/python3.11/site-packages/airflow/example_dags/example_setup_teardown_taskflow.py
[2026-03-18T06:41:01.829+0000] {logging_mixin.py:190} INFO - [2026-03-18T06:41:01.829+0000] {dag.py:3239} INFO - Sync 1 DAGs
[2026-03-18T06:41:01.844+0000] {logging_mixin.py:190} INFO - [2026-03-18T06:41:01.844+0000] {dag.py:4180} INFO - Setting next_dagrun for example_setup_teardown_taskflow to None, run_after=None
[2026-03-18T06:41:01.891+0000] {processor.py:208} INFO - Processing /home/komal/data-engineering-projects/airflow-spark-pipeline/airflow_venv/lib/python3.11/site-packages/airflow/example_dags/example_setup_teardown_taskflow.py took 0.099 seconds
[2026-03-18T06:42:13.758+0000] {processor.py:186} INFO - Started process (PID=28718) to work on /home/komal/data-engineering-projects/airflow-spark-pipeline/airflow_venv/lib/python3.11/site-packages/airflow/example_dags/example_setup_teardown_taskflow.py
[2026-03-18T06:42:13.791+0000] {processor.py:914} INFO - Processing file /home/komal/data-engineering-projects/airflow-spark-pipeline/airflow_venv/lib/python3.11/site-packages/airflow/example_dags/example_setup_teardown_taskflow.py for tasks to queue
[2026-03-18T06:42:13.794+0000] {logging_mixin.py:190} INFO - [2026-03-18T06:42:13.794+0000] {dagbag.py:588} INFO - Filling up the DagBag from /home/komal/data-engineering-projects/airflow-spark-pipeline/airflow_venv/lib/python3.11/site-packages/airflow/example_dags/example_setup_teardown_taskflow.py
[2026-03-18T06:42:13.808+0000] {processor.py:925} INFO - DAG(s) 'example_setup_teardown_taskflow' retrieved from /home/komal/data-engineering-projects/airflow-spark-pipeline/airflow_venv/lib/python3.11/site-packages/airflow/example_dags/example_setup_teardown_taskflow.py
[2026-03-18T06:42:13.822+0000] {logging_mixin.py:190} INFO - [2026-03-18T06:42:13.822+0000] {dag.py:3239} INFO - Sync 1 DAGs
[2026-03-18T06:42:13.831+0000] {logging_mixin.py:190} INFO - [2026-03-18T06:42:13.831+0000] {dag.py:4180} INFO - Setting next_dagrun for example_setup_teardown_taskflow to None, run_after=None
[2026-03-18T06:42:13.854+0000] {processor.py:208} INFO - Processing /home/komal/data-engineering-projects/airflow-spark-pipeline/airflow_venv/lib/python3.11/site-packages/airflow/example_dags/example_setup_teardown_taskflow.py took 0.105 seconds
[2026-03-18T06:43:36.462+0000] {processor.py:186} INFO - Started process (PID=28877) to work on /home/komal/data-engineering-projects/airflow-spark-pipeline/airflow_venv/lib/python3.11/site-packages/airflow/example_dags/example_setup_teardown_taskflow.py
[2026-03-18T06:43:36.464+0000] {processor.py:914} INFO - Processing file /home/komal/data-engineering-projects/airflow-spark-pipeline/airflow_venv/lib/python3.11/site-packages/airflow/example_dags/example_setup_teardown_taskflow.py for tasks to queue
[2026-03-18T06:43:36.467+0000] {logging_mixin.py:190} INFO - [2026-03-18T06:43:36.467+0000] {dagbag.py:588} INFO - Filling up the DagBag from /home/komal/data-engineering-projects/airflow-spark-pipeline/airflow_venv/lib/python3.11/site-packages/airflow/example_dags/example_setup_teardown_taskflow.py
[2026-03-18T06:43:36.476+0000] {processor.py:925} INFO - DAG(s) 'example_setup_teardown_taskflow' retrieved from /home/komal/data-engineering-projects/airflow-spark-pipeline/airflow_venv/lib/python3.11/site-packages/airflow/example_dags/example_setup_teardown_taskflow.py
[2026-03-18T06:43:36.500+0000] {logging_mixin.py:190} INFO - [2026-03-18T06:43:36.499+0000] {dag.py:3239} INFO - Sync 1 DAGs
[2026-03-18T06:43:36.507+0000] {logging_mixin.py:190} INFO - [2026-03-18T06:43:36.507+0000] {dag.py:4180} INFO - Setting next_dagrun for example_setup_teardown_taskflow to None, run_after=None
[2026-03-18T06:43:36.531+0000] {processor.py:208} INFO - Processing /home/komal/data-engineering-projects/airflow-spark-pipeline/airflow_venv/lib/python3.11/site-packages/airflow/example_dags/example_setup_teardown_taskflow.py took 0.077 seconds
[2026-03-18T06:44:57.618+0000] {processor.py:186} INFO - Started process (PID=28949) to work on /home/komal/data-engineering-projects/airflow-spark-pipeline/airflow_venv/lib/python3.11/site-packages/airflow/example_dags/example_setup_teardown_taskflow.py
[2026-03-18T06:44:57.623+0000] {processor.py:914} INFO - Processing file /home/komal/data-engineering-projects/airflow-spark-pipeline/airflow_venv/lib/python3.11/site-packages/airflow/example_dags/example_setup_teardown_taskflow.py for tasks to queue
[2026-03-18T06:44:57.627+0000] {logging_mixin.py:190} INFO - [2026-03-18T06:44:57.626+0000] {dagbag.py:588} INFO - Filling up the DagBag from /home/komal/data-engineering-projects/airflow-spark-pipeline/airflow_venv/lib/python3.11/site-packages/airflow/example_dags/example_setup_teardown_taskflow.py
[2026-03-18T06:44:57.653+0000] {processor.py:925} INFO - DAG(s) 'example_setup_teardown_taskflow' retrieved from /home/komal/data-engineering-projects/airflow-spark-pipeline/airflow_venv/lib/python3.11/site-packages/airflow/example_dags/example_setup_teardown_taskflow.py
[2026-03-18T06:44:57.671+0000] {logging_mixin.py:190} INFO - [2026-03-18T06:44:57.671+0000] {dag.py:3239} INFO - Sync 1 DAGs
[2026-03-18T06:44:57.681+0000] {logging_mixin.py:190} INFO - [2026-03-18T06:44:57.681+0000] {dag.py:4180} INFO - Setting next_dagrun for example_setup_teardown_taskflow to None, run_after=None
[2026-03-18T06:44:57.714+0000] {processor.py:208} INFO - Processing /home/komal/data-engineering-projects/airflow-spark-pipeline/airflow_venv/lib/python3.11/site-packages/airflow/example_dags/example_setup_teardown_taskflow.py took 0.105 seconds
[2026-03-18T06:45:57.268+0000] {processor.py:186} INFO - Started process (PID=29310) to work on /home/komal/data-engineering-projects/airflow-spark-pipeline/airflow_venv/lib/python3.11/site-packages/airflow/example_dags/example_setup_teardown_taskflow.py
[2026-03-18T06:45:57.271+0000] {processor.py:914} INFO - Processing file /home/komal/data-engineering-projects/airflow-spark-pipeline/airflow_venv/lib/python3.11/site-packages/airflow/example_dags/example_setup_teardown_taskflow.py for tasks to queue
[2026-03-18T06:45:57.273+0000] {logging_mixin.py:190} INFO - [2026-03-18T06:45:57.272+0000] {dagbag.py:588} INFO - Filling up the DagBag from /home/komal/data-engineering-projects/airflow-spark-pipeline/airflow_venv/lib/python3.11/site-packages/airflow/example_dags/example_setup_teardown_taskflow.py
[2026-03-18T06:45:57.282+0000] {processor.py:925} INFO - DAG(s) 'example_setup_teardown_taskflow' retrieved from /home/komal/data-engineering-projects/airflow-spark-pipeline/airflow_venv/lib/python3.11/site-packages/airflow/example_dags/example_setup_teardown_taskflow.py
[2026-03-18T06:45:57.296+0000] {logging_mixin.py:190} INFO - [2026-03-18T06:45:57.296+0000] {dag.py:3239} INFO - Sync 1 DAGs
[2026-03-18T06:45:57.303+0000] {logging_mixin.py:190} INFO - [2026-03-18T06:45:57.303+0000] {dag.py:4180} INFO - Setting next_dagrun for example_setup_teardown_taskflow to None, run_after=None
[2026-03-18T06:45:57.341+0000] {processor.py:208} INFO - Processing /home/komal/data-engineering-projects/airflow-spark-pipeline/airflow_venv/lib/python3.11/site-packages/airflow/example_dags/example_setup_teardown_taskflow.py took 0.079 seconds
[2026-03-18T06:47:15.014+0000] {processor.py:186} INFO - Started process (PID=29459) to work on /home/komal/data-engineering-projects/airflow-spark-pipeline/airflow_venv/lib/python3.11/site-packages/airflow/example_dags/example_setup_teardown_taskflow.py
[2026-03-18T06:47:15.046+0000] {processor.py:914} INFO - Processing file /home/komal/data-engineering-projects/airflow-spark-pipeline/airflow_venv/lib/python3.11/site-packages/airflow/example_dags/example_setup_teardown_taskflow.py for tasks to queue
[2026-03-18T06:47:15.049+0000] {logging_mixin.py:190} INFO - [2026-03-18T06:47:15.049+0000] {dagbag.py:588} INFO - Filling up the DagBag from /home/komal/data-engineering-projects/airflow-spark-pipeline/airflow_venv/lib/python3.11/site-packages/airflow/example_dags/example_setup_teardown_taskflow.py
[2026-03-18T06:47:15.059+0000] {processor.py:925} INFO - DAG(s) 'example_setup_teardown_taskflow' retrieved from /home/komal/data-engineering-projects/airflow-spark-pipeline/airflow_venv/lib/python3.11/site-packages/airflow/example_dags/example_setup_teardown_taskflow.py
[2026-03-18T06:47:15.070+0000] {logging_mixin.py:190} INFO - [2026-03-18T06:47:15.070+0000] {dag.py:3239} INFO - Sync 1 DAGs
[2026-03-18T06:47:15.098+0000] {logging_mixin.py:190} INFO - [2026-03-18T06:47:15.097+0000] {dag.py:4180} INFO - Setting next_dagrun for example_setup_teardown_taskflow to None, run_after=None
[2026-03-18T06:47:15.122+0000] {processor.py:208} INFO - Processing /home/komal/data-engineering-projects/airflow-spark-pipeline/airflow_venv/lib/python3.11/site-packages/airflow/example_dags/example_setup_teardown_taskflow.py took 0.112 seconds
[2026-03-18T06:48:37.315+0000] {processor.py:186} INFO - Started process (PID=29620) to work on /home/komal/data-engineering-projects/airflow-spark-pipeline/airflow_venv/lib/python3.11/site-packages/airflow/example_dags/example_setup_teardown_taskflow.py
[2026-03-18T06:48:37.348+0000] {processor.py:914} INFO - Processing file /home/komal/data-engineering-projects/airflow-spark-pipeline/airflow_venv/lib/python3.11/site-packages/airflow/example_dags/example_setup_teardown_taskflow.py for tasks to queue
[2026-03-18T06:48:37.351+0000] {logging_mixin.py:190} INFO - [2026-03-18T06:48:37.351+0000] {dagbag.py:588} INFO - Filling up the DagBag from /home/komal/data-engineering-projects/airflow-spark-pipeline/airflow_venv/lib/python3.11/site-packages/airflow/example_dags/example_setup_teardown_taskflow.py
[2026-03-18T06:48:37.366+0000] {processor.py:925} INFO - DAG(s) 'example_setup_teardown_taskflow' retrieved from /home/komal/data-engineering-projects/airflow-spark-pipeline/airflow_venv/lib/python3.11/site-packages/airflow/example_dags/example_setup_teardown_taskflow.py
[2026-03-18T06:48:37.379+0000] {logging_mixin.py:190} INFO - [2026-03-18T06:48:37.379+0000] {dag.py:3239} INFO - Sync 1 DAGs
[2026-03-18T06:48:37.391+0000] {logging_mixin.py:190} INFO - [2026-03-18T06:48:37.391+0000] {dag.py:4180} INFO - Setting next_dagrun for example_setup_teardown_taskflow to None, run_after=None
[2026-03-18T06:48:37.415+0000] {processor.py:208} INFO - Processing /home/komal/data-engineering-projects/airflow-spark-pipeline/airflow_venv/lib/python3.11/site-packages/airflow/example_dags/example_setup_teardown_taskflow.py took 0.104 seconds
[2026-03-18T06:49:47.194+0000] {processor.py:186} INFO - Started process (PID=29689) to work on /home/komal/data-engineering-projects/airflow-spark-pipeline/airflow_venv/lib/python3.11/site-packages/airflow/example_dags/example_setup_teardown_taskflow.py
[2026-03-18T06:49:47.198+0000] {processor.py:914} INFO - Processing file /home/komal/data-engineering-projects/airflow-spark-pipeline/airflow_venv/lib/python3.11/site-packages/airflow/example_dags/example_setup_teardown_taskflow.py for tasks to queue
[2026-03-18T06:49:47.202+0000] {logging_mixin.py:190} INFO - [2026-03-18T06:49:47.201+0000] {dagbag.py:588} INFO - Filling up the DagBag from /home/komal/data-engineering-projects/airflow-spark-pipeline/airflow_venv/lib/python3.11/site-packages/airflow/example_dags/example_setup_teardown_taskflow.py
[2026-03-18T06:49:47.213+0000] {processor.py:925} INFO - DAG(s) 'example_setup_teardown_taskflow' retrieved from /home/komal/data-engineering-projects/airflow-spark-pipeline/airflow_venv/lib/python3.11/site-packages/airflow/example_dags/example_setup_teardown_taskflow.py
[2026-03-18T06:49:47.224+0000] {logging_mixin.py:190} INFO - [2026-03-18T06:49:47.224+0000] {dag.py:3239} INFO - Sync 1 DAGs
[2026-03-18T06:49:47.232+0000] {logging_mixin.py:190} INFO - [2026-03-18T06:49:47.231+0000] {dag.py:4180} INFO - Setting next_dagrun for example_setup_teardown_taskflow to None, run_after=None
[2026-03-18T06:49:47.253+0000] {processor.py:208} INFO - Processing /home/komal/data-engineering-projects/airflow-spark-pipeline/airflow_venv/lib/python3.11/site-packages/airflow/example_dags/example_setup_teardown_taskflow.py took 0.068 seconds
[2026-03-18T06:51:08.608+0000] {processor.py:186} INFO - Started process (PID=29837) to work on /home/komal/data-engineering-projects/airflow-spark-pipeline/airflow_venv/lib/python3.11/site-packages/airflow/example_dags/example_setup_teardown_taskflow.py
[2026-03-18T06:51:08.611+0000] {processor.py:914} INFO - Processing file /home/komal/data-engineering-projects/airflow-spark-pipeline/airflow_venv/lib/python3.11/site-packages/airflow/example_dags/example_setup_teardown_taskflow.py for tasks to queue
[2026-03-18T06:51:08.614+0000] {logging_mixin.py:190} INFO - [2026-03-18T06:51:08.613+0000] {dagbag.py:588} INFO - Filling up the DagBag from /home/komal/data-engineering-projects/airflow-spark-pipeline/airflow_venv/lib/python3.11/site-packages/airflow/example_dags/example_setup_teardown_taskflow.py
[2026-03-18T06:51:08.622+0000] {processor.py:925} INFO - DAG(s) 'example_setup_teardown_taskflow' retrieved from /home/komal/data-engineering-projects/airflow-spark-pipeline/airflow_venv/lib/python3.11/site-packages/airflow/example_dags/example_setup_teardown_taskflow.py
[2026-03-18T06:51:08.647+0000] {logging_mixin.py:190} INFO - [2026-03-18T06:51:08.646+0000] {dag.py:3239} INFO - Sync 1 DAGs
[2026-03-18T06:51:08.657+0000] {logging_mixin.py:190} INFO - [2026-03-18T06:51:08.657+0000] {dag.py:4180} INFO - Setting next_dagrun for example_setup_teardown_taskflow to None, run_after=None
[2026-03-18T06:51:08.677+0000] {processor.py:208} INFO - Processing /home/komal/data-engineering-projects/airflow-spark-pipeline/airflow_venv/lib/python3.11/site-packages/airflow/example_dags/example_setup_teardown_taskflow.py took 0.077 seconds
[2026-03-18T06:52:07.242+0000] {processor.py:186} INFO - Started process (PID=29973) to work on /home/komal/data-engineering-projects/airflow-spark-pipeline/airflow_venv/lib/python3.11/site-packages/airflow/example_dags/example_setup_teardown_taskflow.py
[2026-03-18T06:52:07.247+0000] {processor.py:914} INFO - Processing file /home/komal/data-engineering-projects/airflow-spark-pipeline/airflow_venv/lib/python3.11/site-packages/airflow/example_dags/example_setup_teardown_taskflow.py for tasks to queue
[2026-03-18T06:52:07.249+0000] {logging_mixin.py:190} INFO - [2026-03-18T06:52:07.249+0000] {dagbag.py:588} INFO - Filling up the DagBag from /home/komal/data-engineering-projects/airflow-spark-pipeline/airflow_venv/lib/python3.11/site-packages/airflow/example_dags/example_setup_teardown_taskflow.py
[2026-03-18T06:52:07.258+0000] {processor.py:925} INFO - DAG(s) 'example_setup_teardown_taskflow' retrieved from /home/komal/data-engineering-projects/airflow-spark-pipeline/airflow_venv/lib/python3.11/site-packages/airflow/example_dags/example_setup_teardown_taskflow.py
[2026-03-18T06:52:07.285+0000] {logging_mixin.py:190} INFO - [2026-03-18T06:52:07.285+0000] {dag.py:3239} INFO - Sync 1 DAGs
[2026-03-18T06:52:07.293+0000] {logging_mixin.py:190} INFO - [2026-03-18T06:52:07.292+0000] {dag.py:4180} INFO - Setting next_dagrun for example_setup_teardown_taskflow to None, run_after=None
[2026-03-18T06:52:07.318+0000] {processor.py:208} INFO - Processing /home/komal/data-engineering-projects/airflow-spark-pipeline/airflow_venv/lib/python3.11/site-packages/airflow/example_dags/example_setup_teardown_taskflow.py took 0.081 seconds
[2026-03-18T06:53:19.483+0000] {processor.py:186} INFO - Started process (PID=30041) to work on /home/komal/data-engineering-projects/airflow-spark-pipeline/airflow_venv/lib/python3.11/site-packages/airflow/example_dags/example_setup_teardown_taskflow.py
[2026-03-18T06:53:19.486+0000] {processor.py:914} INFO - Processing file /home/komal/data-engineering-projects/airflow-spark-pipeline/airflow_venv/lib/python3.11/site-packages/airflow/example_dags/example_setup_teardown_taskflow.py for tasks to queue
[2026-03-18T06:53:19.488+0000] {logging_mixin.py:190} INFO - [2026-03-18T06:53:19.488+0000] {dagbag.py:588} INFO - Filling up the DagBag from /home/komal/data-engineering-projects/airflow-spark-pipeline/airflow_venv/lib/python3.11/site-packages/airflow/example_dags/example_setup_teardown_taskflow.py
[2026-03-18T06:53:19.498+0000] {processor.py:925} INFO - DAG(s) 'example_setup_teardown_taskflow' retrieved from /home/komal/data-engineering-projects/airflow-spark-pipeline/airflow_venv/lib/python3.11/site-packages/airflow/example_dags/example_setup_teardown_taskflow.py
[2026-03-18T06:53:19.511+0000] {logging_mixin.py:190} INFO - [2026-03-18T06:53:19.511+0000] {dag.py:3239} INFO - Sync 1 DAGs
[2026-03-18T06:53:19.519+0000] {logging_mixin.py:190} INFO - [2026-03-18T06:53:19.519+0000] {dag.py:4180} INFO - Setting next_dagrun for example_setup_teardown_taskflow to None, run_after=None
[2026-03-18T06:53:19.543+0000] {processor.py:208} INFO - Processing /home/komal/data-engineering-projects/airflow-spark-pipeline/airflow_venv/lib/python3.11/site-packages/airflow/example_dags/example_setup_teardown_taskflow.py took 0.068 seconds
[2026-03-18T06:54:35.478+0000] {processor.py:186} INFO - Started process (PID=30188) to work on /home/komal/data-engineering-projects/airflow-spark-pipeline/airflow_venv/lib/python3.11/site-packages/airflow/example_dags/example_setup_teardown_taskflow.py
[2026-03-18T06:54:35.510+0000] {processor.py:914} INFO - Processing file /home/komal/data-engineering-projects/airflow-spark-pipeline/airflow_venv/lib/python3.11/site-packages/airflow/example_dags/example_setup_teardown_taskflow.py for tasks to queue
[2026-03-18T06:54:35.514+0000] {logging_mixin.py:190} INFO - [2026-03-18T06:54:35.514+0000] {dagbag.py:588} INFO - Filling up the DagBag from /home/komal/data-engineering-projects/airflow-spark-pipeline/airflow_venv/lib/python3.11/site-packages/airflow/example_dags/example_setup_teardown_taskflow.py
[2026-03-18T06:54:35.530+0000] {processor.py:925} INFO - DAG(s) 'example_setup_teardown_taskflow' retrieved from /home/komal/data-engineering-projects/airflow-spark-pipeline/airflow_venv/lib/python3.11/site-packages/airflow/example_dags/example_setup_teardown_taskflow.py
[2026-03-18T06:54:35.543+0000] {logging_mixin.py:190} INFO - [2026-03-18T06:54:35.543+0000] {dag.py:3239} INFO - Sync 1 DAGs
[2026-03-18T06:54:35.557+0000] {logging_mixin.py:190} INFO - [2026-03-18T06:54:35.557+0000] {dag.py:4180} INFO - Setting next_dagrun for example_setup_teardown_taskflow to None, run_after=None
[2026-03-18T06:54:35.580+0000] {processor.py:208} INFO - Processing /home/komal/data-engineering-projects/airflow-spark-pipeline/airflow_venv/lib/python3.11/site-packages/airflow/example_dags/example_setup_teardown_taskflow.py took 0.110 seconds
[2026-03-18T06:56:47.579+0000] {processor.py:186} INFO - Started process (PID=30470) to work on /home/komal/data-engineering-projects/airflow-spark-pipeline/airflow_venv/lib/python3.11/site-packages/airflow/example_dags/example_setup_teardown_taskflow.py
[2026-03-18T06:56:47.614+0000] {processor.py:914} INFO - Processing file /home/komal/data-engineering-projects/airflow-spark-pipeline/airflow_venv/lib/python3.11/site-packages/airflow/example_dags/example_setup_teardown_taskflow.py for tasks to queue
[2026-03-18T06:56:47.620+0000] {logging_mixin.py:190} INFO - [2026-03-18T06:56:47.619+0000] {dagbag.py:588} INFO - Filling up the DagBag from /home/komal/data-engineering-projects/airflow-spark-pipeline/airflow_venv/lib/python3.11/site-packages/airflow/example_dags/example_setup_teardown_taskflow.py
[2026-03-18T06:56:47.638+0000] {processor.py:925} INFO - DAG(s) 'example_setup_teardown_taskflow' retrieved from /home/komal/data-engineering-projects/airflow-spark-pipeline/airflow_venv/lib/python3.11/site-packages/airflow/example_dags/example_setup_teardown_taskflow.py
[2026-03-18T06:56:47.653+0000] {logging_mixin.py:190} INFO - [2026-03-18T06:56:47.653+0000] {dag.py:3239} INFO - Sync 1 DAGs
[2026-03-18T06:56:47.663+0000] {logging_mixin.py:190} INFO - [2026-03-18T06:56:47.662+0000] {dag.py:4180} INFO - Setting next_dagrun for example_setup_teardown_taskflow to None, run_after=None
[2026-03-18T06:56:47.700+0000] {processor.py:208} INFO - Processing /home/komal/data-engineering-projects/airflow-spark-pipeline/airflow_venv/lib/python3.11/site-packages/airflow/example_dags/example_setup_teardown_taskflow.py took 0.134 seconds
[2026-03-18T06:58:02.126+0000] {processor.py:186} INFO - Started process (PID=30545) to work on /home/komal/data-engineering-projects/airflow-spark-pipeline/airflow_venv/lib/python3.11/site-packages/airflow/example_dags/example_setup_teardown_taskflow.py
[2026-03-18T06:58:02.159+0000] {processor.py:914} INFO - Processing file /home/komal/data-engineering-projects/airflow-spark-pipeline/airflow_venv/lib/python3.11/site-packages/airflow/example_dags/example_setup_teardown_taskflow.py for tasks to queue
[2026-03-18T06:58:02.163+0000] {logging_mixin.py:190} INFO - [2026-03-18T06:58:02.162+0000] {dagbag.py:588} INFO - Filling up the DagBag from /home/komal/data-engineering-projects/airflow-spark-pipeline/airflow_venv/lib/python3.11/site-packages/airflow/example_dags/example_setup_teardown_taskflow.py
[2026-03-18T06:58:02.184+0000] {processor.py:925} INFO - DAG(s) 'example_setup_teardown_taskflow' retrieved from /home/komal/data-engineering-projects/airflow-spark-pipeline/airflow_venv/lib/python3.11/site-packages/airflow/example_dags/example_setup_teardown_taskflow.py
[2026-03-18T06:58:02.203+0000] {logging_mixin.py:190} INFO - [2026-03-18T06:58:02.203+0000] {dag.py:3239} INFO - Sync 1 DAGs
[2026-03-18T06:58:02.213+0000] {logging_mixin.py:190} INFO - [2026-03-18T06:58:02.213+0000] {dag.py:4180} INFO - Setting next_dagrun for example_setup_teardown_taskflow to None, run_after=None
[2026-03-18T06:58:02.252+0000] {processor.py:208} INFO - Processing /home/komal/data-engineering-projects/airflow-spark-pipeline/airflow_venv/lib/python3.11/site-packages/airflow/example_dags/example_setup_teardown_taskflow.py took 0.136 seconds
[2026-03-18T06:59:26.132+0000] {processor.py:186} INFO - Started process (PID=30690) to work on /home/komal/data-engineering-projects/airflow-spark-pipeline/airflow_venv/lib/python3.11/site-packages/airflow/example_dags/example_setup_teardown_taskflow.py
[2026-03-18T06:59:26.163+0000] {processor.py:914} INFO - Processing file /home/komal/data-engineering-projects/airflow-spark-pipeline/airflow_venv/lib/python3.11/site-packages/airflow/example_dags/example_setup_teardown_taskflow.py for tasks to queue
[2026-03-18T06:59:26.167+0000] {logging_mixin.py:190} INFO - [2026-03-18T06:59:26.166+0000] {dagbag.py:588} INFO - Filling up the DagBag from /home/komal/data-engineering-projects/airflow-spark-pipeline/airflow_venv/lib/python3.11/site-packages/airflow/example_dags/example_setup_teardown_taskflow.py
[2026-03-18T06:59:26.182+0000] {processor.py:925} INFO - DAG(s) 'example_setup_teardown_taskflow' retrieved from /home/komal/data-engineering-projects/airflow-spark-pipeline/airflow_venv/lib/python3.11/site-packages/airflow/example_dags/example_setup_teardown_taskflow.py
[2026-03-18T06:59:26.201+0000] {logging_mixin.py:190} INFO - [2026-03-18T06:59:26.201+0000] {dag.py:3239} INFO - Sync 1 DAGs
[2026-03-18T06:59:26.215+0000] {logging_mixin.py:190} INFO - [2026-03-18T06:59:26.215+0000] {dag.py:4180} INFO - Setting next_dagrun for example_setup_teardown_taskflow to None, run_after=None
[2026-03-18T06:59:26.248+0000] {processor.py:208} INFO - Processing /home/komal/data-engineering-projects/airflow-spark-pipeline/airflow_venv/lib/python3.11/site-packages/airflow/example_dags/example_setup_teardown_taskflow.py took 0.121 seconds
[2026-03-18T07:00:42.938+0000] {processor.py:186} INFO - Started process (PID=30839) to work on /home/komal/data-engineering-projects/airflow-spark-pipeline/airflow_venv/lib/python3.11/site-packages/airflow/example_dags/example_setup_teardown_taskflow.py
[2026-03-18T07:00:42.969+0000] {processor.py:914} INFO - Processing file /home/komal/data-engineering-projects/airflow-spark-pipeline/airflow_venv/lib/python3.11/site-packages/airflow/example_dags/example_setup_teardown_taskflow.py for tasks to queue
[2026-03-18T07:00:42.972+0000] {logging_mixin.py:190} INFO - [2026-03-18T07:00:42.971+0000] {dagbag.py:588} INFO - Filling up the DagBag from /home/komal/data-engineering-projects/airflow-spark-pipeline/airflow_venv/lib/python3.11/site-packages/airflow/example_dags/example_setup_teardown_taskflow.py
[2026-03-18T07:00:42.988+0000] {processor.py:925} INFO - DAG(s) 'example_setup_teardown_taskflow' retrieved from /home/komal/data-engineering-projects/airflow-spark-pipeline/airflow_venv/lib/python3.11/site-packages/airflow/example_dags/example_setup_teardown_taskflow.py
[2026-03-18T07:00:43.002+0000] {logging_mixin.py:190} INFO - [2026-03-18T07:00:43.002+0000] {dag.py:3239} INFO - Sync 1 DAGs
[2026-03-18T07:00:43.009+0000] {logging_mixin.py:190} INFO - [2026-03-18T07:00:43.009+0000] {dag.py:4180} INFO - Setting next_dagrun for example_setup_teardown_taskflow to None, run_after=None
[2026-03-18T07:00:43.051+0000] {processor.py:208} INFO - Processing /home/komal/data-engineering-projects/airflow-spark-pipeline/airflow_venv/lib/python3.11/site-packages/airflow/example_dags/example_setup_teardown_taskflow.py took 0.118 seconds
[2026-03-18T07:02:08.710+0000] {processor.py:186} INFO - Started process (PID=30919) to work on /home/komal/data-engineering-projects/airflow-spark-pipeline/airflow_venv/lib/python3.11/site-packages/airflow/example_dags/example_setup_teardown_taskflow.py
[2026-03-18T07:02:08.713+0000] {processor.py:914} INFO - Processing file /home/komal/data-engineering-projects/airflow-spark-pipeline/airflow_venv/lib/python3.11/site-packages/airflow/example_dags/example_setup_teardown_taskflow.py for tasks to queue
[2026-03-18T07:02:08.716+0000] {logging_mixin.py:190} INFO - [2026-03-18T07:02:08.716+0000] {dagbag.py:588} INFO - Filling up the DagBag from /home/komal/data-engineering-projects/airflow-spark-pipeline/airflow_venv/lib/python3.11/site-packages/airflow/example_dags/example_setup_teardown_taskflow.py
[2026-03-18T07:02:08.730+0000] {processor.py:925} INFO - DAG(s) 'example_setup_teardown_taskflow' retrieved from /home/komal/data-engineering-projects/airflow-spark-pipeline/airflow_venv/lib/python3.11/site-packages/airflow/example_dags/example_setup_teardown_taskflow.py
[2026-03-18T07:02:08.751+0000] {logging_mixin.py:190} INFO - [2026-03-18T07:02:08.751+0000] {dag.py:3239} INFO - Sync 1 DAGs
[2026-03-18T07:02:08.760+0000] {logging_mixin.py:190} INFO - [2026-03-18T07:02:08.760+0000] {dag.py:4180} INFO - Setting next_dagrun for example_setup_teardown_taskflow to None, run_after=None
[2026-03-18T07:02:08.786+0000] {processor.py:208} INFO - Processing /home/komal/data-engineering-projects/airflow-spark-pipeline/airflow_venv/lib/python3.11/site-packages/airflow/example_dags/example_setup_teardown_taskflow.py took 0.087 seconds
[2026-03-18T07:03:16.863+0000] {processor.py:186} INFO - Started process (PID=31010) to work on /home/komal/data-engineering-projects/airflow-spark-pipeline/airflow_venv/lib/python3.11/site-packages/airflow/example_dags/example_setup_teardown_taskflow.py
[2026-03-18T07:03:16.864+0000] {processor.py:914} INFO - Processing file /home/komal/data-engineering-projects/airflow-spark-pipeline/airflow_venv/lib/python3.11/site-packages/airflow/example_dags/example_setup_teardown_taskflow.py for tasks to queue
[2026-03-18T07:03:16.865+0000] {logging_mixin.py:190} INFO - [2026-03-18T07:03:16.865+0000] {dagbag.py:588} INFO - Filling up the DagBag from /home/komal/data-engineering-projects/airflow-spark-pipeline/airflow_venv/lib/python3.11/site-packages/airflow/example_dags/example_setup_teardown_taskflow.py
[2026-03-18T07:03:16.874+0000] {processor.py:925} INFO - DAG(s) 'example_setup_teardown_taskflow' retrieved from /home/komal/data-engineering-projects/airflow-spark-pipeline/airflow_venv/lib/python3.11/site-packages/airflow/example_dags/example_setup_teardown_taskflow.py
[2026-03-18T07:03:16.889+0000] {logging_mixin.py:190} INFO - [2026-03-18T07:03:16.889+0000] {dag.py:3239} INFO - Sync 1 DAGs
[2026-03-18T07:03:16.909+0000] {logging_mixin.py:190} INFO - [2026-03-18T07:03:16.909+0000] {dag.py:4180} INFO - Setting next_dagrun for example_setup_teardown_taskflow to None, run_after=None
[2026-03-18T07:03:16.949+0000] {processor.py:208} INFO - Processing /home/komal/data-engineering-projects/airflow-spark-pipeline/airflow_venv/lib/python3.11/site-packages/airflow/example_dags/example_setup_teardown_taskflow.py took 0.094 seconds
[2026-03-18T07:04:15.963+0000] {processor.py:186} INFO - Started process (PID=31102) to work on /home/komal/data-engineering-projects/airflow-spark-pipeline/airflow_venv/lib/python3.11/site-packages/airflow/example_dags/example_setup_teardown_taskflow.py
[2026-03-18T07:04:15.964+0000] {processor.py:914} INFO - Processing file /home/komal/data-engineering-projects/airflow-spark-pipeline/airflow_venv/lib/python3.11/site-packages/airflow/example_dags/example_setup_teardown_taskflow.py for tasks to queue
[2026-03-18T07:04:15.965+0000] {logging_mixin.py:190} INFO - [2026-03-18T07:04:15.965+0000] {dagbag.py:588} INFO - Filling up the DagBag from /home/komal/data-engineering-projects/airflow-spark-pipeline/airflow_venv/lib/python3.11/site-packages/airflow/example_dags/example_setup_teardown_taskflow.py
[2026-03-18T07:04:15.980+0000] {processor.py:925} INFO - DAG(s) 'example_setup_teardown_taskflow' retrieved from /home/komal/data-engineering-projects/airflow-spark-pipeline/airflow_venv/lib/python3.11/site-packages/airflow/example_dags/example_setup_teardown_taskflow.py
[2026-03-18T07:04:15.998+0000] {logging_mixin.py:190} INFO - [2026-03-18T07:04:15.998+0000] {dag.py:3239} INFO - Sync 1 DAGs
[2026-03-18T07:04:16.011+0000] {logging_mixin.py:190} INFO - [2026-03-18T07:04:16.011+0000] {dag.py:4180} INFO - Setting next_dagrun for example_setup_teardown_taskflow to None, run_after=None
[2026-03-18T07:04:16.031+0000] {processor.py:208} INFO - Processing /home/komal/data-engineering-projects/airflow-spark-pipeline/airflow_venv/lib/python3.11/site-packages/airflow/example_dags/example_setup_teardown_taskflow.py took 0.072 seconds
[2026-03-18T07:05:15.140+0000] {processor.py:186} INFO - Started process (PID=31163) to work on /home/komal/data-engineering-projects/airflow-spark-pipeline/airflow_venv/lib/python3.11/site-packages/airflow/example_dags/example_setup_teardown_taskflow.py
[2026-03-18T07:05:15.141+0000] {processor.py:914} INFO - Processing file /home/komal/data-engineering-projects/airflow-spark-pipeline/airflow_venv/lib/python3.11/site-packages/airflow/example_dags/example_setup_teardown_taskflow.py for tasks to queue
[2026-03-18T07:05:15.143+0000] {logging_mixin.py:190} INFO - [2026-03-18T07:05:15.142+0000] {dagbag.py:588} INFO - Filling up the DagBag from /home/komal/data-engineering-projects/airflow-spark-pipeline/airflow_venv/lib/python3.11/site-packages/airflow/example_dags/example_setup_teardown_taskflow.py
[2026-03-18T07:05:15.152+0000] {processor.py:925} INFO - DAG(s) 'example_setup_teardown_taskflow' retrieved from /home/komal/data-engineering-projects/airflow-spark-pipeline/airflow_venv/lib/python3.11/site-packages/airflow/example_dags/example_setup_teardown_taskflow.py
[2026-03-18T07:05:15.166+0000] {logging_mixin.py:190} INFO - [2026-03-18T07:05:15.166+0000] {dag.py:3239} INFO - Sync 1 DAGs
[2026-03-18T07:05:15.176+0000] {logging_mixin.py:190} INFO - [2026-03-18T07:05:15.176+0000] {dag.py:4180} INFO - Setting next_dagrun for example_setup_teardown_taskflow to None, run_after=None
[2026-03-18T07:05:15.194+0000] {processor.py:208} INFO - Processing /home/komal/data-engineering-projects/airflow-spark-pipeline/airflow_venv/lib/python3.11/site-packages/airflow/example_dags/example_setup_teardown_taskflow.py took 0.059 seconds
[2026-03-18T07:09:39.269+0000] {processor.py:186} INFO - Started process (PID=31260) to work on /home/komal/data-engineering-projects/airflow-spark-pipeline/airflow_venv/lib/python3.11/site-packages/airflow/example_dags/example_setup_teardown_taskflow.py
[2026-03-18T07:09:39.272+0000] {processor.py:914} INFO - Processing file /home/komal/data-engineering-projects/airflow-spark-pipeline/airflow_venv/lib/python3.11/site-packages/airflow/example_dags/example_setup_teardown_taskflow.py for tasks to queue
[2026-03-18T07:09:39.273+0000] {logging_mixin.py:190} INFO - [2026-03-18T07:09:39.273+0000] {dagbag.py:588} INFO - Filling up the DagBag from /home/komal/data-engineering-projects/airflow-spark-pipeline/airflow_venv/lib/python3.11/site-packages/airflow/example_dags/example_setup_teardown_taskflow.py
[2026-03-18T07:09:39.284+0000] {processor.py:925} INFO - DAG(s) 'example_setup_teardown_taskflow' retrieved from /home/komal/data-engineering-projects/airflow-spark-pipeline/airflow_venv/lib/python3.11/site-packages/airflow/example_dags/example_setup_teardown_taskflow.py
[2026-03-18T07:09:39.302+0000] {logging_mixin.py:190} INFO - [2026-03-18T07:09:39.302+0000] {dag.py:3239} INFO - Sync 1 DAGs
[2026-03-18T07:09:39.314+0000] {logging_mixin.py:190} INFO - [2026-03-18T07:09:39.314+0000] {dag.py:4180} INFO - Setting next_dagrun for example_setup_teardown_taskflow to None, run_after=None
[2026-03-18T07:09:39.341+0000] {processor.py:208} INFO - Processing /home/komal/data-engineering-projects/airflow-spark-pipeline/airflow_venv/lib/python3.11/site-packages/airflow/example_dags/example_setup_teardown_taskflow.py took 0.079 seconds
[2026-03-18T07:10:42.228+0000] {processor.py:186} INFO - Started process (PID=31324) to work on /home/komal/data-engineering-projects/airflow-spark-pipeline/airflow_venv/lib/python3.11/site-packages/airflow/example_dags/example_setup_teardown_taskflow.py
[2026-03-18T07:10:42.230+0000] {processor.py:914} INFO - Processing file /home/komal/data-engineering-projects/airflow-spark-pipeline/airflow_venv/lib/python3.11/site-packages/airflow/example_dags/example_setup_teardown_taskflow.py for tasks to queue
[2026-03-18T07:10:42.232+0000] {logging_mixin.py:190} INFO - [2026-03-18T07:10:42.231+0000] {dagbag.py:588} INFO - Filling up the DagBag from /home/komal/data-engineering-projects/airflow-spark-pipeline/airflow_venv/lib/python3.11/site-packages/airflow/example_dags/example_setup_teardown_taskflow.py
[2026-03-18T07:10:42.249+0000] {processor.py:925} INFO - DAG(s) 'example_setup_teardown_taskflow' retrieved from /home/komal/data-engineering-projects/airflow-spark-pipeline/airflow_venv/lib/python3.11/site-packages/airflow/example_dags/example_setup_teardown_taskflow.py
[2026-03-18T07:10:42.268+0000] {logging_mixin.py:190} INFO - [2026-03-18T07:10:42.268+0000] {dag.py:3239} INFO - Sync 1 DAGs
[2026-03-18T07:10:42.279+0000] {logging_mixin.py:190} INFO - [2026-03-18T07:10:42.279+0000] {dag.py:4180} INFO - Setting next_dagrun for example_setup_teardown_taskflow to None, run_after=None
[2026-03-18T07:10:42.300+0000] {processor.py:208} INFO - Processing /home/komal/data-engineering-projects/airflow-spark-pipeline/airflow_venv/lib/python3.11/site-packages/airflow/example_dags/example_setup_teardown_taskflow.py took 0.078 seconds
[2026-03-18T07:11:46.061+0000] {processor.py:186} INFO - Started process (PID=31392) to work on /home/komal/data-engineering-projects/airflow-spark-pipeline/airflow_venv/lib/python3.11/site-packages/airflow/example_dags/example_setup_teardown_taskflow.py
[2026-03-18T07:11:46.094+0000] {processor.py:914} INFO - Processing file /home/komal/data-engineering-projects/airflow-spark-pipeline/airflow_venv/lib/python3.11/site-packages/airflow/example_dags/example_setup_teardown_taskflow.py for tasks to queue
[2026-03-18T07:11:46.096+0000] {logging_mixin.py:190} INFO - [2026-03-18T07:11:46.096+0000] {dagbag.py:588} INFO - Filling up the DagBag from /home/komal/data-engineering-projects/airflow-spark-pipeline/airflow_venv/lib/python3.11/site-packages/airflow/example_dags/example_setup_teardown_taskflow.py
[2026-03-18T07:11:46.115+0000] {processor.py:925} INFO - DAG(s) 'example_setup_teardown_taskflow' retrieved from /home/komal/data-engineering-projects/airflow-spark-pipeline/airflow_venv/lib/python3.11/site-packages/airflow/example_dags/example_setup_teardown_taskflow.py
[2026-03-18T07:11:46.128+0000] {logging_mixin.py:190} INFO - [2026-03-18T07:11:46.128+0000] {dag.py:3239} INFO - Sync 1 DAGs
[2026-03-18T07:11:46.137+0000] {logging_mixin.py:190} INFO - [2026-03-18T07:11:46.137+0000] {dag.py:4180} INFO - Setting next_dagrun for example_setup_teardown_taskflow to None, run_after=None
[2026-03-18T07:11:46.159+0000] {processor.py:208} INFO - Processing /home/komal/data-engineering-projects/airflow-spark-pipeline/airflow_venv/lib/python3.11/site-packages/airflow/example_dags/example_setup_teardown_taskflow.py took 0.105 seconds
[2026-03-18T07:12:52.004+0000] {processor.py:186} INFO - Started process (PID=31456) to work on /home/komal/data-engineering-projects/airflow-spark-pipeline/airflow_venv/lib/python3.11/site-packages/airflow/example_dags/example_setup_teardown_taskflow.py
[2026-03-18T07:12:52.006+0000] {processor.py:914} INFO - Processing file /home/komal/data-engineering-projects/airflow-spark-pipeline/airflow_venv/lib/python3.11/site-packages/airflow/example_dags/example_setup_teardown_taskflow.py for tasks to queue
[2026-03-18T07:12:52.006+0000] {logging_mixin.py:190} INFO - [2026-03-18T07:12:52.006+0000] {dagbag.py:588} INFO - Filling up the DagBag from /home/komal/data-engineering-projects/airflow-spark-pipeline/airflow_venv/lib/python3.11/site-packages/airflow/example_dags/example_setup_teardown_taskflow.py
[2026-03-18T07:12:52.020+0000] {processor.py:925} INFO - DAG(s) 'example_setup_teardown_taskflow' retrieved from /home/komal/data-engineering-projects/airflow-spark-pipeline/airflow_venv/lib/python3.11/site-packages/airflow/example_dags/example_setup_teardown_taskflow.py
[2026-03-18T07:12:52.050+0000] {logging_mixin.py:190} INFO - [2026-03-18T07:12:52.050+0000] {dag.py:3239} INFO - Sync 1 DAGs
[2026-03-18T07:12:52.063+0000] {logging_mixin.py:190} INFO - [2026-03-18T07:12:52.063+0000] {dag.py:4180} INFO - Setting next_dagrun for example_setup_teardown_taskflow to None, run_after=None
[2026-03-18T07:12:52.090+0000] {processor.py:208} INFO - Processing /home/komal/data-engineering-projects/airflow-spark-pipeline/airflow_venv/lib/python3.11/site-packages/airflow/example_dags/example_setup_teardown_taskflow.py took 0.090 seconds
[2026-03-18T07:14:01.343+0000] {processor.py:186} INFO - Started process (PID=31524) to work on /home/komal/data-engineering-projects/airflow-spark-pipeline/airflow_venv/lib/python3.11/site-packages/airflow/example_dags/example_setup_teardown_taskflow.py
[2026-03-18T07:14:01.374+0000] {processor.py:914} INFO - Processing file /home/komal/data-engineering-projects/airflow-spark-pipeline/airflow_venv/lib/python3.11/site-packages/airflow/example_dags/example_setup_teardown_taskflow.py for tasks to queue
[2026-03-18T07:14:01.375+0000] {logging_mixin.py:190} INFO - [2026-03-18T07:14:01.375+0000] {dagbag.py:588} INFO - Filling up the DagBag from /home/komal/data-engineering-projects/airflow-spark-pipeline/airflow_venv/lib/python3.11/site-packages/airflow/example_dags/example_setup_teardown_taskflow.py
[2026-03-18T07:14:01.384+0000] {processor.py:925} INFO - DAG(s) 'example_setup_teardown_taskflow' retrieved from /home/komal/data-engineering-projects/airflow-spark-pipeline/airflow_venv/lib/python3.11/site-packages/airflow/example_dags/example_setup_teardown_taskflow.py
[2026-03-18T07:14:01.400+0000] {logging_mixin.py:190} INFO - [2026-03-18T07:14:01.400+0000] {dag.py:3239} INFO - Sync 1 DAGs
[2026-03-18T07:14:01.412+0000] {logging_mixin.py:190} INFO - [2026-03-18T07:14:01.412+0000] {dag.py:4180} INFO - Setting next_dagrun for example_setup_teardown_taskflow to None, run_after=None
[2026-03-18T07:14:01.438+0000] {processor.py:208} INFO - Processing /home/komal/data-engineering-projects/airflow-spark-pipeline/airflow_venv/lib/python3.11/site-packages/airflow/example_dags/example_setup_teardown_taskflow.py took 0.100 seconds
[2026-03-18T07:15:11.256+0000] {processor.py:186} INFO - Started process (PID=31593) to work on /home/komal/data-engineering-projects/airflow-spark-pipeline/airflow_venv/lib/python3.11/site-packages/airflow/example_dags/example_setup_teardown_taskflow.py
[2026-03-18T07:15:11.258+0000] {processor.py:914} INFO - Processing file /home/komal/data-engineering-projects/airflow-spark-pipeline/airflow_venv/lib/python3.11/site-packages/airflow/example_dags/example_setup_teardown_taskflow.py for tasks to queue
[2026-03-18T07:15:11.261+0000] {logging_mixin.py:190} INFO - [2026-03-18T07:15:11.261+0000] {dagbag.py:588} INFO - Filling up the DagBag from /home/komal/data-engineering-projects/airflow-spark-pipeline/airflow_venv/lib/python3.11/site-packages/airflow/example_dags/example_setup_teardown_taskflow.py
[2026-03-18T07:15:11.281+0000] {processor.py:925} INFO - DAG(s) 'example_setup_teardown_taskflow' retrieved from /home/komal/data-engineering-projects/airflow-spark-pipeline/airflow_venv/lib/python3.11/site-packages/airflow/example_dags/example_setup_teardown_taskflow.py
[2026-03-18T07:15:11.303+0000] {logging_mixin.py:190} INFO - [2026-03-18T07:15:11.303+0000] {dag.py:3239} INFO - Sync 1 DAGs
[2026-03-18T07:15:11.319+0000] {logging_mixin.py:190} INFO - [2026-03-18T07:15:11.319+0000] {dag.py:4180} INFO - Setting next_dagrun for example_setup_teardown_taskflow to None, run_after=None
[2026-03-18T07:15:11.355+0000] {processor.py:208} INFO - Processing /home/komal/data-engineering-projects/airflow-spark-pipeline/airflow_venv/lib/python3.11/site-packages/airflow/example_dags/example_setup_teardown_taskflow.py took 0.108 seconds
[2026-03-18T07:16:16.784+0000] {processor.py:186} INFO - Started process (PID=31657) to work on /home/komal/data-engineering-projects/airflow-spark-pipeline/airflow_venv/lib/python3.11/site-packages/airflow/example_dags/example_setup_teardown_taskflow.py
[2026-03-18T07:16:16.787+0000] {processor.py:914} INFO - Processing file /home/komal/data-engineering-projects/airflow-spark-pipeline/airflow_venv/lib/python3.11/site-packages/airflow/example_dags/example_setup_teardown_taskflow.py for tasks to queue
[2026-03-18T07:16:16.788+0000] {logging_mixin.py:190} INFO - [2026-03-18T07:16:16.788+0000] {dagbag.py:588} INFO - Filling up the DagBag from /home/komal/data-engineering-projects/airflow-spark-pipeline/airflow_venv/lib/python3.11/site-packages/airflow/example_dags/example_setup_teardown_taskflow.py
[2026-03-18T07:16:16.798+0000] {processor.py:925} INFO - DAG(s) 'example_setup_teardown_taskflow' retrieved from /home/komal/data-engineering-projects/airflow-spark-pipeline/airflow_venv/lib/python3.11/site-packages/airflow/example_dags/example_setup_teardown_taskflow.py
[2026-03-18T07:16:16.814+0000] {logging_mixin.py:190} INFO - [2026-03-18T07:16:16.813+0000] {dag.py:3239} INFO - Sync 1 DAGs
[2026-03-18T07:16:16.833+0000] {logging_mixin.py:190} INFO - [2026-03-18T07:16:16.832+0000] {dag.py:4180} INFO - Setting next_dagrun for example_setup_teardown_taskflow to None, run_after=None
[2026-03-18T07:16:16.862+0000] {processor.py:208} INFO - Processing /home/komal/data-engineering-projects/airflow-spark-pipeline/airflow_venv/lib/python3.11/site-packages/airflow/example_dags/example_setup_teardown_taskflow.py took 0.084 seconds
[2026-03-18T07:17:20.474+0000] {processor.py:186} INFO - Started process (PID=31733) to work on /home/komal/data-engineering-projects/airflow-spark-pipeline/airflow_venv/lib/python3.11/site-packages/airflow/example_dags/example_setup_teardown_taskflow.py
[2026-03-18T07:17:20.476+0000] {processor.py:914} INFO - Processing file /home/komal/data-engineering-projects/airflow-spark-pipeline/airflow_venv/lib/python3.11/site-packages/airflow/example_dags/example_setup_teardown_taskflow.py for tasks to queue
[2026-03-18T07:17:20.481+0000] {logging_mixin.py:190} INFO - [2026-03-18T07:17:20.480+0000] {dagbag.py:588} INFO - Filling up the DagBag from /home/komal/data-engineering-projects/airflow-spark-pipeline/airflow_venv/lib/python3.11/site-packages/airflow/example_dags/example_setup_teardown_taskflow.py
[2026-03-18T07:17:20.492+0000] {processor.py:925} INFO - DAG(s) 'example_setup_teardown_taskflow' retrieved from /home/komal/data-engineering-projects/airflow-spark-pipeline/airflow_venv/lib/python3.11/site-packages/airflow/example_dags/example_setup_teardown_taskflow.py
[2026-03-18T07:17:20.509+0000] {logging_mixin.py:190} INFO - [2026-03-18T07:17:20.508+0000] {dag.py:3239} INFO - Sync 1 DAGs
[2026-03-18T07:17:20.523+0000] {logging_mixin.py:190} INFO - [2026-03-18T07:17:20.523+0000] {dag.py:4180} INFO - Setting next_dagrun for example_setup_teardown_taskflow to None, run_after=None
[2026-03-18T07:17:20.572+0000] {processor.py:208} INFO - Processing /home/komal/data-engineering-projects/airflow-spark-pipeline/airflow_venv/lib/python3.11/site-packages/airflow/example_dags/example_setup_teardown_taskflow.py took 0.102 seconds
[2026-03-18T07:18:27.338+0000] {processor.py:186} INFO - Started process (PID=31980) to work on /home/komal/data-engineering-projects/airflow-spark-pipeline/airflow_venv/lib/python3.11/site-packages/airflow/example_dags/example_setup_teardown_taskflow.py
[2026-03-18T07:18:27.340+0000] {processor.py:914} INFO - Processing file /home/komal/data-engineering-projects/airflow-spark-pipeline/airflow_venv/lib/python3.11/site-packages/airflow/example_dags/example_setup_teardown_taskflow.py for tasks to queue
[2026-03-18T07:18:27.342+0000] {logging_mixin.py:190} INFO - [2026-03-18T07:18:27.341+0000] {dagbag.py:588} INFO - Filling up the DagBag from /home/komal/data-engineering-projects/airflow-spark-pipeline/airflow_venv/lib/python3.11/site-packages/airflow/example_dags/example_setup_teardown_taskflow.py
[2026-03-18T07:18:27.361+0000] {processor.py:925} INFO - DAG(s) 'example_setup_teardown_taskflow' retrieved from /home/komal/data-engineering-projects/airflow-spark-pipeline/airflow_venv/lib/python3.11/site-packages/airflow/example_dags/example_setup_teardown_taskflow.py
[2026-03-18T07:18:27.384+0000] {logging_mixin.py:190} INFO - [2026-03-18T07:18:27.384+0000] {dag.py:3239} INFO - Sync 1 DAGs
[2026-03-18T07:18:27.401+0000] {logging_mixin.py:190} INFO - [2026-03-18T07:18:27.400+0000] {dag.py:4180} INFO - Setting next_dagrun for example_setup_teardown_taskflow to None, run_after=None
[2026-03-18T07:18:27.468+0000] {processor.py:208} INFO - Processing /home/komal/data-engineering-projects/airflow-spark-pipeline/airflow_venv/lib/python3.11/site-packages/airflow/example_dags/example_setup_teardown_taskflow.py took 0.146 seconds
[2026-03-18T07:19:39.152+0000] {processor.py:186} INFO - Started process (PID=32051) to work on /home/komal/data-engineering-projects/airflow-spark-pipeline/airflow_venv/lib/python3.11/site-packages/airflow/example_dags/example_setup_teardown_taskflow.py
[2026-03-18T07:19:39.185+0000] {processor.py:914} INFO - Processing file /home/komal/data-engineering-projects/airflow-spark-pipeline/airflow_venv/lib/python3.11/site-packages/airflow/example_dags/example_setup_teardown_taskflow.py for tasks to queue
[2026-03-18T07:19:39.188+0000] {logging_mixin.py:190} INFO - [2026-03-18T07:19:39.187+0000] {dagbag.py:588} INFO - Filling up the DagBag from /home/komal/data-engineering-projects/airflow-spark-pipeline/airflow_venv/lib/python3.11/site-packages/airflow/example_dags/example_setup_teardown_taskflow.py
[2026-03-18T07:19:39.208+0000] {processor.py:925} INFO - DAG(s) 'example_setup_teardown_taskflow' retrieved from /home/komal/data-engineering-projects/airflow-spark-pipeline/airflow_venv/lib/python3.11/site-packages/airflow/example_dags/example_setup_teardown_taskflow.py
[2026-03-18T07:19:39.237+0000] {logging_mixin.py:190} INFO - [2026-03-18T07:19:39.237+0000] {dag.py:3239} INFO - Sync 1 DAGs
[2026-03-18T07:19:39.252+0000] {logging_mixin.py:190} INFO - [2026-03-18T07:19:39.252+0000] {dag.py:4180} INFO - Setting next_dagrun for example_setup_teardown_taskflow to None, run_after=None
[2026-03-18T07:19:39.286+0000] {processor.py:208} INFO - Processing /home/komal/data-engineering-projects/airflow-spark-pipeline/airflow_venv/lib/python3.11/site-packages/airflow/example_dags/example_setup_teardown_taskflow.py took 0.147 seconds
[2026-03-18T07:20:55.827+0000] {processor.py:186} INFO - Started process (PID=32121) to work on /home/komal/data-engineering-projects/airflow-spark-pipeline/airflow_venv/lib/python3.11/site-packages/airflow/example_dags/example_setup_teardown_taskflow.py
[2026-03-18T07:20:55.861+0000] {processor.py:914} INFO - Processing file /home/komal/data-engineering-projects/airflow-spark-pipeline/airflow_venv/lib/python3.11/site-packages/airflow/example_dags/example_setup_teardown_taskflow.py for tasks to queue
[2026-03-18T07:20:55.864+0000] {logging_mixin.py:190} INFO - [2026-03-18T07:20:55.863+0000] {dagbag.py:588} INFO - Filling up the DagBag from /home/komal/data-engineering-projects/airflow-spark-pipeline/airflow_venv/lib/python3.11/site-packages/airflow/example_dags/example_setup_teardown_taskflow.py
[2026-03-18T07:20:55.885+0000] {processor.py:925} INFO - DAG(s) 'example_setup_teardown_taskflow' retrieved from /home/komal/data-engineering-projects/airflow-spark-pipeline/airflow_venv/lib/python3.11/site-packages/airflow/example_dags/example_setup_teardown_taskflow.py
[2026-03-18T07:20:55.909+0000] {logging_mixin.py:190} INFO - [2026-03-18T07:20:55.908+0000] {dag.py:3239} INFO - Sync 1 DAGs
[2026-03-18T07:20:55.927+0000] {logging_mixin.py:190} INFO - [2026-03-18T07:20:55.927+0000] {dag.py:4180} INFO - Setting next_dagrun for example_setup_teardown_taskflow to None, run_after=None
[2026-03-18T07:20:55.962+0000] {processor.py:208} INFO - Processing /home/komal/data-engineering-projects/airflow-spark-pipeline/airflow_venv/lib/python3.11/site-packages/airflow/example_dags/example_setup_teardown_taskflow.py took 0.146 seconds
[2026-03-18T07:22:14.654+0000] {processor.py:186} INFO - Started process (PID=32194) to work on /home/komal/data-engineering-projects/airflow-spark-pipeline/airflow_venv/lib/python3.11/site-packages/airflow/example_dags/example_setup_teardown_taskflow.py
[2026-03-18T07:22:14.687+0000] {processor.py:914} INFO - Processing file /home/komal/data-engineering-projects/airflow-spark-pipeline/airflow_venv/lib/python3.11/site-packages/airflow/example_dags/example_setup_teardown_taskflow.py for tasks to queue
[2026-03-18T07:22:14.691+0000] {logging_mixin.py:190} INFO - [2026-03-18T07:22:14.690+0000] {dagbag.py:588} INFO - Filling up the DagBag from /home/komal/data-engineering-projects/airflow-spark-pipeline/airflow_venv/lib/python3.11/site-packages/airflow/example_dags/example_setup_teardown_taskflow.py
[2026-03-18T07:22:14.710+0000] {processor.py:925} INFO - DAG(s) 'example_setup_teardown_taskflow' retrieved from /home/komal/data-engineering-projects/airflow-spark-pipeline/airflow_venv/lib/python3.11/site-packages/airflow/example_dags/example_setup_teardown_taskflow.py
[2026-03-18T07:22:14.730+0000] {logging_mixin.py:190} INFO - [2026-03-18T07:22:14.730+0000] {dag.py:3239} INFO - Sync 1 DAGs
[2026-03-18T07:22:14.753+0000] {logging_mixin.py:190} INFO - [2026-03-18T07:22:14.752+0000] {dag.py:4180} INFO - Setting next_dagrun for example_setup_teardown_taskflow to None, run_after=None
[2026-03-18T07:22:14.793+0000] {processor.py:208} INFO - Processing /home/komal/data-engineering-projects/airflow-spark-pipeline/airflow_venv/lib/python3.11/site-packages/airflow/example_dags/example_setup_teardown_taskflow.py took 0.149 seconds
[2026-03-18T07:23:31.362+0000] {processor.py:186} INFO - Started process (PID=32498) to work on /home/komal/data-engineering-projects/airflow-spark-pipeline/airflow_venv/lib/python3.11/site-packages/airflow/example_dags/example_setup_teardown_taskflow.py
[2026-03-18T07:23:31.364+0000] {processor.py:914} INFO - Processing file /home/komal/data-engineering-projects/airflow-spark-pipeline/airflow_venv/lib/python3.11/site-packages/airflow/example_dags/example_setup_teardown_taskflow.py for tasks to queue
[2026-03-18T07:23:31.368+0000] {logging_mixin.py:190} INFO - [2026-03-18T07:23:31.365+0000] {dagbag.py:588} INFO - Filling up the DagBag from /home/komal/data-engineering-projects/airflow-spark-pipeline/airflow_venv/lib/python3.11/site-packages/airflow/example_dags/example_setup_teardown_taskflow.py
[2026-03-18T07:23:31.388+0000] {processor.py:925} INFO - DAG(s) 'example_setup_teardown_taskflow' retrieved from /home/komal/data-engineering-projects/airflow-spark-pipeline/airflow_venv/lib/python3.11/site-packages/airflow/example_dags/example_setup_teardown_taskflow.py
[2026-03-18T07:23:31.419+0000] {logging_mixin.py:190} INFO - [2026-03-18T07:23:31.419+0000] {dag.py:3239} INFO - Sync 1 DAGs
[2026-03-18T07:23:31.437+0000] {logging_mixin.py:190} INFO - [2026-03-18T07:23:31.437+0000] {dag.py:4180} INFO - Setting next_dagrun for example_setup_teardown_taskflow to None, run_after=None
[2026-03-18T07:23:31.472+0000] {processor.py:208} INFO - Processing /home/komal/data-engineering-projects/airflow-spark-pipeline/airflow_venv/lib/python3.11/site-packages/airflow/example_dags/example_setup_teardown_taskflow.py took 0.120 seconds
[2026-03-18T07:24:40.878+0000] {processor.py:186} INFO - Started process (PID=32564) to work on /home/komal/data-engineering-projects/airflow-spark-pipeline/airflow_venv/lib/python3.11/site-packages/airflow/example_dags/example_setup_teardown_taskflow.py
[2026-03-18T07:24:40.911+0000] {processor.py:914} INFO - Processing file /home/komal/data-engineering-projects/airflow-spark-pipeline/airflow_venv/lib/python3.11/site-packages/airflow/example_dags/example_setup_teardown_taskflow.py for tasks to queue
[2026-03-18T07:24:40.913+0000] {logging_mixin.py:190} INFO - [2026-03-18T07:24:40.912+0000] {dagbag.py:588} INFO - Filling up the DagBag from /home/komal/data-engineering-projects/airflow-spark-pipeline/airflow_venv/lib/python3.11/site-packages/airflow/example_dags/example_setup_teardown_taskflow.py
[2026-03-18T07:24:40.931+0000] {processor.py:925} INFO - DAG(s) 'example_setup_teardown_taskflow' retrieved from /home/komal/data-engineering-projects/airflow-spark-pipeline/airflow_venv/lib/python3.11/site-packages/airflow/example_dags/example_setup_teardown_taskflow.py
[2026-03-18T07:24:40.953+0000] {logging_mixin.py:190} INFO - [2026-03-18T07:24:40.953+0000] {dag.py:3239} INFO - Sync 1 DAGs
[2026-03-18T07:24:40.971+0000] {logging_mixin.py:190} INFO - [2026-03-18T07:24:40.970+0000] {dag.py:4180} INFO - Setting next_dagrun for example_setup_teardown_taskflow to None, run_after=None
[2026-03-18T07:24:41.003+0000] {processor.py:208} INFO - Processing /home/komal/data-engineering-projects/airflow-spark-pipeline/airflow_venv/lib/python3.11/site-packages/airflow/example_dags/example_setup_teardown_taskflow.py took 0.134 seconds
[2026-03-18T07:26:47.636+0000] {processor.py:186} INFO - Started process (PID=32683) to work on /home/komal/data-engineering-projects/airflow-spark-pipeline/airflow_venv/lib/python3.11/site-packages/airflow/example_dags/example_setup_teardown_taskflow.py
[2026-03-18T07:26:47.669+0000] {processor.py:914} INFO - Processing file /home/komal/data-engineering-projects/airflow-spark-pipeline/airflow_venv/lib/python3.11/site-packages/airflow/example_dags/example_setup_teardown_taskflow.py for tasks to queue
[2026-03-18T07:26:47.673+0000] {logging_mixin.py:190} INFO - [2026-03-18T07:26:47.672+0000] {dagbag.py:588} INFO - Filling up the DagBag from /home/komal/data-engineering-projects/airflow-spark-pipeline/airflow_venv/lib/python3.11/site-packages/airflow/example_dags/example_setup_teardown_taskflow.py
[2026-03-18T07:26:47.693+0000] {processor.py:925} INFO - DAG(s) 'example_setup_teardown_taskflow' retrieved from /home/komal/data-engineering-projects/airflow-spark-pipeline/airflow_venv/lib/python3.11/site-packages/airflow/example_dags/example_setup_teardown_taskflow.py
[2026-03-18T07:26:47.717+0000] {logging_mixin.py:190} INFO - [2026-03-18T07:26:47.717+0000] {dag.py:3239} INFO - Sync 1 DAGs
[2026-03-18T07:26:47.735+0000] {logging_mixin.py:190} INFO - [2026-03-18T07:26:47.734+0000] {dag.py:4180} INFO - Setting next_dagrun for example_setup_teardown_taskflow to None, run_after=None
[2026-03-18T07:26:47.779+0000] {processor.py:208} INFO - Processing /home/komal/data-engineering-projects/airflow-spark-pipeline/airflow_venv/lib/python3.11/site-packages/airflow/example_dags/example_setup_teardown_taskflow.py took 0.152 seconds
[2026-03-18T07:28:02.392+0000] {processor.py:186} INFO - Started process (PID=32757) to work on /home/komal/data-engineering-projects/airflow-spark-pipeline/airflow_venv/lib/python3.11/site-packages/airflow/example_dags/example_setup_teardown_taskflow.py
[2026-03-18T07:28:02.424+0000] {processor.py:914} INFO - Processing file /home/komal/data-engineering-projects/airflow-spark-pipeline/airflow_venv/lib/python3.11/site-packages/airflow/example_dags/example_setup_teardown_taskflow.py for tasks to queue
[2026-03-18T07:28:02.427+0000] {logging_mixin.py:190} INFO - [2026-03-18T07:28:02.427+0000] {dagbag.py:588} INFO - Filling up the DagBag from /home/komal/data-engineering-projects/airflow-spark-pipeline/airflow_venv/lib/python3.11/site-packages/airflow/example_dags/example_setup_teardown_taskflow.py
[2026-03-18T07:28:02.440+0000] {processor.py:925} INFO - DAG(s) 'example_setup_teardown_taskflow' retrieved from /home/komal/data-engineering-projects/airflow-spark-pipeline/airflow_venv/lib/python3.11/site-packages/airflow/example_dags/example_setup_teardown_taskflow.py
[2026-03-18T07:28:02.461+0000] {logging_mixin.py:190} INFO - [2026-03-18T07:28:02.461+0000] {dag.py:3239} INFO - Sync 1 DAGs
[2026-03-18T07:28:02.478+0000] {logging_mixin.py:190} INFO - [2026-03-18T07:28:02.477+0000] {dag.py:4180} INFO - Setting next_dagrun for example_setup_teardown_taskflow to None, run_after=None
[2026-03-18T07:28:02.528+0000] {processor.py:208} INFO - Processing /home/komal/data-engineering-projects/airflow-spark-pipeline/airflow_venv/lib/python3.11/site-packages/airflow/example_dags/example_setup_teardown_taskflow.py took 0.143 seconds
[2026-03-18T07:29:14.972+0000] {processor.py:186} INFO - Started process (PID=32825) to work on /home/komal/data-engineering-projects/airflow-spark-pipeline/airflow_venv/lib/python3.11/site-packages/airflow/example_dags/example_setup_teardown_taskflow.py
[2026-03-18T07:29:15.003+0000] {processor.py:914} INFO - Processing file /home/komal/data-engineering-projects/airflow-spark-pipeline/airflow_venv/lib/python3.11/site-packages/airflow/example_dags/example_setup_teardown_taskflow.py for tasks to queue
[2026-03-18T07:29:15.006+0000] {logging_mixin.py:190} INFO - [2026-03-18T07:29:15.005+0000] {dagbag.py:588} INFO - Filling up the DagBag from /home/komal/data-engineering-projects/airflow-spark-pipeline/airflow_venv/lib/python3.11/site-packages/airflow/example_dags/example_setup_teardown_taskflow.py
[2026-03-18T07:29:15.020+0000] {processor.py:925} INFO - DAG(s) 'example_setup_teardown_taskflow' retrieved from /home/komal/data-engineering-projects/airflow-spark-pipeline/airflow_venv/lib/python3.11/site-packages/airflow/example_dags/example_setup_teardown_taskflow.py
[2026-03-18T07:29:15.042+0000] {logging_mixin.py:190} INFO - [2026-03-18T07:29:15.042+0000] {dag.py:3239} INFO - Sync 1 DAGs
[2026-03-18T07:29:15.069+0000] {logging_mixin.py:190} INFO - [2026-03-18T07:29:15.068+0000] {dag.py:4180} INFO - Setting next_dagrun for example_setup_teardown_taskflow to None, run_after=None
[2026-03-18T07:29:15.103+0000] {processor.py:208} INFO - Processing /home/komal/data-engineering-projects/airflow-spark-pipeline/airflow_venv/lib/python3.11/site-packages/airflow/example_dags/example_setup_teardown_taskflow.py took 0.138 seconds
[2026-03-18T07:30:13.574+0000] {processor.py:186} INFO - Started process (PID=32888) to work on /home/komal/data-engineering-projects/airflow-spark-pipeline/airflow_venv/lib/python3.11/site-packages/airflow/example_dags/example_setup_teardown_taskflow.py
[2026-03-18T07:30:13.606+0000] {processor.py:914} INFO - Processing file /home/komal/data-engineering-projects/airflow-spark-pipeline/airflow_venv/lib/python3.11/site-packages/airflow/example_dags/example_setup_teardown_taskflow.py for tasks to queue
[2026-03-18T07:30:13.608+0000] {logging_mixin.py:190} INFO - [2026-03-18T07:30:13.608+0000] {dagbag.py:588} INFO - Filling up the DagBag from /home/komal/data-engineering-projects/airflow-spark-pipeline/airflow_venv/lib/python3.11/site-packages/airflow/example_dags/example_setup_teardown_taskflow.py
[2026-03-18T07:30:13.627+0000] {processor.py:925} INFO - DAG(s) 'example_setup_teardown_taskflow' retrieved from /home/komal/data-engineering-projects/airflow-spark-pipeline/airflow_venv/lib/python3.11/site-packages/airflow/example_dags/example_setup_teardown_taskflow.py
[2026-03-18T07:30:13.650+0000] {logging_mixin.py:190} INFO - [2026-03-18T07:30:13.649+0000] {dag.py:3239} INFO - Sync 1 DAGs
[2026-03-18T07:30:13.665+0000] {logging_mixin.py:190} INFO - [2026-03-18T07:30:13.665+0000] {dag.py:4180} INFO - Setting next_dagrun for example_setup_teardown_taskflow to None, run_after=None
[2026-03-18T07:30:13.699+0000] {processor.py:208} INFO - Processing /home/komal/data-engineering-projects/airflow-spark-pipeline/airflow_venv/lib/python3.11/site-packages/airflow/example_dags/example_setup_teardown_taskflow.py took 0.135 seconds
[2026-03-18T07:31:28.713+0000] {processor.py:186} INFO - Started process (PID=33031) to work on /home/komal/data-engineering-projects/airflow-spark-pipeline/airflow_venv/lib/python3.11/site-packages/airflow/example_dags/example_setup_teardown_taskflow.py
[2026-03-18T07:31:28.718+0000] {processor.py:914} INFO - Processing file /home/komal/data-engineering-projects/airflow-spark-pipeline/airflow_venv/lib/python3.11/site-packages/airflow/example_dags/example_setup_teardown_taskflow.py for tasks to queue
[2026-03-18T07:31:28.721+0000] {logging_mixin.py:190} INFO - [2026-03-18T07:31:28.720+0000] {dagbag.py:588} INFO - Filling up the DagBag from /home/komal/data-engineering-projects/airflow-spark-pipeline/airflow_venv/lib/python3.11/site-packages/airflow/example_dags/example_setup_teardown_taskflow.py
[2026-03-18T07:31:28.739+0000] {processor.py:925} INFO - DAG(s) 'example_setup_teardown_taskflow' retrieved from /home/komal/data-engineering-projects/airflow-spark-pipeline/airflow_venv/lib/python3.11/site-packages/airflow/example_dags/example_setup_teardown_taskflow.py
[2026-03-18T07:31:28.766+0000] {logging_mixin.py:190} INFO - [2026-03-18T07:31:28.766+0000] {dag.py:3239} INFO - Sync 1 DAGs
[2026-03-18T07:31:28.783+0000] {logging_mixin.py:190} INFO - [2026-03-18T07:31:28.783+0000] {dag.py:4180} INFO - Setting next_dagrun for example_setup_teardown_taskflow to None, run_after=None
[2026-03-18T07:31:28.822+0000] {processor.py:208} INFO - Processing /home/komal/data-engineering-projects/airflow-spark-pipeline/airflow_venv/lib/python3.11/site-packages/airflow/example_dags/example_setup_teardown_taskflow.py took 0.119 seconds
[2026-03-18T07:32:40.808+0000] {processor.py:186} INFO - Started process (PID=33096) to work on /home/komal/data-engineering-projects/airflow-spark-pipeline/airflow_venv/lib/python3.11/site-packages/airflow/example_dags/example_setup_teardown_taskflow.py
[2026-03-18T07:32:40.841+0000] {processor.py:914} INFO - Processing file /home/komal/data-engineering-projects/airflow-spark-pipeline/airflow_venv/lib/python3.11/site-packages/airflow/example_dags/example_setup_teardown_taskflow.py for tasks to queue
[2026-03-18T07:32:40.846+0000] {logging_mixin.py:190} INFO - [2026-03-18T07:32:40.845+0000] {dagbag.py:588} INFO - Filling up the DagBag from /home/komal/data-engineering-projects/airflow-spark-pipeline/airflow_venv/lib/python3.11/site-packages/airflow/example_dags/example_setup_teardown_taskflow.py
[2026-03-18T07:32:40.866+0000] {processor.py:925} INFO - DAG(s) 'example_setup_teardown_taskflow' retrieved from /home/komal/data-engineering-projects/airflow-spark-pipeline/airflow_venv/lib/python3.11/site-packages/airflow/example_dags/example_setup_teardown_taskflow.py
[2026-03-18T07:32:40.889+0000] {logging_mixin.py:190} INFO - [2026-03-18T07:32:40.888+0000] {dag.py:3239} INFO - Sync 1 DAGs
[2026-03-18T07:32:40.905+0000] {logging_mixin.py:190} INFO - [2026-03-18T07:32:40.904+0000] {dag.py:4180} INFO - Setting next_dagrun for example_setup_teardown_taskflow to None, run_after=None
[2026-03-18T07:32:40.939+0000] {processor.py:208} INFO - Processing /home/komal/data-engineering-projects/airflow-spark-pipeline/airflow_venv/lib/python3.11/site-packages/airflow/example_dags/example_setup_teardown_taskflow.py took 0.140 seconds
[2026-03-18T07:34:57.801+0000] {processor.py:186} INFO - Started process (PID=33278) to work on /home/komal/data-engineering-projects/airflow-spark-pipeline/airflow_venv/lib/python3.11/site-packages/airflow/example_dags/example_setup_teardown_taskflow.py
[2026-03-18T07:34:57.806+0000] {processor.py:914} INFO - Processing file /home/komal/data-engineering-projects/airflow-spark-pipeline/airflow_venv/lib/python3.11/site-packages/airflow/example_dags/example_setup_teardown_taskflow.py for tasks to queue
[2026-03-18T07:34:57.811+0000] {logging_mixin.py:190} INFO - [2026-03-18T07:34:57.810+0000] {dagbag.py:588} INFO - Filling up the DagBag from /home/komal/data-engineering-projects/airflow-spark-pipeline/airflow_venv/lib/python3.11/site-packages/airflow/example_dags/example_setup_teardown_taskflow.py
[2026-03-18T07:34:57.834+0000] {processor.py:925} INFO - DAG(s) 'example_setup_teardown_taskflow' retrieved from /home/komal/data-engineering-projects/airflow-spark-pipeline/airflow_venv/lib/python3.11/site-packages/airflow/example_dags/example_setup_teardown_taskflow.py
[2026-03-18T07:34:57.861+0000] {logging_mixin.py:190} INFO - [2026-03-18T07:34:57.861+0000] {dag.py:3239} INFO - Sync 1 DAGs
[2026-03-18T07:34:57.878+0000] {logging_mixin.py:190} INFO - [2026-03-18T07:34:57.878+0000] {dag.py:4180} INFO - Setting next_dagrun for example_setup_teardown_taskflow to None, run_after=None
[2026-03-18T07:34:57.923+0000] {processor.py:208} INFO - Processing /home/komal/data-engineering-projects/airflow-spark-pipeline/airflow_venv/lib/python3.11/site-packages/airflow/example_dags/example_setup_teardown_taskflow.py took 0.132 seconds
[2026-03-18T07:36:06.316+0000] {processor.py:186} INFO - Started process (PID=33346) to work on /home/komal/data-engineering-projects/airflow-spark-pipeline/airflow_venv/lib/python3.11/site-packages/airflow/example_dags/example_setup_teardown_taskflow.py
[2026-03-18T07:36:06.349+0000] {processor.py:914} INFO - Processing file /home/komal/data-engineering-projects/airflow-spark-pipeline/airflow_venv/lib/python3.11/site-packages/airflow/example_dags/example_setup_teardown_taskflow.py for tasks to queue
[2026-03-18T07:36:06.354+0000] {logging_mixin.py:190} INFO - [2026-03-18T07:36:06.353+0000] {dagbag.py:588} INFO - Filling up the DagBag from /home/komal/data-engineering-projects/airflow-spark-pipeline/airflow_venv/lib/python3.11/site-packages/airflow/example_dags/example_setup_teardown_taskflow.py
[2026-03-18T07:36:06.372+0000] {processor.py:925} INFO - DAG(s) 'example_setup_teardown_taskflow' retrieved from /home/komal/data-engineering-projects/airflow-spark-pipeline/airflow_venv/lib/python3.11/site-packages/airflow/example_dags/example_setup_teardown_taskflow.py
[2026-03-18T07:36:06.400+0000] {logging_mixin.py:190} INFO - [2026-03-18T07:36:06.399+0000] {dag.py:3239} INFO - Sync 1 DAGs
[2026-03-18T07:36:06.419+0000] {logging_mixin.py:190} INFO - [2026-03-18T07:36:06.418+0000] {dag.py:4180} INFO - Setting next_dagrun for example_setup_teardown_taskflow to None, run_after=None
[2026-03-18T07:36:06.455+0000] {processor.py:208} INFO - Processing /home/komal/data-engineering-projects/airflow-spark-pipeline/airflow_venv/lib/python3.11/site-packages/airflow/example_dags/example_setup_teardown_taskflow.py took 0.146 seconds
[2026-03-18T07:37:19.697+0000] {processor.py:186} INFO - Started process (PID=33417) to work on /home/komal/data-engineering-projects/airflow-spark-pipeline/airflow_venv/lib/python3.11/site-packages/airflow/example_dags/example_setup_teardown_taskflow.py
[2026-03-18T07:37:19.699+0000] {processor.py:914} INFO - Processing file /home/komal/data-engineering-projects/airflow-spark-pipeline/airflow_venv/lib/python3.11/site-packages/airflow/example_dags/example_setup_teardown_taskflow.py for tasks to queue
[2026-03-18T07:37:19.702+0000] {logging_mixin.py:190} INFO - [2026-03-18T07:37:19.702+0000] {dagbag.py:588} INFO - Filling up the DagBag from /home/komal/data-engineering-projects/airflow-spark-pipeline/airflow_venv/lib/python3.11/site-packages/airflow/example_dags/example_setup_teardown_taskflow.py
[2026-03-18T07:37:19.724+0000] {processor.py:925} INFO - DAG(s) 'example_setup_teardown_taskflow' retrieved from /home/komal/data-engineering-projects/airflow-spark-pipeline/airflow_venv/lib/python3.11/site-packages/airflow/example_dags/example_setup_teardown_taskflow.py
[2026-03-18T07:37:19.751+0000] {logging_mixin.py:190} INFO - [2026-03-18T07:37:19.751+0000] {dag.py:3239} INFO - Sync 1 DAGs
[2026-03-18T07:37:19.773+0000] {logging_mixin.py:190} INFO - [2026-03-18T07:37:19.773+0000] {dag.py:4180} INFO - Setting next_dagrun for example_setup_teardown_taskflow to None, run_after=None
[2026-03-18T07:37:19.809+0000] {processor.py:208} INFO - Processing /home/komal/data-engineering-projects/airflow-spark-pipeline/airflow_venv/lib/python3.11/site-packages/airflow/example_dags/example_setup_teardown_taskflow.py took 0.121 seconds
[2026-03-18T07:38:40.985+0000] {processor.py:186} INFO - Started process (PID=33559) to work on /home/komal/data-engineering-projects/airflow-spark-pipeline/airflow_venv/lib/python3.11/site-packages/airflow/example_dags/example_setup_teardown_taskflow.py
[2026-03-18T07:38:41.018+0000] {processor.py:914} INFO - Processing file /home/komal/data-engineering-projects/airflow-spark-pipeline/airflow_venv/lib/python3.11/site-packages/airflow/example_dags/example_setup_teardown_taskflow.py for tasks to queue
[2026-03-18T07:38:41.022+0000] {logging_mixin.py:190} INFO - [2026-03-18T07:38:41.021+0000] {dagbag.py:588} INFO - Filling up the DagBag from /home/komal/data-engineering-projects/airflow-spark-pipeline/airflow_venv/lib/python3.11/site-packages/airflow/example_dags/example_setup_teardown_taskflow.py
[2026-03-18T07:38:41.045+0000] {processor.py:925} INFO - DAG(s) 'example_setup_teardown_taskflow' retrieved from /home/komal/data-engineering-projects/airflow-spark-pipeline/airflow_venv/lib/python3.11/site-packages/airflow/example_dags/example_setup_teardown_taskflow.py
[2026-03-18T07:38:41.069+0000] {logging_mixin.py:190} INFO - [2026-03-18T07:38:41.069+0000] {dag.py:3239} INFO - Sync 1 DAGs
[2026-03-18T07:38:41.084+0000] {logging_mixin.py:190} INFO - [2026-03-18T07:38:41.083+0000] {dag.py:4180} INFO - Setting next_dagrun for example_setup_teardown_taskflow to None, run_after=None
[2026-03-18T07:38:41.115+0000] {processor.py:208} INFO - Processing /home/komal/data-engineering-projects/airflow-spark-pipeline/airflow_venv/lib/python3.11/site-packages/airflow/example_dags/example_setup_teardown_taskflow.py took 0.138 seconds
[2026-03-18T07:39:50.780+0000] {processor.py:186} INFO - Started process (PID=33628) to work on /home/komal/data-engineering-projects/airflow-spark-pipeline/airflow_venv/lib/python3.11/site-packages/airflow/example_dags/example_setup_teardown_taskflow.py
[2026-03-18T07:39:50.812+0000] {processor.py:914} INFO - Processing file /home/komal/data-engineering-projects/airflow-spark-pipeline/airflow_venv/lib/python3.11/site-packages/airflow/example_dags/example_setup_teardown_taskflow.py for tasks to queue
[2026-03-18T07:39:50.816+0000] {logging_mixin.py:190} INFO - [2026-03-18T07:39:50.815+0000] {dagbag.py:588} INFO - Filling up the DagBag from /home/komal/data-engineering-projects/airflow-spark-pipeline/airflow_venv/lib/python3.11/site-packages/airflow/example_dags/example_setup_teardown_taskflow.py
[2026-03-18T07:39:50.832+0000] {processor.py:925} INFO - DAG(s) 'example_setup_teardown_taskflow' retrieved from /home/komal/data-engineering-projects/airflow-spark-pipeline/airflow_venv/lib/python3.11/site-packages/airflow/example_dags/example_setup_teardown_taskflow.py
[2026-03-18T07:39:50.855+0000] {logging_mixin.py:190} INFO - [2026-03-18T07:39:50.855+0000] {dag.py:3239} INFO - Sync 1 DAGs
[2026-03-18T07:39:50.871+0000] {logging_mixin.py:190} INFO - [2026-03-18T07:39:50.871+0000] {dag.py:4180} INFO - Setting next_dagrun for example_setup_teardown_taskflow to None, run_after=None
[2026-03-18T07:39:50.903+0000] {processor.py:208} INFO - Processing /home/komal/data-engineering-projects/airflow-spark-pipeline/airflow_venv/lib/python3.11/site-packages/airflow/example_dags/example_setup_teardown_taskflow.py took 0.132 seconds
[2026-03-18T07:41:04.226+0000] {processor.py:186} INFO - Started process (PID=33697) to work on /home/komal/data-engineering-projects/airflow-spark-pipeline/airflow_venv/lib/python3.11/site-packages/airflow/example_dags/example_setup_teardown_taskflow.py
[2026-03-18T07:41:04.259+0000] {processor.py:914} INFO - Processing file /home/komal/data-engineering-projects/airflow-spark-pipeline/airflow_venv/lib/python3.11/site-packages/airflow/example_dags/example_setup_teardown_taskflow.py for tasks to queue
[2026-03-18T07:41:04.262+0000] {logging_mixin.py:190} INFO - [2026-03-18T07:41:04.261+0000] {dagbag.py:588} INFO - Filling up the DagBag from /home/komal/data-engineering-projects/airflow-spark-pipeline/airflow_venv/lib/python3.11/site-packages/airflow/example_dags/example_setup_teardown_taskflow.py
[2026-03-18T07:41:04.276+0000] {processor.py:925} INFO - DAG(s) 'example_setup_teardown_taskflow' retrieved from /home/komal/data-engineering-projects/airflow-spark-pipeline/airflow_venv/lib/python3.11/site-packages/airflow/example_dags/example_setup_teardown_taskflow.py
[2026-03-18T07:41:04.297+0000] {logging_mixin.py:190} INFO - [2026-03-18T07:41:04.297+0000] {dag.py:3239} INFO - Sync 1 DAGs
[2026-03-18T07:41:04.312+0000] {logging_mixin.py:190} INFO - [2026-03-18T07:41:04.312+0000] {dag.py:4180} INFO - Setting next_dagrun for example_setup_teardown_taskflow to None, run_after=None
[2026-03-18T07:41:04.344+0000] {processor.py:208} INFO - Processing /home/komal/data-engineering-projects/airflow-spark-pipeline/airflow_venv/lib/python3.11/site-packages/airflow/example_dags/example_setup_teardown_taskflow.py took 0.127 seconds
[2026-03-18T07:42:55.213+0000] {processor.py:186} INFO - Started process (PID=33877) to work on /home/komal/data-engineering-projects/airflow-spark-pipeline/airflow_venv/lib/python3.11/site-packages/airflow/example_dags/example_setup_teardown_taskflow.py
[2026-03-18T07:42:55.246+0000] {processor.py:914} INFO - Processing file /home/komal/data-engineering-projects/airflow-spark-pipeline/airflow_venv/lib/python3.11/site-packages/airflow/example_dags/example_setup_teardown_taskflow.py for tasks to queue
[2026-03-18T07:42:55.250+0000] {logging_mixin.py:190} INFO - [2026-03-18T07:42:55.249+0000] {dagbag.py:588} INFO - Filling up the DagBag from /home/komal/data-engineering-projects/airflow-spark-pipeline/airflow_venv/lib/python3.11/site-packages/airflow/example_dags/example_setup_teardown_taskflow.py
[2026-03-18T07:42:55.270+0000] {processor.py:925} INFO - DAG(s) 'example_setup_teardown_taskflow' retrieved from /home/komal/data-engineering-projects/airflow-spark-pipeline/airflow_venv/lib/python3.11/site-packages/airflow/example_dags/example_setup_teardown_taskflow.py
[2026-03-18T07:42:55.297+0000] {logging_mixin.py:190} INFO - [2026-03-18T07:42:55.296+0000] {dag.py:3239} INFO - Sync 1 DAGs
[2026-03-18T07:42:55.315+0000] {logging_mixin.py:190} INFO - [2026-03-18T07:42:55.314+0000] {dag.py:4180} INFO - Setting next_dagrun for example_setup_teardown_taskflow to None, run_after=None
[2026-03-18T07:42:55.353+0000] {processor.py:208} INFO - Processing /home/komal/data-engineering-projects/airflow-spark-pipeline/airflow_venv/lib/python3.11/site-packages/airflow/example_dags/example_setup_teardown_taskflow.py took 0.150 seconds
[2026-03-18T07:44:07.038+0000] {processor.py:186} INFO - Started process (PID=33945) to work on /home/komal/data-engineering-projects/airflow-spark-pipeline/airflow_venv/lib/python3.11/site-packages/airflow/example_dags/example_setup_teardown_taskflow.py
[2026-03-18T07:44:07.042+0000] {processor.py:914} INFO - Processing file /home/komal/data-engineering-projects/airflow-spark-pipeline/airflow_venv/lib/python3.11/site-packages/airflow/example_dags/example_setup_teardown_taskflow.py for tasks to queue
[2026-03-18T07:44:07.045+0000] {logging_mixin.py:190} INFO - [2026-03-18T07:44:07.044+0000] {dagbag.py:588} INFO - Filling up the DagBag from /home/komal/data-engineering-projects/airflow-spark-pipeline/airflow_venv/lib/python3.11/site-packages/airflow/example_dags/example_setup_teardown_taskflow.py
[2026-03-18T07:44:07.058+0000] {processor.py:925} INFO - DAG(s) 'example_setup_teardown_taskflow' retrieved from /home/komal/data-engineering-projects/airflow-spark-pipeline/airflow_venv/lib/python3.11/site-packages/airflow/example_dags/example_setup_teardown_taskflow.py
[2026-03-18T07:44:07.081+0000] {logging_mixin.py:190} INFO - [2026-03-18T07:44:07.080+0000] {dag.py:3239} INFO - Sync 1 DAGs
[2026-03-18T07:44:07.093+0000] {logging_mixin.py:190} INFO - [2026-03-18T07:44:07.093+0000] {dag.py:4180} INFO - Setting next_dagrun for example_setup_teardown_taskflow to None, run_after=None
[2026-03-18T07:44:07.124+0000] {processor.py:208} INFO - Processing /home/komal/data-engineering-projects/airflow-spark-pipeline/airflow_venv/lib/python3.11/site-packages/airflow/example_dags/example_setup_teardown_taskflow.py took 0.092 seconds
[2026-03-18T07:45:12.710+0000] {processor.py:186} INFO - Started process (PID=34019) to work on /home/komal/data-engineering-projects/airflow-spark-pipeline/airflow_venv/lib/python3.11/site-packages/airflow/example_dags/example_setup_teardown_taskflow.py
[2026-03-18T07:45:12.716+0000] {processor.py:914} INFO - Processing file /home/komal/data-engineering-projects/airflow-spark-pipeline/airflow_venv/lib/python3.11/site-packages/airflow/example_dags/example_setup_teardown_taskflow.py for tasks to queue
[2026-03-18T07:45:12.719+0000] {logging_mixin.py:190} INFO - [2026-03-18T07:45:12.718+0000] {dagbag.py:588} INFO - Filling up the DagBag from /home/komal/data-engineering-projects/airflow-spark-pipeline/airflow_venv/lib/python3.11/site-packages/airflow/example_dags/example_setup_teardown_taskflow.py
[2026-03-18T07:45:12.733+0000] {processor.py:925} INFO - DAG(s) 'example_setup_teardown_taskflow' retrieved from /home/komal/data-engineering-projects/airflow-spark-pipeline/airflow_venv/lib/python3.11/site-packages/airflow/example_dags/example_setup_teardown_taskflow.py
[2026-03-18T07:45:12.758+0000] {logging_mixin.py:190} INFO - [2026-03-18T07:45:12.758+0000] {dag.py:3239} INFO - Sync 1 DAGs
[2026-03-18T07:45:12.778+0000] {logging_mixin.py:190} INFO - [2026-03-18T07:45:12.778+0000] {dag.py:4180} INFO - Setting next_dagrun for example_setup_teardown_taskflow to None, run_after=None
[2026-03-18T07:45:12.816+0000] {processor.py:208} INFO - Processing /home/komal/data-engineering-projects/airflow-spark-pipeline/airflow_venv/lib/python3.11/site-packages/airflow/example_dags/example_setup_teardown_taskflow.py took 0.113 seconds
[2026-03-18T07:46:24.990+0000] {processor.py:186} INFO - Started process (PID=34085) to work on /home/komal/data-engineering-projects/airflow-spark-pipeline/airflow_venv/lib/python3.11/site-packages/airflow/example_dags/example_setup_teardown_taskflow.py
[2026-03-18T07:46:25.022+0000] {processor.py:914} INFO - Processing file /home/komal/data-engineering-projects/airflow-spark-pipeline/airflow_venv/lib/python3.11/site-packages/airflow/example_dags/example_setup_teardown_taskflow.py for tasks to queue
[2026-03-18T07:46:25.027+0000] {logging_mixin.py:190} INFO - [2026-03-18T07:46:25.026+0000] {dagbag.py:588} INFO - Filling up the DagBag from /home/komal/data-engineering-projects/airflow-spark-pipeline/airflow_venv/lib/python3.11/site-packages/airflow/example_dags/example_setup_teardown_taskflow.py
[2026-03-18T07:46:25.046+0000] {processor.py:925} INFO - DAG(s) 'example_setup_teardown_taskflow' retrieved from /home/komal/data-engineering-projects/airflow-spark-pipeline/airflow_venv/lib/python3.11/site-packages/airflow/example_dags/example_setup_teardown_taskflow.py
[2026-03-18T07:46:25.066+0000] {logging_mixin.py:190} INFO - [2026-03-18T07:46:25.066+0000] {dag.py:3239} INFO - Sync 1 DAGs
[2026-03-18T07:46:25.080+0000] {logging_mixin.py:190} INFO - [2026-03-18T07:46:25.080+0000] {dag.py:4180} INFO - Setting next_dagrun for example_setup_teardown_taskflow to None, run_after=None
[2026-03-18T07:46:25.111+0000] {processor.py:208} INFO - Processing /home/komal/data-engineering-projects/airflow-spark-pipeline/airflow_venv/lib/python3.11/site-packages/airflow/example_dags/example_setup_teardown_taskflow.py took 0.133 seconds
[2026-03-18T07:49:40.081+0000] {processor.py:186} INFO - Started process (PID=34186) to work on /home/komal/data-engineering-projects/airflow-spark-pipeline/airflow_venv/lib/python3.11/site-packages/airflow/example_dags/example_setup_teardown_taskflow.py
[2026-03-18T07:49:40.090+0000] {processor.py:914} INFO - Processing file /home/komal/data-engineering-projects/airflow-spark-pipeline/airflow_venv/lib/python3.11/site-packages/airflow/example_dags/example_setup_teardown_taskflow.py for tasks to queue
[2026-03-18T07:49:40.095+0000] {logging_mixin.py:190} INFO - [2026-03-18T07:49:40.094+0000] {dagbag.py:588} INFO - Filling up the DagBag from /home/komal/data-engineering-projects/airflow-spark-pipeline/airflow_venv/lib/python3.11/site-packages/airflow/example_dags/example_setup_teardown_taskflow.py
[2026-03-18T07:49:40.108+0000] {processor.py:925} INFO - DAG(s) 'example_setup_teardown_taskflow' retrieved from /home/komal/data-engineering-projects/airflow-spark-pipeline/airflow_venv/lib/python3.11/site-packages/airflow/example_dags/example_setup_teardown_taskflow.py
[2026-03-18T07:49:40.126+0000] {logging_mixin.py:190} INFO - [2026-03-18T07:49:40.126+0000] {dag.py:3239} INFO - Sync 1 DAGs
[2026-03-18T07:49:40.139+0000] {logging_mixin.py:190} INFO - [2026-03-18T07:49:40.139+0000] {dag.py:4180} INFO - Setting next_dagrun for example_setup_teardown_taskflow to None, run_after=None
[2026-03-18T07:49:40.173+0000] {processor.py:208} INFO - Processing /home/komal/data-engineering-projects/airflow-spark-pipeline/airflow_venv/lib/python3.11/site-packages/airflow/example_dags/example_setup_teardown_taskflow.py took 0.102 seconds
[2026-03-18T07:50:51.194+0000] {processor.py:186} INFO - Started process (PID=34270) to work on /home/komal/data-engineering-projects/airflow-spark-pipeline/airflow_venv/lib/python3.11/site-packages/airflow/example_dags/example_setup_teardown_taskflow.py
[2026-03-18T07:50:51.227+0000] {processor.py:914} INFO - Processing file /home/komal/data-engineering-projects/airflow-spark-pipeline/airflow_venv/lib/python3.11/site-packages/airflow/example_dags/example_setup_teardown_taskflow.py for tasks to queue
[2026-03-18T07:50:51.231+0000] {logging_mixin.py:190} INFO - [2026-03-18T07:50:51.230+0000] {dagbag.py:588} INFO - Filling up the DagBag from /home/komal/data-engineering-projects/airflow-spark-pipeline/airflow_venv/lib/python3.11/site-packages/airflow/example_dags/example_setup_teardown_taskflow.py
[2026-03-18T07:50:51.248+0000] {processor.py:925} INFO - DAG(s) 'example_setup_teardown_taskflow' retrieved from /home/komal/data-engineering-projects/airflow-spark-pipeline/airflow_venv/lib/python3.11/site-packages/airflow/example_dags/example_setup_teardown_taskflow.py
[2026-03-18T07:50:51.270+0000] {logging_mixin.py:190} INFO - [2026-03-18T07:50:51.270+0000] {dag.py:3239} INFO - Sync 1 DAGs
[2026-03-18T07:50:51.286+0000] {logging_mixin.py:190} INFO - [2026-03-18T07:50:51.286+0000] {dag.py:4180} INFO - Setting next_dagrun for example_setup_teardown_taskflow to None, run_after=None
[2026-03-18T07:50:51.316+0000] {processor.py:208} INFO - Processing /home/komal/data-engineering-projects/airflow-spark-pipeline/airflow_venv/lib/python3.11/site-packages/airflow/example_dags/example_setup_teardown_taskflow.py took 0.134 seconds
[2026-03-18T07:52:05.231+0000] {processor.py:186} INFO - Started process (PID=34346) to work on /home/komal/data-engineering-projects/airflow-spark-pipeline/airflow_venv/lib/python3.11/site-packages/airflow/example_dags/example_setup_teardown_taskflow.py
[2026-03-18T07:52:05.263+0000] {processor.py:914} INFO - Processing file /home/komal/data-engineering-projects/airflow-spark-pipeline/airflow_venv/lib/python3.11/site-packages/airflow/example_dags/example_setup_teardown_taskflow.py for tasks to queue
[2026-03-18T07:52:05.268+0000] {logging_mixin.py:190} INFO - [2026-03-18T07:52:05.267+0000] {dagbag.py:588} INFO - Filling up the DagBag from /home/komal/data-engineering-projects/airflow-spark-pipeline/airflow_venv/lib/python3.11/site-packages/airflow/example_dags/example_setup_teardown_taskflow.py
[2026-03-18T07:52:05.292+0000] {processor.py:925} INFO - DAG(s) 'example_setup_teardown_taskflow' retrieved from /home/komal/data-engineering-projects/airflow-spark-pipeline/airflow_venv/lib/python3.11/site-packages/airflow/example_dags/example_setup_teardown_taskflow.py
[2026-03-18T07:52:05.316+0000] {logging_mixin.py:190} INFO - [2026-03-18T07:52:05.315+0000] {dag.py:3239} INFO - Sync 1 DAGs
[2026-03-18T07:52:05.329+0000] {logging_mixin.py:190} INFO - [2026-03-18T07:52:05.329+0000] {dag.py:4180} INFO - Setting next_dagrun for example_setup_teardown_taskflow to None, run_after=None
[2026-03-18T07:52:05.362+0000] {processor.py:208} INFO - Processing /home/komal/data-engineering-projects/airflow-spark-pipeline/airflow_venv/lib/python3.11/site-packages/airflow/example_dags/example_setup_teardown_taskflow.py took 0.143 seconds
[2026-03-18T07:53:31.467+0000] {processor.py:186} INFO - Started process (PID=34425) to work on /home/komal/data-engineering-projects/airflow-spark-pipeline/airflow_venv/lib/python3.11/site-packages/airflow/example_dags/example_setup_teardown_taskflow.py
[2026-03-18T07:53:31.501+0000] {processor.py:914} INFO - Processing file /home/komal/data-engineering-projects/airflow-spark-pipeline/airflow_venv/lib/python3.11/site-packages/airflow/example_dags/example_setup_teardown_taskflow.py for tasks to queue
[2026-03-18T07:53:31.504+0000] {logging_mixin.py:190} INFO - [2026-03-18T07:53:31.503+0000] {dagbag.py:588} INFO - Filling up the DagBag from /home/komal/data-engineering-projects/airflow-spark-pipeline/airflow_venv/lib/python3.11/site-packages/airflow/example_dags/example_setup_teardown_taskflow.py
[2026-03-18T07:53:31.522+0000] {processor.py:925} INFO - DAG(s) 'example_setup_teardown_taskflow' retrieved from /home/komal/data-engineering-projects/airflow-spark-pipeline/airflow_venv/lib/python3.11/site-packages/airflow/example_dags/example_setup_teardown_taskflow.py
[2026-03-18T07:53:31.545+0000] {logging_mixin.py:190} INFO - [2026-03-18T07:53:31.545+0000] {dag.py:3239} INFO - Sync 1 DAGs
[2026-03-18T07:53:31.561+0000] {logging_mixin.py:190} INFO - [2026-03-18T07:53:31.561+0000] {dag.py:4180} INFO - Setting next_dagrun for example_setup_teardown_taskflow to None, run_after=None
[2026-03-18T07:53:31.604+0000] {processor.py:208} INFO - Processing /home/komal/data-engineering-projects/airflow-spark-pipeline/airflow_venv/lib/python3.11/site-packages/airflow/example_dags/example_setup_teardown_taskflow.py took 0.148 seconds
[2026-03-18T07:55:34.957+0000] {processor.py:186} INFO - Started process (PID=34841) to work on /home/komal/data-engineering-projects/airflow-spark-pipeline/airflow_venv/lib/python3.11/site-packages/airflow/example_dags/example_setup_teardown_taskflow.py
[2026-03-18T07:55:34.989+0000] {processor.py:914} INFO - Processing file /home/komal/data-engineering-projects/airflow-spark-pipeline/airflow_venv/lib/python3.11/site-packages/airflow/example_dags/example_setup_teardown_taskflow.py for tasks to queue
[2026-03-18T07:55:34.995+0000] {logging_mixin.py:190} INFO - [2026-03-18T07:55:34.994+0000] {dagbag.py:588} INFO - Filling up the DagBag from /home/komal/data-engineering-projects/airflow-spark-pipeline/airflow_venv/lib/python3.11/site-packages/airflow/example_dags/example_setup_teardown_taskflow.py
[2026-03-18T07:55:35.013+0000] {processor.py:925} INFO - DAG(s) 'example_setup_teardown_taskflow' retrieved from /home/komal/data-engineering-projects/airflow-spark-pipeline/airflow_venv/lib/python3.11/site-packages/airflow/example_dags/example_setup_teardown_taskflow.py
[2026-03-18T07:55:35.037+0000] {logging_mixin.py:190} INFO - [2026-03-18T07:55:35.037+0000] {dag.py:3239} INFO - Sync 1 DAGs
[2026-03-18T07:55:35.053+0000] {logging_mixin.py:190} INFO - [2026-03-18T07:55:35.053+0000] {dag.py:4180} INFO - Setting next_dagrun for example_setup_teardown_taskflow to None, run_after=None
[2026-03-18T07:55:35.092+0000] {processor.py:208} INFO - Processing /home/komal/data-engineering-projects/airflow-spark-pipeline/airflow_venv/lib/python3.11/site-packages/airflow/example_dags/example_setup_teardown_taskflow.py took 0.144 seconds
[2026-03-18T07:56:46.120+0000] {processor.py:186} INFO - Started process (PID=34907) to work on /home/komal/data-engineering-projects/airflow-spark-pipeline/airflow_venv/lib/python3.11/site-packages/airflow/example_dags/example_setup_teardown_taskflow.py
[2026-03-18T07:56:46.153+0000] {processor.py:914} INFO - Processing file /home/komal/data-engineering-projects/airflow-spark-pipeline/airflow_venv/lib/python3.11/site-packages/airflow/example_dags/example_setup_teardown_taskflow.py for tasks to queue
[2026-03-18T07:56:46.157+0000] {logging_mixin.py:190} INFO - [2026-03-18T07:56:46.157+0000] {dagbag.py:588} INFO - Filling up the DagBag from /home/komal/data-engineering-projects/airflow-spark-pipeline/airflow_venv/lib/python3.11/site-packages/airflow/example_dags/example_setup_teardown_taskflow.py
[2026-03-18T07:56:46.184+0000] {processor.py:925} INFO - DAG(s) 'example_setup_teardown_taskflow' retrieved from /home/komal/data-engineering-projects/airflow-spark-pipeline/airflow_venv/lib/python3.11/site-packages/airflow/example_dags/example_setup_teardown_taskflow.py
[2026-03-18T07:56:46.214+0000] {logging_mixin.py:190} INFO - [2026-03-18T07:56:46.214+0000] {dag.py:3239} INFO - Sync 1 DAGs
[2026-03-18T07:56:46.229+0000] {logging_mixin.py:190} INFO - [2026-03-18T07:56:46.229+0000] {dag.py:4180} INFO - Setting next_dagrun for example_setup_teardown_taskflow to None, run_after=None
[2026-03-18T07:56:46.264+0000] {processor.py:208} INFO - Processing /home/komal/data-engineering-projects/airflow-spark-pipeline/airflow_venv/lib/python3.11/site-packages/airflow/example_dags/example_setup_teardown_taskflow.py took 0.154 seconds
[2026-03-18T08:05:32.388+0000] {processor.py:186} INFO - Started process (PID=34977) to work on /home/komal/data-engineering-projects/airflow-spark-pipeline/airflow_venv/lib/python3.11/site-packages/airflow/example_dags/example_setup_teardown_taskflow.py
[2026-03-18T08:05:32.422+0000] {processor.py:914} INFO - Processing file /home/komal/data-engineering-projects/airflow-spark-pipeline/airflow_venv/lib/python3.11/site-packages/airflow/example_dags/example_setup_teardown_taskflow.py for tasks to queue
[2026-03-18T08:05:32.426+0000] {logging_mixin.py:190} INFO - [2026-03-18T08:05:32.426+0000] {dagbag.py:588} INFO - Filling up the DagBag from /home/komal/data-engineering-projects/airflow-spark-pipeline/airflow_venv/lib/python3.11/site-packages/airflow/example_dags/example_setup_teardown_taskflow.py
[2026-03-18T08:05:32.443+0000] {processor.py:925} INFO - DAG(s) 'example_setup_teardown_taskflow' retrieved from /home/komal/data-engineering-projects/airflow-spark-pipeline/airflow_venv/lib/python3.11/site-packages/airflow/example_dags/example_setup_teardown_taskflow.py
[2026-03-18T08:05:32.469+0000] {logging_mixin.py:190} INFO - [2026-03-18T08:05:32.469+0000] {dag.py:3239} INFO - Sync 1 DAGs
[2026-03-18T08:05:32.486+0000] {logging_mixin.py:190} INFO - [2026-03-18T08:05:32.485+0000] {dag.py:4180} INFO - Setting next_dagrun for example_setup_teardown_taskflow to None, run_after=None
[2026-03-18T08:05:32.558+0000] {processor.py:208} INFO - Processing /home/komal/data-engineering-projects/airflow-spark-pipeline/airflow_venv/lib/python3.11/site-packages/airflow/example_dags/example_setup_teardown_taskflow.py took 0.177 seconds
[2026-03-18T08:06:41.671+0000] {processor.py:186} INFO - Started process (PID=35044) to work on /home/komal/data-engineering-projects/airflow-spark-pipeline/airflow_venv/lib/python3.11/site-packages/airflow/example_dags/example_setup_teardown_taskflow.py
[2026-03-18T08:06:41.704+0000] {processor.py:914} INFO - Processing file /home/komal/data-engineering-projects/airflow-spark-pipeline/airflow_venv/lib/python3.11/site-packages/airflow/example_dags/example_setup_teardown_taskflow.py for tasks to queue
[2026-03-18T08:06:41.708+0000] {logging_mixin.py:190} INFO - [2026-03-18T08:06:41.707+0000] {dagbag.py:588} INFO - Filling up the DagBag from /home/komal/data-engineering-projects/airflow-spark-pipeline/airflow_venv/lib/python3.11/site-packages/airflow/example_dags/example_setup_teardown_taskflow.py
[2026-03-18T08:06:41.727+0000] {processor.py:925} INFO - DAG(s) 'example_setup_teardown_taskflow' retrieved from /home/komal/data-engineering-projects/airflow-spark-pipeline/airflow_venv/lib/python3.11/site-packages/airflow/example_dags/example_setup_teardown_taskflow.py
[2026-03-18T08:06:41.752+0000] {logging_mixin.py:190} INFO - [2026-03-18T08:06:41.752+0000] {dag.py:3239} INFO - Sync 1 DAGs
[2026-03-18T08:06:41.771+0000] {logging_mixin.py:190} INFO - [2026-03-18T08:06:41.770+0000] {dag.py:4180} INFO - Setting next_dagrun for example_setup_teardown_taskflow to None, run_after=None
[2026-03-18T08:06:41.809+0000] {processor.py:208} INFO - Processing /home/komal/data-engineering-projects/airflow-spark-pipeline/airflow_venv/lib/python3.11/site-packages/airflow/example_dags/example_setup_teardown_taskflow.py took 0.149 seconds
[2026-03-18T08:07:59.900+0000] {processor.py:186} INFO - Started process (PID=35111) to work on /home/komal/data-engineering-projects/airflow-spark-pipeline/airflow_venv/lib/python3.11/site-packages/airflow/example_dags/example_setup_teardown_taskflow.py
[2026-03-18T08:07:59.932+0000] {processor.py:914} INFO - Processing file /home/komal/data-engineering-projects/airflow-spark-pipeline/airflow_venv/lib/python3.11/site-packages/airflow/example_dags/example_setup_teardown_taskflow.py for tasks to queue
[2026-03-18T08:07:59.937+0000] {logging_mixin.py:190} INFO - [2026-03-18T08:07:59.937+0000] {dagbag.py:588} INFO - Filling up the DagBag from /home/komal/data-engineering-projects/airflow-spark-pipeline/airflow_venv/lib/python3.11/site-packages/airflow/example_dags/example_setup_teardown_taskflow.py
[2026-03-18T08:07:59.956+0000] {processor.py:925} INFO - DAG(s) 'example_setup_teardown_taskflow' retrieved from /home/komal/data-engineering-projects/airflow-spark-pipeline/airflow_venv/lib/python3.11/site-packages/airflow/example_dags/example_setup_teardown_taskflow.py
[2026-03-18T08:07:59.977+0000] {logging_mixin.py:190} INFO - [2026-03-18T08:07:59.976+0000] {dag.py:3239} INFO - Sync 1 DAGs
[2026-03-18T08:07:59.990+0000] {logging_mixin.py:190} INFO - [2026-03-18T08:07:59.990+0000] {dag.py:4180} INFO - Setting next_dagrun for example_setup_teardown_taskflow to None, run_after=None
[2026-03-18T08:08:00.024+0000] {processor.py:208} INFO - Processing /home/komal/data-engineering-projects/airflow-spark-pipeline/airflow_venv/lib/python3.11/site-packages/airflow/example_dags/example_setup_teardown_taskflow.py took 0.134 seconds
[2026-03-18T08:09:11.515+0000] {processor.py:186} INFO - Started process (PID=35179) to work on /home/komal/data-engineering-projects/airflow-spark-pipeline/airflow_venv/lib/python3.11/site-packages/airflow/example_dags/example_setup_teardown_taskflow.py
[2026-03-18T08:09:11.516+0000] {processor.py:914} INFO - Processing file /home/komal/data-engineering-projects/airflow-spark-pipeline/airflow_venv/lib/python3.11/site-packages/airflow/example_dags/example_setup_teardown_taskflow.py for tasks to queue
[2026-03-18T08:09:11.519+0000] {logging_mixin.py:190} INFO - [2026-03-18T08:09:11.518+0000] {dagbag.py:588} INFO - Filling up the DagBag from /home/komal/data-engineering-projects/airflow-spark-pipeline/airflow_venv/lib/python3.11/site-packages/airflow/example_dags/example_setup_teardown_taskflow.py
[2026-03-18T08:09:11.535+0000] {processor.py:925} INFO - DAG(s) 'example_setup_teardown_taskflow' retrieved from /home/komal/data-engineering-projects/airflow-spark-pipeline/airflow_venv/lib/python3.11/site-packages/airflow/example_dags/example_setup_teardown_taskflow.py
[2026-03-18T08:09:11.562+0000] {logging_mixin.py:190} INFO - [2026-03-18T08:09:11.561+0000] {dag.py:3239} INFO - Sync 1 DAGs
[2026-03-18T08:09:11.581+0000] {logging_mixin.py:190} INFO - [2026-03-18T08:09:11.581+0000] {dag.py:4180} INFO - Setting next_dagrun for example_setup_teardown_taskflow to None, run_after=None
[2026-03-18T08:09:11.623+0000] {processor.py:208} INFO - Processing /home/komal/data-engineering-projects/airflow-spark-pipeline/airflow_venv/lib/python3.11/site-packages/airflow/example_dags/example_setup_teardown_taskflow.py took 0.118 seconds
[2026-03-18T08:10:25.711+0000] {processor.py:186} INFO - Started process (PID=35248) to work on /home/komal/data-engineering-projects/airflow-spark-pipeline/airflow_venv/lib/python3.11/site-packages/airflow/example_dags/example_setup_teardown_taskflow.py
[2026-03-18T08:10:25.743+0000] {processor.py:914} INFO - Processing file /home/komal/data-engineering-projects/airflow-spark-pipeline/airflow_venv/lib/python3.11/site-packages/airflow/example_dags/example_setup_teardown_taskflow.py for tasks to queue
[2026-03-18T08:10:25.746+0000] {logging_mixin.py:190} INFO - [2026-03-18T08:10:25.745+0000] {dagbag.py:588} INFO - Filling up the DagBag from /home/komal/data-engineering-projects/airflow-spark-pipeline/airflow_venv/lib/python3.11/site-packages/airflow/example_dags/example_setup_teardown_taskflow.py
[2026-03-18T08:10:25.760+0000] {processor.py:925} INFO - DAG(s) 'example_setup_teardown_taskflow' retrieved from /home/komal/data-engineering-projects/airflow-spark-pipeline/airflow_venv/lib/python3.11/site-packages/airflow/example_dags/example_setup_teardown_taskflow.py
[2026-03-18T08:10:25.783+0000] {logging_mixin.py:190} INFO - [2026-03-18T08:10:25.782+0000] {dag.py:3239} INFO - Sync 1 DAGs
[2026-03-18T08:10:25.802+0000] {logging_mixin.py:190} INFO - [2026-03-18T08:10:25.802+0000] {dag.py:4180} INFO - Setting next_dagrun for example_setup_teardown_taskflow to None, run_after=None
[2026-03-18T08:10:25.834+0000] {processor.py:208} INFO - Processing /home/komal/data-engineering-projects/airflow-spark-pipeline/airflow_venv/lib/python3.11/site-packages/airflow/example_dags/example_setup_teardown_taskflow.py took 0.134 seconds
[2026-03-18T08:11:38.782+0000] {processor.py:186} INFO - Started process (PID=35320) to work on /home/komal/data-engineering-projects/airflow-spark-pipeline/airflow_venv/lib/python3.11/site-packages/airflow/example_dags/example_setup_teardown_taskflow.py
[2026-03-18T08:11:38.815+0000] {processor.py:914} INFO - Processing file /home/komal/data-engineering-projects/airflow-spark-pipeline/airflow_venv/lib/python3.11/site-packages/airflow/example_dags/example_setup_teardown_taskflow.py for tasks to queue
[2026-03-18T08:11:38.820+0000] {logging_mixin.py:190} INFO - [2026-03-18T08:11:38.819+0000] {dagbag.py:588} INFO - Filling up the DagBag from /home/komal/data-engineering-projects/airflow-spark-pipeline/airflow_venv/lib/python3.11/site-packages/airflow/example_dags/example_setup_teardown_taskflow.py
[2026-03-18T08:11:38.838+0000] {processor.py:925} INFO - DAG(s) 'example_setup_teardown_taskflow' retrieved from /home/komal/data-engineering-projects/airflow-spark-pipeline/airflow_venv/lib/python3.11/site-packages/airflow/example_dags/example_setup_teardown_taskflow.py
[2026-03-18T08:11:38.864+0000] {logging_mixin.py:190} INFO - [2026-03-18T08:11:38.864+0000] {dag.py:3239} INFO - Sync 1 DAGs
[2026-03-18T08:11:38.888+0000] {logging_mixin.py:190} INFO - [2026-03-18T08:11:38.888+0000] {dag.py:4180} INFO - Setting next_dagrun for example_setup_teardown_taskflow to None, run_after=None
[2026-03-18T08:11:38.925+0000] {processor.py:208} INFO - Processing /home/komal/data-engineering-projects/airflow-spark-pipeline/airflow_venv/lib/python3.11/site-packages/airflow/example_dags/example_setup_teardown_taskflow.py took 0.151 seconds
[2026-03-18T08:12:52.486+0000] {processor.py:186} INFO - Started process (PID=35451) to work on /home/komal/data-engineering-projects/airflow-spark-pipeline/airflow_venv/lib/python3.11/site-packages/airflow/example_dags/example_setup_teardown_taskflow.py
[2026-03-18T08:12:52.518+0000] {processor.py:914} INFO - Processing file /home/komal/data-engineering-projects/airflow-spark-pipeline/airflow_venv/lib/python3.11/site-packages/airflow/example_dags/example_setup_teardown_taskflow.py for tasks to queue
[2026-03-18T08:12:52.522+0000] {logging_mixin.py:190} INFO - [2026-03-18T08:12:52.521+0000] {dagbag.py:588} INFO - Filling up the DagBag from /home/komal/data-engineering-projects/airflow-spark-pipeline/airflow_venv/lib/python3.11/site-packages/airflow/example_dags/example_setup_teardown_taskflow.py
[2026-03-18T08:12:52.538+0000] {processor.py:925} INFO - DAG(s) 'example_setup_teardown_taskflow' retrieved from /home/komal/data-engineering-projects/airflow-spark-pipeline/airflow_venv/lib/python3.11/site-packages/airflow/example_dags/example_setup_teardown_taskflow.py
[2026-03-18T08:12:52.561+0000] {logging_mixin.py:190} INFO - [2026-03-18T08:12:52.560+0000] {dag.py:3239} INFO - Sync 1 DAGs
[2026-03-18T08:12:52.575+0000] {logging_mixin.py:190} INFO - [2026-03-18T08:12:52.575+0000] {dag.py:4180} INFO - Setting next_dagrun for example_setup_teardown_taskflow to None, run_after=None
[2026-03-18T08:12:52.624+0000] {processor.py:208} INFO - Processing /home/komal/data-engineering-projects/airflow-spark-pipeline/airflow_venv/lib/python3.11/site-packages/airflow/example_dags/example_setup_teardown_taskflow.py took 0.147 seconds
[2026-03-18T08:15:04.049+0000] {processor.py:186} INFO - Started process (PID=35761) to work on /home/komal/data-engineering-projects/airflow-spark-pipeline/airflow_venv/lib/python3.11/site-packages/airflow/example_dags/example_setup_teardown_taskflow.py
[2026-03-18T08:15:04.057+0000] {processor.py:914} INFO - Processing file /home/komal/data-engineering-projects/airflow-spark-pipeline/airflow_venv/lib/python3.11/site-packages/airflow/example_dags/example_setup_teardown_taskflow.py for tasks to queue
[2026-03-18T08:15:04.060+0000] {logging_mixin.py:190} INFO - [2026-03-18T08:15:04.059+0000] {dagbag.py:588} INFO - Filling up the DagBag from /home/komal/data-engineering-projects/airflow-spark-pipeline/airflow_venv/lib/python3.11/site-packages/airflow/example_dags/example_setup_teardown_taskflow.py
[2026-03-18T08:15:04.073+0000] {processor.py:925} INFO - DAG(s) 'example_setup_teardown_taskflow' retrieved from /home/komal/data-engineering-projects/airflow-spark-pipeline/airflow_venv/lib/python3.11/site-packages/airflow/example_dags/example_setup_teardown_taskflow.py
[2026-03-18T08:15:04.095+0000] {logging_mixin.py:190} INFO - [2026-03-18T08:15:04.095+0000] {dag.py:3239} INFO - Sync 1 DAGs
[2026-03-18T08:15:04.108+0000] {logging_mixin.py:190} INFO - [2026-03-18T08:15:04.108+0000] {dag.py:4180} INFO - Setting next_dagrun for example_setup_teardown_taskflow to None, run_after=None
[2026-03-18T08:15:04.165+0000] {processor.py:208} INFO - Processing /home/komal/data-engineering-projects/airflow-spark-pipeline/airflow_venv/lib/python3.11/site-packages/airflow/example_dags/example_setup_teardown_taskflow.py took 0.124 seconds
[2026-03-18T08:16:13.875+0000] {processor.py:186} INFO - Started process (PID=35826) to work on /home/komal/data-engineering-projects/airflow-spark-pipeline/airflow_venv/lib/python3.11/site-packages/airflow/example_dags/example_setup_teardown_taskflow.py
[2026-03-18T08:16:13.908+0000] {processor.py:914} INFO - Processing file /home/komal/data-engineering-projects/airflow-spark-pipeline/airflow_venv/lib/python3.11/site-packages/airflow/example_dags/example_setup_teardown_taskflow.py for tasks to queue
[2026-03-18T08:16:13.910+0000] {logging_mixin.py:190} INFO - [2026-03-18T08:16:13.910+0000] {dagbag.py:588} INFO - Filling up the DagBag from /home/komal/data-engineering-projects/airflow-spark-pipeline/airflow_venv/lib/python3.11/site-packages/airflow/example_dags/example_setup_teardown_taskflow.py
[2026-03-18T08:16:13.926+0000] {processor.py:925} INFO - DAG(s) 'example_setup_teardown_taskflow' retrieved from /home/komal/data-engineering-projects/airflow-spark-pipeline/airflow_venv/lib/python3.11/site-packages/airflow/example_dags/example_setup_teardown_taskflow.py
[2026-03-18T08:16:13.947+0000] {logging_mixin.py:190} INFO - [2026-03-18T08:16:13.946+0000] {dag.py:3239} INFO - Sync 1 DAGs
[2026-03-18T08:16:13.962+0000] {logging_mixin.py:190} INFO - [2026-03-18T08:16:13.962+0000] {dag.py:4180} INFO - Setting next_dagrun for example_setup_teardown_taskflow to None, run_after=None
[2026-03-18T08:16:14.008+0000] {processor.py:208} INFO - Processing /home/komal/data-engineering-projects/airflow-spark-pipeline/airflow_venv/lib/python3.11/site-packages/airflow/example_dags/example_setup_teardown_taskflow.py took 0.144 seconds
[2026-03-18T08:17:31.834+0000] {processor.py:186} INFO - Started process (PID=35899) to work on /home/komal/data-engineering-projects/airflow-spark-pipeline/airflow_venv/lib/python3.11/site-packages/airflow/example_dags/example_setup_teardown_taskflow.py
[2026-03-18T08:17:31.869+0000] {processor.py:914} INFO - Processing file /home/komal/data-engineering-projects/airflow-spark-pipeline/airflow_venv/lib/python3.11/site-packages/airflow/example_dags/example_setup_teardown_taskflow.py for tasks to queue
[2026-03-18T08:17:31.874+0000] {logging_mixin.py:190} INFO - [2026-03-18T08:17:31.874+0000] {dagbag.py:588} INFO - Filling up the DagBag from /home/komal/data-engineering-projects/airflow-spark-pipeline/airflow_venv/lib/python3.11/site-packages/airflow/example_dags/example_setup_teardown_taskflow.py
[2026-03-18T08:17:31.894+0000] {processor.py:925} INFO - DAG(s) 'example_setup_teardown_taskflow' retrieved from /home/komal/data-engineering-projects/airflow-spark-pipeline/airflow_venv/lib/python3.11/site-packages/airflow/example_dags/example_setup_teardown_taskflow.py
[2026-03-18T08:17:31.921+0000] {logging_mixin.py:190} INFO - [2026-03-18T08:17:31.921+0000] {dag.py:3239} INFO - Sync 1 DAGs
[2026-03-18T08:17:31.941+0000] {logging_mixin.py:190} INFO - [2026-03-18T08:17:31.940+0000] {dag.py:4180} INFO - Setting next_dagrun for example_setup_teardown_taskflow to None, run_after=None
[2026-03-18T08:17:31.986+0000] {processor.py:208} INFO - Processing /home/komal/data-engineering-projects/airflow-spark-pipeline/airflow_venv/lib/python3.11/site-packages/airflow/example_dags/example_setup_teardown_taskflow.py took 0.164 seconds
[2026-03-18T08:18:41.705+0000] {processor.py:186} INFO - Started process (PID=35975) to work on /home/komal/data-engineering-projects/airflow-spark-pipeline/airflow_venv/lib/python3.11/site-packages/airflow/example_dags/example_setup_teardown_taskflow.py
[2026-03-18T08:18:41.706+0000] {processor.py:914} INFO - Processing file /home/komal/data-engineering-projects/airflow-spark-pipeline/airflow_venv/lib/python3.11/site-packages/airflow/example_dags/example_setup_teardown_taskflow.py for tasks to queue
[2026-03-18T08:18:41.708+0000] {logging_mixin.py:190} INFO - [2026-03-18T08:18:41.708+0000] {dagbag.py:588} INFO - Filling up the DagBag from /home/komal/data-engineering-projects/airflow-spark-pipeline/airflow_venv/lib/python3.11/site-packages/airflow/example_dags/example_setup_teardown_taskflow.py
[2026-03-18T08:18:41.717+0000] {processor.py:925} INFO - DAG(s) 'example_setup_teardown_taskflow' retrieved from /home/komal/data-engineering-projects/airflow-spark-pipeline/airflow_venv/lib/python3.11/site-packages/airflow/example_dags/example_setup_teardown_taskflow.py
[2026-03-18T08:18:41.728+0000] {logging_mixin.py:190} INFO - [2026-03-18T08:18:41.728+0000] {dag.py:3239} INFO - Sync 1 DAGs
[2026-03-18T08:18:41.736+0000] {logging_mixin.py:190} INFO - [2026-03-18T08:18:41.736+0000] {dag.py:4180} INFO - Setting next_dagrun for example_setup_teardown_taskflow to None, run_after=None
[2026-03-18T08:18:41.760+0000] {processor.py:208} INFO - Processing /home/komal/data-engineering-projects/airflow-spark-pipeline/airflow_venv/lib/python3.11/site-packages/airflow/example_dags/example_setup_teardown_taskflow.py took 0.059 seconds
[2026-03-18T08:19:49.663+0000] {processor.py:186} INFO - Started process (PID=36043) to work on /home/komal/data-engineering-projects/airflow-spark-pipeline/airflow_venv/lib/python3.11/site-packages/airflow/example_dags/example_setup_teardown_taskflow.py
[2026-03-18T08:19:49.723+0000] {processor.py:914} INFO - Processing file /home/komal/data-engineering-projects/airflow-spark-pipeline/airflow_venv/lib/python3.11/site-packages/airflow/example_dags/example_setup_teardown_taskflow.py for tasks to queue
[2026-03-18T08:19:49.727+0000] {logging_mixin.py:190} INFO - [2026-03-18T08:19:49.727+0000] {dagbag.py:588} INFO - Filling up the DagBag from /home/komal/data-engineering-projects/airflow-spark-pipeline/airflow_venv/lib/python3.11/site-packages/airflow/example_dags/example_setup_teardown_taskflow.py
[2026-03-18T08:19:49.735+0000] {processor.py:925} INFO - DAG(s) 'example_setup_teardown_taskflow' retrieved from /home/komal/data-engineering-projects/airflow-spark-pipeline/airflow_venv/lib/python3.11/site-packages/airflow/example_dags/example_setup_teardown_taskflow.py
[2026-03-18T08:19:49.820+0000] {logging_mixin.py:190} INFO - [2026-03-18T08:19:49.820+0000] {dag.py:3239} INFO - Sync 1 DAGs
[2026-03-18T08:19:49.826+0000] {logging_mixin.py:190} INFO - [2026-03-18T08:19:49.826+0000] {dag.py:4180} INFO - Setting next_dagrun for example_setup_teardown_taskflow to None, run_after=None
[2026-03-18T08:19:49.859+0000] {processor.py:208} INFO - Processing /home/komal/data-engineering-projects/airflow-spark-pipeline/airflow_venv/lib/python3.11/site-packages/airflow/example_dags/example_setup_teardown_taskflow.py took 0.201 seconds
[2026-03-18T13:41:18.627+0000] {processor.py:186} INFO - Started process (PID=36140) to work on /home/komal/data-engineering-projects/airflow-spark-pipeline/airflow_venv/lib/python3.11/site-packages/airflow/example_dags/example_setup_teardown_taskflow.py
[2026-03-18T13:41:18.630+0000] {processor.py:914} INFO - Processing file /home/komal/data-engineering-projects/airflow-spark-pipeline/airflow_venv/lib/python3.11/site-packages/airflow/example_dags/example_setup_teardown_taskflow.py for tasks to queue
[2026-03-18T13:41:18.634+0000] {logging_mixin.py:190} INFO - [2026-03-18T13:41:18.633+0000] {dagbag.py:588} INFO - Filling up the DagBag from /home/komal/data-engineering-projects/airflow-spark-pipeline/airflow_venv/lib/python3.11/site-packages/airflow/example_dags/example_setup_teardown_taskflow.py
[2026-03-18T13:41:18.642+0000] {processor.py:925} INFO - DAG(s) 'example_setup_teardown_taskflow' retrieved from /home/komal/data-engineering-projects/airflow-spark-pipeline/airflow_venv/lib/python3.11/site-packages/airflow/example_dags/example_setup_teardown_taskflow.py
[2026-03-18T13:41:18.655+0000] {logging_mixin.py:190} INFO - [2026-03-18T13:41:18.654+0000] {dag.py:3239} INFO - Sync 1 DAGs
[2026-03-18T13:41:18.664+0000] {logging_mixin.py:190} INFO - [2026-03-18T13:41:18.664+0000] {dag.py:4180} INFO - Setting next_dagrun for example_setup_teardown_taskflow to None, run_after=None
[2026-03-18T13:41:18.688+0000] {processor.py:208} INFO - Processing /home/komal/data-engineering-projects/airflow-spark-pipeline/airflow_venv/lib/python3.11/site-packages/airflow/example_dags/example_setup_teardown_taskflow.py took 0.071 seconds
[2026-03-18T13:42:24.038+0000] {processor.py:186} INFO - Started process (PID=36206) to work on /home/komal/data-engineering-projects/airflow-spark-pipeline/airflow_venv/lib/python3.11/site-packages/airflow/example_dags/example_setup_teardown_taskflow.py
[2026-03-18T13:42:24.040+0000] {processor.py:914} INFO - Processing file /home/komal/data-engineering-projects/airflow-spark-pipeline/airflow_venv/lib/python3.11/site-packages/airflow/example_dags/example_setup_teardown_taskflow.py for tasks to queue
[2026-03-18T13:42:24.042+0000] {logging_mixin.py:190} INFO - [2026-03-18T13:42:24.041+0000] {dagbag.py:588} INFO - Filling up the DagBag from /home/komal/data-engineering-projects/airflow-spark-pipeline/airflow_venv/lib/python3.11/site-packages/airflow/example_dags/example_setup_teardown_taskflow.py
[2026-03-18T13:42:24.052+0000] {processor.py:925} INFO - DAG(s) 'example_setup_teardown_taskflow' retrieved from /home/komal/data-engineering-projects/airflow-spark-pipeline/airflow_venv/lib/python3.11/site-packages/airflow/example_dags/example_setup_teardown_taskflow.py
[2026-03-18T13:42:24.065+0000] {logging_mixin.py:190} INFO - [2026-03-18T13:42:24.064+0000] {dag.py:3239} INFO - Sync 1 DAGs
[2026-03-18T13:42:24.074+0000] {logging_mixin.py:190} INFO - [2026-03-18T13:42:24.074+0000] {dag.py:4180} INFO - Setting next_dagrun for example_setup_teardown_taskflow to None, run_after=None
[2026-03-18T13:42:24.106+0000] {processor.py:208} INFO - Processing /home/komal/data-engineering-projects/airflow-spark-pipeline/airflow_venv/lib/python3.11/site-packages/airflow/example_dags/example_setup_teardown_taskflow.py took 0.072 seconds
[2026-03-18T13:43:29.276+0000] {processor.py:186} INFO - Started process (PID=36302) to work on /home/komal/data-engineering-projects/airflow-spark-pipeline/airflow_venv/lib/python3.11/site-packages/airflow/example_dags/example_setup_teardown_taskflow.py
[2026-03-18T13:43:29.308+0000] {processor.py:914} INFO - Processing file /home/komal/data-engineering-projects/airflow-spark-pipeline/airflow_venv/lib/python3.11/site-packages/airflow/example_dags/example_setup_teardown_taskflow.py for tasks to queue
[2026-03-18T13:43:29.310+0000] {logging_mixin.py:190} INFO - [2026-03-18T13:43:29.310+0000] {dagbag.py:588} INFO - Filling up the DagBag from /home/komal/data-engineering-projects/airflow-spark-pipeline/airflow_venv/lib/python3.11/site-packages/airflow/example_dags/example_setup_teardown_taskflow.py
[2026-03-18T13:43:29.323+0000] {processor.py:925} INFO - DAG(s) 'example_setup_teardown_taskflow' retrieved from /home/komal/data-engineering-projects/airflow-spark-pipeline/airflow_venv/lib/python3.11/site-packages/airflow/example_dags/example_setup_teardown_taskflow.py
[2026-03-18T13:43:29.338+0000] {logging_mixin.py:190} INFO - [2026-03-18T13:43:29.338+0000] {dag.py:3239} INFO - Sync 1 DAGs
[2026-03-18T13:43:29.350+0000] {logging_mixin.py:190} INFO - [2026-03-18T13:43:29.350+0000] {dag.py:4180} INFO - Setting next_dagrun for example_setup_teardown_taskflow to None, run_after=None
[2026-03-18T13:43:29.374+0000] {processor.py:208} INFO - Processing /home/komal/data-engineering-projects/airflow-spark-pipeline/airflow_venv/lib/python3.11/site-packages/airflow/example_dags/example_setup_teardown_taskflow.py took 0.104 seconds
[2026-03-18T13:44:34.437+0000] {processor.py:186} INFO - Started process (PID=36365) to work on /home/komal/data-engineering-projects/airflow-spark-pipeline/airflow_venv/lib/python3.11/site-packages/airflow/example_dags/example_setup_teardown_taskflow.py
[2026-03-18T13:44:34.441+0000] {processor.py:914} INFO - Processing file /home/komal/data-engineering-projects/airflow-spark-pipeline/airflow_venv/lib/python3.11/site-packages/airflow/example_dags/example_setup_teardown_taskflow.py for tasks to queue
[2026-03-18T13:44:34.447+0000] {logging_mixin.py:190} INFO - [2026-03-18T13:44:34.444+0000] {dagbag.py:588} INFO - Filling up the DagBag from /home/komal/data-engineering-projects/airflow-spark-pipeline/airflow_venv/lib/python3.11/site-packages/airflow/example_dags/example_setup_teardown_taskflow.py
[2026-03-18T13:44:34.472+0000] {processor.py:925} INFO - DAG(s) 'example_setup_teardown_taskflow' retrieved from /home/komal/data-engineering-projects/airflow-spark-pipeline/airflow_venv/lib/python3.11/site-packages/airflow/example_dags/example_setup_teardown_taskflow.py
[2026-03-18T13:44:34.505+0000] {logging_mixin.py:190} INFO - [2026-03-18T13:44:34.504+0000] {dag.py:3239} INFO - Sync 1 DAGs
[2026-03-18T13:44:34.521+0000] {logging_mixin.py:190} INFO - [2026-03-18T13:44:34.521+0000] {dag.py:4180} INFO - Setting next_dagrun for example_setup_teardown_taskflow to None, run_after=None
[2026-03-18T13:44:34.547+0000] {processor.py:208} INFO - Processing /home/komal/data-engineering-projects/airflow-spark-pipeline/airflow_venv/lib/python3.11/site-packages/airflow/example_dags/example_setup_teardown_taskflow.py took 0.124 seconds
[2026-03-18T13:45:47.744+0000] {processor.py:186} INFO - Started process (PID=36437) to work on /home/komal/data-engineering-projects/airflow-spark-pipeline/airflow_venv/lib/python3.11/site-packages/airflow/example_dags/example_setup_teardown_taskflow.py
[2026-03-18T13:45:47.745+0000] {processor.py:914} INFO - Processing file /home/komal/data-engineering-projects/airflow-spark-pipeline/airflow_venv/lib/python3.11/site-packages/airflow/example_dags/example_setup_teardown_taskflow.py for tasks to queue
[2026-03-18T13:45:47.747+0000] {logging_mixin.py:190} INFO - [2026-03-18T13:45:47.746+0000] {dagbag.py:588} INFO - Filling up the DagBag from /home/komal/data-engineering-projects/airflow-spark-pipeline/airflow_venv/lib/python3.11/site-packages/airflow/example_dags/example_setup_teardown_taskflow.py
[2026-03-18T13:45:47.764+0000] {processor.py:925} INFO - DAG(s) 'example_setup_teardown_taskflow' retrieved from /home/komal/data-engineering-projects/airflow-spark-pipeline/airflow_venv/lib/python3.11/site-packages/airflow/example_dags/example_setup_teardown_taskflow.py
[2026-03-18T13:45:47.785+0000] {logging_mixin.py:190} INFO - [2026-03-18T13:45:47.785+0000] {dag.py:3239} INFO - Sync 1 DAGs
[2026-03-18T13:45:47.798+0000] {logging_mixin.py:190} INFO - [2026-03-18T13:45:47.797+0000] {dag.py:4180} INFO - Setting next_dagrun for example_setup_teardown_taskflow to None, run_after=None
[2026-03-18T13:45:47.846+0000] {processor.py:208} INFO - Processing /home/komal/data-engineering-projects/airflow-spark-pipeline/airflow_venv/lib/python3.11/site-packages/airflow/example_dags/example_setup_teardown_taskflow.py took 0.116 seconds
[2026-03-18T13:46:50.692+0000] {processor.py:186} INFO - Started process (PID=36499) to work on /home/komal/data-engineering-projects/airflow-spark-pipeline/airflow_venv/lib/python3.11/site-packages/airflow/example_dags/example_setup_teardown_taskflow.py
[2026-03-18T13:46:50.725+0000] {processor.py:914} INFO - Processing file /home/komal/data-engineering-projects/airflow-spark-pipeline/airflow_venv/lib/python3.11/site-packages/airflow/example_dags/example_setup_teardown_taskflow.py for tasks to queue
[2026-03-18T13:46:50.729+0000] {logging_mixin.py:190} INFO - [2026-03-18T13:46:50.729+0000] {dagbag.py:588} INFO - Filling up the DagBag from /home/komal/data-engineering-projects/airflow-spark-pipeline/airflow_venv/lib/python3.11/site-packages/airflow/example_dags/example_setup_teardown_taskflow.py
[2026-03-18T13:46:50.744+0000] {processor.py:925} INFO - DAG(s) 'example_setup_teardown_taskflow' retrieved from /home/komal/data-engineering-projects/airflow-spark-pipeline/airflow_venv/lib/python3.11/site-packages/airflow/example_dags/example_setup_teardown_taskflow.py
[2026-03-18T13:46:50.757+0000] {logging_mixin.py:190} INFO - [2026-03-18T13:46:50.757+0000] {dag.py:3239} INFO - Sync 1 DAGs
[2026-03-18T13:46:50.765+0000] {logging_mixin.py:190} INFO - [2026-03-18T13:46:50.764+0000] {dag.py:4180} INFO - Setting next_dagrun for example_setup_teardown_taskflow to None, run_after=None
[2026-03-18T13:46:50.791+0000] {processor.py:208} INFO - Processing /home/komal/data-engineering-projects/airflow-spark-pipeline/airflow_venv/lib/python3.11/site-packages/airflow/example_dags/example_setup_teardown_taskflow.py took 0.110 seconds
[2026-03-18T13:47:56.554+0000] {processor.py:186} INFO - Started process (PID=36561) to work on /home/komal/data-engineering-projects/airflow-spark-pipeline/airflow_venv/lib/python3.11/site-packages/airflow/example_dags/example_setup_teardown_taskflow.py
[2026-03-18T13:47:56.559+0000] {processor.py:914} INFO - Processing file /home/komal/data-engineering-projects/airflow-spark-pipeline/airflow_venv/lib/python3.11/site-packages/airflow/example_dags/example_setup_teardown_taskflow.py for tasks to queue
[2026-03-18T13:47:56.562+0000] {logging_mixin.py:190} INFO - [2026-03-18T13:47:56.562+0000] {dagbag.py:588} INFO - Filling up the DagBag from /home/komal/data-engineering-projects/airflow-spark-pipeline/airflow_venv/lib/python3.11/site-packages/airflow/example_dags/example_setup_teardown_taskflow.py
[2026-03-18T13:47:56.573+0000] {processor.py:925} INFO - DAG(s) 'example_setup_teardown_taskflow' retrieved from /home/komal/data-engineering-projects/airflow-spark-pipeline/airflow_venv/lib/python3.11/site-packages/airflow/example_dags/example_setup_teardown_taskflow.py
[2026-03-18T13:47:56.583+0000] {logging_mixin.py:190} INFO - [2026-03-18T13:47:56.583+0000] {dag.py:3239} INFO - Sync 1 DAGs
[2026-03-18T13:47:56.592+0000] {logging_mixin.py:190} INFO - [2026-03-18T13:47:56.592+0000] {dag.py:4180} INFO - Setting next_dagrun for example_setup_teardown_taskflow to None, run_after=None
[2026-03-18T13:47:56.615+0000] {processor.py:208} INFO - Processing /home/komal/data-engineering-projects/airflow-spark-pipeline/airflow_venv/lib/python3.11/site-packages/airflow/example_dags/example_setup_teardown_taskflow.py took 0.071 seconds
[2026-03-18T13:49:01.195+0000] {processor.py:186} INFO - Started process (PID=36623) to work on /home/komal/data-engineering-projects/airflow-spark-pipeline/airflow_venv/lib/python3.11/site-packages/airflow/example_dags/example_setup_teardown_taskflow.py
[2026-03-18T13:49:01.229+0000] {processor.py:914} INFO - Processing file /home/komal/data-engineering-projects/airflow-spark-pipeline/airflow_venv/lib/python3.11/site-packages/airflow/example_dags/example_setup_teardown_taskflow.py for tasks to queue
[2026-03-18T13:49:01.233+0000] {logging_mixin.py:190} INFO - [2026-03-18T13:49:01.232+0000] {dagbag.py:588} INFO - Filling up the DagBag from /home/komal/data-engineering-projects/airflow-spark-pipeline/airflow_venv/lib/python3.11/site-packages/airflow/example_dags/example_setup_teardown_taskflow.py
[2026-03-18T13:49:01.248+0000] {processor.py:925} INFO - DAG(s) 'example_setup_teardown_taskflow' retrieved from /home/komal/data-engineering-projects/airflow-spark-pipeline/airflow_venv/lib/python3.11/site-packages/airflow/example_dags/example_setup_teardown_taskflow.py
[2026-03-18T13:49:01.260+0000] {logging_mixin.py:190} INFO - [2026-03-18T13:49:01.259+0000] {dag.py:3239} INFO - Sync 1 DAGs
[2026-03-18T13:49:01.268+0000] {logging_mixin.py:190} INFO - [2026-03-18T13:49:01.268+0000] {dag.py:4180} INFO - Setting next_dagrun for example_setup_teardown_taskflow to None, run_after=None
[2026-03-18T13:49:01.295+0000] {processor.py:208} INFO - Processing /home/komal/data-engineering-projects/airflow-spark-pipeline/airflow_venv/lib/python3.11/site-packages/airflow/example_dags/example_setup_teardown_taskflow.py took 0.104 seconds
[2026-03-18T13:50:05.592+0000] {processor.py:186} INFO - Started process (PID=36685) to work on /home/komal/data-engineering-projects/airflow-spark-pipeline/airflow_venv/lib/python3.11/site-packages/airflow/example_dags/example_setup_teardown_taskflow.py
[2026-03-18T13:50:05.596+0000] {processor.py:914} INFO - Processing file /home/komal/data-engineering-projects/airflow-spark-pipeline/airflow_venv/lib/python3.11/site-packages/airflow/example_dags/example_setup_teardown_taskflow.py for tasks to queue
[2026-03-18T13:50:05.601+0000] {logging_mixin.py:190} INFO - [2026-03-18T13:50:05.600+0000] {dagbag.py:588} INFO - Filling up the DagBag from /home/komal/data-engineering-projects/airflow-spark-pipeline/airflow_venv/lib/python3.11/site-packages/airflow/example_dags/example_setup_teardown_taskflow.py
[2026-03-18T13:50:05.621+0000] {processor.py:925} INFO - DAG(s) 'example_setup_teardown_taskflow' retrieved from /home/komal/data-engineering-projects/airflow-spark-pipeline/airflow_venv/lib/python3.11/site-packages/airflow/example_dags/example_setup_teardown_taskflow.py
[2026-03-18T13:50:05.633+0000] {logging_mixin.py:190} INFO - [2026-03-18T13:50:05.633+0000] {dag.py:3239} INFO - Sync 1 DAGs
[2026-03-18T13:50:05.641+0000] {logging_mixin.py:190} INFO - [2026-03-18T13:50:05.641+0000] {dag.py:4180} INFO - Setting next_dagrun for example_setup_teardown_taskflow to None, run_after=None
[2026-03-18T13:50:05.667+0000] {processor.py:208} INFO - Processing /home/komal/data-engineering-projects/airflow-spark-pipeline/airflow_venv/lib/python3.11/site-packages/airflow/example_dags/example_setup_teardown_taskflow.py took 0.085 seconds
[2026-03-18T13:51:10.804+0000] {processor.py:186} INFO - Started process (PID=36749) to work on /home/komal/data-engineering-projects/airflow-spark-pipeline/airflow_venv/lib/python3.11/site-packages/airflow/example_dags/example_setup_teardown_taskflow.py
[2026-03-18T13:51:10.835+0000] {processor.py:914} INFO - Processing file /home/komal/data-engineering-projects/airflow-spark-pipeline/airflow_venv/lib/python3.11/site-packages/airflow/example_dags/example_setup_teardown_taskflow.py for tasks to queue
[2026-03-18T13:51:10.839+0000] {logging_mixin.py:190} INFO - [2026-03-18T13:51:10.838+0000] {dagbag.py:588} INFO - Filling up the DagBag from /home/komal/data-engineering-projects/airflow-spark-pipeline/airflow_venv/lib/python3.11/site-packages/airflow/example_dags/example_setup_teardown_taskflow.py
[2026-03-18T13:51:10.851+0000] {processor.py:925} INFO - DAG(s) 'example_setup_teardown_taskflow' retrieved from /home/komal/data-engineering-projects/airflow-spark-pipeline/airflow_venv/lib/python3.11/site-packages/airflow/example_dags/example_setup_teardown_taskflow.py
[2026-03-18T13:51:10.863+0000] {logging_mixin.py:190} INFO - [2026-03-18T13:51:10.863+0000] {dag.py:3239} INFO - Sync 1 DAGs
[2026-03-18T13:51:10.870+0000] {logging_mixin.py:190} INFO - [2026-03-18T13:51:10.870+0000] {dag.py:4180} INFO - Setting next_dagrun for example_setup_teardown_taskflow to None, run_after=None
[2026-03-18T13:51:10.891+0000] {processor.py:208} INFO - Processing /home/komal/data-engineering-projects/airflow-spark-pipeline/airflow_venv/lib/python3.11/site-packages/airflow/example_dags/example_setup_teardown_taskflow.py took 0.095 seconds
[2026-03-18T13:52:18.668+0000] {processor.py:186} INFO - Started process (PID=36814) to work on /home/komal/data-engineering-projects/airflow-spark-pipeline/airflow_venv/lib/python3.11/site-packages/airflow/example_dags/example_setup_teardown_taskflow.py
[2026-03-18T13:52:18.686+0000] {processor.py:914} INFO - Processing file /home/komal/data-engineering-projects/airflow-spark-pipeline/airflow_venv/lib/python3.11/site-packages/airflow/example_dags/example_setup_teardown_taskflow.py for tasks to queue
[2026-03-18T13:52:18.690+0000] {logging_mixin.py:190} INFO - [2026-03-18T13:52:18.689+0000] {dagbag.py:588} INFO - Filling up the DagBag from /home/komal/data-engineering-projects/airflow-spark-pipeline/airflow_venv/lib/python3.11/site-packages/airflow/example_dags/example_setup_teardown_taskflow.py
[2026-03-18T13:52:18.707+0000] {processor.py:925} INFO - DAG(s) 'example_setup_teardown_taskflow' retrieved from /home/komal/data-engineering-projects/airflow-spark-pipeline/airflow_venv/lib/python3.11/site-packages/airflow/example_dags/example_setup_teardown_taskflow.py
[2026-03-18T13:52:18.723+0000] {logging_mixin.py:190} INFO - [2026-03-18T13:52:18.723+0000] {dag.py:3239} INFO - Sync 1 DAGs
[2026-03-18T13:52:18.741+0000] {logging_mixin.py:190} INFO - [2026-03-18T13:52:18.741+0000] {dag.py:4180} INFO - Setting next_dagrun for example_setup_teardown_taskflow to None, run_after=None
[2026-03-18T13:52:18.767+0000] {processor.py:208} INFO - Processing /home/komal/data-engineering-projects/airflow-spark-pipeline/airflow_venv/lib/python3.11/site-packages/airflow/example_dags/example_setup_teardown_taskflow.py took 0.111 seconds
[2026-03-18T13:53:24.173+0000] {processor.py:186} INFO - Started process (PID=36877) to work on /home/komal/data-engineering-projects/airflow-spark-pipeline/airflow_venv/lib/python3.11/site-packages/airflow/example_dags/example_setup_teardown_taskflow.py
[2026-03-18T13:53:24.204+0000] {processor.py:914} INFO - Processing file /home/komal/data-engineering-projects/airflow-spark-pipeline/airflow_venv/lib/python3.11/site-packages/airflow/example_dags/example_setup_teardown_taskflow.py for tasks to queue
[2026-03-18T13:53:24.208+0000] {logging_mixin.py:190} INFO - [2026-03-18T13:53:24.207+0000] {dagbag.py:588} INFO - Filling up the DagBag from /home/komal/data-engineering-projects/airflow-spark-pipeline/airflow_venv/lib/python3.11/site-packages/airflow/example_dags/example_setup_teardown_taskflow.py
[2026-03-18T13:53:24.221+0000] {processor.py:925} INFO - DAG(s) 'example_setup_teardown_taskflow' retrieved from /home/komal/data-engineering-projects/airflow-spark-pipeline/airflow_venv/lib/python3.11/site-packages/airflow/example_dags/example_setup_teardown_taskflow.py
[2026-03-18T13:53:24.233+0000] {logging_mixin.py:190} INFO - [2026-03-18T13:53:24.233+0000] {dag.py:3239} INFO - Sync 1 DAGs
[2026-03-18T13:53:24.241+0000] {logging_mixin.py:190} INFO - [2026-03-18T13:53:24.241+0000] {dag.py:4180} INFO - Setting next_dagrun for example_setup_teardown_taskflow to None, run_after=None
[2026-03-18T13:53:24.261+0000] {processor.py:208} INFO - Processing /home/komal/data-engineering-projects/airflow-spark-pipeline/airflow_venv/lib/python3.11/site-packages/airflow/example_dags/example_setup_teardown_taskflow.py took 0.093 seconds
[2026-03-18T13:54:31.025+0000] {processor.py:186} INFO - Started process (PID=36940) to work on /home/komal/data-engineering-projects/airflow-spark-pipeline/airflow_venv/lib/python3.11/site-packages/airflow/example_dags/example_setup_teardown_taskflow.py
[2026-03-18T13:54:31.028+0000] {processor.py:914} INFO - Processing file /home/komal/data-engineering-projects/airflow-spark-pipeline/airflow_venv/lib/python3.11/site-packages/airflow/example_dags/example_setup_teardown_taskflow.py for tasks to queue
[2026-03-18T13:54:31.030+0000] {logging_mixin.py:190} INFO - [2026-03-18T13:54:31.030+0000] {dagbag.py:588} INFO - Filling up the DagBag from /home/komal/data-engineering-projects/airflow-spark-pipeline/airflow_venv/lib/python3.11/site-packages/airflow/example_dags/example_setup_teardown_taskflow.py
[2026-03-18T13:54:31.038+0000] {processor.py:925} INFO - DAG(s) 'example_setup_teardown_taskflow' retrieved from /home/komal/data-engineering-projects/airflow-spark-pipeline/airflow_venv/lib/python3.11/site-packages/airflow/example_dags/example_setup_teardown_taskflow.py
[2026-03-18T13:54:31.052+0000] {logging_mixin.py:190} INFO - [2026-03-18T13:54:31.051+0000] {dag.py:3239} INFO - Sync 1 DAGs
[2026-03-18T13:54:31.062+0000] {logging_mixin.py:190} INFO - [2026-03-18T13:54:31.062+0000] {dag.py:4180} INFO - Setting next_dagrun for example_setup_teardown_taskflow to None, run_after=None
[2026-03-18T13:54:31.086+0000] {processor.py:208} INFO - Processing /home/komal/data-engineering-projects/airflow-spark-pipeline/airflow_venv/lib/python3.11/site-packages/airflow/example_dags/example_setup_teardown_taskflow.py took 0.065 seconds
[2026-03-18T13:55:35.319+0000] {processor.py:186} INFO - Started process (PID=37004) to work on /home/komal/data-engineering-projects/airflow-spark-pipeline/airflow_venv/lib/python3.11/site-packages/airflow/example_dags/example_setup_teardown_taskflow.py
[2026-03-18T13:55:35.351+0000] {processor.py:914} INFO - Processing file /home/komal/data-engineering-projects/airflow-spark-pipeline/airflow_venv/lib/python3.11/site-packages/airflow/example_dags/example_setup_teardown_taskflow.py for tasks to queue
[2026-03-18T13:55:35.355+0000] {logging_mixin.py:190} INFO - [2026-03-18T13:55:35.354+0000] {dagbag.py:588} INFO - Filling up the DagBag from /home/komal/data-engineering-projects/airflow-spark-pipeline/airflow_venv/lib/python3.11/site-packages/airflow/example_dags/example_setup_teardown_taskflow.py
[2026-03-18T13:55:35.368+0000] {processor.py:925} INFO - DAG(s) 'example_setup_teardown_taskflow' retrieved from /home/komal/data-engineering-projects/airflow-spark-pipeline/airflow_venv/lib/python3.11/site-packages/airflow/example_dags/example_setup_teardown_taskflow.py
[2026-03-18T13:55:35.382+0000] {logging_mixin.py:190} INFO - [2026-03-18T13:55:35.381+0000] {dag.py:3239} INFO - Sync 1 DAGs
[2026-03-18T13:55:35.391+0000] {logging_mixin.py:190} INFO - [2026-03-18T13:55:35.391+0000] {dag.py:4180} INFO - Setting next_dagrun for example_setup_teardown_taskflow to None, run_after=None
[2026-03-18T13:55:35.417+0000] {processor.py:208} INFO - Processing /home/komal/data-engineering-projects/airflow-spark-pipeline/airflow_venv/lib/python3.11/site-packages/airflow/example_dags/example_setup_teardown_taskflow.py took 0.104 seconds
[2026-03-18T13:56:43.254+0000] {processor.py:186} INFO - Started process (PID=37069) to work on /home/komal/data-engineering-projects/airflow-spark-pipeline/airflow_venv/lib/python3.11/site-packages/airflow/example_dags/example_setup_teardown_taskflow.py
[2026-03-18T13:56:43.286+0000] {processor.py:914} INFO - Processing file /home/komal/data-engineering-projects/airflow-spark-pipeline/airflow_venv/lib/python3.11/site-packages/airflow/example_dags/example_setup_teardown_taskflow.py for tasks to queue
[2026-03-18T13:56:43.290+0000] {logging_mixin.py:190} INFO - [2026-03-18T13:56:43.289+0000] {dagbag.py:588} INFO - Filling up the DagBag from /home/komal/data-engineering-projects/airflow-spark-pipeline/airflow_venv/lib/python3.11/site-packages/airflow/example_dags/example_setup_teardown_taskflow.py
[2026-03-18T13:56:43.303+0000] {processor.py:925} INFO - DAG(s) 'example_setup_teardown_taskflow' retrieved from /home/komal/data-engineering-projects/airflow-spark-pipeline/airflow_venv/lib/python3.11/site-packages/airflow/example_dags/example_setup_teardown_taskflow.py
[2026-03-18T13:56:43.315+0000] {logging_mixin.py:190} INFO - [2026-03-18T13:56:43.314+0000] {dag.py:3239} INFO - Sync 1 DAGs
[2026-03-18T13:56:43.323+0000] {logging_mixin.py:190} INFO - [2026-03-18T13:56:43.322+0000] {dag.py:4180} INFO - Setting next_dagrun for example_setup_teardown_taskflow to None, run_after=None
[2026-03-18T13:56:43.344+0000] {processor.py:208} INFO - Processing /home/komal/data-engineering-projects/airflow-spark-pipeline/airflow_venv/lib/python3.11/site-packages/airflow/example_dags/example_setup_teardown_taskflow.py took 0.096 seconds
[2026-03-18T13:57:53.898+0000] {processor.py:186} INFO - Started process (PID=37137) to work on /home/komal/data-engineering-projects/airflow-spark-pipeline/airflow_venv/lib/python3.11/site-packages/airflow/example_dags/example_setup_teardown_taskflow.py
[2026-03-18T13:57:53.931+0000] {processor.py:914} INFO - Processing file /home/komal/data-engineering-projects/airflow-spark-pipeline/airflow_venv/lib/python3.11/site-packages/airflow/example_dags/example_setup_teardown_taskflow.py for tasks to queue
[2026-03-18T13:57:53.934+0000] {logging_mixin.py:190} INFO - [2026-03-18T13:57:53.934+0000] {dagbag.py:588} INFO - Filling up the DagBag from /home/komal/data-engineering-projects/airflow-spark-pipeline/airflow_venv/lib/python3.11/site-packages/airflow/example_dags/example_setup_teardown_taskflow.py
[2026-03-18T13:57:53.951+0000] {processor.py:925} INFO - DAG(s) 'example_setup_teardown_taskflow' retrieved from /home/komal/data-engineering-projects/airflow-spark-pipeline/airflow_venv/lib/python3.11/site-packages/airflow/example_dags/example_setup_teardown_taskflow.py
[2026-03-18T13:57:53.970+0000] {logging_mixin.py:190} INFO - [2026-03-18T13:57:53.970+0000] {dag.py:3239} INFO - Sync 1 DAGs
[2026-03-18T13:57:53.979+0000] {logging_mixin.py:190} INFO - [2026-03-18T13:57:53.979+0000] {dag.py:4180} INFO - Setting next_dagrun for example_setup_teardown_taskflow to None, run_after=None
[2026-03-18T13:57:54.026+0000] {processor.py:208} INFO - Processing /home/komal/data-engineering-projects/airflow-spark-pipeline/airflow_venv/lib/python3.11/site-packages/airflow/example_dags/example_setup_teardown_taskflow.py took 0.136 seconds
[2026-03-18T14:01:52.328+0000] {processor.py:186} INFO - Started process (PID=37225) to work on /home/komal/data-engineering-projects/airflow-spark-pipeline/airflow_venv/lib/python3.11/site-packages/airflow/example_dags/example_setup_teardown_taskflow.py
[2026-03-18T14:01:52.339+0000] {processor.py:914} INFO - Processing file /home/komal/data-engineering-projects/airflow-spark-pipeline/airflow_venv/lib/python3.11/site-packages/airflow/example_dags/example_setup_teardown_taskflow.py for tasks to queue
[2026-03-18T14:01:52.343+0000] {logging_mixin.py:190} INFO - [2026-03-18T14:01:52.342+0000] {dagbag.py:588} INFO - Filling up the DagBag from /home/komal/data-engineering-projects/airflow-spark-pipeline/airflow_venv/lib/python3.11/site-packages/airflow/example_dags/example_setup_teardown_taskflow.py
[2026-03-18T14:01:52.361+0000] {processor.py:925} INFO - DAG(s) 'example_setup_teardown_taskflow' retrieved from /home/komal/data-engineering-projects/airflow-spark-pipeline/airflow_venv/lib/python3.11/site-packages/airflow/example_dags/example_setup_teardown_taskflow.py
[2026-03-18T14:01:52.383+0000] {logging_mixin.py:190} INFO - [2026-03-18T14:01:52.383+0000] {dag.py:3239} INFO - Sync 1 DAGs
[2026-03-18T14:01:52.390+0000] {logging_mixin.py:190} INFO - [2026-03-18T14:01:52.390+0000] {dag.py:4180} INFO - Setting next_dagrun for example_setup_teardown_taskflow to None, run_after=None
[2026-03-18T14:01:52.417+0000] {processor.py:208} INFO - Processing /home/komal/data-engineering-projects/airflow-spark-pipeline/airflow_venv/lib/python3.11/site-packages/airflow/example_dags/example_setup_teardown_taskflow.py took 0.099 seconds
[2026-03-18T14:02:53.799+0000] {processor.py:186} INFO - Started process (PID=37287) to work on /home/komal/data-engineering-projects/airflow-spark-pipeline/airflow_venv/lib/python3.11/site-packages/airflow/example_dags/example_setup_teardown_taskflow.py
[2026-03-18T14:02:53.800+0000] {processor.py:914} INFO - Processing file /home/komal/data-engineering-projects/airflow-spark-pipeline/airflow_venv/lib/python3.11/site-packages/airflow/example_dags/example_setup_teardown_taskflow.py for tasks to queue
[2026-03-18T14:02:53.802+0000] {logging_mixin.py:190} INFO - [2026-03-18T14:02:53.802+0000] {dagbag.py:588} INFO - Filling up the DagBag from /home/komal/data-engineering-projects/airflow-spark-pipeline/airflow_venv/lib/python3.11/site-packages/airflow/example_dags/example_setup_teardown_taskflow.py
[2026-03-18T14:02:53.812+0000] {processor.py:925} INFO - DAG(s) 'example_setup_teardown_taskflow' retrieved from /home/komal/data-engineering-projects/airflow-spark-pipeline/airflow_venv/lib/python3.11/site-packages/airflow/example_dags/example_setup_teardown_taskflow.py
[2026-03-18T14:02:53.827+0000] {logging_mixin.py:190} INFO - [2026-03-18T14:02:53.826+0000] {dag.py:3239} INFO - Sync 1 DAGs
[2026-03-18T14:02:53.838+0000] {logging_mixin.py:190} INFO - [2026-03-18T14:02:53.838+0000] {dag.py:4180} INFO - Setting next_dagrun for example_setup_teardown_taskflow to None, run_after=None
[2026-03-18T14:02:53.864+0000] {processor.py:208} INFO - Processing /home/komal/data-engineering-projects/airflow-spark-pipeline/airflow_venv/lib/python3.11/site-packages/airflow/example_dags/example_setup_teardown_taskflow.py took 0.072 seconds
[2026-03-18T14:03:51.402+0000] {processor.py:186} INFO - Started process (PID=37389) to work on /home/komal/data-engineering-projects/airflow-spark-pipeline/airflow_venv/lib/python3.11/site-packages/airflow/example_dags/example_setup_teardown_taskflow.py
[2026-03-18T14:03:51.414+0000] {processor.py:914} INFO - Processing file /home/komal/data-engineering-projects/airflow-spark-pipeline/airflow_venv/lib/python3.11/site-packages/airflow/example_dags/example_setup_teardown_taskflow.py for tasks to queue
[2026-03-18T14:03:51.418+0000] {logging_mixin.py:190} INFO - [2026-03-18T14:03:51.418+0000] {dagbag.py:588} INFO - Filling up the DagBag from /home/komal/data-engineering-projects/airflow-spark-pipeline/airflow_venv/lib/python3.11/site-packages/airflow/example_dags/example_setup_teardown_taskflow.py
[2026-03-18T14:03:51.432+0000] {processor.py:925} INFO - DAG(s) 'example_setup_teardown_taskflow' retrieved from /home/komal/data-engineering-projects/airflow-spark-pipeline/airflow_venv/lib/python3.11/site-packages/airflow/example_dags/example_setup_teardown_taskflow.py
[2026-03-18T14:03:51.443+0000] {logging_mixin.py:190} INFO - [2026-03-18T14:03:51.443+0000] {dag.py:3239} INFO - Sync 1 DAGs
[2026-03-18T14:03:51.458+0000] {logging_mixin.py:190} INFO - [2026-03-18T14:03:51.458+0000] {dag.py:4180} INFO - Setting next_dagrun for example_setup_teardown_taskflow to None, run_after=None
[2026-03-18T14:03:51.500+0000] {processor.py:208} INFO - Processing /home/komal/data-engineering-projects/airflow-spark-pipeline/airflow_venv/lib/python3.11/site-packages/airflow/example_dags/example_setup_teardown_taskflow.py took 0.108 seconds
[2026-03-18T14:04:58.064+0000] {processor.py:186} INFO - Started process (PID=37522) to work on /home/komal/data-engineering-projects/airflow-spark-pipeline/airflow_venv/lib/python3.11/site-packages/airflow/example_dags/example_setup_teardown_taskflow.py
[2026-03-18T14:04:58.071+0000] {processor.py:914} INFO - Processing file /home/komal/data-engineering-projects/airflow-spark-pipeline/airflow_venv/lib/python3.11/site-packages/airflow/example_dags/example_setup_teardown_taskflow.py for tasks to queue
[2026-03-18T14:04:58.073+0000] {logging_mixin.py:190} INFO - [2026-03-18T14:04:58.073+0000] {dagbag.py:588} INFO - Filling up the DagBag from /home/komal/data-engineering-projects/airflow-spark-pipeline/airflow_venv/lib/python3.11/site-packages/airflow/example_dags/example_setup_teardown_taskflow.py
[2026-03-18T14:04:58.084+0000] {processor.py:925} INFO - DAG(s) 'example_setup_teardown_taskflow' retrieved from /home/komal/data-engineering-projects/airflow-spark-pipeline/airflow_venv/lib/python3.11/site-packages/airflow/example_dags/example_setup_teardown_taskflow.py
[2026-03-18T14:04:58.100+0000] {logging_mixin.py:190} INFO - [2026-03-18T14:04:58.100+0000] {dag.py:3239} INFO - Sync 1 DAGs
[2026-03-18T14:04:58.111+0000] {logging_mixin.py:190} INFO - [2026-03-18T14:04:58.111+0000] {dag.py:4180} INFO - Setting next_dagrun for example_setup_teardown_taskflow to None, run_after=None
[2026-03-18T14:04:58.140+0000] {processor.py:208} INFO - Processing /home/komal/data-engineering-projects/airflow-spark-pipeline/airflow_venv/lib/python3.11/site-packages/airflow/example_dags/example_setup_teardown_taskflow.py took 0.082 seconds
[2026-03-18T14:06:03.335+0000] {processor.py:186} INFO - Started process (PID=37589) to work on /home/komal/data-engineering-projects/airflow-spark-pipeline/airflow_venv/lib/python3.11/site-packages/airflow/example_dags/example_setup_teardown_taskflow.py
[2026-03-18T14:06:03.343+0000] {processor.py:914} INFO - Processing file /home/komal/data-engineering-projects/airflow-spark-pipeline/airflow_venv/lib/python3.11/site-packages/airflow/example_dags/example_setup_teardown_taskflow.py for tasks to queue
[2026-03-18T14:06:03.345+0000] {logging_mixin.py:190} INFO - [2026-03-18T14:06:03.344+0000] {dagbag.py:588} INFO - Filling up the DagBag from /home/komal/data-engineering-projects/airflow-spark-pipeline/airflow_venv/lib/python3.11/site-packages/airflow/example_dags/example_setup_teardown_taskflow.py
[2026-03-18T14:06:03.353+0000] {processor.py:925} INFO - DAG(s) 'example_setup_teardown_taskflow' retrieved from /home/komal/data-engineering-projects/airflow-spark-pipeline/airflow_venv/lib/python3.11/site-packages/airflow/example_dags/example_setup_teardown_taskflow.py
[2026-03-18T14:06:03.365+0000] {logging_mixin.py:190} INFO - [2026-03-18T14:06:03.365+0000] {dag.py:3239} INFO - Sync 1 DAGs
[2026-03-18T14:06:03.373+0000] {logging_mixin.py:190} INFO - [2026-03-18T14:06:03.373+0000] {dag.py:4180} INFO - Setting next_dagrun for example_setup_teardown_taskflow to None, run_after=None
[2026-03-18T14:06:03.433+0000] {processor.py:208} INFO - Processing /home/komal/data-engineering-projects/airflow-spark-pipeline/airflow_venv/lib/python3.11/site-packages/airflow/example_dags/example_setup_teardown_taskflow.py took 0.105 seconds
[2026-03-18T16:35:26.622+0000] {processor.py:186} INFO - Started process (PID=37676) to work on /home/komal/data-engineering-projects/airflow-spark-pipeline/airflow_venv/lib/python3.11/site-packages/airflow/example_dags/example_setup_teardown_taskflow.py
[2026-03-18T16:35:26.654+0000] {processor.py:914} INFO - Processing file /home/komal/data-engineering-projects/airflow-spark-pipeline/airflow_venv/lib/python3.11/site-packages/airflow/example_dags/example_setup_teardown_taskflow.py for tasks to queue
[2026-03-18T16:35:26.658+0000] {logging_mixin.py:190} INFO - [2026-03-18T16:35:26.658+0000] {dagbag.py:588} INFO - Filling up the DagBag from /home/komal/data-engineering-projects/airflow-spark-pipeline/airflow_venv/lib/python3.11/site-packages/airflow/example_dags/example_setup_teardown_taskflow.py
[2026-03-18T16:35:26.673+0000] {processor.py:925} INFO - DAG(s) 'example_setup_teardown_taskflow' retrieved from /home/komal/data-engineering-projects/airflow-spark-pipeline/airflow_venv/lib/python3.11/site-packages/airflow/example_dags/example_setup_teardown_taskflow.py
[2026-03-18T16:35:26.685+0000] {logging_mixin.py:190} INFO - [2026-03-18T16:35:26.685+0000] {dag.py:3239} INFO - Sync 1 DAGs
[2026-03-18T16:35:26.694+0000] {logging_mixin.py:190} INFO - [2026-03-18T16:35:26.693+0000] {dag.py:4180} INFO - Setting next_dagrun for example_setup_teardown_taskflow to None, run_after=None
[2026-03-18T16:35:26.715+0000] {processor.py:208} INFO - Processing /home/komal/data-engineering-projects/airflow-spark-pipeline/airflow_venv/lib/python3.11/site-packages/airflow/example_dags/example_setup_teardown_taskflow.py took 0.098 seconds
[2026-03-18T16:36:33.042+0000] {processor.py:186} INFO - Started process (PID=37746) to work on /home/komal/data-engineering-projects/airflow-spark-pipeline/airflow_venv/lib/python3.11/site-packages/airflow/example_dags/example_setup_teardown_taskflow.py
[2026-03-18T16:36:33.075+0000] {processor.py:914} INFO - Processing file /home/komal/data-engineering-projects/airflow-spark-pipeline/airflow_venv/lib/python3.11/site-packages/airflow/example_dags/example_setup_teardown_taskflow.py for tasks to queue
[2026-03-18T16:36:33.079+0000] {logging_mixin.py:190} INFO - [2026-03-18T16:36:33.078+0000] {dagbag.py:588} INFO - Filling up the DagBag from /home/komal/data-engineering-projects/airflow-spark-pipeline/airflow_venv/lib/python3.11/site-packages/airflow/example_dags/example_setup_teardown_taskflow.py
[2026-03-18T16:36:33.095+0000] {processor.py:925} INFO - DAG(s) 'example_setup_teardown_taskflow' retrieved from /home/komal/data-engineering-projects/airflow-spark-pipeline/airflow_venv/lib/python3.11/site-packages/airflow/example_dags/example_setup_teardown_taskflow.py
[2026-03-18T16:36:33.109+0000] {logging_mixin.py:190} INFO - [2026-03-18T16:36:33.109+0000] {dag.py:3239} INFO - Sync 1 DAGs
[2026-03-18T16:36:33.118+0000] {logging_mixin.py:190} INFO - [2026-03-18T16:36:33.118+0000] {dag.py:4180} INFO - Setting next_dagrun for example_setup_teardown_taskflow to None, run_after=None
[2026-03-18T16:36:33.144+0000] {processor.py:208} INFO - Processing /home/komal/data-engineering-projects/airflow-spark-pipeline/airflow_venv/lib/python3.11/site-packages/airflow/example_dags/example_setup_teardown_taskflow.py took 0.108 seconds
[2026-03-18T16:37:37.811+0000] {processor.py:186} INFO - Started process (PID=37809) to work on /home/komal/data-engineering-projects/airflow-spark-pipeline/airflow_venv/lib/python3.11/site-packages/airflow/example_dags/example_setup_teardown_taskflow.py
[2026-03-18T16:37:37.844+0000] {processor.py:914} INFO - Processing file /home/komal/data-engineering-projects/airflow-spark-pipeline/airflow_venv/lib/python3.11/site-packages/airflow/example_dags/example_setup_teardown_taskflow.py for tasks to queue
[2026-03-18T16:37:37.849+0000] {logging_mixin.py:190} INFO - [2026-03-18T16:37:37.848+0000] {dagbag.py:588} INFO - Filling up the DagBag from /home/komal/data-engineering-projects/airflow-spark-pipeline/airflow_venv/lib/python3.11/site-packages/airflow/example_dags/example_setup_teardown_taskflow.py
[2026-03-18T16:37:37.861+0000] {processor.py:925} INFO - DAG(s) 'example_setup_teardown_taskflow' retrieved from /home/komal/data-engineering-projects/airflow-spark-pipeline/airflow_venv/lib/python3.11/site-packages/airflow/example_dags/example_setup_teardown_taskflow.py
[2026-03-18T16:37:37.872+0000] {logging_mixin.py:190} INFO - [2026-03-18T16:37:37.872+0000] {dag.py:3239} INFO - Sync 1 DAGs
[2026-03-18T16:37:37.880+0000] {logging_mixin.py:190} INFO - [2026-03-18T16:37:37.880+0000] {dag.py:4180} INFO - Setting next_dagrun for example_setup_teardown_taskflow to None, run_after=None
[2026-03-18T16:37:37.904+0000] {processor.py:208} INFO - Processing /home/komal/data-engineering-projects/airflow-spark-pipeline/airflow_venv/lib/python3.11/site-packages/airflow/example_dags/example_setup_teardown_taskflow.py took 0.101 seconds
[2026-03-18T16:38:47.054+0000] {processor.py:186} INFO - Started process (PID=37875) to work on /home/komal/data-engineering-projects/airflow-spark-pipeline/airflow_venv/lib/python3.11/site-packages/airflow/example_dags/example_setup_teardown_taskflow.py
[2026-03-18T16:38:47.086+0000] {processor.py:914} INFO - Processing file /home/komal/data-engineering-projects/airflow-spark-pipeline/airflow_venv/lib/python3.11/site-packages/airflow/example_dags/example_setup_teardown_taskflow.py for tasks to queue
[2026-03-18T16:38:47.089+0000] {logging_mixin.py:190} INFO - [2026-03-18T16:38:47.089+0000] {dagbag.py:588} INFO - Filling up the DagBag from /home/komal/data-engineering-projects/airflow-spark-pipeline/airflow_venv/lib/python3.11/site-packages/airflow/example_dags/example_setup_teardown_taskflow.py
[2026-03-18T16:38:47.104+0000] {processor.py:925} INFO - DAG(s) 'example_setup_teardown_taskflow' retrieved from /home/komal/data-engineering-projects/airflow-spark-pipeline/airflow_venv/lib/python3.11/site-packages/airflow/example_dags/example_setup_teardown_taskflow.py
[2026-03-18T16:38:47.116+0000] {logging_mixin.py:190} INFO - [2026-03-18T16:38:47.116+0000] {dag.py:3239} INFO - Sync 1 DAGs
[2026-03-18T16:38:47.123+0000] {logging_mixin.py:190} INFO - [2026-03-18T16:38:47.123+0000] {dag.py:4180} INFO - Setting next_dagrun for example_setup_teardown_taskflow to None, run_after=None
[2026-03-18T16:38:47.143+0000] {processor.py:208} INFO - Processing /home/komal/data-engineering-projects/airflow-spark-pipeline/airflow_venv/lib/python3.11/site-packages/airflow/example_dags/example_setup_teardown_taskflow.py took 0.099 seconds
[2026-03-18T16:39:51.129+0000] {processor.py:186} INFO - Started process (PID=37939) to work on /home/komal/data-engineering-projects/airflow-spark-pipeline/airflow_venv/lib/python3.11/site-packages/airflow/example_dags/example_setup_teardown_taskflow.py
[2026-03-18T16:39:51.131+0000] {processor.py:914} INFO - Processing file /home/komal/data-engineering-projects/airflow-spark-pipeline/airflow_venv/lib/python3.11/site-packages/airflow/example_dags/example_setup_teardown_taskflow.py for tasks to queue
[2026-03-18T16:39:51.134+0000] {logging_mixin.py:190} INFO - [2026-03-18T16:39:51.134+0000] {dagbag.py:588} INFO - Filling up the DagBag from /home/komal/data-engineering-projects/airflow-spark-pipeline/airflow_venv/lib/python3.11/site-packages/airflow/example_dags/example_setup_teardown_taskflow.py
[2026-03-18T16:39:51.146+0000] {processor.py:925} INFO - DAG(s) 'example_setup_teardown_taskflow' retrieved from /home/komal/data-engineering-projects/airflow-spark-pipeline/airflow_venv/lib/python3.11/site-packages/airflow/example_dags/example_setup_teardown_taskflow.py
[2026-03-18T16:39:51.156+0000] {logging_mixin.py:190} INFO - [2026-03-18T16:39:51.156+0000] {dag.py:3239} INFO - Sync 1 DAGs
[2026-03-18T16:39:51.164+0000] {logging_mixin.py:190} INFO - [2026-03-18T16:39:51.163+0000] {dag.py:4180} INFO - Setting next_dagrun for example_setup_teardown_taskflow to None, run_after=None
[2026-03-18T16:39:51.187+0000] {processor.py:208} INFO - Processing /home/komal/data-engineering-projects/airflow-spark-pipeline/airflow_venv/lib/python3.11/site-packages/airflow/example_dags/example_setup_teardown_taskflow.py took 0.067 seconds
[2026-03-18T16:40:52.516+0000] {processor.py:186} INFO - Started process (PID=38000) to work on /home/komal/data-engineering-projects/airflow-spark-pipeline/airflow_venv/lib/python3.11/site-packages/airflow/example_dags/example_setup_teardown_taskflow.py
[2026-03-18T16:40:52.551+0000] {processor.py:914} INFO - Processing file /home/komal/data-engineering-projects/airflow-spark-pipeline/airflow_venv/lib/python3.11/site-packages/airflow/example_dags/example_setup_teardown_taskflow.py for tasks to queue
[2026-03-18T16:40:52.554+0000] {logging_mixin.py:190} INFO - [2026-03-18T16:40:52.554+0000] {dagbag.py:588} INFO - Filling up the DagBag from /home/komal/data-engineering-projects/airflow-spark-pipeline/airflow_venv/lib/python3.11/site-packages/airflow/example_dags/example_setup_teardown_taskflow.py
[2026-03-18T16:40:52.562+0000] {processor.py:925} INFO - DAG(s) 'example_setup_teardown_taskflow' retrieved from /home/komal/data-engineering-projects/airflow-spark-pipeline/airflow_venv/lib/python3.11/site-packages/airflow/example_dags/example_setup_teardown_taskflow.py
[2026-03-18T16:40:52.581+0000] {logging_mixin.py:190} INFO - [2026-03-18T16:40:52.581+0000] {dag.py:3239} INFO - Sync 1 DAGs
[2026-03-18T16:40:52.598+0000] {logging_mixin.py:190} INFO - [2026-03-18T16:40:52.598+0000] {dag.py:4180} INFO - Setting next_dagrun for example_setup_teardown_taskflow to None, run_after=None
[2026-03-18T16:40:52.680+0000] {processor.py:208} INFO - Processing /home/komal/data-engineering-projects/airflow-spark-pipeline/airflow_venv/lib/python3.11/site-packages/airflow/example_dags/example_setup_teardown_taskflow.py took 0.177 seconds
[2026-03-18T16:42:02.648+0000] {processor.py:186} INFO - Started process (PID=38075) to work on /home/komal/data-engineering-projects/airflow-spark-pipeline/airflow_venv/lib/python3.11/site-packages/airflow/example_dags/example_setup_teardown_taskflow.py
[2026-03-18T16:42:02.652+0000] {processor.py:914} INFO - Processing file /home/komal/data-engineering-projects/airflow-spark-pipeline/airflow_venv/lib/python3.11/site-packages/airflow/example_dags/example_setup_teardown_taskflow.py for tasks to queue
[2026-03-18T16:42:02.654+0000] {logging_mixin.py:190} INFO - [2026-03-18T16:42:02.653+0000] {dagbag.py:588} INFO - Filling up the DagBag from /home/komal/data-engineering-projects/airflow-spark-pipeline/airflow_venv/lib/python3.11/site-packages/airflow/example_dags/example_setup_teardown_taskflow.py
[2026-03-18T16:42:02.661+0000] {processor.py:925} INFO - DAG(s) 'example_setup_teardown_taskflow' retrieved from /home/komal/data-engineering-projects/airflow-spark-pipeline/airflow_venv/lib/python3.11/site-packages/airflow/example_dags/example_setup_teardown_taskflow.py
[2026-03-18T16:42:02.673+0000] {logging_mixin.py:190} INFO - [2026-03-18T16:42:02.673+0000] {dag.py:3239} INFO - Sync 1 DAGs
[2026-03-18T16:42:02.681+0000] {logging_mixin.py:190} INFO - [2026-03-18T16:42:02.681+0000] {dag.py:4180} INFO - Setting next_dagrun for example_setup_teardown_taskflow to None, run_after=None
[2026-03-18T16:42:02.704+0000] {processor.py:208} INFO - Processing /home/komal/data-engineering-projects/airflow-spark-pipeline/airflow_venv/lib/python3.11/site-packages/airflow/example_dags/example_setup_teardown_taskflow.py took 0.064 seconds
[2026-03-18T16:43:10.428+0000] {processor.py:186} INFO - Started process (PID=38139) to work on /home/komal/data-engineering-projects/airflow-spark-pipeline/airflow_venv/lib/python3.11/site-packages/airflow/example_dags/example_setup_teardown_taskflow.py
[2026-03-18T16:43:10.431+0000] {processor.py:914} INFO - Processing file /home/komal/data-engineering-projects/airflow-spark-pipeline/airflow_venv/lib/python3.11/site-packages/airflow/example_dags/example_setup_teardown_taskflow.py for tasks to queue
[2026-03-18T16:43:10.433+0000] {logging_mixin.py:190} INFO - [2026-03-18T16:43:10.433+0000] {dagbag.py:588} INFO - Filling up the DagBag from /home/komal/data-engineering-projects/airflow-spark-pipeline/airflow_venv/lib/python3.11/site-packages/airflow/example_dags/example_setup_teardown_taskflow.py
[2026-03-18T16:43:10.441+0000] {processor.py:925} INFO - DAG(s) 'example_setup_teardown_taskflow' retrieved from /home/komal/data-engineering-projects/airflow-spark-pipeline/airflow_venv/lib/python3.11/site-packages/airflow/example_dags/example_setup_teardown_taskflow.py
[2026-03-18T16:43:10.453+0000] {logging_mixin.py:190} INFO - [2026-03-18T16:43:10.453+0000] {dag.py:3239} INFO - Sync 1 DAGs
[2026-03-18T16:43:10.461+0000] {logging_mixin.py:190} INFO - [2026-03-18T16:43:10.461+0000] {dag.py:4180} INFO - Setting next_dagrun for example_setup_teardown_taskflow to None, run_after=None
[2026-03-18T16:43:10.488+0000] {processor.py:208} INFO - Processing /home/komal/data-engineering-projects/airflow-spark-pipeline/airflow_venv/lib/python3.11/site-packages/airflow/example_dags/example_setup_teardown_taskflow.py took 0.064 seconds
[2026-03-18T16:44:13.519+0000] {processor.py:186} INFO - Started process (PID=38202) to work on /home/komal/data-engineering-projects/airflow-spark-pipeline/airflow_venv/lib/python3.11/site-packages/airflow/example_dags/example_setup_teardown_taskflow.py
[2026-03-18T16:44:13.523+0000] {processor.py:914} INFO - Processing file /home/komal/data-engineering-projects/airflow-spark-pipeline/airflow_venv/lib/python3.11/site-packages/airflow/example_dags/example_setup_teardown_taskflow.py for tasks to queue
[2026-03-18T16:44:13.527+0000] {logging_mixin.py:190} INFO - [2026-03-18T16:44:13.527+0000] {dagbag.py:588} INFO - Filling up the DagBag from /home/komal/data-engineering-projects/airflow-spark-pipeline/airflow_venv/lib/python3.11/site-packages/airflow/example_dags/example_setup_teardown_taskflow.py
[2026-03-18T16:44:13.536+0000] {processor.py:925} INFO - DAG(s) 'example_setup_teardown_taskflow' retrieved from /home/komal/data-engineering-projects/airflow-spark-pipeline/airflow_venv/lib/python3.11/site-packages/airflow/example_dags/example_setup_teardown_taskflow.py
[2026-03-18T16:44:13.552+0000] {logging_mixin.py:190} INFO - [2026-03-18T16:44:13.552+0000] {dag.py:3239} INFO - Sync 1 DAGs
[2026-03-18T16:44:13.561+0000] {logging_mixin.py:190} INFO - [2026-03-18T16:44:13.561+0000] {dag.py:4180} INFO - Setting next_dagrun for example_setup_teardown_taskflow to None, run_after=None
[2026-03-18T16:44:13.585+0000] {processor.py:208} INFO - Processing /home/komal/data-engineering-projects/airflow-spark-pipeline/airflow_venv/lib/python3.11/site-packages/airflow/example_dags/example_setup_teardown_taskflow.py took 0.074 seconds
[2026-03-18T16:45:22.724+0000] {processor.py:186} INFO - Started process (PID=38267) to work on /home/komal/data-engineering-projects/airflow-spark-pipeline/airflow_venv/lib/python3.11/site-packages/airflow/example_dags/example_setup_teardown_taskflow.py
[2026-03-18T16:45:22.758+0000] {processor.py:914} INFO - Processing file /home/komal/data-engineering-projects/airflow-spark-pipeline/airflow_venv/lib/python3.11/site-packages/airflow/example_dags/example_setup_teardown_taskflow.py for tasks to queue
[2026-03-18T16:45:22.761+0000] {logging_mixin.py:190} INFO - [2026-03-18T16:45:22.761+0000] {dagbag.py:588} INFO - Filling up the DagBag from /home/komal/data-engineering-projects/airflow-spark-pipeline/airflow_venv/lib/python3.11/site-packages/airflow/example_dags/example_setup_teardown_taskflow.py
[2026-03-18T16:45:22.775+0000] {processor.py:925} INFO - DAG(s) 'example_setup_teardown_taskflow' retrieved from /home/komal/data-engineering-projects/airflow-spark-pipeline/airflow_venv/lib/python3.11/site-packages/airflow/example_dags/example_setup_teardown_taskflow.py
[2026-03-18T16:45:22.799+0000] {logging_mixin.py:190} INFO - [2026-03-18T16:45:22.799+0000] {dag.py:3239} INFO - Sync 1 DAGs
[2026-03-18T16:45:22.808+0000] {logging_mixin.py:190} INFO - [2026-03-18T16:45:22.808+0000] {dag.py:4180} INFO - Setting next_dagrun for example_setup_teardown_taskflow to None, run_after=None
[2026-03-18T16:45:22.842+0000] {processor.py:208} INFO - Processing /home/komal/data-engineering-projects/airflow-spark-pipeline/airflow_venv/lib/python3.11/site-packages/airflow/example_dags/example_setup_teardown_taskflow.py took 0.129 seconds
[2026-03-18T16:46:31.397+0000] {processor.py:186} INFO - Started process (PID=38334) to work on /home/komal/data-engineering-projects/airflow-spark-pipeline/airflow_venv/lib/python3.11/site-packages/airflow/example_dags/example_setup_teardown_taskflow.py
[2026-03-18T16:46:31.428+0000] {processor.py:914} INFO - Processing file /home/komal/data-engineering-projects/airflow-spark-pipeline/airflow_venv/lib/python3.11/site-packages/airflow/example_dags/example_setup_teardown_taskflow.py for tasks to queue
[2026-03-18T16:46:31.430+0000] {logging_mixin.py:190} INFO - [2026-03-18T16:46:31.430+0000] {dagbag.py:588} INFO - Filling up the DagBag from /home/komal/data-engineering-projects/airflow-spark-pipeline/airflow_venv/lib/python3.11/site-packages/airflow/example_dags/example_setup_teardown_taskflow.py
[2026-03-18T16:46:31.449+0000] {processor.py:925} INFO - DAG(s) 'example_setup_teardown_taskflow' retrieved from /home/komal/data-engineering-projects/airflow-spark-pipeline/airflow_venv/lib/python3.11/site-packages/airflow/example_dags/example_setup_teardown_taskflow.py
[2026-03-18T16:46:31.465+0000] {logging_mixin.py:190} INFO - [2026-03-18T16:46:31.464+0000] {dag.py:3239} INFO - Sync 1 DAGs
[2026-03-18T16:46:31.473+0000] {logging_mixin.py:190} INFO - [2026-03-18T16:46:31.473+0000] {dag.py:4180} INFO - Setting next_dagrun for example_setup_teardown_taskflow to None, run_after=None
[2026-03-18T16:46:31.497+0000] {processor.py:208} INFO - Processing /home/komal/data-engineering-projects/airflow-spark-pipeline/airflow_venv/lib/python3.11/site-packages/airflow/example_dags/example_setup_teardown_taskflow.py took 0.105 seconds
[2026-03-18T16:47:40.454+0000] {processor.py:186} INFO - Started process (PID=38397) to work on /home/komal/data-engineering-projects/airflow-spark-pipeline/airflow_venv/lib/python3.11/site-packages/airflow/example_dags/example_setup_teardown_taskflow.py
[2026-03-18T16:47:40.485+0000] {processor.py:914} INFO - Processing file /home/komal/data-engineering-projects/airflow-spark-pipeline/airflow_venv/lib/python3.11/site-packages/airflow/example_dags/example_setup_teardown_taskflow.py for tasks to queue
[2026-03-18T16:47:40.489+0000] {logging_mixin.py:190} INFO - [2026-03-18T16:47:40.488+0000] {dagbag.py:588} INFO - Filling up the DagBag from /home/komal/data-engineering-projects/airflow-spark-pipeline/airflow_venv/lib/python3.11/site-packages/airflow/example_dags/example_setup_teardown_taskflow.py
[2026-03-18T16:47:40.506+0000] {processor.py:925} INFO - DAG(s) 'example_setup_teardown_taskflow' retrieved from /home/komal/data-engineering-projects/airflow-spark-pipeline/airflow_venv/lib/python3.11/site-packages/airflow/example_dags/example_setup_teardown_taskflow.py
[2026-03-18T16:47:40.518+0000] {logging_mixin.py:190} INFO - [2026-03-18T16:47:40.518+0000] {dag.py:3239} INFO - Sync 1 DAGs
[2026-03-18T16:47:40.526+0000] {logging_mixin.py:190} INFO - [2026-03-18T16:47:40.526+0000] {dag.py:4180} INFO - Setting next_dagrun for example_setup_teardown_taskflow to None, run_after=None
[2026-03-18T16:47:40.545+0000] {processor.py:208} INFO - Processing /home/komal/data-engineering-projects/airflow-spark-pipeline/airflow_venv/lib/python3.11/site-packages/airflow/example_dags/example_setup_teardown_taskflow.py took 0.096 seconds
[2026-03-18T16:48:43.537+0000] {processor.py:186} INFO - Started process (PID=38463) to work on /home/komal/data-engineering-projects/airflow-spark-pipeline/airflow_venv/lib/python3.11/site-packages/airflow/example_dags/example_setup_teardown_taskflow.py
[2026-03-18T16:48:43.540+0000] {processor.py:914} INFO - Processing file /home/komal/data-engineering-projects/airflow-spark-pipeline/airflow_venv/lib/python3.11/site-packages/airflow/example_dags/example_setup_teardown_taskflow.py for tasks to queue
[2026-03-18T16:48:43.543+0000] {logging_mixin.py:190} INFO - [2026-03-18T16:48:43.543+0000] {dagbag.py:588} INFO - Filling up the DagBag from /home/komal/data-engineering-projects/airflow-spark-pipeline/airflow_venv/lib/python3.11/site-packages/airflow/example_dags/example_setup_teardown_taskflow.py
[2026-03-18T16:48:43.560+0000] {processor.py:925} INFO - DAG(s) 'example_setup_teardown_taskflow' retrieved from /home/komal/data-engineering-projects/airflow-spark-pipeline/airflow_venv/lib/python3.11/site-packages/airflow/example_dags/example_setup_teardown_taskflow.py
[2026-03-18T16:48:43.571+0000] {logging_mixin.py:190} INFO - [2026-03-18T16:48:43.571+0000] {dag.py:3239} INFO - Sync 1 DAGs
[2026-03-18T16:48:43.579+0000] {logging_mixin.py:190} INFO - [2026-03-18T16:48:43.579+0000] {dag.py:4180} INFO - Setting next_dagrun for example_setup_teardown_taskflow to None, run_after=None
[2026-03-18T16:48:43.612+0000] {processor.py:208} INFO - Processing /home/komal/data-engineering-projects/airflow-spark-pipeline/airflow_venv/lib/python3.11/site-packages/airflow/example_dags/example_setup_teardown_taskflow.py took 0.079 seconds
[2026-03-18T16:52:04.354+0000] {processor.py:186} INFO - Started process (PID=38559) to work on /home/komal/data-engineering-projects/airflow-spark-pipeline/airflow_venv/lib/python3.11/site-packages/airflow/example_dags/example_setup_teardown_taskflow.py
[2026-03-18T16:52:04.357+0000] {processor.py:914} INFO - Processing file /home/komal/data-engineering-projects/airflow-spark-pipeline/airflow_venv/lib/python3.11/site-packages/airflow/example_dags/example_setup_teardown_taskflow.py for tasks to queue
[2026-03-18T16:52:04.359+0000] {logging_mixin.py:190} INFO - [2026-03-18T16:52:04.359+0000] {dagbag.py:588} INFO - Filling up the DagBag from /home/komal/data-engineering-projects/airflow-spark-pipeline/airflow_venv/lib/python3.11/site-packages/airflow/example_dags/example_setup_teardown_taskflow.py
[2026-03-18T16:52:04.368+0000] {processor.py:925} INFO - DAG(s) 'example_setup_teardown_taskflow' retrieved from /home/komal/data-engineering-projects/airflow-spark-pipeline/airflow_venv/lib/python3.11/site-packages/airflow/example_dags/example_setup_teardown_taskflow.py
[2026-03-18T16:52:04.379+0000] {logging_mixin.py:190} INFO - [2026-03-18T16:52:04.379+0000] {dag.py:3239} INFO - Sync 1 DAGs
[2026-03-18T16:52:04.387+0000] {logging_mixin.py:190} INFO - [2026-03-18T16:52:04.387+0000] {dag.py:4180} INFO - Setting next_dagrun for example_setup_teardown_taskflow to None, run_after=None
[2026-03-18T16:52:04.415+0000] {processor.py:208} INFO - Processing /home/komal/data-engineering-projects/airflow-spark-pipeline/airflow_venv/lib/python3.11/site-packages/airflow/example_dags/example_setup_teardown_taskflow.py took 0.071 seconds
[2026-03-18T16:53:10.302+0000] {processor.py:186} INFO - Started process (PID=38622) to work on /home/komal/data-engineering-projects/airflow-spark-pipeline/airflow_venv/lib/python3.11/site-packages/airflow/example_dags/example_setup_teardown_taskflow.py
[2026-03-18T16:53:10.304+0000] {processor.py:914} INFO - Processing file /home/komal/data-engineering-projects/airflow-spark-pipeline/airflow_venv/lib/python3.11/site-packages/airflow/example_dags/example_setup_teardown_taskflow.py for tasks to queue
[2026-03-18T16:53:10.305+0000] {logging_mixin.py:190} INFO - [2026-03-18T16:53:10.305+0000] {dagbag.py:588} INFO - Filling up the DagBag from /home/komal/data-engineering-projects/airflow-spark-pipeline/airflow_venv/lib/python3.11/site-packages/airflow/example_dags/example_setup_teardown_taskflow.py
[2026-03-18T16:53:10.315+0000] {processor.py:925} INFO - DAG(s) 'example_setup_teardown_taskflow' retrieved from /home/komal/data-engineering-projects/airflow-spark-pipeline/airflow_venv/lib/python3.11/site-packages/airflow/example_dags/example_setup_teardown_taskflow.py
[2026-03-18T16:53:10.327+0000] {logging_mixin.py:190} INFO - [2026-03-18T16:53:10.327+0000] {dag.py:3239} INFO - Sync 1 DAGs
[2026-03-18T16:53:10.336+0000] {logging_mixin.py:190} INFO - [2026-03-18T16:53:10.335+0000] {dag.py:4180} INFO - Setting next_dagrun for example_setup_teardown_taskflow to None, run_after=None
[2026-03-18T16:53:10.382+0000] {processor.py:208} INFO - Processing /home/komal/data-engineering-projects/airflow-spark-pipeline/airflow_venv/lib/python3.11/site-packages/airflow/example_dags/example_setup_teardown_taskflow.py took 0.085 seconds
[2026-03-18T16:54:14.874+0000] {processor.py:186} INFO - Started process (PID=38690) to work on /home/komal/data-engineering-projects/airflow-spark-pipeline/airflow_venv/lib/python3.11/site-packages/airflow/example_dags/example_setup_teardown_taskflow.py
[2026-03-18T16:54:14.907+0000] {processor.py:914} INFO - Processing file /home/komal/data-engineering-projects/airflow-spark-pipeline/airflow_venv/lib/python3.11/site-packages/airflow/example_dags/example_setup_teardown_taskflow.py for tasks to queue
[2026-03-18T16:54:14.912+0000] {logging_mixin.py:190} INFO - [2026-03-18T16:54:14.911+0000] {dagbag.py:588} INFO - Filling up the DagBag from /home/komal/data-engineering-projects/airflow-spark-pipeline/airflow_venv/lib/python3.11/site-packages/airflow/example_dags/example_setup_teardown_taskflow.py
[2026-03-18T16:54:14.926+0000] {processor.py:925} INFO - DAG(s) 'example_setup_teardown_taskflow' retrieved from /home/komal/data-engineering-projects/airflow-spark-pipeline/airflow_venv/lib/python3.11/site-packages/airflow/example_dags/example_setup_teardown_taskflow.py
[2026-03-18T16:54:14.942+0000] {logging_mixin.py:190} INFO - [2026-03-18T16:54:14.942+0000] {dag.py:3239} INFO - Sync 1 DAGs
[2026-03-18T16:54:14.955+0000] {logging_mixin.py:190} INFO - [2026-03-18T16:54:14.954+0000] {dag.py:4180} INFO - Setting next_dagrun for example_setup_teardown_taskflow to None, run_after=None
[2026-03-18T16:54:15.008+0000] {processor.py:208} INFO - Processing /home/komal/data-engineering-projects/airflow-spark-pipeline/airflow_venv/lib/python3.11/site-packages/airflow/example_dags/example_setup_teardown_taskflow.py took 0.141 seconds
[2026-03-18T16:55:22.881+0000] {processor.py:186} INFO - Started process (PID=38763) to work on /home/komal/data-engineering-projects/airflow-spark-pipeline/airflow_venv/lib/python3.11/site-packages/airflow/example_dags/example_setup_teardown_taskflow.py
[2026-03-18T16:55:22.913+0000] {processor.py:914} INFO - Processing file /home/komal/data-engineering-projects/airflow-spark-pipeline/airflow_venv/lib/python3.11/site-packages/airflow/example_dags/example_setup_teardown_taskflow.py for tasks to queue
[2026-03-18T16:55:22.915+0000] {logging_mixin.py:190} INFO - [2026-03-18T16:55:22.915+0000] {dagbag.py:588} INFO - Filling up the DagBag from /home/komal/data-engineering-projects/airflow-spark-pipeline/airflow_venv/lib/python3.11/site-packages/airflow/example_dags/example_setup_teardown_taskflow.py
[2026-03-18T16:55:22.923+0000] {processor.py:925} INFO - DAG(s) 'example_setup_teardown_taskflow' retrieved from /home/komal/data-engineering-projects/airflow-spark-pipeline/airflow_venv/lib/python3.11/site-packages/airflow/example_dags/example_setup_teardown_taskflow.py
[2026-03-18T16:55:22.939+0000] {logging_mixin.py:190} INFO - [2026-03-18T16:55:22.939+0000] {dag.py:3239} INFO - Sync 1 DAGs
[2026-03-18T16:55:22.949+0000] {logging_mixin.py:190} INFO - [2026-03-18T16:55:22.948+0000] {dag.py:4180} INFO - Setting next_dagrun for example_setup_teardown_taskflow to None, run_after=None
[2026-03-18T16:55:22.982+0000] {processor.py:208} INFO - Processing /home/komal/data-engineering-projects/airflow-spark-pipeline/airflow_venv/lib/python3.11/site-packages/airflow/example_dags/example_setup_teardown_taskflow.py took 0.105 seconds
[2026-03-18T16:56:32.187+0000] {processor.py:186} INFO - Started process (PID=38827) to work on /home/komal/data-engineering-projects/airflow-spark-pipeline/airflow_venv/lib/python3.11/site-packages/airflow/example_dags/example_setup_teardown_taskflow.py
[2026-03-18T16:56:32.216+0000] {processor.py:914} INFO - Processing file /home/komal/data-engineering-projects/airflow-spark-pipeline/airflow_venv/lib/python3.11/site-packages/airflow/example_dags/example_setup_teardown_taskflow.py for tasks to queue
[2026-03-18T16:56:32.220+0000] {logging_mixin.py:190} INFO - [2026-03-18T16:56:32.219+0000] {dagbag.py:588} INFO - Filling up the DagBag from /home/komal/data-engineering-projects/airflow-spark-pipeline/airflow_venv/lib/python3.11/site-packages/airflow/example_dags/example_setup_teardown_taskflow.py
[2026-03-18T16:56:32.233+0000] {processor.py:925} INFO - DAG(s) 'example_setup_teardown_taskflow' retrieved from /home/komal/data-engineering-projects/airflow-spark-pipeline/airflow_venv/lib/python3.11/site-packages/airflow/example_dags/example_setup_teardown_taskflow.py
[2026-03-18T16:56:32.244+0000] {logging_mixin.py:190} INFO - [2026-03-18T16:56:32.244+0000] {dag.py:3239} INFO - Sync 1 DAGs
[2026-03-18T16:56:32.258+0000] {logging_mixin.py:190} INFO - [2026-03-18T16:56:32.258+0000] {dag.py:4180} INFO - Setting next_dagrun for example_setup_teardown_taskflow to None, run_after=None
[2026-03-18T16:56:32.284+0000] {processor.py:208} INFO - Processing /home/komal/data-engineering-projects/airflow-spark-pipeline/airflow_venv/lib/python3.11/site-packages/airflow/example_dags/example_setup_teardown_taskflow.py took 0.104 seconds
[2026-03-18T17:45:10.113+0000] {processor.py:186} INFO - Started process (PID=38914) to work on /home/komal/data-engineering-projects/airflow-spark-pipeline/airflow_venv/lib/python3.11/site-packages/airflow/example_dags/example_setup_teardown_taskflow.py
[2026-03-18T17:45:10.114+0000] {processor.py:914} INFO - Processing file /home/komal/data-engineering-projects/airflow-spark-pipeline/airflow_venv/lib/python3.11/site-packages/airflow/example_dags/example_setup_teardown_taskflow.py for tasks to queue
[2026-03-18T17:45:10.116+0000] {logging_mixin.py:190} INFO - [2026-03-18T17:45:10.116+0000] {dagbag.py:588} INFO - Filling up the DagBag from /home/komal/data-engineering-projects/airflow-spark-pipeline/airflow_venv/lib/python3.11/site-packages/airflow/example_dags/example_setup_teardown_taskflow.py
[2026-03-18T17:45:10.125+0000] {processor.py:925} INFO - DAG(s) 'example_setup_teardown_taskflow' retrieved from /home/komal/data-engineering-projects/airflow-spark-pipeline/airflow_venv/lib/python3.11/site-packages/airflow/example_dags/example_setup_teardown_taskflow.py
[2026-03-18T17:45:10.138+0000] {logging_mixin.py:190} INFO - [2026-03-18T17:45:10.138+0000] {dag.py:3239} INFO - Sync 1 DAGs
[2026-03-18T17:45:10.146+0000] {logging_mixin.py:190} INFO - [2026-03-18T17:45:10.146+0000] {dag.py:4180} INFO - Setting next_dagrun for example_setup_teardown_taskflow to None, run_after=None
[2026-03-18T17:45:10.167+0000] {processor.py:208} INFO - Processing /home/komal/data-engineering-projects/airflow-spark-pipeline/airflow_venv/lib/python3.11/site-packages/airflow/example_dags/example_setup_teardown_taskflow.py took 0.060 seconds
[2026-03-18T17:46:13.408+0000] {processor.py:186} INFO - Started process (PID=38985) to work on /home/komal/data-engineering-projects/airflow-spark-pipeline/airflow_venv/lib/python3.11/site-packages/airflow/example_dags/example_setup_teardown_taskflow.py
[2026-03-18T17:46:13.413+0000] {processor.py:914} INFO - Processing file /home/komal/data-engineering-projects/airflow-spark-pipeline/airflow_venv/lib/python3.11/site-packages/airflow/example_dags/example_setup_teardown_taskflow.py for tasks to queue
[2026-03-18T17:46:13.416+0000] {logging_mixin.py:190} INFO - [2026-03-18T17:46:13.415+0000] {dagbag.py:588} INFO - Filling up the DagBag from /home/komal/data-engineering-projects/airflow-spark-pipeline/airflow_venv/lib/python3.11/site-packages/airflow/example_dags/example_setup_teardown_taskflow.py
[2026-03-18T17:46:13.423+0000] {processor.py:925} INFO - DAG(s) 'example_setup_teardown_taskflow' retrieved from /home/komal/data-engineering-projects/airflow-spark-pipeline/airflow_venv/lib/python3.11/site-packages/airflow/example_dags/example_setup_teardown_taskflow.py
[2026-03-18T17:46:13.437+0000] {logging_mixin.py:190} INFO - [2026-03-18T17:46:13.437+0000] {dag.py:3239} INFO - Sync 1 DAGs
[2026-03-18T17:46:13.445+0000] {logging_mixin.py:190} INFO - [2026-03-18T17:46:13.444+0000] {dag.py:4180} INFO - Setting next_dagrun for example_setup_teardown_taskflow to None, run_after=None
[2026-03-18T17:46:13.469+0000] {processor.py:208} INFO - Processing /home/komal/data-engineering-projects/airflow-spark-pipeline/airflow_venv/lib/python3.11/site-packages/airflow/example_dags/example_setup_teardown_taskflow.py took 0.066 seconds
[2026-03-18T17:47:21.229+0000] {processor.py:186} INFO - Started process (PID=39054) to work on /home/komal/data-engineering-projects/airflow-spark-pipeline/airflow_venv/lib/python3.11/site-packages/airflow/example_dags/example_setup_teardown_taskflow.py
[2026-03-18T17:47:21.261+0000] {processor.py:914} INFO - Processing file /home/komal/data-engineering-projects/airflow-spark-pipeline/airflow_venv/lib/python3.11/site-packages/airflow/example_dags/example_setup_teardown_taskflow.py for tasks to queue
[2026-03-18T17:47:21.264+0000] {logging_mixin.py:190} INFO - [2026-03-18T17:47:21.263+0000] {dagbag.py:588} INFO - Filling up the DagBag from /home/komal/data-engineering-projects/airflow-spark-pipeline/airflow_venv/lib/python3.11/site-packages/airflow/example_dags/example_setup_teardown_taskflow.py
[2026-03-18T17:47:21.280+0000] {processor.py:925} INFO - DAG(s) 'example_setup_teardown_taskflow' retrieved from /home/komal/data-engineering-projects/airflow-spark-pipeline/airflow_venv/lib/python3.11/site-packages/airflow/example_dags/example_setup_teardown_taskflow.py
[2026-03-18T17:47:21.292+0000] {logging_mixin.py:190} INFO - [2026-03-18T17:47:21.292+0000] {dag.py:3239} INFO - Sync 1 DAGs
[2026-03-18T17:47:21.301+0000] {logging_mixin.py:190} INFO - [2026-03-18T17:47:21.301+0000] {dag.py:4180} INFO - Setting next_dagrun for example_setup_teardown_taskflow to None, run_after=None
[2026-03-18T17:47:21.321+0000] {processor.py:208} INFO - Processing /home/komal/data-engineering-projects/airflow-spark-pipeline/airflow_venv/lib/python3.11/site-packages/airflow/example_dags/example_setup_teardown_taskflow.py took 0.097 seconds
[2026-03-18T17:48:27.743+0000] {processor.py:186} INFO - Started process (PID=39118) to work on /home/komal/data-engineering-projects/airflow-spark-pipeline/airflow_venv/lib/python3.11/site-packages/airflow/example_dags/example_setup_teardown_taskflow.py
[2026-03-18T17:48:27.773+0000] {processor.py:914} INFO - Processing file /home/komal/data-engineering-projects/airflow-spark-pipeline/airflow_venv/lib/python3.11/site-packages/airflow/example_dags/example_setup_teardown_taskflow.py for tasks to queue
[2026-03-18T17:48:27.779+0000] {logging_mixin.py:190} INFO - [2026-03-18T17:48:27.778+0000] {dagbag.py:588} INFO - Filling up the DagBag from /home/komal/data-engineering-projects/airflow-spark-pipeline/airflow_venv/lib/python3.11/site-packages/airflow/example_dags/example_setup_teardown_taskflow.py
[2026-03-18T17:48:27.822+0000] {processor.py:925} INFO - DAG(s) 'example_setup_teardown_taskflow' retrieved from /home/komal/data-engineering-projects/airflow-spark-pipeline/airflow_venv/lib/python3.11/site-packages/airflow/example_dags/example_setup_teardown_taskflow.py
[2026-03-18T17:48:27.839+0000] {logging_mixin.py:190} INFO - [2026-03-18T17:48:27.839+0000] {dag.py:3239} INFO - Sync 1 DAGs
[2026-03-18T17:48:27.846+0000] {logging_mixin.py:190} INFO - [2026-03-18T17:48:27.846+0000] {dag.py:4180} INFO - Setting next_dagrun for example_setup_teardown_taskflow to None, run_after=None
[2026-03-18T17:48:27.870+0000] {processor.py:208} INFO - Processing /home/komal/data-engineering-projects/airflow-spark-pipeline/airflow_venv/lib/python3.11/site-packages/airflow/example_dags/example_setup_teardown_taskflow.py took 0.140 seconds
[2026-03-18T17:49:35.558+0000] {processor.py:186} INFO - Started process (PID=39181) to work on /home/komal/data-engineering-projects/airflow-spark-pipeline/airflow_venv/lib/python3.11/site-packages/airflow/example_dags/example_setup_teardown_taskflow.py
[2026-03-18T17:49:35.559+0000] {processor.py:914} INFO - Processing file /home/komal/data-engineering-projects/airflow-spark-pipeline/airflow_venv/lib/python3.11/site-packages/airflow/example_dags/example_setup_teardown_taskflow.py for tasks to queue
[2026-03-18T17:49:35.560+0000] {logging_mixin.py:190} INFO - [2026-03-18T17:49:35.560+0000] {dagbag.py:588} INFO - Filling up the DagBag from /home/komal/data-engineering-projects/airflow-spark-pipeline/airflow_venv/lib/python3.11/site-packages/airflow/example_dags/example_setup_teardown_taskflow.py
[2026-03-18T17:49:35.571+0000] {processor.py:925} INFO - DAG(s) 'example_setup_teardown_taskflow' retrieved from /home/komal/data-engineering-projects/airflow-spark-pipeline/airflow_venv/lib/python3.11/site-packages/airflow/example_dags/example_setup_teardown_taskflow.py
[2026-03-18T17:49:35.584+0000] {logging_mixin.py:190} INFO - [2026-03-18T17:49:35.584+0000] {dag.py:3239} INFO - Sync 1 DAGs
[2026-03-18T17:49:35.592+0000] {logging_mixin.py:190} INFO - [2026-03-18T17:49:35.592+0000] {dag.py:4180} INFO - Setting next_dagrun for example_setup_teardown_taskflow to None, run_after=None
[2026-03-18T17:49:35.646+0000] {processor.py:208} INFO - Processing /home/komal/data-engineering-projects/airflow-spark-pipeline/airflow_venv/lib/python3.11/site-packages/airflow/example_dags/example_setup_teardown_taskflow.py took 0.093 seconds
[2026-03-18T17:55:41.023+0000] {processor.py:186} INFO - Started process (PID=39261) to work on /home/komal/data-engineering-projects/airflow-spark-pipeline/airflow_venv/lib/python3.11/site-packages/airflow/example_dags/example_setup_teardown_taskflow.py
[2026-03-18T17:55:41.057+0000] {processor.py:914} INFO - Processing file /home/komal/data-engineering-projects/airflow-spark-pipeline/airflow_venv/lib/python3.11/site-packages/airflow/example_dags/example_setup_teardown_taskflow.py for tasks to queue
[2026-03-18T17:55:41.061+0000] {logging_mixin.py:190} INFO - [2026-03-18T17:55:41.060+0000] {dagbag.py:588} INFO - Filling up the DagBag from /home/komal/data-engineering-projects/airflow-spark-pipeline/airflow_venv/lib/python3.11/site-packages/airflow/example_dags/example_setup_teardown_taskflow.py
[2026-03-18T17:55:41.077+0000] {processor.py:925} INFO - DAG(s) 'example_setup_teardown_taskflow' retrieved from /home/komal/data-engineering-projects/airflow-spark-pipeline/airflow_venv/lib/python3.11/site-packages/airflow/example_dags/example_setup_teardown_taskflow.py
[2026-03-18T17:55:41.089+0000] {logging_mixin.py:190} INFO - [2026-03-18T17:55:41.088+0000] {dag.py:3239} INFO - Sync 1 DAGs
[2026-03-18T17:55:41.096+0000] {logging_mixin.py:190} INFO - [2026-03-18T17:55:41.096+0000] {dag.py:4180} INFO - Setting next_dagrun for example_setup_teardown_taskflow to None, run_after=None
[2026-03-18T17:55:41.119+0000] {processor.py:208} INFO - Processing /home/komal/data-engineering-projects/airflow-spark-pipeline/airflow_venv/lib/python3.11/site-packages/airflow/example_dags/example_setup_teardown_taskflow.py took 0.105 seconds
[2026-03-18T17:56:47.222+0000] {processor.py:186} INFO - Started process (PID=39351) to work on /home/komal/data-engineering-projects/airflow-spark-pipeline/airflow_venv/lib/python3.11/site-packages/airflow/example_dags/example_setup_teardown_taskflow.py
[2026-03-18T17:56:47.223+0000] {processor.py:914} INFO - Processing file /home/komal/data-engineering-projects/airflow-spark-pipeline/airflow_venv/lib/python3.11/site-packages/airflow/example_dags/example_setup_teardown_taskflow.py for tasks to queue
[2026-03-18T17:56:47.225+0000] {logging_mixin.py:190} INFO - [2026-03-18T17:56:47.225+0000] {dagbag.py:588} INFO - Filling up the DagBag from /home/komal/data-engineering-projects/airflow-spark-pipeline/airflow_venv/lib/python3.11/site-packages/airflow/example_dags/example_setup_teardown_taskflow.py
[2026-03-18T17:56:47.235+0000] {processor.py:925} INFO - DAG(s) 'example_setup_teardown_taskflow' retrieved from /home/komal/data-engineering-projects/airflow-spark-pipeline/airflow_venv/lib/python3.11/site-packages/airflow/example_dags/example_setup_teardown_taskflow.py
[2026-03-18T17:56:47.260+0000] {logging_mixin.py:190} INFO - [2026-03-18T17:56:47.260+0000] {dag.py:3239} INFO - Sync 1 DAGs
[2026-03-18T17:56:47.276+0000] {logging_mixin.py:190} INFO - [2026-03-18T17:56:47.276+0000] {dag.py:4180} INFO - Setting next_dagrun for example_setup_teardown_taskflow to None, run_after=None
[2026-03-18T17:56:47.315+0000] {processor.py:208} INFO - Processing /home/komal/data-engineering-projects/airflow-spark-pipeline/airflow_venv/lib/python3.11/site-packages/airflow/example_dags/example_setup_teardown_taskflow.py took 0.100 seconds
[2026-03-18T17:57:51.944+0000] {processor.py:186} INFO - Started process (PID=39415) to work on /home/komal/data-engineering-projects/airflow-spark-pipeline/airflow_venv/lib/python3.11/site-packages/airflow/example_dags/example_setup_teardown_taskflow.py
[2026-03-18T17:57:51.946+0000] {processor.py:914} INFO - Processing file /home/komal/data-engineering-projects/airflow-spark-pipeline/airflow_venv/lib/python3.11/site-packages/airflow/example_dags/example_setup_teardown_taskflow.py for tasks to queue
[2026-03-18T17:57:51.948+0000] {logging_mixin.py:190} INFO - [2026-03-18T17:57:51.948+0000] {dagbag.py:588} INFO - Filling up the DagBag from /home/komal/data-engineering-projects/airflow-spark-pipeline/airflow_venv/lib/python3.11/site-packages/airflow/example_dags/example_setup_teardown_taskflow.py
[2026-03-18T17:57:51.965+0000] {processor.py:925} INFO - DAG(s) 'example_setup_teardown_taskflow' retrieved from /home/komal/data-engineering-projects/airflow-spark-pipeline/airflow_venv/lib/python3.11/site-packages/airflow/example_dags/example_setup_teardown_taskflow.py
[2026-03-18T17:57:51.985+0000] {logging_mixin.py:190} INFO - [2026-03-18T17:57:51.985+0000] {dag.py:3239} INFO - Sync 1 DAGs
[2026-03-18T17:57:51.995+0000] {logging_mixin.py:190} INFO - [2026-03-18T17:57:51.995+0000] {dag.py:4180} INFO - Setting next_dagrun for example_setup_teardown_taskflow to None, run_after=None
[2026-03-18T17:57:52.035+0000] {processor.py:208} INFO - Processing /home/komal/data-engineering-projects/airflow-spark-pipeline/airflow_venv/lib/python3.11/site-packages/airflow/example_dags/example_setup_teardown_taskflow.py took 0.095 seconds
[2026-03-18T17:58:53.898+0000] {processor.py:186} INFO - Started process (PID=39475) to work on /home/komal/data-engineering-projects/airflow-spark-pipeline/airflow_venv/lib/python3.11/site-packages/airflow/example_dags/example_setup_teardown_taskflow.py
[2026-03-18T17:58:53.899+0000] {processor.py:914} INFO - Processing file /home/komal/data-engineering-projects/airflow-spark-pipeline/airflow_venv/lib/python3.11/site-packages/airflow/example_dags/example_setup_teardown_taskflow.py for tasks to queue
[2026-03-18T17:58:53.901+0000] {logging_mixin.py:190} INFO - [2026-03-18T17:58:53.900+0000] {dagbag.py:588} INFO - Filling up the DagBag from /home/komal/data-engineering-projects/airflow-spark-pipeline/airflow_venv/lib/python3.11/site-packages/airflow/example_dags/example_setup_teardown_taskflow.py
[2026-03-18T17:58:53.912+0000] {processor.py:925} INFO - DAG(s) 'example_setup_teardown_taskflow' retrieved from /home/komal/data-engineering-projects/airflow-spark-pipeline/airflow_venv/lib/python3.11/site-packages/airflow/example_dags/example_setup_teardown_taskflow.py
[2026-03-18T17:58:53.931+0000] {logging_mixin.py:190} INFO - [2026-03-18T17:58:53.930+0000] {dag.py:3239} INFO - Sync 1 DAGs
[2026-03-18T17:58:53.943+0000] {logging_mixin.py:190} INFO - [2026-03-18T17:58:53.943+0000] {dag.py:4180} INFO - Setting next_dagrun for example_setup_teardown_taskflow to None, run_after=None
[2026-03-18T17:58:53.979+0000] {processor.py:208} INFO - Processing /home/komal/data-engineering-projects/airflow-spark-pipeline/airflow_venv/lib/python3.11/site-packages/airflow/example_dags/example_setup_teardown_taskflow.py took 0.086 seconds
[2026-03-18T17:59:57.732+0000] {processor.py:186} INFO - Started process (PID=39539) to work on /home/komal/data-engineering-projects/airflow-spark-pipeline/airflow_venv/lib/python3.11/site-packages/airflow/example_dags/example_setup_teardown_taskflow.py
[2026-03-18T17:59:57.765+0000] {processor.py:914} INFO - Processing file /home/komal/data-engineering-projects/airflow-spark-pipeline/airflow_venv/lib/python3.11/site-packages/airflow/example_dags/example_setup_teardown_taskflow.py for tasks to queue
[2026-03-18T17:59:57.769+0000] {logging_mixin.py:190} INFO - [2026-03-18T17:59:57.769+0000] {dagbag.py:588} INFO - Filling up the DagBag from /home/komal/data-engineering-projects/airflow-spark-pipeline/airflow_venv/lib/python3.11/site-packages/airflow/example_dags/example_setup_teardown_taskflow.py
[2026-03-18T17:59:57.786+0000] {processor.py:925} INFO - DAG(s) 'example_setup_teardown_taskflow' retrieved from /home/komal/data-engineering-projects/airflow-spark-pipeline/airflow_venv/lib/python3.11/site-packages/airflow/example_dags/example_setup_teardown_taskflow.py
[2026-03-18T17:59:57.798+0000] {logging_mixin.py:190} INFO - [2026-03-18T17:59:57.798+0000] {dag.py:3239} INFO - Sync 1 DAGs
[2026-03-18T17:59:57.806+0000] {logging_mixin.py:190} INFO - [2026-03-18T17:59:57.805+0000] {dag.py:4180} INFO - Setting next_dagrun for example_setup_teardown_taskflow to None, run_after=None
[2026-03-18T17:59:57.828+0000] {processor.py:208} INFO - Processing /home/komal/data-engineering-projects/airflow-spark-pipeline/airflow_venv/lib/python3.11/site-packages/airflow/example_dags/example_setup_teardown_taskflow.py took 0.107 seconds
[2026-03-18T18:01:10.275+0000] {processor.py:186} INFO - Started process (PID=39610) to work on /home/komal/data-engineering-projects/airflow-spark-pipeline/airflow_venv/lib/python3.11/site-packages/airflow/example_dags/example_setup_teardown_taskflow.py
[2026-03-18T18:01:10.295+0000] {processor.py:914} INFO - Processing file /home/komal/data-engineering-projects/airflow-spark-pipeline/airflow_venv/lib/python3.11/site-packages/airflow/example_dags/example_setup_teardown_taskflow.py for tasks to queue
[2026-03-18T18:01:10.298+0000] {logging_mixin.py:190} INFO - [2026-03-18T18:01:10.298+0000] {dagbag.py:588} INFO - Filling up the DagBag from /home/komal/data-engineering-projects/airflow-spark-pipeline/airflow_venv/lib/python3.11/site-packages/airflow/example_dags/example_setup_teardown_taskflow.py
[2026-03-18T18:01:10.316+0000] {processor.py:925} INFO - DAG(s) 'example_setup_teardown_taskflow' retrieved from /home/komal/data-engineering-projects/airflow-spark-pipeline/airflow_venv/lib/python3.11/site-packages/airflow/example_dags/example_setup_teardown_taskflow.py
[2026-03-18T18:01:10.343+0000] {logging_mixin.py:190} INFO - [2026-03-18T18:01:10.343+0000] {dag.py:3239} INFO - Sync 1 DAGs
[2026-03-18T18:01:10.357+0000] {logging_mixin.py:190} INFO - [2026-03-18T18:01:10.357+0000] {dag.py:4180} INFO - Setting next_dagrun for example_setup_teardown_taskflow to None, run_after=None
[2026-03-18T18:01:10.387+0000] {processor.py:208} INFO - Processing /home/komal/data-engineering-projects/airflow-spark-pipeline/airflow_venv/lib/python3.11/site-packages/airflow/example_dags/example_setup_teardown_taskflow.py took 0.121 seconds
[2026-03-18T18:02:15.971+0000] {processor.py:186} INFO - Started process (PID=39675) to work on /home/komal/data-engineering-projects/airflow-spark-pipeline/airflow_venv/lib/python3.11/site-packages/airflow/example_dags/example_setup_teardown_taskflow.py
[2026-03-18T18:02:15.974+0000] {processor.py:914} INFO - Processing file /home/komal/data-engineering-projects/airflow-spark-pipeline/airflow_venv/lib/python3.11/site-packages/airflow/example_dags/example_setup_teardown_taskflow.py for tasks to queue
[2026-03-18T18:02:15.976+0000] {logging_mixin.py:190} INFO - [2026-03-18T18:02:15.976+0000] {dagbag.py:588} INFO - Filling up the DagBag from /home/komal/data-engineering-projects/airflow-spark-pipeline/airflow_venv/lib/python3.11/site-packages/airflow/example_dags/example_setup_teardown_taskflow.py
[2026-03-18T18:02:15.992+0000] {processor.py:925} INFO - DAG(s) 'example_setup_teardown_taskflow' retrieved from /home/komal/data-engineering-projects/airflow-spark-pipeline/airflow_venv/lib/python3.11/site-packages/airflow/example_dags/example_setup_teardown_taskflow.py
[2026-03-18T18:02:16.014+0000] {logging_mixin.py:190} INFO - [2026-03-18T18:02:16.014+0000] {dag.py:3239} INFO - Sync 1 DAGs
[2026-03-18T18:02:16.030+0000] {logging_mixin.py:190} INFO - [2026-03-18T18:02:16.030+0000] {dag.py:4180} INFO - Setting next_dagrun for example_setup_teardown_taskflow to None, run_after=None
[2026-03-18T18:02:16.067+0000] {processor.py:208} INFO - Processing /home/komal/data-engineering-projects/airflow-spark-pipeline/airflow_venv/lib/python3.11/site-packages/airflow/example_dags/example_setup_teardown_taskflow.py took 0.100 seconds
[2026-03-18T18:03:25.724+0000] {processor.py:186} INFO - Started process (PID=39742) to work on /home/komal/data-engineering-projects/airflow-spark-pipeline/airflow_venv/lib/python3.11/site-packages/airflow/example_dags/example_setup_teardown_taskflow.py
[2026-03-18T18:03:25.727+0000] {processor.py:914} INFO - Processing file /home/komal/data-engineering-projects/airflow-spark-pipeline/airflow_venv/lib/python3.11/site-packages/airflow/example_dags/example_setup_teardown_taskflow.py for tasks to queue
[2026-03-18T18:03:25.729+0000] {logging_mixin.py:190} INFO - [2026-03-18T18:03:25.729+0000] {dagbag.py:588} INFO - Filling up the DagBag from /home/komal/data-engineering-projects/airflow-spark-pipeline/airflow_venv/lib/python3.11/site-packages/airflow/example_dags/example_setup_teardown_taskflow.py
[2026-03-18T18:03:25.737+0000] {processor.py:925} INFO - DAG(s) 'example_setup_teardown_taskflow' retrieved from /home/komal/data-engineering-projects/airflow-spark-pipeline/airflow_venv/lib/python3.11/site-packages/airflow/example_dags/example_setup_teardown_taskflow.py
[2026-03-18T18:03:25.749+0000] {logging_mixin.py:190} INFO - [2026-03-18T18:03:25.748+0000] {dag.py:3239} INFO - Sync 1 DAGs
[2026-03-18T18:03:25.756+0000] {logging_mixin.py:190} INFO - [2026-03-18T18:03:25.756+0000] {dag.py:4180} INFO - Setting next_dagrun for example_setup_teardown_taskflow to None, run_after=None
[2026-03-18T18:03:25.778+0000] {processor.py:208} INFO - Processing /home/komal/data-engineering-projects/airflow-spark-pipeline/airflow_venv/lib/python3.11/site-packages/airflow/example_dags/example_setup_teardown_taskflow.py took 0.059 seconds
[2026-03-18T18:04:28.853+0000] {processor.py:186} INFO - Started process (PID=39805) to work on /home/komal/data-engineering-projects/airflow-spark-pipeline/airflow_venv/lib/python3.11/site-packages/airflow/example_dags/example_setup_teardown_taskflow.py
[2026-03-18T18:04:28.887+0000] {processor.py:914} INFO - Processing file /home/komal/data-engineering-projects/airflow-spark-pipeline/airflow_venv/lib/python3.11/site-packages/airflow/example_dags/example_setup_teardown_taskflow.py for tasks to queue
[2026-03-18T18:04:28.891+0000] {logging_mixin.py:190} INFO - [2026-03-18T18:04:28.890+0000] {dagbag.py:588} INFO - Filling up the DagBag from /home/komal/data-engineering-projects/airflow-spark-pipeline/airflow_venv/lib/python3.11/site-packages/airflow/example_dags/example_setup_teardown_taskflow.py
[2026-03-18T18:04:28.911+0000] {processor.py:925} INFO - DAG(s) 'example_setup_teardown_taskflow' retrieved from /home/komal/data-engineering-projects/airflow-spark-pipeline/airflow_venv/lib/python3.11/site-packages/airflow/example_dags/example_setup_teardown_taskflow.py
[2026-03-18T18:04:28.929+0000] {logging_mixin.py:190} INFO - [2026-03-18T18:04:28.929+0000] {dag.py:3239} INFO - Sync 1 DAGs
[2026-03-18T18:04:28.938+0000] {logging_mixin.py:190} INFO - [2026-03-18T18:04:28.938+0000] {dag.py:4180} INFO - Setting next_dagrun for example_setup_teardown_taskflow to None, run_after=None
[2026-03-18T18:04:28.973+0000] {processor.py:208} INFO - Processing /home/komal/data-engineering-projects/airflow-spark-pipeline/airflow_venv/lib/python3.11/site-packages/airflow/example_dags/example_setup_teardown_taskflow.py took 0.130 seconds
[2026-03-18T18:05:36.597+0000] {processor.py:186} INFO - Started process (PID=39870) to work on /home/komal/data-engineering-projects/airflow-spark-pipeline/airflow_venv/lib/python3.11/site-packages/airflow/example_dags/example_setup_teardown_taskflow.py
[2026-03-18T18:05:36.628+0000] {processor.py:914} INFO - Processing file /home/komal/data-engineering-projects/airflow-spark-pipeline/airflow_venv/lib/python3.11/site-packages/airflow/example_dags/example_setup_teardown_taskflow.py for tasks to queue
[2026-03-18T18:05:36.630+0000] {logging_mixin.py:190} INFO - [2026-03-18T18:05:36.629+0000] {dagbag.py:588} INFO - Filling up the DagBag from /home/komal/data-engineering-projects/airflow-spark-pipeline/airflow_venv/lib/python3.11/site-packages/airflow/example_dags/example_setup_teardown_taskflow.py
[2026-03-18T18:05:36.637+0000] {processor.py:925} INFO - DAG(s) 'example_setup_teardown_taskflow' retrieved from /home/komal/data-engineering-projects/airflow-spark-pipeline/airflow_venv/lib/python3.11/site-packages/airflow/example_dags/example_setup_teardown_taskflow.py
[2026-03-18T18:05:36.650+0000] {logging_mixin.py:190} INFO - [2026-03-18T18:05:36.650+0000] {dag.py:3239} INFO - Sync 1 DAGs
[2026-03-18T18:05:36.658+0000] {logging_mixin.py:190} INFO - [2026-03-18T18:05:36.657+0000] {dag.py:4180} INFO - Setting next_dagrun for example_setup_teardown_taskflow to None, run_after=None
[2026-03-18T18:05:36.680+0000] {processor.py:208} INFO - Processing /home/komal/data-engineering-projects/airflow-spark-pipeline/airflow_venv/lib/python3.11/site-packages/airflow/example_dags/example_setup_teardown_taskflow.py took 0.088 seconds
[2026-03-18T18:06:46.176+0000] {processor.py:186} INFO - Started process (PID=39936) to work on /home/komal/data-engineering-projects/airflow-spark-pipeline/airflow_venv/lib/python3.11/site-packages/airflow/example_dags/example_setup_teardown_taskflow.py
[2026-03-18T18:06:46.210+0000] {processor.py:914} INFO - Processing file /home/komal/data-engineering-projects/airflow-spark-pipeline/airflow_venv/lib/python3.11/site-packages/airflow/example_dags/example_setup_teardown_taskflow.py for tasks to queue
[2026-03-18T18:06:46.212+0000] {logging_mixin.py:190} INFO - [2026-03-18T18:06:46.211+0000] {dagbag.py:588} INFO - Filling up the DagBag from /home/komal/data-engineering-projects/airflow-spark-pipeline/airflow_venv/lib/python3.11/site-packages/airflow/example_dags/example_setup_teardown_taskflow.py
[2026-03-18T18:06:46.219+0000] {processor.py:925} INFO - DAG(s) 'example_setup_teardown_taskflow' retrieved from /home/komal/data-engineering-projects/airflow-spark-pipeline/airflow_venv/lib/python3.11/site-packages/airflow/example_dags/example_setup_teardown_taskflow.py
[2026-03-18T18:06:46.231+0000] {logging_mixin.py:190} INFO - [2026-03-18T18:06:46.231+0000] {dag.py:3239} INFO - Sync 1 DAGs
[2026-03-18T18:06:46.239+0000] {logging_mixin.py:190} INFO - [2026-03-18T18:06:46.238+0000] {dag.py:4180} INFO - Setting next_dagrun for example_setup_teardown_taskflow to None, run_after=None
[2026-03-18T18:06:46.263+0000] {processor.py:208} INFO - Processing /home/komal/data-engineering-projects/airflow-spark-pipeline/airflow_venv/lib/python3.11/site-packages/airflow/example_dags/example_setup_teardown_taskflow.py took 0.095 seconds
[2026-03-18T18:07:55.969+0000] {processor.py:186} INFO - Started process (PID=40004) to work on /home/komal/data-engineering-projects/airflow-spark-pipeline/airflow_venv/lib/python3.11/site-packages/airflow/example_dags/example_setup_teardown_taskflow.py
[2026-03-18T18:07:55.999+0000] {processor.py:914} INFO - Processing file /home/komal/data-engineering-projects/airflow-spark-pipeline/airflow_venv/lib/python3.11/site-packages/airflow/example_dags/example_setup_teardown_taskflow.py for tasks to queue
[2026-03-18T18:07:56.003+0000] {logging_mixin.py:190} INFO - [2026-03-18T18:07:56.002+0000] {dagbag.py:588} INFO - Filling up the DagBag from /home/komal/data-engineering-projects/airflow-spark-pipeline/airflow_venv/lib/python3.11/site-packages/airflow/example_dags/example_setup_teardown_taskflow.py
[2026-03-18T18:07:56.016+0000] {processor.py:925} INFO - DAG(s) 'example_setup_teardown_taskflow' retrieved from /home/komal/data-engineering-projects/airflow-spark-pipeline/airflow_venv/lib/python3.11/site-packages/airflow/example_dags/example_setup_teardown_taskflow.py
[2026-03-18T18:07:56.027+0000] {logging_mixin.py:190} INFO - [2026-03-18T18:07:56.027+0000] {dag.py:3239} INFO - Sync 1 DAGs
[2026-03-18T18:07:56.034+0000] {logging_mixin.py:190} INFO - [2026-03-18T18:07:56.034+0000] {dag.py:4180} INFO - Setting next_dagrun for example_setup_teardown_taskflow to None, run_after=None
[2026-03-18T18:07:56.070+0000] {processor.py:208} INFO - Processing /home/komal/data-engineering-projects/airflow-spark-pipeline/airflow_venv/lib/python3.11/site-packages/airflow/example_dags/example_setup_teardown_taskflow.py took 0.105 seconds
[2026-03-18T18:09:00.642+0000] {processor.py:186} INFO - Started process (PID=40067) to work on /home/komal/data-engineering-projects/airflow-spark-pipeline/airflow_venv/lib/python3.11/site-packages/airflow/example_dags/example_setup_teardown_taskflow.py
[2026-03-18T18:09:00.673+0000] {processor.py:914} INFO - Processing file /home/komal/data-engineering-projects/airflow-spark-pipeline/airflow_venv/lib/python3.11/site-packages/airflow/example_dags/example_setup_teardown_taskflow.py for tasks to queue
[2026-03-18T18:09:00.675+0000] {logging_mixin.py:190} INFO - [2026-03-18T18:09:00.674+0000] {dagbag.py:588} INFO - Filling up the DagBag from /home/komal/data-engineering-projects/airflow-spark-pipeline/airflow_venv/lib/python3.11/site-packages/airflow/example_dags/example_setup_teardown_taskflow.py
[2026-03-18T18:09:00.683+0000] {processor.py:925} INFO - DAG(s) 'example_setup_teardown_taskflow' retrieved from /home/komal/data-engineering-projects/airflow-spark-pipeline/airflow_venv/lib/python3.11/site-packages/airflow/example_dags/example_setup_teardown_taskflow.py
[2026-03-18T18:09:00.698+0000] {logging_mixin.py:190} INFO - [2026-03-18T18:09:00.698+0000] {dag.py:3239} INFO - Sync 1 DAGs
[2026-03-18T18:09:00.712+0000] {logging_mixin.py:190} INFO - [2026-03-18T18:09:00.711+0000] {dag.py:4180} INFO - Setting next_dagrun for example_setup_teardown_taskflow to None, run_after=None
[2026-03-18T18:09:00.758+0000] {processor.py:208} INFO - Processing /home/komal/data-engineering-projects/airflow-spark-pipeline/airflow_venv/lib/python3.11/site-packages/airflow/example_dags/example_setup_teardown_taskflow.py took 0.121 seconds
[2026-03-18T18:10:10.118+0000] {processor.py:186} INFO - Started process (PID=40134) to work on /home/komal/data-engineering-projects/airflow-spark-pipeline/airflow_venv/lib/python3.11/site-packages/airflow/example_dags/example_setup_teardown_taskflow.py
[2026-03-18T18:10:10.119+0000] {processor.py:914} INFO - Processing file /home/komal/data-engineering-projects/airflow-spark-pipeline/airflow_venv/lib/python3.11/site-packages/airflow/example_dags/example_setup_teardown_taskflow.py for tasks to queue
[2026-03-18T18:10:10.121+0000] {logging_mixin.py:190} INFO - [2026-03-18T18:10:10.120+0000] {dagbag.py:588} INFO - Filling up the DagBag from /home/komal/data-engineering-projects/airflow-spark-pipeline/airflow_venv/lib/python3.11/site-packages/airflow/example_dags/example_setup_teardown_taskflow.py
[2026-03-18T18:10:10.131+0000] {processor.py:925} INFO - DAG(s) 'example_setup_teardown_taskflow' retrieved from /home/komal/data-engineering-projects/airflow-spark-pipeline/airflow_venv/lib/python3.11/site-packages/airflow/example_dags/example_setup_teardown_taskflow.py
[2026-03-18T18:10:10.144+0000] {logging_mixin.py:190} INFO - [2026-03-18T18:10:10.144+0000] {dag.py:3239} INFO - Sync 1 DAGs
[2026-03-18T18:10:10.152+0000] {logging_mixin.py:190} INFO - [2026-03-18T18:10:10.151+0000] {dag.py:4180} INFO - Setting next_dagrun for example_setup_teardown_taskflow to None, run_after=None
[2026-03-18T18:10:10.170+0000] {processor.py:208} INFO - Processing /home/komal/data-engineering-projects/airflow-spark-pipeline/airflow_venv/lib/python3.11/site-packages/airflow/example_dags/example_setup_teardown_taskflow.py took 0.058 seconds
[2026-03-18T18:11:17.532+0000] {processor.py:186} INFO - Started process (PID=40198) to work on /home/komal/data-engineering-projects/airflow-spark-pipeline/airflow_venv/lib/python3.11/site-packages/airflow/example_dags/example_setup_teardown_taskflow.py
[2026-03-18T18:11:17.536+0000] {processor.py:914} INFO - Processing file /home/komal/data-engineering-projects/airflow-spark-pipeline/airflow_venv/lib/python3.11/site-packages/airflow/example_dags/example_setup_teardown_taskflow.py for tasks to queue
[2026-03-18T18:11:17.538+0000] {logging_mixin.py:190} INFO - [2026-03-18T18:11:17.538+0000] {dagbag.py:588} INFO - Filling up the DagBag from /home/komal/data-engineering-projects/airflow-spark-pipeline/airflow_venv/lib/python3.11/site-packages/airflow/example_dags/example_setup_teardown_taskflow.py
[2026-03-18T18:11:17.547+0000] {processor.py:925} INFO - DAG(s) 'example_setup_teardown_taskflow' retrieved from /home/komal/data-engineering-projects/airflow-spark-pipeline/airflow_venv/lib/python3.11/site-packages/airflow/example_dags/example_setup_teardown_taskflow.py
[2026-03-18T18:11:17.560+0000] {logging_mixin.py:190} INFO - [2026-03-18T18:11:17.560+0000] {dag.py:3239} INFO - Sync 1 DAGs
[2026-03-18T18:11:17.568+0000] {logging_mixin.py:190} INFO - [2026-03-18T18:11:17.568+0000] {dag.py:4180} INFO - Setting next_dagrun for example_setup_teardown_taskflow to None, run_after=None
[2026-03-18T18:11:17.590+0000] {processor.py:208} INFO - Processing /home/komal/data-engineering-projects/airflow-spark-pipeline/airflow_venv/lib/python3.11/site-packages/airflow/example_dags/example_setup_teardown_taskflow.py took 0.066 seconds
[2026-03-18T18:12:23.771+0000] {processor.py:186} INFO - Started process (PID=40262) to work on /home/komal/data-engineering-projects/airflow-spark-pipeline/airflow_venv/lib/python3.11/site-packages/airflow/example_dags/example_setup_teardown_taskflow.py
[2026-03-18T18:12:23.773+0000] {processor.py:914} INFO - Processing file /home/komal/data-engineering-projects/airflow-spark-pipeline/airflow_venv/lib/python3.11/site-packages/airflow/example_dags/example_setup_teardown_taskflow.py for tasks to queue
[2026-03-18T18:12:23.775+0000] {logging_mixin.py:190} INFO - [2026-03-18T18:12:23.774+0000] {dagbag.py:588} INFO - Filling up the DagBag from /home/komal/data-engineering-projects/airflow-spark-pipeline/airflow_venv/lib/python3.11/site-packages/airflow/example_dags/example_setup_teardown_taskflow.py
[2026-03-18T18:12:23.782+0000] {processor.py:925} INFO - DAG(s) 'example_setup_teardown_taskflow' retrieved from /home/komal/data-engineering-projects/airflow-spark-pipeline/airflow_venv/lib/python3.11/site-packages/airflow/example_dags/example_setup_teardown_taskflow.py
[2026-03-18T18:12:23.795+0000] {logging_mixin.py:190} INFO - [2026-03-18T18:12:23.794+0000] {dag.py:3239} INFO - Sync 1 DAGs
[2026-03-18T18:12:23.802+0000] {logging_mixin.py:190} INFO - [2026-03-18T18:12:23.802+0000] {dag.py:4180} INFO - Setting next_dagrun for example_setup_teardown_taskflow to None, run_after=None
[2026-03-18T18:12:23.858+0000] {processor.py:208} INFO - Processing /home/komal/data-engineering-projects/airflow-spark-pipeline/airflow_venv/lib/python3.11/site-packages/airflow/example_dags/example_setup_teardown_taskflow.py took 0.096 seconds
[2026-03-18T18:13:30.390+0000] {processor.py:186} INFO - Started process (PID=40326) to work on /home/komal/data-engineering-projects/airflow-spark-pipeline/airflow_venv/lib/python3.11/site-packages/airflow/example_dags/example_setup_teardown_taskflow.py
[2026-03-18T18:13:30.423+0000] {processor.py:914} INFO - Processing file /home/komal/data-engineering-projects/airflow-spark-pipeline/airflow_venv/lib/python3.11/site-packages/airflow/example_dags/example_setup_teardown_taskflow.py for tasks to queue
[2026-03-18T18:13:30.427+0000] {logging_mixin.py:190} INFO - [2026-03-18T18:13:30.426+0000] {dagbag.py:588} INFO - Filling up the DagBag from /home/komal/data-engineering-projects/airflow-spark-pipeline/airflow_venv/lib/python3.11/site-packages/airflow/example_dags/example_setup_teardown_taskflow.py
[2026-03-18T18:13:30.440+0000] {processor.py:925} INFO - DAG(s) 'example_setup_teardown_taskflow' retrieved from /home/komal/data-engineering-projects/airflow-spark-pipeline/airflow_venv/lib/python3.11/site-packages/airflow/example_dags/example_setup_teardown_taskflow.py
[2026-03-18T18:13:30.454+0000] {logging_mixin.py:190} INFO - [2026-03-18T18:13:30.454+0000] {dag.py:3239} INFO - Sync 1 DAGs
[2026-03-18T18:13:30.463+0000] {logging_mixin.py:190} INFO - [2026-03-18T18:13:30.463+0000] {dag.py:4180} INFO - Setting next_dagrun for example_setup_teardown_taskflow to None, run_after=None
[2026-03-18T18:13:30.487+0000] {processor.py:208} INFO - Processing /home/komal/data-engineering-projects/airflow-spark-pipeline/airflow_venv/lib/python3.11/site-packages/airflow/example_dags/example_setup_teardown_taskflow.py took 0.102 seconds
[2026-03-18T18:14:32.928+0000] {processor.py:186} INFO - Started process (PID=40389) to work on /home/komal/data-engineering-projects/airflow-spark-pipeline/airflow_venv/lib/python3.11/site-packages/airflow/example_dags/example_setup_teardown_taskflow.py
[2026-03-18T18:14:32.961+0000] {processor.py:914} INFO - Processing file /home/komal/data-engineering-projects/airflow-spark-pipeline/airflow_venv/lib/python3.11/site-packages/airflow/example_dags/example_setup_teardown_taskflow.py for tasks to queue
[2026-03-18T18:14:32.965+0000] {logging_mixin.py:190} INFO - [2026-03-18T18:14:32.964+0000] {dagbag.py:588} INFO - Filling up the DagBag from /home/komal/data-engineering-projects/airflow-spark-pipeline/airflow_venv/lib/python3.11/site-packages/airflow/example_dags/example_setup_teardown_taskflow.py
[2026-03-18T18:14:32.992+0000] {processor.py:925} INFO - DAG(s) 'example_setup_teardown_taskflow' retrieved from /home/komal/data-engineering-projects/airflow-spark-pipeline/airflow_venv/lib/python3.11/site-packages/airflow/example_dags/example_setup_teardown_taskflow.py
[2026-03-18T18:14:33.015+0000] {logging_mixin.py:190} INFO - [2026-03-18T18:14:33.015+0000] {dag.py:3239} INFO - Sync 1 DAGs
[2026-03-18T18:14:33.023+0000] {logging_mixin.py:190} INFO - [2026-03-18T18:14:33.023+0000] {dag.py:4180} INFO - Setting next_dagrun for example_setup_teardown_taskflow to None, run_after=None
[2026-03-18T18:14:33.069+0000] {processor.py:208} INFO - Processing /home/komal/data-engineering-projects/airflow-spark-pipeline/airflow_venv/lib/python3.11/site-packages/airflow/example_dags/example_setup_teardown_taskflow.py took 0.154 seconds
[2026-03-18T18:15:37.393+0000] {processor.py:186} INFO - Started process (PID=40453) to work on /home/komal/data-engineering-projects/airflow-spark-pipeline/airflow_venv/lib/python3.11/site-packages/airflow/example_dags/example_setup_teardown_taskflow.py
[2026-03-18T18:15:37.425+0000] {processor.py:914} INFO - Processing file /home/komal/data-engineering-projects/airflow-spark-pipeline/airflow_venv/lib/python3.11/site-packages/airflow/example_dags/example_setup_teardown_taskflow.py for tasks to queue
[2026-03-18T18:15:37.428+0000] {logging_mixin.py:190} INFO - [2026-03-18T18:15:37.427+0000] {dagbag.py:588} INFO - Filling up the DagBag from /home/komal/data-engineering-projects/airflow-spark-pipeline/airflow_venv/lib/python3.11/site-packages/airflow/example_dags/example_setup_teardown_taskflow.py
[2026-03-18T18:15:37.442+0000] {processor.py:925} INFO - DAG(s) 'example_setup_teardown_taskflow' retrieved from /home/komal/data-engineering-projects/airflow-spark-pipeline/airflow_venv/lib/python3.11/site-packages/airflow/example_dags/example_setup_teardown_taskflow.py
[2026-03-18T18:15:37.453+0000] {logging_mixin.py:190} INFO - [2026-03-18T18:15:37.453+0000] {dag.py:3239} INFO - Sync 1 DAGs
[2026-03-18T18:15:37.461+0000] {logging_mixin.py:190} INFO - [2026-03-18T18:15:37.461+0000] {dag.py:4180} INFO - Setting next_dagrun for example_setup_teardown_taskflow to None, run_after=None
[2026-03-18T18:15:37.482+0000] {processor.py:208} INFO - Processing /home/komal/data-engineering-projects/airflow-spark-pipeline/airflow_venv/lib/python3.11/site-packages/airflow/example_dags/example_setup_teardown_taskflow.py took 0.097 seconds
[2026-03-18T18:16:45.864+0000] {processor.py:186} INFO - Started process (PID=40519) to work on /home/komal/data-engineering-projects/airflow-spark-pipeline/airflow_venv/lib/python3.11/site-packages/airflow/example_dags/example_setup_teardown_taskflow.py
[2026-03-18T18:16:45.894+0000] {processor.py:914} INFO - Processing file /home/komal/data-engineering-projects/airflow-spark-pipeline/airflow_venv/lib/python3.11/site-packages/airflow/example_dags/example_setup_teardown_taskflow.py for tasks to queue
[2026-03-18T18:16:45.897+0000] {logging_mixin.py:190} INFO - [2026-03-18T18:16:45.897+0000] {dagbag.py:588} INFO - Filling up the DagBag from /home/komal/data-engineering-projects/airflow-spark-pipeline/airflow_venv/lib/python3.11/site-packages/airflow/example_dags/example_setup_teardown_taskflow.py
[2026-03-18T18:16:45.915+0000] {processor.py:925} INFO - DAG(s) 'example_setup_teardown_taskflow' retrieved from /home/komal/data-engineering-projects/airflow-spark-pipeline/airflow_venv/lib/python3.11/site-packages/airflow/example_dags/example_setup_teardown_taskflow.py
[2026-03-18T18:16:45.935+0000] {logging_mixin.py:190} INFO - [2026-03-18T18:16:45.934+0000] {dag.py:3239} INFO - Sync 1 DAGs
[2026-03-18T18:16:45.943+0000] {logging_mixin.py:190} INFO - [2026-03-18T18:16:45.943+0000] {dag.py:4180} INFO - Setting next_dagrun for example_setup_teardown_taskflow to None, run_after=None
[2026-03-18T18:16:45.968+0000] {processor.py:208} INFO - Processing /home/komal/data-engineering-projects/airflow-spark-pipeline/airflow_venv/lib/python3.11/site-packages/airflow/example_dags/example_setup_teardown_taskflow.py took 0.110 seconds
[2026-03-18T18:17:51.127+0000] {processor.py:186} INFO - Started process (PID=40587) to work on /home/komal/data-engineering-projects/airflow-spark-pipeline/airflow_venv/lib/python3.11/site-packages/airflow/example_dags/example_setup_teardown_taskflow.py
[2026-03-18T18:17:51.128+0000] {processor.py:914} INFO - Processing file /home/komal/data-engineering-projects/airflow-spark-pipeline/airflow_venv/lib/python3.11/site-packages/airflow/example_dags/example_setup_teardown_taskflow.py for tasks to queue
[2026-03-18T18:17:51.137+0000] {logging_mixin.py:190} INFO - [2026-03-18T18:17:51.137+0000] {dagbag.py:588} INFO - Filling up the DagBag from /home/komal/data-engineering-projects/airflow-spark-pipeline/airflow_venv/lib/python3.11/site-packages/airflow/example_dags/example_setup_teardown_taskflow.py
[2026-03-18T18:17:51.146+0000] {processor.py:925} INFO - DAG(s) 'example_setup_teardown_taskflow' retrieved from /home/komal/data-engineering-projects/airflow-spark-pipeline/airflow_venv/lib/python3.11/site-packages/airflow/example_dags/example_setup_teardown_taskflow.py
[2026-03-18T18:17:51.169+0000] {logging_mixin.py:190} INFO - [2026-03-18T18:17:51.169+0000] {dag.py:3239} INFO - Sync 1 DAGs
[2026-03-18T18:17:51.185+0000] {logging_mixin.py:190} INFO - [2026-03-18T18:17:51.185+0000] {dag.py:4180} INFO - Setting next_dagrun for example_setup_teardown_taskflow to None, run_after=None
[2026-03-18T18:17:51.210+0000] {processor.py:208} INFO - Processing /home/komal/data-engineering-projects/airflow-spark-pipeline/airflow_venv/lib/python3.11/site-packages/airflow/example_dags/example_setup_teardown_taskflow.py took 0.087 seconds
[2026-03-18T18:19:02.774+0000] {processor.py:186} INFO - Started process (PID=40653) to work on /home/komal/data-engineering-projects/airflow-spark-pipeline/airflow_venv/lib/python3.11/site-packages/airflow/example_dags/example_setup_teardown_taskflow.py
[2026-03-18T18:19:02.815+0000] {processor.py:914} INFO - Processing file /home/komal/data-engineering-projects/airflow-spark-pipeline/airflow_venv/lib/python3.11/site-packages/airflow/example_dags/example_setup_teardown_taskflow.py for tasks to queue
[2026-03-18T18:19:02.817+0000] {logging_mixin.py:190} INFO - [2026-03-18T18:19:02.816+0000] {dagbag.py:588} INFO - Filling up the DagBag from /home/komal/data-engineering-projects/airflow-spark-pipeline/airflow_venv/lib/python3.11/site-packages/airflow/example_dags/example_setup_teardown_taskflow.py
[2026-03-18T18:19:02.825+0000] {processor.py:925} INFO - DAG(s) 'example_setup_teardown_taskflow' retrieved from /home/komal/data-engineering-projects/airflow-spark-pipeline/airflow_venv/lib/python3.11/site-packages/airflow/example_dags/example_setup_teardown_taskflow.py
[2026-03-18T18:19:02.873+0000] {logging_mixin.py:190} INFO - [2026-03-18T18:19:02.872+0000] {dag.py:3239} INFO - Sync 1 DAGs
[2026-03-18T18:19:03.002+0000] {logging_mixin.py:190} INFO - [2026-03-18T18:19:03.002+0000] {dag.py:4180} INFO - Setting next_dagrun for example_setup_teardown_taskflow to None, run_after=None
[2026-03-18T18:19:03.072+0000] {processor.py:208} INFO - Processing /home/komal/data-engineering-projects/airflow-spark-pipeline/airflow_venv/lib/python3.11/site-packages/airflow/example_dags/example_setup_teardown_taskflow.py took 0.303 seconds
[2026-03-18T18:20:14.628+0000] {processor.py:186} INFO - Started process (PID=40722) to work on /home/komal/data-engineering-projects/airflow-spark-pipeline/airflow_venv/lib/python3.11/site-packages/airflow/example_dags/example_setup_teardown_taskflow.py
[2026-03-18T18:20:14.631+0000] {processor.py:914} INFO - Processing file /home/komal/data-engineering-projects/airflow-spark-pipeline/airflow_venv/lib/python3.11/site-packages/airflow/example_dags/example_setup_teardown_taskflow.py for tasks to queue
[2026-03-18T18:20:14.632+0000] {logging_mixin.py:190} INFO - [2026-03-18T18:20:14.632+0000] {dagbag.py:588} INFO - Filling up the DagBag from /home/komal/data-engineering-projects/airflow-spark-pipeline/airflow_venv/lib/python3.11/site-packages/airflow/example_dags/example_setup_teardown_taskflow.py
[2026-03-18T18:20:14.650+0000] {processor.py:925} INFO - DAG(s) 'example_setup_teardown_taskflow' retrieved from /home/komal/data-engineering-projects/airflow-spark-pipeline/airflow_venv/lib/python3.11/site-packages/airflow/example_dags/example_setup_teardown_taskflow.py
[2026-03-18T18:20:14.664+0000] {logging_mixin.py:190} INFO - [2026-03-18T18:20:14.664+0000] {dag.py:3239} INFO - Sync 1 DAGs
[2026-03-18T18:20:14.672+0000] {logging_mixin.py:190} INFO - [2026-03-18T18:20:14.672+0000] {dag.py:4180} INFO - Setting next_dagrun for example_setup_teardown_taskflow to None, run_after=None
[2026-03-18T18:20:14.717+0000] {processor.py:208} INFO - Processing /home/komal/data-engineering-projects/airflow-spark-pipeline/airflow_venv/lib/python3.11/site-packages/airflow/example_dags/example_setup_teardown_taskflow.py took 0.101 seconds
[2026-03-18T18:21:18.301+0000] {processor.py:186} INFO - Started process (PID=40784) to work on /home/komal/data-engineering-projects/airflow-spark-pipeline/airflow_venv/lib/python3.11/site-packages/airflow/example_dags/example_setup_teardown_taskflow.py
[2026-03-18T18:21:18.333+0000] {processor.py:914} INFO - Processing file /home/komal/data-engineering-projects/airflow-spark-pipeline/airflow_venv/lib/python3.11/site-packages/airflow/example_dags/example_setup_teardown_taskflow.py for tasks to queue
[2026-03-18T18:21:18.337+0000] {logging_mixin.py:190} INFO - [2026-03-18T18:21:18.336+0000] {dagbag.py:588} INFO - Filling up the DagBag from /home/komal/data-engineering-projects/airflow-spark-pipeline/airflow_venv/lib/python3.11/site-packages/airflow/example_dags/example_setup_teardown_taskflow.py
[2026-03-18T18:21:18.351+0000] {processor.py:925} INFO - DAG(s) 'example_setup_teardown_taskflow' retrieved from /home/komal/data-engineering-projects/airflow-spark-pipeline/airflow_venv/lib/python3.11/site-packages/airflow/example_dags/example_setup_teardown_taskflow.py
[2026-03-18T18:21:18.363+0000] {logging_mixin.py:190} INFO - [2026-03-18T18:21:18.362+0000] {dag.py:3239} INFO - Sync 1 DAGs
[2026-03-18T18:21:18.376+0000] {logging_mixin.py:190} INFO - [2026-03-18T18:21:18.376+0000] {dag.py:4180} INFO - Setting next_dagrun for example_setup_teardown_taskflow to None, run_after=None
[2026-03-18T18:21:18.394+0000] {processor.py:208} INFO - Processing /home/komal/data-engineering-projects/airflow-spark-pipeline/airflow_venv/lib/python3.11/site-packages/airflow/example_dags/example_setup_teardown_taskflow.py took 0.102 seconds
[2026-03-18T18:22:30.345+0000] {processor.py:186} INFO - Started process (PID=40925) to work on /home/komal/data-engineering-projects/airflow-spark-pipeline/airflow_venv/lib/python3.11/site-packages/airflow/example_dags/example_setup_teardown_taskflow.py
[2026-03-18T18:22:30.356+0000] {processor.py:914} INFO - Processing file /home/komal/data-engineering-projects/airflow-spark-pipeline/airflow_venv/lib/python3.11/site-packages/airflow/example_dags/example_setup_teardown_taskflow.py for tasks to queue
[2026-03-18T18:22:30.359+0000] {logging_mixin.py:190} INFO - [2026-03-18T18:22:30.358+0000] {dagbag.py:588} INFO - Filling up the DagBag from /home/komal/data-engineering-projects/airflow-spark-pipeline/airflow_venv/lib/python3.11/site-packages/airflow/example_dags/example_setup_teardown_taskflow.py
[2026-03-18T18:22:30.376+0000] {processor.py:925} INFO - DAG(s) 'example_setup_teardown_taskflow' retrieved from /home/komal/data-engineering-projects/airflow-spark-pipeline/airflow_venv/lib/python3.11/site-packages/airflow/example_dags/example_setup_teardown_taskflow.py
[2026-03-18T18:22:30.391+0000] {logging_mixin.py:190} INFO - [2026-03-18T18:22:30.391+0000] {dag.py:3239} INFO - Sync 1 DAGs
[2026-03-18T18:22:30.398+0000] {logging_mixin.py:190} INFO - [2026-03-18T18:22:30.398+0000] {dag.py:4180} INFO - Setting next_dagrun for example_setup_teardown_taskflow to None, run_after=None
[2026-03-18T18:22:30.423+0000] {processor.py:208} INFO - Processing /home/komal/data-engineering-projects/airflow-spark-pipeline/airflow_venv/lib/python3.11/site-packages/airflow/example_dags/example_setup_teardown_taskflow.py took 0.083 seconds
[2026-03-18T18:23:38.040+0000] {processor.py:186} INFO - Started process (PID=40988) to work on /home/komal/data-engineering-projects/airflow-spark-pipeline/airflow_venv/lib/python3.11/site-packages/airflow/example_dags/example_setup_teardown_taskflow.py
[2026-03-18T18:23:38.072+0000] {processor.py:914} INFO - Processing file /home/komal/data-engineering-projects/airflow-spark-pipeline/airflow_venv/lib/python3.11/site-packages/airflow/example_dags/example_setup_teardown_taskflow.py for tasks to queue
[2026-03-18T18:23:38.075+0000] {logging_mixin.py:190} INFO - [2026-03-18T18:23:38.074+0000] {dagbag.py:588} INFO - Filling up the DagBag from /home/komal/data-engineering-projects/airflow-spark-pipeline/airflow_venv/lib/python3.11/site-packages/airflow/example_dags/example_setup_teardown_taskflow.py
[2026-03-18T18:23:38.088+0000] {processor.py:925} INFO - DAG(s) 'example_setup_teardown_taskflow' retrieved from /home/komal/data-engineering-projects/airflow-spark-pipeline/airflow_venv/lib/python3.11/site-packages/airflow/example_dags/example_setup_teardown_taskflow.py
[2026-03-18T18:23:38.100+0000] {logging_mixin.py:190} INFO - [2026-03-18T18:23:38.100+0000] {dag.py:3239} INFO - Sync 1 DAGs
[2026-03-18T18:23:38.108+0000] {logging_mixin.py:190} INFO - [2026-03-18T18:23:38.108+0000] {dag.py:4180} INFO - Setting next_dagrun for example_setup_teardown_taskflow to None, run_after=None
[2026-03-18T18:23:38.150+0000] {processor.py:208} INFO - Processing /home/komal/data-engineering-projects/airflow-spark-pipeline/airflow_venv/lib/python3.11/site-packages/airflow/example_dags/example_setup_teardown_taskflow.py took 0.114 seconds
[2026-03-18T18:24:47.527+0000] {processor.py:186} INFO - Started process (PID=41124) to work on /home/komal/data-engineering-projects/airflow-spark-pipeline/airflow_venv/lib/python3.11/site-packages/airflow/example_dags/example_setup_teardown_taskflow.py
[2026-03-18T18:24:47.560+0000] {processor.py:914} INFO - Processing file /home/komal/data-engineering-projects/airflow-spark-pipeline/airflow_venv/lib/python3.11/site-packages/airflow/example_dags/example_setup_teardown_taskflow.py for tasks to queue
[2026-03-18T18:24:47.565+0000] {logging_mixin.py:190} INFO - [2026-03-18T18:24:47.564+0000] {dagbag.py:588} INFO - Filling up the DagBag from /home/komal/data-engineering-projects/airflow-spark-pipeline/airflow_venv/lib/python3.11/site-packages/airflow/example_dags/example_setup_teardown_taskflow.py
[2026-03-18T18:24:47.582+0000] {processor.py:925} INFO - DAG(s) 'example_setup_teardown_taskflow' retrieved from /home/komal/data-engineering-projects/airflow-spark-pipeline/airflow_venv/lib/python3.11/site-packages/airflow/example_dags/example_setup_teardown_taskflow.py
[2026-03-18T18:24:47.595+0000] {logging_mixin.py:190} INFO - [2026-03-18T18:24:47.595+0000] {dag.py:3239} INFO - Sync 1 DAGs
[2026-03-18T18:24:47.604+0000] {logging_mixin.py:190} INFO - [2026-03-18T18:24:47.604+0000] {dag.py:4180} INFO - Setting next_dagrun for example_setup_teardown_taskflow to None, run_after=None
[2026-03-18T18:24:47.667+0000] {processor.py:208} INFO - Processing /home/komal/data-engineering-projects/airflow-spark-pipeline/airflow_venv/lib/python3.11/site-packages/airflow/example_dags/example_setup_teardown_taskflow.py took 0.152 seconds
[2026-03-18T18:25:57.658+0000] {processor.py:186} INFO - Started process (PID=41195) to work on /home/komal/data-engineering-projects/airflow-spark-pipeline/airflow_venv/lib/python3.11/site-packages/airflow/example_dags/example_setup_teardown_taskflow.py
[2026-03-18T18:25:57.660+0000] {processor.py:914} INFO - Processing file /home/komal/data-engineering-projects/airflow-spark-pipeline/airflow_venv/lib/python3.11/site-packages/airflow/example_dags/example_setup_teardown_taskflow.py for tasks to queue
[2026-03-18T18:25:57.663+0000] {logging_mixin.py:190} INFO - [2026-03-18T18:25:57.662+0000] {dagbag.py:588} INFO - Filling up the DagBag from /home/komal/data-engineering-projects/airflow-spark-pipeline/airflow_venv/lib/python3.11/site-packages/airflow/example_dags/example_setup_teardown_taskflow.py
[2026-03-18T18:25:57.674+0000] {processor.py:925} INFO - DAG(s) 'example_setup_teardown_taskflow' retrieved from /home/komal/data-engineering-projects/airflow-spark-pipeline/airflow_venv/lib/python3.11/site-packages/airflow/example_dags/example_setup_teardown_taskflow.py
[2026-03-18T18:25:57.693+0000] {logging_mixin.py:190} INFO - [2026-03-18T18:25:57.693+0000] {dag.py:3239} INFO - Sync 1 DAGs
[2026-03-18T18:25:57.708+0000] {logging_mixin.py:190} INFO - [2026-03-18T18:25:57.708+0000] {dag.py:4180} INFO - Setting next_dagrun for example_setup_teardown_taskflow to None, run_after=None
[2026-03-18T18:25:57.737+0000] {processor.py:208} INFO - Processing /home/komal/data-engineering-projects/airflow-spark-pipeline/airflow_venv/lib/python3.11/site-packages/airflow/example_dags/example_setup_teardown_taskflow.py took 0.089 seconds
[2026-03-18T18:27:01.785+0000] {processor.py:186} INFO - Started process (PID=41263) to work on /home/komal/data-engineering-projects/airflow-spark-pipeline/airflow_venv/lib/python3.11/site-packages/airflow/example_dags/example_setup_teardown_taskflow.py
[2026-03-18T18:27:01.787+0000] {processor.py:914} INFO - Processing file /home/komal/data-engineering-projects/airflow-spark-pipeline/airflow_venv/lib/python3.11/site-packages/airflow/example_dags/example_setup_teardown_taskflow.py for tasks to queue
[2026-03-18T18:27:01.791+0000] {logging_mixin.py:190} INFO - [2026-03-18T18:27:01.790+0000] {dagbag.py:588} INFO - Filling up the DagBag from /home/komal/data-engineering-projects/airflow-spark-pipeline/airflow_venv/lib/python3.11/site-packages/airflow/example_dags/example_setup_teardown_taskflow.py
[2026-03-18T18:27:01.802+0000] {processor.py:925} INFO - DAG(s) 'example_setup_teardown_taskflow' retrieved from /home/komal/data-engineering-projects/airflow-spark-pipeline/airflow_venv/lib/python3.11/site-packages/airflow/example_dags/example_setup_teardown_taskflow.py
[2026-03-18T18:27:01.814+0000] {logging_mixin.py:190} INFO - [2026-03-18T18:27:01.813+0000] {dag.py:3239} INFO - Sync 1 DAGs
[2026-03-18T18:27:01.821+0000] {logging_mixin.py:190} INFO - [2026-03-18T18:27:01.821+0000] {dag.py:4180} INFO - Setting next_dagrun for example_setup_teardown_taskflow to None, run_after=None
[2026-03-18T18:27:01.843+0000] {processor.py:208} INFO - Processing /home/komal/data-engineering-projects/airflow-spark-pipeline/airflow_venv/lib/python3.11/site-packages/airflow/example_dags/example_setup_teardown_taskflow.py took 0.062 seconds
[2026-03-18T18:28:06.494+0000] {processor.py:186} INFO - Started process (PID=41328) to work on /home/komal/data-engineering-projects/airflow-spark-pipeline/airflow_venv/lib/python3.11/site-packages/airflow/example_dags/example_setup_teardown_taskflow.py
[2026-03-18T18:28:06.526+0000] {processor.py:914} INFO - Processing file /home/komal/data-engineering-projects/airflow-spark-pipeline/airflow_venv/lib/python3.11/site-packages/airflow/example_dags/example_setup_teardown_taskflow.py for tasks to queue
[2026-03-18T18:28:06.527+0000] {logging_mixin.py:190} INFO - [2026-03-18T18:28:06.527+0000] {dagbag.py:588} INFO - Filling up the DagBag from /home/komal/data-engineering-projects/airflow-spark-pipeline/airflow_venv/lib/python3.11/site-packages/airflow/example_dags/example_setup_teardown_taskflow.py
[2026-03-18T18:28:06.535+0000] {processor.py:925} INFO - DAG(s) 'example_setup_teardown_taskflow' retrieved from /home/komal/data-engineering-projects/airflow-spark-pipeline/airflow_venv/lib/python3.11/site-packages/airflow/example_dags/example_setup_teardown_taskflow.py
[2026-03-18T18:28:06.549+0000] {logging_mixin.py:190} INFO - [2026-03-18T18:28:06.549+0000] {dag.py:3239} INFO - Sync 1 DAGs
[2026-03-18T18:28:06.557+0000] {logging_mixin.py:190} INFO - [2026-03-18T18:28:06.557+0000] {dag.py:4180} INFO - Setting next_dagrun for example_setup_teardown_taskflow to None, run_after=None
[2026-03-18T18:28:06.575+0000] {processor.py:208} INFO - Processing /home/komal/data-engineering-projects/airflow-spark-pipeline/airflow_venv/lib/python3.11/site-packages/airflow/example_dags/example_setup_teardown_taskflow.py took 0.090 seconds
[2026-03-18T18:29:12.157+0000] {processor.py:186} INFO - Started process (PID=41398) to work on /home/komal/data-engineering-projects/airflow-spark-pipeline/airflow_venv/lib/python3.11/site-packages/airflow/example_dags/example_setup_teardown_taskflow.py
[2026-03-18T18:29:12.189+0000] {processor.py:914} INFO - Processing file /home/komal/data-engineering-projects/airflow-spark-pipeline/airflow_venv/lib/python3.11/site-packages/airflow/example_dags/example_setup_teardown_taskflow.py for tasks to queue
[2026-03-18T18:29:12.193+0000] {logging_mixin.py:190} INFO - [2026-03-18T18:29:12.192+0000] {dagbag.py:588} INFO - Filling up the DagBag from /home/komal/data-engineering-projects/airflow-spark-pipeline/airflow_venv/lib/python3.11/site-packages/airflow/example_dags/example_setup_teardown_taskflow.py
[2026-03-18T18:29:12.210+0000] {processor.py:925} INFO - DAG(s) 'example_setup_teardown_taskflow' retrieved from /home/komal/data-engineering-projects/airflow-spark-pipeline/airflow_venv/lib/python3.11/site-packages/airflow/example_dags/example_setup_teardown_taskflow.py
[2026-03-18T18:29:12.232+0000] {logging_mixin.py:190} INFO - [2026-03-18T18:29:12.232+0000] {dag.py:3239} INFO - Sync 1 DAGs
[2026-03-18T18:29:12.250+0000] {logging_mixin.py:190} INFO - [2026-03-18T18:29:12.250+0000] {dag.py:4180} INFO - Setting next_dagrun for example_setup_teardown_taskflow to None, run_after=None
[2026-03-18T18:29:12.286+0000] {processor.py:208} INFO - Processing /home/komal/data-engineering-projects/airflow-spark-pipeline/airflow_venv/lib/python3.11/site-packages/airflow/example_dags/example_setup_teardown_taskflow.py took 0.135 seconds
[2026-03-18T18:30:22.168+0000] {processor.py:186} INFO - Started process (PID=41466) to work on /home/komal/data-engineering-projects/airflow-spark-pipeline/airflow_venv/lib/python3.11/site-packages/airflow/example_dags/example_setup_teardown_taskflow.py
[2026-03-18T18:30:23.266+0000] {processor.py:914} INFO - Processing file /home/komal/data-engineering-projects/airflow-spark-pipeline/airflow_venv/lib/python3.11/site-packages/airflow/example_dags/example_setup_teardown_taskflow.py for tasks to queue
[2026-03-18T18:30:23.270+0000] {logging_mixin.py:190} INFO - [2026-03-18T18:30:23.269+0000] {dagbag.py:588} INFO - Filling up the DagBag from /home/komal/data-engineering-projects/airflow-spark-pipeline/airflow_venv/lib/python3.11/site-packages/airflow/example_dags/example_setup_teardown_taskflow.py
[2026-03-18T18:30:23.283+0000] {processor.py:925} INFO - DAG(s) 'example_setup_teardown_taskflow' retrieved from /home/komal/data-engineering-projects/airflow-spark-pipeline/airflow_venv/lib/python3.11/site-packages/airflow/example_dags/example_setup_teardown_taskflow.py
[2026-03-18T18:30:23.296+0000] {logging_mixin.py:190} INFO - [2026-03-18T18:30:23.296+0000] {dag.py:3239} INFO - Sync 1 DAGs
[2026-03-18T18:30:23.305+0000] {logging_mixin.py:190} INFO - [2026-03-18T18:30:23.305+0000] {dag.py:4180} INFO - Setting next_dagrun for example_setup_teardown_taskflow to None, run_after=None
[2026-03-18T18:30:23.327+0000] {processor.py:208} INFO - Processing /home/komal/data-engineering-projects/airflow-spark-pipeline/airflow_venv/lib/python3.11/site-packages/airflow/example_dags/example_setup_teardown_taskflow.py took 0.107 seconds
[2026-03-18T18:31:24.473+0000] {processor.py:186} INFO - Started process (PID=41527) to work on /home/komal/data-engineering-projects/airflow-spark-pipeline/airflow_venv/lib/python3.11/site-packages/airflow/example_dags/example_setup_teardown_taskflow.py
[2026-03-18T18:31:24.504+0000] {processor.py:914} INFO - Processing file /home/komal/data-engineering-projects/airflow-spark-pipeline/airflow_venv/lib/python3.11/site-packages/airflow/example_dags/example_setup_teardown_taskflow.py for tasks to queue
[2026-03-18T18:31:24.508+0000] {logging_mixin.py:190} INFO - [2026-03-18T18:31:24.507+0000] {dagbag.py:588} INFO - Filling up the DagBag from /home/komal/data-engineering-projects/airflow-spark-pipeline/airflow_venv/lib/python3.11/site-packages/airflow/example_dags/example_setup_teardown_taskflow.py
[2026-03-18T18:31:24.525+0000] {processor.py:925} INFO - DAG(s) 'example_setup_teardown_taskflow' retrieved from /home/komal/data-engineering-projects/airflow-spark-pipeline/airflow_venv/lib/python3.11/site-packages/airflow/example_dags/example_setup_teardown_taskflow.py
[2026-03-18T18:31:24.540+0000] {logging_mixin.py:190} INFO - [2026-03-18T18:31:24.540+0000] {dag.py:3239} INFO - Sync 1 DAGs
[2026-03-18T18:31:24.548+0000] {logging_mixin.py:190} INFO - [2026-03-18T18:31:24.548+0000] {dag.py:4180} INFO - Setting next_dagrun for example_setup_teardown_taskflow to None, run_after=None
[2026-03-18T18:31:24.571+0000] {processor.py:208} INFO - Processing /home/komal/data-engineering-projects/airflow-spark-pipeline/airflow_venv/lib/python3.11/site-packages/airflow/example_dags/example_setup_teardown_taskflow.py took 0.113 seconds
[2026-03-18T18:32:39.883+0000] {processor.py:186} INFO - Started process (PID=41593) to work on /home/komal/data-engineering-projects/airflow-spark-pipeline/airflow_venv/lib/python3.11/site-packages/airflow/example_dags/example_setup_teardown_taskflow.py
[2026-03-18T18:32:39.916+0000] {processor.py:914} INFO - Processing file /home/komal/data-engineering-projects/airflow-spark-pipeline/airflow_venv/lib/python3.11/site-packages/airflow/example_dags/example_setup_teardown_taskflow.py for tasks to queue
[2026-03-18T18:32:39.921+0000] {logging_mixin.py:190} INFO - [2026-03-18T18:32:39.920+0000] {dagbag.py:588} INFO - Filling up the DagBag from /home/komal/data-engineering-projects/airflow-spark-pipeline/airflow_venv/lib/python3.11/site-packages/airflow/example_dags/example_setup_teardown_taskflow.py
[2026-03-18T18:32:39.939+0000] {processor.py:925} INFO - DAG(s) 'example_setup_teardown_taskflow' retrieved from /home/komal/data-engineering-projects/airflow-spark-pipeline/airflow_venv/lib/python3.11/site-packages/airflow/example_dags/example_setup_teardown_taskflow.py
[2026-03-18T18:32:39.959+0000] {logging_mixin.py:190} INFO - [2026-03-18T18:32:39.959+0000] {dag.py:3239} INFO - Sync 1 DAGs
[2026-03-18T18:32:39.967+0000] {logging_mixin.py:190} INFO - [2026-03-18T18:32:39.967+0000] {dag.py:4180} INFO - Setting next_dagrun for example_setup_teardown_taskflow to None, run_after=None
[2026-03-18T18:32:39.994+0000] {processor.py:208} INFO - Processing /home/komal/data-engineering-projects/airflow-spark-pipeline/airflow_venv/lib/python3.11/site-packages/airflow/example_dags/example_setup_teardown_taskflow.py took 0.120 seconds
[2026-03-18T18:33:50.950+0000] {processor.py:186} INFO - Started process (PID=41658) to work on /home/komal/data-engineering-projects/airflow-spark-pipeline/airflow_venv/lib/python3.11/site-packages/airflow/example_dags/example_setup_teardown_taskflow.py
[2026-03-18T18:33:50.953+0000] {processor.py:914} INFO - Processing file /home/komal/data-engineering-projects/airflow-spark-pipeline/airflow_venv/lib/python3.11/site-packages/airflow/example_dags/example_setup_teardown_taskflow.py for tasks to queue
[2026-03-18T18:33:50.955+0000] {logging_mixin.py:190} INFO - [2026-03-18T18:33:50.954+0000] {dagbag.py:588} INFO - Filling up the DagBag from /home/komal/data-engineering-projects/airflow-spark-pipeline/airflow_venv/lib/python3.11/site-packages/airflow/example_dags/example_setup_teardown_taskflow.py
[2026-03-18T18:33:50.969+0000] {processor.py:925} INFO - DAG(s) 'example_setup_teardown_taskflow' retrieved from /home/komal/data-engineering-projects/airflow-spark-pipeline/airflow_venv/lib/python3.11/site-packages/airflow/example_dags/example_setup_teardown_taskflow.py
[2026-03-18T18:33:50.988+0000] {logging_mixin.py:190} INFO - [2026-03-18T18:33:50.988+0000] {dag.py:3239} INFO - Sync 1 DAGs
[2026-03-18T18:33:51.006+0000] {logging_mixin.py:190} INFO - [2026-03-18T18:33:51.006+0000] {dag.py:4180} INFO - Setting next_dagrun for example_setup_teardown_taskflow to None, run_after=None
[2026-03-18T18:33:51.032+0000] {processor.py:208} INFO - Processing /home/komal/data-engineering-projects/airflow-spark-pipeline/airflow_venv/lib/python3.11/site-packages/airflow/example_dags/example_setup_teardown_taskflow.py took 0.093 seconds
[2026-03-18T18:34:56.723+0000] {processor.py:186} INFO - Started process (PID=41720) to work on /home/komal/data-engineering-projects/airflow-spark-pipeline/airflow_venv/lib/python3.11/site-packages/airflow/example_dags/example_setup_teardown_taskflow.py
[2026-03-18T18:34:56.754+0000] {processor.py:914} INFO - Processing file /home/komal/data-engineering-projects/airflow-spark-pipeline/airflow_venv/lib/python3.11/site-packages/airflow/example_dags/example_setup_teardown_taskflow.py for tasks to queue
[2026-03-18T18:34:56.756+0000] {logging_mixin.py:190} INFO - [2026-03-18T18:34:56.755+0000] {dagbag.py:588} INFO - Filling up the DagBag from /home/komal/data-engineering-projects/airflow-spark-pipeline/airflow_venv/lib/python3.11/site-packages/airflow/example_dags/example_setup_teardown_taskflow.py
[2026-03-18T18:34:56.764+0000] {processor.py:925} INFO - DAG(s) 'example_setup_teardown_taskflow' retrieved from /home/komal/data-engineering-projects/airflow-spark-pipeline/airflow_venv/lib/python3.11/site-packages/airflow/example_dags/example_setup_teardown_taskflow.py
[2026-03-18T18:34:56.775+0000] {logging_mixin.py:190} INFO - [2026-03-18T18:34:56.775+0000] {dag.py:3239} INFO - Sync 1 DAGs
[2026-03-18T18:34:56.782+0000] {logging_mixin.py:190} INFO - [2026-03-18T18:34:56.782+0000] {dag.py:4180} INFO - Setting next_dagrun for example_setup_teardown_taskflow to None, run_after=None
[2026-03-18T18:34:56.803+0000] {processor.py:208} INFO - Processing /home/komal/data-engineering-projects/airflow-spark-pipeline/airflow_venv/lib/python3.11/site-packages/airflow/example_dags/example_setup_teardown_taskflow.py took 0.093 seconds
[2026-03-18T18:36:04.183+0000] {processor.py:186} INFO - Started process (PID=41787) to work on /home/komal/data-engineering-projects/airflow-spark-pipeline/airflow_venv/lib/python3.11/site-packages/airflow/example_dags/example_setup_teardown_taskflow.py
[2026-03-18T18:36:04.217+0000] {processor.py:914} INFO - Processing file /home/komal/data-engineering-projects/airflow-spark-pipeline/airflow_venv/lib/python3.11/site-packages/airflow/example_dags/example_setup_teardown_taskflow.py for tasks to queue
[2026-03-18T18:36:04.220+0000] {logging_mixin.py:190} INFO - [2026-03-18T18:36:04.220+0000] {dagbag.py:588} INFO - Filling up the DagBag from /home/komal/data-engineering-projects/airflow-spark-pipeline/airflow_venv/lib/python3.11/site-packages/airflow/example_dags/example_setup_teardown_taskflow.py
[2026-03-18T18:36:04.234+0000] {processor.py:925} INFO - DAG(s) 'example_setup_teardown_taskflow' retrieved from /home/komal/data-engineering-projects/airflow-spark-pipeline/airflow_venv/lib/python3.11/site-packages/airflow/example_dags/example_setup_teardown_taskflow.py
[2026-03-18T18:36:04.247+0000] {logging_mixin.py:190} INFO - [2026-03-18T18:36:04.247+0000] {dag.py:3239} INFO - Sync 1 DAGs
[2026-03-18T18:36:04.257+0000] {logging_mixin.py:190} INFO - [2026-03-18T18:36:04.257+0000] {dag.py:4180} INFO - Setting next_dagrun for example_setup_teardown_taskflow to None, run_after=None
[2026-03-18T18:36:04.291+0000] {processor.py:208} INFO - Processing /home/komal/data-engineering-projects/airflow-spark-pipeline/airflow_venv/lib/python3.11/site-packages/airflow/example_dags/example_setup_teardown_taskflow.py took 0.121 seconds
[2026-03-18T18:37:12.940+0000] {processor.py:186} INFO - Started process (PID=41852) to work on /home/komal/data-engineering-projects/airflow-spark-pipeline/airflow_venv/lib/python3.11/site-packages/airflow/example_dags/example_setup_teardown_taskflow.py
[2026-03-18T18:37:12.948+0000] {processor.py:914} INFO - Processing file /home/komal/data-engineering-projects/airflow-spark-pipeline/airflow_venv/lib/python3.11/site-packages/airflow/example_dags/example_setup_teardown_taskflow.py for tasks to queue
[2026-03-18T18:37:12.954+0000] {logging_mixin.py:190} INFO - [2026-03-18T18:37:12.954+0000] {dagbag.py:588} INFO - Filling up the DagBag from /home/komal/data-engineering-projects/airflow-spark-pipeline/airflow_venv/lib/python3.11/site-packages/airflow/example_dags/example_setup_teardown_taskflow.py
[2026-03-18T18:37:12.972+0000] {processor.py:925} INFO - DAG(s) 'example_setup_teardown_taskflow' retrieved from /home/komal/data-engineering-projects/airflow-spark-pipeline/airflow_venv/lib/python3.11/site-packages/airflow/example_dags/example_setup_teardown_taskflow.py
[2026-03-18T18:37:13.005+0000] {logging_mixin.py:190} INFO - [2026-03-18T18:37:13.005+0000] {dag.py:3239} INFO - Sync 1 DAGs
[2026-03-18T18:37:13.022+0000] {logging_mixin.py:190} INFO - [2026-03-18T18:37:13.021+0000] {dag.py:4180} INFO - Setting next_dagrun for example_setup_teardown_taskflow to None, run_after=None
[2026-03-18T18:37:13.051+0000] {processor.py:208} INFO - Processing /home/komal/data-engineering-projects/airflow-spark-pipeline/airflow_venv/lib/python3.11/site-packages/airflow/example_dags/example_setup_teardown_taskflow.py took 0.115 seconds
[2026-03-18T18:38:24.605+0000] {processor.py:186} INFO - Started process (PID=41919) to work on /home/komal/data-engineering-projects/airflow-spark-pipeline/airflow_venv/lib/python3.11/site-packages/airflow/example_dags/example_setup_teardown_taskflow.py
[2026-03-18T18:38:24.609+0000] {processor.py:914} INFO - Processing file /home/komal/data-engineering-projects/airflow-spark-pipeline/airflow_venv/lib/python3.11/site-packages/airflow/example_dags/example_setup_teardown_taskflow.py for tasks to queue
[2026-03-18T18:38:24.612+0000] {logging_mixin.py:190} INFO - [2026-03-18T18:38:24.611+0000] {dagbag.py:588} INFO - Filling up the DagBag from /home/komal/data-engineering-projects/airflow-spark-pipeline/airflow_venv/lib/python3.11/site-packages/airflow/example_dags/example_setup_teardown_taskflow.py
[2026-03-18T18:38:24.627+0000] {processor.py:925} INFO - DAG(s) 'example_setup_teardown_taskflow' retrieved from /home/komal/data-engineering-projects/airflow-spark-pipeline/airflow_venv/lib/python3.11/site-packages/airflow/example_dags/example_setup_teardown_taskflow.py
[2026-03-18T18:38:24.640+0000] {logging_mixin.py:190} INFO - [2026-03-18T18:38:24.640+0000] {dag.py:3239} INFO - Sync 1 DAGs
[2026-03-18T18:38:24.654+0000] {logging_mixin.py:190} INFO - [2026-03-18T18:38:24.654+0000] {dag.py:4180} INFO - Setting next_dagrun for example_setup_teardown_taskflow to None, run_after=None
[2026-03-18T18:38:24.686+0000] {processor.py:208} INFO - Processing /home/komal/data-engineering-projects/airflow-spark-pipeline/airflow_venv/lib/python3.11/site-packages/airflow/example_dags/example_setup_teardown_taskflow.py took 0.089 seconds
[2026-03-18T18:39:29.357+0000] {processor.py:186} INFO - Started process (PID=41982) to work on /home/komal/data-engineering-projects/airflow-spark-pipeline/airflow_venv/lib/python3.11/site-packages/airflow/example_dags/example_setup_teardown_taskflow.py
[2026-03-18T18:39:29.358+0000] {processor.py:914} INFO - Processing file /home/komal/data-engineering-projects/airflow-spark-pipeline/airflow_venv/lib/python3.11/site-packages/airflow/example_dags/example_setup_teardown_taskflow.py for tasks to queue
[2026-03-18T18:39:29.360+0000] {logging_mixin.py:190} INFO - [2026-03-18T18:39:29.359+0000] {dagbag.py:588} INFO - Filling up the DagBag from /home/komal/data-engineering-projects/airflow-spark-pipeline/airflow_venv/lib/python3.11/site-packages/airflow/example_dags/example_setup_teardown_taskflow.py
[2026-03-18T18:39:29.368+0000] {processor.py:925} INFO - DAG(s) 'example_setup_teardown_taskflow' retrieved from /home/komal/data-engineering-projects/airflow-spark-pipeline/airflow_venv/lib/python3.11/site-packages/airflow/example_dags/example_setup_teardown_taskflow.py
[2026-03-18T18:39:29.379+0000] {logging_mixin.py:190} INFO - [2026-03-18T18:39:29.379+0000] {dag.py:3239} INFO - Sync 1 DAGs
[2026-03-18T18:39:29.386+0000] {logging_mixin.py:190} INFO - [2026-03-18T18:39:29.386+0000] {dag.py:4180} INFO - Setting next_dagrun for example_setup_teardown_taskflow to None, run_after=None
[2026-03-18T18:39:29.407+0000] {processor.py:208} INFO - Processing /home/komal/data-engineering-projects/airflow-spark-pipeline/airflow_venv/lib/python3.11/site-packages/airflow/example_dags/example_setup_teardown_taskflow.py took 0.055 seconds
[2026-03-18T18:40:41.140+0000] {processor.py:186} INFO - Started process (PID=42048) to work on /home/komal/data-engineering-projects/airflow-spark-pipeline/airflow_venv/lib/python3.11/site-packages/airflow/example_dags/example_setup_teardown_taskflow.py
[2026-03-18T18:40:41.171+0000] {processor.py:914} INFO - Processing file /home/komal/data-engineering-projects/airflow-spark-pipeline/airflow_venv/lib/python3.11/site-packages/airflow/example_dags/example_setup_teardown_taskflow.py for tasks to queue
[2026-03-18T18:40:41.173+0000] {logging_mixin.py:190} INFO - [2026-03-18T18:40:41.173+0000] {dagbag.py:588} INFO - Filling up the DagBag from /home/komal/data-engineering-projects/airflow-spark-pipeline/airflow_venv/lib/python3.11/site-packages/airflow/example_dags/example_setup_teardown_taskflow.py
[2026-03-18T18:40:41.182+0000] {processor.py:925} INFO - DAG(s) 'example_setup_teardown_taskflow' retrieved from /home/komal/data-engineering-projects/airflow-spark-pipeline/airflow_venv/lib/python3.11/site-packages/airflow/example_dags/example_setup_teardown_taskflow.py
[2026-03-18T18:40:41.194+0000] {logging_mixin.py:190} INFO - [2026-03-18T18:40:41.194+0000] {dag.py:3239} INFO - Sync 1 DAGs
[2026-03-18T18:40:41.204+0000] {logging_mixin.py:190} INFO - [2026-03-18T18:40:41.204+0000] {dag.py:4180} INFO - Setting next_dagrun for example_setup_teardown_taskflow to None, run_after=None
[2026-03-18T18:40:41.264+0000] {processor.py:208} INFO - Processing /home/komal/data-engineering-projects/airflow-spark-pipeline/airflow_venv/lib/python3.11/site-packages/airflow/example_dags/example_setup_teardown_taskflow.py took 0.129 seconds
[2026-03-18T18:41:54.975+0000] {processor.py:186} INFO - Started process (PID=42117) to work on /home/komal/data-engineering-projects/airflow-spark-pipeline/airflow_venv/lib/python3.11/site-packages/airflow/example_dags/example_setup_teardown_taskflow.py
[2026-03-18T18:41:54.976+0000] {processor.py:914} INFO - Processing file /home/komal/data-engineering-projects/airflow-spark-pipeline/airflow_venv/lib/python3.11/site-packages/airflow/example_dags/example_setup_teardown_taskflow.py for tasks to queue
[2026-03-18T18:41:54.978+0000] {logging_mixin.py:190} INFO - [2026-03-18T18:41:54.978+0000] {dagbag.py:588} INFO - Filling up the DagBag from /home/komal/data-engineering-projects/airflow-spark-pipeline/airflow_venv/lib/python3.11/site-packages/airflow/example_dags/example_setup_teardown_taskflow.py
[2026-03-18T18:41:54.997+0000] {processor.py:925} INFO - DAG(s) 'example_setup_teardown_taskflow' retrieved from /home/komal/data-engineering-projects/airflow-spark-pipeline/airflow_venv/lib/python3.11/site-packages/airflow/example_dags/example_setup_teardown_taskflow.py
[2026-03-18T18:41:55.023+0000] {logging_mixin.py:190} INFO - [2026-03-18T18:41:55.023+0000] {dag.py:3239} INFO - Sync 1 DAGs
[2026-03-18T18:41:55.033+0000] {logging_mixin.py:190} INFO - [2026-03-18T18:41:55.033+0000] {dag.py:4180} INFO - Setting next_dagrun for example_setup_teardown_taskflow to None, run_after=None
[2026-03-18T18:41:55.059+0000] {processor.py:208} INFO - Processing /home/komal/data-engineering-projects/airflow-spark-pipeline/airflow_venv/lib/python3.11/site-packages/airflow/example_dags/example_setup_teardown_taskflow.py took 0.090 seconds
[2026-03-18T18:43:06.335+0000] {processor.py:186} INFO - Started process (PID=42185) to work on /home/komal/data-engineering-projects/airflow-spark-pipeline/airflow_venv/lib/python3.11/site-packages/airflow/example_dags/example_setup_teardown_taskflow.py
[2026-03-18T18:43:06.370+0000] {processor.py:914} INFO - Processing file /home/komal/data-engineering-projects/airflow-spark-pipeline/airflow_venv/lib/python3.11/site-packages/airflow/example_dags/example_setup_teardown_taskflow.py for tasks to queue
[2026-03-18T18:43:06.374+0000] {logging_mixin.py:190} INFO - [2026-03-18T18:43:06.373+0000] {dagbag.py:588} INFO - Filling up the DagBag from /home/komal/data-engineering-projects/airflow-spark-pipeline/airflow_venv/lib/python3.11/site-packages/airflow/example_dags/example_setup_teardown_taskflow.py
[2026-03-18T18:43:06.397+0000] {processor.py:925} INFO - DAG(s) 'example_setup_teardown_taskflow' retrieved from /home/komal/data-engineering-projects/airflow-spark-pipeline/airflow_venv/lib/python3.11/site-packages/airflow/example_dags/example_setup_teardown_taskflow.py
[2026-03-18T18:43:06.423+0000] {logging_mixin.py:190} INFO - [2026-03-18T18:43:06.423+0000] {dag.py:3239} INFO - Sync 1 DAGs
[2026-03-18T18:43:06.431+0000] {logging_mixin.py:190} INFO - [2026-03-18T18:43:06.431+0000] {dag.py:4180} INFO - Setting next_dagrun for example_setup_teardown_taskflow to None, run_after=None
[2026-03-18T18:43:06.476+0000] {processor.py:208} INFO - Processing /home/komal/data-engineering-projects/airflow-spark-pipeline/airflow_venv/lib/python3.11/site-packages/airflow/example_dags/example_setup_teardown_taskflow.py took 0.152 seconds
[2026-03-18T18:44:18.223+0000] {processor.py:186} INFO - Started process (PID=42253) to work on /home/komal/data-engineering-projects/airflow-spark-pipeline/airflow_venv/lib/python3.11/site-packages/airflow/example_dags/example_setup_teardown_taskflow.py
[2026-03-18T18:44:18.257+0000] {processor.py:914} INFO - Processing file /home/komal/data-engineering-projects/airflow-spark-pipeline/airflow_venv/lib/python3.11/site-packages/airflow/example_dags/example_setup_teardown_taskflow.py for tasks to queue
[2026-03-18T18:44:18.261+0000] {logging_mixin.py:190} INFO - [2026-03-18T18:44:18.261+0000] {dagbag.py:588} INFO - Filling up the DagBag from /home/komal/data-engineering-projects/airflow-spark-pipeline/airflow_venv/lib/python3.11/site-packages/airflow/example_dags/example_setup_teardown_taskflow.py
[2026-03-18T18:44:18.278+0000] {processor.py:925} INFO - DAG(s) 'example_setup_teardown_taskflow' retrieved from /home/komal/data-engineering-projects/airflow-spark-pipeline/airflow_venv/lib/python3.11/site-packages/airflow/example_dags/example_setup_teardown_taskflow.py
[2026-03-18T18:44:18.296+0000] {logging_mixin.py:190} INFO - [2026-03-18T18:44:18.296+0000] {dag.py:3239} INFO - Sync 1 DAGs
[2026-03-18T18:44:18.306+0000] {logging_mixin.py:190} INFO - [2026-03-18T18:44:18.306+0000] {dag.py:4180} INFO - Setting next_dagrun for example_setup_teardown_taskflow to None, run_after=None
[2026-03-18T18:44:18.328+0000] {processor.py:208} INFO - Processing /home/komal/data-engineering-projects/airflow-spark-pipeline/airflow_venv/lib/python3.11/site-packages/airflow/example_dags/example_setup_teardown_taskflow.py took 0.112 seconds
[2026-03-18T18:45:27.705+0000] {processor.py:186} INFO - Started process (PID=42319) to work on /home/komal/data-engineering-projects/airflow-spark-pipeline/airflow_venv/lib/python3.11/site-packages/airflow/example_dags/example_setup_teardown_taskflow.py
[2026-03-18T18:45:27.710+0000] {processor.py:914} INFO - Processing file /home/komal/data-engineering-projects/airflow-spark-pipeline/airflow_venv/lib/python3.11/site-packages/airflow/example_dags/example_setup_teardown_taskflow.py for tasks to queue
[2026-03-18T18:45:27.714+0000] {logging_mixin.py:190} INFO - [2026-03-18T18:45:27.714+0000] {dagbag.py:588} INFO - Filling up the DagBag from /home/komal/data-engineering-projects/airflow-spark-pipeline/airflow_venv/lib/python3.11/site-packages/airflow/example_dags/example_setup_teardown_taskflow.py
[2026-03-18T18:45:27.732+0000] {processor.py:925} INFO - DAG(s) 'example_setup_teardown_taskflow' retrieved from /home/komal/data-engineering-projects/airflow-spark-pipeline/airflow_venv/lib/python3.11/site-packages/airflow/example_dags/example_setup_teardown_taskflow.py
[2026-03-18T18:45:27.752+0000] {logging_mixin.py:190} INFO - [2026-03-18T18:45:27.751+0000] {dag.py:3239} INFO - Sync 1 DAGs
[2026-03-18T18:45:27.760+0000] {logging_mixin.py:190} INFO - [2026-03-18T18:45:27.760+0000] {dag.py:4180} INFO - Setting next_dagrun for example_setup_teardown_taskflow to None, run_after=None
[2026-03-18T18:45:27.786+0000] {processor.py:208} INFO - Processing /home/komal/data-engineering-projects/airflow-spark-pipeline/airflow_venv/lib/python3.11/site-packages/airflow/example_dags/example_setup_teardown_taskflow.py took 0.092 seconds
[2026-03-18T18:46:37.963+0000] {processor.py:186} INFO - Started process (PID=42384) to work on /home/komal/data-engineering-projects/airflow-spark-pipeline/airflow_venv/lib/python3.11/site-packages/airflow/example_dags/example_setup_teardown_taskflow.py
[2026-03-18T18:46:37.967+0000] {processor.py:914} INFO - Processing file /home/komal/data-engineering-projects/airflow-spark-pipeline/airflow_venv/lib/python3.11/site-packages/airflow/example_dags/example_setup_teardown_taskflow.py for tasks to queue
[2026-03-18T18:46:37.969+0000] {logging_mixin.py:190} INFO - [2026-03-18T18:46:37.969+0000] {dagbag.py:588} INFO - Filling up the DagBag from /home/komal/data-engineering-projects/airflow-spark-pipeline/airflow_venv/lib/python3.11/site-packages/airflow/example_dags/example_setup_teardown_taskflow.py
[2026-03-18T18:46:37.979+0000] {processor.py:925} INFO - DAG(s) 'example_setup_teardown_taskflow' retrieved from /home/komal/data-engineering-projects/airflow-spark-pipeline/airflow_venv/lib/python3.11/site-packages/airflow/example_dags/example_setup_teardown_taskflow.py
[2026-03-18T18:46:37.991+0000] {logging_mixin.py:190} INFO - [2026-03-18T18:46:37.991+0000] {dag.py:3239} INFO - Sync 1 DAGs
[2026-03-18T18:46:37.998+0000] {logging_mixin.py:190} INFO - [2026-03-18T18:46:37.998+0000] {dag.py:4180} INFO - Setting next_dagrun for example_setup_teardown_taskflow to None, run_after=None
[2026-03-18T18:46:38.019+0000] {processor.py:208} INFO - Processing /home/komal/data-engineering-projects/airflow-spark-pipeline/airflow_venv/lib/python3.11/site-packages/airflow/example_dags/example_setup_teardown_taskflow.py took 0.067 seconds
[2026-03-18T18:47:47.656+0000] {processor.py:186} INFO - Started process (PID=42676) to work on /home/komal/data-engineering-projects/airflow-spark-pipeline/airflow_venv/lib/python3.11/site-packages/airflow/example_dags/example_setup_teardown_taskflow.py
[2026-03-18T18:47:47.658+0000] {processor.py:914} INFO - Processing file /home/komal/data-engineering-projects/airflow-spark-pipeline/airflow_venv/lib/python3.11/site-packages/airflow/example_dags/example_setup_teardown_taskflow.py for tasks to queue
[2026-03-18T18:47:47.662+0000] {logging_mixin.py:190} INFO - [2026-03-18T18:47:47.660+0000] {dagbag.py:588} INFO - Filling up the DagBag from /home/komal/data-engineering-projects/airflow-spark-pipeline/airflow_venv/lib/python3.11/site-packages/airflow/example_dags/example_setup_teardown_taskflow.py
[2026-03-18T18:47:47.678+0000] {processor.py:925} INFO - DAG(s) 'example_setup_teardown_taskflow' retrieved from /home/komal/data-engineering-projects/airflow-spark-pipeline/airflow_venv/lib/python3.11/site-packages/airflow/example_dags/example_setup_teardown_taskflow.py
[2026-03-18T18:47:47.699+0000] {logging_mixin.py:190} INFO - [2026-03-18T18:47:47.699+0000] {dag.py:3239} INFO - Sync 1 DAGs
[2026-03-18T18:47:47.708+0000] {logging_mixin.py:190} INFO - [2026-03-18T18:47:47.708+0000] {dag.py:4180} INFO - Setting next_dagrun for example_setup_teardown_taskflow to None, run_after=None
[2026-03-18T18:47:47.730+0000] {processor.py:208} INFO - Processing /home/komal/data-engineering-projects/airflow-spark-pipeline/airflow_venv/lib/python3.11/site-packages/airflow/example_dags/example_setup_teardown_taskflow.py took 0.083 seconds
[2026-03-18T18:48:59.158+0000] {processor.py:186} INFO - Started process (PID=42740) to work on /home/komal/data-engineering-projects/airflow-spark-pipeline/airflow_venv/lib/python3.11/site-packages/airflow/example_dags/example_setup_teardown_taskflow.py
[2026-03-18T18:48:59.190+0000] {processor.py:914} INFO - Processing file /home/komal/data-engineering-projects/airflow-spark-pipeline/airflow_venv/lib/python3.11/site-packages/airflow/example_dags/example_setup_teardown_taskflow.py for tasks to queue
[2026-03-18T18:48:59.196+0000] {logging_mixin.py:190} INFO - [2026-03-18T18:48:59.194+0000] {dagbag.py:588} INFO - Filling up the DagBag from /home/komal/data-engineering-projects/airflow-spark-pipeline/airflow_venv/lib/python3.11/site-packages/airflow/example_dags/example_setup_teardown_taskflow.py
[2026-03-18T18:48:59.214+0000] {processor.py:925} INFO - DAG(s) 'example_setup_teardown_taskflow' retrieved from /home/komal/data-engineering-projects/airflow-spark-pipeline/airflow_venv/lib/python3.11/site-packages/airflow/example_dags/example_setup_teardown_taskflow.py
[2026-03-18T18:48:59.238+0000] {logging_mixin.py:190} INFO - [2026-03-18T18:48:59.238+0000] {dag.py:3239} INFO - Sync 1 DAGs
[2026-03-18T18:48:59.252+0000] {logging_mixin.py:190} INFO - [2026-03-18T18:48:59.252+0000] {dag.py:4180} INFO - Setting next_dagrun for example_setup_teardown_taskflow to None, run_after=None
[2026-03-18T18:48:59.280+0000] {processor.py:208} INFO - Processing /home/komal/data-engineering-projects/airflow-spark-pipeline/airflow_venv/lib/python3.11/site-packages/airflow/example_dags/example_setup_teardown_taskflow.py took 0.132 seconds
[2026-03-18T18:50:10.286+0000] {processor.py:186} INFO - Started process (PID=42819) to work on /home/komal/data-engineering-projects/airflow-spark-pipeline/airflow_venv/lib/python3.11/site-packages/airflow/example_dags/example_setup_teardown_taskflow.py
[2026-03-18T18:50:10.288+0000] {processor.py:914} INFO - Processing file /home/komal/data-engineering-projects/airflow-spark-pipeline/airflow_venv/lib/python3.11/site-packages/airflow/example_dags/example_setup_teardown_taskflow.py for tasks to queue
[2026-03-18T18:50:10.290+0000] {logging_mixin.py:190} INFO - [2026-03-18T18:50:10.289+0000] {dagbag.py:588} INFO - Filling up the DagBag from /home/komal/data-engineering-projects/airflow-spark-pipeline/airflow_venv/lib/python3.11/site-packages/airflow/example_dags/example_setup_teardown_taskflow.py
[2026-03-18T18:50:10.299+0000] {processor.py:925} INFO - DAG(s) 'example_setup_teardown_taskflow' retrieved from /home/komal/data-engineering-projects/airflow-spark-pipeline/airflow_venv/lib/python3.11/site-packages/airflow/example_dags/example_setup_teardown_taskflow.py
[2026-03-18T18:50:10.310+0000] {logging_mixin.py:190} INFO - [2026-03-18T18:50:10.310+0000] {dag.py:3239} INFO - Sync 1 DAGs
[2026-03-18T18:50:10.319+0000] {logging_mixin.py:190} INFO - [2026-03-18T18:50:10.319+0000] {dag.py:4180} INFO - Setting next_dagrun for example_setup_teardown_taskflow to None, run_after=None
[2026-03-18T18:50:10.380+0000] {processor.py:208} INFO - Processing /home/komal/data-engineering-projects/airflow-spark-pipeline/airflow_venv/lib/python3.11/site-packages/airflow/example_dags/example_setup_teardown_taskflow.py took 0.098 seconds
[2026-03-18T18:51:22.069+0000] {processor.py:186} INFO - Started process (PID=42884) to work on /home/komal/data-engineering-projects/airflow-spark-pipeline/airflow_venv/lib/python3.11/site-packages/airflow/example_dags/example_setup_teardown_taskflow.py
[2026-03-18T18:51:22.101+0000] {processor.py:914} INFO - Processing file /home/komal/data-engineering-projects/airflow-spark-pipeline/airflow_venv/lib/python3.11/site-packages/airflow/example_dags/example_setup_teardown_taskflow.py for tasks to queue
[2026-03-18T18:51:22.104+0000] {logging_mixin.py:190} INFO - [2026-03-18T18:51:22.104+0000] {dagbag.py:588} INFO - Filling up the DagBag from /home/komal/data-engineering-projects/airflow-spark-pipeline/airflow_venv/lib/python3.11/site-packages/airflow/example_dags/example_setup_teardown_taskflow.py
[2026-03-18T18:51:22.121+0000] {processor.py:925} INFO - DAG(s) 'example_setup_teardown_taskflow' retrieved from /home/komal/data-engineering-projects/airflow-spark-pipeline/airflow_venv/lib/python3.11/site-packages/airflow/example_dags/example_setup_teardown_taskflow.py
[2026-03-18T18:51:22.134+0000] {logging_mixin.py:190} INFO - [2026-03-18T18:51:22.134+0000] {dag.py:3239} INFO - Sync 1 DAGs
[2026-03-18T18:51:22.144+0000] {logging_mixin.py:190} INFO - [2026-03-18T18:51:22.144+0000] {dag.py:4180} INFO - Setting next_dagrun for example_setup_teardown_taskflow to None, run_after=None
[2026-03-18T18:51:22.165+0000] {processor.py:208} INFO - Processing /home/komal/data-engineering-projects/airflow-spark-pipeline/airflow_venv/lib/python3.11/site-packages/airflow/example_dags/example_setup_teardown_taskflow.py took 0.106 seconds
