[2026-03-18T06:16:35.716+0000] {processor.py:157} INFO - Started process (PID=27489) to work on /home/komal/data-engineering-projects/airflow-spark-pipeline/airflow_venv/lib/python3.11/site-packages/airflow/example_dags/example_trigger_controller_dag.py
[2026-03-18T06:16:35.716+0000] {processor.py:826} INFO - Processing file /home/komal/data-engineering-projects/airflow-spark-pipeline/airflow_venv/lib/python3.11/site-packages/airflow/example_dags/example_trigger_controller_dag.py for tasks to queue
[2026-03-18T06:16:35.717+0000] {logging_mixin.py:150} INFO - [2026-03-18T06:16:35.717+0000] {dagbag.py:541} INFO - Filling up the DagBag from /home/komal/data-engineering-projects/airflow-spark-pipeline/airflow_venv/lib/python3.11/site-packages/airflow/example_dags/example_trigger_controller_dag.py
[2026-03-18T06:16:35.720+0000] {processor.py:836} INFO - DAG(s) dict_keys(['example_trigger_controller_dag']) retrieved from /home/komal/data-engineering-projects/airflow-spark-pipeline/airflow_venv/lib/python3.11/site-packages/airflow/example_dags/example_trigger_controller_dag.py
[2026-03-18T06:16:35.895+0000] {logging_mixin.py:150} INFO - [2026-03-18T06:16:35.895+0000] {manager.py:504} INFO - Created Permission View: can delete on DAG:example_trigger_controller_dag
[2026-03-18T06:16:35.964+0000] {logging_mixin.py:150} INFO - [2026-03-18T06:16:35.964+0000] {manager.py:504} INFO - Created Permission View: can read on DAG:example_trigger_controller_dag
[2026-03-18T06:16:35.981+0000] {logging_mixin.py:150} INFO - [2026-03-18T06:16:35.980+0000] {manager.py:504} INFO - Created Permission View: can edit on DAG:example_trigger_controller_dag
[2026-03-18T06:16:35.990+0000] {logging_mixin.py:150} INFO - [2026-03-18T06:16:35.990+0000] {dag.py:2742} INFO - Sync 1 DAGs
[2026-03-18T06:16:35.996+0000] {logging_mixin.py:150} INFO - [2026-03-18T06:16:35.995+0000] {dag.py:2763} INFO - Creating ORM DAG for example_trigger_controller_dag
[2026-03-18T06:16:36.003+0000] {logging_mixin.py:150} INFO - [2026-03-18T06:16:36.002+0000] {dag.py:3504} INFO - Setting next_dagrun for example_trigger_controller_dag to 2021-01-01T00:00:00+00:00, run_after=2021-01-01T00:00:00+00:00
[2026-03-18T06:16:36.028+0000] {processor.py:179} INFO - Processing /home/komal/data-engineering-projects/airflow-spark-pipeline/airflow_venv/lib/python3.11/site-packages/airflow/example_dags/example_trigger_controller_dag.py took 0.314 seconds
[2026-03-18T06:17:25.243+0000] {processor.py:157} INFO - Started process (PID=27551) to work on /home/komal/data-engineering-projects/airflow-spark-pipeline/airflow_venv/lib/python3.11/site-packages/airflow/example_dags/example_trigger_controller_dag.py
[2026-03-18T06:17:25.248+0000] {processor.py:826} INFO - Processing file /home/komal/data-engineering-projects/airflow-spark-pipeline/airflow_venv/lib/python3.11/site-packages/airflow/example_dags/example_trigger_controller_dag.py for tasks to queue
[2026-03-18T06:17:25.250+0000] {logging_mixin.py:150} INFO - [2026-03-18T06:17:25.249+0000] {dagbag.py:541} INFO - Filling up the DagBag from /home/komal/data-engineering-projects/airflow-spark-pipeline/airflow_venv/lib/python3.11/site-packages/airflow/example_dags/example_trigger_controller_dag.py
[2026-03-18T06:17:25.261+0000] {processor.py:836} INFO - DAG(s) dict_keys(['example_trigger_controller_dag']) retrieved from /home/komal/data-engineering-projects/airflow-spark-pipeline/airflow_venv/lib/python3.11/site-packages/airflow/example_dags/example_trigger_controller_dag.py
[2026-03-18T06:17:25.283+0000] {logging_mixin.py:150} INFO - [2026-03-18T06:17:25.283+0000] {dag.py:2742} INFO - Sync 1 DAGs
[2026-03-18T06:17:25.294+0000] {logging_mixin.py:150} INFO - [2026-03-18T06:17:25.294+0000] {dag.py:3504} INFO - Setting next_dagrun for example_trigger_controller_dag to 2021-01-01T00:00:00+00:00, run_after=2021-01-01T00:00:00+00:00
[2026-03-18T06:17:25.315+0000] {processor.py:179} INFO - Processing /home/komal/data-engineering-projects/airflow-spark-pipeline/airflow_venv/lib/python3.11/site-packages/airflow/example_dags/example_trigger_controller_dag.py took 0.081 seconds
[2026-03-18T06:33:20.644+0000] {processor.py:186} INFO - Started process (PID=28016) to work on /home/komal/data-engineering-projects/airflow-spark-pipeline/airflow_venv/lib/python3.11/site-packages/airflow/example_dags/example_trigger_controller_dag.py
[2026-03-18T06:33:20.649+0000] {processor.py:914} INFO - Processing file /home/komal/data-engineering-projects/airflow-spark-pipeline/airflow_venv/lib/python3.11/site-packages/airflow/example_dags/example_trigger_controller_dag.py for tasks to queue
[2026-03-18T06:33:20.652+0000] {logging_mixin.py:190} INFO - [2026-03-18T06:33:20.651+0000] {dagbag.py:588} INFO - Filling up the DagBag from /home/komal/data-engineering-projects/airflow-spark-pipeline/airflow_venv/lib/python3.11/site-packages/airflow/example_dags/example_trigger_controller_dag.py
[2026-03-18T06:33:20.660+0000] {processor.py:925} INFO - DAG(s) 'example_trigger_controller_dag' retrieved from /home/komal/data-engineering-projects/airflow-spark-pipeline/airflow_venv/lib/python3.11/site-packages/airflow/example_dags/example_trigger_controller_dag.py
[2026-03-18T06:33:20.666+0000] {logging_mixin.py:190} INFO - [2026-03-18T06:33:20.666+0000] {dag.py:3239} INFO - Sync 1 DAGs
[2026-03-18T06:33:20.679+0000] {logging_mixin.py:190} INFO - [2026-03-18T06:33:20.678+0000] {dag.py:4180} INFO - Setting next_dagrun for example_trigger_controller_dag to 2021-01-01 00:00:00+00:00, run_after=2021-01-01 00:00:00+00:00
[2026-03-18T06:33:20.703+0000] {processor.py:208} INFO - Processing /home/komal/data-engineering-projects/airflow-spark-pipeline/airflow_venv/lib/python3.11/site-packages/airflow/example_dags/example_trigger_controller_dag.py took 0.070 seconds
[2026-03-18T06:34:27.137+0000] {processor.py:186} INFO - Started process (PID=28083) to work on /home/komal/data-engineering-projects/airflow-spark-pipeline/airflow_venv/lib/python3.11/site-packages/airflow/example_dags/example_trigger_controller_dag.py
[2026-03-18T06:34:27.143+0000] {processor.py:914} INFO - Processing file /home/komal/data-engineering-projects/airflow-spark-pipeline/airflow_venv/lib/python3.11/site-packages/airflow/example_dags/example_trigger_controller_dag.py for tasks to queue
[2026-03-18T06:34:27.145+0000] {logging_mixin.py:190} INFO - [2026-03-18T06:34:27.144+0000] {dagbag.py:588} INFO - Filling up the DagBag from /home/komal/data-engineering-projects/airflow-spark-pipeline/airflow_venv/lib/python3.11/site-packages/airflow/example_dags/example_trigger_controller_dag.py
[2026-03-18T06:34:27.155+0000] {processor.py:925} INFO - DAG(s) 'example_trigger_controller_dag' retrieved from /home/komal/data-engineering-projects/airflow-spark-pipeline/airflow_venv/lib/python3.11/site-packages/airflow/example_dags/example_trigger_controller_dag.py
[2026-03-18T06:34:27.221+0000] {logging_mixin.py:190} INFO - [2026-03-18T06:34:27.221+0000] {dag.py:3239} INFO - Sync 1 DAGs
[2026-03-18T06:34:27.236+0000] {logging_mixin.py:190} INFO - [2026-03-18T06:34:27.235+0000] {dag.py:4180} INFO - Setting next_dagrun for example_trigger_controller_dag to 2021-01-01 00:00:00+00:00, run_after=2021-01-01 00:00:00+00:00
[2026-03-18T06:34:27.253+0000] {processor.py:208} INFO - Processing /home/komal/data-engineering-projects/airflow-spark-pipeline/airflow_venv/lib/python3.11/site-packages/airflow/example_dags/example_trigger_controller_dag.py took 0.125 seconds
[2026-03-18T06:35:31.978+0000] {processor.py:186} INFO - Started process (PID=28147) to work on /home/komal/data-engineering-projects/airflow-spark-pipeline/airflow_venv/lib/python3.11/site-packages/airflow/example_dags/example_trigger_controller_dag.py
[2026-03-18T06:35:31.981+0000] {processor.py:914} INFO - Processing file /home/komal/data-engineering-projects/airflow-spark-pipeline/airflow_venv/lib/python3.11/site-packages/airflow/example_dags/example_trigger_controller_dag.py for tasks to queue
[2026-03-18T06:35:31.983+0000] {logging_mixin.py:190} INFO - [2026-03-18T06:35:31.983+0000] {dagbag.py:588} INFO - Filling up the DagBag from /home/komal/data-engineering-projects/airflow-spark-pipeline/airflow_venv/lib/python3.11/site-packages/airflow/example_dags/example_trigger_controller_dag.py
[2026-03-18T06:35:31.992+0000] {processor.py:925} INFO - DAG(s) 'example_trigger_controller_dag' retrieved from /home/komal/data-engineering-projects/airflow-spark-pipeline/airflow_venv/lib/python3.11/site-packages/airflow/example_dags/example_trigger_controller_dag.py
[2026-03-18T06:35:32.004+0000] {logging_mixin.py:190} INFO - [2026-03-18T06:35:32.004+0000] {dag.py:3239} INFO - Sync 1 DAGs
[2026-03-18T06:35:32.019+0000] {logging_mixin.py:190} INFO - [2026-03-18T06:35:32.019+0000] {dag.py:4180} INFO - Setting next_dagrun for example_trigger_controller_dag to 2021-01-01 00:00:00+00:00, run_after=2021-01-01 00:00:00+00:00
[2026-03-18T06:35:32.056+0000] {processor.py:208} INFO - Processing /home/komal/data-engineering-projects/airflow-spark-pipeline/airflow_venv/lib/python3.11/site-packages/airflow/example_dags/example_trigger_controller_dag.py took 0.082 seconds
[2026-03-18T06:36:40.380+0000] {processor.py:186} INFO - Started process (PID=28220) to work on /home/komal/data-engineering-projects/airflow-spark-pipeline/airflow_venv/lib/python3.11/site-packages/airflow/example_dags/example_trigger_controller_dag.py
[2026-03-18T06:36:40.411+0000] {processor.py:914} INFO - Processing file /home/komal/data-engineering-projects/airflow-spark-pipeline/airflow_venv/lib/python3.11/site-packages/airflow/example_dags/example_trigger_controller_dag.py for tasks to queue
[2026-03-18T06:36:40.412+0000] {logging_mixin.py:190} INFO - [2026-03-18T06:36:40.412+0000] {dagbag.py:588} INFO - Filling up the DagBag from /home/komal/data-engineering-projects/airflow-spark-pipeline/airflow_venv/lib/python3.11/site-packages/airflow/example_dags/example_trigger_controller_dag.py
[2026-03-18T06:36:40.418+0000] {processor.py:925} INFO - DAG(s) 'example_trigger_controller_dag' retrieved from /home/komal/data-engineering-projects/airflow-spark-pipeline/airflow_venv/lib/python3.11/site-packages/airflow/example_dags/example_trigger_controller_dag.py
[2026-03-18T06:36:40.430+0000] {logging_mixin.py:190} INFO - [2026-03-18T06:36:40.429+0000] {dag.py:3239} INFO - Sync 1 DAGs
[2026-03-18T06:36:40.443+0000] {logging_mixin.py:190} INFO - [2026-03-18T06:36:40.443+0000] {dag.py:4180} INFO - Setting next_dagrun for example_trigger_controller_dag to 2021-01-01 00:00:00+00:00, run_after=2021-01-01 00:00:00+00:00
[2026-03-18T06:36:40.466+0000] {processor.py:208} INFO - Processing /home/komal/data-engineering-projects/airflow-spark-pipeline/airflow_venv/lib/python3.11/site-packages/airflow/example_dags/example_trigger_controller_dag.py took 0.095 seconds
[2026-03-18T06:37:43.636+0000] {processor.py:186} INFO - Started process (PID=28296) to work on /home/komal/data-engineering-projects/airflow-spark-pipeline/airflow_venv/lib/python3.11/site-packages/airflow/example_dags/example_trigger_controller_dag.py
[2026-03-18T06:37:43.667+0000] {processor.py:914} INFO - Processing file /home/komal/data-engineering-projects/airflow-spark-pipeline/airflow_venv/lib/python3.11/site-packages/airflow/example_dags/example_trigger_controller_dag.py for tasks to queue
[2026-03-18T06:37:43.668+0000] {logging_mixin.py:190} INFO - [2026-03-18T06:37:43.668+0000] {dagbag.py:588} INFO - Filling up the DagBag from /home/komal/data-engineering-projects/airflow-spark-pipeline/airflow_venv/lib/python3.11/site-packages/airflow/example_dags/example_trigger_controller_dag.py
[2026-03-18T06:37:43.673+0000] {processor.py:925} INFO - DAG(s) 'example_trigger_controller_dag' retrieved from /home/komal/data-engineering-projects/airflow-spark-pipeline/airflow_venv/lib/python3.11/site-packages/airflow/example_dags/example_trigger_controller_dag.py
[2026-03-18T06:37:43.684+0000] {logging_mixin.py:190} INFO - [2026-03-18T06:37:43.684+0000] {dag.py:3239} INFO - Sync 1 DAGs
[2026-03-18T06:37:43.702+0000] {logging_mixin.py:190} INFO - [2026-03-18T06:37:43.702+0000] {dag.py:4180} INFO - Setting next_dagrun for example_trigger_controller_dag to 2021-01-01 00:00:00+00:00, run_after=2021-01-01 00:00:00+00:00
[2026-03-18T06:37:43.913+0000] {processor.py:208} INFO - Processing /home/komal/data-engineering-projects/airflow-spark-pipeline/airflow_venv/lib/python3.11/site-packages/airflow/example_dags/example_trigger_controller_dag.py took 0.281 seconds
[2026-03-18T06:38:00.582+0000] {processor.py:186} INFO - Started process (PID=28314) to work on /home/komal/data-engineering-projects/airflow-spark-pipeline/airflow_venv/lib/python3.11/site-packages/airflow/example_dags/example_trigger_controller_dag.py
[2026-03-18T06:38:00.588+0000] {processor.py:914} INFO - Processing file /home/komal/data-engineering-projects/airflow-spark-pipeline/airflow_venv/lib/python3.11/site-packages/airflow/example_dags/example_trigger_controller_dag.py for tasks to queue
[2026-03-18T06:38:00.590+0000] {logging_mixin.py:190} INFO - [2026-03-18T06:38:00.590+0000] {dagbag.py:588} INFO - Filling up the DagBag from /home/komal/data-engineering-projects/airflow-spark-pipeline/airflow_venv/lib/python3.11/site-packages/airflow/example_dags/example_trigger_controller_dag.py
[2026-03-18T06:38:00.596+0000] {processor.py:925} INFO - DAG(s) 'example_trigger_controller_dag' retrieved from /home/komal/data-engineering-projects/airflow-spark-pipeline/airflow_venv/lib/python3.11/site-packages/airflow/example_dags/example_trigger_controller_dag.py
[2026-03-18T06:38:00.612+0000] {logging_mixin.py:190} INFO - [2026-03-18T06:38:00.612+0000] {dag.py:3239} INFO - Sync 1 DAGs
[2026-03-18T06:38:00.628+0000] {logging_mixin.py:190} INFO - [2026-03-18T06:38:00.628+0000] {dag.py:4180} INFO - Setting next_dagrun for example_trigger_controller_dag to 2021-01-01 00:00:00+00:00, run_after=2021-01-01 00:00:00+00:00
[2026-03-18T06:38:00.681+0000] {processor.py:208} INFO - Processing /home/komal/data-engineering-projects/airflow-spark-pipeline/airflow_venv/lib/python3.11/site-packages/airflow/example_dags/example_trigger_controller_dag.py took 0.107 seconds
[2026-03-18T06:39:09.438+0000] {processor.py:186} INFO - Started process (PID=28452) to work on /home/komal/data-engineering-projects/airflow-spark-pipeline/airflow_venv/lib/python3.11/site-packages/airflow/example_dags/example_trigger_controller_dag.py
[2026-03-18T06:39:09.442+0000] {processor.py:914} INFO - Processing file /home/komal/data-engineering-projects/airflow-spark-pipeline/airflow_venv/lib/python3.11/site-packages/airflow/example_dags/example_trigger_controller_dag.py for tasks to queue
[2026-03-18T06:39:09.446+0000] {logging_mixin.py:190} INFO - [2026-03-18T06:39:09.445+0000] {dagbag.py:588} INFO - Filling up the DagBag from /home/komal/data-engineering-projects/airflow-spark-pipeline/airflow_venv/lib/python3.11/site-packages/airflow/example_dags/example_trigger_controller_dag.py
[2026-03-18T06:39:09.457+0000] {processor.py:925} INFO - DAG(s) 'example_trigger_controller_dag' retrieved from /home/komal/data-engineering-projects/airflow-spark-pipeline/airflow_venv/lib/python3.11/site-packages/airflow/example_dags/example_trigger_controller_dag.py
[2026-03-18T06:39:09.469+0000] {logging_mixin.py:190} INFO - [2026-03-18T06:39:09.469+0000] {dag.py:3239} INFO - Sync 1 DAGs
[2026-03-18T06:39:09.486+0000] {logging_mixin.py:190} INFO - [2026-03-18T06:39:09.486+0000] {dag.py:4180} INFO - Setting next_dagrun for example_trigger_controller_dag to 2021-01-01 00:00:00+00:00, run_after=2021-01-01 00:00:00+00:00
[2026-03-18T06:39:09.536+0000] {processor.py:208} INFO - Processing /home/komal/data-engineering-projects/airflow-spark-pipeline/airflow_venv/lib/python3.11/site-packages/airflow/example_dags/example_trigger_controller_dag.py took 0.104 seconds
[2026-03-18T06:39:50.263+0000] {processor.py:186} INFO - Started process (PID=28498) to work on /home/komal/data-engineering-projects/airflow-spark-pipeline/airflow_venv/lib/python3.11/site-packages/airflow/example_dags/example_trigger_controller_dag.py
[2026-03-18T06:39:50.294+0000] {processor.py:914} INFO - Processing file /home/komal/data-engineering-projects/airflow-spark-pipeline/airflow_venv/lib/python3.11/site-packages/airflow/example_dags/example_trigger_controller_dag.py for tasks to queue
[2026-03-18T06:39:50.300+0000] {logging_mixin.py:190} INFO - [2026-03-18T06:39:50.299+0000] {dagbag.py:588} INFO - Filling up the DagBag from /home/komal/data-engineering-projects/airflow-spark-pipeline/airflow_venv/lib/python3.11/site-packages/airflow/example_dags/example_trigger_controller_dag.py
[2026-03-18T06:39:50.310+0000] {processor.py:925} INFO - DAG(s) 'example_trigger_controller_dag' retrieved from /home/komal/data-engineering-projects/airflow-spark-pipeline/airflow_venv/lib/python3.11/site-packages/airflow/example_dags/example_trigger_controller_dag.py
[2026-03-18T06:39:50.324+0000] {logging_mixin.py:190} INFO - [2026-03-18T06:39:50.324+0000] {dag.py:3239} INFO - Sync 1 DAGs
[2026-03-18T06:39:50.340+0000] {logging_mixin.py:190} INFO - [2026-03-18T06:39:50.340+0000] {dag.py:4180} INFO - Setting next_dagrun for example_trigger_controller_dag to 2021-01-01 00:00:00+00:00, run_after=2021-01-01 00:00:00+00:00
[2026-03-18T06:39:50.371+0000] {processor.py:208} INFO - Processing /home/komal/data-engineering-projects/airflow-spark-pipeline/airflow_venv/lib/python3.11/site-packages/airflow/example_dags/example_trigger_controller_dag.py took 0.114 seconds
[2026-03-18T06:40:55.765+0000] {processor.py:186} INFO - Started process (PID=28564) to work on /home/komal/data-engineering-projects/airflow-spark-pipeline/airflow_venv/lib/python3.11/site-packages/airflow/example_dags/example_trigger_controller_dag.py
[2026-03-18T06:40:55.797+0000] {processor.py:914} INFO - Processing file /home/komal/data-engineering-projects/airflow-spark-pipeline/airflow_venv/lib/python3.11/site-packages/airflow/example_dags/example_trigger_controller_dag.py for tasks to queue
[2026-03-18T06:40:55.800+0000] {logging_mixin.py:190} INFO - [2026-03-18T06:40:55.800+0000] {dagbag.py:588} INFO - Filling up the DagBag from /home/komal/data-engineering-projects/airflow-spark-pipeline/airflow_venv/lib/python3.11/site-packages/airflow/example_dags/example_trigger_controller_dag.py
[2026-03-18T06:40:55.808+0000] {processor.py:925} INFO - DAG(s) 'example_trigger_controller_dag' retrieved from /home/komal/data-engineering-projects/airflow-spark-pipeline/airflow_venv/lib/python3.11/site-packages/airflow/example_dags/example_trigger_controller_dag.py
[2026-03-18T06:40:55.822+0000] {logging_mixin.py:190} INFO - [2026-03-18T06:40:55.821+0000] {dag.py:3239} INFO - Sync 1 DAGs
[2026-03-18T06:40:55.838+0000] {logging_mixin.py:190} INFO - [2026-03-18T06:40:55.838+0000] {dag.py:4180} INFO - Setting next_dagrun for example_trigger_controller_dag to 2021-01-01 00:00:00+00:00, run_after=2021-01-01 00:00:00+00:00
[2026-03-18T06:40:55.863+0000] {processor.py:208} INFO - Processing /home/komal/data-engineering-projects/airflow-spark-pipeline/airflow_venv/lib/python3.11/site-packages/airflow/example_dags/example_trigger_controller_dag.py took 0.106 seconds
[2026-03-18T06:42:08.339+0000] {processor.py:186} INFO - Started process (PID=28713) to work on /home/komal/data-engineering-projects/airflow-spark-pipeline/airflow_venv/lib/python3.11/site-packages/airflow/example_dags/example_trigger_controller_dag.py
[2026-03-18T06:42:08.371+0000] {processor.py:914} INFO - Processing file /home/komal/data-engineering-projects/airflow-spark-pipeline/airflow_venv/lib/python3.11/site-packages/airflow/example_dags/example_trigger_controller_dag.py for tasks to queue
[2026-03-18T06:42:08.375+0000] {logging_mixin.py:190} INFO - [2026-03-18T06:42:08.375+0000] {dagbag.py:588} INFO - Filling up the DagBag from /home/komal/data-engineering-projects/airflow-spark-pipeline/airflow_venv/lib/python3.11/site-packages/airflow/example_dags/example_trigger_controller_dag.py
[2026-03-18T06:42:08.386+0000] {processor.py:925} INFO - DAG(s) 'example_trigger_controller_dag' retrieved from /home/komal/data-engineering-projects/airflow-spark-pipeline/airflow_venv/lib/python3.11/site-packages/airflow/example_dags/example_trigger_controller_dag.py
[2026-03-18T06:42:08.400+0000] {logging_mixin.py:190} INFO - [2026-03-18T06:42:08.400+0000] {dag.py:3239} INFO - Sync 1 DAGs
[2026-03-18T06:42:08.414+0000] {logging_mixin.py:190} INFO - [2026-03-18T06:42:08.414+0000] {dag.py:4180} INFO - Setting next_dagrun for example_trigger_controller_dag to 2021-01-01 00:00:00+00:00, run_after=2021-01-01 00:00:00+00:00
[2026-03-18T06:42:08.437+0000] {processor.py:208} INFO - Processing /home/komal/data-engineering-projects/airflow-spark-pipeline/airflow_venv/lib/python3.11/site-packages/airflow/example_dags/example_trigger_controller_dag.py took 0.107 seconds
[2026-03-18T06:42:47.720+0000] {processor.py:186} INFO - Started process (PID=28753) to work on /home/komal/data-engineering-projects/airflow-spark-pipeline/airflow_venv/lib/python3.11/site-packages/airflow/example_dags/example_trigger_controller_dag.py
[2026-03-18T06:42:47.753+0000] {processor.py:914} INFO - Processing file /home/komal/data-engineering-projects/airflow-spark-pipeline/airflow_venv/lib/python3.11/site-packages/airflow/example_dags/example_trigger_controller_dag.py for tasks to queue
[2026-03-18T06:42:47.757+0000] {logging_mixin.py:190} INFO - [2026-03-18T06:42:47.757+0000] {dagbag.py:588} INFO - Filling up the DagBag from /home/komal/data-engineering-projects/airflow-spark-pipeline/airflow_venv/lib/python3.11/site-packages/airflow/example_dags/example_trigger_controller_dag.py
[2026-03-18T06:42:47.768+0000] {processor.py:925} INFO - DAG(s) 'example_trigger_controller_dag' retrieved from /home/komal/data-engineering-projects/airflow-spark-pipeline/airflow_venv/lib/python3.11/site-packages/airflow/example_dags/example_trigger_controller_dag.py
[2026-03-18T06:42:47.790+0000] {logging_mixin.py:190} INFO - [2026-03-18T06:42:47.790+0000] {dag.py:3239} INFO - Sync 1 DAGs
[2026-03-18T06:42:47.919+0000] {logging_mixin.py:190} INFO - [2026-03-18T06:42:47.918+0000] {dag.py:4180} INFO - Setting next_dagrun for example_trigger_controller_dag to 2021-01-01 00:00:00+00:00, run_after=2021-01-01 00:00:00+00:00
[2026-03-18T06:42:47.977+0000] {processor.py:208} INFO - Processing /home/komal/data-engineering-projects/airflow-spark-pipeline/airflow_venv/lib/python3.11/site-packages/airflow/example_dags/example_trigger_controller_dag.py took 0.269 seconds
[2026-03-18T06:43:26.444+0000] {processor.py:186} INFO - Started process (PID=28793) to work on /home/komal/data-engineering-projects/airflow-spark-pipeline/airflow_venv/lib/python3.11/site-packages/airflow/example_dags/example_trigger_controller_dag.py
[2026-03-18T06:43:26.450+0000] {processor.py:914} INFO - Processing file /home/komal/data-engineering-projects/airflow-spark-pipeline/airflow_venv/lib/python3.11/site-packages/airflow/example_dags/example_trigger_controller_dag.py for tasks to queue
[2026-03-18T06:43:26.453+0000] {logging_mixin.py:190} INFO - [2026-03-18T06:43:26.452+0000] {dagbag.py:588} INFO - Filling up the DagBag from /home/komal/data-engineering-projects/airflow-spark-pipeline/airflow_venv/lib/python3.11/site-packages/airflow/example_dags/example_trigger_controller_dag.py
[2026-03-18T06:43:26.560+0000] {processor.py:925} INFO - DAG(s) 'example_trigger_controller_dag' retrieved from /home/komal/data-engineering-projects/airflow-spark-pipeline/airflow_venv/lib/python3.11/site-packages/airflow/example_dags/example_trigger_controller_dag.py
[2026-03-18T06:43:26.573+0000] {logging_mixin.py:190} INFO - [2026-03-18T06:43:26.573+0000] {dag.py:3239} INFO - Sync 1 DAGs
[2026-03-18T06:43:26.588+0000] {logging_mixin.py:190} INFO - [2026-03-18T06:43:26.588+0000] {dag.py:4180} INFO - Setting next_dagrun for example_trigger_controller_dag to 2021-01-01 00:00:00+00:00, run_after=2021-01-01 00:00:00+00:00
[2026-03-18T06:43:26.613+0000] {processor.py:208} INFO - Processing /home/komal/data-engineering-projects/airflow-spark-pipeline/airflow_venv/lib/python3.11/site-packages/airflow/example_dags/example_trigger_controller_dag.py took 0.178 seconds
[2026-03-18T06:44:09.482+0000] {processor.py:186} INFO - Started process (PID=28905) to work on /home/komal/data-engineering-projects/airflow-spark-pipeline/airflow_venv/lib/python3.11/site-packages/airflow/example_dags/example_trigger_controller_dag.py
[2026-03-18T06:44:09.513+0000] {processor.py:914} INFO - Processing file /home/komal/data-engineering-projects/airflow-spark-pipeline/airflow_venv/lib/python3.11/site-packages/airflow/example_dags/example_trigger_controller_dag.py for tasks to queue
[2026-03-18T06:44:09.515+0000] {logging_mixin.py:190} INFO - [2026-03-18T06:44:09.514+0000] {dagbag.py:588} INFO - Filling up the DagBag from /home/komal/data-engineering-projects/airflow-spark-pipeline/airflow_venv/lib/python3.11/site-packages/airflow/example_dags/example_trigger_controller_dag.py
[2026-03-18T06:44:09.520+0000] {processor.py:925} INFO - DAG(s) 'example_trigger_controller_dag' retrieved from /home/komal/data-engineering-projects/airflow-spark-pipeline/airflow_venv/lib/python3.11/site-packages/airflow/example_dags/example_trigger_controller_dag.py
[2026-03-18T06:44:09.529+0000] {logging_mixin.py:190} INFO - [2026-03-18T06:44:09.529+0000] {dag.py:3239} INFO - Sync 1 DAGs
[2026-03-18T06:44:09.541+0000] {logging_mixin.py:190} INFO - [2026-03-18T06:44:09.541+0000] {dag.py:4180} INFO - Setting next_dagrun for example_trigger_controller_dag to 2021-01-01 00:00:00+00:00, run_after=2021-01-01 00:00:00+00:00
[2026-03-18T06:44:09.562+0000] {processor.py:208} INFO - Processing /home/komal/data-engineering-projects/airflow-spark-pipeline/airflow_venv/lib/python3.11/site-packages/airflow/example_dags/example_trigger_controller_dag.py took 0.087 seconds
[2026-03-18T06:44:50.426+0000] {processor.py:186} INFO - Started process (PID=28943) to work on /home/komal/data-engineering-projects/airflow-spark-pipeline/airflow_venv/lib/python3.11/site-packages/airflow/example_dags/example_trigger_controller_dag.py
[2026-03-18T06:44:50.457+0000] {processor.py:914} INFO - Processing file /home/komal/data-engineering-projects/airflow-spark-pipeline/airflow_venv/lib/python3.11/site-packages/airflow/example_dags/example_trigger_controller_dag.py for tasks to queue
[2026-03-18T06:44:50.459+0000] {logging_mixin.py:190} INFO - [2026-03-18T06:44:50.459+0000] {dagbag.py:588} INFO - Filling up the DagBag from /home/komal/data-engineering-projects/airflow-spark-pipeline/airflow_venv/lib/python3.11/site-packages/airflow/example_dags/example_trigger_controller_dag.py
[2026-03-18T06:44:50.464+0000] {processor.py:925} INFO - DAG(s) 'example_trigger_controller_dag' retrieved from /home/komal/data-engineering-projects/airflow-spark-pipeline/airflow_venv/lib/python3.11/site-packages/airflow/example_dags/example_trigger_controller_dag.py
[2026-03-18T06:44:50.480+0000] {logging_mixin.py:190} INFO - [2026-03-18T06:44:50.480+0000] {dag.py:3239} INFO - Sync 1 DAGs
[2026-03-18T06:44:50.494+0000] {logging_mixin.py:190} INFO - [2026-03-18T06:44:50.494+0000] {dag.py:4180} INFO - Setting next_dagrun for example_trigger_controller_dag to 2021-01-01 00:00:00+00:00, run_after=2021-01-01 00:00:00+00:00
[2026-03-18T06:44:50.524+0000] {processor.py:208} INFO - Processing /home/komal/data-engineering-projects/airflow-spark-pipeline/airflow_venv/lib/python3.11/site-packages/airflow/example_dags/example_trigger_controller_dag.py took 0.106 seconds
[2026-03-18T06:45:20.683+0000] {processor.py:186} INFO - Started process (PID=28984) to work on /home/komal/data-engineering-projects/airflow-spark-pipeline/airflow_venv/lib/python3.11/site-packages/airflow/example_dags/example_trigger_controller_dag.py
[2026-03-18T06:45:20.688+0000] {processor.py:914} INFO - Processing file /home/komal/data-engineering-projects/airflow-spark-pipeline/airflow_venv/lib/python3.11/site-packages/airflow/example_dags/example_trigger_controller_dag.py for tasks to queue
[2026-03-18T06:45:20.692+0000] {logging_mixin.py:190} INFO - [2026-03-18T06:45:20.691+0000] {dagbag.py:588} INFO - Filling up the DagBag from /home/komal/data-engineering-projects/airflow-spark-pipeline/airflow_venv/lib/python3.11/site-packages/airflow/example_dags/example_trigger_controller_dag.py
[2026-03-18T06:45:20.704+0000] {processor.py:925} INFO - DAG(s) 'example_trigger_controller_dag' retrieved from /home/komal/data-engineering-projects/airflow-spark-pipeline/airflow_venv/lib/python3.11/site-packages/airflow/example_dags/example_trigger_controller_dag.py
[2026-03-18T06:45:20.718+0000] {logging_mixin.py:190} INFO - [2026-03-18T06:45:20.717+0000] {dag.py:3239} INFO - Sync 1 DAGs
[2026-03-18T06:45:20.738+0000] {logging_mixin.py:190} INFO - [2026-03-18T06:45:20.738+0000] {dag.py:4180} INFO - Setting next_dagrun for example_trigger_controller_dag to 2021-01-01 00:00:00+00:00, run_after=2021-01-01 00:00:00+00:00
[2026-03-18T06:45:20.781+0000] {processor.py:208} INFO - Processing /home/komal/data-engineering-projects/airflow-spark-pipeline/airflow_venv/lib/python3.11/site-packages/airflow/example_dags/example_trigger_controller_dag.py took 0.104 seconds
[2026-03-18T06:46:32.723+0000] {processor.py:186} INFO - Started process (PID=29418) to work on /home/komal/data-engineering-projects/airflow-spark-pipeline/airflow_venv/lib/python3.11/site-packages/airflow/example_dags/example_trigger_controller_dag.py
[2026-03-18T06:46:32.726+0000] {processor.py:914} INFO - Processing file /home/komal/data-engineering-projects/airflow-spark-pipeline/airflow_venv/lib/python3.11/site-packages/airflow/example_dags/example_trigger_controller_dag.py for tasks to queue
[2026-03-18T06:46:32.729+0000] {logging_mixin.py:190} INFO - [2026-03-18T06:46:32.728+0000] {dagbag.py:588} INFO - Filling up the DagBag from /home/komal/data-engineering-projects/airflow-spark-pipeline/airflow_venv/lib/python3.11/site-packages/airflow/example_dags/example_trigger_controller_dag.py
[2026-03-18T06:46:32.734+0000] {processor.py:925} INFO - DAG(s) 'example_trigger_controller_dag' retrieved from /home/komal/data-engineering-projects/airflow-spark-pipeline/airflow_venv/lib/python3.11/site-packages/airflow/example_dags/example_trigger_controller_dag.py
[2026-03-18T06:46:32.744+0000] {logging_mixin.py:190} INFO - [2026-03-18T06:46:32.744+0000] {dag.py:3239} INFO - Sync 1 DAGs
[2026-03-18T06:46:32.755+0000] {logging_mixin.py:190} INFO - [2026-03-18T06:46:32.755+0000] {dag.py:4180} INFO - Setting next_dagrun for example_trigger_controller_dag to 2021-01-01 00:00:00+00:00, run_after=2021-01-01 00:00:00+00:00
[2026-03-18T06:46:32.784+0000] {processor.py:208} INFO - Processing /home/komal/data-engineering-projects/airflow-spark-pipeline/airflow_venv/lib/python3.11/site-packages/airflow/example_dags/example_trigger_controller_dag.py took 0.067 seconds
[2026-03-18T06:47:10.590+0000] {processor.py:186} INFO - Started process (PID=29455) to work on /home/komal/data-engineering-projects/airflow-spark-pipeline/airflow_venv/lib/python3.11/site-packages/airflow/example_dags/example_trigger_controller_dag.py
[2026-03-18T06:47:10.624+0000] {processor.py:914} INFO - Processing file /home/komal/data-engineering-projects/airflow-spark-pipeline/airflow_venv/lib/python3.11/site-packages/airflow/example_dags/example_trigger_controller_dag.py for tasks to queue
[2026-03-18T06:47:10.629+0000] {logging_mixin.py:190} INFO - [2026-03-18T06:47:10.628+0000] {dagbag.py:588} INFO - Filling up the DagBag from /home/komal/data-engineering-projects/airflow-spark-pipeline/airflow_venv/lib/python3.11/site-packages/airflow/example_dags/example_trigger_controller_dag.py
[2026-03-18T06:47:10.646+0000] {processor.py:925} INFO - DAG(s) 'example_trigger_controller_dag' retrieved from /home/komal/data-engineering-projects/airflow-spark-pipeline/airflow_venv/lib/python3.11/site-packages/airflow/example_dags/example_trigger_controller_dag.py
[2026-03-18T06:47:10.661+0000] {logging_mixin.py:190} INFO - [2026-03-18T06:47:10.661+0000] {dag.py:3239} INFO - Sync 1 DAGs
[2026-03-18T06:47:10.673+0000] {logging_mixin.py:190} INFO - [2026-03-18T06:47:10.673+0000] {dag.py:4180} INFO - Setting next_dagrun for example_trigger_controller_dag to 2021-01-01 00:00:00+00:00, run_after=2021-01-01 00:00:00+00:00
[2026-03-18T06:47:10.700+0000] {processor.py:208} INFO - Processing /home/komal/data-engineering-projects/airflow-spark-pipeline/airflow_venv/lib/python3.11/site-packages/airflow/example_dags/example_trigger_controller_dag.py took 0.124 seconds
[2026-03-18T06:48:27.093+0000] {processor.py:186} INFO - Started process (PID=29609) to work on /home/komal/data-engineering-projects/airflow-spark-pipeline/airflow_venv/lib/python3.11/site-packages/airflow/example_dags/example_trigger_controller_dag.py
[2026-03-18T06:48:27.124+0000] {processor.py:914} INFO - Processing file /home/komal/data-engineering-projects/airflow-spark-pipeline/airflow_venv/lib/python3.11/site-packages/airflow/example_dags/example_trigger_controller_dag.py for tasks to queue
[2026-03-18T06:48:27.128+0000] {logging_mixin.py:190} INFO - [2026-03-18T06:48:27.127+0000] {dagbag.py:588} INFO - Filling up the DagBag from /home/komal/data-engineering-projects/airflow-spark-pipeline/airflow_venv/lib/python3.11/site-packages/airflow/example_dags/example_trigger_controller_dag.py
[2026-03-18T06:48:27.136+0000] {processor.py:925} INFO - DAG(s) 'example_trigger_controller_dag' retrieved from /home/komal/data-engineering-projects/airflow-spark-pipeline/airflow_venv/lib/python3.11/site-packages/airflow/example_dags/example_trigger_controller_dag.py
[2026-03-18T06:48:27.151+0000] {logging_mixin.py:190} INFO - [2026-03-18T06:48:27.150+0000] {dag.py:3239} INFO - Sync 1 DAGs
[2026-03-18T06:48:27.169+0000] {logging_mixin.py:190} INFO - [2026-03-18T06:48:27.169+0000] {dag.py:4180} INFO - Setting next_dagrun for example_trigger_controller_dag to 2021-01-01 00:00:00+00:00, run_after=2021-01-01 00:00:00+00:00
[2026-03-18T06:48:27.190+0000] {processor.py:208} INFO - Processing /home/komal/data-engineering-projects/airflow-spark-pipeline/airflow_venv/lib/python3.11/site-packages/airflow/example_dags/example_trigger_controller_dag.py took 0.102 seconds
[2026-03-18T06:49:08.964+0000] {processor.py:186} INFO - Started process (PID=29647) to work on /home/komal/data-engineering-projects/airflow-spark-pipeline/airflow_venv/lib/python3.11/site-packages/airflow/example_dags/example_trigger_controller_dag.py
[2026-03-18T06:49:08.996+0000] {processor.py:914} INFO - Processing file /home/komal/data-engineering-projects/airflow-spark-pipeline/airflow_venv/lib/python3.11/site-packages/airflow/example_dags/example_trigger_controller_dag.py for tasks to queue
[2026-03-18T06:49:09.002+0000] {logging_mixin.py:190} INFO - [2026-03-18T06:49:09.000+0000] {dagbag.py:588} INFO - Filling up the DagBag from /home/komal/data-engineering-projects/airflow-spark-pipeline/airflow_venv/lib/python3.11/site-packages/airflow/example_dags/example_trigger_controller_dag.py
[2026-03-18T06:49:09.014+0000] {processor.py:925} INFO - DAG(s) 'example_trigger_controller_dag' retrieved from /home/komal/data-engineering-projects/airflow-spark-pipeline/airflow_venv/lib/python3.11/site-packages/airflow/example_dags/example_trigger_controller_dag.py
[2026-03-18T06:49:09.039+0000] {logging_mixin.py:190} INFO - [2026-03-18T06:49:09.039+0000] {dag.py:3239} INFO - Sync 1 DAGs
[2026-03-18T06:49:09.062+0000] {logging_mixin.py:190} INFO - [2026-03-18T06:49:09.061+0000] {dag.py:4180} INFO - Setting next_dagrun for example_trigger_controller_dag to 2021-01-01 00:00:00+00:00, run_after=2021-01-01 00:00:00+00:00
[2026-03-18T06:49:09.090+0000] {processor.py:208} INFO - Processing /home/komal/data-engineering-projects/airflow-spark-pipeline/airflow_venv/lib/python3.11/site-packages/airflow/example_dags/example_trigger_controller_dag.py took 0.131 seconds
[2026-03-18T06:50:23.147+0000] {processor.py:186} INFO - Started process (PID=29796) to work on /home/komal/data-engineering-projects/airflow-spark-pipeline/airflow_venv/lib/python3.11/site-packages/airflow/example_dags/example_trigger_controller_dag.py
[2026-03-18T06:50:23.178+0000] {processor.py:914} INFO - Processing file /home/komal/data-engineering-projects/airflow-spark-pipeline/airflow_venv/lib/python3.11/site-packages/airflow/example_dags/example_trigger_controller_dag.py for tasks to queue
[2026-03-18T06:50:23.182+0000] {logging_mixin.py:190} INFO - [2026-03-18T06:50:23.181+0000] {dagbag.py:588} INFO - Filling up the DagBag from /home/komal/data-engineering-projects/airflow-spark-pipeline/airflow_venv/lib/python3.11/site-packages/airflow/example_dags/example_trigger_controller_dag.py
[2026-03-18T06:50:23.197+0000] {processor.py:925} INFO - DAG(s) 'example_trigger_controller_dag' retrieved from /home/komal/data-engineering-projects/airflow-spark-pipeline/airflow_venv/lib/python3.11/site-packages/airflow/example_dags/example_trigger_controller_dag.py
[2026-03-18T06:50:23.223+0000] {logging_mixin.py:190} INFO - [2026-03-18T06:50:23.223+0000] {dag.py:3239} INFO - Sync 1 DAGs
[2026-03-18T06:50:23.365+0000] {logging_mixin.py:190} INFO - [2026-03-18T06:50:23.365+0000] {dag.py:4180} INFO - Setting next_dagrun for example_trigger_controller_dag to 2021-01-01 00:00:00+00:00, run_after=2021-01-01 00:00:00+00:00
[2026-03-18T06:50:23.458+0000] {processor.py:208} INFO - Processing /home/komal/data-engineering-projects/airflow-spark-pipeline/airflow_venv/lib/python3.11/site-packages/airflow/example_dags/example_trigger_controller_dag.py took 0.320 seconds
[2026-03-18T06:51:02.210+0000] {processor.py:186} INFO - Started process (PID=29831) to work on /home/komal/data-engineering-projects/airflow-spark-pipeline/airflow_venv/lib/python3.11/site-packages/airflow/example_dags/example_trigger_controller_dag.py
[2026-03-18T06:51:02.243+0000] {processor.py:914} INFO - Processing file /home/komal/data-engineering-projects/airflow-spark-pipeline/airflow_venv/lib/python3.11/site-packages/airflow/example_dags/example_trigger_controller_dag.py for tasks to queue
[2026-03-18T06:51:02.247+0000] {logging_mixin.py:190} INFO - [2026-03-18T06:51:02.246+0000] {dagbag.py:588} INFO - Filling up the DagBag from /home/komal/data-engineering-projects/airflow-spark-pipeline/airflow_venv/lib/python3.11/site-packages/airflow/example_dags/example_trigger_controller_dag.py
[2026-03-18T06:51:02.345+0000] {processor.py:925} INFO - DAG(s) 'example_trigger_controller_dag' retrieved from /home/komal/data-engineering-projects/airflow-spark-pipeline/airflow_venv/lib/python3.11/site-packages/airflow/example_dags/example_trigger_controller_dag.py
[2026-03-18T06:51:02.354+0000] {logging_mixin.py:190} INFO - [2026-03-18T06:51:02.353+0000] {dag.py:3239} INFO - Sync 1 DAGs
[2026-03-18T06:51:02.365+0000] {logging_mixin.py:190} INFO - [2026-03-18T06:51:02.365+0000] {dag.py:4180} INFO - Setting next_dagrun for example_trigger_controller_dag to 2021-01-01 00:00:00+00:00, run_after=2021-01-01 00:00:00+00:00
[2026-03-18T06:51:02.422+0000] {processor.py:208} INFO - Processing /home/komal/data-engineering-projects/airflow-spark-pipeline/airflow_venv/lib/python3.11/site-packages/airflow/example_dags/example_trigger_controller_dag.py took 0.220 seconds
[2026-03-18T06:51:29.439+0000] {processor.py:186} INFO - Started process (PID=29862) to work on /home/komal/data-engineering-projects/airflow-spark-pipeline/airflow_venv/lib/python3.11/site-packages/airflow/example_dags/example_trigger_controller_dag.py
[2026-03-18T06:51:29.471+0000] {processor.py:914} INFO - Processing file /home/komal/data-engineering-projects/airflow-spark-pipeline/airflow_venv/lib/python3.11/site-packages/airflow/example_dags/example_trigger_controller_dag.py for tasks to queue
[2026-03-18T06:51:29.475+0000] {logging_mixin.py:190} INFO - [2026-03-18T06:51:29.475+0000] {dagbag.py:588} INFO - Filling up the DagBag from /home/komal/data-engineering-projects/airflow-spark-pipeline/airflow_venv/lib/python3.11/site-packages/airflow/example_dags/example_trigger_controller_dag.py
[2026-03-18T06:51:29.490+0000] {processor.py:925} INFO - DAG(s) 'example_trigger_controller_dag' retrieved from /home/komal/data-engineering-projects/airflow-spark-pipeline/airflow_venv/lib/python3.11/site-packages/airflow/example_dags/example_trigger_controller_dag.py
[2026-03-18T06:51:29.504+0000] {logging_mixin.py:190} INFO - [2026-03-18T06:51:29.504+0000] {dag.py:3239} INFO - Sync 1 DAGs
[2026-03-18T06:51:29.518+0000] {logging_mixin.py:190} INFO - [2026-03-18T06:51:29.518+0000] {dag.py:4180} INFO - Setting next_dagrun for example_trigger_controller_dag to 2021-01-01 00:00:00+00:00, run_after=2021-01-01 00:00:00+00:00
[2026-03-18T06:51:29.575+0000] {processor.py:208} INFO - Processing /home/komal/data-engineering-projects/airflow-spark-pipeline/airflow_venv/lib/python3.11/site-packages/airflow/example_dags/example_trigger_controller_dag.py took 0.140 seconds
[2026-03-18T06:52:37.718+0000] {processor.py:186} INFO - Started process (PID=30002) to work on /home/komal/data-engineering-projects/airflow-spark-pipeline/airflow_venv/lib/python3.11/site-packages/airflow/example_dags/example_trigger_controller_dag.py
[2026-03-18T06:52:37.721+0000] {processor.py:914} INFO - Processing file /home/komal/data-engineering-projects/airflow-spark-pipeline/airflow_venv/lib/python3.11/site-packages/airflow/example_dags/example_trigger_controller_dag.py for tasks to queue
[2026-03-18T06:52:37.723+0000] {logging_mixin.py:190} INFO - [2026-03-18T06:52:37.722+0000] {dagbag.py:588} INFO - Filling up the DagBag from /home/komal/data-engineering-projects/airflow-spark-pipeline/airflow_venv/lib/python3.11/site-packages/airflow/example_dags/example_trigger_controller_dag.py
[2026-03-18T06:52:37.728+0000] {processor.py:925} INFO - DAG(s) 'example_trigger_controller_dag' retrieved from /home/komal/data-engineering-projects/airflow-spark-pipeline/airflow_venv/lib/python3.11/site-packages/airflow/example_dags/example_trigger_controller_dag.py
[2026-03-18T06:52:37.738+0000] {logging_mixin.py:190} INFO - [2026-03-18T06:52:37.738+0000] {dag.py:3239} INFO - Sync 1 DAGs
[2026-03-18T06:52:37.751+0000] {logging_mixin.py:190} INFO - [2026-03-18T06:52:37.751+0000] {dag.py:4180} INFO - Setting next_dagrun for example_trigger_controller_dag to 2021-01-01 00:00:00+00:00, run_after=2021-01-01 00:00:00+00:00
[2026-03-18T06:52:37.786+0000] {processor.py:208} INFO - Processing /home/komal/data-engineering-projects/airflow-spark-pipeline/airflow_venv/lib/python3.11/site-packages/airflow/example_dags/example_trigger_controller_dag.py took 0.072 seconds
[2026-03-18T06:54:03.802+0000] {processor.py:186} INFO - Started process (PID=30151) to work on /home/komal/data-engineering-projects/airflow-spark-pipeline/airflow_venv/lib/python3.11/site-packages/airflow/example_dags/example_trigger_controller_dag.py
[2026-03-18T06:54:03.836+0000] {processor.py:914} INFO - Processing file /home/komal/data-engineering-projects/airflow-spark-pipeline/airflow_venv/lib/python3.11/site-packages/airflow/example_dags/example_trigger_controller_dag.py for tasks to queue
[2026-03-18T06:54:03.840+0000] {logging_mixin.py:190} INFO - [2026-03-18T06:54:03.840+0000] {dagbag.py:588} INFO - Filling up the DagBag from /home/komal/data-engineering-projects/airflow-spark-pipeline/airflow_venv/lib/python3.11/site-packages/airflow/example_dags/example_trigger_controller_dag.py
[2026-03-18T06:54:03.850+0000] {processor.py:925} INFO - DAG(s) 'example_trigger_controller_dag' retrieved from /home/komal/data-engineering-projects/airflow-spark-pipeline/airflow_venv/lib/python3.11/site-packages/airflow/example_dags/example_trigger_controller_dag.py
[2026-03-18T06:54:03.865+0000] {logging_mixin.py:190} INFO - [2026-03-18T06:54:03.864+0000] {dag.py:3239} INFO - Sync 1 DAGs
[2026-03-18T06:54:03.890+0000] {logging_mixin.py:190} INFO - [2026-03-18T06:54:03.890+0000] {dag.py:4180} INFO - Setting next_dagrun for example_trigger_controller_dag to 2021-01-01 00:00:00+00:00, run_after=2021-01-01 00:00:00+00:00
[2026-03-18T06:54:03.925+0000] {processor.py:208} INFO - Processing /home/komal/data-engineering-projects/airflow-spark-pipeline/airflow_venv/lib/python3.11/site-packages/airflow/example_dags/example_trigger_controller_dag.py took 0.129 seconds
[2026-03-18T06:54:52.378+0000] {processor.py:186} INFO - Started process (PID=30203) to work on /home/komal/data-engineering-projects/airflow-spark-pipeline/airflow_venv/lib/python3.11/site-packages/airflow/example_dags/example_trigger_controller_dag.py
[2026-03-18T06:54:52.393+0000] {processor.py:914} INFO - Processing file /home/komal/data-engineering-projects/airflow-spark-pipeline/airflow_venv/lib/python3.11/site-packages/airflow/example_dags/example_trigger_controller_dag.py for tasks to queue
[2026-03-18T06:54:52.397+0000] {logging_mixin.py:190} INFO - [2026-03-18T06:54:52.396+0000] {dagbag.py:588} INFO - Filling up the DagBag from /home/komal/data-engineering-projects/airflow-spark-pipeline/airflow_venv/lib/python3.11/site-packages/airflow/example_dags/example_trigger_controller_dag.py
[2026-03-18T06:54:52.407+0000] {processor.py:925} INFO - DAG(s) 'example_trigger_controller_dag' retrieved from /home/komal/data-engineering-projects/airflow-spark-pipeline/airflow_venv/lib/python3.11/site-packages/airflow/example_dags/example_trigger_controller_dag.py
[2026-03-18T06:54:52.421+0000] {logging_mixin.py:190} INFO - [2026-03-18T06:54:52.421+0000] {dag.py:3239} INFO - Sync 1 DAGs
[2026-03-18T06:54:52.432+0000] {logging_mixin.py:190} INFO - [2026-03-18T06:54:52.432+0000] {dag.py:4180} INFO - Setting next_dagrun for example_trigger_controller_dag to 2021-01-01 00:00:00+00:00, run_after=2021-01-01 00:00:00+00:00
[2026-03-18T06:54:52.464+0000] {processor.py:208} INFO - Processing /home/komal/data-engineering-projects/airflow-spark-pipeline/airflow_venv/lib/python3.11/site-packages/airflow/example_dags/example_trigger_controller_dag.py took 0.092 seconds
[2026-03-18T06:56:06.391+0000] {processor.py:186} INFO - Started process (PID=30353) to work on /home/komal/data-engineering-projects/airflow-spark-pipeline/airflow_venv/lib/python3.11/site-packages/airflow/example_dags/example_trigger_controller_dag.py
[2026-03-18T06:56:06.424+0000] {processor.py:914} INFO - Processing file /home/komal/data-engineering-projects/airflow-spark-pipeline/airflow_venv/lib/python3.11/site-packages/airflow/example_dags/example_trigger_controller_dag.py for tasks to queue
[2026-03-18T06:56:06.428+0000] {logging_mixin.py:190} INFO - [2026-03-18T06:56:06.427+0000] {dagbag.py:588} INFO - Filling up the DagBag from /home/komal/data-engineering-projects/airflow-spark-pipeline/airflow_venv/lib/python3.11/site-packages/airflow/example_dags/example_trigger_controller_dag.py
[2026-03-18T06:56:06.438+0000] {processor.py:925} INFO - DAG(s) 'example_trigger_controller_dag' retrieved from /home/komal/data-engineering-projects/airflow-spark-pipeline/airflow_venv/lib/python3.11/site-packages/airflow/example_dags/example_trigger_controller_dag.py
[2026-03-18T06:56:06.450+0000] {logging_mixin.py:190} INFO - [2026-03-18T06:56:06.450+0000] {dag.py:3239} INFO - Sync 1 DAGs
[2026-03-18T06:56:06.464+0000] {logging_mixin.py:190} INFO - [2026-03-18T06:56:06.464+0000] {dag.py:4180} INFO - Setting next_dagrun for example_trigger_controller_dag to 2021-01-01 00:00:00+00:00, run_after=2021-01-01 00:00:00+00:00
[2026-03-18T06:56:06.483+0000] {processor.py:208} INFO - Processing /home/komal/data-engineering-projects/airflow-spark-pipeline/airflow_venv/lib/python3.11/site-packages/airflow/example_dags/example_trigger_controller_dag.py took 0.097 seconds
[2026-03-18T06:57:18.512+0000] {processor.py:186} INFO - Started process (PID=30497) to work on /home/komal/data-engineering-projects/airflow-spark-pipeline/airflow_venv/lib/python3.11/site-packages/airflow/example_dags/example_trigger_controller_dag.py
[2026-03-18T06:57:18.532+0000] {processor.py:914} INFO - Processing file /home/komal/data-engineering-projects/airflow-spark-pipeline/airflow_venv/lib/python3.11/site-packages/airflow/example_dags/example_trigger_controller_dag.py for tasks to queue
[2026-03-18T06:57:18.535+0000] {logging_mixin.py:190} INFO - [2026-03-18T06:57:18.535+0000] {dagbag.py:588} INFO - Filling up the DagBag from /home/komal/data-engineering-projects/airflow-spark-pipeline/airflow_venv/lib/python3.11/site-packages/airflow/example_dags/example_trigger_controller_dag.py
[2026-03-18T06:57:18.546+0000] {processor.py:925} INFO - DAG(s) 'example_trigger_controller_dag' retrieved from /home/komal/data-engineering-projects/airflow-spark-pipeline/airflow_venv/lib/python3.11/site-packages/airflow/example_dags/example_trigger_controller_dag.py
[2026-03-18T06:57:18.572+0000] {logging_mixin.py:190} INFO - [2026-03-18T06:57:18.571+0000] {dag.py:3239} INFO - Sync 1 DAGs
[2026-03-18T06:57:18.593+0000] {logging_mixin.py:190} INFO - [2026-03-18T06:57:18.593+0000] {dag.py:4180} INFO - Setting next_dagrun for example_trigger_controller_dag to 2021-01-01 00:00:00+00:00, run_after=2021-01-01 00:00:00+00:00
[2026-03-18T06:57:18.625+0000] {processor.py:208} INFO - Processing /home/komal/data-engineering-projects/airflow-spark-pipeline/airflow_venv/lib/python3.11/site-packages/airflow/example_dags/example_trigger_controller_dag.py took 0.119 seconds
[2026-03-18T06:58:41.902+0000] {processor.py:186} INFO - Started process (PID=30650) to work on /home/komal/data-engineering-projects/airflow-spark-pipeline/airflow_venv/lib/python3.11/site-packages/airflow/example_dags/example_trigger_controller_dag.py
[2026-03-18T06:58:41.913+0000] {processor.py:914} INFO - Processing file /home/komal/data-engineering-projects/airflow-spark-pipeline/airflow_venv/lib/python3.11/site-packages/airflow/example_dags/example_trigger_controller_dag.py for tasks to queue
[2026-03-18T06:58:41.917+0000] {logging_mixin.py:190} INFO - [2026-03-18T06:58:41.916+0000] {dagbag.py:588} INFO - Filling up the DagBag from /home/komal/data-engineering-projects/airflow-spark-pipeline/airflow_venv/lib/python3.11/site-packages/airflow/example_dags/example_trigger_controller_dag.py
[2026-03-18T06:58:41.930+0000] {processor.py:925} INFO - DAG(s) 'example_trigger_controller_dag' retrieved from /home/komal/data-engineering-projects/airflow-spark-pipeline/airflow_venv/lib/python3.11/site-packages/airflow/example_dags/example_trigger_controller_dag.py
[2026-03-18T06:58:41.949+0000] {logging_mixin.py:190} INFO - [2026-03-18T06:58:41.949+0000] {dag.py:3239} INFO - Sync 1 DAGs
[2026-03-18T06:58:41.961+0000] {logging_mixin.py:190} INFO - [2026-03-18T06:58:41.961+0000] {dag.py:4180} INFO - Setting next_dagrun for example_trigger_controller_dag to 2021-01-01 00:00:00+00:00, run_after=2021-01-01 00:00:00+00:00
[2026-03-18T06:58:41.985+0000] {processor.py:208} INFO - Processing /home/komal/data-engineering-projects/airflow-spark-pipeline/airflow_venv/lib/python3.11/site-packages/airflow/example_dags/example_trigger_controller_dag.py took 0.092 seconds
[2026-03-18T06:59:22.044+0000] {processor.py:186} INFO - Started process (PID=30686) to work on /home/komal/data-engineering-projects/airflow-spark-pipeline/airflow_venv/lib/python3.11/site-packages/airflow/example_dags/example_trigger_controller_dag.py
[2026-03-18T06:59:22.077+0000] {processor.py:914} INFO - Processing file /home/komal/data-engineering-projects/airflow-spark-pipeline/airflow_venv/lib/python3.11/site-packages/airflow/example_dags/example_trigger_controller_dag.py for tasks to queue
[2026-03-18T06:59:22.082+0000] {logging_mixin.py:190} INFO - [2026-03-18T06:59:22.081+0000] {dagbag.py:588} INFO - Filling up the DagBag from /home/komal/data-engineering-projects/airflow-spark-pipeline/airflow_venv/lib/python3.11/site-packages/airflow/example_dags/example_trigger_controller_dag.py
[2026-03-18T06:59:22.094+0000] {processor.py:925} INFO - DAG(s) 'example_trigger_controller_dag' retrieved from /home/komal/data-engineering-projects/airflow-spark-pipeline/airflow_venv/lib/python3.11/site-packages/airflow/example_dags/example_trigger_controller_dag.py
[2026-03-18T06:59:22.115+0000] {logging_mixin.py:190} INFO - [2026-03-18T06:59:22.114+0000] {dag.py:3239} INFO - Sync 1 DAGs
[2026-03-18T06:59:22.136+0000] {logging_mixin.py:190} INFO - [2026-03-18T06:59:22.136+0000] {dag.py:4180} INFO - Setting next_dagrun for example_trigger_controller_dag to 2021-01-01 00:00:00+00:00, run_after=2021-01-01 00:00:00+00:00
[2026-03-18T06:59:22.169+0000] {processor.py:208} INFO - Processing /home/komal/data-engineering-projects/airflow-spark-pipeline/airflow_venv/lib/python3.11/site-packages/airflow/example_dags/example_trigger_controller_dag.py took 0.133 seconds
[2026-03-18T07:00:33.272+0000] {processor.py:186} INFO - Started process (PID=30758) to work on /home/komal/data-engineering-projects/airflow-spark-pipeline/airflow_venv/lib/python3.11/site-packages/airflow/example_dags/example_trigger_controller_dag.py
[2026-03-18T07:00:33.303+0000] {processor.py:914} INFO - Processing file /home/komal/data-engineering-projects/airflow-spark-pipeline/airflow_venv/lib/python3.11/site-packages/airflow/example_dags/example_trigger_controller_dag.py for tasks to queue
[2026-03-18T07:00:33.308+0000] {logging_mixin.py:190} INFO - [2026-03-18T07:00:33.307+0000] {dagbag.py:588} INFO - Filling up the DagBag from /home/komal/data-engineering-projects/airflow-spark-pipeline/airflow_venv/lib/python3.11/site-packages/airflow/example_dags/example_trigger_controller_dag.py
[2026-03-18T07:00:33.318+0000] {processor.py:925} INFO - DAG(s) 'example_trigger_controller_dag' retrieved from /home/komal/data-engineering-projects/airflow-spark-pipeline/airflow_venv/lib/python3.11/site-packages/airflow/example_dags/example_trigger_controller_dag.py
[2026-03-18T07:00:33.336+0000] {logging_mixin.py:190} INFO - [2026-03-18T07:00:33.335+0000] {dag.py:3239} INFO - Sync 1 DAGs
[2026-03-18T07:00:33.352+0000] {logging_mixin.py:190} INFO - [2026-03-18T07:00:33.352+0000] {dag.py:4180} INFO - Setting next_dagrun for example_trigger_controller_dag to 2021-01-01 00:00:00+00:00, run_after=2021-01-01 00:00:00+00:00
[2026-03-18T07:00:33.383+0000] {processor.py:208} INFO - Processing /home/komal/data-engineering-projects/airflow-spark-pipeline/airflow_venv/lib/python3.11/site-packages/airflow/example_dags/example_trigger_controller_dag.py took 0.116 seconds
[2026-03-18T07:01:14.775+0000] {processor.py:186} INFO - Started process (PID=30869) to work on /home/komal/data-engineering-projects/airflow-spark-pipeline/airflow_venv/lib/python3.11/site-packages/airflow/example_dags/example_trigger_controller_dag.py
[2026-03-18T07:01:14.788+0000] {processor.py:914} INFO - Processing file /home/komal/data-engineering-projects/airflow-spark-pipeline/airflow_venv/lib/python3.11/site-packages/airflow/example_dags/example_trigger_controller_dag.py for tasks to queue
[2026-03-18T07:01:14.790+0000] {logging_mixin.py:190} INFO - [2026-03-18T07:01:14.790+0000] {dagbag.py:588} INFO - Filling up the DagBag from /home/komal/data-engineering-projects/airflow-spark-pipeline/airflow_venv/lib/python3.11/site-packages/airflow/example_dags/example_trigger_controller_dag.py
[2026-03-18T07:01:14.796+0000] {processor.py:925} INFO - DAG(s) 'example_trigger_controller_dag' retrieved from /home/komal/data-engineering-projects/airflow-spark-pipeline/airflow_venv/lib/python3.11/site-packages/airflow/example_dags/example_trigger_controller_dag.py
[2026-03-18T07:01:14.809+0000] {logging_mixin.py:190} INFO - [2026-03-18T07:01:14.809+0000] {dag.py:3239} INFO - Sync 1 DAGs
[2026-03-18T07:01:14.930+0000] {logging_mixin.py:190} INFO - [2026-03-18T07:01:14.930+0000] {dag.py:4180} INFO - Setting next_dagrun for example_trigger_controller_dag to 2021-01-01 00:00:00+00:00, run_after=2021-01-01 00:00:00+00:00
[2026-03-18T07:01:14.955+0000] {processor.py:208} INFO - Processing /home/komal/data-engineering-projects/airflow-spark-pipeline/airflow_venv/lib/python3.11/site-packages/airflow/example_dags/example_trigger_controller_dag.py took 0.187 seconds
[2026-03-18T07:01:58.511+0000] {processor.py:186} INFO - Started process (PID=30910) to work on /home/komal/data-engineering-projects/airflow-spark-pipeline/airflow_venv/lib/python3.11/site-packages/airflow/example_dags/example_trigger_controller_dag.py
[2026-03-18T07:01:58.544+0000] {processor.py:914} INFO - Processing file /home/komal/data-engineering-projects/airflow-spark-pipeline/airflow_venv/lib/python3.11/site-packages/airflow/example_dags/example_trigger_controller_dag.py for tasks to queue
[2026-03-18T07:01:58.548+0000] {logging_mixin.py:190} INFO - [2026-03-18T07:01:58.547+0000] {dagbag.py:588} INFO - Filling up the DagBag from /home/komal/data-engineering-projects/airflow-spark-pipeline/airflow_venv/lib/python3.11/site-packages/airflow/example_dags/example_trigger_controller_dag.py
[2026-03-18T07:01:58.658+0000] {processor.py:925} INFO - DAG(s) 'example_trigger_controller_dag' retrieved from /home/komal/data-engineering-projects/airflow-spark-pipeline/airflow_venv/lib/python3.11/site-packages/airflow/example_dags/example_trigger_controller_dag.py
[2026-03-18T07:01:58.673+0000] {logging_mixin.py:190} INFO - [2026-03-18T07:01:58.673+0000] {dag.py:3239} INFO - Sync 1 DAGs
[2026-03-18T07:01:58.697+0000] {logging_mixin.py:190} INFO - [2026-03-18T07:01:58.696+0000] {dag.py:4180} INFO - Setting next_dagrun for example_trigger_controller_dag to 2021-01-01 00:00:00+00:00, run_after=2021-01-01 00:00:00+00:00
[2026-03-18T07:01:58.755+0000] {processor.py:208} INFO - Processing /home/komal/data-engineering-projects/airflow-spark-pipeline/airflow_venv/lib/python3.11/site-packages/airflow/example_dags/example_trigger_controller_dag.py took 0.253 seconds
[2026-03-18T07:02:38.864+0000] {processor.py:186} INFO - Started process (PID=30947) to work on /home/komal/data-engineering-projects/airflow-spark-pipeline/airflow_venv/lib/python3.11/site-packages/airflow/example_dags/example_trigger_controller_dag.py
[2026-03-18T07:02:38.897+0000] {processor.py:914} INFO - Processing file /home/komal/data-engineering-projects/airflow-spark-pipeline/airflow_venv/lib/python3.11/site-packages/airflow/example_dags/example_trigger_controller_dag.py for tasks to queue
[2026-03-18T07:02:38.901+0000] {logging_mixin.py:190} INFO - [2026-03-18T07:02:38.901+0000] {dagbag.py:588} INFO - Filling up the DagBag from /home/komal/data-engineering-projects/airflow-spark-pipeline/airflow_venv/lib/python3.11/site-packages/airflow/example_dags/example_trigger_controller_dag.py
[2026-03-18T07:02:38.911+0000] {processor.py:925} INFO - DAG(s) 'example_trigger_controller_dag' retrieved from /home/komal/data-engineering-projects/airflow-spark-pipeline/airflow_venv/lib/python3.11/site-packages/airflow/example_dags/example_trigger_controller_dag.py
[2026-03-18T07:02:38.922+0000] {logging_mixin.py:190} INFO - [2026-03-18T07:02:38.922+0000] {dag.py:3239} INFO - Sync 1 DAGs
[2026-03-18T07:02:38.937+0000] {logging_mixin.py:190} INFO - [2026-03-18T07:02:38.937+0000] {dag.py:4180} INFO - Setting next_dagrun for example_trigger_controller_dag to 2021-01-01 00:00:00+00:00, run_after=2021-01-01 00:00:00+00:00
[2026-03-18T07:02:38.960+0000] {processor.py:208} INFO - Processing /home/komal/data-engineering-projects/airflow-spark-pipeline/airflow_venv/lib/python3.11/site-packages/airflow/example_dags/example_trigger_controller_dag.py took 0.100 seconds
[2026-03-18T07:03:45.482+0000] {processor.py:186} INFO - Started process (PID=31068) to work on /home/komal/data-engineering-projects/airflow-spark-pipeline/airflow_venv/lib/python3.11/site-packages/airflow/example_dags/example_trigger_controller_dag.py
[2026-03-18T07:03:45.483+0000] {processor.py:914} INFO - Processing file /home/komal/data-engineering-projects/airflow-spark-pipeline/airflow_venv/lib/python3.11/site-packages/airflow/example_dags/example_trigger_controller_dag.py for tasks to queue
[2026-03-18T07:03:45.484+0000] {logging_mixin.py:190} INFO - [2026-03-18T07:03:45.484+0000] {dagbag.py:588} INFO - Filling up the DagBag from /home/komal/data-engineering-projects/airflow-spark-pipeline/airflow_venv/lib/python3.11/site-packages/airflow/example_dags/example_trigger_controller_dag.py
[2026-03-18T07:03:45.490+0000] {processor.py:925} INFO - DAG(s) 'example_trigger_controller_dag' retrieved from /home/komal/data-engineering-projects/airflow-spark-pipeline/airflow_venv/lib/python3.11/site-packages/airflow/example_dags/example_trigger_controller_dag.py
[2026-03-18T07:03:45.500+0000] {logging_mixin.py:190} INFO - [2026-03-18T07:03:45.499+0000] {dag.py:3239} INFO - Sync 1 DAGs
[2026-03-18T07:03:45.513+0000] {logging_mixin.py:190} INFO - [2026-03-18T07:03:45.512+0000] {dag.py:4180} INFO - Setting next_dagrun for example_trigger_controller_dag to 2021-01-01 00:00:00+00:00, run_after=2021-01-01 00:00:00+00:00
[2026-03-18T07:03:45.535+0000] {processor.py:208} INFO - Processing /home/komal/data-engineering-projects/airflow-spark-pipeline/airflow_venv/lib/python3.11/site-packages/airflow/example_dags/example_trigger_controller_dag.py took 0.059 seconds
[2026-03-18T07:04:42.315+0000] {processor.py:186} INFO - Started process (PID=31132) to work on /home/komal/data-engineering-projects/airflow-spark-pipeline/airflow_venv/lib/python3.11/site-packages/airflow/example_dags/example_trigger_controller_dag.py
[2026-03-18T07:04:42.324+0000] {processor.py:914} INFO - Processing file /home/komal/data-engineering-projects/airflow-spark-pipeline/airflow_venv/lib/python3.11/site-packages/airflow/example_dags/example_trigger_controller_dag.py for tasks to queue
[2026-03-18T07:04:42.325+0000] {logging_mixin.py:190} INFO - [2026-03-18T07:04:42.325+0000] {dagbag.py:588} INFO - Filling up the DagBag from /home/komal/data-engineering-projects/airflow-spark-pipeline/airflow_venv/lib/python3.11/site-packages/airflow/example_dags/example_trigger_controller_dag.py
[2026-03-18T07:04:42.331+0000] {processor.py:925} INFO - DAG(s) 'example_trigger_controller_dag' retrieved from /home/komal/data-engineering-projects/airflow-spark-pipeline/airflow_venv/lib/python3.11/site-packages/airflow/example_dags/example_trigger_controller_dag.py
[2026-03-18T07:04:42.350+0000] {logging_mixin.py:190} INFO - [2026-03-18T07:04:42.349+0000] {dag.py:3239} INFO - Sync 1 DAGs
[2026-03-18T07:04:42.468+0000] {logging_mixin.py:190} INFO - [2026-03-18T07:04:42.467+0000] {dag.py:4180} INFO - Setting next_dagrun for example_trigger_controller_dag to 2021-01-01 00:00:00+00:00, run_after=2021-01-01 00:00:00+00:00
[2026-03-18T07:04:42.588+0000] {processor.py:208} INFO - Processing /home/komal/data-engineering-projects/airflow-spark-pipeline/airflow_venv/lib/python3.11/site-packages/airflow/example_dags/example_trigger_controller_dag.py took 0.277 seconds
[2026-03-18T07:05:41.759+0000] {processor.py:186} INFO - Started process (PID=31194) to work on /home/komal/data-engineering-projects/airflow-spark-pipeline/airflow_venv/lib/python3.11/site-packages/airflow/example_dags/example_trigger_controller_dag.py
[2026-03-18T07:05:41.760+0000] {processor.py:914} INFO - Processing file /home/komal/data-engineering-projects/airflow-spark-pipeline/airflow_venv/lib/python3.11/site-packages/airflow/example_dags/example_trigger_controller_dag.py for tasks to queue
[2026-03-18T07:05:41.761+0000] {logging_mixin.py:190} INFO - [2026-03-18T07:05:41.760+0000] {dagbag.py:588} INFO - Filling up the DagBag from /home/komal/data-engineering-projects/airflow-spark-pipeline/airflow_venv/lib/python3.11/site-packages/airflow/example_dags/example_trigger_controller_dag.py
[2026-03-18T07:05:41.771+0000] {processor.py:925} INFO - DAG(s) 'example_trigger_controller_dag' retrieved from /home/komal/data-engineering-projects/airflow-spark-pipeline/airflow_venv/lib/python3.11/site-packages/airflow/example_dags/example_trigger_controller_dag.py
[2026-03-18T07:05:41.782+0000] {logging_mixin.py:190} INFO - [2026-03-18T07:05:41.781+0000] {dag.py:3239} INFO - Sync 1 DAGs
[2026-03-18T07:05:41.796+0000] {logging_mixin.py:190} INFO - [2026-03-18T07:05:41.796+0000] {dag.py:4180} INFO - Setting next_dagrun for example_trigger_controller_dag to 2021-01-01 00:00:00+00:00, run_after=2021-01-01 00:00:00+00:00
[2026-03-18T07:05:41.819+0000] {processor.py:208} INFO - Processing /home/komal/data-engineering-projects/airflow-spark-pipeline/airflow_venv/lib/python3.11/site-packages/airflow/example_dags/example_trigger_controller_dag.py took 0.065 seconds
[2026-03-18T07:09:10.924+0000] {processor.py:186} INFO - Started process (PID=31230) to work on /home/komal/data-engineering-projects/airflow-spark-pipeline/airflow_venv/lib/python3.11/site-packages/airflow/example_dags/example_trigger_controller_dag.py
[2026-03-18T07:09:10.925+0000] {processor.py:914} INFO - Processing file /home/komal/data-engineering-projects/airflow-spark-pipeline/airflow_venv/lib/python3.11/site-packages/airflow/example_dags/example_trigger_controller_dag.py for tasks to queue
[2026-03-18T07:09:10.927+0000] {logging_mixin.py:190} INFO - [2026-03-18T07:09:10.926+0000] {dagbag.py:588} INFO - Filling up the DagBag from /home/komal/data-engineering-projects/airflow-spark-pipeline/airflow_venv/lib/python3.11/site-packages/airflow/example_dags/example_trigger_controller_dag.py
[2026-03-18T07:09:10.934+0000] {processor.py:925} INFO - DAG(s) 'example_trigger_controller_dag' retrieved from /home/komal/data-engineering-projects/airflow-spark-pipeline/airflow_venv/lib/python3.11/site-packages/airflow/example_dags/example_trigger_controller_dag.py
[2026-03-18T07:09:10.947+0000] {logging_mixin.py:190} INFO - [2026-03-18T07:09:10.946+0000] {dag.py:3239} INFO - Sync 1 DAGs
[2026-03-18T07:09:10.964+0000] {logging_mixin.py:190} INFO - [2026-03-18T07:09:10.964+0000] {dag.py:4180} INFO - Setting next_dagrun for example_trigger_controller_dag to 2021-01-01 00:00:00+00:00, run_after=2021-01-01 00:00:00+00:00
[2026-03-18T07:09:10.987+0000] {processor.py:208} INFO - Processing /home/komal/data-engineering-projects/airflow-spark-pipeline/airflow_venv/lib/python3.11/site-packages/airflow/example_dags/example_trigger_controller_dag.py took 0.068 seconds
[2026-03-18T07:10:07.041+0000] {processor.py:186} INFO - Started process (PID=31289) to work on /home/komal/data-engineering-projects/airflow-spark-pipeline/airflow_venv/lib/python3.11/site-packages/airflow/example_dags/example_trigger_controller_dag.py
[2026-03-18T07:10:07.044+0000] {processor.py:914} INFO - Processing file /home/komal/data-engineering-projects/airflow-spark-pipeline/airflow_venv/lib/python3.11/site-packages/airflow/example_dags/example_trigger_controller_dag.py for tasks to queue
[2026-03-18T07:10:07.045+0000] {logging_mixin.py:190} INFO - [2026-03-18T07:10:07.044+0000] {dagbag.py:588} INFO - Filling up the DagBag from /home/komal/data-engineering-projects/airflow-spark-pipeline/airflow_venv/lib/python3.11/site-packages/airflow/example_dags/example_trigger_controller_dag.py
[2026-03-18T07:10:07.053+0000] {processor.py:925} INFO - DAG(s) 'example_trigger_controller_dag' retrieved from /home/komal/data-engineering-projects/airflow-spark-pipeline/airflow_venv/lib/python3.11/site-packages/airflow/example_dags/example_trigger_controller_dag.py
[2026-03-18T07:10:07.073+0000] {logging_mixin.py:190} INFO - [2026-03-18T07:10:07.073+0000] {dag.py:3239} INFO - Sync 1 DAGs
[2026-03-18T07:10:07.093+0000] {logging_mixin.py:190} INFO - [2026-03-18T07:10:07.093+0000] {dag.py:4180} INFO - Setting next_dagrun for example_trigger_controller_dag to 2021-01-01 00:00:00+00:00, run_after=2021-01-01 00:00:00+00:00
[2026-03-18T07:10:07.115+0000] {processor.py:208} INFO - Processing /home/komal/data-engineering-projects/airflow-spark-pipeline/airflow_venv/lib/python3.11/site-packages/airflow/example_dags/example_trigger_controller_dag.py took 0.079 seconds
[2026-03-18T07:11:10.289+0000] {processor.py:186} INFO - Started process (PID=31356) to work on /home/komal/data-engineering-projects/airflow-spark-pipeline/airflow_venv/lib/python3.11/site-packages/airflow/example_dags/example_trigger_controller_dag.py
[2026-03-18T07:11:10.321+0000] {processor.py:914} INFO - Processing file /home/komal/data-engineering-projects/airflow-spark-pipeline/airflow_venv/lib/python3.11/site-packages/airflow/example_dags/example_trigger_controller_dag.py for tasks to queue
[2026-03-18T07:11:10.323+0000] {logging_mixin.py:190} INFO - [2026-03-18T07:11:10.322+0000] {dagbag.py:588} INFO - Filling up the DagBag from /home/komal/data-engineering-projects/airflow-spark-pipeline/airflow_venv/lib/python3.11/site-packages/airflow/example_dags/example_trigger_controller_dag.py
[2026-03-18T07:11:10.329+0000] {processor.py:925} INFO - DAG(s) 'example_trigger_controller_dag' retrieved from /home/komal/data-engineering-projects/airflow-spark-pipeline/airflow_venv/lib/python3.11/site-packages/airflow/example_dags/example_trigger_controller_dag.py
[2026-03-18T07:11:10.343+0000] {logging_mixin.py:190} INFO - [2026-03-18T07:11:10.343+0000] {dag.py:3239} INFO - Sync 1 DAGs
[2026-03-18T07:11:10.360+0000] {logging_mixin.py:190} INFO - [2026-03-18T07:11:10.360+0000] {dag.py:4180} INFO - Setting next_dagrun for example_trigger_controller_dag to 2021-01-01 00:00:00+00:00, run_after=2021-01-01 00:00:00+00:00
[2026-03-18T07:11:10.385+0000] {processor.py:208} INFO - Processing /home/komal/data-engineering-projects/airflow-spark-pipeline/airflow_venv/lib/python3.11/site-packages/airflow/example_dags/example_trigger_controller_dag.py took 0.107 seconds
[2026-03-18T07:12:15.893+0000] {processor.py:186} INFO - Started process (PID=31422) to work on /home/komal/data-engineering-projects/airflow-spark-pipeline/airflow_venv/lib/python3.11/site-packages/airflow/example_dags/example_trigger_controller_dag.py
[2026-03-18T07:12:15.894+0000] {processor.py:914} INFO - Processing file /home/komal/data-engineering-projects/airflow-spark-pipeline/airflow_venv/lib/python3.11/site-packages/airflow/example_dags/example_trigger_controller_dag.py for tasks to queue
[2026-03-18T07:12:15.895+0000] {logging_mixin.py:190} INFO - [2026-03-18T07:12:15.895+0000] {dagbag.py:588} INFO - Filling up the DagBag from /home/komal/data-engineering-projects/airflow-spark-pipeline/airflow_venv/lib/python3.11/site-packages/airflow/example_dags/example_trigger_controller_dag.py
[2026-03-18T07:12:15.902+0000] {processor.py:925} INFO - DAG(s) 'example_trigger_controller_dag' retrieved from /home/komal/data-engineering-projects/airflow-spark-pipeline/airflow_venv/lib/python3.11/site-packages/airflow/example_dags/example_trigger_controller_dag.py
[2026-03-18T07:12:15.913+0000] {logging_mixin.py:190} INFO - [2026-03-18T07:12:15.913+0000] {dag.py:3239} INFO - Sync 1 DAGs
[2026-03-18T07:12:15.925+0000] {logging_mixin.py:190} INFO - [2026-03-18T07:12:15.925+0000] {dag.py:4180} INFO - Setting next_dagrun for example_trigger_controller_dag to 2021-01-01 00:00:00+00:00, run_after=2021-01-01 00:00:00+00:00
[2026-03-18T07:12:15.949+0000] {processor.py:208} INFO - Processing /home/komal/data-engineering-projects/airflow-spark-pipeline/airflow_venv/lib/python3.11/site-packages/airflow/example_dags/example_trigger_controller_dag.py took 0.064 seconds
[2026-03-18T07:13:22.123+0000] {processor.py:186} INFO - Started process (PID=31489) to work on /home/komal/data-engineering-projects/airflow-spark-pipeline/airflow_venv/lib/python3.11/site-packages/airflow/example_dags/example_trigger_controller_dag.py
[2026-03-18T07:13:22.155+0000] {processor.py:914} INFO - Processing file /home/komal/data-engineering-projects/airflow-spark-pipeline/airflow_venv/lib/python3.11/site-packages/airflow/example_dags/example_trigger_controller_dag.py for tasks to queue
[2026-03-18T07:13:22.158+0000] {logging_mixin.py:190} INFO - [2026-03-18T07:13:22.158+0000] {dagbag.py:588} INFO - Filling up the DagBag from /home/komal/data-engineering-projects/airflow-spark-pipeline/airflow_venv/lib/python3.11/site-packages/airflow/example_dags/example_trigger_controller_dag.py
[2026-03-18T07:13:22.163+0000] {processor.py:925} INFO - DAG(s) 'example_trigger_controller_dag' retrieved from /home/komal/data-engineering-projects/airflow-spark-pipeline/airflow_venv/lib/python3.11/site-packages/airflow/example_dags/example_trigger_controller_dag.py
[2026-03-18T07:13:22.173+0000] {logging_mixin.py:190} INFO - [2026-03-18T07:13:22.173+0000] {dag.py:3239} INFO - Sync 1 DAGs
[2026-03-18T07:13:22.192+0000] {logging_mixin.py:190} INFO - [2026-03-18T07:13:22.192+0000] {dag.py:4180} INFO - Setting next_dagrun for example_trigger_controller_dag to 2021-01-01 00:00:00+00:00, run_after=2021-01-01 00:00:00+00:00
[2026-03-18T07:13:22.215+0000] {processor.py:208} INFO - Processing /home/komal/data-engineering-projects/airflow-spark-pipeline/airflow_venv/lib/python3.11/site-packages/airflow/example_dags/example_trigger_controller_dag.py took 0.097 seconds
[2026-03-18T07:14:32.469+0000] {processor.py:186} INFO - Started process (PID=31554) to work on /home/komal/data-engineering-projects/airflow-spark-pipeline/airflow_venv/lib/python3.11/site-packages/airflow/example_dags/example_trigger_controller_dag.py
[2026-03-18T07:14:32.501+0000] {processor.py:914} INFO - Processing file /home/komal/data-engineering-projects/airflow-spark-pipeline/airflow_venv/lib/python3.11/site-packages/airflow/example_dags/example_trigger_controller_dag.py for tasks to queue
[2026-03-18T07:14:32.504+0000] {logging_mixin.py:190} INFO - [2026-03-18T07:14:32.503+0000] {dagbag.py:588} INFO - Filling up the DagBag from /home/komal/data-engineering-projects/airflow-spark-pipeline/airflow_venv/lib/python3.11/site-packages/airflow/example_dags/example_trigger_controller_dag.py
[2026-03-18T07:14:32.519+0000] {processor.py:925} INFO - DAG(s) 'example_trigger_controller_dag' retrieved from /home/komal/data-engineering-projects/airflow-spark-pipeline/airflow_venv/lib/python3.11/site-packages/airflow/example_dags/example_trigger_controller_dag.py
[2026-03-18T07:14:32.533+0000] {logging_mixin.py:190} INFO - [2026-03-18T07:14:32.533+0000] {dag.py:3239} INFO - Sync 1 DAGs
[2026-03-18T07:14:32.547+0000] {logging_mixin.py:190} INFO - [2026-03-18T07:14:32.547+0000] {dag.py:4180} INFO - Setting next_dagrun for example_trigger_controller_dag to 2021-01-01 00:00:00+00:00, run_after=2021-01-01 00:00:00+00:00
[2026-03-18T07:14:32.569+0000] {processor.py:208} INFO - Processing /home/komal/data-engineering-projects/airflow-spark-pipeline/airflow_venv/lib/python3.11/site-packages/airflow/example_dags/example_trigger_controller_dag.py took 0.111 seconds
[2026-03-18T07:15:36.243+0000] {processor.py:186} INFO - Started process (PID=31617) to work on /home/komal/data-engineering-projects/airflow-spark-pipeline/airflow_venv/lib/python3.11/site-packages/airflow/example_dags/example_trigger_controller_dag.py
[2026-03-18T07:15:36.246+0000] {processor.py:914} INFO - Processing file /home/komal/data-engineering-projects/airflow-spark-pipeline/airflow_venv/lib/python3.11/site-packages/airflow/example_dags/example_trigger_controller_dag.py for tasks to queue
[2026-03-18T07:15:36.247+0000] {logging_mixin.py:190} INFO - [2026-03-18T07:15:36.247+0000] {dagbag.py:588} INFO - Filling up the DagBag from /home/komal/data-engineering-projects/airflow-spark-pipeline/airflow_venv/lib/python3.11/site-packages/airflow/example_dags/example_trigger_controller_dag.py
[2026-03-18T07:15:36.253+0000] {processor.py:925} INFO - DAG(s) 'example_trigger_controller_dag' retrieved from /home/komal/data-engineering-projects/airflow-spark-pipeline/airflow_venv/lib/python3.11/site-packages/airflow/example_dags/example_trigger_controller_dag.py
[2026-03-18T07:15:36.268+0000] {logging_mixin.py:190} INFO - [2026-03-18T07:15:36.268+0000] {dag.py:3239} INFO - Sync 1 DAGs
[2026-03-18T07:15:36.281+0000] {logging_mixin.py:190} INFO - [2026-03-18T07:15:36.281+0000] {dag.py:4180} INFO - Setting next_dagrun for example_trigger_controller_dag to 2021-01-01 00:00:00+00:00, run_after=2021-01-01 00:00:00+00:00
[2026-03-18T07:15:36.308+0000] {processor.py:208} INFO - Processing /home/komal/data-engineering-projects/airflow-spark-pipeline/airflow_venv/lib/python3.11/site-packages/airflow/example_dags/example_trigger_controller_dag.py took 0.072 seconds
[2026-03-18T07:16:42.399+0000] {processor.py:186} INFO - Started process (PID=31686) to work on /home/komal/data-engineering-projects/airflow-spark-pipeline/airflow_venv/lib/python3.11/site-packages/airflow/example_dags/example_trigger_controller_dag.py
[2026-03-18T07:16:42.431+0000] {processor.py:914} INFO - Processing file /home/komal/data-engineering-projects/airflow-spark-pipeline/airflow_venv/lib/python3.11/site-packages/airflow/example_dags/example_trigger_controller_dag.py for tasks to queue
[2026-03-18T07:16:42.432+0000] {logging_mixin.py:190} INFO - [2026-03-18T07:16:42.432+0000] {dagbag.py:588} INFO - Filling up the DagBag from /home/komal/data-engineering-projects/airflow-spark-pipeline/airflow_venv/lib/python3.11/site-packages/airflow/example_dags/example_trigger_controller_dag.py
[2026-03-18T07:16:42.438+0000] {processor.py:925} INFO - DAG(s) 'example_trigger_controller_dag' retrieved from /home/komal/data-engineering-projects/airflow-spark-pipeline/airflow_venv/lib/python3.11/site-packages/airflow/example_dags/example_trigger_controller_dag.py
[2026-03-18T07:16:42.447+0000] {logging_mixin.py:190} INFO - [2026-03-18T07:16:42.447+0000] {dag.py:3239} INFO - Sync 1 DAGs
[2026-03-18T07:16:42.459+0000] {logging_mixin.py:190} INFO - [2026-03-18T07:16:42.459+0000] {dag.py:4180} INFO - Setting next_dagrun for example_trigger_controller_dag to 2021-01-01 00:00:00+00:00, run_after=2021-01-01 00:00:00+00:00
[2026-03-18T07:16:42.511+0000] {processor.py:208} INFO - Processing /home/komal/data-engineering-projects/airflow-spark-pipeline/airflow_venv/lib/python3.11/site-packages/airflow/example_dags/example_trigger_controller_dag.py took 0.122 seconds
[2026-03-18T07:17:47.713+0000] {processor.py:186} INFO - Started process (PID=31765) to work on /home/komal/data-engineering-projects/airflow-spark-pipeline/airflow_venv/lib/python3.11/site-packages/airflow/example_dags/example_trigger_controller_dag.py
[2026-03-18T07:17:47.714+0000] {processor.py:914} INFO - Processing file /home/komal/data-engineering-projects/airflow-spark-pipeline/airflow_venv/lib/python3.11/site-packages/airflow/example_dags/example_trigger_controller_dag.py for tasks to queue
[2026-03-18T07:17:47.715+0000] {logging_mixin.py:190} INFO - [2026-03-18T07:17:47.715+0000] {dagbag.py:588} INFO - Filling up the DagBag from /home/komal/data-engineering-projects/airflow-spark-pipeline/airflow_venv/lib/python3.11/site-packages/airflow/example_dags/example_trigger_controller_dag.py
[2026-03-18T07:17:47.721+0000] {processor.py:925} INFO - DAG(s) 'example_trigger_controller_dag' retrieved from /home/komal/data-engineering-projects/airflow-spark-pipeline/airflow_venv/lib/python3.11/site-packages/airflow/example_dags/example_trigger_controller_dag.py
[2026-03-18T07:17:47.732+0000] {logging_mixin.py:190} INFO - [2026-03-18T07:17:47.732+0000] {dag.py:3239} INFO - Sync 1 DAGs
[2026-03-18T07:17:47.745+0000] {logging_mixin.py:190} INFO - [2026-03-18T07:17:47.745+0000] {dag.py:4180} INFO - Setting next_dagrun for example_trigger_controller_dag to 2021-01-01 00:00:00+00:00, run_after=2021-01-01 00:00:00+00:00
[2026-03-18T07:17:47.763+0000] {processor.py:208} INFO - Processing /home/komal/data-engineering-projects/airflow-spark-pipeline/airflow_venv/lib/python3.11/site-packages/airflow/example_dags/example_trigger_controller_dag.py took 0.054 seconds
[2026-03-18T07:18:57.680+0000] {processor.py:186} INFO - Started process (PID=32007) to work on /home/komal/data-engineering-projects/airflow-spark-pipeline/airflow_venv/lib/python3.11/site-packages/airflow/example_dags/example_trigger_controller_dag.py
[2026-03-18T07:18:57.714+0000] {processor.py:914} INFO - Processing file /home/komal/data-engineering-projects/airflow-spark-pipeline/airflow_venv/lib/python3.11/site-packages/airflow/example_dags/example_trigger_controller_dag.py for tasks to queue
[2026-03-18T07:18:57.717+0000] {logging_mixin.py:190} INFO - [2026-03-18T07:18:57.716+0000] {dagbag.py:588} INFO - Filling up the DagBag from /home/komal/data-engineering-projects/airflow-spark-pipeline/airflow_venv/lib/python3.11/site-packages/airflow/example_dags/example_trigger_controller_dag.py
[2026-03-18T07:18:57.735+0000] {processor.py:925} INFO - DAG(s) 'example_trigger_controller_dag' retrieved from /home/komal/data-engineering-projects/airflow-spark-pipeline/airflow_venv/lib/python3.11/site-packages/airflow/example_dags/example_trigger_controller_dag.py
[2026-03-18T07:18:57.758+0000] {logging_mixin.py:190} INFO - [2026-03-18T07:18:57.758+0000] {dag.py:3239} INFO - Sync 1 DAGs
[2026-03-18T07:18:57.787+0000] {logging_mixin.py:190} INFO - [2026-03-18T07:18:57.787+0000] {dag.py:4180} INFO - Setting next_dagrun for example_trigger_controller_dag to 2021-01-01 00:00:00+00:00, run_after=2021-01-01 00:00:00+00:00
[2026-03-18T07:18:57.825+0000] {processor.py:208} INFO - Processing /home/komal/data-engineering-projects/airflow-spark-pipeline/airflow_venv/lib/python3.11/site-packages/airflow/example_dags/example_trigger_controller_dag.py took 0.156 seconds
[2026-03-18T07:20:11.661+0000] {processor.py:186} INFO - Started process (PID=32080) to work on /home/komal/data-engineering-projects/airflow-spark-pipeline/airflow_venv/lib/python3.11/site-packages/airflow/example_dags/example_trigger_controller_dag.py
[2026-03-18T07:20:11.665+0000] {processor.py:914} INFO - Processing file /home/komal/data-engineering-projects/airflow-spark-pipeline/airflow_venv/lib/python3.11/site-packages/airflow/example_dags/example_trigger_controller_dag.py for tasks to queue
[2026-03-18T07:20:11.667+0000] {logging_mixin.py:190} INFO - [2026-03-18T07:20:11.667+0000] {dagbag.py:588} INFO - Filling up the DagBag from /home/komal/data-engineering-projects/airflow-spark-pipeline/airflow_venv/lib/python3.11/site-packages/airflow/example_dags/example_trigger_controller_dag.py
[2026-03-18T07:20:11.677+0000] {processor.py:925} INFO - DAG(s) 'example_trigger_controller_dag' retrieved from /home/komal/data-engineering-projects/airflow-spark-pipeline/airflow_venv/lib/python3.11/site-packages/airflow/example_dags/example_trigger_controller_dag.py
[2026-03-18T07:20:11.697+0000] {logging_mixin.py:190} INFO - [2026-03-18T07:20:11.697+0000] {dag.py:3239} INFO - Sync 1 DAGs
[2026-03-18T07:20:11.723+0000] {logging_mixin.py:190} INFO - [2026-03-18T07:20:11.722+0000] {dag.py:4180} INFO - Setting next_dagrun for example_trigger_controller_dag to 2021-01-01 00:00:00+00:00, run_after=2021-01-01 00:00:00+00:00
[2026-03-18T07:20:11.767+0000] {processor.py:208} INFO - Processing /home/komal/data-engineering-projects/airflow-spark-pipeline/airflow_venv/lib/python3.11/site-packages/airflow/example_dags/example_trigger_controller_dag.py took 0.116 seconds
[2026-03-18T07:21:28.604+0000] {processor.py:186} INFO - Started process (PID=32152) to work on /home/komal/data-engineering-projects/airflow-spark-pipeline/airflow_venv/lib/python3.11/site-packages/airflow/example_dags/example_trigger_controller_dag.py
[2026-03-18T07:21:28.635+0000] {processor.py:914} INFO - Processing file /home/komal/data-engineering-projects/airflow-spark-pipeline/airflow_venv/lib/python3.11/site-packages/airflow/example_dags/example_trigger_controller_dag.py for tasks to queue
[2026-03-18T07:21:28.639+0000] {logging_mixin.py:190} INFO - [2026-03-18T07:21:28.638+0000] {dagbag.py:588} INFO - Filling up the DagBag from /home/komal/data-engineering-projects/airflow-spark-pipeline/airflow_venv/lib/python3.11/site-packages/airflow/example_dags/example_trigger_controller_dag.py
[2026-03-18T07:21:28.653+0000] {processor.py:925} INFO - DAG(s) 'example_trigger_controller_dag' retrieved from /home/komal/data-engineering-projects/airflow-spark-pipeline/airflow_venv/lib/python3.11/site-packages/airflow/example_dags/example_trigger_controller_dag.py
[2026-03-18T07:21:28.673+0000] {logging_mixin.py:190} INFO - [2026-03-18T07:21:28.673+0000] {dag.py:3239} INFO - Sync 1 DAGs
[2026-03-18T07:21:28.701+0000] {logging_mixin.py:190} INFO - [2026-03-18T07:21:28.700+0000] {dag.py:4180} INFO - Setting next_dagrun for example_trigger_controller_dag to 2021-01-01 00:00:00+00:00, run_after=2021-01-01 00:00:00+00:00
[2026-03-18T07:21:28.737+0000] {processor.py:208} INFO - Processing /home/komal/data-engineering-projects/airflow-spark-pipeline/airflow_venv/lib/python3.11/site-packages/airflow/example_dags/example_trigger_controller_dag.py took 0.144 seconds
[2026-03-18T07:22:07.411+0000] {processor.py:186} INFO - Started process (PID=32189) to work on /home/komal/data-engineering-projects/airflow-spark-pipeline/airflow_venv/lib/python3.11/site-packages/airflow/example_dags/example_trigger_controller_dag.py
[2026-03-18T07:22:07.445+0000] {processor.py:914} INFO - Processing file /home/komal/data-engineering-projects/airflow-spark-pipeline/airflow_venv/lib/python3.11/site-packages/airflow/example_dags/example_trigger_controller_dag.py for tasks to queue
[2026-03-18T07:22:07.447+0000] {logging_mixin.py:190} INFO - [2026-03-18T07:22:07.446+0000] {dagbag.py:588} INFO - Filling up the DagBag from /home/komal/data-engineering-projects/airflow-spark-pipeline/airflow_venv/lib/python3.11/site-packages/airflow/example_dags/example_trigger_controller_dag.py
[2026-03-18T07:22:07.456+0000] {processor.py:925} INFO - DAG(s) 'example_trigger_controller_dag' retrieved from /home/komal/data-engineering-projects/airflow-spark-pipeline/airflow_venv/lib/python3.11/site-packages/airflow/example_dags/example_trigger_controller_dag.py
[2026-03-18T07:22:07.478+0000] {logging_mixin.py:190} INFO - [2026-03-18T07:22:07.477+0000] {dag.py:3239} INFO - Sync 1 DAGs
[2026-03-18T07:22:07.512+0000] {logging_mixin.py:190} INFO - [2026-03-18T07:22:07.512+0000] {dag.py:4180} INFO - Setting next_dagrun for example_trigger_controller_dag to 2021-01-01 00:00:00+00:00, run_after=2021-01-01 00:00:00+00:00
[2026-03-18T07:22:07.545+0000] {processor.py:208} INFO - Processing /home/komal/data-engineering-projects/airflow-spark-pipeline/airflow_venv/lib/python3.11/site-packages/airflow/example_dags/example_trigger_controller_dag.py took 0.142 seconds
[2026-03-18T07:22:46.641+0000] {processor.py:186} INFO - Started process (PID=32363) to work on /home/komal/data-engineering-projects/airflow-spark-pipeline/airflow_venv/lib/python3.11/site-packages/airflow/example_dags/example_trigger_controller_dag.py
[2026-03-18T07:22:46.645+0000] {processor.py:914} INFO - Processing file /home/komal/data-engineering-projects/airflow-spark-pipeline/airflow_venv/lib/python3.11/site-packages/airflow/example_dags/example_trigger_controller_dag.py for tasks to queue
[2026-03-18T07:22:46.646+0000] {logging_mixin.py:190} INFO - [2026-03-18T07:22:46.646+0000] {dagbag.py:588} INFO - Filling up the DagBag from /home/komal/data-engineering-projects/airflow-spark-pipeline/airflow_venv/lib/python3.11/site-packages/airflow/example_dags/example_trigger_controller_dag.py
[2026-03-18T07:22:46.657+0000] {processor.py:925} INFO - DAG(s) 'example_trigger_controller_dag' retrieved from /home/komal/data-engineering-projects/airflow-spark-pipeline/airflow_venv/lib/python3.11/site-packages/airflow/example_dags/example_trigger_controller_dag.py
[2026-03-18T07:22:46.679+0000] {logging_mixin.py:190} INFO - [2026-03-18T07:22:46.678+0000] {dag.py:3239} INFO - Sync 1 DAGs
[2026-03-18T07:22:46.707+0000] {logging_mixin.py:190} INFO - [2026-03-18T07:22:46.706+0000] {dag.py:4180} INFO - Setting next_dagrun for example_trigger_controller_dag to 2021-01-01 00:00:00+00:00, run_after=2021-01-01 00:00:00+00:00
[2026-03-18T07:22:46.746+0000] {processor.py:208} INFO - Processing /home/komal/data-engineering-projects/airflow-spark-pipeline/airflow_venv/lib/python3.11/site-packages/airflow/example_dags/example_trigger_controller_dag.py took 0.114 seconds
[2026-03-18T07:23:26.670+0000] {processor.py:186} INFO - Started process (PID=32493) to work on /home/komal/data-engineering-projects/airflow-spark-pipeline/airflow_venv/lib/python3.11/site-packages/airflow/example_dags/example_trigger_controller_dag.py
[2026-03-18T07:23:26.703+0000] {processor.py:914} INFO - Processing file /home/komal/data-engineering-projects/airflow-spark-pipeline/airflow_venv/lib/python3.11/site-packages/airflow/example_dags/example_trigger_controller_dag.py for tasks to queue
[2026-03-18T07:23:26.707+0000] {logging_mixin.py:190} INFO - [2026-03-18T07:23:26.706+0000] {dagbag.py:588} INFO - Filling up the DagBag from /home/komal/data-engineering-projects/airflow-spark-pipeline/airflow_venv/lib/python3.11/site-packages/airflow/example_dags/example_trigger_controller_dag.py
[2026-03-18T07:23:26.720+0000] {processor.py:925} INFO - DAG(s) 'example_trigger_controller_dag' retrieved from /home/komal/data-engineering-projects/airflow-spark-pipeline/airflow_venv/lib/python3.11/site-packages/airflow/example_dags/example_trigger_controller_dag.py
[2026-03-18T07:23:26.740+0000] {logging_mixin.py:190} INFO - [2026-03-18T07:23:26.740+0000] {dag.py:3239} INFO - Sync 1 DAGs
[2026-03-18T07:23:26.767+0000] {logging_mixin.py:190} INFO - [2026-03-18T07:23:26.767+0000] {dag.py:4180} INFO - Setting next_dagrun for example_trigger_controller_dag to 2021-01-01 00:00:00+00:00, run_after=2021-01-01 00:00:00+00:00
[2026-03-18T07:23:26.806+0000] {processor.py:208} INFO - Processing /home/komal/data-engineering-projects/airflow-spark-pipeline/airflow_venv/lib/python3.11/site-packages/airflow/example_dags/example_trigger_controller_dag.py took 0.148 seconds
[2026-03-18T07:24:35.443+0000] {processor.py:186} INFO - Started process (PID=32559) to work on /home/komal/data-engineering-projects/airflow-spark-pipeline/airflow_venv/lib/python3.11/site-packages/airflow/example_dags/example_trigger_controller_dag.py
[2026-03-18T07:24:35.476+0000] {processor.py:914} INFO - Processing file /home/komal/data-engineering-projects/airflow-spark-pipeline/airflow_venv/lib/python3.11/site-packages/airflow/example_dags/example_trigger_controller_dag.py for tasks to queue
[2026-03-18T07:24:35.478+0000] {logging_mixin.py:190} INFO - [2026-03-18T07:24:35.477+0000] {dagbag.py:588} INFO - Filling up the DagBag from /home/komal/data-engineering-projects/airflow-spark-pipeline/airflow_venv/lib/python3.11/site-packages/airflow/example_dags/example_trigger_controller_dag.py
[2026-03-18T07:24:35.487+0000] {processor.py:925} INFO - DAG(s) 'example_trigger_controller_dag' retrieved from /home/komal/data-engineering-projects/airflow-spark-pipeline/airflow_venv/lib/python3.11/site-packages/airflow/example_dags/example_trigger_controller_dag.py
[2026-03-18T07:24:35.505+0000] {logging_mixin.py:190} INFO - [2026-03-18T07:24:35.505+0000] {dag.py:3239} INFO - Sync 1 DAGs
[2026-03-18T07:24:35.531+0000] {logging_mixin.py:190} INFO - [2026-03-18T07:24:35.531+0000] {dag.py:4180} INFO - Setting next_dagrun for example_trigger_controller_dag to 2021-01-01 00:00:00+00:00, run_after=2021-01-01 00:00:00+00:00
[2026-03-18T07:24:35.576+0000] {processor.py:208} INFO - Processing /home/komal/data-engineering-projects/airflow-spark-pipeline/airflow_venv/lib/python3.11/site-packages/airflow/example_dags/example_trigger_controller_dag.py took 0.142 seconds
[2026-03-18T07:25:45.176+0000] {processor.py:186} INFO - Started process (PID=32629) to work on /home/komal/data-engineering-projects/airflow-spark-pipeline/airflow_venv/lib/python3.11/site-packages/airflow/example_dags/example_trigger_controller_dag.py
[2026-03-18T07:25:45.211+0000] {processor.py:914} INFO - Processing file /home/komal/data-engineering-projects/airflow-spark-pipeline/airflow_venv/lib/python3.11/site-packages/airflow/example_dags/example_trigger_controller_dag.py for tasks to queue
[2026-03-18T07:25:45.215+0000] {logging_mixin.py:190} INFO - [2026-03-18T07:25:45.214+0000] {dagbag.py:588} INFO - Filling up the DagBag from /home/komal/data-engineering-projects/airflow-spark-pipeline/airflow_venv/lib/python3.11/site-packages/airflow/example_dags/example_trigger_controller_dag.py
[2026-03-18T07:25:45.229+0000] {processor.py:925} INFO - DAG(s) 'example_trigger_controller_dag' retrieved from /home/komal/data-engineering-projects/airflow-spark-pipeline/airflow_venv/lib/python3.11/site-packages/airflow/example_dags/example_trigger_controller_dag.py
[2026-03-18T07:25:45.256+0000] {logging_mixin.py:190} INFO - [2026-03-18T07:25:45.256+0000] {dag.py:3239} INFO - Sync 1 DAGs
[2026-03-18T07:25:45.285+0000] {logging_mixin.py:190} INFO - [2026-03-18T07:25:45.285+0000] {dag.py:4180} INFO - Setting next_dagrun for example_trigger_controller_dag to 2021-01-01 00:00:00+00:00, run_after=2021-01-01 00:00:00+00:00
[2026-03-18T07:25:45.322+0000] {processor.py:208} INFO - Processing /home/komal/data-engineering-projects/airflow-spark-pipeline/airflow_venv/lib/python3.11/site-packages/airflow/example_dags/example_trigger_controller_dag.py took 0.157 seconds
[2026-03-18T07:26:12.498+0000] {processor.py:186} INFO - Started process (PID=32650) to work on /home/komal/data-engineering-projects/airflow-spark-pipeline/airflow_venv/lib/python3.11/site-packages/airflow/example_dags/example_trigger_controller_dag.py
[2026-03-18T07:26:12.531+0000] {processor.py:914} INFO - Processing file /home/komal/data-engineering-projects/airflow-spark-pipeline/airflow_venv/lib/python3.11/site-packages/airflow/example_dags/example_trigger_controller_dag.py for tasks to queue
[2026-03-18T07:26:12.535+0000] {logging_mixin.py:190} INFO - [2026-03-18T07:26:12.534+0000] {dagbag.py:588} INFO - Filling up the DagBag from /home/komal/data-engineering-projects/airflow-spark-pipeline/airflow_venv/lib/python3.11/site-packages/airflow/example_dags/example_trigger_controller_dag.py
[2026-03-18T07:26:12.543+0000] {processor.py:925} INFO - DAG(s) 'example_trigger_controller_dag' retrieved from /home/komal/data-engineering-projects/airflow-spark-pipeline/airflow_venv/lib/python3.11/site-packages/airflow/example_dags/example_trigger_controller_dag.py
[2026-03-18T07:26:12.566+0000] {logging_mixin.py:190} INFO - [2026-03-18T07:26:12.566+0000] {dag.py:3239} INFO - Sync 1 DAGs
[2026-03-18T07:26:12.591+0000] {logging_mixin.py:190} INFO - [2026-03-18T07:26:12.591+0000] {dag.py:4180} INFO - Setting next_dagrun for example_trigger_controller_dag to 2021-01-01 00:00:00+00:00, run_after=2021-01-01 00:00:00+00:00
[2026-03-18T07:26:12.625+0000] {processor.py:208} INFO - Processing /home/komal/data-engineering-projects/airflow-spark-pipeline/airflow_venv/lib/python3.11/site-packages/airflow/example_dags/example_trigger_controller_dag.py took 0.134 seconds
[2026-03-18T07:27:19.824+0000] {processor.py:186} INFO - Started process (PID=32716) to work on /home/komal/data-engineering-projects/airflow-spark-pipeline/airflow_venv/lib/python3.11/site-packages/airflow/example_dags/example_trigger_controller_dag.py
[2026-03-18T07:27:19.856+0000] {processor.py:914} INFO - Processing file /home/komal/data-engineering-projects/airflow-spark-pipeline/airflow_venv/lib/python3.11/site-packages/airflow/example_dags/example_trigger_controller_dag.py for tasks to queue
[2026-03-18T07:27:19.859+0000] {logging_mixin.py:190} INFO - [2026-03-18T07:27:19.859+0000] {dagbag.py:588} INFO - Filling up the DagBag from /home/komal/data-engineering-projects/airflow-spark-pipeline/airflow_venv/lib/python3.11/site-packages/airflow/example_dags/example_trigger_controller_dag.py
[2026-03-18T07:27:19.869+0000] {processor.py:925} INFO - DAG(s) 'example_trigger_controller_dag' retrieved from /home/komal/data-engineering-projects/airflow-spark-pipeline/airflow_venv/lib/python3.11/site-packages/airflow/example_dags/example_trigger_controller_dag.py
[2026-03-18T07:27:19.885+0000] {logging_mixin.py:190} INFO - [2026-03-18T07:27:19.885+0000] {dag.py:3239} INFO - Sync 1 DAGs
[2026-03-18T07:27:19.906+0000] {logging_mixin.py:190} INFO - [2026-03-18T07:27:19.906+0000] {dag.py:4180} INFO - Setting next_dagrun for example_trigger_controller_dag to 2021-01-01 00:00:00+00:00, run_after=2021-01-01 00:00:00+00:00
[2026-03-18T07:27:19.958+0000] {processor.py:208} INFO - Processing /home/komal/data-engineering-projects/airflow-spark-pipeline/airflow_venv/lib/python3.11/site-packages/airflow/example_dags/example_trigger_controller_dag.py took 0.142 seconds
[2026-03-18T07:27:57.869+0000] {processor.py:186} INFO - Started process (PID=32751) to work on /home/komal/data-engineering-projects/airflow-spark-pipeline/airflow_venv/lib/python3.11/site-packages/airflow/example_dags/example_trigger_controller_dag.py
[2026-03-18T07:27:57.901+0000] {processor.py:914} INFO - Processing file /home/komal/data-engineering-projects/airflow-spark-pipeline/airflow_venv/lib/python3.11/site-packages/airflow/example_dags/example_trigger_controller_dag.py for tasks to queue
[2026-03-18T07:27:57.905+0000] {logging_mixin.py:190} INFO - [2026-03-18T07:27:57.904+0000] {dagbag.py:588} INFO - Filling up the DagBag from /home/komal/data-engineering-projects/airflow-spark-pipeline/airflow_venv/lib/python3.11/site-packages/airflow/example_dags/example_trigger_controller_dag.py
[2026-03-18T07:27:57.915+0000] {processor.py:925} INFO - DAG(s) 'example_trigger_controller_dag' retrieved from /home/komal/data-engineering-projects/airflow-spark-pipeline/airflow_venv/lib/python3.11/site-packages/airflow/example_dags/example_trigger_controller_dag.py
[2026-03-18T07:27:57.933+0000] {logging_mixin.py:190} INFO - [2026-03-18T07:27:57.933+0000] {dag.py:3239} INFO - Sync 1 DAGs
[2026-03-18T07:27:57.957+0000] {logging_mixin.py:190} INFO - [2026-03-18T07:27:57.957+0000] {dag.py:4180} INFO - Setting next_dagrun for example_trigger_controller_dag to 2021-01-01 00:00:00+00:00, run_after=2021-01-01 00:00:00+00:00
[2026-03-18T07:27:57.999+0000] {processor.py:208} INFO - Processing /home/komal/data-engineering-projects/airflow-spark-pipeline/airflow_venv/lib/python3.11/site-packages/airflow/example_dags/example_trigger_controller_dag.py took 0.137 seconds
[2026-03-18T07:29:09.319+0000] {processor.py:186} INFO - Started process (PID=32820) to work on /home/komal/data-engineering-projects/airflow-spark-pipeline/airflow_venv/lib/python3.11/site-packages/airflow/example_dags/example_trigger_controller_dag.py
[2026-03-18T07:29:09.352+0000] {processor.py:914} INFO - Processing file /home/komal/data-engineering-projects/airflow-spark-pipeline/airflow_venv/lib/python3.11/site-packages/airflow/example_dags/example_trigger_controller_dag.py for tasks to queue
[2026-03-18T07:29:09.360+0000] {logging_mixin.py:190} INFO - [2026-03-18T07:29:09.359+0000] {dagbag.py:588} INFO - Filling up the DagBag from /home/komal/data-engineering-projects/airflow-spark-pipeline/airflow_venv/lib/python3.11/site-packages/airflow/example_dags/example_trigger_controller_dag.py
[2026-03-18T07:29:09.376+0000] {processor.py:925} INFO - DAG(s) 'example_trigger_controller_dag' retrieved from /home/komal/data-engineering-projects/airflow-spark-pipeline/airflow_venv/lib/python3.11/site-packages/airflow/example_dags/example_trigger_controller_dag.py
[2026-03-18T07:29:09.395+0000] {logging_mixin.py:190} INFO - [2026-03-18T07:29:09.395+0000] {dag.py:3239} INFO - Sync 1 DAGs
[2026-03-18T07:29:09.419+0000] {logging_mixin.py:190} INFO - [2026-03-18T07:29:09.419+0000] {dag.py:4180} INFO - Setting next_dagrun for example_trigger_controller_dag to 2021-01-01 00:00:00+00:00, run_after=2021-01-01 00:00:00+00:00
[2026-03-18T07:29:09.451+0000] {processor.py:208} INFO - Processing /home/komal/data-engineering-projects/airflow-spark-pipeline/airflow_venv/lib/python3.11/site-packages/airflow/example_dags/example_trigger_controller_dag.py took 0.145 seconds
[2026-03-18T07:29:37.344+0000] {processor.py:186} INFO - Started process (PID=32842) to work on /home/komal/data-engineering-projects/airflow-spark-pipeline/airflow_venv/lib/python3.11/site-packages/airflow/example_dags/example_trigger_controller_dag.py
[2026-03-18T07:29:37.377+0000] {processor.py:914} INFO - Processing file /home/komal/data-engineering-projects/airflow-spark-pipeline/airflow_venv/lib/python3.11/site-packages/airflow/example_dags/example_trigger_controller_dag.py for tasks to queue
[2026-03-18T07:29:37.382+0000] {logging_mixin.py:190} INFO - [2026-03-18T07:29:37.381+0000] {dagbag.py:588} INFO - Filling up the DagBag from /home/komal/data-engineering-projects/airflow-spark-pipeline/airflow_venv/lib/python3.11/site-packages/airflow/example_dags/example_trigger_controller_dag.py
[2026-03-18T07:29:37.395+0000] {processor.py:925} INFO - DAG(s) 'example_trigger_controller_dag' retrieved from /home/komal/data-engineering-projects/airflow-spark-pipeline/airflow_venv/lib/python3.11/site-packages/airflow/example_dags/example_trigger_controller_dag.py
[2026-03-18T07:29:37.423+0000] {logging_mixin.py:190} INFO - [2026-03-18T07:29:37.423+0000] {dag.py:3239} INFO - Sync 1 DAGs
[2026-03-18T07:29:37.450+0000] {logging_mixin.py:190} INFO - [2026-03-18T07:29:37.450+0000] {dag.py:4180} INFO - Setting next_dagrun for example_trigger_controller_dag to 2021-01-01 00:00:00+00:00, run_after=2021-01-01 00:00:00+00:00
[2026-03-18T07:29:37.480+0000] {processor.py:208} INFO - Processing /home/komal/data-engineering-projects/airflow-spark-pipeline/airflow_venv/lib/python3.11/site-packages/airflow/example_dags/example_trigger_controller_dag.py took 0.147 seconds
[2026-03-18T07:30:52.864+0000] {processor.py:186} INFO - Started process (PID=32997) to work on /home/komal/data-engineering-projects/airflow-spark-pipeline/airflow_venv/lib/python3.11/site-packages/airflow/example_dags/example_trigger_controller_dag.py
[2026-03-18T07:30:52.868+0000] {processor.py:914} INFO - Processing file /home/komal/data-engineering-projects/airflow-spark-pipeline/airflow_venv/lib/python3.11/site-packages/airflow/example_dags/example_trigger_controller_dag.py for tasks to queue
[2026-03-18T07:30:52.871+0000] {logging_mixin.py:190} INFO - [2026-03-18T07:30:52.871+0000] {dagbag.py:588} INFO - Filling up the DagBag from /home/komal/data-engineering-projects/airflow-spark-pipeline/airflow_venv/lib/python3.11/site-packages/airflow/example_dags/example_trigger_controller_dag.py
[2026-03-18T07:30:52.886+0000] {processor.py:925} INFO - DAG(s) 'example_trigger_controller_dag' retrieved from /home/komal/data-engineering-projects/airflow-spark-pipeline/airflow_venv/lib/python3.11/site-packages/airflow/example_dags/example_trigger_controller_dag.py
[2026-03-18T07:30:52.906+0000] {logging_mixin.py:190} INFO - [2026-03-18T07:30:52.906+0000] {dag.py:3239} INFO - Sync 1 DAGs
[2026-03-18T07:30:52.931+0000] {logging_mixin.py:190} INFO - [2026-03-18T07:30:52.931+0000] {dag.py:4180} INFO - Setting next_dagrun for example_trigger_controller_dag to 2021-01-01 00:00:00+00:00, run_after=2021-01-01 00:00:00+00:00
[2026-03-18T07:30:52.965+0000] {processor.py:208} INFO - Processing /home/komal/data-engineering-projects/airflow-spark-pipeline/airflow_venv/lib/python3.11/site-packages/airflow/example_dags/example_trigger_controller_dag.py took 0.109 seconds
[2026-03-18T07:31:38.478+0000] {processor.py:186} INFO - Started process (PID=33040) to work on /home/komal/data-engineering-projects/airflow-spark-pipeline/airflow_venv/lib/python3.11/site-packages/airflow/example_dags/example_trigger_controller_dag.py
[2026-03-18T07:31:38.512+0000] {processor.py:914} INFO - Processing file /home/komal/data-engineering-projects/airflow-spark-pipeline/airflow_venv/lib/python3.11/site-packages/airflow/example_dags/example_trigger_controller_dag.py for tasks to queue
[2026-03-18T07:31:38.517+0000] {logging_mixin.py:190} INFO - [2026-03-18T07:31:38.516+0000] {dagbag.py:588} INFO - Filling up the DagBag from /home/komal/data-engineering-projects/airflow-spark-pipeline/airflow_venv/lib/python3.11/site-packages/airflow/example_dags/example_trigger_controller_dag.py
[2026-03-18T07:31:38.529+0000] {processor.py:925} INFO - DAG(s) 'example_trigger_controller_dag' retrieved from /home/komal/data-engineering-projects/airflow-spark-pipeline/airflow_venv/lib/python3.11/site-packages/airflow/example_dags/example_trigger_controller_dag.py
[2026-03-18T07:31:38.552+0000] {logging_mixin.py:190} INFO - [2026-03-18T07:31:38.552+0000] {dag.py:3239} INFO - Sync 1 DAGs
[2026-03-18T07:31:38.575+0000] {logging_mixin.py:190} INFO - [2026-03-18T07:31:38.575+0000] {dag.py:4180} INFO - Setting next_dagrun for example_trigger_controller_dag to 2021-01-01 00:00:00+00:00, run_after=2021-01-01 00:00:00+00:00
[2026-03-18T07:31:38.607+0000] {processor.py:208} INFO - Processing /home/komal/data-engineering-projects/airflow-spark-pipeline/airflow_venv/lib/python3.11/site-packages/airflow/example_dags/example_trigger_controller_dag.py took 0.137 seconds
[2026-03-18T07:32:52.940+0000] {processor.py:186} INFO - Started process (PID=33105) to work on /home/komal/data-engineering-projects/airflow-spark-pipeline/airflow_venv/lib/python3.11/site-packages/airflow/example_dags/example_trigger_controller_dag.py
[2026-03-18T07:32:52.943+0000] {processor.py:914} INFO - Processing file /home/komal/data-engineering-projects/airflow-spark-pipeline/airflow_venv/lib/python3.11/site-packages/airflow/example_dags/example_trigger_controller_dag.py for tasks to queue
[2026-03-18T07:32:52.946+0000] {logging_mixin.py:190} INFO - [2026-03-18T07:32:52.946+0000] {dagbag.py:588} INFO - Filling up the DagBag from /home/komal/data-engineering-projects/airflow-spark-pipeline/airflow_venv/lib/python3.11/site-packages/airflow/example_dags/example_trigger_controller_dag.py
[2026-03-18T07:32:52.958+0000] {processor.py:925} INFO - DAG(s) 'example_trigger_controller_dag' retrieved from /home/komal/data-engineering-projects/airflow-spark-pipeline/airflow_venv/lib/python3.11/site-packages/airflow/example_dags/example_trigger_controller_dag.py
[2026-03-18T07:32:52.978+0000] {logging_mixin.py:190} INFO - [2026-03-18T07:32:52.978+0000] {dag.py:3239} INFO - Sync 1 DAGs
[2026-03-18T07:32:53.000+0000] {logging_mixin.py:190} INFO - [2026-03-18T07:32:53.000+0000] {dag.py:4180} INFO - Setting next_dagrun for example_trigger_controller_dag to 2021-01-01 00:00:00+00:00, run_after=2021-01-01 00:00:00+00:00
[2026-03-18T07:32:53.047+0000] {processor.py:208} INFO - Processing /home/komal/data-engineering-projects/airflow-spark-pipeline/airflow_venv/lib/python3.11/site-packages/airflow/example_dags/example_trigger_controller_dag.py took 0.119 seconds
[2026-03-18T07:33:33.121+0000] {processor.py:186} INFO - Started process (PID=33145) to work on /home/komal/data-engineering-projects/airflow-spark-pipeline/airflow_venv/lib/python3.11/site-packages/airflow/example_dags/example_trigger_controller_dag.py
[2026-03-18T07:33:33.139+0000] {processor.py:914} INFO - Processing file /home/komal/data-engineering-projects/airflow-spark-pipeline/airflow_venv/lib/python3.11/site-packages/airflow/example_dags/example_trigger_controller_dag.py for tasks to queue
[2026-03-18T07:33:33.144+0000] {logging_mixin.py:190} INFO - [2026-03-18T07:33:33.144+0000] {dagbag.py:588} INFO - Filling up the DagBag from /home/komal/data-engineering-projects/airflow-spark-pipeline/airflow_venv/lib/python3.11/site-packages/airflow/example_dags/example_trigger_controller_dag.py
[2026-03-18T07:33:33.156+0000] {processor.py:925} INFO - DAG(s) 'example_trigger_controller_dag' retrieved from /home/komal/data-engineering-projects/airflow-spark-pipeline/airflow_venv/lib/python3.11/site-packages/airflow/example_dags/example_trigger_controller_dag.py
[2026-03-18T07:33:33.173+0000] {logging_mixin.py:190} INFO - [2026-03-18T07:33:33.173+0000] {dag.py:3239} INFO - Sync 1 DAGs
[2026-03-18T07:33:33.197+0000] {logging_mixin.py:190} INFO - [2026-03-18T07:33:33.196+0000] {dag.py:4180} INFO - Setting next_dagrun for example_trigger_controller_dag to 2021-01-01 00:00:00+00:00, run_after=2021-01-01 00:00:00+00:00
[2026-03-18T07:33:33.231+0000] {processor.py:208} INFO - Processing /home/komal/data-engineering-projects/airflow-spark-pipeline/airflow_venv/lib/python3.11/site-packages/airflow/example_dags/example_trigger_controller_dag.py took 0.118 seconds
[2026-03-18T07:34:15.198+0000] {processor.py:186} INFO - Started process (PID=33184) to work on /home/komal/data-engineering-projects/airflow-spark-pipeline/airflow_venv/lib/python3.11/site-packages/airflow/example_dags/example_trigger_controller_dag.py
[2026-03-18T07:34:15.212+0000] {processor.py:914} INFO - Processing file /home/komal/data-engineering-projects/airflow-spark-pipeline/airflow_venv/lib/python3.11/site-packages/airflow/example_dags/example_trigger_controller_dag.py for tasks to queue
[2026-03-18T07:34:15.217+0000] {logging_mixin.py:190} INFO - [2026-03-18T07:34:15.216+0000] {dagbag.py:588} INFO - Filling up the DagBag from /home/komal/data-engineering-projects/airflow-spark-pipeline/airflow_venv/lib/python3.11/site-packages/airflow/example_dags/example_trigger_controller_dag.py
[2026-03-18T07:34:15.230+0000] {processor.py:925} INFO - DAG(s) 'example_trigger_controller_dag' retrieved from /home/komal/data-engineering-projects/airflow-spark-pipeline/airflow_venv/lib/python3.11/site-packages/airflow/example_dags/example_trigger_controller_dag.py
[2026-03-18T07:34:15.253+0000] {logging_mixin.py:190} INFO - [2026-03-18T07:34:15.252+0000] {dag.py:3239} INFO - Sync 1 DAGs
[2026-03-18T07:34:15.280+0000] {logging_mixin.py:190} INFO - [2026-03-18T07:34:15.280+0000] {dag.py:4180} INFO - Setting next_dagrun for example_trigger_controller_dag to 2021-01-01 00:00:00+00:00, run_after=2021-01-01 00:00:00+00:00
[2026-03-18T07:34:15.318+0000] {processor.py:208} INFO - Processing /home/komal/data-engineering-projects/airflow-spark-pipeline/airflow_venv/lib/python3.11/site-packages/airflow/example_dags/example_trigger_controller_dag.py took 0.129 seconds
[2026-03-18T07:35:27.642+0000] {processor.py:186} INFO - Started process (PID=33309) to work on /home/komal/data-engineering-projects/airflow-spark-pipeline/airflow_venv/lib/python3.11/site-packages/airflow/example_dags/example_trigger_controller_dag.py
[2026-03-18T07:35:27.676+0000] {processor.py:914} INFO - Processing file /home/komal/data-engineering-projects/airflow-spark-pipeline/airflow_venv/lib/python3.11/site-packages/airflow/example_dags/example_trigger_controller_dag.py for tasks to queue
[2026-03-18T07:35:27.680+0000] {logging_mixin.py:190} INFO - [2026-03-18T07:35:27.679+0000] {dagbag.py:588} INFO - Filling up the DagBag from /home/komal/data-engineering-projects/airflow-spark-pipeline/airflow_venv/lib/python3.11/site-packages/airflow/example_dags/example_trigger_controller_dag.py
[2026-03-18T07:35:27.696+0000] {processor.py:925} INFO - DAG(s) 'example_trigger_controller_dag' retrieved from /home/komal/data-engineering-projects/airflow-spark-pipeline/airflow_venv/lib/python3.11/site-packages/airflow/example_dags/example_trigger_controller_dag.py
[2026-03-18T07:35:27.726+0000] {logging_mixin.py:190} INFO - [2026-03-18T07:35:27.725+0000] {dag.py:3239} INFO - Sync 1 DAGs
[2026-03-18T07:35:27.773+0000] {logging_mixin.py:190} INFO - [2026-03-18T07:35:27.773+0000] {dag.py:4180} INFO - Setting next_dagrun for example_trigger_controller_dag to 2021-01-01 00:00:00+00:00, run_after=2021-01-01 00:00:00+00:00
[2026-03-18T07:35:27.823+0000] {processor.py:208} INFO - Processing /home/komal/data-engineering-projects/airflow-spark-pipeline/airflow_venv/lib/python3.11/site-packages/airflow/example_dags/example_trigger_controller_dag.py took 0.191 seconds
[2026-03-18T07:36:38.079+0000] {processor.py:186} INFO - Started process (PID=33376) to work on /home/komal/data-engineering-projects/airflow-spark-pipeline/airflow_venv/lib/python3.11/site-packages/airflow/example_dags/example_trigger_controller_dag.py
[2026-03-18T07:36:38.090+0000] {processor.py:914} INFO - Processing file /home/komal/data-engineering-projects/airflow-spark-pipeline/airflow_venv/lib/python3.11/site-packages/airflow/example_dags/example_trigger_controller_dag.py for tasks to queue
[2026-03-18T07:36:38.095+0000] {logging_mixin.py:190} INFO - [2026-03-18T07:36:38.095+0000] {dagbag.py:588} INFO - Filling up the DagBag from /home/komal/data-engineering-projects/airflow-spark-pipeline/airflow_venv/lib/python3.11/site-packages/airflow/example_dags/example_trigger_controller_dag.py
[2026-03-18T07:36:38.108+0000] {processor.py:925} INFO - DAG(s) 'example_trigger_controller_dag' retrieved from /home/komal/data-engineering-projects/airflow-spark-pipeline/airflow_venv/lib/python3.11/site-packages/airflow/example_dags/example_trigger_controller_dag.py
[2026-03-18T07:36:38.134+0000] {logging_mixin.py:190} INFO - [2026-03-18T07:36:38.133+0000] {dag.py:3239} INFO - Sync 1 DAGs
[2026-03-18T07:36:38.156+0000] {logging_mixin.py:190} INFO - [2026-03-18T07:36:38.156+0000] {dag.py:4180} INFO - Setting next_dagrun for example_trigger_controller_dag to 2021-01-01 00:00:00+00:00, run_after=2021-01-01 00:00:00+00:00
[2026-03-18T07:36:38.198+0000] {processor.py:208} INFO - Processing /home/komal/data-engineering-projects/airflow-spark-pipeline/airflow_venv/lib/python3.11/site-packages/airflow/example_dags/example_trigger_controller_dag.py took 0.131 seconds
[2026-03-18T07:37:59.493+0000] {processor.py:186} INFO - Started process (PID=33450) to work on /home/komal/data-engineering-projects/airflow-spark-pipeline/airflow_venv/lib/python3.11/site-packages/airflow/example_dags/example_trigger_controller_dag.py
[2026-03-18T07:37:59.526+0000] {processor.py:914} INFO - Processing file /home/komal/data-engineering-projects/airflow-spark-pipeline/airflow_venv/lib/python3.11/site-packages/airflow/example_dags/example_trigger_controller_dag.py for tasks to queue
[2026-03-18T07:37:59.533+0000] {logging_mixin.py:190} INFO - [2026-03-18T07:37:59.532+0000] {dagbag.py:588} INFO - Filling up the DagBag from /home/komal/data-engineering-projects/airflow-spark-pipeline/airflow_venv/lib/python3.11/site-packages/airflow/example_dags/example_trigger_controller_dag.py
[2026-03-18T07:37:59.546+0000] {processor.py:925} INFO - DAG(s) 'example_trigger_controller_dag' retrieved from /home/komal/data-engineering-projects/airflow-spark-pipeline/airflow_venv/lib/python3.11/site-packages/airflow/example_dags/example_trigger_controller_dag.py
[2026-03-18T07:37:59.569+0000] {logging_mixin.py:190} INFO - [2026-03-18T07:37:59.569+0000] {dag.py:3239} INFO - Sync 1 DAGs
[2026-03-18T07:37:59.593+0000] {logging_mixin.py:190} INFO - [2026-03-18T07:37:59.593+0000] {dag.py:4180} INFO - Setting next_dagrun for example_trigger_controller_dag to 2021-01-01 00:00:00+00:00, run_after=2021-01-01 00:00:00+00:00
[2026-03-18T07:37:59.630+0000] {processor.py:208} INFO - Processing /home/komal/data-engineering-projects/airflow-spark-pipeline/airflow_venv/lib/python3.11/site-packages/airflow/example_dags/example_trigger_controller_dag.py took 0.144 seconds
[2026-03-18T07:39:10.050+0000] {processor.py:186} INFO - Started process (PID=33590) to work on /home/komal/data-engineering-projects/airflow-spark-pipeline/airflow_venv/lib/python3.11/site-packages/airflow/example_dags/example_trigger_controller_dag.py
[2026-03-18T07:39:10.082+0000] {processor.py:914} INFO - Processing file /home/komal/data-engineering-projects/airflow-spark-pipeline/airflow_venv/lib/python3.11/site-packages/airflow/example_dags/example_trigger_controller_dag.py for tasks to queue
[2026-03-18T07:39:10.085+0000] {logging_mixin.py:190} INFO - [2026-03-18T07:39:10.085+0000] {dagbag.py:588} INFO - Filling up the DagBag from /home/komal/data-engineering-projects/airflow-spark-pipeline/airflow_venv/lib/python3.11/site-packages/airflow/example_dags/example_trigger_controller_dag.py
[2026-03-18T07:39:10.095+0000] {processor.py:925} INFO - DAG(s) 'example_trigger_controller_dag' retrieved from /home/komal/data-engineering-projects/airflow-spark-pipeline/airflow_venv/lib/python3.11/site-packages/airflow/example_dags/example_trigger_controller_dag.py
[2026-03-18T07:39:10.114+0000] {logging_mixin.py:190} INFO - [2026-03-18T07:39:10.114+0000] {dag.py:3239} INFO - Sync 1 DAGs
[2026-03-18T07:39:10.143+0000] {logging_mixin.py:190} INFO - [2026-03-18T07:39:10.143+0000] {dag.py:4180} INFO - Setting next_dagrun for example_trigger_controller_dag to 2021-01-01 00:00:00+00:00, run_after=2021-01-01 00:00:00+00:00
[2026-03-18T07:39:10.198+0000] {processor.py:208} INFO - Processing /home/komal/data-engineering-projects/airflow-spark-pipeline/airflow_venv/lib/python3.11/site-packages/airflow/example_dags/example_trigger_controller_dag.py took 0.155 seconds
[2026-03-18T07:40:21.776+0000] {processor.py:186} INFO - Started process (PID=33658) to work on /home/komal/data-engineering-projects/airflow-spark-pipeline/airflow_venv/lib/python3.11/site-packages/airflow/example_dags/example_trigger_controller_dag.py
[2026-03-18T07:40:21.810+0000] {processor.py:914} INFO - Processing file /home/komal/data-engineering-projects/airflow-spark-pipeline/airflow_venv/lib/python3.11/site-packages/airflow/example_dags/example_trigger_controller_dag.py for tasks to queue
[2026-03-18T07:40:21.816+0000] {logging_mixin.py:190} INFO - [2026-03-18T07:40:21.815+0000] {dagbag.py:588} INFO - Filling up the DagBag from /home/komal/data-engineering-projects/airflow-spark-pipeline/airflow_venv/lib/python3.11/site-packages/airflow/example_dags/example_trigger_controller_dag.py
[2026-03-18T07:40:21.829+0000] {processor.py:925} INFO - DAG(s) 'example_trigger_controller_dag' retrieved from /home/komal/data-engineering-projects/airflow-spark-pipeline/airflow_venv/lib/python3.11/site-packages/airflow/example_dags/example_trigger_controller_dag.py
[2026-03-18T07:40:21.846+0000] {logging_mixin.py:190} INFO - [2026-03-18T07:40:21.846+0000] {dag.py:3239} INFO - Sync 1 DAGs
[2026-03-18T07:40:21.867+0000] {logging_mixin.py:190} INFO - [2026-03-18T07:40:21.867+0000] {dag.py:4180} INFO - Setting next_dagrun for example_trigger_controller_dag to 2021-01-01 00:00:00+00:00, run_after=2021-01-01 00:00:00+00:00
[2026-03-18T07:40:21.902+0000] {processor.py:208} INFO - Processing /home/komal/data-engineering-projects/airflow-spark-pipeline/airflow_venv/lib/python3.11/site-packages/airflow/example_dags/example_trigger_controller_dag.py took 0.137 seconds
[2026-03-18T07:41:36.802+0000] {processor.py:186} INFO - Started process (PID=33726) to work on /home/komal/data-engineering-projects/airflow-spark-pipeline/airflow_venv/lib/python3.11/site-packages/airflow/example_dags/example_trigger_controller_dag.py
[2026-03-18T07:41:36.830+0000] {processor.py:914} INFO - Processing file /home/komal/data-engineering-projects/airflow-spark-pipeline/airflow_venv/lib/python3.11/site-packages/airflow/example_dags/example_trigger_controller_dag.py for tasks to queue
[2026-03-18T07:41:36.835+0000] {logging_mixin.py:190} INFO - [2026-03-18T07:41:36.834+0000] {dagbag.py:588} INFO - Filling up the DagBag from /home/komal/data-engineering-projects/airflow-spark-pipeline/airflow_venv/lib/python3.11/site-packages/airflow/example_dags/example_trigger_controller_dag.py
[2026-03-18T07:41:36.847+0000] {processor.py:925} INFO - DAG(s) 'example_trigger_controller_dag' retrieved from /home/komal/data-engineering-projects/airflow-spark-pipeline/airflow_venv/lib/python3.11/site-packages/airflow/example_dags/example_trigger_controller_dag.py
[2026-03-18T07:41:36.868+0000] {logging_mixin.py:190} INFO - [2026-03-18T07:41:36.868+0000] {dag.py:3239} INFO - Sync 1 DAGs
[2026-03-18T07:41:36.890+0000] {logging_mixin.py:190} INFO - [2026-03-18T07:41:36.890+0000] {dag.py:4180} INFO - Setting next_dagrun for example_trigger_controller_dag to 2021-01-01 00:00:00+00:00, run_after=2021-01-01 00:00:00+00:00
[2026-03-18T07:41:36.930+0000] {processor.py:208} INFO - Processing /home/komal/data-engineering-projects/airflow-spark-pipeline/airflow_venv/lib/python3.11/site-packages/airflow/example_dags/example_trigger_controller_dag.py took 0.139 seconds
[2026-03-18T07:42:13.514+0000] {processor.py:186} INFO - Started process (PID=33759) to work on /home/komal/data-engineering-projects/airflow-spark-pipeline/airflow_venv/lib/python3.11/site-packages/airflow/example_dags/example_trigger_controller_dag.py
[2026-03-18T07:42:13.523+0000] {processor.py:914} INFO - Processing file /home/komal/data-engineering-projects/airflow-spark-pipeline/airflow_venv/lib/python3.11/site-packages/airflow/example_dags/example_trigger_controller_dag.py for tasks to queue
[2026-03-18T07:42:13.526+0000] {logging_mixin.py:190} INFO - [2026-03-18T07:42:13.526+0000] {dagbag.py:588} INFO - Filling up the DagBag from /home/komal/data-engineering-projects/airflow-spark-pipeline/airflow_venv/lib/python3.11/site-packages/airflow/example_dags/example_trigger_controller_dag.py
[2026-03-18T07:42:13.535+0000] {processor.py:925} INFO - DAG(s) 'example_trigger_controller_dag' retrieved from /home/komal/data-engineering-projects/airflow-spark-pipeline/airflow_venv/lib/python3.11/site-packages/airflow/example_dags/example_trigger_controller_dag.py
[2026-03-18T07:42:13.566+0000] {logging_mixin.py:190} INFO - [2026-03-18T07:42:13.566+0000] {dag.py:3239} INFO - Sync 1 DAGs
[2026-03-18T07:42:13.592+0000] {logging_mixin.py:190} INFO - [2026-03-18T07:42:13.591+0000] {dag.py:4180} INFO - Setting next_dagrun for example_trigger_controller_dag to 2021-01-01 00:00:00+00:00, run_after=2021-01-01 00:00:00+00:00
[2026-03-18T07:42:13.628+0000] {processor.py:208} INFO - Processing /home/komal/data-engineering-projects/airflow-spark-pipeline/airflow_venv/lib/python3.11/site-packages/airflow/example_dags/example_trigger_controller_dag.py took 0.123 seconds
[2026-03-18T07:43:26.472+0000] {processor.py:186} INFO - Started process (PID=33906) to work on /home/komal/data-engineering-projects/airflow-spark-pipeline/airflow_venv/lib/python3.11/site-packages/airflow/example_dags/example_trigger_controller_dag.py
[2026-03-18T07:43:26.475+0000] {processor.py:914} INFO - Processing file /home/komal/data-engineering-projects/airflow-spark-pipeline/airflow_venv/lib/python3.11/site-packages/airflow/example_dags/example_trigger_controller_dag.py for tasks to queue
[2026-03-18T07:43:26.478+0000] {logging_mixin.py:190} INFO - [2026-03-18T07:43:26.478+0000] {dagbag.py:588} INFO - Filling up the DagBag from /home/komal/data-engineering-projects/airflow-spark-pipeline/airflow_venv/lib/python3.11/site-packages/airflow/example_dags/example_trigger_controller_dag.py
[2026-03-18T07:43:26.487+0000] {processor.py:925} INFO - DAG(s) 'example_trigger_controller_dag' retrieved from /home/komal/data-engineering-projects/airflow-spark-pipeline/airflow_venv/lib/python3.11/site-packages/airflow/example_dags/example_trigger_controller_dag.py
[2026-03-18T07:43:26.512+0000] {logging_mixin.py:190} INFO - [2026-03-18T07:43:26.511+0000] {dag.py:3239} INFO - Sync 1 DAGs
[2026-03-18T07:43:26.539+0000] {logging_mixin.py:190} INFO - [2026-03-18T07:43:26.538+0000] {dag.py:4180} INFO - Setting next_dagrun for example_trigger_controller_dag to 2021-01-01 00:00:00+00:00, run_after=2021-01-01 00:00:00+00:00
[2026-03-18T07:43:26.597+0000] {processor.py:208} INFO - Processing /home/komal/data-engineering-projects/airflow-spark-pipeline/airflow_venv/lib/python3.11/site-packages/airflow/example_dags/example_trigger_controller_dag.py took 0.134 seconds
[2026-03-18T07:44:33.188+0000] {processor.py:186} INFO - Started process (PID=33971) to work on /home/komal/data-engineering-projects/airflow-spark-pipeline/airflow_venv/lib/python3.11/site-packages/airflow/example_dags/example_trigger_controller_dag.py
[2026-03-18T07:44:33.191+0000] {processor.py:914} INFO - Processing file /home/komal/data-engineering-projects/airflow-spark-pipeline/airflow_venv/lib/python3.11/site-packages/airflow/example_dags/example_trigger_controller_dag.py for tasks to queue
[2026-03-18T07:44:33.193+0000] {logging_mixin.py:190} INFO - [2026-03-18T07:44:33.192+0000] {dagbag.py:588} INFO - Filling up the DagBag from /home/komal/data-engineering-projects/airflow-spark-pipeline/airflow_venv/lib/python3.11/site-packages/airflow/example_dags/example_trigger_controller_dag.py
[2026-03-18T07:44:33.198+0000] {processor.py:925} INFO - DAG(s) 'example_trigger_controller_dag' retrieved from /home/komal/data-engineering-projects/airflow-spark-pipeline/airflow_venv/lib/python3.11/site-packages/airflow/example_dags/example_trigger_controller_dag.py
[2026-03-18T07:44:33.208+0000] {logging_mixin.py:190} INFO - [2026-03-18T07:44:33.208+0000] {dag.py:3239} INFO - Sync 1 DAGs
[2026-03-18T07:44:33.220+0000] {logging_mixin.py:190} INFO - [2026-03-18T07:44:33.219+0000] {dag.py:4180} INFO - Setting next_dagrun for example_trigger_controller_dag to 2021-01-01 00:00:00+00:00, run_after=2021-01-01 00:00:00+00:00
[2026-03-18T07:44:33.238+0000] {processor.py:208} INFO - Processing /home/komal/data-engineering-projects/airflow-spark-pipeline/airflow_venv/lib/python3.11/site-packages/airflow/example_dags/example_trigger_controller_dag.py took 0.053 seconds
[2026-03-18T07:45:43.046+0000] {processor.py:186} INFO - Started process (PID=34045) to work on /home/komal/data-engineering-projects/airflow-spark-pipeline/airflow_venv/lib/python3.11/site-packages/airflow/example_dags/example_trigger_controller_dag.py
[2026-03-18T07:45:43.052+0000] {processor.py:914} INFO - Processing file /home/komal/data-engineering-projects/airflow-spark-pipeline/airflow_venv/lib/python3.11/site-packages/airflow/example_dags/example_trigger_controller_dag.py for tasks to queue
[2026-03-18T07:45:43.054+0000] {logging_mixin.py:190} INFO - [2026-03-18T07:45:43.054+0000] {dagbag.py:588} INFO - Filling up the DagBag from /home/komal/data-engineering-projects/airflow-spark-pipeline/airflow_venv/lib/python3.11/site-packages/airflow/example_dags/example_trigger_controller_dag.py
[2026-03-18T07:45:43.063+0000] {processor.py:925} INFO - DAG(s) 'example_trigger_controller_dag' retrieved from /home/komal/data-engineering-projects/airflow-spark-pipeline/airflow_venv/lib/python3.11/site-packages/airflow/example_dags/example_trigger_controller_dag.py
[2026-03-18T07:45:43.084+0000] {logging_mixin.py:190} INFO - [2026-03-18T07:45:43.084+0000] {dag.py:3239} INFO - Sync 1 DAGs
[2026-03-18T07:45:43.111+0000] {logging_mixin.py:190} INFO - [2026-03-18T07:45:43.110+0000] {dag.py:4180} INFO - Setting next_dagrun for example_trigger_controller_dag to 2021-01-01 00:00:00+00:00, run_after=2021-01-01 00:00:00+00:00
[2026-03-18T07:45:43.145+0000] {processor.py:208} INFO - Processing /home/komal/data-engineering-projects/airflow-spark-pipeline/airflow_venv/lib/python3.11/site-packages/airflow/example_dags/example_trigger_controller_dag.py took 0.108 seconds
[2026-03-18T07:46:57.876+0000] {processor.py:186} INFO - Started process (PID=34112) to work on /home/komal/data-engineering-projects/airflow-spark-pipeline/airflow_venv/lib/python3.11/site-packages/airflow/example_dags/example_trigger_controller_dag.py
[2026-03-18T07:46:57.906+0000] {processor.py:914} INFO - Processing file /home/komal/data-engineering-projects/airflow-spark-pipeline/airflow_venv/lib/python3.11/site-packages/airflow/example_dags/example_trigger_controller_dag.py for tasks to queue
[2026-03-18T07:46:57.911+0000] {logging_mixin.py:190} INFO - [2026-03-18T07:46:57.911+0000] {dagbag.py:588} INFO - Filling up the DagBag from /home/komal/data-engineering-projects/airflow-spark-pipeline/airflow_venv/lib/python3.11/site-packages/airflow/example_dags/example_trigger_controller_dag.py
[2026-03-18T07:46:57.926+0000] {processor.py:925} INFO - DAG(s) 'example_trigger_controller_dag' retrieved from /home/komal/data-engineering-projects/airflow-spark-pipeline/airflow_venv/lib/python3.11/site-packages/airflow/example_dags/example_trigger_controller_dag.py
[2026-03-18T07:46:57.950+0000] {logging_mixin.py:190} INFO - [2026-03-18T07:46:57.949+0000] {dag.py:3239} INFO - Sync 1 DAGs
[2026-03-18T07:46:58.146+0000] {logging_mixin.py:190} INFO - [2026-03-18T07:46:58.146+0000] {dag.py:4180} INFO - Setting next_dagrun for example_trigger_controller_dag to 2021-01-01 00:00:00+00:00, run_after=2021-01-01 00:00:00+00:00
[2026-03-18T07:46:58.183+0000] {processor.py:208} INFO - Processing /home/komal/data-engineering-projects/airflow-spark-pipeline/airflow_venv/lib/python3.11/site-packages/airflow/example_dags/example_trigger_controller_dag.py took 0.319 seconds
[2026-03-18T07:49:06.851+0000] {processor.py:186} INFO - Started process (PID=34155) to work on /home/komal/data-engineering-projects/airflow-spark-pipeline/airflow_venv/lib/python3.11/site-packages/airflow/example_dags/example_trigger_controller_dag.py
[2026-03-18T07:49:06.885+0000] {processor.py:914} INFO - Processing file /home/komal/data-engineering-projects/airflow-spark-pipeline/airflow_venv/lib/python3.11/site-packages/airflow/example_dags/example_trigger_controller_dag.py for tasks to queue
[2026-03-18T07:49:06.889+0000] {logging_mixin.py:190} INFO - [2026-03-18T07:49:06.889+0000] {dagbag.py:588} INFO - Filling up the DagBag from /home/komal/data-engineering-projects/airflow-spark-pipeline/airflow_venv/lib/python3.11/site-packages/airflow/example_dags/example_trigger_controller_dag.py
[2026-03-18T07:49:06.903+0000] {processor.py:925} INFO - DAG(s) 'example_trigger_controller_dag' retrieved from /home/komal/data-engineering-projects/airflow-spark-pipeline/airflow_venv/lib/python3.11/site-packages/airflow/example_dags/example_trigger_controller_dag.py
[2026-03-18T07:49:07.081+0000] {logging_mixin.py:190} INFO - [2026-03-18T07:49:07.081+0000] {dag.py:3239} INFO - Sync 1 DAGs
[2026-03-18T07:49:07.102+0000] {logging_mixin.py:190} INFO - [2026-03-18T07:49:07.101+0000] {dag.py:4180} INFO - Setting next_dagrun for example_trigger_controller_dag to 2021-01-01 00:00:00+00:00, run_after=2021-01-01 00:00:00+00:00
[2026-03-18T07:49:07.187+0000] {processor.py:208} INFO - Processing /home/komal/data-engineering-projects/airflow-spark-pipeline/airflow_venv/lib/python3.11/site-packages/airflow/example_dags/example_trigger_controller_dag.py took 0.346 seconds
[2026-03-18T07:50:11.924+0000] {processor.py:186} INFO - Started process (PID=34215) to work on /home/komal/data-engineering-projects/airflow-spark-pipeline/airflow_venv/lib/python3.11/site-packages/airflow/example_dags/example_trigger_controller_dag.py
[2026-03-18T07:50:11.957+0000] {processor.py:914} INFO - Processing file /home/komal/data-engineering-projects/airflow-spark-pipeline/airflow_venv/lib/python3.11/site-packages/airflow/example_dags/example_trigger_controller_dag.py for tasks to queue
[2026-03-18T07:50:11.962+0000] {logging_mixin.py:190} INFO - [2026-03-18T07:50:11.961+0000] {dagbag.py:588} INFO - Filling up the DagBag from /home/komal/data-engineering-projects/airflow-spark-pipeline/airflow_venv/lib/python3.11/site-packages/airflow/example_dags/example_trigger_controller_dag.py
[2026-03-18T07:50:11.976+0000] {processor.py:925} INFO - DAG(s) 'example_trigger_controller_dag' retrieved from /home/komal/data-engineering-projects/airflow-spark-pipeline/airflow_venv/lib/python3.11/site-packages/airflow/example_dags/example_trigger_controller_dag.py
[2026-03-18T07:50:11.997+0000] {logging_mixin.py:190} INFO - [2026-03-18T07:50:11.997+0000] {dag.py:3239} INFO - Sync 1 DAGs
[2026-03-18T07:50:12.027+0000] {logging_mixin.py:190} INFO - [2026-03-18T07:50:12.027+0000] {dag.py:4180} INFO - Setting next_dagrun for example_trigger_controller_dag to 2021-01-01 00:00:00+00:00, run_after=2021-01-01 00:00:00+00:00
[2026-03-18T07:50:12.063+0000] {processor.py:208} INFO - Processing /home/komal/data-engineering-projects/airflow-spark-pipeline/airflow_venv/lib/python3.11/site-packages/airflow/example_dags/example_trigger_controller_dag.py took 0.150 seconds
[2026-03-18T07:51:22.779+0000] {processor.py:186} INFO - Started process (PID=34306) to work on /home/komal/data-engineering-projects/airflow-spark-pipeline/airflow_venv/lib/python3.11/site-packages/airflow/example_dags/example_trigger_controller_dag.py
[2026-03-18T07:51:22.812+0000] {processor.py:914} INFO - Processing file /home/komal/data-engineering-projects/airflow-spark-pipeline/airflow_venv/lib/python3.11/site-packages/airflow/example_dags/example_trigger_controller_dag.py for tasks to queue
[2026-03-18T07:51:22.816+0000] {logging_mixin.py:190} INFO - [2026-03-18T07:51:22.815+0000] {dagbag.py:588} INFO - Filling up the DagBag from /home/komal/data-engineering-projects/airflow-spark-pipeline/airflow_venv/lib/python3.11/site-packages/airflow/example_dags/example_trigger_controller_dag.py
[2026-03-18T07:51:22.824+0000] {processor.py:925} INFO - DAG(s) 'example_trigger_controller_dag' retrieved from /home/komal/data-engineering-projects/airflow-spark-pipeline/airflow_venv/lib/python3.11/site-packages/airflow/example_dags/example_trigger_controller_dag.py
[2026-03-18T07:51:22.845+0000] {logging_mixin.py:190} INFO - [2026-03-18T07:51:22.845+0000] {dag.py:3239} INFO - Sync 1 DAGs
[2026-03-18T07:51:22.873+0000] {logging_mixin.py:190} INFO - [2026-03-18T07:51:22.873+0000] {dag.py:4180} INFO - Setting next_dagrun for example_trigger_controller_dag to 2021-01-01 00:00:00+00:00, run_after=2021-01-01 00:00:00+00:00
[2026-03-18T07:51:22.933+0000] {processor.py:208} INFO - Processing /home/komal/data-engineering-projects/airflow-spark-pipeline/airflow_venv/lib/python3.11/site-packages/airflow/example_dags/example_trigger_controller_dag.py took 0.164 seconds
[2026-03-18T07:52:36.183+0000] {processor.py:186} INFO - Started process (PID=34373) to work on /home/komal/data-engineering-projects/airflow-spark-pipeline/airflow_venv/lib/python3.11/site-packages/airflow/example_dags/example_trigger_controller_dag.py
[2026-03-18T07:52:36.185+0000] {processor.py:914} INFO - Processing file /home/komal/data-engineering-projects/airflow-spark-pipeline/airflow_venv/lib/python3.11/site-packages/airflow/example_dags/example_trigger_controller_dag.py for tasks to queue
[2026-03-18T07:52:36.189+0000] {logging_mixin.py:190} INFO - [2026-03-18T07:52:36.188+0000] {dagbag.py:588} INFO - Filling up the DagBag from /home/komal/data-engineering-projects/airflow-spark-pipeline/airflow_venv/lib/python3.11/site-packages/airflow/example_dags/example_trigger_controller_dag.py
[2026-03-18T07:52:36.198+0000] {processor.py:925} INFO - DAG(s) 'example_trigger_controller_dag' retrieved from /home/komal/data-engineering-projects/airflow-spark-pipeline/airflow_venv/lib/python3.11/site-packages/airflow/example_dags/example_trigger_controller_dag.py
[2026-03-18T07:52:36.217+0000] {logging_mixin.py:190} INFO - [2026-03-18T07:52:36.216+0000] {dag.py:3239} INFO - Sync 1 DAGs
[2026-03-18T07:52:36.244+0000] {logging_mixin.py:190} INFO - [2026-03-18T07:52:36.244+0000] {dag.py:4180} INFO - Setting next_dagrun for example_trigger_controller_dag to 2021-01-01 00:00:00+00:00, run_after=2021-01-01 00:00:00+00:00
[2026-03-18T07:52:36.282+0000] {processor.py:208} INFO - Processing /home/komal/data-engineering-projects/airflow-spark-pipeline/airflow_venv/lib/python3.11/site-packages/airflow/example_dags/example_trigger_controller_dag.py took 0.111 seconds
[2026-03-18T07:53:19.130+0000] {processor.py:186} INFO - Started process (PID=34413) to work on /home/komal/data-engineering-projects/airflow-spark-pipeline/airflow_venv/lib/python3.11/site-packages/airflow/example_dags/example_trigger_controller_dag.py
[2026-03-18T07:53:19.134+0000] {processor.py:914} INFO - Processing file /home/komal/data-engineering-projects/airflow-spark-pipeline/airflow_venv/lib/python3.11/site-packages/airflow/example_dags/example_trigger_controller_dag.py for tasks to queue
[2026-03-18T07:53:19.137+0000] {logging_mixin.py:190} INFO - [2026-03-18T07:53:19.136+0000] {dagbag.py:588} INFO - Filling up the DagBag from /home/komal/data-engineering-projects/airflow-spark-pipeline/airflow_venv/lib/python3.11/site-packages/airflow/example_dags/example_trigger_controller_dag.py
[2026-03-18T07:53:19.147+0000] {processor.py:925} INFO - DAG(s) 'example_trigger_controller_dag' retrieved from /home/komal/data-engineering-projects/airflow-spark-pipeline/airflow_venv/lib/python3.11/site-packages/airflow/example_dags/example_trigger_controller_dag.py
[2026-03-18T07:53:19.166+0000] {logging_mixin.py:190} INFO - [2026-03-18T07:53:19.166+0000] {dag.py:3239} INFO - Sync 1 DAGs
[2026-03-18T07:53:19.194+0000] {logging_mixin.py:190} INFO - [2026-03-18T07:53:19.193+0000] {dag.py:4180} INFO - Setting next_dagrun for example_trigger_controller_dag to 2021-01-01 00:00:00+00:00, run_after=2021-01-01 00:00:00+00:00
[2026-03-18T07:53:19.231+0000] {processor.py:208} INFO - Processing /home/komal/data-engineering-projects/airflow-spark-pipeline/airflow_venv/lib/python3.11/site-packages/airflow/example_dags/example_trigger_controller_dag.py took 0.111 seconds
[2026-03-18T07:54:02.249+0000] {processor.py:186} INFO - Started process (PID=34455) to work on /home/komal/data-engineering-projects/airflow-spark-pipeline/airflow_venv/lib/python3.11/site-packages/airflow/example_dags/example_trigger_controller_dag.py
[2026-03-18T07:54:02.253+0000] {processor.py:914} INFO - Processing file /home/komal/data-engineering-projects/airflow-spark-pipeline/airflow_venv/lib/python3.11/site-packages/airflow/example_dags/example_trigger_controller_dag.py for tasks to queue
[2026-03-18T07:54:02.256+0000] {logging_mixin.py:190} INFO - [2026-03-18T07:54:02.256+0000] {dagbag.py:588} INFO - Filling up the DagBag from /home/komal/data-engineering-projects/airflow-spark-pipeline/airflow_venv/lib/python3.11/site-packages/airflow/example_dags/example_trigger_controller_dag.py
[2026-03-18T07:54:02.268+0000] {processor.py:925} INFO - DAG(s) 'example_trigger_controller_dag' retrieved from /home/komal/data-engineering-projects/airflow-spark-pipeline/airflow_venv/lib/python3.11/site-packages/airflow/example_dags/example_trigger_controller_dag.py
[2026-03-18T07:54:02.290+0000] {logging_mixin.py:190} INFO - [2026-03-18T07:54:02.290+0000] {dag.py:3239} INFO - Sync 1 DAGs
[2026-03-18T07:54:02.319+0000] {logging_mixin.py:190} INFO - [2026-03-18T07:54:02.318+0000] {dag.py:4180} INFO - Setting next_dagrun for example_trigger_controller_dag to 2021-01-01 00:00:00+00:00, run_after=2021-01-01 00:00:00+00:00
[2026-03-18T07:54:02.354+0000] {processor.py:208} INFO - Processing /home/komal/data-engineering-projects/airflow-spark-pipeline/airflow_venv/lib/python3.11/site-packages/airflow/example_dags/example_trigger_controller_dag.py took 0.115 seconds
[2026-03-18T07:54:52.537+0000] {processor.py:186} INFO - Started process (PID=34500) to work on /home/komal/data-engineering-projects/airflow-spark-pipeline/airflow_venv/lib/python3.11/site-packages/airflow/example_dags/example_trigger_controller_dag.py
[2026-03-18T07:54:52.572+0000] {processor.py:914} INFO - Processing file /home/komal/data-engineering-projects/airflow-spark-pipeline/airflow_venv/lib/python3.11/site-packages/airflow/example_dags/example_trigger_controller_dag.py for tasks to queue
[2026-03-18T07:54:52.578+0000] {logging_mixin.py:190} INFO - [2026-03-18T07:54:52.577+0000] {dagbag.py:588} INFO - Filling up the DagBag from /home/komal/data-engineering-projects/airflow-spark-pipeline/airflow_venv/lib/python3.11/site-packages/airflow/example_dags/example_trigger_controller_dag.py
[2026-03-18T07:54:52.590+0000] {processor.py:925} INFO - DAG(s) 'example_trigger_controller_dag' retrieved from /home/komal/data-engineering-projects/airflow-spark-pipeline/airflow_venv/lib/python3.11/site-packages/airflow/example_dags/example_trigger_controller_dag.py
[2026-03-18T07:54:52.611+0000] {logging_mixin.py:190} INFO - [2026-03-18T07:54:52.611+0000] {dag.py:3239} INFO - Sync 1 DAGs
[2026-03-18T07:54:52.635+0000] {logging_mixin.py:190} INFO - [2026-03-18T07:54:52.634+0000] {dag.py:4180} INFO - Setting next_dagrun for example_trigger_controller_dag to 2021-01-01 00:00:00+00:00, run_after=2021-01-01 00:00:00+00:00
[2026-03-18T07:54:52.707+0000] {processor.py:208} INFO - Processing /home/komal/data-engineering-projects/airflow-spark-pipeline/airflow_venv/lib/python3.11/site-packages/airflow/example_dags/example_trigger_controller_dag.py took 0.180 seconds
[2026-03-18T07:56:06.104+0000] {processor.py:186} INFO - Started process (PID=34870) to work on /home/komal/data-engineering-projects/airflow-spark-pipeline/airflow_venv/lib/python3.11/site-packages/airflow/example_dags/example_trigger_controller_dag.py
[2026-03-18T07:56:06.137+0000] {processor.py:914} INFO - Processing file /home/komal/data-engineering-projects/airflow-spark-pipeline/airflow_venv/lib/python3.11/site-packages/airflow/example_dags/example_trigger_controller_dag.py for tasks to queue
[2026-03-18T07:56:06.142+0000] {logging_mixin.py:190} INFO - [2026-03-18T07:56:06.142+0000] {dagbag.py:588} INFO - Filling up the DagBag from /home/komal/data-engineering-projects/airflow-spark-pipeline/airflow_venv/lib/python3.11/site-packages/airflow/example_dags/example_trigger_controller_dag.py
[2026-03-18T07:56:06.155+0000] {processor.py:925} INFO - DAG(s) 'example_trigger_controller_dag' retrieved from /home/komal/data-engineering-projects/airflow-spark-pipeline/airflow_venv/lib/python3.11/site-packages/airflow/example_dags/example_trigger_controller_dag.py
[2026-03-18T07:56:06.178+0000] {logging_mixin.py:190} INFO - [2026-03-18T07:56:06.178+0000] {dag.py:3239} INFO - Sync 1 DAGs
[2026-03-18T07:56:06.210+0000] {logging_mixin.py:190} INFO - [2026-03-18T07:56:06.209+0000] {dag.py:4180} INFO - Setting next_dagrun for example_trigger_controller_dag to 2021-01-01 00:00:00+00:00, run_after=2021-01-01 00:00:00+00:00
[2026-03-18T07:56:06.248+0000] {processor.py:208} INFO - Processing /home/komal/data-engineering-projects/airflow-spark-pipeline/airflow_venv/lib/python3.11/site-packages/airflow/example_dags/example_trigger_controller_dag.py took 0.153 seconds
[2026-03-18T08:04:59.113+0000] {processor.py:186} INFO - Started process (PID=34943) to work on /home/komal/data-engineering-projects/airflow-spark-pipeline/airflow_venv/lib/python3.11/site-packages/airflow/example_dags/example_trigger_controller_dag.py
[2026-03-18T08:04:59.147+0000] {processor.py:914} INFO - Processing file /home/komal/data-engineering-projects/airflow-spark-pipeline/airflow_venv/lib/python3.11/site-packages/airflow/example_dags/example_trigger_controller_dag.py for tasks to queue
[2026-03-18T08:04:59.152+0000] {logging_mixin.py:190} INFO - [2026-03-18T08:04:59.151+0000] {dagbag.py:588} INFO - Filling up the DagBag from /home/komal/data-engineering-projects/airflow-spark-pipeline/airflow_venv/lib/python3.11/site-packages/airflow/example_dags/example_trigger_controller_dag.py
[2026-03-18T08:04:59.164+0000] {processor.py:925} INFO - DAG(s) 'example_trigger_controller_dag' retrieved from /home/komal/data-engineering-projects/airflow-spark-pipeline/airflow_venv/lib/python3.11/site-packages/airflow/example_dags/example_trigger_controller_dag.py
[2026-03-18T08:04:59.182+0000] {logging_mixin.py:190} INFO - [2026-03-18T08:04:59.182+0000] {dag.py:3239} INFO - Sync 1 DAGs
[2026-03-18T08:04:59.206+0000] {logging_mixin.py:190} INFO - [2026-03-18T08:04:59.206+0000] {dag.py:4180} INFO - Setting next_dagrun for example_trigger_controller_dag to 2021-01-01 00:00:00+00:00, run_after=2021-01-01 00:00:00+00:00
[2026-03-18T08:04:59.241+0000] {processor.py:208} INFO - Processing /home/komal/data-engineering-projects/airflow-spark-pipeline/airflow_venv/lib/python3.11/site-packages/airflow/example_dags/example_trigger_controller_dag.py took 0.138 seconds
[2026-03-18T08:05:45.596+0000] {processor.py:186} INFO - Started process (PID=34990) to work on /home/komal/data-engineering-projects/airflow-spark-pipeline/airflow_venv/lib/python3.11/site-packages/airflow/example_dags/example_trigger_controller_dag.py
[2026-03-18T08:05:45.629+0000] {processor.py:914} INFO - Processing file /home/komal/data-engineering-projects/airflow-spark-pipeline/airflow_venv/lib/python3.11/site-packages/airflow/example_dags/example_trigger_controller_dag.py for tasks to queue
[2026-03-18T08:05:45.632+0000] {logging_mixin.py:190} INFO - [2026-03-18T08:05:45.632+0000] {dagbag.py:588} INFO - Filling up the DagBag from /home/komal/data-engineering-projects/airflow-spark-pipeline/airflow_venv/lib/python3.11/site-packages/airflow/example_dags/example_trigger_controller_dag.py
[2026-03-18T08:05:45.643+0000] {processor.py:925} INFO - DAG(s) 'example_trigger_controller_dag' retrieved from /home/komal/data-engineering-projects/airflow-spark-pipeline/airflow_venv/lib/python3.11/site-packages/airflow/example_dags/example_trigger_controller_dag.py
[2026-03-18T08:05:45.663+0000] {logging_mixin.py:190} INFO - [2026-03-18T08:05:45.662+0000] {dag.py:3239} INFO - Sync 1 DAGs
[2026-03-18T08:05:45.692+0000] {logging_mixin.py:190} INFO - [2026-03-18T08:05:45.692+0000] {dag.py:4180} INFO - Setting next_dagrun for example_trigger_controller_dag to 2021-01-01 00:00:00+00:00, run_after=2021-01-01 00:00:00+00:00
[2026-03-18T08:05:45.731+0000] {processor.py:208} INFO - Processing /home/komal/data-engineering-projects/airflow-spark-pipeline/airflow_venv/lib/python3.11/site-packages/airflow/example_dags/example_trigger_controller_dag.py took 0.144 seconds
[2026-03-18T08:06:55.808+0000] {processor.py:186} INFO - Started process (PID=35055) to work on /home/komal/data-engineering-projects/airflow-spark-pipeline/airflow_venv/lib/python3.11/site-packages/airflow/example_dags/example_trigger_controller_dag.py
[2026-03-18T08:06:55.842+0000] {processor.py:914} INFO - Processing file /home/komal/data-engineering-projects/airflow-spark-pipeline/airflow_venv/lib/python3.11/site-packages/airflow/example_dags/example_trigger_controller_dag.py for tasks to queue
[2026-03-18T08:06:55.847+0000] {logging_mixin.py:190} INFO - [2026-03-18T08:06:55.846+0000] {dagbag.py:588} INFO - Filling up the DagBag from /home/komal/data-engineering-projects/airflow-spark-pipeline/airflow_venv/lib/python3.11/site-packages/airflow/example_dags/example_trigger_controller_dag.py
[2026-03-18T08:06:55.864+0000] {processor.py:925} INFO - DAG(s) 'example_trigger_controller_dag' retrieved from /home/komal/data-engineering-projects/airflow-spark-pipeline/airflow_venv/lib/python3.11/site-packages/airflow/example_dags/example_trigger_controller_dag.py
[2026-03-18T08:06:55.887+0000] {logging_mixin.py:190} INFO - [2026-03-18T08:06:55.887+0000] {dag.py:3239} INFO - Sync 1 DAGs
[2026-03-18T08:06:55.914+0000] {logging_mixin.py:190} INFO - [2026-03-18T08:06:55.914+0000] {dag.py:4180} INFO - Setting next_dagrun for example_trigger_controller_dag to 2021-01-01 00:00:00+00:00, run_after=2021-01-01 00:00:00+00:00
[2026-03-18T08:06:56.205+0000] {processor.py:208} INFO - Processing /home/komal/data-engineering-projects/airflow-spark-pipeline/airflow_venv/lib/python3.11/site-packages/airflow/example_dags/example_trigger_controller_dag.py took 0.405 seconds
[2026-03-18T08:08:11.510+0000] {processor.py:186} INFO - Started process (PID=35122) to work on /home/komal/data-engineering-projects/airflow-spark-pipeline/airflow_venv/lib/python3.11/site-packages/airflow/example_dags/example_trigger_controller_dag.py
[2026-03-18T08:08:11.543+0000] {processor.py:914} INFO - Processing file /home/komal/data-engineering-projects/airflow-spark-pipeline/airflow_venv/lib/python3.11/site-packages/airflow/example_dags/example_trigger_controller_dag.py for tasks to queue
[2026-03-18T08:08:11.547+0000] {logging_mixin.py:190} INFO - [2026-03-18T08:08:11.546+0000] {dagbag.py:588} INFO - Filling up the DagBag from /home/komal/data-engineering-projects/airflow-spark-pipeline/airflow_venv/lib/python3.11/site-packages/airflow/example_dags/example_trigger_controller_dag.py
[2026-03-18T08:08:11.556+0000] {processor.py:925} INFO - DAG(s) 'example_trigger_controller_dag' retrieved from /home/komal/data-engineering-projects/airflow-spark-pipeline/airflow_venv/lib/python3.11/site-packages/airflow/example_dags/example_trigger_controller_dag.py
[2026-03-18T08:08:11.574+0000] {logging_mixin.py:190} INFO - [2026-03-18T08:08:11.573+0000] {dag.py:3239} INFO - Sync 1 DAGs
[2026-03-18T08:08:11.604+0000] {logging_mixin.py:190} INFO - [2026-03-18T08:08:11.604+0000] {dag.py:4180} INFO - Setting next_dagrun for example_trigger_controller_dag to 2021-01-01 00:00:00+00:00, run_after=2021-01-01 00:00:00+00:00
[2026-03-18T08:08:11.640+0000] {processor.py:208} INFO - Processing /home/komal/data-engineering-projects/airflow-spark-pipeline/airflow_venv/lib/python3.11/site-packages/airflow/example_dags/example_trigger_controller_dag.py took 0.139 seconds
[2026-03-18T08:09:23.078+0000] {processor.py:186} INFO - Started process (PID=35190) to work on /home/komal/data-engineering-projects/airflow-spark-pipeline/airflow_venv/lib/python3.11/site-packages/airflow/example_dags/example_trigger_controller_dag.py
[2026-03-18T08:09:23.080+0000] {processor.py:914} INFO - Processing file /home/komal/data-engineering-projects/airflow-spark-pipeline/airflow_venv/lib/python3.11/site-packages/airflow/example_dags/example_trigger_controller_dag.py for tasks to queue
[2026-03-18T08:09:23.084+0000] {logging_mixin.py:190} INFO - [2026-03-18T08:09:23.083+0000] {dagbag.py:588} INFO - Filling up the DagBag from /home/komal/data-engineering-projects/airflow-spark-pipeline/airflow_venv/lib/python3.11/site-packages/airflow/example_dags/example_trigger_controller_dag.py
[2026-03-18T08:09:23.094+0000] {processor.py:925} INFO - DAG(s) 'example_trigger_controller_dag' retrieved from /home/komal/data-engineering-projects/airflow-spark-pipeline/airflow_venv/lib/python3.11/site-packages/airflow/example_dags/example_trigger_controller_dag.py
[2026-03-18T08:09:23.117+0000] {logging_mixin.py:190} INFO - [2026-03-18T08:09:23.117+0000] {dag.py:3239} INFO - Sync 1 DAGs
[2026-03-18T08:09:23.146+0000] {logging_mixin.py:190} INFO - [2026-03-18T08:09:23.145+0000] {dag.py:4180} INFO - Setting next_dagrun for example_trigger_controller_dag to 2021-01-01 00:00:00+00:00, run_after=2021-01-01 00:00:00+00:00
[2026-03-18T08:09:23.181+0000] {processor.py:208} INFO - Processing /home/komal/data-engineering-projects/airflow-spark-pipeline/airflow_venv/lib/python3.11/site-packages/airflow/example_dags/example_trigger_controller_dag.py took 0.115 seconds
[2026-03-18T08:10:36.634+0000] {processor.py:186} INFO - Started process (PID=35260) to work on /home/komal/data-engineering-projects/airflow-spark-pipeline/airflow_venv/lib/python3.11/site-packages/airflow/example_dags/example_trigger_controller_dag.py
[2026-03-18T08:10:36.665+0000] {processor.py:914} INFO - Processing file /home/komal/data-engineering-projects/airflow-spark-pipeline/airflow_venv/lib/python3.11/site-packages/airflow/example_dags/example_trigger_controller_dag.py for tasks to queue
[2026-03-18T08:10:36.669+0000] {logging_mixin.py:190} INFO - [2026-03-18T08:10:36.668+0000] {dagbag.py:588} INFO - Filling up the DagBag from /home/komal/data-engineering-projects/airflow-spark-pipeline/airflow_venv/lib/python3.11/site-packages/airflow/example_dags/example_trigger_controller_dag.py
[2026-03-18T08:10:36.688+0000] {processor.py:925} INFO - DAG(s) 'example_trigger_controller_dag' retrieved from /home/komal/data-engineering-projects/airflow-spark-pipeline/airflow_venv/lib/python3.11/site-packages/airflow/example_dags/example_trigger_controller_dag.py
[2026-03-18T08:10:36.726+0000] {logging_mixin.py:190} INFO - [2026-03-18T08:10:36.725+0000] {dag.py:3239} INFO - Sync 1 DAGs
[2026-03-18T08:10:36.758+0000] {logging_mixin.py:190} INFO - [2026-03-18T08:10:36.757+0000] {dag.py:4180} INFO - Setting next_dagrun for example_trigger_controller_dag to 2021-01-01 00:00:00+00:00, run_after=2021-01-01 00:00:00+00:00
[2026-03-18T08:10:36.829+0000] {processor.py:208} INFO - Processing /home/komal/data-engineering-projects/airflow-spark-pipeline/airflow_venv/lib/python3.11/site-packages/airflow/example_dags/example_trigger_controller_dag.py took 0.206 seconds
[2026-03-18T08:11:13.675+0000] {processor.py:186} INFO - Started process (PID=35295) to work on /home/komal/data-engineering-projects/airflow-spark-pipeline/airflow_venv/lib/python3.11/site-packages/airflow/example_dags/example_trigger_controller_dag.py
[2026-03-18T08:11:13.707+0000] {processor.py:914} INFO - Processing file /home/komal/data-engineering-projects/airflow-spark-pipeline/airflow_venv/lib/python3.11/site-packages/airflow/example_dags/example_trigger_controller_dag.py for tasks to queue
[2026-03-18T08:11:13.713+0000] {logging_mixin.py:190} INFO - [2026-03-18T08:11:13.712+0000] {dagbag.py:588} INFO - Filling up the DagBag from /home/komal/data-engineering-projects/airflow-spark-pipeline/airflow_venv/lib/python3.11/site-packages/airflow/example_dags/example_trigger_controller_dag.py
[2026-03-18T08:11:13.724+0000] {processor.py:925} INFO - DAG(s) 'example_trigger_controller_dag' retrieved from /home/komal/data-engineering-projects/airflow-spark-pipeline/airflow_venv/lib/python3.11/site-packages/airflow/example_dags/example_trigger_controller_dag.py
[2026-03-18T08:11:13.746+0000] {logging_mixin.py:190} INFO - [2026-03-18T08:11:13.746+0000] {dag.py:3239} INFO - Sync 1 DAGs
[2026-03-18T08:11:13.774+0000] {logging_mixin.py:190} INFO - [2026-03-18T08:11:13.774+0000] {dag.py:4180} INFO - Setting next_dagrun for example_trigger_controller_dag to 2021-01-01 00:00:00+00:00, run_after=2021-01-01 00:00:00+00:00
[2026-03-18T08:11:13.805+0000] {processor.py:208} INFO - Processing /home/komal/data-engineering-projects/airflow-spark-pipeline/airflow_venv/lib/python3.11/site-packages/airflow/example_dags/example_trigger_controller_dag.py took 0.140 seconds
[2026-03-18T08:12:26.662+0000] {processor.py:186} INFO - Started process (PID=35371) to work on /home/komal/data-engineering-projects/airflow-spark-pipeline/airflow_venv/lib/python3.11/site-packages/airflow/example_dags/example_trigger_controller_dag.py
[2026-03-18T08:12:26.665+0000] {processor.py:914} INFO - Processing file /home/komal/data-engineering-projects/airflow-spark-pipeline/airflow_venv/lib/python3.11/site-packages/airflow/example_dags/example_trigger_controller_dag.py for tasks to queue
[2026-03-18T08:12:26.668+0000] {logging_mixin.py:190} INFO - [2026-03-18T08:12:26.667+0000] {dagbag.py:588} INFO - Filling up the DagBag from /home/komal/data-engineering-projects/airflow-spark-pipeline/airflow_venv/lib/python3.11/site-packages/airflow/example_dags/example_trigger_controller_dag.py
[2026-03-18T08:12:26.683+0000] {processor.py:925} INFO - DAG(s) 'example_trigger_controller_dag' retrieved from /home/komal/data-engineering-projects/airflow-spark-pipeline/airflow_venv/lib/python3.11/site-packages/airflow/example_dags/example_trigger_controller_dag.py
[2026-03-18T08:12:26.713+0000] {logging_mixin.py:190} INFO - [2026-03-18T08:12:26.713+0000] {dag.py:3239} INFO - Sync 1 DAGs
[2026-03-18T08:12:26.756+0000] {logging_mixin.py:190} INFO - [2026-03-18T08:12:26.756+0000] {dag.py:4180} INFO - Setting next_dagrun for example_trigger_controller_dag to 2021-01-01 00:00:00+00:00, run_after=2021-01-01 00:00:00+00:00
[2026-03-18T08:12:26.794+0000] {processor.py:208} INFO - Processing /home/komal/data-engineering-projects/airflow-spark-pipeline/airflow_venv/lib/python3.11/site-packages/airflow/example_dags/example_trigger_controller_dag.py took 0.145 seconds
[2026-03-18T08:14:12.211+0000] {processor.py:186} INFO - Started process (PID=35486) to work on /home/komal/data-engineering-projects/airflow-spark-pipeline/airflow_venv/lib/python3.11/site-packages/airflow/example_dags/example_trigger_controller_dag.py
[2026-03-18T08:14:12.244+0000] {processor.py:914} INFO - Processing file /home/komal/data-engineering-projects/airflow-spark-pipeline/airflow_venv/lib/python3.11/site-packages/airflow/example_dags/example_trigger_controller_dag.py for tasks to queue
[2026-03-18T08:14:12.250+0000] {logging_mixin.py:190} INFO - [2026-03-18T08:14:12.248+0000] {dagbag.py:588} INFO - Filling up the DagBag from /home/komal/data-engineering-projects/airflow-spark-pipeline/airflow_venv/lib/python3.11/site-packages/airflow/example_dags/example_trigger_controller_dag.py
[2026-03-18T08:14:12.265+0000] {processor.py:925} INFO - DAG(s) 'example_trigger_controller_dag' retrieved from /home/komal/data-engineering-projects/airflow-spark-pipeline/airflow_venv/lib/python3.11/site-packages/airflow/example_dags/example_trigger_controller_dag.py
[2026-03-18T08:14:12.295+0000] {logging_mixin.py:190} INFO - [2026-03-18T08:14:12.295+0000] {dag.py:3239} INFO - Sync 1 DAGs
[2026-03-18T08:14:12.327+0000] {logging_mixin.py:190} INFO - [2026-03-18T08:14:12.327+0000] {dag.py:4180} INFO - Setting next_dagrun for example_trigger_controller_dag to 2021-01-01 00:00:00+00:00, run_after=2021-01-01 00:00:00+00:00
[2026-03-18T08:14:12.361+0000] {processor.py:208} INFO - Processing /home/komal/data-engineering-projects/airflow-spark-pipeline/airflow_venv/lib/python3.11/site-packages/airflow/example_dags/example_trigger_controller_dag.py took 0.159 seconds
[2026-03-18T08:15:34.994+0000] {processor.py:186} INFO - Started process (PID=35790) to work on /home/komal/data-engineering-projects/airflow-spark-pipeline/airflow_venv/lib/python3.11/site-packages/airflow/example_dags/example_trigger_controller_dag.py
[2026-03-18T08:15:35.025+0000] {processor.py:914} INFO - Processing file /home/komal/data-engineering-projects/airflow-spark-pipeline/airflow_venv/lib/python3.11/site-packages/airflow/example_dags/example_trigger_controller_dag.py for tasks to queue
[2026-03-18T08:15:35.028+0000] {logging_mixin.py:190} INFO - [2026-03-18T08:15:35.027+0000] {dagbag.py:588} INFO - Filling up the DagBag from /home/komal/data-engineering-projects/airflow-spark-pipeline/airflow_venv/lib/python3.11/site-packages/airflow/example_dags/example_trigger_controller_dag.py
[2026-03-18T08:15:35.038+0000] {processor.py:925} INFO - DAG(s) 'example_trigger_controller_dag' retrieved from /home/komal/data-engineering-projects/airflow-spark-pipeline/airflow_venv/lib/python3.11/site-packages/airflow/example_dags/example_trigger_controller_dag.py
[2026-03-18T08:15:35.054+0000] {logging_mixin.py:190} INFO - [2026-03-18T08:15:35.054+0000] {dag.py:3239} INFO - Sync 1 DAGs
[2026-03-18T08:15:35.075+0000] {logging_mixin.py:190} INFO - [2026-03-18T08:15:35.075+0000] {dag.py:4180} INFO - Setting next_dagrun for example_trigger_controller_dag to 2021-01-01 00:00:00+00:00, run_after=2021-01-01 00:00:00+00:00
[2026-03-18T08:15:35.117+0000] {processor.py:208} INFO - Processing /home/komal/data-engineering-projects/airflow-spark-pipeline/airflow_venv/lib/python3.11/site-packages/airflow/example_dags/example_trigger_controller_dag.py took 0.131 seconds
[2026-03-18T08:16:46.115+0000] {processor.py:186} INFO - Started process (PID=35855) to work on /home/komal/data-engineering-projects/airflow-spark-pipeline/airflow_venv/lib/python3.11/site-packages/airflow/example_dags/example_trigger_controller_dag.py
[2026-03-18T08:16:46.139+0000] {processor.py:914} INFO - Processing file /home/komal/data-engineering-projects/airflow-spark-pipeline/airflow_venv/lib/python3.11/site-packages/airflow/example_dags/example_trigger_controller_dag.py for tasks to queue
[2026-03-18T08:16:46.142+0000] {logging_mixin.py:190} INFO - [2026-03-18T08:16:46.142+0000] {dagbag.py:588} INFO - Filling up the DagBag from /home/komal/data-engineering-projects/airflow-spark-pipeline/airflow_venv/lib/python3.11/site-packages/airflow/example_dags/example_trigger_controller_dag.py
[2026-03-18T08:16:46.150+0000] {processor.py:925} INFO - DAG(s) 'example_trigger_controller_dag' retrieved from /home/komal/data-engineering-projects/airflow-spark-pipeline/airflow_venv/lib/python3.11/site-packages/airflow/example_dags/example_trigger_controller_dag.py
[2026-03-18T08:16:46.237+0000] {logging_mixin.py:190} INFO - [2026-03-18T08:16:46.236+0000] {dag.py:3239} INFO - Sync 1 DAGs
[2026-03-18T08:16:46.295+0000] {logging_mixin.py:190} INFO - [2026-03-18T08:16:46.295+0000] {dag.py:4180} INFO - Setting next_dagrun for example_trigger_controller_dag to 2021-01-01 00:00:00+00:00, run_after=2021-01-01 00:00:00+00:00
[2026-03-18T08:16:46.393+0000] {processor.py:208} INFO - Processing /home/komal/data-engineering-projects/airflow-spark-pipeline/airflow_venv/lib/python3.11/site-packages/airflow/example_dags/example_trigger_controller_dag.py took 0.285 seconds
[2026-03-18T08:17:25.367+0000] {processor.py:186} INFO - Started process (PID=35894) to work on /home/komal/data-engineering-projects/airflow-spark-pipeline/airflow_venv/lib/python3.11/site-packages/airflow/example_dags/example_trigger_controller_dag.py
[2026-03-18T08:17:25.370+0000] {processor.py:914} INFO - Processing file /home/komal/data-engineering-projects/airflow-spark-pipeline/airflow_venv/lib/python3.11/site-packages/airflow/example_dags/example_trigger_controller_dag.py for tasks to queue
[2026-03-18T08:17:25.374+0000] {logging_mixin.py:190} INFO - [2026-03-18T08:17:25.373+0000] {dagbag.py:588} INFO - Filling up the DagBag from /home/komal/data-engineering-projects/airflow-spark-pipeline/airflow_venv/lib/python3.11/site-packages/airflow/example_dags/example_trigger_controller_dag.py
[2026-03-18T08:17:25.386+0000] {processor.py:925} INFO - DAG(s) 'example_trigger_controller_dag' retrieved from /home/komal/data-engineering-projects/airflow-spark-pipeline/airflow_venv/lib/python3.11/site-packages/airflow/example_dags/example_trigger_controller_dag.py
[2026-03-18T08:17:25.402+0000] {logging_mixin.py:190} INFO - [2026-03-18T08:17:25.402+0000] {dag.py:3239} INFO - Sync 1 DAGs
[2026-03-18T08:17:25.430+0000] {logging_mixin.py:190} INFO - [2026-03-18T08:17:25.430+0000] {dag.py:4180} INFO - Setting next_dagrun for example_trigger_controller_dag to 2021-01-01 00:00:00+00:00, run_after=2021-01-01 00:00:00+00:00
[2026-03-18T08:17:25.474+0000] {processor.py:208} INFO - Processing /home/komal/data-engineering-projects/airflow-spark-pipeline/airflow_venv/lib/python3.11/site-packages/airflow/example_dags/example_trigger_controller_dag.py took 0.117 seconds
[2026-03-18T08:18:36.716+0000] {processor.py:186} INFO - Started process (PID=35970) to work on /home/komal/data-engineering-projects/airflow-spark-pipeline/airflow_venv/lib/python3.11/site-packages/airflow/example_dags/example_trigger_controller_dag.py
[2026-03-18T08:18:36.717+0000] {processor.py:914} INFO - Processing file /home/komal/data-engineering-projects/airflow-spark-pipeline/airflow_venv/lib/python3.11/site-packages/airflow/example_dags/example_trigger_controller_dag.py for tasks to queue
[2026-03-18T08:18:36.719+0000] {logging_mixin.py:190} INFO - [2026-03-18T08:18:36.719+0000] {dagbag.py:588} INFO - Filling up the DagBag from /home/komal/data-engineering-projects/airflow-spark-pipeline/airflow_venv/lib/python3.11/site-packages/airflow/example_dags/example_trigger_controller_dag.py
[2026-03-18T08:18:36.724+0000] {processor.py:925} INFO - DAG(s) 'example_trigger_controller_dag' retrieved from /home/komal/data-engineering-projects/airflow-spark-pipeline/airflow_venv/lib/python3.11/site-packages/airflow/example_dags/example_trigger_controller_dag.py
[2026-03-18T08:18:36.734+0000] {logging_mixin.py:190} INFO - [2026-03-18T08:18:36.733+0000] {dag.py:3239} INFO - Sync 1 DAGs
[2026-03-18T08:18:36.746+0000] {logging_mixin.py:190} INFO - [2026-03-18T08:18:36.746+0000] {dag.py:4180} INFO - Setting next_dagrun for example_trigger_controller_dag to 2021-01-01 00:00:00+00:00, run_after=2021-01-01 00:00:00+00:00
[2026-03-18T08:18:36.763+0000] {processor.py:208} INFO - Processing /home/komal/data-engineering-projects/airflow-spark-pipeline/airflow_venv/lib/python3.11/site-packages/airflow/example_dags/example_trigger_controller_dag.py took 0.051 seconds
[2026-03-18T08:19:44.398+0000] {processor.py:186} INFO - Started process (PID=36036) to work on /home/komal/data-engineering-projects/airflow-spark-pipeline/airflow_venv/lib/python3.11/site-packages/airflow/example_dags/example_trigger_controller_dag.py
[2026-03-18T08:19:44.400+0000] {processor.py:914} INFO - Processing file /home/komal/data-engineering-projects/airflow-spark-pipeline/airflow_venv/lib/python3.11/site-packages/airflow/example_dags/example_trigger_controller_dag.py for tasks to queue
[2026-03-18T08:19:44.402+0000] {logging_mixin.py:190} INFO - [2026-03-18T08:19:44.401+0000] {dagbag.py:588} INFO - Filling up the DagBag from /home/komal/data-engineering-projects/airflow-spark-pipeline/airflow_venv/lib/python3.11/site-packages/airflow/example_dags/example_trigger_controller_dag.py
[2026-03-18T08:19:44.408+0000] {processor.py:925} INFO - DAG(s) 'example_trigger_controller_dag' retrieved from /home/komal/data-engineering-projects/airflow-spark-pipeline/airflow_venv/lib/python3.11/site-packages/airflow/example_dags/example_trigger_controller_dag.py
[2026-03-18T08:19:44.529+0000] {logging_mixin.py:190} INFO - [2026-03-18T08:19:44.529+0000] {dag.py:3239} INFO - Sync 1 DAGs
[2026-03-18T08:19:44.540+0000] {logging_mixin.py:190} INFO - [2026-03-18T08:19:44.540+0000] {dag.py:4180} INFO - Setting next_dagrun for example_trigger_controller_dag to 2021-01-01 00:00:00+00:00, run_after=2021-01-01 00:00:00+00:00
[2026-03-18T08:19:44.564+0000] {processor.py:208} INFO - Processing /home/komal/data-engineering-projects/airflow-spark-pipeline/airflow_venv/lib/python3.11/site-packages/airflow/example_dags/example_trigger_controller_dag.py took 0.170 seconds
[2026-03-18T13:40:52.297+0000] {processor.py:186} INFO - Started process (PID=36112) to work on /home/komal/data-engineering-projects/airflow-spark-pipeline/airflow_venv/lib/python3.11/site-packages/airflow/example_dags/example_trigger_controller_dag.py
[2026-03-18T13:40:52.304+0000] {processor.py:914} INFO - Processing file /home/komal/data-engineering-projects/airflow-spark-pipeline/airflow_venv/lib/python3.11/site-packages/airflow/example_dags/example_trigger_controller_dag.py for tasks to queue
[2026-03-18T13:40:52.306+0000] {logging_mixin.py:190} INFO - [2026-03-18T13:40:52.306+0000] {dagbag.py:588} INFO - Filling up the DagBag from /home/komal/data-engineering-projects/airflow-spark-pipeline/airflow_venv/lib/python3.11/site-packages/airflow/example_dags/example_trigger_controller_dag.py
[2026-03-18T13:40:52.312+0000] {processor.py:925} INFO - DAG(s) 'example_trigger_controller_dag' retrieved from /home/komal/data-engineering-projects/airflow-spark-pipeline/airflow_venv/lib/python3.11/site-packages/airflow/example_dags/example_trigger_controller_dag.py
[2026-03-18T13:40:52.322+0000] {logging_mixin.py:190} INFO - [2026-03-18T13:40:52.322+0000] {dag.py:3239} INFO - Sync 1 DAGs
[2026-03-18T13:40:52.338+0000] {logging_mixin.py:190} INFO - [2026-03-18T13:40:52.337+0000] {dag.py:4180} INFO - Setting next_dagrun for example_trigger_controller_dag to 2021-01-01 00:00:00+00:00, run_after=2021-01-01 00:00:00+00:00
[2026-03-18T13:40:52.366+0000] {processor.py:208} INFO - Processing /home/komal/data-engineering-projects/airflow-spark-pipeline/airflow_venv/lib/python3.11/site-packages/airflow/example_dags/example_trigger_controller_dag.py took 0.074 seconds
[2026-03-18T13:41:48.550+0000] {processor.py:186} INFO - Started process (PID=36169) to work on /home/komal/data-engineering-projects/airflow-spark-pipeline/airflow_venv/lib/python3.11/site-packages/airflow/example_dags/example_trigger_controller_dag.py
[2026-03-18T13:41:48.557+0000] {processor.py:914} INFO - Processing file /home/komal/data-engineering-projects/airflow-spark-pipeline/airflow_venv/lib/python3.11/site-packages/airflow/example_dags/example_trigger_controller_dag.py for tasks to queue
[2026-03-18T13:41:48.560+0000] {logging_mixin.py:190} INFO - [2026-03-18T13:41:48.559+0000] {dagbag.py:588} INFO - Filling up the DagBag from /home/komal/data-engineering-projects/airflow-spark-pipeline/airflow_venv/lib/python3.11/site-packages/airflow/example_dags/example_trigger_controller_dag.py
[2026-03-18T13:41:48.568+0000] {processor.py:925} INFO - DAG(s) 'example_trigger_controller_dag' retrieved from /home/komal/data-engineering-projects/airflow-spark-pipeline/airflow_venv/lib/python3.11/site-packages/airflow/example_dags/example_trigger_controller_dag.py
[2026-03-18T13:41:48.579+0000] {logging_mixin.py:190} INFO - [2026-03-18T13:41:48.579+0000] {dag.py:3239} INFO - Sync 1 DAGs
[2026-03-18T13:41:48.593+0000] {logging_mixin.py:190} INFO - [2026-03-18T13:41:48.593+0000] {dag.py:4180} INFO - Setting next_dagrun for example_trigger_controller_dag to 2021-01-01 00:00:00+00:00, run_after=2021-01-01 00:00:00+00:00
[2026-03-18T13:41:48.626+0000] {processor.py:208} INFO - Processing /home/komal/data-engineering-projects/airflow-spark-pipeline/airflow_venv/lib/python3.11/site-packages/airflow/example_dags/example_trigger_controller_dag.py took 0.085 seconds
[2026-03-18T13:42:51.294+0000] {processor.py:186} INFO - Started process (PID=36265) to work on /home/komal/data-engineering-projects/airflow-spark-pipeline/airflow_venv/lib/python3.11/site-packages/airflow/example_dags/example_trigger_controller_dag.py
[2026-03-18T13:42:51.297+0000] {processor.py:914} INFO - Processing file /home/komal/data-engineering-projects/airflow-spark-pipeline/airflow_venv/lib/python3.11/site-packages/airflow/example_dags/example_trigger_controller_dag.py for tasks to queue
[2026-03-18T13:42:51.300+0000] {logging_mixin.py:190} INFO - [2026-03-18T13:42:51.299+0000] {dagbag.py:588} INFO - Filling up the DagBag from /home/komal/data-engineering-projects/airflow-spark-pipeline/airflow_venv/lib/python3.11/site-packages/airflow/example_dags/example_trigger_controller_dag.py
[2026-03-18T13:42:51.308+0000] {processor.py:925} INFO - DAG(s) 'example_trigger_controller_dag' retrieved from /home/komal/data-engineering-projects/airflow-spark-pipeline/airflow_venv/lib/python3.11/site-packages/airflow/example_dags/example_trigger_controller_dag.py
[2026-03-18T13:42:51.320+0000] {logging_mixin.py:190} INFO - [2026-03-18T13:42:51.320+0000] {dag.py:3239} INFO - Sync 1 DAGs
[2026-03-18T13:42:51.339+0000] {logging_mixin.py:190} INFO - [2026-03-18T13:42:51.339+0000] {dag.py:4180} INFO - Setting next_dagrun for example_trigger_controller_dag to 2021-01-01 00:00:00+00:00, run_after=2021-01-01 00:00:00+00:00
[2026-03-18T13:42:51.377+0000] {processor.py:208} INFO - Processing /home/komal/data-engineering-projects/airflow-spark-pipeline/airflow_venv/lib/python3.11/site-packages/airflow/example_dags/example_trigger_controller_dag.py took 0.089 seconds
[2026-03-18T13:43:59.629+0000] {processor.py:186} INFO - Started process (PID=36331) to work on /home/komal/data-engineering-projects/airflow-spark-pipeline/airflow_venv/lib/python3.11/site-packages/airflow/example_dags/example_trigger_controller_dag.py
[2026-03-18T13:43:59.663+0000] {processor.py:914} INFO - Processing file /home/komal/data-engineering-projects/airflow-spark-pipeline/airflow_venv/lib/python3.11/site-packages/airflow/example_dags/example_trigger_controller_dag.py for tasks to queue
[2026-03-18T13:43:59.666+0000] {logging_mixin.py:190} INFO - [2026-03-18T13:43:59.666+0000] {dagbag.py:588} INFO - Filling up the DagBag from /home/komal/data-engineering-projects/airflow-spark-pipeline/airflow_venv/lib/python3.11/site-packages/airflow/example_dags/example_trigger_controller_dag.py
[2026-03-18T13:43:59.675+0000] {processor.py:925} INFO - DAG(s) 'example_trigger_controller_dag' retrieved from /home/komal/data-engineering-projects/airflow-spark-pipeline/airflow_venv/lib/python3.11/site-packages/airflow/example_dags/example_trigger_controller_dag.py
[2026-03-18T13:43:59.685+0000] {logging_mixin.py:190} INFO - [2026-03-18T13:43:59.685+0000] {dag.py:3239} INFO - Sync 1 DAGs
[2026-03-18T13:43:59.700+0000] {logging_mixin.py:190} INFO - [2026-03-18T13:43:59.700+0000] {dag.py:4180} INFO - Setting next_dagrun for example_trigger_controller_dag to 2021-01-01 00:00:00+00:00, run_after=2021-01-01 00:00:00+00:00
[2026-03-18T13:43:59.724+0000] {processor.py:208} INFO - Processing /home/komal/data-engineering-projects/airflow-spark-pipeline/airflow_venv/lib/python3.11/site-packages/airflow/example_dags/example_trigger_controller_dag.py took 0.098 seconds
[2026-03-18T13:45:05.537+0000] {processor.py:186} INFO - Started process (PID=36395) to work on /home/komal/data-engineering-projects/airflow-spark-pipeline/airflow_venv/lib/python3.11/site-packages/airflow/example_dags/example_trigger_controller_dag.py
[2026-03-18T13:45:05.541+0000] {processor.py:914} INFO - Processing file /home/komal/data-engineering-projects/airflow-spark-pipeline/airflow_venv/lib/python3.11/site-packages/airflow/example_dags/example_trigger_controller_dag.py for tasks to queue
[2026-03-18T13:45:05.545+0000] {logging_mixin.py:190} INFO - [2026-03-18T13:45:05.545+0000] {dagbag.py:588} INFO - Filling up the DagBag from /home/komal/data-engineering-projects/airflow-spark-pipeline/airflow_venv/lib/python3.11/site-packages/airflow/example_dags/example_trigger_controller_dag.py
[2026-03-18T13:45:05.561+0000] {processor.py:925} INFO - DAG(s) 'example_trigger_controller_dag' retrieved from /home/komal/data-engineering-projects/airflow-spark-pipeline/airflow_venv/lib/python3.11/site-packages/airflow/example_dags/example_trigger_controller_dag.py
[2026-03-18T13:45:05.587+0000] {logging_mixin.py:190} INFO - [2026-03-18T13:45:05.587+0000] {dag.py:3239} INFO - Sync 1 DAGs
[2026-03-18T13:45:05.618+0000] {logging_mixin.py:190} INFO - [2026-03-18T13:45:05.618+0000] {dag.py:4180} INFO - Setting next_dagrun for example_trigger_controller_dag to 2021-01-01 00:00:00+00:00, run_after=2021-01-01 00:00:00+00:00
[2026-03-18T13:45:05.646+0000] {processor.py:208} INFO - Processing /home/komal/data-engineering-projects/airflow-spark-pipeline/airflow_venv/lib/python3.11/site-packages/airflow/example_dags/example_trigger_controller_dag.py took 0.122 seconds
[2026-03-18T13:46:15.017+0000] {processor.py:186} INFO - Started process (PID=36462) to work on /home/komal/data-engineering-projects/airflow-spark-pipeline/airflow_venv/lib/python3.11/site-packages/airflow/example_dags/example_trigger_controller_dag.py
[2026-03-18T13:46:15.048+0000] {processor.py:914} INFO - Processing file /home/komal/data-engineering-projects/airflow-spark-pipeline/airflow_venv/lib/python3.11/site-packages/airflow/example_dags/example_trigger_controller_dag.py for tasks to queue
[2026-03-18T13:46:15.052+0000] {logging_mixin.py:190} INFO - [2026-03-18T13:46:15.052+0000] {dagbag.py:588} INFO - Filling up the DagBag from /home/komal/data-engineering-projects/airflow-spark-pipeline/airflow_venv/lib/python3.11/site-packages/airflow/example_dags/example_trigger_controller_dag.py
[2026-03-18T13:46:15.064+0000] {processor.py:925} INFO - DAG(s) 'example_trigger_controller_dag' retrieved from /home/komal/data-engineering-projects/airflow-spark-pipeline/airflow_venv/lib/python3.11/site-packages/airflow/example_dags/example_trigger_controller_dag.py
[2026-03-18T13:46:15.075+0000] {logging_mixin.py:190} INFO - [2026-03-18T13:46:15.075+0000] {dag.py:3239} INFO - Sync 1 DAGs
[2026-03-18T13:46:15.087+0000] {logging_mixin.py:190} INFO - [2026-03-18T13:46:15.087+0000] {dag.py:4180} INFO - Setting next_dagrun for example_trigger_controller_dag to 2021-01-01 00:00:00+00:00, run_after=2021-01-01 00:00:00+00:00
[2026-03-18T13:46:15.107+0000] {processor.py:208} INFO - Processing /home/komal/data-engineering-projects/airflow-spark-pipeline/airflow_venv/lib/python3.11/site-packages/airflow/example_dags/example_trigger_controller_dag.py took 0.099 seconds
[2026-03-18T13:47:16.562+0000] {processor.py:186} INFO - Started process (PID=36523) to work on /home/komal/data-engineering-projects/airflow-spark-pipeline/airflow_venv/lib/python3.11/site-packages/airflow/example_dags/example_trigger_controller_dag.py
[2026-03-18T13:47:16.594+0000] {processor.py:914} INFO - Processing file /home/komal/data-engineering-projects/airflow-spark-pipeline/airflow_venv/lib/python3.11/site-packages/airflow/example_dags/example_trigger_controller_dag.py for tasks to queue
[2026-03-18T13:47:16.599+0000] {logging_mixin.py:190} INFO - [2026-03-18T13:47:16.598+0000] {dagbag.py:588} INFO - Filling up the DagBag from /home/komal/data-engineering-projects/airflow-spark-pipeline/airflow_venv/lib/python3.11/site-packages/airflow/example_dags/example_trigger_controller_dag.py
[2026-03-18T13:47:16.613+0000] {processor.py:925} INFO - DAG(s) 'example_trigger_controller_dag' retrieved from /home/komal/data-engineering-projects/airflow-spark-pipeline/airflow_venv/lib/python3.11/site-packages/airflow/example_dags/example_trigger_controller_dag.py
[2026-03-18T13:47:16.631+0000] {logging_mixin.py:190} INFO - [2026-03-18T13:47:16.631+0000] {dag.py:3239} INFO - Sync 1 DAGs
[2026-03-18T13:47:16.644+0000] {logging_mixin.py:190} INFO - [2026-03-18T13:47:16.644+0000] {dag.py:4180} INFO - Setting next_dagrun for example_trigger_controller_dag to 2021-01-01 00:00:00+00:00, run_after=2021-01-01 00:00:00+00:00
[2026-03-18T13:47:16.671+0000] {processor.py:208} INFO - Processing /home/komal/data-engineering-projects/airflow-spark-pipeline/airflow_venv/lib/python3.11/site-packages/airflow/example_dags/example_trigger_controller_dag.py took 0.122 seconds
[2026-03-18T13:48:24.730+0000] {processor.py:186} INFO - Started process (PID=36586) to work on /home/komal/data-engineering-projects/airflow-spark-pipeline/airflow_venv/lib/python3.11/site-packages/airflow/example_dags/example_trigger_controller_dag.py
[2026-03-18T13:48:24.762+0000] {processor.py:914} INFO - Processing file /home/komal/data-engineering-projects/airflow-spark-pipeline/airflow_venv/lib/python3.11/site-packages/airflow/example_dags/example_trigger_controller_dag.py for tasks to queue
[2026-03-18T13:48:24.766+0000] {logging_mixin.py:190} INFO - [2026-03-18T13:48:24.765+0000] {dagbag.py:588} INFO - Filling up the DagBag from /home/komal/data-engineering-projects/airflow-spark-pipeline/airflow_venv/lib/python3.11/site-packages/airflow/example_dags/example_trigger_controller_dag.py
[2026-03-18T13:48:24.777+0000] {processor.py:925} INFO - DAG(s) 'example_trigger_controller_dag' retrieved from /home/komal/data-engineering-projects/airflow-spark-pipeline/airflow_venv/lib/python3.11/site-packages/airflow/example_dags/example_trigger_controller_dag.py
[2026-03-18T13:48:24.788+0000] {logging_mixin.py:190} INFO - [2026-03-18T13:48:24.788+0000] {dag.py:3239} INFO - Sync 1 DAGs
[2026-03-18T13:48:24.800+0000] {logging_mixin.py:190} INFO - [2026-03-18T13:48:24.799+0000] {dag.py:4180} INFO - Setting next_dagrun for example_trigger_controller_dag to 2021-01-01 00:00:00+00:00, run_after=2021-01-01 00:00:00+00:00
[2026-03-18T13:48:24.831+0000] {processor.py:208} INFO - Processing /home/komal/data-engineering-projects/airflow-spark-pipeline/airflow_venv/lib/python3.11/site-packages/airflow/example_dags/example_trigger_controller_dag.py took 0.113 seconds
[2026-03-18T13:49:28.443+0000] {processor.py:186} INFO - Started process (PID=36648) to work on /home/komal/data-engineering-projects/airflow-spark-pipeline/airflow_venv/lib/python3.11/site-packages/airflow/example_dags/example_trigger_controller_dag.py
[2026-03-18T13:49:28.477+0000] {processor.py:914} INFO - Processing file /home/komal/data-engineering-projects/airflow-spark-pipeline/airflow_venv/lib/python3.11/site-packages/airflow/example_dags/example_trigger_controller_dag.py for tasks to queue
[2026-03-18T13:49:28.481+0000] {logging_mixin.py:190} INFO - [2026-03-18T13:49:28.480+0000] {dagbag.py:588} INFO - Filling up the DagBag from /home/komal/data-engineering-projects/airflow-spark-pipeline/airflow_venv/lib/python3.11/site-packages/airflow/example_dags/example_trigger_controller_dag.py
[2026-03-18T13:49:28.493+0000] {processor.py:925} INFO - DAG(s) 'example_trigger_controller_dag' retrieved from /home/komal/data-engineering-projects/airflow-spark-pipeline/airflow_venv/lib/python3.11/site-packages/airflow/example_dags/example_trigger_controller_dag.py
[2026-03-18T13:49:28.509+0000] {logging_mixin.py:190} INFO - [2026-03-18T13:49:28.509+0000] {dag.py:3239} INFO - Sync 1 DAGs
[2026-03-18T13:49:28.522+0000] {logging_mixin.py:190} INFO - [2026-03-18T13:49:28.522+0000] {dag.py:4180} INFO - Setting next_dagrun for example_trigger_controller_dag to 2021-01-01 00:00:00+00:00, run_after=2021-01-01 00:00:00+00:00
[2026-03-18T13:49:28.543+0000] {processor.py:208} INFO - Processing /home/komal/data-engineering-projects/airflow-spark-pipeline/airflow_venv/lib/python3.11/site-packages/airflow/example_dags/example_trigger_controller_dag.py took 0.107 seconds
[2026-03-18T13:50:33.438+0000] {processor.py:186} INFO - Started process (PID=36711) to work on /home/komal/data-engineering-projects/airflow-spark-pipeline/airflow_venv/lib/python3.11/site-packages/airflow/example_dags/example_trigger_controller_dag.py
[2026-03-18T13:50:33.440+0000] {processor.py:914} INFO - Processing file /home/komal/data-engineering-projects/airflow-spark-pipeline/airflow_venv/lib/python3.11/site-packages/airflow/example_dags/example_trigger_controller_dag.py for tasks to queue
[2026-03-18T13:50:33.442+0000] {logging_mixin.py:190} INFO - [2026-03-18T13:50:33.441+0000] {dagbag.py:588} INFO - Filling up the DagBag from /home/komal/data-engineering-projects/airflow-spark-pipeline/airflow_venv/lib/python3.11/site-packages/airflow/example_dags/example_trigger_controller_dag.py
[2026-03-18T13:50:33.447+0000] {processor.py:925} INFO - DAG(s) 'example_trigger_controller_dag' retrieved from /home/komal/data-engineering-projects/airflow-spark-pipeline/airflow_venv/lib/python3.11/site-packages/airflow/example_dags/example_trigger_controller_dag.py
[2026-03-18T13:50:33.457+0000] {logging_mixin.py:190} INFO - [2026-03-18T13:50:33.456+0000] {dag.py:3239} INFO - Sync 1 DAGs
[2026-03-18T13:50:33.469+0000] {logging_mixin.py:190} INFO - [2026-03-18T13:50:33.469+0000] {dag.py:4180} INFO - Setting next_dagrun for example_trigger_controller_dag to 2021-01-01 00:00:00+00:00, run_after=2021-01-01 00:00:00+00:00
[2026-03-18T13:50:33.492+0000] {processor.py:208} INFO - Processing /home/komal/data-engineering-projects/airflow-spark-pipeline/airflow_venv/lib/python3.11/site-packages/airflow/example_dags/example_trigger_controller_dag.py took 0.063 seconds
[2026-03-18T13:51:40.467+0000] {processor.py:186} INFO - Started process (PID=36776) to work on /home/komal/data-engineering-projects/airflow-spark-pipeline/airflow_venv/lib/python3.11/site-packages/airflow/example_dags/example_trigger_controller_dag.py
[2026-03-18T13:51:40.500+0000] {processor.py:914} INFO - Processing file /home/komal/data-engineering-projects/airflow-spark-pipeline/airflow_venv/lib/python3.11/site-packages/airflow/example_dags/example_trigger_controller_dag.py for tasks to queue
[2026-03-18T13:51:40.504+0000] {logging_mixin.py:190} INFO - [2026-03-18T13:51:40.503+0000] {dagbag.py:588} INFO - Filling up the DagBag from /home/komal/data-engineering-projects/airflow-spark-pipeline/airflow_venv/lib/python3.11/site-packages/airflow/example_dags/example_trigger_controller_dag.py
[2026-03-18T13:51:40.516+0000] {processor.py:925} INFO - DAG(s) 'example_trigger_controller_dag' retrieved from /home/komal/data-engineering-projects/airflow-spark-pipeline/airflow_venv/lib/python3.11/site-packages/airflow/example_dags/example_trigger_controller_dag.py
[2026-03-18T13:51:40.533+0000] {logging_mixin.py:190} INFO - [2026-03-18T13:51:40.533+0000] {dag.py:3239} INFO - Sync 1 DAGs
[2026-03-18T13:51:40.556+0000] {logging_mixin.py:190} INFO - [2026-03-18T13:51:40.555+0000] {dag.py:4180} INFO - Setting next_dagrun for example_trigger_controller_dag to 2021-01-01 00:00:00+00:00, run_after=2021-01-01 00:00:00+00:00
[2026-03-18T13:51:40.580+0000] {processor.py:208} INFO - Processing /home/komal/data-engineering-projects/airflow-spark-pipeline/airflow_venv/lib/python3.11/site-packages/airflow/example_dags/example_trigger_controller_dag.py took 0.124 seconds
[2026-03-18T13:52:43.454+0000] {processor.py:186} INFO - Started process (PID=36840) to work on /home/komal/data-engineering-projects/airflow-spark-pipeline/airflow_venv/lib/python3.11/site-packages/airflow/example_dags/example_trigger_controller_dag.py
[2026-03-18T13:52:43.486+0000] {processor.py:914} INFO - Processing file /home/komal/data-engineering-projects/airflow-spark-pipeline/airflow_venv/lib/python3.11/site-packages/airflow/example_dags/example_trigger_controller_dag.py for tasks to queue
[2026-03-18T13:52:43.490+0000] {logging_mixin.py:190} INFO - [2026-03-18T13:52:43.489+0000] {dagbag.py:588} INFO - Filling up the DagBag from /home/komal/data-engineering-projects/airflow-spark-pipeline/airflow_venv/lib/python3.11/site-packages/airflow/example_dags/example_trigger_controller_dag.py
[2026-03-18T13:52:43.501+0000] {processor.py:925} INFO - DAG(s) 'example_trigger_controller_dag' retrieved from /home/komal/data-engineering-projects/airflow-spark-pipeline/airflow_venv/lib/python3.11/site-packages/airflow/example_dags/example_trigger_controller_dag.py
[2026-03-18T13:52:43.524+0000] {logging_mixin.py:190} INFO - [2026-03-18T13:52:43.523+0000] {dag.py:3239} INFO - Sync 1 DAGs
[2026-03-18T13:52:43.547+0000] {logging_mixin.py:190} INFO - [2026-03-18T13:52:43.546+0000] {dag.py:4180} INFO - Setting next_dagrun for example_trigger_controller_dag to 2021-01-01 00:00:00+00:00, run_after=2021-01-01 00:00:00+00:00
[2026-03-18T13:52:43.576+0000] {processor.py:208} INFO - Processing /home/komal/data-engineering-projects/airflow-spark-pipeline/airflow_venv/lib/python3.11/site-packages/airflow/example_dags/example_trigger_controller_dag.py took 0.129 seconds
[2026-03-18T13:53:51.985+0000] {processor.py:186} INFO - Started process (PID=36903) to work on /home/komal/data-engineering-projects/airflow-spark-pipeline/airflow_venv/lib/python3.11/site-packages/airflow/example_dags/example_trigger_controller_dag.py
[2026-03-18T13:53:52.017+0000] {processor.py:914} INFO - Processing file /home/komal/data-engineering-projects/airflow-spark-pipeline/airflow_venv/lib/python3.11/site-packages/airflow/example_dags/example_trigger_controller_dag.py for tasks to queue
[2026-03-18T13:53:52.021+0000] {logging_mixin.py:190} INFO - [2026-03-18T13:53:52.021+0000] {dagbag.py:588} INFO - Filling up the DagBag from /home/komal/data-engineering-projects/airflow-spark-pipeline/airflow_venv/lib/python3.11/site-packages/airflow/example_dags/example_trigger_controller_dag.py
[2026-03-18T13:53:52.034+0000] {processor.py:925} INFO - DAG(s) 'example_trigger_controller_dag' retrieved from /home/komal/data-engineering-projects/airflow-spark-pipeline/airflow_venv/lib/python3.11/site-packages/airflow/example_dags/example_trigger_controller_dag.py
[2026-03-18T13:53:52.045+0000] {logging_mixin.py:190} INFO - [2026-03-18T13:53:52.044+0000] {dag.py:3239} INFO - Sync 1 DAGs
[2026-03-18T13:53:52.058+0000] {logging_mixin.py:190} INFO - [2026-03-18T13:53:52.057+0000] {dag.py:4180} INFO - Setting next_dagrun for example_trigger_controller_dag to 2021-01-01 00:00:00+00:00, run_after=2021-01-01 00:00:00+00:00
[2026-03-18T13:53:52.079+0000] {processor.py:208} INFO - Processing /home/komal/data-engineering-projects/airflow-spark-pipeline/airflow_venv/lib/python3.11/site-packages/airflow/example_dags/example_trigger_controller_dag.py took 0.102 seconds
[2026-03-18T13:54:59.035+0000] {processor.py:186} INFO - Started process (PID=36966) to work on /home/komal/data-engineering-projects/airflow-spark-pipeline/airflow_venv/lib/python3.11/site-packages/airflow/example_dags/example_trigger_controller_dag.py
[2026-03-18T13:54:59.067+0000] {processor.py:914} INFO - Processing file /home/komal/data-engineering-projects/airflow-spark-pipeline/airflow_venv/lib/python3.11/site-packages/airflow/example_dags/example_trigger_controller_dag.py for tasks to queue
[2026-03-18T13:54:59.071+0000] {logging_mixin.py:190} INFO - [2026-03-18T13:54:59.070+0000] {dagbag.py:588} INFO - Filling up the DagBag from /home/komal/data-engineering-projects/airflow-spark-pipeline/airflow_venv/lib/python3.11/site-packages/airflow/example_dags/example_trigger_controller_dag.py
[2026-03-18T13:54:59.081+0000] {processor.py:925} INFO - DAG(s) 'example_trigger_controller_dag' retrieved from /home/komal/data-engineering-projects/airflow-spark-pipeline/airflow_venv/lib/python3.11/site-packages/airflow/example_dags/example_trigger_controller_dag.py
[2026-03-18T13:54:59.092+0000] {logging_mixin.py:190} INFO - [2026-03-18T13:54:59.092+0000] {dag.py:3239} INFO - Sync 1 DAGs
[2026-03-18T13:54:59.107+0000] {logging_mixin.py:190} INFO - [2026-03-18T13:54:59.107+0000] {dag.py:4180} INFO - Setting next_dagrun for example_trigger_controller_dag to 2021-01-01 00:00:00+00:00, run_after=2021-01-01 00:00:00+00:00
[2026-03-18T13:54:59.132+0000] {processor.py:208} INFO - Processing /home/komal/data-engineering-projects/airflow-spark-pipeline/airflow_venv/lib/python3.11/site-packages/airflow/example_dags/example_trigger_controller_dag.py took 0.107 seconds
[2026-03-18T13:56:04.471+0000] {processor.py:186} INFO - Started process (PID=37031) to work on /home/komal/data-engineering-projects/airflow-spark-pipeline/airflow_venv/lib/python3.11/site-packages/airflow/example_dags/example_trigger_controller_dag.py
[2026-03-18T13:56:04.504+0000] {processor.py:914} INFO - Processing file /home/komal/data-engineering-projects/airflow-spark-pipeline/airflow_venv/lib/python3.11/site-packages/airflow/example_dags/example_trigger_controller_dag.py for tasks to queue
[2026-03-18T13:56:04.508+0000] {logging_mixin.py:190} INFO - [2026-03-18T13:56:04.508+0000] {dagbag.py:588} INFO - Filling up the DagBag from /home/komal/data-engineering-projects/airflow-spark-pipeline/airflow_venv/lib/python3.11/site-packages/airflow/example_dags/example_trigger_controller_dag.py
[2026-03-18T13:56:04.524+0000] {processor.py:925} INFO - DAG(s) 'example_trigger_controller_dag' retrieved from /home/komal/data-engineering-projects/airflow-spark-pipeline/airflow_venv/lib/python3.11/site-packages/airflow/example_dags/example_trigger_controller_dag.py
[2026-03-18T13:56:04.547+0000] {logging_mixin.py:190} INFO - [2026-03-18T13:56:04.546+0000] {dag.py:3239} INFO - Sync 1 DAGs
[2026-03-18T13:56:04.564+0000] {logging_mixin.py:190} INFO - [2026-03-18T13:56:04.564+0000] {dag.py:4180} INFO - Setting next_dagrun for example_trigger_controller_dag to 2021-01-01 00:00:00+00:00, run_after=2021-01-01 00:00:00+00:00
[2026-03-18T13:56:04.595+0000] {processor.py:208} INFO - Processing /home/komal/data-engineering-projects/airflow-spark-pipeline/airflow_venv/lib/python3.11/site-packages/airflow/example_dags/example_trigger_controller_dag.py took 0.133 seconds
[2026-03-18T13:57:11.855+0000] {processor.py:186} INFO - Started process (PID=37097) to work on /home/komal/data-engineering-projects/airflow-spark-pipeline/airflow_venv/lib/python3.11/site-packages/airflow/example_dags/example_trigger_controller_dag.py
[2026-03-18T13:57:11.857+0000] {processor.py:914} INFO - Processing file /home/komal/data-engineering-projects/airflow-spark-pipeline/airflow_venv/lib/python3.11/site-packages/airflow/example_dags/example_trigger_controller_dag.py for tasks to queue
[2026-03-18T13:57:11.859+0000] {logging_mixin.py:190} INFO - [2026-03-18T13:57:11.859+0000] {dagbag.py:588} INFO - Filling up the DagBag from /home/komal/data-engineering-projects/airflow-spark-pipeline/airflow_venv/lib/python3.11/site-packages/airflow/example_dags/example_trigger_controller_dag.py
[2026-03-18T13:57:11.872+0000] {processor.py:925} INFO - DAG(s) 'example_trigger_controller_dag' retrieved from /home/komal/data-engineering-projects/airflow-spark-pipeline/airflow_venv/lib/python3.11/site-packages/airflow/example_dags/example_trigger_controller_dag.py
[2026-03-18T13:57:11.901+0000] {logging_mixin.py:190} INFO - [2026-03-18T13:57:11.900+0000] {dag.py:3239} INFO - Sync 1 DAGs
[2026-03-18T13:57:11.916+0000] {logging_mixin.py:190} INFO - [2026-03-18T13:57:11.916+0000] {dag.py:4180} INFO - Setting next_dagrun for example_trigger_controller_dag to 2021-01-01 00:00:00+00:00, run_after=2021-01-01 00:00:00+00:00
[2026-03-18T13:57:11.981+0000] {processor.py:208} INFO - Processing /home/komal/data-engineering-projects/airflow-spark-pipeline/airflow_venv/lib/python3.11/site-packages/airflow/example_dags/example_trigger_controller_dag.py took 0.130 seconds
[2026-03-18T13:58:24.133+0000] {processor.py:186} INFO - Started process (PID=37163) to work on /home/komal/data-engineering-projects/airflow-spark-pipeline/airflow_venv/lib/python3.11/site-packages/airflow/example_dags/example_trigger_controller_dag.py
[2026-03-18T13:58:24.134+0000] {processor.py:914} INFO - Processing file /home/komal/data-engineering-projects/airflow-spark-pipeline/airflow_venv/lib/python3.11/site-packages/airflow/example_dags/example_trigger_controller_dag.py for tasks to queue
[2026-03-18T13:58:24.137+0000] {logging_mixin.py:190} INFO - [2026-03-18T13:58:24.137+0000] {dagbag.py:588} INFO - Filling up the DagBag from /home/komal/data-engineering-projects/airflow-spark-pipeline/airflow_venv/lib/python3.11/site-packages/airflow/example_dags/example_trigger_controller_dag.py
[2026-03-18T13:58:24.142+0000] {processor.py:925} INFO - DAG(s) 'example_trigger_controller_dag' retrieved from /home/komal/data-engineering-projects/airflow-spark-pipeline/airflow_venv/lib/python3.11/site-packages/airflow/example_dags/example_trigger_controller_dag.py
[2026-03-18T13:58:24.153+0000] {logging_mixin.py:190} INFO - [2026-03-18T13:58:24.153+0000] {dag.py:3239} INFO - Sync 1 DAGs
[2026-03-18T13:58:24.166+0000] {logging_mixin.py:190} INFO - [2026-03-18T13:58:24.166+0000] {dag.py:4180} INFO - Setting next_dagrun for example_trigger_controller_dag to 2021-01-01 00:00:00+00:00, run_after=2021-01-01 00:00:00+00:00
[2026-03-18T13:58:24.190+0000] {processor.py:208} INFO - Processing /home/komal/data-engineering-projects/airflow-spark-pipeline/airflow_venv/lib/python3.11/site-packages/airflow/example_dags/example_trigger_controller_dag.py took 0.062 seconds
[2026-03-18T14:01:29.717+0000] {processor.py:186} INFO - Started process (PID=37202) to work on /home/komal/data-engineering-projects/airflow-spark-pipeline/airflow_venv/lib/python3.11/site-packages/airflow/example_dags/example_trigger_controller_dag.py
[2026-03-18T14:01:29.725+0000] {processor.py:914} INFO - Processing file /home/komal/data-engineering-projects/airflow-spark-pipeline/airflow_venv/lib/python3.11/site-packages/airflow/example_dags/example_trigger_controller_dag.py for tasks to queue
[2026-03-18T14:01:29.727+0000] {logging_mixin.py:190} INFO - [2026-03-18T14:01:29.727+0000] {dagbag.py:588} INFO - Filling up the DagBag from /home/komal/data-engineering-projects/airflow-spark-pipeline/airflow_venv/lib/python3.11/site-packages/airflow/example_dags/example_trigger_controller_dag.py
[2026-03-18T14:01:29.734+0000] {processor.py:925} INFO - DAG(s) 'example_trigger_controller_dag' retrieved from /home/komal/data-engineering-projects/airflow-spark-pipeline/airflow_venv/lib/python3.11/site-packages/airflow/example_dags/example_trigger_controller_dag.py
[2026-03-18T14:01:29.744+0000] {logging_mixin.py:190} INFO - [2026-03-18T14:01:29.744+0000] {dag.py:3239} INFO - Sync 1 DAGs
[2026-03-18T14:01:29.758+0000] {logging_mixin.py:190} INFO - [2026-03-18T14:01:29.758+0000] {dag.py:4180} INFO - Setting next_dagrun for example_trigger_controller_dag to 2021-01-01 00:00:00+00:00, run_after=2021-01-01 00:00:00+00:00
[2026-03-18T14:01:29.778+0000] {processor.py:208} INFO - Processing /home/komal/data-engineering-projects/airflow-spark-pipeline/airflow_venv/lib/python3.11/site-packages/airflow/example_dags/example_trigger_controller_dag.py took 0.068 seconds
[2026-03-18T14:02:20.807+0000] {processor.py:186} INFO - Started process (PID=37254) to work on /home/komal/data-engineering-projects/airflow-spark-pipeline/airflow_venv/lib/python3.11/site-packages/airflow/example_dags/example_trigger_controller_dag.py
[2026-03-18T14:02:20.811+0000] {processor.py:914} INFO - Processing file /home/komal/data-engineering-projects/airflow-spark-pipeline/airflow_venv/lib/python3.11/site-packages/airflow/example_dags/example_trigger_controller_dag.py for tasks to queue
[2026-03-18T14:02:20.815+0000] {logging_mixin.py:190} INFO - [2026-03-18T14:02:20.815+0000] {dagbag.py:588} INFO - Filling up the DagBag from /home/komal/data-engineering-projects/airflow-spark-pipeline/airflow_venv/lib/python3.11/site-packages/airflow/example_dags/example_trigger_controller_dag.py
[2026-03-18T14:02:20.829+0000] {processor.py:925} INFO - DAG(s) 'example_trigger_controller_dag' retrieved from /home/komal/data-engineering-projects/airflow-spark-pipeline/airflow_venv/lib/python3.11/site-packages/airflow/example_dags/example_trigger_controller_dag.py
[2026-03-18T14:02:20.850+0000] {logging_mixin.py:190} INFO - [2026-03-18T14:02:20.850+0000] {dag.py:3239} INFO - Sync 1 DAGs
[2026-03-18T14:02:20.866+0000] {logging_mixin.py:190} INFO - [2026-03-18T14:02:20.866+0000] {dag.py:4180} INFO - Setting next_dagrun for example_trigger_controller_dag to 2021-01-01 00:00:00+00:00, run_after=2021-01-01 00:00:00+00:00
[2026-03-18T14:02:20.900+0000] {processor.py:208} INFO - Processing /home/komal/data-engineering-projects/airflow-spark-pipeline/airflow_venv/lib/python3.11/site-packages/airflow/example_dags/example_trigger_controller_dag.py took 0.103 seconds
