[2026-03-18T06:16:32.371+0000] {processor.py:157} INFO - Started process (PID=27486) to work on /home/komal/data-engineering-projects/airflow-spark-pipeline/airflow_venv/lib/python3.11/site-packages/airflow/example_dags/example_complex.py
[2026-03-18T06:16:32.372+0000] {processor.py:826} INFO - Processing file /home/komal/data-engineering-projects/airflow-spark-pipeline/airflow_venv/lib/python3.11/site-packages/airflow/example_dags/example_complex.py for tasks to queue
[2026-03-18T06:16:32.372+0000] {logging_mixin.py:150} INFO - [2026-03-18T06:16:32.372+0000] {dagbag.py:541} INFO - Filling up the DagBag from /home/komal/data-engineering-projects/airflow-spark-pipeline/airflow_venv/lib/python3.11/site-packages/airflow/example_dags/example_complex.py
[2026-03-18T06:16:32.379+0000] {processor.py:836} INFO - DAG(s) dict_keys(['example_complex']) retrieved from /home/komal/data-engineering-projects/airflow-spark-pipeline/airflow_venv/lib/python3.11/site-packages/airflow/example_dags/example_complex.py
[2026-03-18T06:16:32.545+0000] {logging_mixin.py:150} INFO - [2026-03-18T06:16:32.545+0000] {manager.py:504} INFO - Created Permission View: can delete on DAG:example_complex
[2026-03-18T06:16:32.579+0000] {logging_mixin.py:150} INFO - [2026-03-18T06:16:32.579+0000] {manager.py:504} INFO - Created Permission View: can read on DAG:example_complex
[2026-03-18T06:16:32.647+0000] {logging_mixin.py:150} INFO - [2026-03-18T06:16:32.647+0000] {manager.py:504} INFO - Created Permission View: can edit on DAG:example_complex
[2026-03-18T06:16:32.660+0000] {logging_mixin.py:150} INFO - [2026-03-18T06:16:32.660+0000] {dag.py:2742} INFO - Sync 1 DAGs
[2026-03-18T06:16:32.666+0000] {logging_mixin.py:150} INFO - [2026-03-18T06:16:32.666+0000] {dag.py:2763} INFO - Creating ORM DAG for example_complex
[2026-03-18T06:16:32.670+0000] {logging_mixin.py:150} INFO - [2026-03-18T06:16:32.670+0000] {dag.py:3504} INFO - Setting next_dagrun for example_complex to None, run_after=None
[2026-03-18T06:16:32.810+0000] {processor.py:179} INFO - Processing /home/komal/data-engineering-projects/airflow-spark-pipeline/airflow_venv/lib/python3.11/site-packages/airflow/example_dags/example_complex.py took 0.442 seconds
[2026-03-18T06:17:22.963+0000] {processor.py:157} INFO - Started process (PID=27548) to work on /home/komal/data-engineering-projects/airflow-spark-pipeline/airflow_venv/lib/python3.11/site-packages/airflow/example_dags/example_complex.py
[2026-03-18T06:17:22.965+0000] {processor.py:826} INFO - Processing file /home/komal/data-engineering-projects/airflow-spark-pipeline/airflow_venv/lib/python3.11/site-packages/airflow/example_dags/example_complex.py for tasks to queue
[2026-03-18T06:17:22.966+0000] {logging_mixin.py:150} INFO - [2026-03-18T06:17:22.965+0000] {dagbag.py:541} INFO - Filling up the DagBag from /home/komal/data-engineering-projects/airflow-spark-pipeline/airflow_venv/lib/python3.11/site-packages/airflow/example_dags/example_complex.py
[2026-03-18T06:17:22.978+0000] {processor.py:836} INFO - DAG(s) dict_keys(['example_complex']) retrieved from /home/komal/data-engineering-projects/airflow-spark-pipeline/airflow_venv/lib/python3.11/site-packages/airflow/example_dags/example_complex.py
[2026-03-18T06:17:22.995+0000] {logging_mixin.py:150} INFO - [2026-03-18T06:17:22.995+0000] {dag.py:2742} INFO - Sync 1 DAGs
[2026-03-18T06:17:23.012+0000] {logging_mixin.py:150} INFO - [2026-03-18T06:17:23.012+0000] {dag.py:3504} INFO - Setting next_dagrun for example_complex to None, run_after=None
[2026-03-18T06:17:23.041+0000] {processor.py:179} INFO - Processing /home/komal/data-engineering-projects/airflow-spark-pipeline/airflow_venv/lib/python3.11/site-packages/airflow/example_dags/example_complex.py took 0.086 seconds
[2026-03-18T06:34:12.166+0000] {processor.py:186} INFO - Started process (PID=28067) to work on /home/komal/data-engineering-projects/airflow-spark-pipeline/airflow_venv/lib/python3.11/site-packages/airflow/example_dags/example_complex.py
[2026-03-18T06:34:12.198+0000] {processor.py:914} INFO - Processing file /home/komal/data-engineering-projects/airflow-spark-pipeline/airflow_venv/lib/python3.11/site-packages/airflow/example_dags/example_complex.py for tasks to queue
[2026-03-18T06:34:12.200+0000] {logging_mixin.py:190} INFO - [2026-03-18T06:34:12.200+0000] {dagbag.py:588} INFO - Filling up the DagBag from /home/komal/data-engineering-projects/airflow-spark-pipeline/airflow_venv/lib/python3.11/site-packages/airflow/example_dags/example_complex.py
[2026-03-18T06:34:12.215+0000] {processor.py:925} INFO - DAG(s) 'example_complex' retrieved from /home/komal/data-engineering-projects/airflow-spark-pipeline/airflow_venv/lib/python3.11/site-packages/airflow/example_dags/example_complex.py
[2026-03-18T06:34:12.286+0000] {logging_mixin.py:190} INFO - [2026-03-18T06:34:12.286+0000] {dag.py:3239} INFO - Sync 1 DAGs
[2026-03-18T06:34:12.293+0000] {logging_mixin.py:190} INFO - [2026-03-18T06:34:12.292+0000] {dag.py:4180} INFO - Setting next_dagrun for example_complex to None, run_after=None
[2026-03-18T06:34:12.321+0000] {processor.py:208} INFO - Processing /home/komal/data-engineering-projects/airflow-spark-pipeline/airflow_venv/lib/python3.11/site-packages/airflow/example_dags/example_complex.py took 0.159 seconds
[2026-03-18T06:35:20.276+0000] {processor.py:186} INFO - Started process (PID=28134) to work on /home/komal/data-engineering-projects/airflow-spark-pipeline/airflow_venv/lib/python3.11/site-packages/airflow/example_dags/example_complex.py
[2026-03-18T06:35:20.309+0000] {processor.py:914} INFO - Processing file /home/komal/data-engineering-projects/airflow-spark-pipeline/airflow_venv/lib/python3.11/site-packages/airflow/example_dags/example_complex.py for tasks to queue
[2026-03-18T06:35:20.310+0000] {logging_mixin.py:190} INFO - [2026-03-18T06:35:20.310+0000] {dagbag.py:588} INFO - Filling up the DagBag from /home/komal/data-engineering-projects/airflow-spark-pipeline/airflow_venv/lib/python3.11/site-packages/airflow/example_dags/example_complex.py
[2026-03-18T06:35:20.320+0000] {processor.py:925} INFO - DAG(s) 'example_complex' retrieved from /home/komal/data-engineering-projects/airflow-spark-pipeline/airflow_venv/lib/python3.11/site-packages/airflow/example_dags/example_complex.py
[2026-03-18T06:35:20.342+0000] {logging_mixin.py:190} INFO - [2026-03-18T06:35:20.341+0000] {dag.py:3239} INFO - Sync 1 DAGs
[2026-03-18T06:35:20.351+0000] {logging_mixin.py:190} INFO - [2026-03-18T06:35:20.351+0000] {dag.py:4180} INFO - Setting next_dagrun for example_complex to None, run_after=None
[2026-03-18T06:35:20.373+0000] {processor.py:208} INFO - Processing /home/komal/data-engineering-projects/airflow-spark-pipeline/airflow_venv/lib/python3.11/site-packages/airflow/example_dags/example_complex.py took 0.103 seconds
[2026-03-18T06:36:25.722+0000] {processor.py:186} INFO - Started process (PID=28208) to work on /home/komal/data-engineering-projects/airflow-spark-pipeline/airflow_venv/lib/python3.11/site-packages/airflow/example_dags/example_complex.py
[2026-03-18T06:36:25.726+0000] {processor.py:914} INFO - Processing file /home/komal/data-engineering-projects/airflow-spark-pipeline/airflow_venv/lib/python3.11/site-packages/airflow/example_dags/example_complex.py for tasks to queue
[2026-03-18T06:36:25.728+0000] {logging_mixin.py:190} INFO - [2026-03-18T06:36:25.727+0000] {dagbag.py:588} INFO - Filling up the DagBag from /home/komal/data-engineering-projects/airflow-spark-pipeline/airflow_venv/lib/python3.11/site-packages/airflow/example_dags/example_complex.py
[2026-03-18T06:36:25.744+0000] {processor.py:925} INFO - DAG(s) 'example_complex' retrieved from /home/komal/data-engineering-projects/airflow-spark-pipeline/airflow_venv/lib/python3.11/site-packages/airflow/example_dags/example_complex.py
[2026-03-18T06:36:25.770+0000] {logging_mixin.py:190} INFO - [2026-03-18T06:36:25.770+0000] {dag.py:3239} INFO - Sync 1 DAGs
[2026-03-18T06:36:25.790+0000] {logging_mixin.py:190} INFO - [2026-03-18T06:36:25.789+0000] {dag.py:4180} INFO - Setting next_dagrun for example_complex to None, run_after=None
[2026-03-18T06:36:25.884+0000] {processor.py:208} INFO - Processing /home/komal/data-engineering-projects/airflow-spark-pipeline/airflow_venv/lib/python3.11/site-packages/airflow/example_dags/example_complex.py took 0.170 seconds
[2026-03-18T06:37:32.152+0000] {processor.py:186} INFO - Started process (PID=28272) to work on /home/komal/data-engineering-projects/airflow-spark-pipeline/airflow_venv/lib/python3.11/site-packages/airflow/example_dags/example_complex.py
[2026-03-18T06:37:32.183+0000] {processor.py:914} INFO - Processing file /home/komal/data-engineering-projects/airflow-spark-pipeline/airflow_venv/lib/python3.11/site-packages/airflow/example_dags/example_complex.py for tasks to queue
[2026-03-18T06:37:32.184+0000] {logging_mixin.py:190} INFO - [2026-03-18T06:37:32.183+0000] {dagbag.py:588} INFO - Filling up the DagBag from /home/komal/data-engineering-projects/airflow-spark-pipeline/airflow_venv/lib/python3.11/site-packages/airflow/example_dags/example_complex.py
[2026-03-18T06:37:32.192+0000] {processor.py:925} INFO - DAG(s) 'example_complex' retrieved from /home/komal/data-engineering-projects/airflow-spark-pipeline/airflow_venv/lib/python3.11/site-packages/airflow/example_dags/example_complex.py
[2026-03-18T06:37:32.209+0000] {logging_mixin.py:190} INFO - [2026-03-18T06:37:32.209+0000] {dag.py:3239} INFO - Sync 1 DAGs
[2026-03-18T06:37:32.217+0000] {logging_mixin.py:190} INFO - [2026-03-18T06:37:32.217+0000] {dag.py:4180} INFO - Setting next_dagrun for example_complex to None, run_after=None
[2026-03-18T06:37:32.271+0000] {processor.py:208} INFO - Processing /home/komal/data-engineering-projects/airflow-spark-pipeline/airflow_venv/lib/python3.11/site-packages/airflow/example_dags/example_complex.py took 0.123 seconds
[2026-03-18T06:38:54.514+0000] {processor.py:186} INFO - Started process (PID=28438) to work on /home/komal/data-engineering-projects/airflow-spark-pipeline/airflow_venv/lib/python3.11/site-packages/airflow/example_dags/example_complex.py
[2026-03-18T06:38:54.517+0000] {processor.py:914} INFO - Processing file /home/komal/data-engineering-projects/airflow-spark-pipeline/airflow_venv/lib/python3.11/site-packages/airflow/example_dags/example_complex.py for tasks to queue
[2026-03-18T06:38:54.519+0000] {logging_mixin.py:190} INFO - [2026-03-18T06:38:54.518+0000] {dagbag.py:588} INFO - Filling up the DagBag from /home/komal/data-engineering-projects/airflow-spark-pipeline/airflow_venv/lib/python3.11/site-packages/airflow/example_dags/example_complex.py
[2026-03-18T06:38:54.528+0000] {processor.py:925} INFO - DAG(s) 'example_complex' retrieved from /home/komal/data-engineering-projects/airflow-spark-pipeline/airflow_venv/lib/python3.11/site-packages/airflow/example_dags/example_complex.py
[2026-03-18T06:38:54.544+0000] {logging_mixin.py:190} INFO - [2026-03-18T06:38:54.544+0000] {dag.py:3239} INFO - Sync 1 DAGs
[2026-03-18T06:38:54.551+0000] {logging_mixin.py:190} INFO - [2026-03-18T06:38:54.551+0000] {dag.py:4180} INFO - Setting next_dagrun for example_complex to None, run_after=None
[2026-03-18T06:38:54.591+0000] {processor.py:208} INFO - Processing /home/komal/data-engineering-projects/airflow-spark-pipeline/airflow_venv/lib/python3.11/site-packages/airflow/example_dags/example_complex.py took 0.084 seconds
[2026-03-18T06:40:09.360+0000] {processor.py:186} INFO - Started process (PID=28516) to work on /home/komal/data-engineering-projects/airflow-spark-pipeline/airflow_venv/lib/python3.11/site-packages/airflow/example_dags/example_complex.py
[2026-03-18T06:40:09.391+0000] {processor.py:914} INFO - Processing file /home/komal/data-engineering-projects/airflow-spark-pipeline/airflow_venv/lib/python3.11/site-packages/airflow/example_dags/example_complex.py for tasks to queue
[2026-03-18T06:40:09.393+0000] {logging_mixin.py:190} INFO - [2026-03-18T06:40:09.393+0000] {dagbag.py:588} INFO - Filling up the DagBag from /home/komal/data-engineering-projects/airflow-spark-pipeline/airflow_venv/lib/python3.11/site-packages/airflow/example_dags/example_complex.py
[2026-03-18T06:40:09.404+0000] {processor.py:925} INFO - DAG(s) 'example_complex' retrieved from /home/komal/data-engineering-projects/airflow-spark-pipeline/airflow_venv/lib/python3.11/site-packages/airflow/example_dags/example_complex.py
[2026-03-18T06:40:09.425+0000] {logging_mixin.py:190} INFO - [2026-03-18T06:40:09.424+0000] {dag.py:3239} INFO - Sync 1 DAGs
[2026-03-18T06:40:09.433+0000] {logging_mixin.py:190} INFO - [2026-03-18T06:40:09.433+0000] {dag.py:4180} INFO - Setting next_dagrun for example_complex to None, run_after=None
[2026-03-18T06:40:09.451+0000] {processor.py:208} INFO - Processing /home/komal/data-engineering-projects/airflow-spark-pipeline/airflow_venv/lib/python3.11/site-packages/airflow/example_dags/example_complex.py took 0.102 seconds
[2026-03-18T06:41:15.194+0000] {processor.py:186} INFO - Started process (PID=28584) to work on /home/komal/data-engineering-projects/airflow-spark-pipeline/airflow_venv/lib/python3.11/site-packages/airflow/example_dags/example_complex.py
[2026-03-18T06:41:15.227+0000] {processor.py:914} INFO - Processing file /home/komal/data-engineering-projects/airflow-spark-pipeline/airflow_venv/lib/python3.11/site-packages/airflow/example_dags/example_complex.py for tasks to queue
[2026-03-18T06:41:15.231+0000] {logging_mixin.py:190} INFO - [2026-03-18T06:41:15.230+0000] {dagbag.py:588} INFO - Filling up the DagBag from /home/komal/data-engineering-projects/airflow-spark-pipeline/airflow_venv/lib/python3.11/site-packages/airflow/example_dags/example_complex.py
[2026-03-18T06:41:15.248+0000] {processor.py:925} INFO - DAG(s) 'example_complex' retrieved from /home/komal/data-engineering-projects/airflow-spark-pipeline/airflow_venv/lib/python3.11/site-packages/airflow/example_dags/example_complex.py
[2026-03-18T06:41:15.264+0000] {logging_mixin.py:190} INFO - [2026-03-18T06:41:15.264+0000] {dag.py:3239} INFO - Sync 1 DAGs
[2026-03-18T06:41:15.271+0000] {logging_mixin.py:190} INFO - [2026-03-18T06:41:15.271+0000] {dag.py:4180} INFO - Setting next_dagrun for example_complex to None, run_after=None
[2026-03-18T06:41:15.294+0000] {processor.py:208} INFO - Processing /home/komal/data-engineering-projects/airflow-spark-pipeline/airflow_venv/lib/python3.11/site-packages/airflow/example_dags/example_complex.py took 0.109 seconds
[2026-03-18T06:42:29.268+0000] {processor.py:186} INFO - Started process (PID=28733) to work on /home/komal/data-engineering-projects/airflow-spark-pipeline/airflow_venv/lib/python3.11/site-packages/airflow/example_dags/example_complex.py
[2026-03-18T06:42:29.270+0000] {processor.py:914} INFO - Processing file /home/komal/data-engineering-projects/airflow-spark-pipeline/airflow_venv/lib/python3.11/site-packages/airflow/example_dags/example_complex.py for tasks to queue
[2026-03-18T06:42:29.271+0000] {logging_mixin.py:190} INFO - [2026-03-18T06:42:29.271+0000] {dagbag.py:588} INFO - Filling up the DagBag from /home/komal/data-engineering-projects/airflow-spark-pipeline/airflow_venv/lib/python3.11/site-packages/airflow/example_dags/example_complex.py
[2026-03-18T06:42:29.281+0000] {processor.py:925} INFO - DAG(s) 'example_complex' retrieved from /home/komal/data-engineering-projects/airflow-spark-pipeline/airflow_venv/lib/python3.11/site-packages/airflow/example_dags/example_complex.py
[2026-03-18T06:42:29.300+0000] {logging_mixin.py:190} INFO - [2026-03-18T06:42:29.299+0000] {dag.py:3239} INFO - Sync 1 DAGs
[2026-03-18T06:42:29.407+0000] {logging_mixin.py:190} INFO - [2026-03-18T06:42:29.406+0000] {dag.py:4180} INFO - Setting next_dagrun for example_complex to None, run_after=None
[2026-03-18T06:42:29.441+0000] {processor.py:208} INFO - Processing /home/komal/data-engineering-projects/airflow-spark-pipeline/airflow_venv/lib/python3.11/site-packages/airflow/example_dags/example_complex.py took 0.179 seconds
[2026-03-18T06:43:52.703+0000] {processor.py:186} INFO - Started process (PID=28891) to work on /home/komal/data-engineering-projects/airflow-spark-pipeline/airflow_venv/lib/python3.11/site-packages/airflow/example_dags/example_complex.py
[2026-03-18T06:43:52.707+0000] {processor.py:914} INFO - Processing file /home/komal/data-engineering-projects/airflow-spark-pipeline/airflow_venv/lib/python3.11/site-packages/airflow/example_dags/example_complex.py for tasks to queue
[2026-03-18T06:43:52.711+0000] {logging_mixin.py:190} INFO - [2026-03-18T06:43:52.710+0000] {dagbag.py:588} INFO - Filling up the DagBag from /home/komal/data-engineering-projects/airflow-spark-pipeline/airflow_venv/lib/python3.11/site-packages/airflow/example_dags/example_complex.py
[2026-03-18T06:43:52.729+0000] {processor.py:925} INFO - DAG(s) 'example_complex' retrieved from /home/komal/data-engineering-projects/airflow-spark-pipeline/airflow_venv/lib/python3.11/site-packages/airflow/example_dags/example_complex.py
[2026-03-18T06:43:52.769+0000] {logging_mixin.py:190} INFO - [2026-03-18T06:43:52.769+0000] {dag.py:3239} INFO - Sync 1 DAGs
[2026-03-18T06:43:52.788+0000] {logging_mixin.py:190} INFO - [2026-03-18T06:43:52.788+0000] {dag.py:4180} INFO - Setting next_dagrun for example_complex to None, run_after=None
[2026-03-18T06:43:52.816+0000] {processor.py:208} INFO - Processing /home/komal/data-engineering-projects/airflow-spark-pipeline/airflow_venv/lib/python3.11/site-packages/airflow/example_dags/example_complex.py took 0.126 seconds
[2026-03-18T06:46:16.312+0000] {processor.py:186} INFO - Started process (PID=29402) to work on /home/komal/data-engineering-projects/airflow-spark-pipeline/airflow_venv/lib/python3.11/site-packages/airflow/example_dags/example_complex.py
[2026-03-18T06:46:16.313+0000] {processor.py:914} INFO - Processing file /home/komal/data-engineering-projects/airflow-spark-pipeline/airflow_venv/lib/python3.11/site-packages/airflow/example_dags/example_complex.py for tasks to queue
[2026-03-18T06:46:16.315+0000] {logging_mixin.py:190} INFO - [2026-03-18T06:46:16.315+0000] {dagbag.py:588} INFO - Filling up the DagBag from /home/komal/data-engineering-projects/airflow-spark-pipeline/airflow_venv/lib/python3.11/site-packages/airflow/example_dags/example_complex.py
[2026-03-18T06:46:16.324+0000] {processor.py:925} INFO - DAG(s) 'example_complex' retrieved from /home/komal/data-engineering-projects/airflow-spark-pipeline/airflow_venv/lib/python3.11/site-packages/airflow/example_dags/example_complex.py
[2026-03-18T06:46:16.340+0000] {logging_mixin.py:190} INFO - [2026-03-18T06:46:16.340+0000] {dag.py:3239} INFO - Sync 1 DAGs
[2026-03-18T06:46:16.349+0000] {logging_mixin.py:190} INFO - [2026-03-18T06:46:16.349+0000] {dag.py:4180} INFO - Setting next_dagrun for example_complex to None, run_after=None
[2026-03-18T06:46:16.374+0000] {processor.py:208} INFO - Processing /home/komal/data-engineering-projects/airflow-spark-pipeline/airflow_venv/lib/python3.11/site-packages/airflow/example_dags/example_complex.py took 0.069 seconds
[2026-03-18T06:47:29.486+0000] {processor.py:186} INFO - Started process (PID=29474) to work on /home/komal/data-engineering-projects/airflow-spark-pipeline/airflow_venv/lib/python3.11/site-packages/airflow/example_dags/example_complex.py
[2026-03-18T06:47:29.495+0000] {processor.py:914} INFO - Processing file /home/komal/data-engineering-projects/airflow-spark-pipeline/airflow_venv/lib/python3.11/site-packages/airflow/example_dags/example_complex.py for tasks to queue
[2026-03-18T06:47:29.497+0000] {logging_mixin.py:190} INFO - [2026-03-18T06:47:29.496+0000] {dagbag.py:588} INFO - Filling up the DagBag from /home/komal/data-engineering-projects/airflow-spark-pipeline/airflow_venv/lib/python3.11/site-packages/airflow/example_dags/example_complex.py
[2026-03-18T06:47:29.506+0000] {processor.py:925} INFO - DAG(s) 'example_complex' retrieved from /home/komal/data-engineering-projects/airflow-spark-pipeline/airflow_venv/lib/python3.11/site-packages/airflow/example_dags/example_complex.py
[2026-03-18T06:47:29.521+0000] {logging_mixin.py:190} INFO - [2026-03-18T06:47:29.521+0000] {dag.py:3239} INFO - Sync 1 DAGs
[2026-03-18T06:47:29.528+0000] {logging_mixin.py:190} INFO - [2026-03-18T06:47:29.528+0000] {dag.py:4180} INFO - Setting next_dagrun for example_complex to None, run_after=None
[2026-03-18T06:47:29.553+0000] {processor.py:208} INFO - Processing /home/komal/data-engineering-projects/airflow-spark-pipeline/airflow_venv/lib/python3.11/site-packages/airflow/example_dags/example_complex.py took 0.075 seconds
[2026-03-18T06:48:52.453+0000] {processor.py:186} INFO - Started process (PID=29633) to work on /home/komal/data-engineering-projects/airflow-spark-pipeline/airflow_venv/lib/python3.11/site-packages/airflow/example_dags/example_complex.py
[2026-03-18T06:48:52.486+0000] {processor.py:914} INFO - Processing file /home/komal/data-engineering-projects/airflow-spark-pipeline/airflow_venv/lib/python3.11/site-packages/airflow/example_dags/example_complex.py for tasks to queue
[2026-03-18T06:48:52.490+0000] {logging_mixin.py:190} INFO - [2026-03-18T06:48:52.489+0000] {dagbag.py:588} INFO - Filling up the DagBag from /home/komal/data-engineering-projects/airflow-spark-pipeline/airflow_venv/lib/python3.11/site-packages/airflow/example_dags/example_complex.py
[2026-03-18T06:48:52.508+0000] {processor.py:925} INFO - DAG(s) 'example_complex' retrieved from /home/komal/data-engineering-projects/airflow-spark-pipeline/airflow_venv/lib/python3.11/site-packages/airflow/example_dags/example_complex.py
[2026-03-18T06:48:52.536+0000] {logging_mixin.py:190} INFO - [2026-03-18T06:48:52.536+0000] {dag.py:3239} INFO - Sync 1 DAGs
[2026-03-18T06:48:52.547+0000] {logging_mixin.py:190} INFO - [2026-03-18T06:48:52.547+0000] {dag.py:4180} INFO - Setting next_dagrun for example_complex to None, run_after=None
[2026-03-18T06:48:52.576+0000] {processor.py:208} INFO - Processing /home/komal/data-engineering-projects/airflow-spark-pipeline/airflow_venv/lib/python3.11/site-packages/airflow/example_dags/example_complex.py took 0.133 seconds
[2026-03-18T06:50:02.626+0000] {processor.py:186} INFO - Started process (PID=29702) to work on /home/komal/data-engineering-projects/airflow-spark-pipeline/airflow_venv/lib/python3.11/site-packages/airflow/example_dags/example_complex.py
[2026-03-18T06:50:02.635+0000] {processor.py:914} INFO - Processing file /home/komal/data-engineering-projects/airflow-spark-pipeline/airflow_venv/lib/python3.11/site-packages/airflow/example_dags/example_complex.py for tasks to queue
[2026-03-18T06:50:02.638+0000] {logging_mixin.py:190} INFO - [2026-03-18T06:50:02.638+0000] {dagbag.py:588} INFO - Filling up the DagBag from /home/komal/data-engineering-projects/airflow-spark-pipeline/airflow_venv/lib/python3.11/site-packages/airflow/example_dags/example_complex.py
[2026-03-18T06:50:02.649+0000] {processor.py:925} INFO - DAG(s) 'example_complex' retrieved from /home/komal/data-engineering-projects/airflow-spark-pipeline/airflow_venv/lib/python3.11/site-packages/airflow/example_dags/example_complex.py
[2026-03-18T06:50:02.667+0000] {logging_mixin.py:190} INFO - [2026-03-18T06:50:02.666+0000] {dag.py:3239} INFO - Sync 1 DAGs
[2026-03-18T06:50:02.676+0000] {logging_mixin.py:190} INFO - [2026-03-18T06:50:02.675+0000] {dag.py:4180} INFO - Setting next_dagrun for example_complex to None, run_after=None
[2026-03-18T06:50:02.799+0000] {processor.py:208} INFO - Processing /home/komal/data-engineering-projects/airflow-spark-pipeline/airflow_venv/lib/python3.11/site-packages/airflow/example_dags/example_complex.py took 0.182 seconds
[2026-03-18T06:52:22.402+0000] {processor.py:186} INFO - Started process (PID=29988) to work on /home/komal/data-engineering-projects/airflow-spark-pipeline/airflow_venv/lib/python3.11/site-packages/airflow/example_dags/example_complex.py
[2026-03-18T06:52:22.434+0000] {processor.py:914} INFO - Processing file /home/komal/data-engineering-projects/airflow-spark-pipeline/airflow_venv/lib/python3.11/site-packages/airflow/example_dags/example_complex.py for tasks to queue
[2026-03-18T06:52:22.438+0000] {logging_mixin.py:190} INFO - [2026-03-18T06:52:22.437+0000] {dagbag.py:588} INFO - Filling up the DagBag from /home/komal/data-engineering-projects/airflow-spark-pipeline/airflow_venv/lib/python3.11/site-packages/airflow/example_dags/example_complex.py
[2026-03-18T06:52:22.457+0000] {processor.py:925} INFO - DAG(s) 'example_complex' retrieved from /home/komal/data-engineering-projects/airflow-spark-pipeline/airflow_venv/lib/python3.11/site-packages/airflow/example_dags/example_complex.py
[2026-03-18T06:52:22.478+0000] {logging_mixin.py:190} INFO - [2026-03-18T06:52:22.477+0000] {dag.py:3239} INFO - Sync 1 DAGs
[2026-03-18T06:52:22.486+0000] {logging_mixin.py:190} INFO - [2026-03-18T06:52:22.485+0000] {dag.py:4180} INFO - Setting next_dagrun for example_complex to None, run_after=None
[2026-03-18T06:52:22.511+0000] {processor.py:208} INFO - Processing /home/komal/data-engineering-projects/airflow-spark-pipeline/airflow_venv/lib/python3.11/site-packages/airflow/example_dags/example_complex.py took 0.116 seconds
[2026-03-18T06:53:33.816+0000] {processor.py:186} INFO - Started process (PID=30057) to work on /home/komal/data-engineering-projects/airflow-spark-pipeline/airflow_venv/lib/python3.11/site-packages/airflow/example_dags/example_complex.py
[2026-03-18T06:53:33.849+0000] {processor.py:914} INFO - Processing file /home/komal/data-engineering-projects/airflow-spark-pipeline/airflow_venv/lib/python3.11/site-packages/airflow/example_dags/example_complex.py for tasks to queue
[2026-03-18T06:53:33.853+0000] {logging_mixin.py:190} INFO - [2026-03-18T06:53:33.852+0000] {dagbag.py:588} INFO - Filling up the DagBag from /home/komal/data-engineering-projects/airflow-spark-pipeline/airflow_venv/lib/python3.11/site-packages/airflow/example_dags/example_complex.py
[2026-03-18T06:53:33.869+0000] {processor.py:925} INFO - DAG(s) 'example_complex' retrieved from /home/komal/data-engineering-projects/airflow-spark-pipeline/airflow_venv/lib/python3.11/site-packages/airflow/example_dags/example_complex.py
[2026-03-18T06:53:33.890+0000] {logging_mixin.py:190} INFO - [2026-03-18T06:53:33.890+0000] {dag.py:3239} INFO - Sync 1 DAGs
[2026-03-18T06:53:33.898+0000] {logging_mixin.py:190} INFO - [2026-03-18T06:53:33.898+0000] {dag.py:4180} INFO - Setting next_dagrun for example_complex to None, run_after=None
[2026-03-18T06:53:33.921+0000] {processor.py:208} INFO - Processing /home/komal/data-engineering-projects/airflow-spark-pipeline/airflow_venv/lib/python3.11/site-packages/airflow/example_dags/example_complex.py took 0.115 seconds
[2026-03-18T06:55:11.385+0000] {processor.py:186} INFO - Started process (PID=30219) to work on /home/komal/data-engineering-projects/airflow-spark-pipeline/airflow_venv/lib/python3.11/site-packages/airflow/example_dags/example_complex.py
[2026-03-18T06:55:11.399+0000] {processor.py:914} INFO - Processing file /home/komal/data-engineering-projects/airflow-spark-pipeline/airflow_venv/lib/python3.11/site-packages/airflow/example_dags/example_complex.py for tasks to queue
[2026-03-18T06:55:11.401+0000] {logging_mixin.py:190} INFO - [2026-03-18T06:55:11.400+0000] {dagbag.py:588} INFO - Filling up the DagBag from /home/komal/data-engineering-projects/airflow-spark-pipeline/airflow_venv/lib/python3.11/site-packages/airflow/example_dags/example_complex.py
[2026-03-18T06:55:11.412+0000] {processor.py:925} INFO - DAG(s) 'example_complex' retrieved from /home/komal/data-engineering-projects/airflow-spark-pipeline/airflow_venv/lib/python3.11/site-packages/airflow/example_dags/example_complex.py
[2026-03-18T06:55:11.427+0000] {logging_mixin.py:190} INFO - [2026-03-18T06:55:11.427+0000] {dag.py:3239} INFO - Sync 1 DAGs
[2026-03-18T06:55:11.434+0000] {logging_mixin.py:190} INFO - [2026-03-18T06:55:11.434+0000] {dag.py:4180} INFO - Setting next_dagrun for example_complex to None, run_after=None
[2026-03-18T06:55:11.461+0000] {processor.py:208} INFO - Processing /home/komal/data-engineering-projects/airflow-spark-pipeline/airflow_venv/lib/python3.11/site-packages/airflow/example_dags/example_complex.py took 0.080 seconds
[2026-03-18T06:57:03.543+0000] {processor.py:186} INFO - Started process (PID=30483) to work on /home/komal/data-engineering-projects/airflow-spark-pipeline/airflow_venv/lib/python3.11/site-packages/airflow/example_dags/example_complex.py
[2026-03-18T06:57:03.575+0000] {processor.py:914} INFO - Processing file /home/komal/data-engineering-projects/airflow-spark-pipeline/airflow_venv/lib/python3.11/site-packages/airflow/example_dags/example_complex.py for tasks to queue
[2026-03-18T06:57:03.577+0000] {logging_mixin.py:190} INFO - [2026-03-18T06:57:03.577+0000] {dagbag.py:588} INFO - Filling up the DagBag from /home/komal/data-engineering-projects/airflow-spark-pipeline/airflow_venv/lib/python3.11/site-packages/airflow/example_dags/example_complex.py
[2026-03-18T06:57:03.585+0000] {processor.py:925} INFO - DAG(s) 'example_complex' retrieved from /home/komal/data-engineering-projects/airflow-spark-pipeline/airflow_venv/lib/python3.11/site-packages/airflow/example_dags/example_complex.py
[2026-03-18T06:57:03.614+0000] {logging_mixin.py:190} INFO - [2026-03-18T06:57:03.613+0000] {dag.py:3239} INFO - Sync 1 DAGs
[2026-03-18T06:57:03.626+0000] {logging_mixin.py:190} INFO - [2026-03-18T06:57:03.626+0000] {dag.py:4180} INFO - Setting next_dagrun for example_complex to None, run_after=None
[2026-03-18T06:57:03.664+0000] {processor.py:208} INFO - Processing /home/komal/data-engineering-projects/airflow-spark-pipeline/airflow_venv/lib/python3.11/site-packages/airflow/example_dags/example_complex.py took 0.130 seconds
[2026-03-18T06:58:20.013+0000] {processor.py:186} INFO - Started process (PID=30559) to work on /home/komal/data-engineering-projects/airflow-spark-pipeline/airflow_venv/lib/python3.11/site-packages/airflow/example_dags/example_complex.py
[2026-03-18T06:58:20.016+0000] {processor.py:914} INFO - Processing file /home/komal/data-engineering-projects/airflow-spark-pipeline/airflow_venv/lib/python3.11/site-packages/airflow/example_dags/example_complex.py for tasks to queue
[2026-03-18T06:58:20.019+0000] {logging_mixin.py:190} INFO - [2026-03-18T06:58:20.018+0000] {dagbag.py:588} INFO - Filling up the DagBag from /home/komal/data-engineering-projects/airflow-spark-pipeline/airflow_venv/lib/python3.11/site-packages/airflow/example_dags/example_complex.py
[2026-03-18T06:58:20.034+0000] {processor.py:925} INFO - DAG(s) 'example_complex' retrieved from /home/komal/data-engineering-projects/airflow-spark-pipeline/airflow_venv/lib/python3.11/site-packages/airflow/example_dags/example_complex.py
[2026-03-18T06:58:20.056+0000] {logging_mixin.py:190} INFO - [2026-03-18T06:58:20.056+0000] {dag.py:3239} INFO - Sync 1 DAGs
[2026-03-18T06:58:20.065+0000] {logging_mixin.py:190} INFO - [2026-03-18T06:58:20.065+0000] {dag.py:4180} INFO - Setting next_dagrun for example_complex to None, run_after=None
[2026-03-18T06:58:20.089+0000] {processor.py:208} INFO - Processing /home/komal/data-engineering-projects/airflow-spark-pipeline/airflow_venv/lib/python3.11/site-packages/airflow/example_dags/example_complex.py took 0.091 seconds
[2026-03-18T06:59:40.364+0000] {processor.py:186} INFO - Started process (PID=30709) to work on /home/komal/data-engineering-projects/airflow-spark-pipeline/airflow_venv/lib/python3.11/site-packages/airflow/example_dags/example_complex.py
[2026-03-18T06:59:40.366+0000] {processor.py:914} INFO - Processing file /home/komal/data-engineering-projects/airflow-spark-pipeline/airflow_venv/lib/python3.11/site-packages/airflow/example_dags/example_complex.py for tasks to queue
[2026-03-18T06:59:40.368+0000] {logging_mixin.py:190} INFO - [2026-03-18T06:59:40.368+0000] {dagbag.py:588} INFO - Filling up the DagBag from /home/komal/data-engineering-projects/airflow-spark-pipeline/airflow_venv/lib/python3.11/site-packages/airflow/example_dags/example_complex.py
[2026-03-18T06:59:40.377+0000] {processor.py:925} INFO - DAG(s) 'example_complex' retrieved from /home/komal/data-engineering-projects/airflow-spark-pipeline/airflow_venv/lib/python3.11/site-packages/airflow/example_dags/example_complex.py
[2026-03-18T06:59:40.394+0000] {logging_mixin.py:190} INFO - [2026-03-18T06:59:40.393+0000] {dag.py:3239} INFO - Sync 1 DAGs
[2026-03-18T06:59:40.401+0000] {logging_mixin.py:190} INFO - [2026-03-18T06:59:40.401+0000] {dag.py:4180} INFO - Setting next_dagrun for example_complex to None, run_after=None
[2026-03-18T06:59:40.422+0000] {processor.py:208} INFO - Processing /home/komal/data-engineering-projects/airflow-spark-pipeline/airflow_venv/lib/python3.11/site-packages/airflow/example_dags/example_complex.py took 0.064 seconds
[2026-03-18T07:00:59.071+0000] {processor.py:186} INFO - Started process (PID=30854) to work on /home/komal/data-engineering-projects/airflow-spark-pipeline/airflow_venv/lib/python3.11/site-packages/airflow/example_dags/example_complex.py
[2026-03-18T07:00:59.104+0000] {processor.py:914} INFO - Processing file /home/komal/data-engineering-projects/airflow-spark-pipeline/airflow_venv/lib/python3.11/site-packages/airflow/example_dags/example_complex.py for tasks to queue
[2026-03-18T07:00:59.108+0000] {logging_mixin.py:190} INFO - [2026-03-18T07:00:59.107+0000] {dagbag.py:588} INFO - Filling up the DagBag from /home/komal/data-engineering-projects/airflow-spark-pipeline/airflow_venv/lib/python3.11/site-packages/airflow/example_dags/example_complex.py
[2026-03-18T07:00:59.121+0000] {processor.py:925} INFO - DAG(s) 'example_complex' retrieved from /home/komal/data-engineering-projects/airflow-spark-pipeline/airflow_venv/lib/python3.11/site-packages/airflow/example_dags/example_complex.py
[2026-03-18T07:00:59.145+0000] {logging_mixin.py:190} INFO - [2026-03-18T07:00:59.145+0000] {dag.py:3239} INFO - Sync 1 DAGs
[2026-03-18T07:00:59.288+0000] {logging_mixin.py:190} INFO - [2026-03-18T07:00:59.288+0000] {dag.py:4180} INFO - Setting next_dagrun for example_complex to None, run_after=None
[2026-03-18T07:00:59.362+0000] {processor.py:208} INFO - Processing /home/komal/data-engineering-projects/airflow-spark-pipeline/airflow_venv/lib/python3.11/site-packages/airflow/example_dags/example_complex.py took 0.297 seconds
[2026-03-18T07:02:23.460+0000] {processor.py:186} INFO - Started process (PID=30932) to work on /home/komal/data-engineering-projects/airflow-spark-pipeline/airflow_venv/lib/python3.11/site-packages/airflow/example_dags/example_complex.py
[2026-03-18T07:02:23.491+0000] {processor.py:914} INFO - Processing file /home/komal/data-engineering-projects/airflow-spark-pipeline/airflow_venv/lib/python3.11/site-packages/airflow/example_dags/example_complex.py for tasks to queue
[2026-03-18T07:02:23.494+0000] {logging_mixin.py:190} INFO - [2026-03-18T07:02:23.494+0000] {dagbag.py:588} INFO - Filling up the DagBag from /home/komal/data-engineering-projects/airflow-spark-pipeline/airflow_venv/lib/python3.11/site-packages/airflow/example_dags/example_complex.py
[2026-03-18T07:02:23.507+0000] {processor.py:925} INFO - DAG(s) 'example_complex' retrieved from /home/komal/data-engineering-projects/airflow-spark-pipeline/airflow_venv/lib/python3.11/site-packages/airflow/example_dags/example_complex.py
[2026-03-18T07:02:23.525+0000] {logging_mixin.py:190} INFO - [2026-03-18T07:02:23.524+0000] {dag.py:3239} INFO - Sync 1 DAGs
[2026-03-18T07:02:23.533+0000] {logging_mixin.py:190} INFO - [2026-03-18T07:02:23.533+0000] {dag.py:4180} INFO - Setting next_dagrun for example_complex to None, run_after=None
[2026-03-18T07:02:23.568+0000] {processor.py:208} INFO - Processing /home/komal/data-engineering-projects/airflow-spark-pipeline/airflow_venv/lib/python3.11/site-packages/airflow/example_dags/example_complex.py took 0.112 seconds
[2026-03-18T07:03:30.876+0000] {processor.py:186} INFO - Started process (PID=31051) to work on /home/komal/data-engineering-projects/airflow-spark-pipeline/airflow_venv/lib/python3.11/site-packages/airflow/example_dags/example_complex.py
[2026-03-18T07:03:30.879+0000] {processor.py:914} INFO - Processing file /home/komal/data-engineering-projects/airflow-spark-pipeline/airflow_venv/lib/python3.11/site-packages/airflow/example_dags/example_complex.py for tasks to queue
[2026-03-18T07:03:30.884+0000] {logging_mixin.py:190} INFO - [2026-03-18T07:03:30.883+0000] {dagbag.py:588} INFO - Filling up the DagBag from /home/komal/data-engineering-projects/airflow-spark-pipeline/airflow_venv/lib/python3.11/site-packages/airflow/example_dags/example_complex.py
[2026-03-18T07:03:30.893+0000] {processor.py:925} INFO - DAG(s) 'example_complex' retrieved from /home/komal/data-engineering-projects/airflow-spark-pipeline/airflow_venv/lib/python3.11/site-packages/airflow/example_dags/example_complex.py
[2026-03-18T07:03:30.915+0000] {logging_mixin.py:190} INFO - [2026-03-18T07:03:30.915+0000] {dag.py:3239} INFO - Sync 1 DAGs
[2026-03-18T07:03:30.930+0000] {logging_mixin.py:190} INFO - [2026-03-18T07:03:30.930+0000] {dag.py:4180} INFO - Setting next_dagrun for example_complex to None, run_after=None
[2026-03-18T07:03:30.949+0000] {processor.py:208} INFO - Processing /home/komal/data-engineering-projects/airflow-spark-pipeline/airflow_venv/lib/python3.11/site-packages/airflow/example_dags/example_complex.py took 0.078 seconds
[2026-03-18T07:04:28.302+0000] {processor.py:186} INFO - Started process (PID=31118) to work on /home/komal/data-engineering-projects/airflow-spark-pipeline/airflow_venv/lib/python3.11/site-packages/airflow/example_dags/example_complex.py
[2026-03-18T07:04:28.333+0000] {processor.py:914} INFO - Processing file /home/komal/data-engineering-projects/airflow-spark-pipeline/airflow_venv/lib/python3.11/site-packages/airflow/example_dags/example_complex.py for tasks to queue
[2026-03-18T07:04:28.335+0000] {logging_mixin.py:190} INFO - [2026-03-18T07:04:28.334+0000] {dagbag.py:588} INFO - Filling up the DagBag from /home/komal/data-engineering-projects/airflow-spark-pipeline/airflow_venv/lib/python3.11/site-packages/airflow/example_dags/example_complex.py
[2026-03-18T07:04:28.345+0000] {processor.py:925} INFO - DAG(s) 'example_complex' retrieved from /home/komal/data-engineering-projects/airflow-spark-pipeline/airflow_venv/lib/python3.11/site-packages/airflow/example_dags/example_complex.py
[2026-03-18T07:04:28.365+0000] {logging_mixin.py:190} INFO - [2026-03-18T07:04:28.365+0000] {dag.py:3239} INFO - Sync 1 DAGs
[2026-03-18T07:04:28.376+0000] {logging_mixin.py:190} INFO - [2026-03-18T07:04:28.376+0000] {dag.py:4180} INFO - Setting next_dagrun for example_complex to None, run_after=None
[2026-03-18T07:04:28.393+0000] {processor.py:208} INFO - Processing /home/komal/data-engineering-projects/airflow-spark-pipeline/airflow_venv/lib/python3.11/site-packages/airflow/example_dags/example_complex.py took 0.097 seconds
[2026-03-18T07:05:28.415+0000] {processor.py:186} INFO - Started process (PID=31178) to work on /home/komal/data-engineering-projects/airflow-spark-pipeline/airflow_venv/lib/python3.11/site-packages/airflow/example_dags/example_complex.py
[2026-03-18T07:05:28.416+0000] {processor.py:914} INFO - Processing file /home/komal/data-engineering-projects/airflow-spark-pipeline/airflow_venv/lib/python3.11/site-packages/airflow/example_dags/example_complex.py for tasks to queue
[2026-03-18T07:05:28.418+0000] {logging_mixin.py:190} INFO - [2026-03-18T07:05:28.417+0000] {dagbag.py:588} INFO - Filling up the DagBag from /home/komal/data-engineering-projects/airflow-spark-pipeline/airflow_venv/lib/python3.11/site-packages/airflow/example_dags/example_complex.py
[2026-03-18T07:05:28.427+0000] {processor.py:925} INFO - DAG(s) 'example_complex' retrieved from /home/komal/data-engineering-projects/airflow-spark-pipeline/airflow_venv/lib/python3.11/site-packages/airflow/example_dags/example_complex.py
[2026-03-18T07:05:28.449+0000] {logging_mixin.py:190} INFO - [2026-03-18T07:05:28.449+0000] {dag.py:3239} INFO - Sync 1 DAGs
[2026-03-18T07:05:28.459+0000] {logging_mixin.py:190} INFO - [2026-03-18T07:05:28.459+0000] {dag.py:4180} INFO - Setting next_dagrun for example_complex to None, run_after=None
[2026-03-18T07:05:28.477+0000] {processor.py:208} INFO - Processing /home/komal/data-engineering-projects/airflow-spark-pipeline/airflow_venv/lib/python3.11/site-packages/airflow/example_dags/example_complex.py took 0.070 seconds
[2026-03-18T07:09:52.750+0000] {processor.py:186} INFO - Started process (PID=31273) to work on /home/komal/data-engineering-projects/airflow-spark-pipeline/airflow_venv/lib/python3.11/site-packages/airflow/example_dags/example_complex.py
[2026-03-18T07:09:52.754+0000] {processor.py:914} INFO - Processing file /home/komal/data-engineering-projects/airflow-spark-pipeline/airflow_venv/lib/python3.11/site-packages/airflow/example_dags/example_complex.py for tasks to queue
[2026-03-18T07:09:52.755+0000] {logging_mixin.py:190} INFO - [2026-03-18T07:09:52.755+0000] {dagbag.py:588} INFO - Filling up the DagBag from /home/komal/data-engineering-projects/airflow-spark-pipeline/airflow_venv/lib/python3.11/site-packages/airflow/example_dags/example_complex.py
[2026-03-18T07:09:52.763+0000] {processor.py:925} INFO - DAG(s) 'example_complex' retrieved from /home/komal/data-engineering-projects/airflow-spark-pipeline/airflow_venv/lib/python3.11/site-packages/airflow/example_dags/example_complex.py
[2026-03-18T07:09:52.787+0000] {logging_mixin.py:190} INFO - [2026-03-18T07:09:52.787+0000] {dag.py:3239} INFO - Sync 1 DAGs
[2026-03-18T07:09:52.804+0000] {logging_mixin.py:190} INFO - [2026-03-18T07:09:52.804+0000] {dag.py:4180} INFO - Setting next_dagrun for example_complex to None, run_after=None
[2026-03-18T07:09:52.828+0000] {processor.py:208} INFO - Processing /home/komal/data-engineering-projects/airflow-spark-pipeline/airflow_venv/lib/python3.11/site-packages/airflow/example_dags/example_complex.py took 0.082 seconds
[2026-03-18T07:10:56.366+0000] {processor.py:186} INFO - Started process (PID=31338) to work on /home/komal/data-engineering-projects/airflow-spark-pipeline/airflow_venv/lib/python3.11/site-packages/airflow/example_dags/example_complex.py
[2026-03-18T07:10:56.397+0000] {processor.py:914} INFO - Processing file /home/komal/data-engineering-projects/airflow-spark-pipeline/airflow_venv/lib/python3.11/site-packages/airflow/example_dags/example_complex.py for tasks to queue
[2026-03-18T07:10:56.400+0000] {logging_mixin.py:190} INFO - [2026-03-18T07:10:56.399+0000] {dagbag.py:588} INFO - Filling up the DagBag from /home/komal/data-engineering-projects/airflow-spark-pipeline/airflow_venv/lib/python3.11/site-packages/airflow/example_dags/example_complex.py
[2026-03-18T07:10:56.415+0000] {processor.py:925} INFO - DAG(s) 'example_complex' retrieved from /home/komal/data-engineering-projects/airflow-spark-pipeline/airflow_venv/lib/python3.11/site-packages/airflow/example_dags/example_complex.py
[2026-03-18T07:10:56.436+0000] {logging_mixin.py:190} INFO - [2026-03-18T07:10:56.436+0000] {dag.py:3239} INFO - Sync 1 DAGs
[2026-03-18T07:10:56.446+0000] {logging_mixin.py:190} INFO - [2026-03-18T07:10:56.446+0000] {dag.py:4180} INFO - Setting next_dagrun for example_complex to None, run_after=None
[2026-03-18T07:10:56.466+0000] {processor.py:208} INFO - Processing /home/komal/data-engineering-projects/airflow-spark-pipeline/airflow_venv/lib/python3.11/site-packages/airflow/example_dags/example_complex.py took 0.110 seconds
[2026-03-18T07:12:00.534+0000] {processor.py:186} INFO - Started process (PID=31405) to work on /home/komal/data-engineering-projects/airflow-spark-pipeline/airflow_venv/lib/python3.11/site-packages/airflow/example_dags/example_complex.py
[2026-03-18T07:12:00.535+0000] {processor.py:914} INFO - Processing file /home/komal/data-engineering-projects/airflow-spark-pipeline/airflow_venv/lib/python3.11/site-packages/airflow/example_dags/example_complex.py for tasks to queue
[2026-03-18T07:12:00.536+0000] {logging_mixin.py:190} INFO - [2026-03-18T07:12:00.536+0000] {dagbag.py:588} INFO - Filling up the DagBag from /home/komal/data-engineering-projects/airflow-spark-pipeline/airflow_venv/lib/python3.11/site-packages/airflow/example_dags/example_complex.py
[2026-03-18T07:12:00.556+0000] {processor.py:925} INFO - DAG(s) 'example_complex' retrieved from /home/komal/data-engineering-projects/airflow-spark-pipeline/airflow_venv/lib/python3.11/site-packages/airflow/example_dags/example_complex.py
[2026-03-18T07:12:00.576+0000] {logging_mixin.py:190} INFO - [2026-03-18T07:12:00.576+0000] {dag.py:3239} INFO - Sync 1 DAGs
[2026-03-18T07:12:00.584+0000] {logging_mixin.py:190} INFO - [2026-03-18T07:12:00.584+0000] {dag.py:4180} INFO - Setting next_dagrun for example_complex to None, run_after=None
[2026-03-18T07:12:00.647+0000] {processor.py:208} INFO - Processing /home/komal/data-engineering-projects/airflow-spark-pipeline/airflow_venv/lib/python3.11/site-packages/airflow/example_dags/example_complex.py took 0.120 seconds
[2026-03-18T07:13:07.675+0000] {processor.py:186} INFO - Started process (PID=31472) to work on /home/komal/data-engineering-projects/airflow-spark-pipeline/airflow_venv/lib/python3.11/site-packages/airflow/example_dags/example_complex.py
[2026-03-18T07:13:07.680+0000] {processor.py:914} INFO - Processing file /home/komal/data-engineering-projects/airflow-spark-pipeline/airflow_venv/lib/python3.11/site-packages/airflow/example_dags/example_complex.py for tasks to queue
[2026-03-18T07:13:07.682+0000] {logging_mixin.py:190} INFO - [2026-03-18T07:13:07.681+0000] {dagbag.py:588} INFO - Filling up the DagBag from /home/komal/data-engineering-projects/airflow-spark-pipeline/airflow_venv/lib/python3.11/site-packages/airflow/example_dags/example_complex.py
[2026-03-18T07:13:07.692+0000] {processor.py:925} INFO - DAG(s) 'example_complex' retrieved from /home/komal/data-engineering-projects/airflow-spark-pipeline/airflow_venv/lib/python3.11/site-packages/airflow/example_dags/example_complex.py
[2026-03-18T07:13:07.721+0000] {logging_mixin.py:190} INFO - [2026-03-18T07:13:07.721+0000] {dag.py:3239} INFO - Sync 1 DAGs
[2026-03-18T07:13:07.735+0000] {logging_mixin.py:190} INFO - [2026-03-18T07:13:07.735+0000] {dag.py:4180} INFO - Setting next_dagrun for example_complex to None, run_after=None
[2026-03-18T07:13:07.766+0000] {processor.py:208} INFO - Processing /home/komal/data-engineering-projects/airflow-spark-pipeline/airflow_venv/lib/python3.11/site-packages/airflow/example_dags/example_complex.py took 0.095 seconds
[2026-03-18T07:14:16.102+0000] {processor.py:186} INFO - Started process (PID=31539) to work on /home/komal/data-engineering-projects/airflow-spark-pipeline/airflow_venv/lib/python3.11/site-packages/airflow/example_dags/example_complex.py
[2026-03-18T07:14:16.107+0000] {processor.py:914} INFO - Processing file /home/komal/data-engineering-projects/airflow-spark-pipeline/airflow_venv/lib/python3.11/site-packages/airflow/example_dags/example_complex.py for tasks to queue
[2026-03-18T07:14:16.108+0000] {logging_mixin.py:190} INFO - [2026-03-18T07:14:16.108+0000] {dagbag.py:588} INFO - Filling up the DagBag from /home/komal/data-engineering-projects/airflow-spark-pipeline/airflow_venv/lib/python3.11/site-packages/airflow/example_dags/example_complex.py
[2026-03-18T07:14:16.119+0000] {processor.py:925} INFO - DAG(s) 'example_complex' retrieved from /home/komal/data-engineering-projects/airflow-spark-pipeline/airflow_venv/lib/python3.11/site-packages/airflow/example_dags/example_complex.py
[2026-03-18T07:14:16.138+0000] {logging_mixin.py:190} INFO - [2026-03-18T07:14:16.138+0000] {dag.py:3239} INFO - Sync 1 DAGs
[2026-03-18T07:14:16.148+0000] {logging_mixin.py:190} INFO - [2026-03-18T07:14:16.148+0000] {dag.py:4180} INFO - Setting next_dagrun for example_complex to None, run_after=None
[2026-03-18T07:14:16.174+0000] {processor.py:208} INFO - Processing /home/komal/data-engineering-projects/airflow-spark-pipeline/airflow_venv/lib/python3.11/site-packages/airflow/example_dags/example_complex.py took 0.081 seconds
[2026-03-18T07:15:24.625+0000] {processor.py:186} INFO - Started process (PID=31606) to work on /home/komal/data-engineering-projects/airflow-spark-pipeline/airflow_venv/lib/python3.11/site-packages/airflow/example_dags/example_complex.py
[2026-03-18T07:15:24.635+0000] {processor.py:914} INFO - Processing file /home/komal/data-engineering-projects/airflow-spark-pipeline/airflow_venv/lib/python3.11/site-packages/airflow/example_dags/example_complex.py for tasks to queue
[2026-03-18T07:15:24.637+0000] {logging_mixin.py:190} INFO - [2026-03-18T07:15:24.636+0000] {dagbag.py:588} INFO - Filling up the DagBag from /home/komal/data-engineering-projects/airflow-spark-pipeline/airflow_venv/lib/python3.11/site-packages/airflow/example_dags/example_complex.py
[2026-03-18T07:15:24.647+0000] {processor.py:925} INFO - DAG(s) 'example_complex' retrieved from /home/komal/data-engineering-projects/airflow-spark-pipeline/airflow_venv/lib/python3.11/site-packages/airflow/example_dags/example_complex.py
[2026-03-18T07:15:24.669+0000] {logging_mixin.py:190} INFO - [2026-03-18T07:15:24.669+0000] {dag.py:3239} INFO - Sync 1 DAGs
[2026-03-18T07:15:24.678+0000] {logging_mixin.py:190} INFO - [2026-03-18T07:15:24.678+0000] {dag.py:4180} INFO - Setting next_dagrun for example_complex to None, run_after=None
[2026-03-18T07:15:24.703+0000] {processor.py:208} INFO - Processing /home/komal/data-engineering-projects/airflow-spark-pipeline/airflow_venv/lib/python3.11/site-packages/airflow/example_dags/example_complex.py took 0.086 seconds
[2026-03-18T07:16:29.999+0000] {processor.py:186} INFO - Started process (PID=31673) to work on /home/komal/data-engineering-projects/airflow-spark-pipeline/airflow_venv/lib/python3.11/site-packages/airflow/example_dags/example_complex.py
[2026-03-18T07:16:30.031+0000] {processor.py:914} INFO - Processing file /home/komal/data-engineering-projects/airflow-spark-pipeline/airflow_venv/lib/python3.11/site-packages/airflow/example_dags/example_complex.py for tasks to queue
[2026-03-18T07:16:30.033+0000] {logging_mixin.py:190} INFO - [2026-03-18T07:16:30.033+0000] {dagbag.py:588} INFO - Filling up the DagBag from /home/komal/data-engineering-projects/airflow-spark-pipeline/airflow_venv/lib/python3.11/site-packages/airflow/example_dags/example_complex.py
[2026-03-18T07:16:30.051+0000] {processor.py:925} INFO - DAG(s) 'example_complex' retrieved from /home/komal/data-engineering-projects/airflow-spark-pipeline/airflow_venv/lib/python3.11/site-packages/airflow/example_dags/example_complex.py
[2026-03-18T07:16:30.068+0000] {logging_mixin.py:190} INFO - [2026-03-18T07:16:30.068+0000] {dag.py:3239} INFO - Sync 1 DAGs
[2026-03-18T07:16:30.076+0000] {logging_mixin.py:190} INFO - [2026-03-18T07:16:30.076+0000] {dag.py:4180} INFO - Setting next_dagrun for example_complex to None, run_after=None
[2026-03-18T07:16:30.095+0000] {processor.py:208} INFO - Processing /home/komal/data-engineering-projects/airflow-spark-pipeline/airflow_venv/lib/python3.11/site-packages/airflow/example_dags/example_complex.py took 0.102 seconds
[2026-03-18T07:17:35.030+0000] {processor.py:186} INFO - Started process (PID=31752) to work on /home/komal/data-engineering-projects/airflow-spark-pipeline/airflow_venv/lib/python3.11/site-packages/airflow/example_dags/example_complex.py
[2026-03-18T07:17:35.032+0000] {processor.py:914} INFO - Processing file /home/komal/data-engineering-projects/airflow-spark-pipeline/airflow_venv/lib/python3.11/site-packages/airflow/example_dags/example_complex.py for tasks to queue
[2026-03-18T07:17:35.035+0000] {logging_mixin.py:190} INFO - [2026-03-18T07:17:35.034+0000] {dagbag.py:588} INFO - Filling up the DagBag from /home/komal/data-engineering-projects/airflow-spark-pipeline/airflow_venv/lib/python3.11/site-packages/airflow/example_dags/example_complex.py
[2026-03-18T07:17:35.047+0000] {processor.py:925} INFO - DAG(s) 'example_complex' retrieved from /home/komal/data-engineering-projects/airflow-spark-pipeline/airflow_venv/lib/python3.11/site-packages/airflow/example_dags/example_complex.py
[2026-03-18T07:17:35.071+0000] {logging_mixin.py:190} INFO - [2026-03-18T07:17:35.071+0000] {dag.py:3239} INFO - Sync 1 DAGs
[2026-03-18T07:17:35.080+0000] {logging_mixin.py:190} INFO - [2026-03-18T07:17:35.079+0000] {dag.py:4180} INFO - Setting next_dagrun for example_complex to None, run_after=None
[2026-03-18T07:17:35.096+0000] {processor.py:208} INFO - Processing /home/komal/data-engineering-projects/airflow-spark-pipeline/airflow_venv/lib/python3.11/site-packages/airflow/example_dags/example_complex.py took 0.070 seconds
[2026-03-18T07:18:42.827+0000] {processor.py:186} INFO - Started process (PID=31993) to work on /home/komal/data-engineering-projects/airflow-spark-pipeline/airflow_venv/lib/python3.11/site-packages/airflow/example_dags/example_complex.py
[2026-03-18T07:18:42.860+0000] {processor.py:914} INFO - Processing file /home/komal/data-engineering-projects/airflow-spark-pipeline/airflow_venv/lib/python3.11/site-packages/airflow/example_dags/example_complex.py for tasks to queue
[2026-03-18T07:18:42.862+0000] {logging_mixin.py:190} INFO - [2026-03-18T07:18:42.861+0000] {dagbag.py:588} INFO - Filling up the DagBag from /home/komal/data-engineering-projects/airflow-spark-pipeline/airflow_venv/lib/python3.11/site-packages/airflow/example_dags/example_complex.py
[2026-03-18T07:18:42.878+0000] {processor.py:925} INFO - DAG(s) 'example_complex' retrieved from /home/komal/data-engineering-projects/airflow-spark-pipeline/airflow_venv/lib/python3.11/site-packages/airflow/example_dags/example_complex.py
[2026-03-18T07:18:42.907+0000] {logging_mixin.py:190} INFO - [2026-03-18T07:18:42.907+0000] {dag.py:3239} INFO - Sync 1 DAGs
[2026-03-18T07:18:42.923+0000] {logging_mixin.py:190} INFO - [2026-03-18T07:18:42.922+0000] {dag.py:4180} INFO - Setting next_dagrun for example_complex to None, run_after=None
[2026-03-18T07:18:42.951+0000] {processor.py:208} INFO - Processing /home/komal/data-engineering-projects/airflow-spark-pipeline/airflow_venv/lib/python3.11/site-packages/airflow/example_dags/example_complex.py took 0.131 seconds
[2026-03-18T07:19:54.553+0000] {processor.py:186} INFO - Started process (PID=32064) to work on /home/komal/data-engineering-projects/airflow-spark-pipeline/airflow_venv/lib/python3.11/site-packages/airflow/example_dags/example_complex.py
[2026-03-18T07:19:54.587+0000] {processor.py:914} INFO - Processing file /home/komal/data-engineering-projects/airflow-spark-pipeline/airflow_venv/lib/python3.11/site-packages/airflow/example_dags/example_complex.py for tasks to queue
[2026-03-18T07:19:54.589+0000] {logging_mixin.py:190} INFO - [2026-03-18T07:19:54.588+0000] {dagbag.py:588} INFO - Filling up the DagBag from /home/komal/data-engineering-projects/airflow-spark-pipeline/airflow_venv/lib/python3.11/site-packages/airflow/example_dags/example_complex.py
[2026-03-18T07:19:54.605+0000] {processor.py:925} INFO - DAG(s) 'example_complex' retrieved from /home/komal/data-engineering-projects/airflow-spark-pipeline/airflow_venv/lib/python3.11/site-packages/airflow/example_dags/example_complex.py
[2026-03-18T07:19:54.636+0000] {logging_mixin.py:190} INFO - [2026-03-18T07:19:54.636+0000] {dag.py:3239} INFO - Sync 1 DAGs
[2026-03-18T07:19:54.652+0000] {logging_mixin.py:190} INFO - [2026-03-18T07:19:54.652+0000] {dag.py:4180} INFO - Setting next_dagrun for example_complex to None, run_after=None
[2026-03-18T07:19:54.682+0000] {processor.py:208} INFO - Processing /home/komal/data-engineering-projects/airflow-spark-pipeline/airflow_venv/lib/python3.11/site-packages/airflow/example_dags/example_complex.py took 0.140 seconds
[2026-03-18T07:21:13.080+0000] {processor.py:186} INFO - Started process (PID=32137) to work on /home/komal/data-engineering-projects/airflow-spark-pipeline/airflow_venv/lib/python3.11/site-packages/airflow/example_dags/example_complex.py
[2026-03-18T07:21:13.112+0000] {processor.py:914} INFO - Processing file /home/komal/data-engineering-projects/airflow-spark-pipeline/airflow_venv/lib/python3.11/site-packages/airflow/example_dags/example_complex.py for tasks to queue
[2026-03-18T07:21:13.115+0000] {logging_mixin.py:190} INFO - [2026-03-18T07:21:13.114+0000] {dagbag.py:588} INFO - Filling up the DagBag from /home/komal/data-engineering-projects/airflow-spark-pipeline/airflow_venv/lib/python3.11/site-packages/airflow/example_dags/example_complex.py
[2026-03-18T07:21:13.135+0000] {processor.py:925} INFO - DAG(s) 'example_complex' retrieved from /home/komal/data-engineering-projects/airflow-spark-pipeline/airflow_venv/lib/python3.11/site-packages/airflow/example_dags/example_complex.py
[2026-03-18T07:21:13.164+0000] {logging_mixin.py:190} INFO - [2026-03-18T07:21:13.164+0000] {dag.py:3239} INFO - Sync 1 DAGs
[2026-03-18T07:21:13.182+0000] {logging_mixin.py:190} INFO - [2026-03-18T07:21:13.181+0000] {dag.py:4180} INFO - Setting next_dagrun for example_complex to None, run_after=None
[2026-03-18T07:21:13.223+0000] {processor.py:208} INFO - Processing /home/komal/data-engineering-projects/airflow-spark-pipeline/airflow_venv/lib/python3.11/site-packages/airflow/example_dags/example_complex.py took 0.153 seconds
[2026-03-18T07:22:30.841+0000] {processor.py:186} INFO - Started process (PID=32207) to work on /home/komal/data-engineering-projects/airflow-spark-pipeline/airflow_venv/lib/python3.11/site-packages/airflow/example_dags/example_complex.py
[2026-03-18T07:22:30.842+0000] {processor.py:914} INFO - Processing file /home/komal/data-engineering-projects/airflow-spark-pipeline/airflow_venv/lib/python3.11/site-packages/airflow/example_dags/example_complex.py for tasks to queue
[2026-03-18T07:22:30.843+0000] {logging_mixin.py:190} INFO - [2026-03-18T07:22:30.843+0000] {dagbag.py:588} INFO - Filling up the DagBag from /home/komal/data-engineering-projects/airflow-spark-pipeline/airflow_venv/lib/python3.11/site-packages/airflow/example_dags/example_complex.py
[2026-03-18T07:22:30.858+0000] {processor.py:925} INFO - DAG(s) 'example_complex' retrieved from /home/komal/data-engineering-projects/airflow-spark-pipeline/airflow_venv/lib/python3.11/site-packages/airflow/example_dags/example_complex.py
[2026-03-18T07:22:30.886+0000] {logging_mixin.py:190} INFO - [2026-03-18T07:22:30.886+0000] {dag.py:3239} INFO - Sync 1 DAGs
[2026-03-18T07:22:30.901+0000] {logging_mixin.py:190} INFO - [2026-03-18T07:22:30.901+0000] {dag.py:4180} INFO - Setting next_dagrun for example_complex to None, run_after=None
[2026-03-18T07:22:30.931+0000] {processor.py:208} INFO - Processing /home/komal/data-engineering-projects/airflow-spark-pipeline/airflow_venv/lib/python3.11/site-packages/airflow/example_dags/example_complex.py took 0.099 seconds
[2026-03-18T07:23:46.579+0000] {processor.py:186} INFO - Started process (PID=32511) to work on /home/komal/data-engineering-projects/airflow-spark-pipeline/airflow_venv/lib/python3.11/site-packages/airflow/example_dags/example_complex.py
[2026-03-18T07:23:46.611+0000] {processor.py:914} INFO - Processing file /home/komal/data-engineering-projects/airflow-spark-pipeline/airflow_venv/lib/python3.11/site-packages/airflow/example_dags/example_complex.py for tasks to queue
[2026-03-18T07:23:46.614+0000] {logging_mixin.py:190} INFO - [2026-03-18T07:23:46.613+0000] {dagbag.py:588} INFO - Filling up the DagBag from /home/komal/data-engineering-projects/airflow-spark-pipeline/airflow_venv/lib/python3.11/site-packages/airflow/example_dags/example_complex.py
[2026-03-18T07:23:46.633+0000] {processor.py:925} INFO - DAG(s) 'example_complex' retrieved from /home/komal/data-engineering-projects/airflow-spark-pipeline/airflow_venv/lib/python3.11/site-packages/airflow/example_dags/example_complex.py
[2026-03-18T07:23:46.667+0000] {logging_mixin.py:190} INFO - [2026-03-18T07:23:46.667+0000] {dag.py:3239} INFO - Sync 1 DAGs
[2026-03-18T07:23:46.684+0000] {logging_mixin.py:190} INFO - [2026-03-18T07:23:46.684+0000] {dag.py:4180} INFO - Setting next_dagrun for example_complex to None, run_after=None
[2026-03-18T07:23:46.721+0000] {processor.py:208} INFO - Processing /home/komal/data-engineering-projects/airflow-spark-pipeline/airflow_venv/lib/python3.11/site-packages/airflow/example_dags/example_complex.py took 0.155 seconds
[2026-03-18T07:24:54.804+0000] {processor.py:186} INFO - Started process (PID=32578) to work on /home/komal/data-engineering-projects/airflow-spark-pipeline/airflow_venv/lib/python3.11/site-packages/airflow/example_dags/example_complex.py
[2026-03-18T07:24:54.835+0000] {processor.py:914} INFO - Processing file /home/komal/data-engineering-projects/airflow-spark-pipeline/airflow_venv/lib/python3.11/site-packages/airflow/example_dags/example_complex.py for tasks to queue
[2026-03-18T07:24:54.837+0000] {logging_mixin.py:190} INFO - [2026-03-18T07:24:54.837+0000] {dagbag.py:588} INFO - Filling up the DagBag from /home/komal/data-engineering-projects/airflow-spark-pipeline/airflow_venv/lib/python3.11/site-packages/airflow/example_dags/example_complex.py
[2026-03-18T07:24:54.856+0000] {processor.py:925} INFO - DAG(s) 'example_complex' retrieved from /home/komal/data-engineering-projects/airflow-spark-pipeline/airflow_venv/lib/python3.11/site-packages/airflow/example_dags/example_complex.py
[2026-03-18T07:24:54.893+0000] {logging_mixin.py:190} INFO - [2026-03-18T07:24:54.890+0000] {dag.py:3239} INFO - Sync 1 DAGs
[2026-03-18T07:24:54.914+0000] {logging_mixin.py:190} INFO - [2026-03-18T07:24:54.914+0000] {dag.py:4180} INFO - Setting next_dagrun for example_complex to None, run_after=None
[2026-03-18T07:24:54.948+0000] {processor.py:208} INFO - Processing /home/komal/data-engineering-projects/airflow-spark-pipeline/airflow_venv/lib/python3.11/site-packages/airflow/example_dags/example_complex.py took 0.155 seconds
[2026-03-18T07:27:04.433+0000] {processor.py:186} INFO - Started process (PID=32698) to work on /home/komal/data-engineering-projects/airflow-spark-pipeline/airflow_venv/lib/python3.11/site-packages/airflow/example_dags/example_complex.py
[2026-03-18T07:27:04.465+0000] {processor.py:914} INFO - Processing file /home/komal/data-engineering-projects/airflow-spark-pipeline/airflow_venv/lib/python3.11/site-packages/airflow/example_dags/example_complex.py for tasks to queue
[2026-03-18T07:27:04.469+0000] {logging_mixin.py:190} INFO - [2026-03-18T07:27:04.468+0000] {dagbag.py:588} INFO - Filling up the DagBag from /home/komal/data-engineering-projects/airflow-spark-pipeline/airflow_venv/lib/python3.11/site-packages/airflow/example_dags/example_complex.py
[2026-03-18T07:27:04.486+0000] {processor.py:925} INFO - DAG(s) 'example_complex' retrieved from /home/komal/data-engineering-projects/airflow-spark-pipeline/airflow_venv/lib/python3.11/site-packages/airflow/example_dags/example_complex.py
[2026-03-18T07:27:04.519+0000] {logging_mixin.py:190} INFO - [2026-03-18T07:27:04.518+0000] {dag.py:3239} INFO - Sync 1 DAGs
[2026-03-18T07:27:04.537+0000] {logging_mixin.py:190} INFO - [2026-03-18T07:27:04.536+0000] {dag.py:4180} INFO - Setting next_dagrun for example_complex to None, run_after=None
[2026-03-18T07:27:04.573+0000] {processor.py:208} INFO - Processing /home/komal/data-engineering-projects/airflow-spark-pipeline/airflow_venv/lib/python3.11/site-packages/airflow/example_dags/example_complex.py took 0.152 seconds
[2026-03-18T07:28:16.991+0000] {processor.py:186} INFO - Started process (PID=32770) to work on /home/komal/data-engineering-projects/airflow-spark-pipeline/airflow_venv/lib/python3.11/site-packages/airflow/example_dags/example_complex.py
[2026-03-18T07:28:17.025+0000] {processor.py:914} INFO - Processing file /home/komal/data-engineering-projects/airflow-spark-pipeline/airflow_venv/lib/python3.11/site-packages/airflow/example_dags/example_complex.py for tasks to queue
[2026-03-18T07:28:17.029+0000] {logging_mixin.py:190} INFO - [2026-03-18T07:28:17.028+0000] {dagbag.py:588} INFO - Filling up the DagBag from /home/komal/data-engineering-projects/airflow-spark-pipeline/airflow_venv/lib/python3.11/site-packages/airflow/example_dags/example_complex.py
[2026-03-18T07:28:17.048+0000] {processor.py:925} INFO - DAG(s) 'example_complex' retrieved from /home/komal/data-engineering-projects/airflow-spark-pipeline/airflow_venv/lib/python3.11/site-packages/airflow/example_dags/example_complex.py
[2026-03-18T07:28:17.078+0000] {logging_mixin.py:190} INFO - [2026-03-18T07:28:17.078+0000] {dag.py:3239} INFO - Sync 1 DAGs
[2026-03-18T07:28:17.093+0000] {logging_mixin.py:190} INFO - [2026-03-18T07:28:17.093+0000] {dag.py:4180} INFO - Setting next_dagrun for example_complex to None, run_after=None
[2026-03-18T07:28:17.156+0000] {processor.py:208} INFO - Processing /home/komal/data-engineering-projects/airflow-spark-pipeline/airflow_venv/lib/python3.11/site-packages/airflow/example_dags/example_complex.py took 0.175 seconds
[2026-03-18T07:30:37.144+0000] {processor.py:186} INFO - Started process (PID=32981) to work on /home/komal/data-engineering-projects/airflow-spark-pipeline/airflow_venv/lib/python3.11/site-packages/airflow/example_dags/example_complex.py
[2026-03-18T07:30:37.177+0000] {processor.py:914} INFO - Processing file /home/komal/data-engineering-projects/airflow-spark-pipeline/airflow_venv/lib/python3.11/site-packages/airflow/example_dags/example_complex.py for tasks to queue
[2026-03-18T07:30:37.181+0000] {logging_mixin.py:190} INFO - [2026-03-18T07:30:37.180+0000] {dagbag.py:588} INFO - Filling up the DagBag from /home/komal/data-engineering-projects/airflow-spark-pipeline/airflow_venv/lib/python3.11/site-packages/airflow/example_dags/example_complex.py
[2026-03-18T07:30:37.199+0000] {processor.py:925} INFO - DAG(s) 'example_complex' retrieved from /home/komal/data-engineering-projects/airflow-spark-pipeline/airflow_venv/lib/python3.11/site-packages/airflow/example_dags/example_complex.py
[2026-03-18T07:30:37.230+0000] {logging_mixin.py:190} INFO - [2026-03-18T07:30:37.230+0000] {dag.py:3239} INFO - Sync 1 DAGs
[2026-03-18T07:30:37.243+0000] {logging_mixin.py:190} INFO - [2026-03-18T07:30:37.243+0000] {dag.py:4180} INFO - Setting next_dagrun for example_complex to None, run_after=None
[2026-03-18T07:30:37.278+0000] {processor.py:208} INFO - Processing /home/komal/data-engineering-projects/airflow-spark-pipeline/airflow_venv/lib/python3.11/site-packages/airflow/example_dags/example_complex.py took 0.142 seconds
[2026-03-18T07:31:59.167+0000] {processor.py:186} INFO - Started process (PID=33058) to work on /home/komal/data-engineering-projects/airflow-spark-pipeline/airflow_venv/lib/python3.11/site-packages/airflow/example_dags/example_complex.py
[2026-03-18T07:31:59.181+0000] {processor.py:914} INFO - Processing file /home/komal/data-engineering-projects/airflow-spark-pipeline/airflow_venv/lib/python3.11/site-packages/airflow/example_dags/example_complex.py for tasks to queue
[2026-03-18T07:31:59.184+0000] {logging_mixin.py:190} INFO - [2026-03-18T07:31:59.183+0000] {dagbag.py:588} INFO - Filling up the DagBag from /home/komal/data-engineering-projects/airflow-spark-pipeline/airflow_venv/lib/python3.11/site-packages/airflow/example_dags/example_complex.py
[2026-03-18T07:31:59.198+0000] {processor.py:925} INFO - DAG(s) 'example_complex' retrieved from /home/komal/data-engineering-projects/airflow-spark-pipeline/airflow_venv/lib/python3.11/site-packages/airflow/example_dags/example_complex.py
[2026-03-18T07:31:59.227+0000] {logging_mixin.py:190} INFO - [2026-03-18T07:31:59.226+0000] {dag.py:3239} INFO - Sync 1 DAGs
[2026-03-18T07:31:59.239+0000] {logging_mixin.py:190} INFO - [2026-03-18T07:31:59.239+0000] {dag.py:4180} INFO - Setting next_dagrun for example_complex to None, run_after=None
[2026-03-18T07:31:59.273+0000] {processor.py:208} INFO - Processing /home/komal/data-engineering-projects/airflow-spark-pipeline/airflow_venv/lib/python3.11/site-packages/airflow/example_dags/example_complex.py took 0.112 seconds
[2026-03-18T07:33:17.868+0000] {processor.py:186} INFO - Started process (PID=33131) to work on /home/komal/data-engineering-projects/airflow-spark-pipeline/airflow_venv/lib/python3.11/site-packages/airflow/example_dags/example_complex.py
[2026-03-18T07:33:17.902+0000] {processor.py:914} INFO - Processing file /home/komal/data-engineering-projects/airflow-spark-pipeline/airflow_venv/lib/python3.11/site-packages/airflow/example_dags/example_complex.py for tasks to queue
[2026-03-18T07:33:17.907+0000] {logging_mixin.py:190} INFO - [2026-03-18T07:33:17.906+0000] {dagbag.py:588} INFO - Filling up the DagBag from /home/komal/data-engineering-projects/airflow-spark-pipeline/airflow_venv/lib/python3.11/site-packages/airflow/example_dags/example_complex.py
[2026-03-18T07:33:17.929+0000] {processor.py:925} INFO - DAG(s) 'example_complex' retrieved from /home/komal/data-engineering-projects/airflow-spark-pipeline/airflow_venv/lib/python3.11/site-packages/airflow/example_dags/example_complex.py
[2026-03-18T07:33:17.964+0000] {logging_mixin.py:190} INFO - [2026-03-18T07:33:17.963+0000] {dag.py:3239} INFO - Sync 1 DAGs
[2026-03-18T07:33:17.982+0000] {logging_mixin.py:190} INFO - [2026-03-18T07:33:17.981+0000] {dag.py:4180} INFO - Setting next_dagrun for example_complex to None, run_after=None
[2026-03-18T07:33:18.013+0000] {processor.py:208} INFO - Processing /home/komal/data-engineering-projects/airflow-spark-pipeline/airflow_venv/lib/python3.11/site-packages/airflow/example_dags/example_complex.py took 0.154 seconds
[2026-03-18T07:35:11.415+0000] {processor.py:186} INFO - Started process (PID=33295) to work on /home/komal/data-engineering-projects/airflow-spark-pipeline/airflow_venv/lib/python3.11/site-packages/airflow/example_dags/example_complex.py
[2026-03-18T07:35:11.418+0000] {processor.py:914} INFO - Processing file /home/komal/data-engineering-projects/airflow-spark-pipeline/airflow_venv/lib/python3.11/site-packages/airflow/example_dags/example_complex.py for tasks to queue
[2026-03-18T07:35:11.421+0000] {logging_mixin.py:190} INFO - [2026-03-18T07:35:11.420+0000] {dagbag.py:588} INFO - Filling up the DagBag from /home/komal/data-engineering-projects/airflow-spark-pipeline/airflow_venv/lib/python3.11/site-packages/airflow/example_dags/example_complex.py
[2026-03-18T07:35:11.435+0000] {processor.py:925} INFO - DAG(s) 'example_complex' retrieved from /home/komal/data-engineering-projects/airflow-spark-pipeline/airflow_venv/lib/python3.11/site-packages/airflow/example_dags/example_complex.py
[2026-03-18T07:35:11.472+0000] {logging_mixin.py:190} INFO - [2026-03-18T07:35:11.472+0000] {dag.py:3239} INFO - Sync 1 DAGs
[2026-03-18T07:35:11.485+0000] {logging_mixin.py:190} INFO - [2026-03-18T07:35:11.485+0000] {dag.py:4180} INFO - Setting next_dagrun for example_complex to None, run_after=None
[2026-03-18T07:35:11.517+0000] {processor.py:208} INFO - Processing /home/komal/data-engineering-projects/airflow-spark-pipeline/airflow_venv/lib/python3.11/site-packages/airflow/example_dags/example_complex.py took 0.108 seconds
[2026-03-18T07:36:20.529+0000] {processor.py:186} INFO - Started process (PID=33361) to work on /home/komal/data-engineering-projects/airflow-spark-pipeline/airflow_venv/lib/python3.11/site-packages/airflow/example_dags/example_complex.py
[2026-03-18T07:36:20.560+0000] {processor.py:914} INFO - Processing file /home/komal/data-engineering-projects/airflow-spark-pipeline/airflow_venv/lib/python3.11/site-packages/airflow/example_dags/example_complex.py for tasks to queue
[2026-03-18T07:36:20.564+0000] {logging_mixin.py:190} INFO - [2026-03-18T07:36:20.564+0000] {dagbag.py:588} INFO - Filling up the DagBag from /home/komal/data-engineering-projects/airflow-spark-pipeline/airflow_venv/lib/python3.11/site-packages/airflow/example_dags/example_complex.py
[2026-03-18T07:36:20.583+0000] {processor.py:925} INFO - DAG(s) 'example_complex' retrieved from /home/komal/data-engineering-projects/airflow-spark-pipeline/airflow_venv/lib/python3.11/site-packages/airflow/example_dags/example_complex.py
[2026-03-18T07:36:20.626+0000] {logging_mixin.py:190} INFO - [2026-03-18T07:36:20.626+0000] {dag.py:3239} INFO - Sync 1 DAGs
[2026-03-18T07:36:20.642+0000] {logging_mixin.py:190} INFO - [2026-03-18T07:36:20.641+0000] {dag.py:4180} INFO - Setting next_dagrun for example_complex to None, run_after=None
[2026-03-18T07:36:20.672+0000] {processor.py:208} INFO - Processing /home/komal/data-engineering-projects/airflow-spark-pipeline/airflow_venv/lib/python3.11/site-packages/airflow/example_dags/example_complex.py took 0.152 seconds
[2026-03-18T07:37:34.087+0000] {processor.py:186} INFO - Started process (PID=33430) to work on /home/komal/data-engineering-projects/airflow-spark-pipeline/airflow_venv/lib/python3.11/site-packages/airflow/example_dags/example_complex.py
[2026-03-18T07:37:34.121+0000] {processor.py:914} INFO - Processing file /home/komal/data-engineering-projects/airflow-spark-pipeline/airflow_venv/lib/python3.11/site-packages/airflow/example_dags/example_complex.py for tasks to queue
[2026-03-18T07:37:34.125+0000] {logging_mixin.py:190} INFO - [2026-03-18T07:37:34.125+0000] {dagbag.py:588} INFO - Filling up the DagBag from /home/komal/data-engineering-projects/airflow-spark-pipeline/airflow_venv/lib/python3.11/site-packages/airflow/example_dags/example_complex.py
[2026-03-18T07:37:34.148+0000] {processor.py:925} INFO - DAG(s) 'example_complex' retrieved from /home/komal/data-engineering-projects/airflow-spark-pipeline/airflow_venv/lib/python3.11/site-packages/airflow/example_dags/example_complex.py
[2026-03-18T07:37:34.186+0000] {logging_mixin.py:190} INFO - [2026-03-18T07:37:34.185+0000] {dag.py:3239} INFO - Sync 1 DAGs
[2026-03-18T07:37:34.201+0000] {logging_mixin.py:190} INFO - [2026-03-18T07:37:34.201+0000] {dag.py:4180} INFO - Setting next_dagrun for example_complex to None, run_after=None
[2026-03-18T07:37:34.231+0000] {processor.py:208} INFO - Processing /home/komal/data-engineering-projects/airflow-spark-pipeline/airflow_venv/lib/python3.11/site-packages/airflow/example_dags/example_complex.py took 0.153 seconds
[2026-03-18T07:38:54.623+0000] {processor.py:186} INFO - Started process (PID=33572) to work on /home/komal/data-engineering-projects/airflow-spark-pipeline/airflow_venv/lib/python3.11/site-packages/airflow/example_dags/example_complex.py
[2026-03-18T07:38:54.625+0000] {processor.py:914} INFO - Processing file /home/komal/data-engineering-projects/airflow-spark-pipeline/airflow_venv/lib/python3.11/site-packages/airflow/example_dags/example_complex.py for tasks to queue
[2026-03-18T07:38:54.628+0000] {logging_mixin.py:190} INFO - [2026-03-18T07:38:54.627+0000] {dagbag.py:588} INFO - Filling up the DagBag from /home/komal/data-engineering-projects/airflow-spark-pipeline/airflow_venv/lib/python3.11/site-packages/airflow/example_dags/example_complex.py
[2026-03-18T07:38:54.646+0000] {processor.py:925} INFO - DAG(s) 'example_complex' retrieved from /home/komal/data-engineering-projects/airflow-spark-pipeline/airflow_venv/lib/python3.11/site-packages/airflow/example_dags/example_complex.py
[2026-03-18T07:38:54.680+0000] {logging_mixin.py:190} INFO - [2026-03-18T07:38:54.679+0000] {dag.py:3239} INFO - Sync 1 DAGs
[2026-03-18T07:38:54.696+0000] {logging_mixin.py:190} INFO - [2026-03-18T07:38:54.696+0000] {dag.py:4180} INFO - Setting next_dagrun for example_complex to None, run_after=None
[2026-03-18T07:38:54.728+0000] {processor.py:208} INFO - Processing /home/komal/data-engineering-projects/airflow-spark-pipeline/airflow_venv/lib/python3.11/site-packages/airflow/example_dags/example_complex.py took 0.115 seconds
[2026-03-18T07:40:05.811+0000] {processor.py:186} INFO - Started process (PID=33644) to work on /home/komal/data-engineering-projects/airflow-spark-pipeline/airflow_venv/lib/python3.11/site-packages/airflow/example_dags/example_complex.py
[2026-03-18T07:40:05.844+0000] {processor.py:914} INFO - Processing file /home/komal/data-engineering-projects/airflow-spark-pipeline/airflow_venv/lib/python3.11/site-packages/airflow/example_dags/example_complex.py for tasks to queue
[2026-03-18T07:40:05.848+0000] {logging_mixin.py:190} INFO - [2026-03-18T07:40:05.848+0000] {dagbag.py:588} INFO - Filling up the DagBag from /home/komal/data-engineering-projects/airflow-spark-pipeline/airflow_venv/lib/python3.11/site-packages/airflow/example_dags/example_complex.py
[2026-03-18T07:40:05.868+0000] {processor.py:925} INFO - DAG(s) 'example_complex' retrieved from /home/komal/data-engineering-projects/airflow-spark-pipeline/airflow_venv/lib/python3.11/site-packages/airflow/example_dags/example_complex.py
[2026-03-18T07:40:05.900+0000] {logging_mixin.py:190} INFO - [2026-03-18T07:40:05.899+0000] {dag.py:3239} INFO - Sync 1 DAGs
[2026-03-18T07:40:05.919+0000] {logging_mixin.py:190} INFO - [2026-03-18T07:40:05.918+0000] {dag.py:4180} INFO - Setting next_dagrun for example_complex to None, run_after=None
[2026-03-18T07:40:05.973+0000] {processor.py:208} INFO - Processing /home/komal/data-engineering-projects/airflow-spark-pipeline/airflow_venv/lib/python3.11/site-packages/airflow/example_dags/example_complex.py took 0.174 seconds
[2026-03-18T07:41:19.209+0000] {processor.py:186} INFO - Started process (PID=33712) to work on /home/komal/data-engineering-projects/airflow-spark-pipeline/airflow_venv/lib/python3.11/site-packages/airflow/example_dags/example_complex.py
[2026-03-18T07:41:19.211+0000] {processor.py:914} INFO - Processing file /home/komal/data-engineering-projects/airflow-spark-pipeline/airflow_venv/lib/python3.11/site-packages/airflow/example_dags/example_complex.py for tasks to queue
[2026-03-18T07:41:19.214+0000] {logging_mixin.py:190} INFO - [2026-03-18T07:41:19.213+0000] {dagbag.py:588} INFO - Filling up the DagBag from /home/komal/data-engineering-projects/airflow-spark-pipeline/airflow_venv/lib/python3.11/site-packages/airflow/example_dags/example_complex.py
[2026-03-18T07:41:19.230+0000] {processor.py:925} INFO - DAG(s) 'example_complex' retrieved from /home/komal/data-engineering-projects/airflow-spark-pipeline/airflow_venv/lib/python3.11/site-packages/airflow/example_dags/example_complex.py
[2026-03-18T07:41:19.265+0000] {logging_mixin.py:190} INFO - [2026-03-18T07:41:19.264+0000] {dag.py:3239} INFO - Sync 1 DAGs
[2026-03-18T07:41:19.281+0000] {logging_mixin.py:190} INFO - [2026-03-18T07:41:19.281+0000] {dag.py:4180} INFO - Setting next_dagrun for example_complex to None, run_after=None
[2026-03-18T07:41:19.312+0000] {processor.py:208} INFO - Processing /home/komal/data-engineering-projects/airflow-spark-pipeline/airflow_venv/lib/python3.11/site-packages/airflow/example_dags/example_complex.py took 0.112 seconds
[2026-03-18T07:43:09.964+0000] {processor.py:186} INFO - Started process (PID=33892) to work on /home/komal/data-engineering-projects/airflow-spark-pipeline/airflow_venv/lib/python3.11/site-packages/airflow/example_dags/example_complex.py
[2026-03-18T07:43:09.968+0000] {processor.py:914} INFO - Processing file /home/komal/data-engineering-projects/airflow-spark-pipeline/airflow_venv/lib/python3.11/site-packages/airflow/example_dags/example_complex.py for tasks to queue
[2026-03-18T07:43:09.973+0000] {logging_mixin.py:190} INFO - [2026-03-18T07:43:09.972+0000] {dagbag.py:588} INFO - Filling up the DagBag from /home/komal/data-engineering-projects/airflow-spark-pipeline/airflow_venv/lib/python3.11/site-packages/airflow/example_dags/example_complex.py
[2026-03-18T07:43:09.992+0000] {processor.py:925} INFO - DAG(s) 'example_complex' retrieved from /home/komal/data-engineering-projects/airflow-spark-pipeline/airflow_venv/lib/python3.11/site-packages/airflow/example_dags/example_complex.py
[2026-03-18T07:43:10.036+0000] {logging_mixin.py:190} INFO - [2026-03-18T07:43:10.035+0000] {dag.py:3239} INFO - Sync 1 DAGs
[2026-03-18T07:43:10.059+0000] {logging_mixin.py:190} INFO - [2026-03-18T07:43:10.058+0000] {dag.py:4180} INFO - Setting next_dagrun for example_complex to None, run_after=None
[2026-03-18T07:43:10.100+0000] {processor.py:208} INFO - Processing /home/komal/data-engineering-projects/airflow-spark-pipeline/airflow_venv/lib/python3.11/site-packages/airflow/example_dags/example_complex.py took 0.146 seconds
[2026-03-18T07:44:19.958+0000] {processor.py:186} INFO - Started process (PID=33958) to work on /home/komal/data-engineering-projects/airflow-spark-pipeline/airflow_venv/lib/python3.11/site-packages/airflow/example_dags/example_complex.py
[2026-03-18T07:44:19.990+0000] {processor.py:914} INFO - Processing file /home/komal/data-engineering-projects/airflow-spark-pipeline/airflow_venv/lib/python3.11/site-packages/airflow/example_dags/example_complex.py for tasks to queue
[2026-03-18T07:44:19.994+0000] {logging_mixin.py:190} INFO - [2026-03-18T07:44:19.993+0000] {dagbag.py:588} INFO - Filling up the DagBag from /home/komal/data-engineering-projects/airflow-spark-pipeline/airflow_venv/lib/python3.11/site-packages/airflow/example_dags/example_complex.py
[2026-03-18T07:44:20.010+0000] {processor.py:925} INFO - DAG(s) 'example_complex' retrieved from /home/komal/data-engineering-projects/airflow-spark-pipeline/airflow_venv/lib/python3.11/site-packages/airflow/example_dags/example_complex.py
[2026-03-18T07:44:20.039+0000] {logging_mixin.py:190} INFO - [2026-03-18T07:44:20.038+0000] {dag.py:3239} INFO - Sync 1 DAGs
[2026-03-18T07:44:20.053+0000] {logging_mixin.py:190} INFO - [2026-03-18T07:44:20.053+0000] {dag.py:4180} INFO - Setting next_dagrun for example_complex to None, run_after=None
[2026-03-18T07:44:20.094+0000] {processor.py:208} INFO - Processing /home/komal/data-engineering-projects/airflow-spark-pipeline/airflow_venv/lib/python3.11/site-packages/airflow/example_dags/example_complex.py took 0.143 seconds
[2026-03-18T07:45:28.150+0000] {processor.py:186} INFO - Started process (PID=34032) to work on /home/komal/data-engineering-projects/airflow-spark-pipeline/airflow_venv/lib/python3.11/site-packages/airflow/example_dags/example_complex.py
[2026-03-18T07:45:28.184+0000] {processor.py:914} INFO - Processing file /home/komal/data-engineering-projects/airflow-spark-pipeline/airflow_venv/lib/python3.11/site-packages/airflow/example_dags/example_complex.py for tasks to queue
[2026-03-18T07:45:28.189+0000] {logging_mixin.py:190} INFO - [2026-03-18T07:45:28.188+0000] {dagbag.py:588} INFO - Filling up the DagBag from /home/komal/data-engineering-projects/airflow-spark-pipeline/airflow_venv/lib/python3.11/site-packages/airflow/example_dags/example_complex.py
[2026-03-18T07:45:28.206+0000] {processor.py:925} INFO - DAG(s) 'example_complex' retrieved from /home/komal/data-engineering-projects/airflow-spark-pipeline/airflow_venv/lib/python3.11/site-packages/airflow/example_dags/example_complex.py
[2026-03-18T07:45:28.234+0000] {logging_mixin.py:190} INFO - [2026-03-18T07:45:28.234+0000] {dag.py:3239} INFO - Sync 1 DAGs
[2026-03-18T07:45:28.248+0000] {logging_mixin.py:190} INFO - [2026-03-18T07:45:28.247+0000] {dag.py:4180} INFO - Setting next_dagrun for example_complex to None, run_after=None
[2026-03-18T07:45:28.280+0000] {processor.py:208} INFO - Processing /home/komal/data-engineering-projects/airflow-spark-pipeline/airflow_venv/lib/python3.11/site-packages/airflow/example_dags/example_complex.py took 0.140 seconds
[2026-03-18T07:46:40.495+0000] {processor.py:186} INFO - Started process (PID=34098) to work on /home/komal/data-engineering-projects/airflow-spark-pipeline/airflow_venv/lib/python3.11/site-packages/airflow/example_dags/example_complex.py
[2026-03-18T07:46:40.527+0000] {processor.py:914} INFO - Processing file /home/komal/data-engineering-projects/airflow-spark-pipeline/airflow_venv/lib/python3.11/site-packages/airflow/example_dags/example_complex.py for tasks to queue
[2026-03-18T07:46:40.532+0000] {logging_mixin.py:190} INFO - [2026-03-18T07:46:40.531+0000] {dagbag.py:588} INFO - Filling up the DagBag from /home/komal/data-engineering-projects/airflow-spark-pipeline/airflow_venv/lib/python3.11/site-packages/airflow/example_dags/example_complex.py
[2026-03-18T07:46:40.550+0000] {processor.py:925} INFO - DAG(s) 'example_complex' retrieved from /home/komal/data-engineering-projects/airflow-spark-pipeline/airflow_venv/lib/python3.11/site-packages/airflow/example_dags/example_complex.py
[2026-03-18T07:46:40.576+0000] {logging_mixin.py:190} INFO - [2026-03-18T07:46:40.576+0000] {dag.py:3239} INFO - Sync 1 DAGs
[2026-03-18T07:46:40.589+0000] {logging_mixin.py:190} INFO - [2026-03-18T07:46:40.589+0000] {dag.py:4180} INFO - Setting next_dagrun for example_complex to None, run_after=None
[2026-03-18T07:46:40.624+0000] {processor.py:208} INFO - Processing /home/komal/data-engineering-projects/airflow-spark-pipeline/airflow_venv/lib/python3.11/site-packages/airflow/example_dags/example_complex.py took 0.138 seconds
[2026-03-18T07:49:55.057+0000] {processor.py:186} INFO - Started process (PID=34201) to work on /home/komal/data-engineering-projects/airflow-spark-pipeline/airflow_venv/lib/python3.11/site-packages/airflow/example_dags/example_complex.py
[2026-03-18T07:49:55.059+0000] {processor.py:914} INFO - Processing file /home/komal/data-engineering-projects/airflow-spark-pipeline/airflow_venv/lib/python3.11/site-packages/airflow/example_dags/example_complex.py for tasks to queue
[2026-03-18T07:49:55.064+0000] {logging_mixin.py:190} INFO - [2026-03-18T07:49:55.063+0000] {dagbag.py:588} INFO - Filling up the DagBag from /home/komal/data-engineering-projects/airflow-spark-pipeline/airflow_venv/lib/python3.11/site-packages/airflow/example_dags/example_complex.py
[2026-03-18T07:49:55.082+0000] {processor.py:925} INFO - DAG(s) 'example_complex' retrieved from /home/komal/data-engineering-projects/airflow-spark-pipeline/airflow_venv/lib/python3.11/site-packages/airflow/example_dags/example_complex.py
[2026-03-18T07:49:55.117+0000] {logging_mixin.py:190} INFO - [2026-03-18T07:49:55.116+0000] {dag.py:3239} INFO - Sync 1 DAGs
[2026-03-18T07:49:55.136+0000] {logging_mixin.py:190} INFO - [2026-03-18T07:49:55.135+0000] {dag.py:4180} INFO - Setting next_dagrun for example_complex to None, run_after=None
[2026-03-18T07:49:55.202+0000] {processor.py:208} INFO - Processing /home/komal/data-engineering-projects/airflow-spark-pipeline/airflow_venv/lib/python3.11/site-packages/airflow/example_dags/example_complex.py took 0.154 seconds
[2026-03-18T07:51:05.764+0000] {processor.py:186} INFO - Started process (PID=34290) to work on /home/komal/data-engineering-projects/airflow-spark-pipeline/airflow_venv/lib/python3.11/site-packages/airflow/example_dags/example_complex.py
[2026-03-18T07:51:05.769+0000] {processor.py:914} INFO - Processing file /home/komal/data-engineering-projects/airflow-spark-pipeline/airflow_venv/lib/python3.11/site-packages/airflow/example_dags/example_complex.py for tasks to queue
[2026-03-18T07:51:05.777+0000] {logging_mixin.py:190} INFO - [2026-03-18T07:51:05.777+0000] {dagbag.py:588} INFO - Filling up the DagBag from /home/komal/data-engineering-projects/airflow-spark-pipeline/airflow_venv/lib/python3.11/site-packages/airflow/example_dags/example_complex.py
[2026-03-18T07:51:05.795+0000] {processor.py:925} INFO - DAG(s) 'example_complex' retrieved from /home/komal/data-engineering-projects/airflow-spark-pipeline/airflow_venv/lib/python3.11/site-packages/airflow/example_dags/example_complex.py
[2026-03-18T07:51:05.830+0000] {logging_mixin.py:190} INFO - [2026-03-18T07:51:05.830+0000] {dag.py:3239} INFO - Sync 1 DAGs
[2026-03-18T07:51:05.846+0000] {logging_mixin.py:190} INFO - [2026-03-18T07:51:05.846+0000] {dag.py:4180} INFO - Setting next_dagrun for example_complex to None, run_after=None
[2026-03-18T07:51:05.908+0000] {processor.py:208} INFO - Processing /home/komal/data-engineering-projects/airflow-spark-pipeline/airflow_venv/lib/python3.11/site-packages/airflow/example_dags/example_complex.py took 0.157 seconds
[2026-03-18T07:52:20.981+0000] {processor.py:186} INFO - Started process (PID=34359) to work on /home/komal/data-engineering-projects/airflow-spark-pipeline/airflow_venv/lib/python3.11/site-packages/airflow/example_dags/example_complex.py
[2026-03-18T07:52:20.984+0000] {processor.py:914} INFO - Processing file /home/komal/data-engineering-projects/airflow-spark-pipeline/airflow_venv/lib/python3.11/site-packages/airflow/example_dags/example_complex.py for tasks to queue
[2026-03-18T07:52:20.987+0000] {logging_mixin.py:190} INFO - [2026-03-18T07:52:20.986+0000] {dagbag.py:588} INFO - Filling up the DagBag from /home/komal/data-engineering-projects/airflow-spark-pipeline/airflow_venv/lib/python3.11/site-packages/airflow/example_dags/example_complex.py
[2026-03-18T07:52:21.002+0000] {processor.py:925} INFO - DAG(s) 'example_complex' retrieved from /home/komal/data-engineering-projects/airflow-spark-pipeline/airflow_venv/lib/python3.11/site-packages/airflow/example_dags/example_complex.py
[2026-03-18T07:52:21.034+0000] {logging_mixin.py:190} INFO - [2026-03-18T07:52:21.034+0000] {dag.py:3239} INFO - Sync 1 DAGs
[2026-03-18T07:52:21.048+0000] {logging_mixin.py:190} INFO - [2026-03-18T07:52:21.048+0000] {dag.py:4180} INFO - Setting next_dagrun for example_complex to None, run_after=None
[2026-03-18T07:52:21.103+0000] {processor.py:208} INFO - Processing /home/komal/data-engineering-projects/airflow-spark-pipeline/airflow_venv/lib/python3.11/site-packages/airflow/example_dags/example_complex.py took 0.131 seconds
[2026-03-18T07:53:46.632+0000] {processor.py:186} INFO - Started process (PID=34438) to work on /home/komal/data-engineering-projects/airflow-spark-pipeline/airflow_venv/lib/python3.11/site-packages/airflow/example_dags/example_complex.py
[2026-03-18T07:53:46.666+0000] {processor.py:914} INFO - Processing file /home/komal/data-engineering-projects/airflow-spark-pipeline/airflow_venv/lib/python3.11/site-packages/airflow/example_dags/example_complex.py for tasks to queue
[2026-03-18T07:53:46.671+0000] {logging_mixin.py:190} INFO - [2026-03-18T07:53:46.670+0000] {dagbag.py:588} INFO - Filling up the DagBag from /home/komal/data-engineering-projects/airflow-spark-pipeline/airflow_venv/lib/python3.11/site-packages/airflow/example_dags/example_complex.py
[2026-03-18T07:53:46.690+0000] {processor.py:925} INFO - DAG(s) 'example_complex' retrieved from /home/komal/data-engineering-projects/airflow-spark-pipeline/airflow_venv/lib/python3.11/site-packages/airflow/example_dags/example_complex.py
[2026-03-18T07:53:46.727+0000] {logging_mixin.py:190} INFO - [2026-03-18T07:53:46.727+0000] {dag.py:3239} INFO - Sync 1 DAGs
[2026-03-18T07:53:46.745+0000] {logging_mixin.py:190} INFO - [2026-03-18T07:53:46.745+0000] {dag.py:4180} INFO - Setting next_dagrun for example_complex to None, run_after=None
[2026-03-18T07:53:46.775+0000] {processor.py:208} INFO - Processing /home/komal/data-engineering-projects/airflow-spark-pipeline/airflow_venv/lib/python3.11/site-packages/airflow/example_dags/example_complex.py took 0.159 seconds
[2026-03-18T07:55:49.467+0000] {processor.py:186} INFO - Started process (PID=34854) to work on /home/komal/data-engineering-projects/airflow-spark-pipeline/airflow_venv/lib/python3.11/site-packages/airflow/example_dags/example_complex.py
[2026-03-18T07:55:49.472+0000] {processor.py:914} INFO - Processing file /home/komal/data-engineering-projects/airflow-spark-pipeline/airflow_venv/lib/python3.11/site-packages/airflow/example_dags/example_complex.py for tasks to queue
[2026-03-18T07:55:49.475+0000] {logging_mixin.py:190} INFO - [2026-03-18T07:55:49.474+0000] {dagbag.py:588} INFO - Filling up the DagBag from /home/komal/data-engineering-projects/airflow-spark-pipeline/airflow_venv/lib/python3.11/site-packages/airflow/example_dags/example_complex.py
[2026-03-18T07:55:49.492+0000] {processor.py:925} INFO - DAG(s) 'example_complex' retrieved from /home/komal/data-engineering-projects/airflow-spark-pipeline/airflow_venv/lib/python3.11/site-packages/airflow/example_dags/example_complex.py
[2026-03-18T07:55:49.524+0000] {logging_mixin.py:190} INFO - [2026-03-18T07:55:49.523+0000] {dag.py:3239} INFO - Sync 1 DAGs
[2026-03-18T07:55:49.540+0000] {logging_mixin.py:190} INFO - [2026-03-18T07:55:49.540+0000] {dag.py:4180} INFO - Setting next_dagrun for example_complex to None, run_after=None
[2026-03-18T07:55:49.611+0000] {processor.py:208} INFO - Processing /home/komal/data-engineering-projects/airflow-spark-pipeline/airflow_venv/lib/python3.11/site-packages/airflow/example_dags/example_complex.py took 0.155 seconds
[2026-03-18T08:04:44.812+0000] {processor.py:186} INFO - Started process (PID=34929) to work on /home/komal/data-engineering-projects/airflow-spark-pipeline/airflow_venv/lib/python3.11/site-packages/airflow/example_dags/example_complex.py
[2026-03-18T08:04:44.818+0000] {processor.py:914} INFO - Processing file /home/komal/data-engineering-projects/airflow-spark-pipeline/airflow_venv/lib/python3.11/site-packages/airflow/example_dags/example_complex.py for tasks to queue
[2026-03-18T08:04:44.822+0000] {logging_mixin.py:190} INFO - [2026-03-18T08:04:44.821+0000] {dagbag.py:588} INFO - Filling up the DagBag from /home/komal/data-engineering-projects/airflow-spark-pipeline/airflow_venv/lib/python3.11/site-packages/airflow/example_dags/example_complex.py
[2026-03-18T08:04:44.840+0000] {processor.py:925} INFO - DAG(s) 'example_complex' retrieved from /home/komal/data-engineering-projects/airflow-spark-pipeline/airflow_venv/lib/python3.11/site-packages/airflow/example_dags/example_complex.py
[2026-03-18T08:04:44.880+0000] {logging_mixin.py:190} INFO - [2026-03-18T08:04:44.880+0000] {dag.py:3239} INFO - Sync 1 DAGs
[2026-03-18T08:04:44.901+0000] {logging_mixin.py:190} INFO - [2026-03-18T08:04:44.900+0000] {dag.py:4180} INFO - Setting next_dagrun for example_complex to None, run_after=None
[2026-03-18T08:04:44.935+0000] {processor.py:208} INFO - Processing /home/komal/data-engineering-projects/airflow-spark-pipeline/airflow_venv/lib/python3.11/site-packages/airflow/example_dags/example_complex.py took 0.134 seconds
[2026-03-18T08:06:03.535+0000] {processor.py:186} INFO - Started process (PID=35006) to work on /home/komal/data-engineering-projects/airflow-spark-pipeline/airflow_venv/lib/python3.11/site-packages/airflow/example_dags/example_complex.py
[2026-03-18T08:06:03.567+0000] {processor.py:914} INFO - Processing file /home/komal/data-engineering-projects/airflow-spark-pipeline/airflow_venv/lib/python3.11/site-packages/airflow/example_dags/example_complex.py for tasks to queue
[2026-03-18T08:06:03.571+0000] {logging_mixin.py:190} INFO - [2026-03-18T08:06:03.570+0000] {dagbag.py:588} INFO - Filling up the DagBag from /home/komal/data-engineering-projects/airflow-spark-pipeline/airflow_venv/lib/python3.11/site-packages/airflow/example_dags/example_complex.py
[2026-03-18T08:06:03.588+0000] {processor.py:925} INFO - DAG(s) 'example_complex' retrieved from /home/komal/data-engineering-projects/airflow-spark-pipeline/airflow_venv/lib/python3.11/site-packages/airflow/example_dags/example_complex.py
[2026-03-18T08:06:03.618+0000] {logging_mixin.py:190} INFO - [2026-03-18T08:06:03.617+0000] {dag.py:3239} INFO - Sync 1 DAGs
[2026-03-18T08:06:03.635+0000] {logging_mixin.py:190} INFO - [2026-03-18T08:06:03.635+0000] {dag.py:4180} INFO - Setting next_dagrun for example_complex to None, run_after=None
[2026-03-18T08:06:03.668+0000] {processor.py:208} INFO - Processing /home/komal/data-engineering-projects/airflow-spark-pipeline/airflow_venv/lib/python3.11/site-packages/airflow/example_dags/example_complex.py took 0.141 seconds
[2026-03-18T08:07:17.918+0000] {processor.py:186} INFO - Started process (PID=35073) to work on /home/komal/data-engineering-projects/airflow-spark-pipeline/airflow_venv/lib/python3.11/site-packages/airflow/example_dags/example_complex.py
[2026-03-18T08:07:17.922+0000] {processor.py:914} INFO - Processing file /home/komal/data-engineering-projects/airflow-spark-pipeline/airflow_venv/lib/python3.11/site-packages/airflow/example_dags/example_complex.py for tasks to queue
[2026-03-18T08:07:17.926+0000] {logging_mixin.py:190} INFO - [2026-03-18T08:07:17.925+0000] {dagbag.py:588} INFO - Filling up the DagBag from /home/komal/data-engineering-projects/airflow-spark-pipeline/airflow_venv/lib/python3.11/site-packages/airflow/example_dags/example_complex.py
[2026-03-18T08:07:17.941+0000] {processor.py:925} INFO - DAG(s) 'example_complex' retrieved from /home/komal/data-engineering-projects/airflow-spark-pipeline/airflow_venv/lib/python3.11/site-packages/airflow/example_dags/example_complex.py
[2026-03-18T08:07:17.975+0000] {logging_mixin.py:190} INFO - [2026-03-18T08:07:17.974+0000] {dag.py:3239} INFO - Sync 1 DAGs
[2026-03-18T08:07:18.134+0000] {logging_mixin.py:190} INFO - [2026-03-18T08:07:18.133+0000] {dag.py:4180} INFO - Setting next_dagrun for example_complex to None, run_after=None
[2026-03-18T08:07:18.195+0000] {processor.py:208} INFO - Processing /home/komal/data-engineering-projects/airflow-spark-pipeline/airflow_venv/lib/python3.11/site-packages/airflow/example_dags/example_complex.py took 0.287 seconds
[2026-03-18T08:08:31.769+0000] {processor.py:186} INFO - Started process (PID=35142) to work on /home/komal/data-engineering-projects/airflow-spark-pipeline/airflow_venv/lib/python3.11/site-packages/airflow/example_dags/example_complex.py
[2026-03-18T08:08:31.800+0000] {processor.py:914} INFO - Processing file /home/komal/data-engineering-projects/airflow-spark-pipeline/airflow_venv/lib/python3.11/site-packages/airflow/example_dags/example_complex.py for tasks to queue
[2026-03-18T08:08:31.803+0000] {logging_mixin.py:190} INFO - [2026-03-18T08:08:31.802+0000] {dagbag.py:588} INFO - Filling up the DagBag from /home/komal/data-engineering-projects/airflow-spark-pipeline/airflow_venv/lib/python3.11/site-packages/airflow/example_dags/example_complex.py
[2026-03-18T08:08:31.817+0000] {processor.py:925} INFO - DAG(s) 'example_complex' retrieved from /home/komal/data-engineering-projects/airflow-spark-pipeline/airflow_venv/lib/python3.11/site-packages/airflow/example_dags/example_complex.py
[2026-03-18T08:08:31.848+0000] {logging_mixin.py:190} INFO - [2026-03-18T08:08:31.847+0000] {dag.py:3239} INFO - Sync 1 DAGs
[2026-03-18T08:08:31.870+0000] {logging_mixin.py:190} INFO - [2026-03-18T08:08:31.870+0000] {dag.py:4180} INFO - Setting next_dagrun for example_complex to None, run_after=None
[2026-03-18T08:08:31.940+0000] {processor.py:208} INFO - Processing /home/komal/data-engineering-projects/airflow-spark-pipeline/airflow_venv/lib/python3.11/site-packages/airflow/example_dags/example_complex.py took 0.178 seconds
[2026-03-18T08:09:44.648+0000] {processor.py:186} INFO - Started process (PID=35211) to work on /home/komal/data-engineering-projects/airflow-spark-pipeline/airflow_venv/lib/python3.11/site-packages/airflow/example_dags/example_complex.py
[2026-03-18T08:09:44.651+0000] {processor.py:914} INFO - Processing file /home/komal/data-engineering-projects/airflow-spark-pipeline/airflow_venv/lib/python3.11/site-packages/airflow/example_dags/example_complex.py for tasks to queue
[2026-03-18T08:09:44.653+0000] {logging_mixin.py:190} INFO - [2026-03-18T08:09:44.653+0000] {dagbag.py:588} INFO - Filling up the DagBag from /home/komal/data-engineering-projects/airflow-spark-pipeline/airflow_venv/lib/python3.11/site-packages/airflow/example_dags/example_complex.py
[2026-03-18T08:09:44.675+0000] {processor.py:925} INFO - DAG(s) 'example_complex' retrieved from /home/komal/data-engineering-projects/airflow-spark-pipeline/airflow_venv/lib/python3.11/site-packages/airflow/example_dags/example_complex.py
[2026-03-18T08:09:44.710+0000] {logging_mixin.py:190} INFO - [2026-03-18T08:09:44.709+0000] {dag.py:3239} INFO - Sync 1 DAGs
[2026-03-18T08:09:44.732+0000] {logging_mixin.py:190} INFO - [2026-03-18T08:09:44.731+0000] {dag.py:4180} INFO - Setting next_dagrun for example_complex to None, run_after=None
[2026-03-18T08:09:44.764+0000] {processor.py:208} INFO - Processing /home/komal/data-engineering-projects/airflow-spark-pipeline/airflow_venv/lib/python3.11/site-packages/airflow/example_dags/example_complex.py took 0.131 seconds
[2026-03-18T08:10:57.785+0000] {processor.py:186} INFO - Started process (PID=35279) to work on /home/komal/data-engineering-projects/airflow-spark-pipeline/airflow_venv/lib/python3.11/site-packages/airflow/example_dags/example_complex.py
[2026-03-18T08:10:57.789+0000] {processor.py:914} INFO - Processing file /home/komal/data-engineering-projects/airflow-spark-pipeline/airflow_venv/lib/python3.11/site-packages/airflow/example_dags/example_complex.py for tasks to queue
[2026-03-18T08:10:57.793+0000] {logging_mixin.py:190} INFO - [2026-03-18T08:10:57.792+0000] {dagbag.py:588} INFO - Filling up the DagBag from /home/komal/data-engineering-projects/airflow-spark-pipeline/airflow_venv/lib/python3.11/site-packages/airflow/example_dags/example_complex.py
[2026-03-18T08:10:57.810+0000] {processor.py:925} INFO - DAG(s) 'example_complex' retrieved from /home/komal/data-engineering-projects/airflow-spark-pipeline/airflow_venv/lib/python3.11/site-packages/airflow/example_dags/example_complex.py
[2026-03-18T08:10:57.846+0000] {logging_mixin.py:190} INFO - [2026-03-18T08:10:57.845+0000] {dag.py:3239} INFO - Sync 1 DAGs
[2026-03-18T08:10:57.866+0000] {logging_mixin.py:190} INFO - [2026-03-18T08:10:57.865+0000] {dag.py:4180} INFO - Setting next_dagrun for example_complex to None, run_after=None
[2026-03-18T08:10:57.899+0000] {processor.py:208} INFO - Processing /home/komal/data-engineering-projects/airflow-spark-pipeline/airflow_venv/lib/python3.11/site-packages/airflow/example_dags/example_complex.py took 0.125 seconds
[2026-03-18T08:12:12.826+0000] {processor.py:186} INFO - Started process (PID=35352) to work on /home/komal/data-engineering-projects/airflow-spark-pipeline/airflow_venv/lib/python3.11/site-packages/airflow/example_dags/example_complex.py
[2026-03-18T08:12:12.858+0000] {processor.py:914} INFO - Processing file /home/komal/data-engineering-projects/airflow-spark-pipeline/airflow_venv/lib/python3.11/site-packages/airflow/example_dags/example_complex.py for tasks to queue
[2026-03-18T08:12:12.861+0000] {logging_mixin.py:190} INFO - [2026-03-18T08:12:12.861+0000] {dagbag.py:588} INFO - Filling up the DagBag from /home/komal/data-engineering-projects/airflow-spark-pipeline/airflow_venv/lib/python3.11/site-packages/airflow/example_dags/example_complex.py
[2026-03-18T08:12:12.877+0000] {processor.py:925} INFO - DAG(s) 'example_complex' retrieved from /home/komal/data-engineering-projects/airflow-spark-pipeline/airflow_venv/lib/python3.11/site-packages/airflow/example_dags/example_complex.py
[2026-03-18T08:12:12.912+0000] {logging_mixin.py:190} INFO - [2026-03-18T08:12:12.912+0000] {dag.py:3239} INFO - Sync 1 DAGs
[2026-03-18T08:12:12.931+0000] {logging_mixin.py:190} INFO - [2026-03-18T08:12:12.931+0000] {dag.py:4180} INFO - Setting next_dagrun for example_complex to None, run_after=None
[2026-03-18T08:12:13.034+0000] {processor.py:208} INFO - Processing /home/komal/data-engineering-projects/airflow-spark-pipeline/airflow_venv/lib/python3.11/site-packages/airflow/example_dags/example_complex.py took 0.217 seconds
[2026-03-18T08:15:18.522+0000] {processor.py:186} INFO - Started process (PID=35774) to work on /home/komal/data-engineering-projects/airflow-spark-pipeline/airflow_venv/lib/python3.11/site-packages/airflow/example_dags/example_complex.py
[2026-03-18T08:15:18.555+0000] {processor.py:914} INFO - Processing file /home/komal/data-engineering-projects/airflow-spark-pipeline/airflow_venv/lib/python3.11/site-packages/airflow/example_dags/example_complex.py for tasks to queue
[2026-03-18T08:15:18.557+0000] {logging_mixin.py:190} INFO - [2026-03-18T08:15:18.557+0000] {dagbag.py:588} INFO - Filling up the DagBag from /home/komal/data-engineering-projects/airflow-spark-pipeline/airflow_venv/lib/python3.11/site-packages/airflow/example_dags/example_complex.py
[2026-03-18T08:15:18.571+0000] {processor.py:925} INFO - DAG(s) 'example_complex' retrieved from /home/komal/data-engineering-projects/airflow-spark-pipeline/airflow_venv/lib/python3.11/site-packages/airflow/example_dags/example_complex.py
[2026-03-18T08:15:18.601+0000] {logging_mixin.py:190} INFO - [2026-03-18T08:15:18.600+0000] {dag.py:3239} INFO - Sync 1 DAGs
[2026-03-18T08:15:18.618+0000] {logging_mixin.py:190} INFO - [2026-03-18T08:15:18.617+0000] {dag.py:4180} INFO - Setting next_dagrun for example_complex to None, run_after=None
[2026-03-18T08:15:18.661+0000] {processor.py:208} INFO - Processing /home/komal/data-engineering-projects/airflow-spark-pipeline/airflow_venv/lib/python3.11/site-packages/airflow/example_dags/example_complex.py took 0.148 seconds
[2026-03-18T08:16:29.029+0000] {processor.py:186} INFO - Started process (PID=35839) to work on /home/komal/data-engineering-projects/airflow-spark-pipeline/airflow_venv/lib/python3.11/site-packages/airflow/example_dags/example_complex.py
[2026-03-18T08:16:29.062+0000] {processor.py:914} INFO - Processing file /home/komal/data-engineering-projects/airflow-spark-pipeline/airflow_venv/lib/python3.11/site-packages/airflow/example_dags/example_complex.py for tasks to queue
[2026-03-18T08:16:29.066+0000] {logging_mixin.py:190} INFO - [2026-03-18T08:16:29.065+0000] {dagbag.py:588} INFO - Filling up the DagBag from /home/komal/data-engineering-projects/airflow-spark-pipeline/airflow_venv/lib/python3.11/site-packages/airflow/example_dags/example_complex.py
[2026-03-18T08:16:29.081+0000] {processor.py:925} INFO - DAG(s) 'example_complex' retrieved from /home/komal/data-engineering-projects/airflow-spark-pipeline/airflow_venv/lib/python3.11/site-packages/airflow/example_dags/example_complex.py
[2026-03-18T08:16:29.111+0000] {logging_mixin.py:190} INFO - [2026-03-18T08:16:29.110+0000] {dag.py:3239} INFO - Sync 1 DAGs
[2026-03-18T08:16:29.129+0000] {logging_mixin.py:190} INFO - [2026-03-18T08:16:29.128+0000] {dag.py:4180} INFO - Setting next_dagrun for example_complex to None, run_after=None
[2026-03-18T08:16:29.177+0000] {processor.py:208} INFO - Processing /home/komal/data-engineering-projects/airflow-spark-pipeline/airflow_venv/lib/python3.11/site-packages/airflow/example_dags/example_complex.py took 0.155 seconds
[2026-03-18T08:17:45.925+0000] {processor.py:186} INFO - Started process (PID=35914) to work on /home/komal/data-engineering-projects/airflow-spark-pipeline/airflow_venv/lib/python3.11/site-packages/airflow/example_dags/example_complex.py
[2026-03-18T08:17:45.959+0000] {processor.py:914} INFO - Processing file /home/komal/data-engineering-projects/airflow-spark-pipeline/airflow_venv/lib/python3.11/site-packages/airflow/example_dags/example_complex.py for tasks to queue
[2026-03-18T08:17:45.962+0000] {logging_mixin.py:190} INFO - [2026-03-18T08:17:45.962+0000] {dagbag.py:588} INFO - Filling up the DagBag from /home/komal/data-engineering-projects/airflow-spark-pipeline/airflow_venv/lib/python3.11/site-packages/airflow/example_dags/example_complex.py
[2026-03-18T08:17:45.978+0000] {processor.py:925} INFO - DAG(s) 'example_complex' retrieved from /home/komal/data-engineering-projects/airflow-spark-pipeline/airflow_venv/lib/python3.11/site-packages/airflow/example_dags/example_complex.py
[2026-03-18T08:17:46.005+0000] {logging_mixin.py:190} INFO - [2026-03-18T08:17:46.004+0000] {dag.py:3239} INFO - Sync 1 DAGs
[2026-03-18T08:17:46.020+0000] {logging_mixin.py:190} INFO - [2026-03-18T08:17:46.019+0000] {dag.py:4180} INFO - Setting next_dagrun for example_complex to None, run_after=None
[2026-03-18T08:17:46.087+0000] {processor.py:208} INFO - Processing /home/komal/data-engineering-projects/airflow-spark-pipeline/airflow_venv/lib/python3.11/site-packages/airflow/example_dags/example_complex.py took 0.170 seconds
[2026-03-18T08:18:57.149+0000] {processor.py:186} INFO - Started process (PID=35990) to work on /home/komal/data-engineering-projects/airflow-spark-pipeline/airflow_venv/lib/python3.11/site-packages/airflow/example_dags/example_complex.py
[2026-03-18T08:18:57.157+0000] {processor.py:914} INFO - Processing file /home/komal/data-engineering-projects/airflow-spark-pipeline/airflow_venv/lib/python3.11/site-packages/airflow/example_dags/example_complex.py for tasks to queue
[2026-03-18T08:18:57.159+0000] {logging_mixin.py:190} INFO - [2026-03-18T08:18:57.159+0000] {dagbag.py:588} INFO - Filling up the DagBag from /home/komal/data-engineering-projects/airflow-spark-pipeline/airflow_venv/lib/python3.11/site-packages/airflow/example_dags/example_complex.py
[2026-03-18T08:18:57.168+0000] {processor.py:925} INFO - DAG(s) 'example_complex' retrieved from /home/komal/data-engineering-projects/airflow-spark-pipeline/airflow_venv/lib/python3.11/site-packages/airflow/example_dags/example_complex.py
[2026-03-18T08:18:57.186+0000] {logging_mixin.py:190} INFO - [2026-03-18T08:18:57.186+0000] {dag.py:3239} INFO - Sync 1 DAGs
[2026-03-18T08:18:57.194+0000] {logging_mixin.py:190} INFO - [2026-03-18T08:18:57.194+0000] {dag.py:4180} INFO - Setting next_dagrun for example_complex to None, run_after=None
[2026-03-18T08:18:57.221+0000] {processor.py:208} INFO - Processing /home/komal/data-engineering-projects/airflow-spark-pipeline/airflow_venv/lib/python3.11/site-packages/airflow/example_dags/example_complex.py took 0.076 seconds
[2026-03-18T08:20:03.443+0000] {processor.py:186} INFO - Started process (PID=36057) to work on /home/komal/data-engineering-projects/airflow-spark-pipeline/airflow_venv/lib/python3.11/site-packages/airflow/example_dags/example_complex.py
[2026-03-18T08:20:03.449+0000] {processor.py:914} INFO - Processing file /home/komal/data-engineering-projects/airflow-spark-pipeline/airflow_venv/lib/python3.11/site-packages/airflow/example_dags/example_complex.py for tasks to queue
[2026-03-18T08:20:03.452+0000] {logging_mixin.py:190} INFO - [2026-03-18T08:20:03.452+0000] {dagbag.py:588} INFO - Filling up the DagBag from /home/komal/data-engineering-projects/airflow-spark-pipeline/airflow_venv/lib/python3.11/site-packages/airflow/example_dags/example_complex.py
[2026-03-18T08:20:03.463+0000] {processor.py:925} INFO - DAG(s) 'example_complex' retrieved from /home/komal/data-engineering-projects/airflow-spark-pipeline/airflow_venv/lib/python3.11/site-packages/airflow/example_dags/example_complex.py
[2026-03-18T08:20:03.480+0000] {logging_mixin.py:190} INFO - [2026-03-18T08:20:03.480+0000] {dag.py:3239} INFO - Sync 1 DAGs
[2026-03-18T08:20:03.487+0000] {logging_mixin.py:190} INFO - [2026-03-18T08:20:03.487+0000] {dag.py:4180} INFO - Setting next_dagrun for example_complex to None, run_after=None
[2026-03-18T08:20:03.508+0000] {processor.py:208} INFO - Processing /home/komal/data-engineering-projects/airflow-spark-pipeline/airflow_venv/lib/python3.11/site-packages/airflow/example_dags/example_complex.py took 0.069 seconds
[2026-03-18T13:41:33.101+0000] {processor.py:186} INFO - Started process (PID=36153) to work on /home/komal/data-engineering-projects/airflow-spark-pipeline/airflow_venv/lib/python3.11/site-packages/airflow/example_dags/example_complex.py
[2026-03-18T13:41:33.136+0000] {processor.py:914} INFO - Processing file /home/komal/data-engineering-projects/airflow-spark-pipeline/airflow_venv/lib/python3.11/site-packages/airflow/example_dags/example_complex.py for tasks to queue
[2026-03-18T13:41:33.140+0000] {logging_mixin.py:190} INFO - [2026-03-18T13:41:33.139+0000] {dagbag.py:588} INFO - Filling up the DagBag from /home/komal/data-engineering-projects/airflow-spark-pipeline/airflow_venv/lib/python3.11/site-packages/airflow/example_dags/example_complex.py
[2026-03-18T13:41:33.157+0000] {processor.py:925} INFO - DAG(s) 'example_complex' retrieved from /home/komal/data-engineering-projects/airflow-spark-pipeline/airflow_venv/lib/python3.11/site-packages/airflow/example_dags/example_complex.py
[2026-03-18T13:41:33.174+0000] {logging_mixin.py:190} INFO - [2026-03-18T13:41:33.173+0000] {dag.py:3239} INFO - Sync 1 DAGs
[2026-03-18T13:41:33.182+0000] {logging_mixin.py:190} INFO - [2026-03-18T13:41:33.182+0000] {dag.py:4180} INFO - Setting next_dagrun for example_complex to None, run_after=None
[2026-03-18T13:41:33.204+0000] {processor.py:208} INFO - Processing /home/komal/data-engineering-projects/airflow-spark-pipeline/airflow_venv/lib/python3.11/site-packages/airflow/example_dags/example_complex.py took 0.112 seconds
[2026-03-18T13:42:37.009+0000] {processor.py:186} INFO - Started process (PID=36221) to work on /home/komal/data-engineering-projects/airflow-spark-pipeline/airflow_venv/lib/python3.11/site-packages/airflow/example_dags/example_complex.py
[2026-03-18T13:42:37.011+0000] {processor.py:914} INFO - Processing file /home/komal/data-engineering-projects/airflow-spark-pipeline/airflow_venv/lib/python3.11/site-packages/airflow/example_dags/example_complex.py for tasks to queue
[2026-03-18T13:42:37.013+0000] {logging_mixin.py:190} INFO - [2026-03-18T13:42:37.012+0000] {dagbag.py:588} INFO - Filling up the DagBag from /home/komal/data-engineering-projects/airflow-spark-pipeline/airflow_venv/lib/python3.11/site-packages/airflow/example_dags/example_complex.py
[2026-03-18T13:42:37.021+0000] {processor.py:925} INFO - DAG(s) 'example_complex' retrieved from /home/komal/data-engineering-projects/airflow-spark-pipeline/airflow_venv/lib/python3.11/site-packages/airflow/example_dags/example_complex.py
[2026-03-18T13:42:37.040+0000] {logging_mixin.py:190} INFO - [2026-03-18T13:42:37.040+0000] {dag.py:3239} INFO - Sync 1 DAGs
[2026-03-18T13:42:37.053+0000] {logging_mixin.py:190} INFO - [2026-03-18T13:42:37.053+0000] {dag.py:4180} INFO - Setting next_dagrun for example_complex to None, run_after=None
[2026-03-18T13:42:37.074+0000] {processor.py:208} INFO - Processing /home/komal/data-engineering-projects/airflow-spark-pipeline/airflow_venv/lib/python3.11/site-packages/airflow/example_dags/example_complex.py took 0.070 seconds
[2026-03-18T13:43:43.979+0000] {processor.py:186} INFO - Started process (PID=36317) to work on /home/komal/data-engineering-projects/airflow-spark-pipeline/airflow_venv/lib/python3.11/site-packages/airflow/example_dags/example_complex.py
[2026-03-18T13:43:43.982+0000] {processor.py:914} INFO - Processing file /home/komal/data-engineering-projects/airflow-spark-pipeline/airflow_venv/lib/python3.11/site-packages/airflow/example_dags/example_complex.py for tasks to queue
[2026-03-18T13:43:43.984+0000] {logging_mixin.py:190} INFO - [2026-03-18T13:43:43.983+0000] {dagbag.py:588} INFO - Filling up the DagBag from /home/komal/data-engineering-projects/airflow-spark-pipeline/airflow_venv/lib/python3.11/site-packages/airflow/example_dags/example_complex.py
[2026-03-18T13:43:43.993+0000] {processor.py:925} INFO - DAG(s) 'example_complex' retrieved from /home/komal/data-engineering-projects/airflow-spark-pipeline/airflow_venv/lib/python3.11/site-packages/airflow/example_dags/example_complex.py
[2026-03-18T13:43:44.010+0000] {logging_mixin.py:190} INFO - [2026-03-18T13:43:44.010+0000] {dag.py:3239} INFO - Sync 1 DAGs
[2026-03-18T13:43:44.018+0000] {logging_mixin.py:190} INFO - [2026-03-18T13:43:44.018+0000] {dag.py:4180} INFO - Setting next_dagrun for example_complex to None, run_after=None
[2026-03-18T13:43:44.040+0000] {processor.py:208} INFO - Processing /home/komal/data-engineering-projects/airflow-spark-pipeline/airflow_venv/lib/python3.11/site-packages/airflow/example_dags/example_complex.py took 0.070 seconds
[2026-03-18T13:44:48.894+0000] {processor.py:186} INFO - Started process (PID=36380) to work on /home/komal/data-engineering-projects/airflow-spark-pipeline/airflow_venv/lib/python3.11/site-packages/airflow/example_dags/example_complex.py
[2026-03-18T13:44:48.926+0000] {processor.py:914} INFO - Processing file /home/komal/data-engineering-projects/airflow-spark-pipeline/airflow_venv/lib/python3.11/site-packages/airflow/example_dags/example_complex.py for tasks to queue
[2026-03-18T13:44:48.930+0000] {logging_mixin.py:190} INFO - [2026-03-18T13:44:48.929+0000] {dagbag.py:588} INFO - Filling up the DagBag from /home/komal/data-engineering-projects/airflow-spark-pipeline/airflow_venv/lib/python3.11/site-packages/airflow/example_dags/example_complex.py
[2026-03-18T13:44:48.944+0000] {processor.py:925} INFO - DAG(s) 'example_complex' retrieved from /home/komal/data-engineering-projects/airflow-spark-pipeline/airflow_venv/lib/python3.11/site-packages/airflow/example_dags/example_complex.py
[2026-03-18T13:44:48.960+0000] {logging_mixin.py:190} INFO - [2026-03-18T13:44:48.960+0000] {dag.py:3239} INFO - Sync 1 DAGs
[2026-03-18T13:44:48.974+0000] {logging_mixin.py:190} INFO - [2026-03-18T13:44:48.974+0000] {dag.py:4180} INFO - Setting next_dagrun for example_complex to None, run_after=None
[2026-03-18T13:44:48.996+0000] {processor.py:208} INFO - Processing /home/komal/data-engineering-projects/airflow-spark-pipeline/airflow_venv/lib/python3.11/site-packages/airflow/example_dags/example_complex.py took 0.105 seconds
[2026-03-18T13:46:02.436+0000] {processor.py:186} INFO - Started process (PID=36450) to work on /home/komal/data-engineering-projects/airflow-spark-pipeline/airflow_venv/lib/python3.11/site-packages/airflow/example_dags/example_complex.py
[2026-03-18T13:46:02.437+0000] {processor.py:914} INFO - Processing file /home/komal/data-engineering-projects/airflow-spark-pipeline/airflow_venv/lib/python3.11/site-packages/airflow/example_dags/example_complex.py for tasks to queue
[2026-03-18T13:46:02.439+0000] {logging_mixin.py:190} INFO - [2026-03-18T13:46:02.439+0000] {dagbag.py:588} INFO - Filling up the DagBag from /home/komal/data-engineering-projects/airflow-spark-pipeline/airflow_venv/lib/python3.11/site-packages/airflow/example_dags/example_complex.py
[2026-03-18T13:46:02.447+0000] {processor.py:925} INFO - DAG(s) 'example_complex' retrieved from /home/komal/data-engineering-projects/airflow-spark-pipeline/airflow_venv/lib/python3.11/site-packages/airflow/example_dags/example_complex.py
[2026-03-18T13:46:02.464+0000] {logging_mixin.py:190} INFO - [2026-03-18T13:46:02.464+0000] {dag.py:3239} INFO - Sync 1 DAGs
[2026-03-18T13:46:02.471+0000] {logging_mixin.py:190} INFO - [2026-03-18T13:46:02.471+0000] {dag.py:4180} INFO - Setting next_dagrun for example_complex to None, run_after=None
[2026-03-18T13:46:02.502+0000] {processor.py:208} INFO - Processing /home/komal/data-engineering-projects/airflow-spark-pipeline/airflow_venv/lib/python3.11/site-packages/airflow/example_dags/example_complex.py took 0.073 seconds
[2026-03-18T13:47:04.712+0000] {processor.py:186} INFO - Started process (PID=36512) to work on /home/komal/data-engineering-projects/airflow-spark-pipeline/airflow_venv/lib/python3.11/site-packages/airflow/example_dags/example_complex.py
[2026-03-18T13:47:04.745+0000] {processor.py:914} INFO - Processing file /home/komal/data-engineering-projects/airflow-spark-pipeline/airflow_venv/lib/python3.11/site-packages/airflow/example_dags/example_complex.py for tasks to queue
[2026-03-18T13:47:04.749+0000] {logging_mixin.py:190} INFO - [2026-03-18T13:47:04.748+0000] {dagbag.py:588} INFO - Filling up the DagBag from /home/komal/data-engineering-projects/airflow-spark-pipeline/airflow_venv/lib/python3.11/site-packages/airflow/example_dags/example_complex.py
[2026-03-18T13:47:04.771+0000] {processor.py:925} INFO - DAG(s) 'example_complex' retrieved from /home/komal/data-engineering-projects/airflow-spark-pipeline/airflow_venv/lib/python3.11/site-packages/airflow/example_dags/example_complex.py
[2026-03-18T13:47:04.792+0000] {logging_mixin.py:190} INFO - [2026-03-18T13:47:04.792+0000] {dag.py:3239} INFO - Sync 1 DAGs
[2026-03-18T13:47:04.800+0000] {logging_mixin.py:190} INFO - [2026-03-18T13:47:04.800+0000] {dag.py:4180} INFO - Setting next_dagrun for example_complex to None, run_after=None
[2026-03-18T13:47:04.823+0000] {processor.py:208} INFO - Processing /home/komal/data-engineering-projects/airflow-spark-pipeline/airflow_venv/lib/python3.11/site-packages/airflow/example_dags/example_complex.py took 0.121 seconds
[2026-03-18T13:48:11.995+0000] {processor.py:186} INFO - Started process (PID=36574) to work on /home/komal/data-engineering-projects/airflow-spark-pipeline/airflow_venv/lib/python3.11/site-packages/airflow/example_dags/example_complex.py
[2026-03-18T13:48:12.027+0000] {processor.py:914} INFO - Processing file /home/komal/data-engineering-projects/airflow-spark-pipeline/airflow_venv/lib/python3.11/site-packages/airflow/example_dags/example_complex.py for tasks to queue
[2026-03-18T13:48:12.031+0000] {logging_mixin.py:190} INFO - [2026-03-18T13:48:12.030+0000] {dagbag.py:588} INFO - Filling up the DagBag from /home/komal/data-engineering-projects/airflow-spark-pipeline/airflow_venv/lib/python3.11/site-packages/airflow/example_dags/example_complex.py
[2026-03-18T13:48:12.048+0000] {processor.py:925} INFO - DAG(s) 'example_complex' retrieved from /home/komal/data-engineering-projects/airflow-spark-pipeline/airflow_venv/lib/python3.11/site-packages/airflow/example_dags/example_complex.py
[2026-03-18T13:48:12.063+0000] {logging_mixin.py:190} INFO - [2026-03-18T13:48:12.063+0000] {dag.py:3239} INFO - Sync 1 DAGs
[2026-03-18T13:48:12.071+0000] {logging_mixin.py:190} INFO - [2026-03-18T13:48:12.070+0000] {dag.py:4180} INFO - Setting next_dagrun for example_complex to None, run_after=None
[2026-03-18T13:48:12.099+0000] {processor.py:208} INFO - Processing /home/komal/data-engineering-projects/airflow-spark-pipeline/airflow_venv/lib/python3.11/site-packages/airflow/example_dags/example_complex.py took 0.115 seconds
[2026-03-18T13:49:16.379+0000] {processor.py:186} INFO - Started process (PID=36636) to work on /home/komal/data-engineering-projects/airflow-spark-pipeline/airflow_venv/lib/python3.11/site-packages/airflow/example_dags/example_complex.py
[2026-03-18T13:49:16.410+0000] {processor.py:914} INFO - Processing file /home/komal/data-engineering-projects/airflow-spark-pipeline/airflow_venv/lib/python3.11/site-packages/airflow/example_dags/example_complex.py for tasks to queue
[2026-03-18T13:49:16.413+0000] {logging_mixin.py:190} INFO - [2026-03-18T13:49:16.412+0000] {dagbag.py:588} INFO - Filling up the DagBag from /home/komal/data-engineering-projects/airflow-spark-pipeline/airflow_venv/lib/python3.11/site-packages/airflow/example_dags/example_complex.py
[2026-03-18T13:49:16.433+0000] {processor.py:925} INFO - DAG(s) 'example_complex' retrieved from /home/komal/data-engineering-projects/airflow-spark-pipeline/airflow_venv/lib/python3.11/site-packages/airflow/example_dags/example_complex.py
[2026-03-18T13:49:16.458+0000] {logging_mixin.py:190} INFO - [2026-03-18T13:49:16.458+0000] {dag.py:3239} INFO - Sync 1 DAGs
[2026-03-18T13:49:16.467+0000] {logging_mixin.py:190} INFO - [2026-03-18T13:49:16.467+0000] {dag.py:4180} INFO - Setting next_dagrun for example_complex to None, run_after=None
[2026-03-18T13:49:16.486+0000] {processor.py:208} INFO - Processing /home/komal/data-engineering-projects/airflow-spark-pipeline/airflow_venv/lib/python3.11/site-packages/airflow/example_dags/example_complex.py took 0.112 seconds
[2026-03-18T13:50:20.080+0000] {processor.py:186} INFO - Started process (PID=36699) to work on /home/komal/data-engineering-projects/airflow-spark-pipeline/airflow_venv/lib/python3.11/site-packages/airflow/example_dags/example_complex.py
[2026-03-18T13:50:20.083+0000] {processor.py:914} INFO - Processing file /home/komal/data-engineering-projects/airflow-spark-pipeline/airflow_venv/lib/python3.11/site-packages/airflow/example_dags/example_complex.py for tasks to queue
[2026-03-18T13:50:20.087+0000] {logging_mixin.py:190} INFO - [2026-03-18T13:50:20.086+0000] {dagbag.py:588} INFO - Filling up the DagBag from /home/komal/data-engineering-projects/airflow-spark-pipeline/airflow_venv/lib/python3.11/site-packages/airflow/example_dags/example_complex.py
[2026-03-18T13:50:20.097+0000] {processor.py:925} INFO - DAG(s) 'example_complex' retrieved from /home/komal/data-engineering-projects/airflow-spark-pipeline/airflow_venv/lib/python3.11/site-packages/airflow/example_dags/example_complex.py
[2026-03-18T13:50:20.114+0000] {logging_mixin.py:190} INFO - [2026-03-18T13:50:20.114+0000] {dag.py:3239} INFO - Sync 1 DAGs
[2026-03-18T13:50:20.126+0000] {logging_mixin.py:190} INFO - [2026-03-18T13:50:20.126+0000] {dag.py:4180} INFO - Setting next_dagrun for example_complex to None, run_after=None
[2026-03-18T13:50:20.154+0000] {processor.py:208} INFO - Processing /home/komal/data-engineering-projects/airflow-spark-pipeline/airflow_venv/lib/python3.11/site-packages/airflow/example_dags/example_complex.py took 0.083 seconds
[2026-03-18T13:51:25.148+0000] {processor.py:186} INFO - Started process (PID=36762) to work on /home/komal/data-engineering-projects/airflow-spark-pipeline/airflow_venv/lib/python3.11/site-packages/airflow/example_dags/example_complex.py
[2026-03-18T13:51:25.181+0000] {processor.py:914} INFO - Processing file /home/komal/data-engineering-projects/airflow-spark-pipeline/airflow_venv/lib/python3.11/site-packages/airflow/example_dags/example_complex.py for tasks to queue
[2026-03-18T13:51:25.185+0000] {logging_mixin.py:190} INFO - [2026-03-18T13:51:25.184+0000] {dagbag.py:588} INFO - Filling up the DagBag from /home/komal/data-engineering-projects/airflow-spark-pipeline/airflow_venv/lib/python3.11/site-packages/airflow/example_dags/example_complex.py
[2026-03-18T13:51:25.200+0000] {processor.py:925} INFO - DAG(s) 'example_complex' retrieved from /home/komal/data-engineering-projects/airflow-spark-pipeline/airflow_venv/lib/python3.11/site-packages/airflow/example_dags/example_complex.py
[2026-03-18T13:51:25.218+0000] {logging_mixin.py:190} INFO - [2026-03-18T13:51:25.218+0000] {dag.py:3239} INFO - Sync 1 DAGs
[2026-03-18T13:51:25.225+0000] {logging_mixin.py:190} INFO - [2026-03-18T13:51:25.225+0000] {dag.py:4180} INFO - Setting next_dagrun for example_complex to None, run_after=None
[2026-03-18T13:51:25.245+0000] {processor.py:208} INFO - Processing /home/komal/data-engineering-projects/airflow-spark-pipeline/airflow_venv/lib/python3.11/site-packages/airflow/example_dags/example_complex.py took 0.104 seconds
[2026-03-18T13:52:33.609+0000] {processor.py:186} INFO - Started process (PID=36828) to work on /home/komal/data-engineering-projects/airflow-spark-pipeline/airflow_venv/lib/python3.11/site-packages/airflow/example_dags/example_complex.py
[2026-03-18T13:52:33.612+0000] {processor.py:914} INFO - Processing file /home/komal/data-engineering-projects/airflow-spark-pipeline/airflow_venv/lib/python3.11/site-packages/airflow/example_dags/example_complex.py for tasks to queue
[2026-03-18T13:52:33.615+0000] {logging_mixin.py:190} INFO - [2026-03-18T13:52:33.614+0000] {dagbag.py:588} INFO - Filling up the DagBag from /home/komal/data-engineering-projects/airflow-spark-pipeline/airflow_venv/lib/python3.11/site-packages/airflow/example_dags/example_complex.py
[2026-03-18T13:52:33.630+0000] {processor.py:925} INFO - DAG(s) 'example_complex' retrieved from /home/komal/data-engineering-projects/airflow-spark-pipeline/airflow_venv/lib/python3.11/site-packages/airflow/example_dags/example_complex.py
[2026-03-18T13:52:33.646+0000] {logging_mixin.py:190} INFO - [2026-03-18T13:52:33.646+0000] {dag.py:3239} INFO - Sync 1 DAGs
[2026-03-18T13:52:33.653+0000] {logging_mixin.py:190} INFO - [2026-03-18T13:52:33.653+0000] {dag.py:4180} INFO - Setting next_dagrun for example_complex to None, run_after=None
[2026-03-18T13:52:33.689+0000] {processor.py:208} INFO - Processing /home/komal/data-engineering-projects/airflow-spark-pipeline/airflow_venv/lib/python3.11/site-packages/airflow/example_dags/example_complex.py took 0.088 seconds
[2026-03-18T13:53:37.524+0000] {processor.py:186} INFO - Started process (PID=36890) to work on /home/komal/data-engineering-projects/airflow-spark-pipeline/airflow_venv/lib/python3.11/site-packages/airflow/example_dags/example_complex.py
[2026-03-18T13:53:37.526+0000] {processor.py:914} INFO - Processing file /home/komal/data-engineering-projects/airflow-spark-pipeline/airflow_venv/lib/python3.11/site-packages/airflow/example_dags/example_complex.py for tasks to queue
[2026-03-18T13:53:37.530+0000] {logging_mixin.py:190} INFO - [2026-03-18T13:53:37.530+0000] {dagbag.py:588} INFO - Filling up the DagBag from /home/komal/data-engineering-projects/airflow-spark-pipeline/airflow_venv/lib/python3.11/site-packages/airflow/example_dags/example_complex.py
[2026-03-18T13:53:37.545+0000] {processor.py:925} INFO - DAG(s) 'example_complex' retrieved from /home/komal/data-engineering-projects/airflow-spark-pipeline/airflow_venv/lib/python3.11/site-packages/airflow/example_dags/example_complex.py
[2026-03-18T13:53:37.566+0000] {logging_mixin.py:190} INFO - [2026-03-18T13:53:37.566+0000] {dag.py:3239} INFO - Sync 1 DAGs
[2026-03-18T13:53:37.577+0000] {logging_mixin.py:190} INFO - [2026-03-18T13:53:37.576+0000] {dag.py:4180} INFO - Setting next_dagrun for example_complex to None, run_after=None
[2026-03-18T13:53:37.605+0000] {processor.py:208} INFO - Processing /home/komal/data-engineering-projects/airflow-spark-pipeline/airflow_venv/lib/python3.11/site-packages/airflow/example_dags/example_complex.py took 0.090 seconds
[2026-03-18T13:54:44.744+0000] {processor.py:186} INFO - Started process (PID=36954) to work on /home/komal/data-engineering-projects/airflow-spark-pipeline/airflow_venv/lib/python3.11/site-packages/airflow/example_dags/example_complex.py
[2026-03-18T13:54:44.749+0000] {processor.py:914} INFO - Processing file /home/komal/data-engineering-projects/airflow-spark-pipeline/airflow_venv/lib/python3.11/site-packages/airflow/example_dags/example_complex.py for tasks to queue
[2026-03-18T13:54:44.752+0000] {logging_mixin.py:190} INFO - [2026-03-18T13:54:44.752+0000] {dagbag.py:588} INFO - Filling up the DagBag from /home/komal/data-engineering-projects/airflow-spark-pipeline/airflow_venv/lib/python3.11/site-packages/airflow/example_dags/example_complex.py
[2026-03-18T13:54:44.766+0000] {processor.py:925} INFO - DAG(s) 'example_complex' retrieved from /home/komal/data-engineering-projects/airflow-spark-pipeline/airflow_venv/lib/python3.11/site-packages/airflow/example_dags/example_complex.py
[2026-03-18T13:54:44.781+0000] {logging_mixin.py:190} INFO - [2026-03-18T13:54:44.781+0000] {dag.py:3239} INFO - Sync 1 DAGs
[2026-03-18T13:54:44.789+0000] {logging_mixin.py:190} INFO - [2026-03-18T13:54:44.789+0000] {dag.py:4180} INFO - Setting next_dagrun for example_complex to None, run_after=None
[2026-03-18T13:54:44.812+0000] {processor.py:208} INFO - Processing /home/komal/data-engineering-projects/airflow-spark-pipeline/airflow_venv/lib/python3.11/site-packages/airflow/example_dags/example_complex.py took 0.078 seconds
[2026-03-18T13:55:49.591+0000] {processor.py:186} INFO - Started process (PID=37019) to work on /home/komal/data-engineering-projects/airflow-spark-pipeline/airflow_venv/lib/python3.11/site-packages/airflow/example_dags/example_complex.py
[2026-03-18T13:55:49.623+0000] {processor.py:914} INFO - Processing file /home/komal/data-engineering-projects/airflow-spark-pipeline/airflow_venv/lib/python3.11/site-packages/airflow/example_dags/example_complex.py for tasks to queue
[2026-03-18T13:55:49.626+0000] {logging_mixin.py:190} INFO - [2026-03-18T13:55:49.625+0000] {dagbag.py:588} INFO - Filling up the DagBag from /home/komal/data-engineering-projects/airflow-spark-pipeline/airflow_venv/lib/python3.11/site-packages/airflow/example_dags/example_complex.py
[2026-03-18T13:55:49.643+0000] {processor.py:925} INFO - DAG(s) 'example_complex' retrieved from /home/komal/data-engineering-projects/airflow-spark-pipeline/airflow_venv/lib/python3.11/site-packages/airflow/example_dags/example_complex.py
[2026-03-18T13:55:49.660+0000] {logging_mixin.py:190} INFO - [2026-03-18T13:55:49.659+0000] {dag.py:3239} INFO - Sync 1 DAGs
[2026-03-18T13:55:49.667+0000] {logging_mixin.py:190} INFO - [2026-03-18T13:55:49.666+0000] {dag.py:4180} INFO - Setting next_dagrun for example_complex to None, run_after=None
[2026-03-18T13:55:49.767+0000] {processor.py:208} INFO - Processing /home/komal/data-engineering-projects/airflow-spark-pipeline/airflow_venv/lib/python3.11/site-packages/airflow/example_dags/example_complex.py took 0.185 seconds
[2026-03-18T13:56:57.542+0000] {processor.py:186} INFO - Started process (PID=37084) to work on /home/komal/data-engineering-projects/airflow-spark-pipeline/airflow_venv/lib/python3.11/site-packages/airflow/example_dags/example_complex.py
[2026-03-18T13:56:57.575+0000] {processor.py:914} INFO - Processing file /home/komal/data-engineering-projects/airflow-spark-pipeline/airflow_venv/lib/python3.11/site-packages/airflow/example_dags/example_complex.py for tasks to queue
[2026-03-18T13:56:57.579+0000] {logging_mixin.py:190} INFO - [2026-03-18T13:56:57.578+0000] {dagbag.py:588} INFO - Filling up the DagBag from /home/komal/data-engineering-projects/airflow-spark-pipeline/airflow_venv/lib/python3.11/site-packages/airflow/example_dags/example_complex.py
[2026-03-18T13:56:57.596+0000] {processor.py:925} INFO - DAG(s) 'example_complex' retrieved from /home/komal/data-engineering-projects/airflow-spark-pipeline/airflow_venv/lib/python3.11/site-packages/airflow/example_dags/example_complex.py
[2026-03-18T13:56:57.614+0000] {logging_mixin.py:190} INFO - [2026-03-18T13:56:57.614+0000] {dag.py:3239} INFO - Sync 1 DAGs
[2026-03-18T13:56:57.622+0000] {logging_mixin.py:190} INFO - [2026-03-18T13:56:57.622+0000] {dag.py:4180} INFO - Setting next_dagrun for example_complex to None, run_after=None
[2026-03-18T13:56:57.647+0000] {processor.py:208} INFO - Processing /home/komal/data-engineering-projects/airflow-spark-pipeline/airflow_venv/lib/python3.11/site-packages/airflow/example_dags/example_complex.py took 0.112 seconds
[2026-03-18T13:58:10.268+0000] {processor.py:186} INFO - Started process (PID=37150) to work on /home/komal/data-engineering-projects/airflow-spark-pipeline/airflow_venv/lib/python3.11/site-packages/airflow/example_dags/example_complex.py
[2026-03-18T13:58:10.271+0000] {processor.py:914} INFO - Processing file /home/komal/data-engineering-projects/airflow-spark-pipeline/airflow_venv/lib/python3.11/site-packages/airflow/example_dags/example_complex.py for tasks to queue
[2026-03-18T13:58:10.272+0000] {logging_mixin.py:190} INFO - [2026-03-18T13:58:10.272+0000] {dagbag.py:588} INFO - Filling up the DagBag from /home/komal/data-engineering-projects/airflow-spark-pipeline/airflow_venv/lib/python3.11/site-packages/airflow/example_dags/example_complex.py
[2026-03-18T13:58:10.281+0000] {processor.py:925} INFO - DAG(s) 'example_complex' retrieved from /home/komal/data-engineering-projects/airflow-spark-pipeline/airflow_venv/lib/python3.11/site-packages/airflow/example_dags/example_complex.py
[2026-03-18T13:58:10.297+0000] {logging_mixin.py:190} INFO - [2026-03-18T13:58:10.297+0000] {dag.py:3239} INFO - Sync 1 DAGs
[2026-03-18T13:58:10.305+0000] {logging_mixin.py:190} INFO - [2026-03-18T13:58:10.305+0000] {dag.py:4180} INFO - Setting next_dagrun for example_complex to None, run_after=None
[2026-03-18T13:58:10.327+0000] {processor.py:208} INFO - Processing /home/komal/data-engineering-projects/airflow-spark-pipeline/airflow_venv/lib/python3.11/site-packages/airflow/example_dags/example_complex.py took 0.065 seconds
[2026-03-18T14:02:05.854+0000] {processor.py:186} INFO - Started process (PID=37238) to work on /home/komal/data-engineering-projects/airflow-spark-pipeline/airflow_venv/lib/python3.11/site-packages/airflow/example_dags/example_complex.py
[2026-03-18T14:02:05.887+0000] {processor.py:914} INFO - Processing file /home/komal/data-engineering-projects/airflow-spark-pipeline/airflow_venv/lib/python3.11/site-packages/airflow/example_dags/example_complex.py for tasks to queue
[2026-03-18T14:02:05.891+0000] {logging_mixin.py:190} INFO - [2026-03-18T14:02:05.890+0000] {dagbag.py:588} INFO - Filling up the DagBag from /home/komal/data-engineering-projects/airflow-spark-pipeline/airflow_venv/lib/python3.11/site-packages/airflow/example_dags/example_complex.py
[2026-03-18T14:02:05.911+0000] {processor.py:925} INFO - DAG(s) 'example_complex' retrieved from /home/komal/data-engineering-projects/airflow-spark-pipeline/airflow_venv/lib/python3.11/site-packages/airflow/example_dags/example_complex.py
[2026-03-18T14:02:05.934+0000] {logging_mixin.py:190} INFO - [2026-03-18T14:02:05.933+0000] {dag.py:3239} INFO - Sync 1 DAGs
[2026-03-18T14:02:05.952+0000] {logging_mixin.py:190} INFO - [2026-03-18T14:02:05.952+0000] {dag.py:4180} INFO - Setting next_dagrun for example_complex to None, run_after=None
[2026-03-18T14:02:05.979+0000] {processor.py:208} INFO - Processing /home/komal/data-engineering-projects/airflow-spark-pipeline/airflow_venv/lib/python3.11/site-packages/airflow/example_dags/example_complex.py took 0.134 seconds
[2026-03-18T14:03:06.196+0000] {processor.py:186} INFO - Started process (PID=37301) to work on /home/komal/data-engineering-projects/airflow-spark-pipeline/airflow_venv/lib/python3.11/site-packages/airflow/example_dags/example_complex.py
[2026-03-18T14:03:06.197+0000] {processor.py:914} INFO - Processing file /home/komal/data-engineering-projects/airflow-spark-pipeline/airflow_venv/lib/python3.11/site-packages/airflow/example_dags/example_complex.py for tasks to queue
[2026-03-18T14:03:06.198+0000] {logging_mixin.py:190} INFO - [2026-03-18T14:03:06.198+0000] {dagbag.py:588} INFO - Filling up the DagBag from /home/komal/data-engineering-projects/airflow-spark-pipeline/airflow_venv/lib/python3.11/site-packages/airflow/example_dags/example_complex.py
[2026-03-18T14:03:06.206+0000] {processor.py:925} INFO - DAG(s) 'example_complex' retrieved from /home/komal/data-engineering-projects/airflow-spark-pipeline/airflow_venv/lib/python3.11/site-packages/airflow/example_dags/example_complex.py
[2026-03-18T14:03:06.227+0000] {logging_mixin.py:190} INFO - [2026-03-18T14:03:06.227+0000] {dag.py:3239} INFO - Sync 1 DAGs
[2026-03-18T14:03:06.239+0000] {logging_mixin.py:190} INFO - [2026-03-18T14:03:06.238+0000] {dag.py:4180} INFO - Setting next_dagrun for example_complex to None, run_after=None
[2026-03-18T14:03:06.284+0000] {processor.py:208} INFO - Processing /home/komal/data-engineering-projects/airflow-spark-pipeline/airflow_venv/lib/python3.11/site-packages/airflow/example_dags/example_complex.py took 0.100 seconds
[2026-03-18T14:04:05.792+0000] {processor.py:186} INFO - Started process (PID=37404) to work on /home/komal/data-engineering-projects/airflow-spark-pipeline/airflow_venv/lib/python3.11/site-packages/airflow/example_dags/example_complex.py
[2026-03-18T14:04:05.825+0000] {processor.py:914} INFO - Processing file /home/komal/data-engineering-projects/airflow-spark-pipeline/airflow_venv/lib/python3.11/site-packages/airflow/example_dags/example_complex.py for tasks to queue
[2026-03-18T14:04:05.830+0000] {logging_mixin.py:190} INFO - [2026-03-18T14:04:05.829+0000] {dagbag.py:588} INFO - Filling up the DagBag from /home/komal/data-engineering-projects/airflow-spark-pipeline/airflow_venv/lib/python3.11/site-packages/airflow/example_dags/example_complex.py
[2026-03-18T14:04:05.855+0000] {processor.py:925} INFO - DAG(s) 'example_complex' retrieved from /home/komal/data-engineering-projects/airflow-spark-pipeline/airflow_venv/lib/python3.11/site-packages/airflow/example_dags/example_complex.py
[2026-03-18T14:04:05.905+0000] {logging_mixin.py:190} INFO - [2026-03-18T14:04:05.905+0000] {dag.py:3239} INFO - Sync 1 DAGs
[2026-03-18T14:04:05.918+0000] {logging_mixin.py:190} INFO - [2026-03-18T14:04:05.918+0000] {dag.py:4180} INFO - Setting next_dagrun for example_complex to None, run_after=None
[2026-03-18T14:04:05.942+0000] {processor.py:208} INFO - Processing /home/komal/data-engineering-projects/airflow-spark-pipeline/airflow_venv/lib/python3.11/site-packages/airflow/example_dags/example_complex.py took 0.155 seconds
[2026-03-18T14:05:10.786+0000] {processor.py:186} INFO - Started process (PID=37538) to work on /home/komal/data-engineering-projects/airflow-spark-pipeline/airflow_venv/lib/python3.11/site-packages/airflow/example_dags/example_complex.py
[2026-03-18T14:05:10.789+0000] {processor.py:914} INFO - Processing file /home/komal/data-engineering-projects/airflow-spark-pipeline/airflow_venv/lib/python3.11/site-packages/airflow/example_dags/example_complex.py for tasks to queue
[2026-03-18T14:05:10.792+0000] {logging_mixin.py:190} INFO - [2026-03-18T14:05:10.791+0000] {dagbag.py:588} INFO - Filling up the DagBag from /home/komal/data-engineering-projects/airflow-spark-pipeline/airflow_venv/lib/python3.11/site-packages/airflow/example_dags/example_complex.py
[2026-03-18T14:05:10.801+0000] {processor.py:925} INFO - DAG(s) 'example_complex' retrieved from /home/komal/data-engineering-projects/airflow-spark-pipeline/airflow_venv/lib/python3.11/site-packages/airflow/example_dags/example_complex.py
[2026-03-18T14:05:10.818+0000] {logging_mixin.py:190} INFO - [2026-03-18T14:05:10.818+0000] {dag.py:3239} INFO - Sync 1 DAGs
[2026-03-18T14:05:10.826+0000] {logging_mixin.py:190} INFO - [2026-03-18T14:05:10.826+0000] {dag.py:4180} INFO - Setting next_dagrun for example_complex to None, run_after=None
[2026-03-18T14:05:10.846+0000] {processor.py:208} INFO - Processing /home/komal/data-engineering-projects/airflow-spark-pipeline/airflow_venv/lib/python3.11/site-packages/airflow/example_dags/example_complex.py took 0.067 seconds
[2026-03-18T14:06:17.285+0000] {processor.py:186} INFO - Started process (PID=37607) to work on /home/komal/data-engineering-projects/airflow-spark-pipeline/airflow_venv/lib/python3.11/site-packages/airflow/example_dags/example_complex.py
[2026-03-18T14:06:17.320+0000] {processor.py:914} INFO - Processing file /home/komal/data-engineering-projects/airflow-spark-pipeline/airflow_venv/lib/python3.11/site-packages/airflow/example_dags/example_complex.py for tasks to queue
[2026-03-18T14:06:17.322+0000] {logging_mixin.py:190} INFO - [2026-03-18T14:06:17.322+0000] {dagbag.py:588} INFO - Filling up the DagBag from /home/komal/data-engineering-projects/airflow-spark-pipeline/airflow_venv/lib/python3.11/site-packages/airflow/example_dags/example_complex.py
[2026-03-18T14:06:17.333+0000] {processor.py:925} INFO - DAG(s) 'example_complex' retrieved from /home/komal/data-engineering-projects/airflow-spark-pipeline/airflow_venv/lib/python3.11/site-packages/airflow/example_dags/example_complex.py
[2026-03-18T14:06:17.357+0000] {logging_mixin.py:190} INFO - [2026-03-18T14:06:17.357+0000] {dag.py:3239} INFO - Sync 1 DAGs
[2026-03-18T14:06:17.365+0000] {logging_mixin.py:190} INFO - [2026-03-18T14:06:17.365+0000] {dag.py:4180} INFO - Setting next_dagrun for example_complex to None, run_after=None
[2026-03-18T14:06:17.409+0000] {processor.py:208} INFO - Processing /home/komal/data-engineering-projects/airflow-spark-pipeline/airflow_venv/lib/python3.11/site-packages/airflow/example_dags/example_complex.py took 0.130 seconds
[2026-03-18T16:35:41.084+0000] {processor.py:186} INFO - Started process (PID=37689) to work on /home/komal/data-engineering-projects/airflow-spark-pipeline/airflow_venv/lib/python3.11/site-packages/airflow/example_dags/example_complex.py
[2026-03-18T16:35:41.089+0000] {processor.py:914} INFO - Processing file /home/komal/data-engineering-projects/airflow-spark-pipeline/airflow_venv/lib/python3.11/site-packages/airflow/example_dags/example_complex.py for tasks to queue
[2026-03-18T16:35:41.093+0000] {logging_mixin.py:190} INFO - [2026-03-18T16:35:41.092+0000] {dagbag.py:588} INFO - Filling up the DagBag from /home/komal/data-engineering-projects/airflow-spark-pipeline/airflow_venv/lib/python3.11/site-packages/airflow/example_dags/example_complex.py
[2026-03-18T16:35:41.113+0000] {processor.py:925} INFO - DAG(s) 'example_complex' retrieved from /home/komal/data-engineering-projects/airflow-spark-pipeline/airflow_venv/lib/python3.11/site-packages/airflow/example_dags/example_complex.py
[2026-03-18T16:35:41.133+0000] {logging_mixin.py:190} INFO - [2026-03-18T16:35:41.133+0000] {dag.py:3239} INFO - Sync 1 DAGs
[2026-03-18T16:35:41.149+0000] {logging_mixin.py:190} INFO - [2026-03-18T16:35:41.148+0000] {dag.py:4180} INFO - Setting next_dagrun for example_complex to None, run_after=None
[2026-03-18T16:35:41.175+0000] {processor.py:208} INFO - Processing /home/komal/data-engineering-projects/airflow-spark-pipeline/airflow_venv/lib/python3.11/site-packages/airflow/example_dags/example_complex.py took 0.101 seconds
[2026-03-18T16:36:47.659+0000] {processor.py:186} INFO - Started process (PID=37761) to work on /home/komal/data-engineering-projects/airflow-spark-pipeline/airflow_venv/lib/python3.11/site-packages/airflow/example_dags/example_complex.py
[2026-03-18T16:36:47.693+0000] {processor.py:914} INFO - Processing file /home/komal/data-engineering-projects/airflow-spark-pipeline/airflow_venv/lib/python3.11/site-packages/airflow/example_dags/example_complex.py for tasks to queue
[2026-03-18T16:36:47.696+0000] {logging_mixin.py:190} INFO - [2026-03-18T16:36:47.696+0000] {dagbag.py:588} INFO - Filling up the DagBag from /home/komal/data-engineering-projects/airflow-spark-pipeline/airflow_venv/lib/python3.11/site-packages/airflow/example_dags/example_complex.py
[2026-03-18T16:36:47.713+0000] {processor.py:925} INFO - DAG(s) 'example_complex' retrieved from /home/komal/data-engineering-projects/airflow-spark-pipeline/airflow_venv/lib/python3.11/site-packages/airflow/example_dags/example_complex.py
[2026-03-18T16:36:47.732+0000] {logging_mixin.py:190} INFO - [2026-03-18T16:36:47.732+0000] {dag.py:3239} INFO - Sync 1 DAGs
[2026-03-18T16:36:47.744+0000] {logging_mixin.py:190} INFO - [2026-03-18T16:36:47.743+0000] {dag.py:4180} INFO - Setting next_dagrun for example_complex to None, run_after=None
[2026-03-18T16:36:47.768+0000] {processor.py:208} INFO - Processing /home/komal/data-engineering-projects/airflow-spark-pipeline/airflow_venv/lib/python3.11/site-packages/airflow/example_dags/example_complex.py took 0.115 seconds
[2026-03-18T16:37:53.234+0000] {processor.py:186} INFO - Started process (PID=37825) to work on /home/komal/data-engineering-projects/airflow-spark-pipeline/airflow_venv/lib/python3.11/site-packages/airflow/example_dags/example_complex.py
[2026-03-18T16:37:53.267+0000] {processor.py:914} INFO - Processing file /home/komal/data-engineering-projects/airflow-spark-pipeline/airflow_venv/lib/python3.11/site-packages/airflow/example_dags/example_complex.py for tasks to queue
[2026-03-18T16:37:53.271+0000] {logging_mixin.py:190} INFO - [2026-03-18T16:37:53.270+0000] {dagbag.py:588} INFO - Filling up the DagBag from /home/komal/data-engineering-projects/airflow-spark-pipeline/airflow_venv/lib/python3.11/site-packages/airflow/example_dags/example_complex.py
[2026-03-18T16:37:53.285+0000] {processor.py:925} INFO - DAG(s) 'example_complex' retrieved from /home/komal/data-engineering-projects/airflow-spark-pipeline/airflow_venv/lib/python3.11/site-packages/airflow/example_dags/example_complex.py
[2026-03-18T16:37:53.301+0000] {logging_mixin.py:190} INFO - [2026-03-18T16:37:53.301+0000] {dag.py:3239} INFO - Sync 1 DAGs
[2026-03-18T16:37:53.308+0000] {logging_mixin.py:190} INFO - [2026-03-18T16:37:53.308+0000] {dag.py:4180} INFO - Setting next_dagrun for example_complex to None, run_after=None
[2026-03-18T16:37:53.329+0000] {processor.py:208} INFO - Processing /home/komal/data-engineering-projects/airflow-spark-pipeline/airflow_venv/lib/python3.11/site-packages/airflow/example_dags/example_complex.py took 0.104 seconds
[2026-03-18T16:39:00.358+0000] {processor.py:186} INFO - Started process (PID=37890) to work on /home/komal/data-engineering-projects/airflow-spark-pipeline/airflow_venv/lib/python3.11/site-packages/airflow/example_dags/example_complex.py
[2026-03-18T16:39:00.390+0000] {processor.py:914} INFO - Processing file /home/komal/data-engineering-projects/airflow-spark-pipeline/airflow_venv/lib/python3.11/site-packages/airflow/example_dags/example_complex.py for tasks to queue
[2026-03-18T16:39:00.394+0000] {logging_mixin.py:190} INFO - [2026-03-18T16:39:00.394+0000] {dagbag.py:588} INFO - Filling up the DagBag from /home/komal/data-engineering-projects/airflow-spark-pipeline/airflow_venv/lib/python3.11/site-packages/airflow/example_dags/example_complex.py
[2026-03-18T16:39:00.409+0000] {processor.py:925} INFO - DAG(s) 'example_complex' retrieved from /home/komal/data-engineering-projects/airflow-spark-pipeline/airflow_venv/lib/python3.11/site-packages/airflow/example_dags/example_complex.py
[2026-03-18T16:39:00.424+0000] {logging_mixin.py:190} INFO - [2026-03-18T16:39:00.424+0000] {dag.py:3239} INFO - Sync 1 DAGs
[2026-03-18T16:39:00.433+0000] {logging_mixin.py:190} INFO - [2026-03-18T16:39:00.433+0000] {dag.py:4180} INFO - Setting next_dagrun for example_complex to None, run_after=None
[2026-03-18T16:39:00.476+0000] {processor.py:208} INFO - Processing /home/komal/data-engineering-projects/airflow-spark-pipeline/airflow_venv/lib/python3.11/site-packages/airflow/example_dags/example_complex.py took 0.126 seconds
[2026-03-18T16:40:06.486+0000] {processor.py:186} INFO - Started process (PID=37952) to work on /home/komal/data-engineering-projects/airflow-spark-pipeline/airflow_venv/lib/python3.11/site-packages/airflow/example_dags/example_complex.py
[2026-03-18T16:40:06.488+0000] {processor.py:914} INFO - Processing file /home/komal/data-engineering-projects/airflow-spark-pipeline/airflow_venv/lib/python3.11/site-packages/airflow/example_dags/example_complex.py for tasks to queue
[2026-03-18T16:40:06.490+0000] {logging_mixin.py:190} INFO - [2026-03-18T16:40:06.490+0000] {dagbag.py:588} INFO - Filling up the DagBag from /home/komal/data-engineering-projects/airflow-spark-pipeline/airflow_venv/lib/python3.11/site-packages/airflow/example_dags/example_complex.py
[2026-03-18T16:40:06.501+0000] {processor.py:925} INFO - DAG(s) 'example_complex' retrieved from /home/komal/data-engineering-projects/airflow-spark-pipeline/airflow_venv/lib/python3.11/site-packages/airflow/example_dags/example_complex.py
[2026-03-18T16:40:06.517+0000] {logging_mixin.py:190} INFO - [2026-03-18T16:40:06.517+0000] {dag.py:3239} INFO - Sync 1 DAGs
[2026-03-18T16:40:06.524+0000] {logging_mixin.py:190} INFO - [2026-03-18T16:40:06.524+0000] {dag.py:4180} INFO - Setting next_dagrun for example_complex to None, run_after=None
[2026-03-18T16:40:06.549+0000] {processor.py:208} INFO - Processing /home/komal/data-engineering-projects/airflow-spark-pipeline/airflow_venv/lib/python3.11/site-packages/airflow/example_dags/example_complex.py took 0.072 seconds
[2026-03-18T16:41:08.046+0000] {processor.py:186} INFO - Started process (PID=38018) to work on /home/komal/data-engineering-projects/airflow-spark-pipeline/airflow_venv/lib/python3.11/site-packages/airflow/example_dags/example_complex.py
[2026-03-18T16:41:08.050+0000] {processor.py:914} INFO - Processing file /home/komal/data-engineering-projects/airflow-spark-pipeline/airflow_venv/lib/python3.11/site-packages/airflow/example_dags/example_complex.py for tasks to queue
[2026-03-18T16:41:08.053+0000] {logging_mixin.py:190} INFO - [2026-03-18T16:41:08.053+0000] {dagbag.py:588} INFO - Filling up the DagBag from /home/komal/data-engineering-projects/airflow-spark-pipeline/airflow_venv/lib/python3.11/site-packages/airflow/example_dags/example_complex.py
[2026-03-18T16:41:08.067+0000] {processor.py:925} INFO - DAG(s) 'example_complex' retrieved from /home/komal/data-engineering-projects/airflow-spark-pipeline/airflow_venv/lib/python3.11/site-packages/airflow/example_dags/example_complex.py
[2026-03-18T16:41:08.088+0000] {logging_mixin.py:190} INFO - [2026-03-18T16:41:08.088+0000] {dag.py:3239} INFO - Sync 1 DAGs
[2026-03-18T16:41:08.106+0000] {logging_mixin.py:190} INFO - [2026-03-18T16:41:08.106+0000] {dag.py:4180} INFO - Setting next_dagrun for example_complex to None, run_after=None
[2026-03-18T16:41:08.145+0000] {processor.py:208} INFO - Processing /home/komal/data-engineering-projects/airflow-spark-pipeline/airflow_venv/lib/python3.11/site-packages/airflow/example_dags/example_complex.py took 0.107 seconds
[2026-03-18T16:42:18.908+0000] {processor.py:186} INFO - Started process (PID=38088) to work on /home/komal/data-engineering-projects/airflow-spark-pipeline/airflow_venv/lib/python3.11/site-packages/airflow/example_dags/example_complex.py
[2026-03-18T16:42:18.923+0000] {processor.py:914} INFO - Processing file /home/komal/data-engineering-projects/airflow-spark-pipeline/airflow_venv/lib/python3.11/site-packages/airflow/example_dags/example_complex.py for tasks to queue
[2026-03-18T16:42:18.927+0000] {logging_mixin.py:190} INFO - [2026-03-18T16:42:18.926+0000] {dagbag.py:588} INFO - Filling up the DagBag from /home/komal/data-engineering-projects/airflow-spark-pipeline/airflow_venv/lib/python3.11/site-packages/airflow/example_dags/example_complex.py
[2026-03-18T16:42:18.943+0000] {processor.py:925} INFO - DAG(s) 'example_complex' retrieved from /home/komal/data-engineering-projects/airflow-spark-pipeline/airflow_venv/lib/python3.11/site-packages/airflow/example_dags/example_complex.py
[2026-03-18T16:42:18.969+0000] {logging_mixin.py:190} INFO - [2026-03-18T16:42:18.969+0000] {dag.py:3239} INFO - Sync 1 DAGs
[2026-03-18T16:42:18.979+0000] {logging_mixin.py:190} INFO - [2026-03-18T16:42:18.979+0000] {dag.py:4180} INFO - Setting next_dagrun for example_complex to None, run_after=None
[2026-03-18T16:42:19.004+0000] {processor.py:208} INFO - Processing /home/komal/data-engineering-projects/airflow-spark-pipeline/airflow_venv/lib/python3.11/site-packages/airflow/example_dags/example_complex.py took 0.106 seconds
[2026-03-18T16:43:23.582+0000] {processor.py:186} INFO - Started process (PID=38154) to work on /home/komal/data-engineering-projects/airflow-spark-pipeline/airflow_venv/lib/python3.11/site-packages/airflow/example_dags/example_complex.py
[2026-03-18T16:43:23.616+0000] {processor.py:914} INFO - Processing file /home/komal/data-engineering-projects/airflow-spark-pipeline/airflow_venv/lib/python3.11/site-packages/airflow/example_dags/example_complex.py for tasks to queue
[2026-03-18T16:43:23.620+0000] {logging_mixin.py:190} INFO - [2026-03-18T16:43:23.620+0000] {dagbag.py:588} INFO - Filling up the DagBag from /home/komal/data-engineering-projects/airflow-spark-pipeline/airflow_venv/lib/python3.11/site-packages/airflow/example_dags/example_complex.py
[2026-03-18T16:43:23.637+0000] {processor.py:925} INFO - DAG(s) 'example_complex' retrieved from /home/komal/data-engineering-projects/airflow-spark-pipeline/airflow_venv/lib/python3.11/site-packages/airflow/example_dags/example_complex.py
[2026-03-18T16:43:23.657+0000] {logging_mixin.py:190} INFO - [2026-03-18T16:43:23.657+0000] {dag.py:3239} INFO - Sync 1 DAGs
[2026-03-18T16:43:23.664+0000] {logging_mixin.py:190} INFO - [2026-03-18T16:43:23.664+0000] {dag.py:4180} INFO - Setting next_dagrun for example_complex to None, run_after=None
[2026-03-18T16:43:23.697+0000] {processor.py:208} INFO - Processing /home/komal/data-engineering-projects/airflow-spark-pipeline/airflow_venv/lib/python3.11/site-packages/airflow/example_dags/example_complex.py took 0.126 seconds
[2026-03-18T16:44:27.869+0000] {processor.py:186} INFO - Started process (PID=38215) to work on /home/komal/data-engineering-projects/airflow-spark-pipeline/airflow_venv/lib/python3.11/site-packages/airflow/example_dags/example_complex.py
[2026-03-18T16:44:27.871+0000] {processor.py:914} INFO - Processing file /home/komal/data-engineering-projects/airflow-spark-pipeline/airflow_venv/lib/python3.11/site-packages/airflow/example_dags/example_complex.py for tasks to queue
[2026-03-18T16:44:27.873+0000] {logging_mixin.py:190} INFO - [2026-03-18T16:44:27.872+0000] {dagbag.py:588} INFO - Filling up the DagBag from /home/komal/data-engineering-projects/airflow-spark-pipeline/airflow_venv/lib/python3.11/site-packages/airflow/example_dags/example_complex.py
[2026-03-18T16:44:27.881+0000] {processor.py:925} INFO - DAG(s) 'example_complex' retrieved from /home/komal/data-engineering-projects/airflow-spark-pipeline/airflow_venv/lib/python3.11/site-packages/airflow/example_dags/example_complex.py
[2026-03-18T16:44:27.897+0000] {logging_mixin.py:190} INFO - [2026-03-18T16:44:27.896+0000] {dag.py:3239} INFO - Sync 1 DAGs
[2026-03-18T16:44:27.904+0000] {logging_mixin.py:190} INFO - [2026-03-18T16:44:27.904+0000] {dag.py:4180} INFO - Setting next_dagrun for example_complex to None, run_after=None
[2026-03-18T16:44:27.942+0000] {processor.py:208} INFO - Processing /home/komal/data-engineering-projects/airflow-spark-pipeline/airflow_venv/lib/python3.11/site-packages/airflow/example_dags/example_complex.py took 0.076 seconds
[2026-03-18T16:45:38.153+0000] {processor.py:186} INFO - Started process (PID=38281) to work on /home/komal/data-engineering-projects/airflow-spark-pipeline/airflow_venv/lib/python3.11/site-packages/airflow/example_dags/example_complex.py
[2026-03-18T16:45:38.187+0000] {processor.py:914} INFO - Processing file /home/komal/data-engineering-projects/airflow-spark-pipeline/airflow_venv/lib/python3.11/site-packages/airflow/example_dags/example_complex.py for tasks to queue
[2026-03-18T16:45:38.190+0000] {logging_mixin.py:190} INFO - [2026-03-18T16:45:38.190+0000] {dagbag.py:588} INFO - Filling up the DagBag from /home/komal/data-engineering-projects/airflow-spark-pipeline/airflow_venv/lib/python3.11/site-packages/airflow/example_dags/example_complex.py
[2026-03-18T16:45:38.209+0000] {processor.py:925} INFO - DAG(s) 'example_complex' retrieved from /home/komal/data-engineering-projects/airflow-spark-pipeline/airflow_venv/lib/python3.11/site-packages/airflow/example_dags/example_complex.py
[2026-03-18T16:45:38.229+0000] {logging_mixin.py:190} INFO - [2026-03-18T16:45:38.229+0000] {dag.py:3239} INFO - Sync 1 DAGs
[2026-03-18T16:45:38.241+0000] {logging_mixin.py:190} INFO - [2026-03-18T16:45:38.241+0000] {dag.py:4180} INFO - Setting next_dagrun for example_complex to None, run_after=None
[2026-03-18T16:45:38.265+0000] {processor.py:208} INFO - Processing /home/komal/data-engineering-projects/airflow-spark-pipeline/airflow_venv/lib/python3.11/site-packages/airflow/example_dags/example_complex.py took 0.121 seconds
[2026-03-18T16:46:46.344+0000] {processor.py:186} INFO - Started process (PID=38347) to work on /home/komal/data-engineering-projects/airflow-spark-pipeline/airflow_venv/lib/python3.11/site-packages/airflow/example_dags/example_complex.py
[2026-03-18T16:46:46.378+0000] {processor.py:914} INFO - Processing file /home/komal/data-engineering-projects/airflow-spark-pipeline/airflow_venv/lib/python3.11/site-packages/airflow/example_dags/example_complex.py for tasks to queue
[2026-03-18T16:46:46.382+0000] {logging_mixin.py:190} INFO - [2026-03-18T16:46:46.381+0000] {dagbag.py:588} INFO - Filling up the DagBag from /home/komal/data-engineering-projects/airflow-spark-pipeline/airflow_venv/lib/python3.11/site-packages/airflow/example_dags/example_complex.py
[2026-03-18T16:46:46.400+0000] {processor.py:925} INFO - DAG(s) 'example_complex' retrieved from /home/komal/data-engineering-projects/airflow-spark-pipeline/airflow_venv/lib/python3.11/site-packages/airflow/example_dags/example_complex.py
[2026-03-18T16:46:46.422+0000] {logging_mixin.py:190} INFO - [2026-03-18T16:46:46.422+0000] {dag.py:3239} INFO - Sync 1 DAGs
[2026-03-18T16:46:46.431+0000] {logging_mixin.py:190} INFO - [2026-03-18T16:46:46.431+0000] {dag.py:4180} INFO - Setting next_dagrun for example_complex to None, run_after=None
[2026-03-18T16:46:46.448+0000] {processor.py:208} INFO - Processing /home/komal/data-engineering-projects/airflow-spark-pipeline/airflow_venv/lib/python3.11/site-packages/airflow/example_dags/example_complex.py took 0.113 seconds
[2026-03-18T16:47:53.812+0000] {processor.py:186} INFO - Started process (PID=38412) to work on /home/komal/data-engineering-projects/airflow-spark-pipeline/airflow_venv/lib/python3.11/site-packages/airflow/example_dags/example_complex.py
[2026-03-18T16:47:53.844+0000] {processor.py:914} INFO - Processing file /home/komal/data-engineering-projects/airflow-spark-pipeline/airflow_venv/lib/python3.11/site-packages/airflow/example_dags/example_complex.py for tasks to queue
[2026-03-18T16:47:53.848+0000] {logging_mixin.py:190} INFO - [2026-03-18T16:47:53.847+0000] {dagbag.py:588} INFO - Filling up the DagBag from /home/komal/data-engineering-projects/airflow-spark-pipeline/airflow_venv/lib/python3.11/site-packages/airflow/example_dags/example_complex.py
[2026-03-18T16:47:53.865+0000] {processor.py:925} INFO - DAG(s) 'example_complex' retrieved from /home/komal/data-engineering-projects/airflow-spark-pipeline/airflow_venv/lib/python3.11/site-packages/airflow/example_dags/example_complex.py
[2026-03-18T16:47:53.886+0000] {logging_mixin.py:190} INFO - [2026-03-18T16:47:53.886+0000] {dag.py:3239} INFO - Sync 1 DAGs
[2026-03-18T16:47:53.897+0000] {logging_mixin.py:190} INFO - [2026-03-18T16:47:53.896+0000] {dag.py:4180} INFO - Setting next_dagrun for example_complex to None, run_after=None
[2026-03-18T16:47:53.918+0000] {processor.py:208} INFO - Processing /home/komal/data-engineering-projects/airflow-spark-pipeline/airflow_venv/lib/python3.11/site-packages/airflow/example_dags/example_complex.py took 0.117 seconds
[2026-03-18T16:48:57.860+0000] {processor.py:186} INFO - Started process (PID=38478) to work on /home/komal/data-engineering-projects/airflow-spark-pipeline/airflow_venv/lib/python3.11/site-packages/airflow/example_dags/example_complex.py
[2026-03-18T16:48:57.885+0000] {processor.py:914} INFO - Processing file /home/komal/data-engineering-projects/airflow-spark-pipeline/airflow_venv/lib/python3.11/site-packages/airflow/example_dags/example_complex.py for tasks to queue
[2026-03-18T16:48:57.888+0000] {logging_mixin.py:190} INFO - [2026-03-18T16:48:57.887+0000] {dagbag.py:588} INFO - Filling up the DagBag from /home/komal/data-engineering-projects/airflow-spark-pipeline/airflow_venv/lib/python3.11/site-packages/airflow/example_dags/example_complex.py
[2026-03-18T16:48:57.902+0000] {processor.py:925} INFO - DAG(s) 'example_complex' retrieved from /home/komal/data-engineering-projects/airflow-spark-pipeline/airflow_venv/lib/python3.11/site-packages/airflow/example_dags/example_complex.py
[2026-03-18T16:48:57.924+0000] {logging_mixin.py:190} INFO - [2026-03-18T16:48:57.924+0000] {dag.py:3239} INFO - Sync 1 DAGs
[2026-03-18T16:48:57.933+0000] {logging_mixin.py:190} INFO - [2026-03-18T16:48:57.933+0000] {dag.py:4180} INFO - Setting next_dagrun for example_complex to None, run_after=None
[2026-03-18T16:48:57.956+0000] {processor.py:208} INFO - Processing /home/komal/data-engineering-projects/airflow-spark-pipeline/airflow_venv/lib/python3.11/site-packages/airflow/example_dags/example_complex.py took 0.104 seconds
[2026-03-18T16:52:18.836+0000] {processor.py:186} INFO - Started process (PID=38572) to work on /home/komal/data-engineering-projects/airflow-spark-pipeline/airflow_venv/lib/python3.11/site-packages/airflow/example_dags/example_complex.py
[2026-03-18T16:52:18.869+0000] {processor.py:914} INFO - Processing file /home/komal/data-engineering-projects/airflow-spark-pipeline/airflow_venv/lib/python3.11/site-packages/airflow/example_dags/example_complex.py for tasks to queue
[2026-03-18T16:52:18.873+0000] {logging_mixin.py:190} INFO - [2026-03-18T16:52:18.872+0000] {dagbag.py:588} INFO - Filling up the DagBag from /home/komal/data-engineering-projects/airflow-spark-pipeline/airflow_venv/lib/python3.11/site-packages/airflow/example_dags/example_complex.py
[2026-03-18T16:52:18.889+0000] {processor.py:925} INFO - DAG(s) 'example_complex' retrieved from /home/komal/data-engineering-projects/airflow-spark-pipeline/airflow_venv/lib/python3.11/site-packages/airflow/example_dags/example_complex.py
[2026-03-18T16:52:18.906+0000] {logging_mixin.py:190} INFO - [2026-03-18T16:52:18.906+0000] {dag.py:3239} INFO - Sync 1 DAGs
[2026-03-18T16:52:18.914+0000] {logging_mixin.py:190} INFO - [2026-03-18T16:52:18.914+0000] {dag.py:4180} INFO - Setting next_dagrun for example_complex to None, run_after=None
[2026-03-18T16:52:18.939+0000] {processor.py:208} INFO - Processing /home/komal/data-engineering-projects/airflow-spark-pipeline/airflow_venv/lib/python3.11/site-packages/airflow/example_dags/example_complex.py took 0.108 seconds
[2026-03-18T16:53:23.846+0000] {processor.py:186} INFO - Started process (PID=38637) to work on /home/komal/data-engineering-projects/airflow-spark-pipeline/airflow_venv/lib/python3.11/site-packages/airflow/example_dags/example_complex.py
[2026-03-18T16:53:23.848+0000] {processor.py:914} INFO - Processing file /home/komal/data-engineering-projects/airflow-spark-pipeline/airflow_venv/lib/python3.11/site-packages/airflow/example_dags/example_complex.py for tasks to queue
[2026-03-18T16:53:23.850+0000] {logging_mixin.py:190} INFO - [2026-03-18T16:53:23.849+0000] {dagbag.py:588} INFO - Filling up the DagBag from /home/komal/data-engineering-projects/airflow-spark-pipeline/airflow_venv/lib/python3.11/site-packages/airflow/example_dags/example_complex.py
[2026-03-18T16:53:23.866+0000] {processor.py:925} INFO - DAG(s) 'example_complex' retrieved from /home/komal/data-engineering-projects/airflow-spark-pipeline/airflow_venv/lib/python3.11/site-packages/airflow/example_dags/example_complex.py
[2026-03-18T16:53:23.887+0000] {logging_mixin.py:190} INFO - [2026-03-18T16:53:23.887+0000] {dag.py:3239} INFO - Sync 1 DAGs
[2026-03-18T16:53:23.900+0000] {logging_mixin.py:190} INFO - [2026-03-18T16:53:23.900+0000] {dag.py:4180} INFO - Setting next_dagrun for example_complex to None, run_after=None
[2026-03-18T16:53:23.937+0000] {processor.py:208} INFO - Processing /home/komal/data-engineering-projects/airflow-spark-pipeline/airflow_venv/lib/python3.11/site-packages/airflow/example_dags/example_complex.py took 0.096 seconds
[2026-03-18T16:54:29.346+0000] {processor.py:186} INFO - Started process (PID=38705) to work on /home/komal/data-engineering-projects/airflow-spark-pipeline/airflow_venv/lib/python3.11/site-packages/airflow/example_dags/example_complex.py
[2026-03-18T16:54:29.349+0000] {processor.py:914} INFO - Processing file /home/komal/data-engineering-projects/airflow-spark-pipeline/airflow_venv/lib/python3.11/site-packages/airflow/example_dags/example_complex.py for tasks to queue
[2026-03-18T16:54:29.352+0000] {logging_mixin.py:190} INFO - [2026-03-18T16:54:29.351+0000] {dagbag.py:588} INFO - Filling up the DagBag from /home/komal/data-engineering-projects/airflow-spark-pipeline/airflow_venv/lib/python3.11/site-packages/airflow/example_dags/example_complex.py
[2026-03-18T16:54:29.360+0000] {processor.py:925} INFO - DAG(s) 'example_complex' retrieved from /home/komal/data-engineering-projects/airflow-spark-pipeline/airflow_venv/lib/python3.11/site-packages/airflow/example_dags/example_complex.py
[2026-03-18T16:54:29.376+0000] {logging_mixin.py:190} INFO - [2026-03-18T16:54:29.376+0000] {dag.py:3239} INFO - Sync 1 DAGs
[2026-03-18T16:54:29.385+0000] {logging_mixin.py:190} INFO - [2026-03-18T16:54:29.385+0000] {dag.py:4180} INFO - Setting next_dagrun for example_complex to None, run_after=None
[2026-03-18T16:54:29.406+0000] {processor.py:208} INFO - Processing /home/komal/data-engineering-projects/airflow-spark-pipeline/airflow_venv/lib/python3.11/site-packages/airflow/example_dags/example_complex.py took 0.068 seconds
[2026-03-18T16:55:38.162+0000] {processor.py:186} INFO - Started process (PID=38776) to work on /home/komal/data-engineering-projects/airflow-spark-pipeline/airflow_venv/lib/python3.11/site-packages/airflow/example_dags/example_complex.py
[2026-03-18T16:55:38.195+0000] {processor.py:914} INFO - Processing file /home/komal/data-engineering-projects/airflow-spark-pipeline/airflow_venv/lib/python3.11/site-packages/airflow/example_dags/example_complex.py for tasks to queue
[2026-03-18T16:55:38.199+0000] {logging_mixin.py:190} INFO - [2026-03-18T16:55:38.198+0000] {dagbag.py:588} INFO - Filling up the DagBag from /home/komal/data-engineering-projects/airflow-spark-pipeline/airflow_venv/lib/python3.11/site-packages/airflow/example_dags/example_complex.py
[2026-03-18T16:55:38.215+0000] {processor.py:925} INFO - DAG(s) 'example_complex' retrieved from /home/komal/data-engineering-projects/airflow-spark-pipeline/airflow_venv/lib/python3.11/site-packages/airflow/example_dags/example_complex.py
[2026-03-18T16:55:38.233+0000] {logging_mixin.py:190} INFO - [2026-03-18T16:55:38.232+0000] {dag.py:3239} INFO - Sync 1 DAGs
[2026-03-18T16:55:38.240+0000] {logging_mixin.py:190} INFO - [2026-03-18T16:55:38.240+0000] {dag.py:4180} INFO - Setting next_dagrun for example_complex to None, run_after=None
[2026-03-18T16:55:38.261+0000] {processor.py:208} INFO - Processing /home/komal/data-engineering-projects/airflow-spark-pipeline/airflow_venv/lib/python3.11/site-packages/airflow/example_dags/example_complex.py took 0.115 seconds
[2026-03-18T16:56:48.506+0000] {processor.py:186} INFO - Started process (PID=38840) to work on /home/komal/data-engineering-projects/airflow-spark-pipeline/airflow_venv/lib/python3.11/site-packages/airflow/example_dags/example_complex.py
[2026-03-18T16:56:48.524+0000] {processor.py:914} INFO - Processing file /home/komal/data-engineering-projects/airflow-spark-pipeline/airflow_venv/lib/python3.11/site-packages/airflow/example_dags/example_complex.py for tasks to queue
[2026-03-18T16:56:48.528+0000] {logging_mixin.py:190} INFO - [2026-03-18T16:56:48.527+0000] {dagbag.py:588} INFO - Filling up the DagBag from /home/komal/data-engineering-projects/airflow-spark-pipeline/airflow_venv/lib/python3.11/site-packages/airflow/example_dags/example_complex.py
[2026-03-18T16:56:48.540+0000] {processor.py:925} INFO - DAG(s) 'example_complex' retrieved from /home/komal/data-engineering-projects/airflow-spark-pipeline/airflow_venv/lib/python3.11/site-packages/airflow/example_dags/example_complex.py
[2026-03-18T16:56:48.557+0000] {logging_mixin.py:190} INFO - [2026-03-18T16:56:48.557+0000] {dag.py:3239} INFO - Sync 1 DAGs
[2026-03-18T16:56:48.565+0000] {logging_mixin.py:190} INFO - [2026-03-18T16:56:48.565+0000] {dag.py:4180} INFO - Setting next_dagrun for example_complex to None, run_after=None
[2026-03-18T16:56:48.587+0000] {processor.py:208} INFO - Processing /home/komal/data-engineering-projects/airflow-spark-pipeline/airflow_venv/lib/python3.11/site-packages/airflow/example_dags/example_complex.py took 0.090 seconds
[2026-03-18T17:45:21.943+0000] {processor.py:186} INFO - Started process (PID=38927) to work on /home/komal/data-engineering-projects/airflow-spark-pipeline/airflow_venv/lib/python3.11/site-packages/airflow/example_dags/example_complex.py
[2026-03-18T17:45:21.945+0000] {processor.py:914} INFO - Processing file /home/komal/data-engineering-projects/airflow-spark-pipeline/airflow_venv/lib/python3.11/site-packages/airflow/example_dags/example_complex.py for tasks to queue
[2026-03-18T17:45:21.947+0000] {logging_mixin.py:190} INFO - [2026-03-18T17:45:21.947+0000] {dagbag.py:588} INFO - Filling up the DagBag from /home/komal/data-engineering-projects/airflow-spark-pipeline/airflow_venv/lib/python3.11/site-packages/airflow/example_dags/example_complex.py
[2026-03-18T17:45:21.958+0000] {processor.py:925} INFO - DAG(s) 'example_complex' retrieved from /home/komal/data-engineering-projects/airflow-spark-pipeline/airflow_venv/lib/python3.11/site-packages/airflow/example_dags/example_complex.py
[2026-03-18T17:45:21.977+0000] {logging_mixin.py:190} INFO - [2026-03-18T17:45:21.977+0000] {dag.py:3239} INFO - Sync 1 DAGs
[2026-03-18T17:45:21.985+0000] {logging_mixin.py:190} INFO - [2026-03-18T17:45:21.985+0000] {dag.py:4180} INFO - Setting next_dagrun for example_complex to None, run_after=None
[2026-03-18T17:45:22.005+0000] {processor.py:208} INFO - Processing /home/komal/data-engineering-projects/airflow-spark-pipeline/airflow_venv/lib/python3.11/site-packages/airflow/example_dags/example_complex.py took 0.066 seconds
[2026-03-18T17:46:27.770+0000] {processor.py:186} INFO - Started process (PID=39004) to work on /home/komal/data-engineering-projects/airflow-spark-pipeline/airflow_venv/lib/python3.11/site-packages/airflow/example_dags/example_complex.py
[2026-03-18T17:46:27.772+0000] {processor.py:914} INFO - Processing file /home/komal/data-engineering-projects/airflow-spark-pipeline/airflow_venv/lib/python3.11/site-packages/airflow/example_dags/example_complex.py for tasks to queue
[2026-03-18T17:46:27.774+0000] {logging_mixin.py:190} INFO - [2026-03-18T17:46:27.774+0000] {dagbag.py:588} INFO - Filling up the DagBag from /home/komal/data-engineering-projects/airflow-spark-pipeline/airflow_venv/lib/python3.11/site-packages/airflow/example_dags/example_complex.py
[2026-03-18T17:46:27.786+0000] {processor.py:925} INFO - DAG(s) 'example_complex' retrieved from /home/komal/data-engineering-projects/airflow-spark-pipeline/airflow_venv/lib/python3.11/site-packages/airflow/example_dags/example_complex.py
[2026-03-18T17:46:27.818+0000] {logging_mixin.py:190} INFO - [2026-03-18T17:46:27.818+0000] {dag.py:3239} INFO - Sync 1 DAGs
[2026-03-18T17:46:27.829+0000] {logging_mixin.py:190} INFO - [2026-03-18T17:46:27.829+0000] {dag.py:4180} INFO - Setting next_dagrun for example_complex to None, run_after=None
[2026-03-18T17:46:27.850+0000] {processor.py:208} INFO - Processing /home/komal/data-engineering-projects/airflow-spark-pipeline/airflow_venv/lib/python3.11/site-packages/airflow/example_dags/example_complex.py took 0.085 seconds
[2026-03-18T17:47:34.708+0000] {processor.py:186} INFO - Started process (PID=39068) to work on /home/komal/data-engineering-projects/airflow-spark-pipeline/airflow_venv/lib/python3.11/site-packages/airflow/example_dags/example_complex.py
[2026-03-18T17:47:34.741+0000] {processor.py:914} INFO - Processing file /home/komal/data-engineering-projects/airflow-spark-pipeline/airflow_venv/lib/python3.11/site-packages/airflow/example_dags/example_complex.py for tasks to queue
[2026-03-18T17:47:34.742+0000] {logging_mixin.py:190} INFO - [2026-03-18T17:47:34.742+0000] {dagbag.py:588} INFO - Filling up the DagBag from /home/komal/data-engineering-projects/airflow-spark-pipeline/airflow_venv/lib/python3.11/site-packages/airflow/example_dags/example_complex.py
[2026-03-18T17:47:34.751+0000] {processor.py:925} INFO - DAG(s) 'example_complex' retrieved from /home/komal/data-engineering-projects/airflow-spark-pipeline/airflow_venv/lib/python3.11/site-packages/airflow/example_dags/example_complex.py
[2026-03-18T17:47:34.768+0000] {logging_mixin.py:190} INFO - [2026-03-18T17:47:34.768+0000] {dag.py:3239} INFO - Sync 1 DAGs
[2026-03-18T17:47:34.778+0000] {logging_mixin.py:190} INFO - [2026-03-18T17:47:34.778+0000] {dag.py:4180} INFO - Setting next_dagrun for example_complex to None, run_after=None
[2026-03-18T17:47:34.800+0000] {processor.py:208} INFO - Processing /home/komal/data-engineering-projects/airflow-spark-pipeline/airflow_venv/lib/python3.11/site-packages/airflow/example_dags/example_complex.py took 0.099 seconds
[2026-03-18T17:48:42.822+0000] {processor.py:186} INFO - Started process (PID=39132) to work on /home/komal/data-engineering-projects/airflow-spark-pipeline/airflow_venv/lib/python3.11/site-packages/airflow/example_dags/example_complex.py
[2026-03-18T17:48:42.853+0000] {processor.py:914} INFO - Processing file /home/komal/data-engineering-projects/airflow-spark-pipeline/airflow_venv/lib/python3.11/site-packages/airflow/example_dags/example_complex.py for tasks to queue
[2026-03-18T17:48:42.856+0000] {logging_mixin.py:190} INFO - [2026-03-18T17:48:42.856+0000] {dagbag.py:588} INFO - Filling up the DagBag from /home/komal/data-engineering-projects/airflow-spark-pipeline/airflow_venv/lib/python3.11/site-packages/airflow/example_dags/example_complex.py
[2026-03-18T17:48:42.871+0000] {processor.py:925} INFO - DAG(s) 'example_complex' retrieved from /home/komal/data-engineering-projects/airflow-spark-pipeline/airflow_venv/lib/python3.11/site-packages/airflow/example_dags/example_complex.py
[2026-03-18T17:48:42.886+0000] {logging_mixin.py:190} INFO - [2026-03-18T17:48:42.886+0000] {dag.py:3239} INFO - Sync 1 DAGs
[2026-03-18T17:48:42.895+0000] {logging_mixin.py:190} INFO - [2026-03-18T17:48:42.895+0000] {dag.py:4180} INFO - Setting next_dagrun for example_complex to None, run_after=None
[2026-03-18T17:48:42.915+0000] {processor.py:208} INFO - Processing /home/komal/data-engineering-projects/airflow-spark-pipeline/airflow_venv/lib/python3.11/site-packages/airflow/example_dags/example_complex.py took 0.099 seconds
[2026-03-18T17:49:47.563+0000] {processor.py:186} INFO - Started process (PID=39194) to work on /home/komal/data-engineering-projects/airflow-spark-pipeline/airflow_venv/lib/python3.11/site-packages/airflow/example_dags/example_complex.py
[2026-03-18T17:49:47.566+0000] {processor.py:914} INFO - Processing file /home/komal/data-engineering-projects/airflow-spark-pipeline/airflow_venv/lib/python3.11/site-packages/airflow/example_dags/example_complex.py for tasks to queue
[2026-03-18T17:49:47.569+0000] {logging_mixin.py:190} INFO - [2026-03-18T17:49:47.568+0000] {dagbag.py:588} INFO - Filling up the DagBag from /home/komal/data-engineering-projects/airflow-spark-pipeline/airflow_venv/lib/python3.11/site-packages/airflow/example_dags/example_complex.py
[2026-03-18T17:49:47.584+0000] {processor.py:925} INFO - DAG(s) 'example_complex' retrieved from /home/komal/data-engineering-projects/airflow-spark-pipeline/airflow_venv/lib/python3.11/site-packages/airflow/example_dags/example_complex.py
[2026-03-18T17:49:47.611+0000] {logging_mixin.py:190} INFO - [2026-03-18T17:49:47.611+0000] {dag.py:3239} INFO - Sync 1 DAGs
[2026-03-18T17:49:47.619+0000] {logging_mixin.py:190} INFO - [2026-03-18T17:49:47.619+0000] {dag.py:4180} INFO - Setting next_dagrun for example_complex to None, run_after=None
[2026-03-18T17:49:47.640+0000] {processor.py:208} INFO - Processing /home/komal/data-engineering-projects/airflow-spark-pipeline/airflow_venv/lib/python3.11/site-packages/airflow/example_dags/example_complex.py took 0.088 seconds
[2026-03-18T17:55:55.461+0000] {processor.py:186} INFO - Started process (PID=39279) to work on /home/komal/data-engineering-projects/airflow-spark-pipeline/airflow_venv/lib/python3.11/site-packages/airflow/example_dags/example_complex.py
[2026-03-18T17:55:55.469+0000] {processor.py:914} INFO - Processing file /home/komal/data-engineering-projects/airflow-spark-pipeline/airflow_venv/lib/python3.11/site-packages/airflow/example_dags/example_complex.py for tasks to queue
[2026-03-18T17:55:55.474+0000] {logging_mixin.py:190} INFO - [2026-03-18T17:55:55.473+0000] {dagbag.py:588} INFO - Filling up the DagBag from /home/komal/data-engineering-projects/airflow-spark-pipeline/airflow_venv/lib/python3.11/site-packages/airflow/example_dags/example_complex.py
[2026-03-18T17:55:55.489+0000] {processor.py:925} INFO - DAG(s) 'example_complex' retrieved from /home/komal/data-engineering-projects/airflow-spark-pipeline/airflow_venv/lib/python3.11/site-packages/airflow/example_dags/example_complex.py
[2026-03-18T17:55:55.515+0000] {logging_mixin.py:190} INFO - [2026-03-18T17:55:55.515+0000] {dag.py:3239} INFO - Sync 1 DAGs
[2026-03-18T17:55:55.528+0000] {logging_mixin.py:190} INFO - [2026-03-18T17:55:55.528+0000] {dag.py:4180} INFO - Setting next_dagrun for example_complex to None, run_after=None
[2026-03-18T17:55:55.554+0000] {processor.py:208} INFO - Processing /home/komal/data-engineering-projects/airflow-spark-pipeline/airflow_venv/lib/python3.11/site-packages/airflow/example_dags/example_complex.py took 0.097 seconds
[2026-03-18T17:57:01.356+0000] {processor.py:186} INFO - Started process (PID=39366) to work on /home/komal/data-engineering-projects/airflow-spark-pipeline/airflow_venv/lib/python3.11/site-packages/airflow/example_dags/example_complex.py
[2026-03-18T17:57:01.359+0000] {processor.py:914} INFO - Processing file /home/komal/data-engineering-projects/airflow-spark-pipeline/airflow_venv/lib/python3.11/site-packages/airflow/example_dags/example_complex.py for tasks to queue
[2026-03-18T17:57:01.361+0000] {logging_mixin.py:190} INFO - [2026-03-18T17:57:01.361+0000] {dagbag.py:588} INFO - Filling up the DagBag from /home/komal/data-engineering-projects/airflow-spark-pipeline/airflow_venv/lib/python3.11/site-packages/airflow/example_dags/example_complex.py
[2026-03-18T17:57:01.371+0000] {processor.py:925} INFO - DAG(s) 'example_complex' retrieved from /home/komal/data-engineering-projects/airflow-spark-pipeline/airflow_venv/lib/python3.11/site-packages/airflow/example_dags/example_complex.py
[2026-03-18T17:57:01.397+0000] {logging_mixin.py:190} INFO - [2026-03-18T17:57:01.397+0000] {dag.py:3239} INFO - Sync 1 DAGs
[2026-03-18T17:57:01.406+0000] {logging_mixin.py:190} INFO - [2026-03-18T17:57:01.406+0000] {dag.py:4180} INFO - Setting next_dagrun for example_complex to None, run_after=None
[2026-03-18T17:57:01.436+0000] {processor.py:208} INFO - Processing /home/komal/data-engineering-projects/airflow-spark-pipeline/airflow_venv/lib/python3.11/site-packages/airflow/example_dags/example_complex.py took 0.089 seconds
[2026-03-18T17:58:06.417+0000] {processor.py:186} INFO - Started process (PID=39429) to work on /home/komal/data-engineering-projects/airflow-spark-pipeline/airflow_venv/lib/python3.11/site-packages/airflow/example_dags/example_complex.py
[2026-03-18T17:58:06.420+0000] {processor.py:914} INFO - Processing file /home/komal/data-engineering-projects/airflow-spark-pipeline/airflow_venv/lib/python3.11/site-packages/airflow/example_dags/example_complex.py for tasks to queue
[2026-03-18T17:58:06.425+0000] {logging_mixin.py:190} INFO - [2026-03-18T17:58:06.425+0000] {dagbag.py:588} INFO - Filling up the DagBag from /home/komal/data-engineering-projects/airflow-spark-pipeline/airflow_venv/lib/python3.11/site-packages/airflow/example_dags/example_complex.py
[2026-03-18T17:58:06.440+0000] {processor.py:925} INFO - DAG(s) 'example_complex' retrieved from /home/komal/data-engineering-projects/airflow-spark-pipeline/airflow_venv/lib/python3.11/site-packages/airflow/example_dags/example_complex.py
[2026-03-18T17:58:06.463+0000] {logging_mixin.py:190} INFO - [2026-03-18T17:58:06.462+0000] {dag.py:3239} INFO - Sync 1 DAGs
[2026-03-18T17:58:06.475+0000] {logging_mixin.py:190} INFO - [2026-03-18T17:58:06.474+0000] {dag.py:4180} INFO - Setting next_dagrun for example_complex to None, run_after=None
[2026-03-18T17:58:06.506+0000] {processor.py:208} INFO - Processing /home/komal/data-engineering-projects/airflow-spark-pipeline/airflow_venv/lib/python3.11/site-packages/airflow/example_dags/example_complex.py took 0.096 seconds
[2026-03-18T17:59:07.681+0000] {processor.py:186} INFO - Started process (PID=39490) to work on /home/komal/data-engineering-projects/airflow-spark-pipeline/airflow_venv/lib/python3.11/site-packages/airflow/example_dags/example_complex.py
[2026-03-18T17:59:07.685+0000] {processor.py:914} INFO - Processing file /home/komal/data-engineering-projects/airflow-spark-pipeline/airflow_venv/lib/python3.11/site-packages/airflow/example_dags/example_complex.py for tasks to queue
[2026-03-18T17:59:07.689+0000] {logging_mixin.py:190} INFO - [2026-03-18T17:59:07.689+0000] {dagbag.py:588} INFO - Filling up the DagBag from /home/komal/data-engineering-projects/airflow-spark-pipeline/airflow_venv/lib/python3.11/site-packages/airflow/example_dags/example_complex.py
[2026-03-18T17:59:07.705+0000] {processor.py:925} INFO - DAG(s) 'example_complex' retrieved from /home/komal/data-engineering-projects/airflow-spark-pipeline/airflow_venv/lib/python3.11/site-packages/airflow/example_dags/example_complex.py
[2026-03-18T17:59:07.729+0000] {logging_mixin.py:190} INFO - [2026-03-18T17:59:07.729+0000] {dag.py:3239} INFO - Sync 1 DAGs
[2026-03-18T17:59:07.737+0000] {logging_mixin.py:190} INFO - [2026-03-18T17:59:07.737+0000] {dag.py:4180} INFO - Setting next_dagrun for example_complex to None, run_after=None
[2026-03-18T17:59:07.773+0000] {processor.py:208} INFO - Processing /home/komal/data-engineering-projects/airflow-spark-pipeline/airflow_venv/lib/python3.11/site-packages/airflow/example_dags/example_complex.py took 0.103 seconds
[2026-03-18T18:00:12.268+0000] {processor.py:186} INFO - Started process (PID=39554) to work on /home/komal/data-engineering-projects/airflow-spark-pipeline/airflow_venv/lib/python3.11/site-packages/airflow/example_dags/example_complex.py
[2026-03-18T18:00:12.272+0000] {processor.py:914} INFO - Processing file /home/komal/data-engineering-projects/airflow-spark-pipeline/airflow_venv/lib/python3.11/site-packages/airflow/example_dags/example_complex.py for tasks to queue
[2026-03-18T18:00:12.275+0000] {logging_mixin.py:190} INFO - [2026-03-18T18:00:12.275+0000] {dagbag.py:588} INFO - Filling up the DagBag from /home/komal/data-engineering-projects/airflow-spark-pipeline/airflow_venv/lib/python3.11/site-packages/airflow/example_dags/example_complex.py
[2026-03-18T18:00:12.288+0000] {processor.py:925} INFO - DAG(s) 'example_complex' retrieved from /home/komal/data-engineering-projects/airflow-spark-pipeline/airflow_venv/lib/python3.11/site-packages/airflow/example_dags/example_complex.py
[2026-03-18T18:00:12.304+0000] {logging_mixin.py:190} INFO - [2026-03-18T18:00:12.304+0000] {dag.py:3239} INFO - Sync 1 DAGs
[2026-03-18T18:00:12.314+0000] {logging_mixin.py:190} INFO - [2026-03-18T18:00:12.313+0000] {dag.py:4180} INFO - Setting next_dagrun for example_complex to None, run_after=None
[2026-03-18T18:00:12.343+0000] {processor.py:208} INFO - Processing /home/komal/data-engineering-projects/airflow-spark-pipeline/airflow_venv/lib/python3.11/site-packages/airflow/example_dags/example_complex.py took 0.086 seconds
[2026-03-18T18:01:23.499+0000] {processor.py:186} INFO - Started process (PID=39623) to work on /home/komal/data-engineering-projects/airflow-spark-pipeline/airflow_venv/lib/python3.11/site-packages/airflow/example_dags/example_complex.py
[2026-03-18T18:01:23.500+0000] {processor.py:914} INFO - Processing file /home/komal/data-engineering-projects/airflow-spark-pipeline/airflow_venv/lib/python3.11/site-packages/airflow/example_dags/example_complex.py for tasks to queue
[2026-03-18T18:01:23.503+0000] {logging_mixin.py:190} INFO - [2026-03-18T18:01:23.502+0000] {dagbag.py:588} INFO - Filling up the DagBag from /home/komal/data-engineering-projects/airflow-spark-pipeline/airflow_venv/lib/python3.11/site-packages/airflow/example_dags/example_complex.py
[2026-03-18T18:01:23.531+0000] {processor.py:925} INFO - DAG(s) 'example_complex' retrieved from /home/komal/data-engineering-projects/airflow-spark-pipeline/airflow_venv/lib/python3.11/site-packages/airflow/example_dags/example_complex.py
[2026-03-18T18:01:23.556+0000] {logging_mixin.py:190} INFO - [2026-03-18T18:01:23.555+0000] {dag.py:3239} INFO - Sync 1 DAGs
[2026-03-18T18:01:23.570+0000] {logging_mixin.py:190} INFO - [2026-03-18T18:01:23.570+0000] {dag.py:4180} INFO - Setting next_dagrun for example_complex to None, run_after=None
[2026-03-18T18:01:23.593+0000] {processor.py:208} INFO - Processing /home/komal/data-engineering-projects/airflow-spark-pipeline/airflow_venv/lib/python3.11/site-packages/airflow/example_dags/example_complex.py took 0.110 seconds
[2026-03-18T18:02:30.369+0000] {processor.py:186} INFO - Started process (PID=39688) to work on /home/komal/data-engineering-projects/airflow-spark-pipeline/airflow_venv/lib/python3.11/site-packages/airflow/example_dags/example_complex.py
[2026-03-18T18:02:30.382+0000] {processor.py:914} INFO - Processing file /home/komal/data-engineering-projects/airflow-spark-pipeline/airflow_venv/lib/python3.11/site-packages/airflow/example_dags/example_complex.py for tasks to queue
[2026-03-18T18:02:30.385+0000] {logging_mixin.py:190} INFO - [2026-03-18T18:02:30.384+0000] {dagbag.py:588} INFO - Filling up the DagBag from /home/komal/data-engineering-projects/airflow-spark-pipeline/airflow_venv/lib/python3.11/site-packages/airflow/example_dags/example_complex.py
[2026-03-18T18:02:30.402+0000] {processor.py:925} INFO - DAG(s) 'example_complex' retrieved from /home/komal/data-engineering-projects/airflow-spark-pipeline/airflow_venv/lib/python3.11/site-packages/airflow/example_dags/example_complex.py
[2026-03-18T18:02:30.425+0000] {logging_mixin.py:190} INFO - [2026-03-18T18:02:30.425+0000] {dag.py:3239} INFO - Sync 1 DAGs
[2026-03-18T18:02:30.433+0000] {logging_mixin.py:190} INFO - [2026-03-18T18:02:30.433+0000] {dag.py:4180} INFO - Setting next_dagrun for example_complex to None, run_after=None
[2026-03-18T18:02:30.453+0000] {processor.py:208} INFO - Processing /home/komal/data-engineering-projects/airflow-spark-pipeline/airflow_venv/lib/python3.11/site-packages/airflow/example_dags/example_complex.py took 0.092 seconds
[2026-03-18T18:03:39.651+0000] {processor.py:186} INFO - Started process (PID=39755) to work on /home/komal/data-engineering-projects/airflow-spark-pipeline/airflow_venv/lib/python3.11/site-packages/airflow/example_dags/example_complex.py
[2026-03-18T18:03:39.664+0000] {processor.py:914} INFO - Processing file /home/komal/data-engineering-projects/airflow-spark-pipeline/airflow_venv/lib/python3.11/site-packages/airflow/example_dags/example_complex.py for tasks to queue
[2026-03-18T18:03:39.667+0000] {logging_mixin.py:190} INFO - [2026-03-18T18:03:39.667+0000] {dagbag.py:588} INFO - Filling up the DagBag from /home/komal/data-engineering-projects/airflow-spark-pipeline/airflow_venv/lib/python3.11/site-packages/airflow/example_dags/example_complex.py
[2026-03-18T18:03:39.686+0000] {processor.py:925} INFO - DAG(s) 'example_complex' retrieved from /home/komal/data-engineering-projects/airflow-spark-pipeline/airflow_venv/lib/python3.11/site-packages/airflow/example_dags/example_complex.py
[2026-03-18T18:03:39.707+0000] {logging_mixin.py:190} INFO - [2026-03-18T18:03:39.707+0000] {dag.py:3239} INFO - Sync 1 DAGs
[2026-03-18T18:03:39.718+0000] {logging_mixin.py:190} INFO - [2026-03-18T18:03:39.718+0000] {dag.py:4180} INFO - Setting next_dagrun for example_complex to None, run_after=None
[2026-03-18T18:03:39.750+0000] {processor.py:208} INFO - Processing /home/komal/data-engineering-projects/airflow-spark-pipeline/airflow_venv/lib/python3.11/site-packages/airflow/example_dags/example_complex.py took 0.108 seconds
[2026-03-18T18:04:42.984+0000] {processor.py:186} INFO - Started process (PID=39818) to work on /home/komal/data-engineering-projects/airflow-spark-pipeline/airflow_venv/lib/python3.11/site-packages/airflow/example_dags/example_complex.py
[2026-03-18T18:04:43.017+0000] {processor.py:914} INFO - Processing file /home/komal/data-engineering-projects/airflow-spark-pipeline/airflow_venv/lib/python3.11/site-packages/airflow/example_dags/example_complex.py for tasks to queue
[2026-03-18T18:04:43.020+0000] {logging_mixin.py:190} INFO - [2026-03-18T18:04:43.020+0000] {dagbag.py:588} INFO - Filling up the DagBag from /home/komal/data-engineering-projects/airflow-spark-pipeline/airflow_venv/lib/python3.11/site-packages/airflow/example_dags/example_complex.py
[2026-03-18T18:04:43.036+0000] {processor.py:925} INFO - DAG(s) 'example_complex' retrieved from /home/komal/data-engineering-projects/airflow-spark-pipeline/airflow_venv/lib/python3.11/site-packages/airflow/example_dags/example_complex.py
[2026-03-18T18:04:43.054+0000] {logging_mixin.py:190} INFO - [2026-03-18T18:04:43.053+0000] {dag.py:3239} INFO - Sync 1 DAGs
[2026-03-18T18:04:43.063+0000] {logging_mixin.py:190} INFO - [2026-03-18T18:04:43.063+0000] {dag.py:4180} INFO - Setting next_dagrun for example_complex to None, run_after=None
[2026-03-18T18:04:43.092+0000] {processor.py:208} INFO - Processing /home/komal/data-engineering-projects/airflow-spark-pipeline/airflow_venv/lib/python3.11/site-packages/airflow/example_dags/example_complex.py took 0.116 seconds
[2026-03-18T18:05:51.739+0000] {processor.py:186} INFO - Started process (PID=39883) to work on /home/komal/data-engineering-projects/airflow-spark-pipeline/airflow_venv/lib/python3.11/site-packages/airflow/example_dags/example_complex.py
[2026-03-18T18:05:51.771+0000] {processor.py:914} INFO - Processing file /home/komal/data-engineering-projects/airflow-spark-pipeline/airflow_venv/lib/python3.11/site-packages/airflow/example_dags/example_complex.py for tasks to queue
[2026-03-18T18:05:51.776+0000] {logging_mixin.py:190} INFO - [2026-03-18T18:05:51.775+0000] {dagbag.py:588} INFO - Filling up the DagBag from /home/komal/data-engineering-projects/airflow-spark-pipeline/airflow_venv/lib/python3.11/site-packages/airflow/example_dags/example_complex.py
[2026-03-18T18:05:51.801+0000] {processor.py:925} INFO - DAG(s) 'example_complex' retrieved from /home/komal/data-engineering-projects/airflow-spark-pipeline/airflow_venv/lib/python3.11/site-packages/airflow/example_dags/example_complex.py
[2026-03-18T18:05:51.831+0000] {logging_mixin.py:190} INFO - [2026-03-18T18:05:51.831+0000] {dag.py:3239} INFO - Sync 1 DAGs
[2026-03-18T18:05:51.855+0000] {logging_mixin.py:190} INFO - [2026-03-18T18:05:51.855+0000] {dag.py:4180} INFO - Setting next_dagrun for example_complex to None, run_after=None
[2026-03-18T18:05:51.887+0000] {processor.py:208} INFO - Processing /home/komal/data-engineering-projects/airflow-spark-pipeline/airflow_venv/lib/python3.11/site-packages/airflow/example_dags/example_complex.py took 0.155 seconds
[2026-03-18T18:06:59.769+0000] {processor.py:186} INFO - Started process (PID=39949) to work on /home/komal/data-engineering-projects/airflow-spark-pipeline/airflow_venv/lib/python3.11/site-packages/airflow/example_dags/example_complex.py
[2026-03-18T18:06:59.800+0000] {processor.py:914} INFO - Processing file /home/komal/data-engineering-projects/airflow-spark-pipeline/airflow_venv/lib/python3.11/site-packages/airflow/example_dags/example_complex.py for tasks to queue
[2026-03-18T18:06:59.804+0000] {logging_mixin.py:190} INFO - [2026-03-18T18:06:59.803+0000] {dagbag.py:588} INFO - Filling up the DagBag from /home/komal/data-engineering-projects/airflow-spark-pipeline/airflow_venv/lib/python3.11/site-packages/airflow/example_dags/example_complex.py
[2026-03-18T18:06:59.820+0000] {processor.py:925} INFO - DAG(s) 'example_complex' retrieved from /home/komal/data-engineering-projects/airflow-spark-pipeline/airflow_venv/lib/python3.11/site-packages/airflow/example_dags/example_complex.py
[2026-03-18T18:06:59.845+0000] {logging_mixin.py:190} INFO - [2026-03-18T18:06:59.845+0000] {dag.py:3239} INFO - Sync 1 DAGs
[2026-03-18T18:06:59.857+0000] {logging_mixin.py:190} INFO - [2026-03-18T18:06:59.857+0000] {dag.py:4180} INFO - Setting next_dagrun for example_complex to None, run_after=None
[2026-03-18T18:06:59.901+0000] {processor.py:208} INFO - Processing /home/komal/data-engineering-projects/airflow-spark-pipeline/airflow_venv/lib/python3.11/site-packages/airflow/example_dags/example_complex.py took 0.137 seconds
[2026-03-18T18:08:10.840+0000] {processor.py:186} INFO - Started process (PID=40019) to work on /home/komal/data-engineering-projects/airflow-spark-pipeline/airflow_venv/lib/python3.11/site-packages/airflow/example_dags/example_complex.py
[2026-03-18T18:08:10.873+0000] {processor.py:914} INFO - Processing file /home/komal/data-engineering-projects/airflow-spark-pipeline/airflow_venv/lib/python3.11/site-packages/airflow/example_dags/example_complex.py for tasks to queue
[2026-03-18T18:08:10.877+0000] {logging_mixin.py:190} INFO - [2026-03-18T18:08:10.876+0000] {dagbag.py:588} INFO - Filling up the DagBag from /home/komal/data-engineering-projects/airflow-spark-pipeline/airflow_venv/lib/python3.11/site-packages/airflow/example_dags/example_complex.py
[2026-03-18T18:08:10.896+0000] {processor.py:925} INFO - DAG(s) 'example_complex' retrieved from /home/komal/data-engineering-projects/airflow-spark-pipeline/airflow_venv/lib/python3.11/site-packages/airflow/example_dags/example_complex.py
[2026-03-18T18:08:10.925+0000] {logging_mixin.py:190} INFO - [2026-03-18T18:08:10.924+0000] {dag.py:3239} INFO - Sync 1 DAGs
[2026-03-18T18:08:10.936+0000] {logging_mixin.py:190} INFO - [2026-03-18T18:08:10.936+0000] {dag.py:4180} INFO - Setting next_dagrun for example_complex to None, run_after=None
[2026-03-18T18:08:10.970+0000] {processor.py:208} INFO - Processing /home/komal/data-engineering-projects/airflow-spark-pipeline/airflow_venv/lib/python3.11/site-packages/airflow/example_dags/example_complex.py took 0.138 seconds
[2026-03-18T18:09:14.621+0000] {processor.py:186} INFO - Started process (PID=40082) to work on /home/komal/data-engineering-projects/airflow-spark-pipeline/airflow_venv/lib/python3.11/site-packages/airflow/example_dags/example_complex.py
[2026-03-18T18:09:14.640+0000] {processor.py:914} INFO - Processing file /home/komal/data-engineering-projects/airflow-spark-pipeline/airflow_venv/lib/python3.11/site-packages/airflow/example_dags/example_complex.py for tasks to queue
[2026-03-18T18:09:14.645+0000] {logging_mixin.py:190} INFO - [2026-03-18T18:09:14.644+0000] {dagbag.py:588} INFO - Filling up the DagBag from /home/komal/data-engineering-projects/airflow-spark-pipeline/airflow_venv/lib/python3.11/site-packages/airflow/example_dags/example_complex.py
[2026-03-18T18:09:14.659+0000] {processor.py:925} INFO - DAG(s) 'example_complex' retrieved from /home/komal/data-engineering-projects/airflow-spark-pipeline/airflow_venv/lib/python3.11/site-packages/airflow/example_dags/example_complex.py
[2026-03-18T18:09:14.694+0000] {logging_mixin.py:190} INFO - [2026-03-18T18:09:14.694+0000] {dag.py:3239} INFO - Sync 1 DAGs
[2026-03-18T18:09:14.705+0000] {logging_mixin.py:190} INFO - [2026-03-18T18:09:14.704+0000] {dag.py:4180} INFO - Setting next_dagrun for example_complex to None, run_after=None
[2026-03-18T18:09:14.737+0000] {processor.py:208} INFO - Processing /home/komal/data-engineering-projects/airflow-spark-pipeline/airflow_venv/lib/python3.11/site-packages/airflow/example_dags/example_complex.py took 0.132 seconds
[2026-03-18T18:10:25.153+0000] {processor.py:186} INFO - Started process (PID=40147) to work on /home/komal/data-engineering-projects/airflow-spark-pipeline/airflow_venv/lib/python3.11/site-packages/airflow/example_dags/example_complex.py
[2026-03-18T18:10:25.185+0000] {processor.py:914} INFO - Processing file /home/komal/data-engineering-projects/airflow-spark-pipeline/airflow_venv/lib/python3.11/site-packages/airflow/example_dags/example_complex.py for tasks to queue
[2026-03-18T18:10:25.189+0000] {logging_mixin.py:190} INFO - [2026-03-18T18:10:25.188+0000] {dagbag.py:588} INFO - Filling up the DagBag from /home/komal/data-engineering-projects/airflow-spark-pipeline/airflow_venv/lib/python3.11/site-packages/airflow/example_dags/example_complex.py
[2026-03-18T18:10:25.203+0000] {processor.py:925} INFO - DAG(s) 'example_complex' retrieved from /home/komal/data-engineering-projects/airflow-spark-pipeline/airflow_venv/lib/python3.11/site-packages/airflow/example_dags/example_complex.py
[2026-03-18T18:10:25.221+0000] {logging_mixin.py:190} INFO - [2026-03-18T18:10:25.220+0000] {dag.py:3239} INFO - Sync 1 DAGs
[2026-03-18T18:10:25.229+0000] {logging_mixin.py:190} INFO - [2026-03-18T18:10:25.229+0000] {dag.py:4180} INFO - Setting next_dagrun for example_complex to None, run_after=None
[2026-03-18T18:10:25.284+0000] {processor.py:208} INFO - Processing /home/komal/data-engineering-projects/airflow-spark-pipeline/airflow_venv/lib/python3.11/site-packages/airflow/example_dags/example_complex.py took 0.137 seconds
[2026-03-18T18:11:31.741+0000] {processor.py:186} INFO - Started process (PID=40211) to work on /home/komal/data-engineering-projects/airflow-spark-pipeline/airflow_venv/lib/python3.11/site-packages/airflow/example_dags/example_complex.py
[2026-03-18T18:11:31.745+0000] {processor.py:914} INFO - Processing file /home/komal/data-engineering-projects/airflow-spark-pipeline/airflow_venv/lib/python3.11/site-packages/airflow/example_dags/example_complex.py for tasks to queue
[2026-03-18T18:11:31.748+0000] {logging_mixin.py:190} INFO - [2026-03-18T18:11:31.748+0000] {dagbag.py:588} INFO - Filling up the DagBag from /home/komal/data-engineering-projects/airflow-spark-pipeline/airflow_venv/lib/python3.11/site-packages/airflow/example_dags/example_complex.py
[2026-03-18T18:11:31.760+0000] {processor.py:925} INFO - DAG(s) 'example_complex' retrieved from /home/komal/data-engineering-projects/airflow-spark-pipeline/airflow_venv/lib/python3.11/site-packages/airflow/example_dags/example_complex.py
[2026-03-18T18:11:31.782+0000] {logging_mixin.py:190} INFO - [2026-03-18T18:11:31.782+0000] {dag.py:3239} INFO - Sync 1 DAGs
[2026-03-18T18:11:31.790+0000] {logging_mixin.py:190} INFO - [2026-03-18T18:11:31.790+0000] {dag.py:4180} INFO - Setting next_dagrun for example_complex to None, run_after=None
[2026-03-18T18:11:31.819+0000] {processor.py:208} INFO - Processing /home/komal/data-engineering-projects/airflow-spark-pipeline/airflow_venv/lib/python3.11/site-packages/airflow/example_dags/example_complex.py took 0.088 seconds
[2026-03-18T18:12:37.312+0000] {processor.py:186} INFO - Started process (PID=40275) to work on /home/komal/data-engineering-projects/airflow-spark-pipeline/airflow_venv/lib/python3.11/site-packages/airflow/example_dags/example_complex.py
[2026-03-18T18:12:37.316+0000] {processor.py:914} INFO - Processing file /home/komal/data-engineering-projects/airflow-spark-pipeline/airflow_venv/lib/python3.11/site-packages/airflow/example_dags/example_complex.py for tasks to queue
[2026-03-18T18:12:37.318+0000] {logging_mixin.py:190} INFO - [2026-03-18T18:12:37.318+0000] {dagbag.py:588} INFO - Filling up the DagBag from /home/komal/data-engineering-projects/airflow-spark-pipeline/airflow_venv/lib/python3.11/site-packages/airflow/example_dags/example_complex.py
[2026-03-18T18:12:37.328+0000] {processor.py:925} INFO - DAG(s) 'example_complex' retrieved from /home/komal/data-engineering-projects/airflow-spark-pipeline/airflow_venv/lib/python3.11/site-packages/airflow/example_dags/example_complex.py
[2026-03-18T18:12:37.344+0000] {logging_mixin.py:190} INFO - [2026-03-18T18:12:37.344+0000] {dag.py:3239} INFO - Sync 1 DAGs
[2026-03-18T18:12:37.353+0000] {logging_mixin.py:190} INFO - [2026-03-18T18:12:37.353+0000] {dag.py:4180} INFO - Setting next_dagrun for example_complex to None, run_after=None
[2026-03-18T18:12:37.378+0000] {processor.py:208} INFO - Processing /home/komal/data-engineering-projects/airflow-spark-pipeline/airflow_venv/lib/python3.11/site-packages/airflow/example_dags/example_complex.py took 0.074 seconds
[2026-03-18T18:13:44.534+0000] {processor.py:186} INFO - Started process (PID=40339) to work on /home/komal/data-engineering-projects/airflow-spark-pipeline/airflow_venv/lib/python3.11/site-packages/airflow/example_dags/example_complex.py
[2026-03-18T18:13:44.567+0000] {processor.py:914} INFO - Processing file /home/komal/data-engineering-projects/airflow-spark-pipeline/airflow_venv/lib/python3.11/site-packages/airflow/example_dags/example_complex.py for tasks to queue
[2026-03-18T18:13:44.573+0000] {logging_mixin.py:190} INFO - [2026-03-18T18:13:44.572+0000] {dagbag.py:588} INFO - Filling up the DagBag from /home/komal/data-engineering-projects/airflow-spark-pipeline/airflow_venv/lib/python3.11/site-packages/airflow/example_dags/example_complex.py
[2026-03-18T18:13:44.603+0000] {processor.py:925} INFO - DAG(s) 'example_complex' retrieved from /home/komal/data-engineering-projects/airflow-spark-pipeline/airflow_venv/lib/python3.11/site-packages/airflow/example_dags/example_complex.py
[2026-03-18T18:13:44.643+0000] {logging_mixin.py:190} INFO - [2026-03-18T18:13:44.643+0000] {dag.py:3239} INFO - Sync 1 DAGs
[2026-03-18T18:13:44.659+0000] {logging_mixin.py:190} INFO - [2026-03-18T18:13:44.658+0000] {dag.py:4180} INFO - Setting next_dagrun for example_complex to None, run_after=None
[2026-03-18T18:13:44.689+0000] {processor.py:208} INFO - Processing /home/komal/data-engineering-projects/airflow-spark-pipeline/airflow_venv/lib/python3.11/site-packages/airflow/example_dags/example_complex.py took 0.167 seconds
[2026-03-18T18:14:47.166+0000] {processor.py:186} INFO - Started process (PID=40402) to work on /home/komal/data-engineering-projects/airflow-spark-pipeline/airflow_venv/lib/python3.11/site-packages/airflow/example_dags/example_complex.py
[2026-03-18T18:14:47.197+0000] {processor.py:914} INFO - Processing file /home/komal/data-engineering-projects/airflow-spark-pipeline/airflow_venv/lib/python3.11/site-packages/airflow/example_dags/example_complex.py for tasks to queue
[2026-03-18T18:14:47.199+0000] {logging_mixin.py:190} INFO - [2026-03-18T18:14:47.198+0000] {dagbag.py:588} INFO - Filling up the DagBag from /home/komal/data-engineering-projects/airflow-spark-pipeline/airflow_venv/lib/python3.11/site-packages/airflow/example_dags/example_complex.py
[2026-03-18T18:14:47.208+0000] {processor.py:925} INFO - DAG(s) 'example_complex' retrieved from /home/komal/data-engineering-projects/airflow-spark-pipeline/airflow_venv/lib/python3.11/site-packages/airflow/example_dags/example_complex.py
[2026-03-18T18:14:47.224+0000] {logging_mixin.py:190} INFO - [2026-03-18T18:14:47.224+0000] {dag.py:3239} INFO - Sync 1 DAGs
[2026-03-18T18:14:47.234+0000] {logging_mixin.py:190} INFO - [2026-03-18T18:14:47.234+0000] {dag.py:4180} INFO - Setting next_dagrun for example_complex to None, run_after=None
[2026-03-18T18:14:47.256+0000] {processor.py:208} INFO - Processing /home/komal/data-engineering-projects/airflow-spark-pipeline/airflow_venv/lib/python3.11/site-packages/airflow/example_dags/example_complex.py took 0.102 seconds
[2026-03-18T18:15:52.623+0000] {processor.py:186} INFO - Started process (PID=40466) to work on /home/komal/data-engineering-projects/airflow-spark-pipeline/airflow_venv/lib/python3.11/site-packages/airflow/example_dags/example_complex.py
[2026-03-18T18:15:52.626+0000] {processor.py:914} INFO - Processing file /home/komal/data-engineering-projects/airflow-spark-pipeline/airflow_venv/lib/python3.11/site-packages/airflow/example_dags/example_complex.py for tasks to queue
[2026-03-18T18:15:52.632+0000] {logging_mixin.py:190} INFO - [2026-03-18T18:15:52.632+0000] {dagbag.py:588} INFO - Filling up the DagBag from /home/komal/data-engineering-projects/airflow-spark-pipeline/airflow_venv/lib/python3.11/site-packages/airflow/example_dags/example_complex.py
[2026-03-18T18:15:52.641+0000] {processor.py:925} INFO - DAG(s) 'example_complex' retrieved from /home/komal/data-engineering-projects/airflow-spark-pipeline/airflow_venv/lib/python3.11/site-packages/airflow/example_dags/example_complex.py
[2026-03-18T18:15:52.674+0000] {logging_mixin.py:190} INFO - [2026-03-18T18:15:52.674+0000] {dag.py:3239} INFO - Sync 1 DAGs
[2026-03-18T18:15:52.693+0000] {logging_mixin.py:190} INFO - [2026-03-18T18:15:52.693+0000] {dag.py:4180} INFO - Setting next_dagrun for example_complex to None, run_after=None
[2026-03-18T18:15:52.738+0000] {processor.py:208} INFO - Processing /home/komal/data-engineering-projects/airflow-spark-pipeline/airflow_venv/lib/python3.11/site-packages/airflow/example_dags/example_complex.py took 0.122 seconds
[2026-03-18T18:17:00.053+0000] {processor.py:186} INFO - Started process (PID=40532) to work on /home/komal/data-engineering-projects/airflow-spark-pipeline/airflow_venv/lib/python3.11/site-packages/airflow/example_dags/example_complex.py
[2026-03-18T18:17:00.059+0000] {processor.py:914} INFO - Processing file /home/komal/data-engineering-projects/airflow-spark-pipeline/airflow_venv/lib/python3.11/site-packages/airflow/example_dags/example_complex.py for tasks to queue
[2026-03-18T18:17:00.063+0000] {logging_mixin.py:190} INFO - [2026-03-18T18:17:00.062+0000] {dagbag.py:588} INFO - Filling up the DagBag from /home/komal/data-engineering-projects/airflow-spark-pipeline/airflow_venv/lib/python3.11/site-packages/airflow/example_dags/example_complex.py
[2026-03-18T18:17:00.082+0000] {processor.py:925} INFO - DAG(s) 'example_complex' retrieved from /home/komal/data-engineering-projects/airflow-spark-pipeline/airflow_venv/lib/python3.11/site-packages/airflow/example_dags/example_complex.py
[2026-03-18T18:17:00.115+0000] {logging_mixin.py:190} INFO - [2026-03-18T18:17:00.114+0000] {dag.py:3239} INFO - Sync 1 DAGs
[2026-03-18T18:17:00.138+0000] {logging_mixin.py:190} INFO - [2026-03-18T18:17:00.138+0000] {dag.py:4180} INFO - Setting next_dagrun for example_complex to None, run_after=None
[2026-03-18T18:17:00.277+0000] {processor.py:208} INFO - Processing /home/komal/data-engineering-projects/airflow-spark-pipeline/airflow_venv/lib/python3.11/site-packages/airflow/example_dags/example_complex.py took 0.233 seconds
[2026-03-18T18:18:05.659+0000] {processor.py:186} INFO - Started process (PID=40601) to work on /home/komal/data-engineering-projects/airflow-spark-pipeline/airflow_venv/lib/python3.11/site-packages/airflow/example_dags/example_complex.py
[2026-03-18T18:18:05.662+0000] {processor.py:914} INFO - Processing file /home/komal/data-engineering-projects/airflow-spark-pipeline/airflow_venv/lib/python3.11/site-packages/airflow/example_dags/example_complex.py for tasks to queue
[2026-03-18T18:18:05.665+0000] {logging_mixin.py:190} INFO - [2026-03-18T18:18:05.664+0000] {dagbag.py:588} INFO - Filling up the DagBag from /home/komal/data-engineering-projects/airflow-spark-pipeline/airflow_venv/lib/python3.11/site-packages/airflow/example_dags/example_complex.py
[2026-03-18T18:18:05.676+0000] {processor.py:925} INFO - DAG(s) 'example_complex' retrieved from /home/komal/data-engineering-projects/airflow-spark-pipeline/airflow_venv/lib/python3.11/site-packages/airflow/example_dags/example_complex.py
[2026-03-18T18:18:05.699+0000] {logging_mixin.py:190} INFO - [2026-03-18T18:18:05.699+0000] {dag.py:3239} INFO - Sync 1 DAGs
[2026-03-18T18:18:05.708+0000] {logging_mixin.py:190} INFO - [2026-03-18T18:18:05.708+0000] {dag.py:4180} INFO - Setting next_dagrun for example_complex to None, run_after=None
[2026-03-18T18:18:05.730+0000] {processor.py:208} INFO - Processing /home/komal/data-engineering-projects/airflow-spark-pipeline/airflow_venv/lib/python3.11/site-packages/airflow/example_dags/example_complex.py took 0.080 seconds
[2026-03-18T18:19:19.309+0000] {processor.py:186} INFO - Started process (PID=40666) to work on /home/komal/data-engineering-projects/airflow-spark-pipeline/airflow_venv/lib/python3.11/site-packages/airflow/example_dags/example_complex.py
[2026-03-18T18:19:19.314+0000] {processor.py:914} INFO - Processing file /home/komal/data-engineering-projects/airflow-spark-pipeline/airflow_venv/lib/python3.11/site-packages/airflow/example_dags/example_complex.py for tasks to queue
[2026-03-18T18:19:19.317+0000] {logging_mixin.py:190} INFO - [2026-03-18T18:19:19.317+0000] {dagbag.py:588} INFO - Filling up the DagBag from /home/komal/data-engineering-projects/airflow-spark-pipeline/airflow_venv/lib/python3.11/site-packages/airflow/example_dags/example_complex.py
[2026-03-18T18:19:19.334+0000] {processor.py:925} INFO - DAG(s) 'example_complex' retrieved from /home/komal/data-engineering-projects/airflow-spark-pipeline/airflow_venv/lib/python3.11/site-packages/airflow/example_dags/example_complex.py
[2026-03-18T18:19:19.350+0000] {logging_mixin.py:190} INFO - [2026-03-18T18:19:19.350+0000] {dag.py:3239} INFO - Sync 1 DAGs
[2026-03-18T18:19:19.359+0000] {logging_mixin.py:190} INFO - [2026-03-18T18:19:19.358+0000] {dag.py:4180} INFO - Setting next_dagrun for example_complex to None, run_after=None
[2026-03-18T18:19:19.381+0000] {processor.py:208} INFO - Processing /home/komal/data-engineering-projects/airflow-spark-pipeline/airflow_venv/lib/python3.11/site-packages/airflow/example_dags/example_complex.py took 0.082 seconds
[2026-03-18T18:20:29.392+0000] {processor.py:186} INFO - Started process (PID=40735) to work on /home/komal/data-engineering-projects/airflow-spark-pipeline/airflow_venv/lib/python3.11/site-packages/airflow/example_dags/example_complex.py
[2026-03-18T18:20:29.424+0000] {processor.py:914} INFO - Processing file /home/komal/data-engineering-projects/airflow-spark-pipeline/airflow_venv/lib/python3.11/site-packages/airflow/example_dags/example_complex.py for tasks to queue
[2026-03-18T18:20:29.427+0000] {logging_mixin.py:190} INFO - [2026-03-18T18:20:29.427+0000] {dagbag.py:588} INFO - Filling up the DagBag from /home/komal/data-engineering-projects/airflow-spark-pipeline/airflow_venv/lib/python3.11/site-packages/airflow/example_dags/example_complex.py
[2026-03-18T18:20:29.446+0000] {processor.py:925} INFO - DAG(s) 'example_complex' retrieved from /home/komal/data-engineering-projects/airflow-spark-pipeline/airflow_venv/lib/python3.11/site-packages/airflow/example_dags/example_complex.py
[2026-03-18T18:20:29.471+0000] {logging_mixin.py:190} INFO - [2026-03-18T18:20:29.470+0000] {dag.py:3239} INFO - Sync 1 DAGs
[2026-03-18T18:20:29.486+0000] {logging_mixin.py:190} INFO - [2026-03-18T18:20:29.485+0000] {dag.py:4180} INFO - Setting next_dagrun for example_complex to None, run_after=None
[2026-03-18T18:20:29.513+0000] {processor.py:208} INFO - Processing /home/komal/data-engineering-projects/airflow-spark-pipeline/airflow_venv/lib/python3.11/site-packages/airflow/example_dags/example_complex.py took 0.129 seconds
[2026-03-18T18:21:34.904+0000] {processor.py:186} INFO - Started process (PID=40800) to work on /home/komal/data-engineering-projects/airflow-spark-pipeline/airflow_venv/lib/python3.11/site-packages/airflow/example_dags/example_complex.py
[2026-03-18T18:21:34.913+0000] {processor.py:914} INFO - Processing file /home/komal/data-engineering-projects/airflow-spark-pipeline/airflow_venv/lib/python3.11/site-packages/airflow/example_dags/example_complex.py for tasks to queue
[2026-03-18T18:21:34.919+0000] {logging_mixin.py:190} INFO - [2026-03-18T18:21:34.918+0000] {dagbag.py:588} INFO - Filling up the DagBag from /home/komal/data-engineering-projects/airflow-spark-pipeline/airflow_venv/lib/python3.11/site-packages/airflow/example_dags/example_complex.py
[2026-03-18T18:21:34.940+0000] {processor.py:925} INFO - DAG(s) 'example_complex' retrieved from /home/komal/data-engineering-projects/airflow-spark-pipeline/airflow_venv/lib/python3.11/site-packages/airflow/example_dags/example_complex.py
[2026-03-18T18:21:34.958+0000] {logging_mixin.py:190} INFO - [2026-03-18T18:21:34.958+0000] {dag.py:3239} INFO - Sync 1 DAGs
[2026-03-18T18:21:34.968+0000] {logging_mixin.py:190} INFO - [2026-03-18T18:21:34.967+0000] {dag.py:4180} INFO - Setting next_dagrun for example_complex to None, run_after=None
[2026-03-18T18:21:34.998+0000] {processor.py:208} INFO - Processing /home/komal/data-engineering-projects/airflow-spark-pipeline/airflow_venv/lib/python3.11/site-packages/airflow/example_dags/example_complex.py took 0.099 seconds
[2026-03-18T18:22:46.803+0000] {processor.py:186} INFO - Started process (PID=40938) to work on /home/komal/data-engineering-projects/airflow-spark-pipeline/airflow_venv/lib/python3.11/site-packages/airflow/example_dags/example_complex.py
[2026-03-18T18:22:46.834+0000] {processor.py:914} INFO - Processing file /home/komal/data-engineering-projects/airflow-spark-pipeline/airflow_venv/lib/python3.11/site-packages/airflow/example_dags/example_complex.py for tasks to queue
[2026-03-18T18:22:46.838+0000] {logging_mixin.py:190} INFO - [2026-03-18T18:22:46.838+0000] {dagbag.py:588} INFO - Filling up the DagBag from /home/komal/data-engineering-projects/airflow-spark-pipeline/airflow_venv/lib/python3.11/site-packages/airflow/example_dags/example_complex.py
[2026-03-18T18:22:46.851+0000] {processor.py:925} INFO - DAG(s) 'example_complex' retrieved from /home/komal/data-engineering-projects/airflow-spark-pipeline/airflow_venv/lib/python3.11/site-packages/airflow/example_dags/example_complex.py
[2026-03-18T18:22:46.868+0000] {logging_mixin.py:190} INFO - [2026-03-18T18:22:46.867+0000] {dag.py:3239} INFO - Sync 1 DAGs
[2026-03-18T18:22:46.875+0000] {logging_mixin.py:190} INFO - [2026-03-18T18:22:46.874+0000] {dag.py:4180} INFO - Setting next_dagrun for example_complex to None, run_after=None
[2026-03-18T18:22:46.897+0000] {processor.py:208} INFO - Processing /home/komal/data-engineering-projects/airflow-spark-pipeline/airflow_venv/lib/python3.11/site-packages/airflow/example_dags/example_complex.py took 0.100 seconds
[2026-03-18T18:23:54.415+0000] {processor.py:186} INFO - Started process (PID=41003) to work on /home/komal/data-engineering-projects/airflow-spark-pipeline/airflow_venv/lib/python3.11/site-packages/airflow/example_dags/example_complex.py
[2026-03-18T18:23:54.446+0000] {processor.py:914} INFO - Processing file /home/komal/data-engineering-projects/airflow-spark-pipeline/airflow_venv/lib/python3.11/site-packages/airflow/example_dags/example_complex.py for tasks to queue
[2026-03-18T18:23:54.448+0000] {logging_mixin.py:190} INFO - [2026-03-18T18:23:54.447+0000] {dagbag.py:588} INFO - Filling up the DagBag from /home/komal/data-engineering-projects/airflow-spark-pipeline/airflow_venv/lib/python3.11/site-packages/airflow/example_dags/example_complex.py
[2026-03-18T18:23:54.456+0000] {processor.py:925} INFO - DAG(s) 'example_complex' retrieved from /home/komal/data-engineering-projects/airflow-spark-pipeline/airflow_venv/lib/python3.11/site-packages/airflow/example_dags/example_complex.py
[2026-03-18T18:23:54.483+0000] {logging_mixin.py:190} INFO - [2026-03-18T18:23:54.482+0000] {dag.py:3239} INFO - Sync 1 DAGs
[2026-03-18T18:23:54.493+0000] {logging_mixin.py:190} INFO - [2026-03-18T18:23:54.493+0000] {dag.py:4180} INFO - Setting next_dagrun for example_complex to None, run_after=None
[2026-03-18T18:23:54.525+0000] {processor.py:208} INFO - Processing /home/komal/data-engineering-projects/airflow-spark-pipeline/airflow_venv/lib/python3.11/site-packages/airflow/example_dags/example_complex.py took 0.116 seconds
