[2026-03-18T06:16:46.143+0000] {processor.py:157} INFO - Started process (PID=27498) to work on /home/komal/data-engineering-projects/airflow-spark-pipeline/airflow_venv/lib/python3.11/site-packages/airflow/example_dags/example_bash_operator.py
[2026-03-18T06:16:46.144+0000] {processor.py:826} INFO - Processing file /home/komal/data-engineering-projects/airflow-spark-pipeline/airflow_venv/lib/python3.11/site-packages/airflow/example_dags/example_bash_operator.py for tasks to queue
[2026-03-18T06:16:46.145+0000] {logging_mixin.py:150} INFO - [2026-03-18T06:16:46.145+0000] {dagbag.py:541} INFO - Filling up the DagBag from /home/komal/data-engineering-projects/airflow-spark-pipeline/airflow_venv/lib/python3.11/site-packages/airflow/example_dags/example_bash_operator.py
[2026-03-18T06:16:46.158+0000] {processor.py:836} INFO - DAG(s) dict_keys(['example_bash_operator']) retrieved from /home/komal/data-engineering-projects/airflow-spark-pipeline/airflow_venv/lib/python3.11/site-packages/airflow/example_dags/example_bash_operator.py
[2026-03-18T06:16:46.296+0000] {logging_mixin.py:150} INFO - [2026-03-18T06:16:46.296+0000] {manager.py:504} INFO - Created Permission View: can delete on DAG:example_bash_operator
[2026-03-18T06:16:46.319+0000] {logging_mixin.py:150} INFO - [2026-03-18T06:16:46.319+0000] {manager.py:504} INFO - Created Permission View: can read on DAG:example_bash_operator
[2026-03-18T06:16:46.335+0000] {logging_mixin.py:150} INFO - [2026-03-18T06:16:46.334+0000] {manager.py:504} INFO - Created Permission View: can edit on DAG:example_bash_operator
[2026-03-18T06:16:46.344+0000] {logging_mixin.py:150} INFO - [2026-03-18T06:16:46.344+0000] {dag.py:2742} INFO - Sync 1 DAGs
[2026-03-18T06:16:46.352+0000] {logging_mixin.py:150} INFO - [2026-03-18T06:16:46.352+0000] {dag.py:2763} INFO - Creating ORM DAG for example_bash_operator
[2026-03-18T06:16:46.360+0000] {logging_mixin.py:150} INFO - [2026-03-18T06:16:46.360+0000] {dag.py:3504} INFO - Setting next_dagrun for example_bash_operator to 2026-03-17T00:00:00+00:00, run_after=2026-03-18T00:00:00+00:00
[2026-03-18T06:16:46.395+0000] {processor.py:179} INFO - Processing /home/komal/data-engineering-projects/airflow-spark-pipeline/airflow_venv/lib/python3.11/site-packages/airflow/example_dags/example_bash_operator.py took 0.257 seconds
[2026-03-18T06:17:48.113+0000] {processor.py:157} INFO - Started process (PID=27577) to work on /home/komal/data-engineering-projects/airflow-spark-pipeline/airflow_venv/lib/python3.11/site-packages/airflow/example_dags/example_bash_operator.py
[2026-03-18T06:17:48.114+0000] {processor.py:826} INFO - Processing file /home/komal/data-engineering-projects/airflow-spark-pipeline/airflow_venv/lib/python3.11/site-packages/airflow/example_dags/example_bash_operator.py for tasks to queue
[2026-03-18T06:17:48.115+0000] {logging_mixin.py:150} INFO - [2026-03-18T06:17:48.115+0000] {dagbag.py:541} INFO - Filling up the DagBag from /home/komal/data-engineering-projects/airflow-spark-pipeline/airflow_venv/lib/python3.11/site-packages/airflow/example_dags/example_bash_operator.py
[2026-03-18T06:17:48.127+0000] {processor.py:836} INFO - DAG(s) dict_keys(['example_bash_operator']) retrieved from /home/komal/data-engineering-projects/airflow-spark-pipeline/airflow_venv/lib/python3.11/site-packages/airflow/example_dags/example_bash_operator.py
[2026-03-18T06:17:48.144+0000] {logging_mixin.py:150} INFO - [2026-03-18T06:17:48.144+0000] {dag.py:2742} INFO - Sync 1 DAGs
[2026-03-18T06:17:48.158+0000] {logging_mixin.py:150} INFO - [2026-03-18T06:17:48.158+0000] {dag.py:3504} INFO - Setting next_dagrun for example_bash_operator to 2026-03-17T00:00:00+00:00, run_after=2026-03-18T00:00:00+00:00
[2026-03-18T06:17:48.180+0000] {processor.py:179} INFO - Processing /home/komal/data-engineering-projects/airflow-spark-pipeline/airflow_venv/lib/python3.11/site-packages/airflow/example_dags/example_bash_operator.py took 0.069 seconds
[2026-03-18T06:34:18.565+0000] {processor.py:186} INFO - Started process (PID=28073) to work on /home/komal/data-engineering-projects/airflow-spark-pipeline/airflow_venv/lib/python3.11/site-packages/airflow/example_dags/example_bash_operator.py
[2026-03-18T06:34:18.584+0000] {processor.py:914} INFO - Processing file /home/komal/data-engineering-projects/airflow-spark-pipeline/airflow_venv/lib/python3.11/site-packages/airflow/example_dags/example_bash_operator.py for tasks to queue
[2026-03-18T06:34:18.587+0000] {logging_mixin.py:190} INFO - [2026-03-18T06:34:18.586+0000] {dagbag.py:588} INFO - Filling up the DagBag from /home/komal/data-engineering-projects/airflow-spark-pipeline/airflow_venv/lib/python3.11/site-packages/airflow/example_dags/example_bash_operator.py
[2026-03-18T06:34:18.602+0000] {processor.py:925} INFO - DAG(s) 'example_bash_operator' retrieved from /home/komal/data-engineering-projects/airflow-spark-pipeline/airflow_venv/lib/python3.11/site-packages/airflow/example_dags/example_bash_operator.py
[2026-03-18T06:34:18.666+0000] {logging_mixin.py:190} INFO - [2026-03-18T06:34:18.666+0000] {dag.py:3239} INFO - Sync 1 DAGs
[2026-03-18T06:34:18.678+0000] {logging_mixin.py:190} INFO - [2026-03-18T06:34:18.678+0000] {dag.py:4180} INFO - Setting next_dagrun for example_bash_operator to 2026-03-17 00:00:00+00:00, run_after=2026-03-18 00:00:00+00:00
[2026-03-18T06:34:18.697+0000] {processor.py:208} INFO - Processing /home/komal/data-engineering-projects/airflow-spark-pipeline/airflow_venv/lib/python3.11/site-packages/airflow/example_dags/example_bash_operator.py took 0.140 seconds
[2026-03-18T06:35:27.225+0000] {processor.py:186} INFO - Started process (PID=28143) to work on /home/komal/data-engineering-projects/airflow-spark-pipeline/airflow_venv/lib/python3.11/site-packages/airflow/example_dags/example_bash_operator.py
[2026-03-18T06:35:27.258+0000] {processor.py:914} INFO - Processing file /home/komal/data-engineering-projects/airflow-spark-pipeline/airflow_venv/lib/python3.11/site-packages/airflow/example_dags/example_bash_operator.py for tasks to queue
[2026-03-18T06:35:27.260+0000] {logging_mixin.py:190} INFO - [2026-03-18T06:35:27.259+0000] {dagbag.py:588} INFO - Filling up the DagBag from /home/komal/data-engineering-projects/airflow-spark-pipeline/airflow_venv/lib/python3.11/site-packages/airflow/example_dags/example_bash_operator.py
[2026-03-18T06:35:27.275+0000] {processor.py:925} INFO - DAG(s) 'example_bash_operator' retrieved from /home/komal/data-engineering-projects/airflow-spark-pipeline/airflow_venv/lib/python3.11/site-packages/airflow/example_dags/example_bash_operator.py
[2026-03-18T06:35:27.290+0000] {logging_mixin.py:190} INFO - [2026-03-18T06:35:27.290+0000] {dag.py:3239} INFO - Sync 1 DAGs
[2026-03-18T06:35:27.304+0000] {logging_mixin.py:190} INFO - [2026-03-18T06:35:27.303+0000] {dag.py:4180} INFO - Setting next_dagrun for example_bash_operator to 2026-03-17 00:00:00+00:00, run_after=2026-03-18 00:00:00+00:00
[2026-03-18T06:35:27.334+0000] {processor.py:208} INFO - Processing /home/komal/data-engineering-projects/airflow-spark-pipeline/airflow_venv/lib/python3.11/site-packages/airflow/example_dags/example_bash_operator.py took 0.120 seconds
[2026-03-18T06:36:33.147+0000] {processor.py:186} INFO - Started process (PID=28214) to work on /home/komal/data-engineering-projects/airflow-spark-pipeline/airflow_venv/lib/python3.11/site-packages/airflow/example_dags/example_bash_operator.py
[2026-03-18T06:36:33.151+0000] {processor.py:914} INFO - Processing file /home/komal/data-engineering-projects/airflow-spark-pipeline/airflow_venv/lib/python3.11/site-packages/airflow/example_dags/example_bash_operator.py for tasks to queue
[2026-03-18T06:36:33.154+0000] {logging_mixin.py:190} INFO - [2026-03-18T06:36:33.153+0000] {dagbag.py:588} INFO - Filling up the DagBag from /home/komal/data-engineering-projects/airflow-spark-pipeline/airflow_venv/lib/python3.11/site-packages/airflow/example_dags/example_bash_operator.py
[2026-03-18T06:36:33.168+0000] {processor.py:925} INFO - DAG(s) 'example_bash_operator' retrieved from /home/komal/data-engineering-projects/airflow-spark-pipeline/airflow_venv/lib/python3.11/site-packages/airflow/example_dags/example_bash_operator.py
[2026-03-18T06:36:33.182+0000] {logging_mixin.py:190} INFO - [2026-03-18T06:36:33.182+0000] {dag.py:3239} INFO - Sync 1 DAGs
[2026-03-18T06:36:33.200+0000] {logging_mixin.py:190} INFO - [2026-03-18T06:36:33.199+0000] {dag.py:4180} INFO - Setting next_dagrun for example_bash_operator to 2026-03-17 00:00:00+00:00, run_after=2026-03-18 00:00:00+00:00
[2026-03-18T06:36:33.226+0000] {processor.py:208} INFO - Processing /home/komal/data-engineering-projects/airflow-spark-pipeline/airflow_venv/lib/python3.11/site-packages/airflow/example_dags/example_bash_operator.py took 0.088 seconds
[2026-03-18T06:37:38.068+0000] {processor.py:186} INFO - Started process (PID=28282) to work on /home/komal/data-engineering-projects/airflow-spark-pipeline/airflow_venv/lib/python3.11/site-packages/airflow/example_dags/example_bash_operator.py
[2026-03-18T06:37:38.100+0000] {processor.py:914} INFO - Processing file /home/komal/data-engineering-projects/airflow-spark-pipeline/airflow_venv/lib/python3.11/site-packages/airflow/example_dags/example_bash_operator.py for tasks to queue
[2026-03-18T06:37:38.101+0000] {logging_mixin.py:190} INFO - [2026-03-18T06:37:38.101+0000] {dagbag.py:588} INFO - Filling up the DagBag from /home/komal/data-engineering-projects/airflow-spark-pipeline/airflow_venv/lib/python3.11/site-packages/airflow/example_dags/example_bash_operator.py
[2026-03-18T06:37:38.110+0000] {processor.py:925} INFO - DAG(s) 'example_bash_operator' retrieved from /home/komal/data-engineering-projects/airflow-spark-pipeline/airflow_venv/lib/python3.11/site-packages/airflow/example_dags/example_bash_operator.py
[2026-03-18T06:37:38.125+0000] {logging_mixin.py:190} INFO - [2026-03-18T06:37:38.125+0000] {dag.py:3239} INFO - Sync 1 DAGs
[2026-03-18T06:37:38.301+0000] {logging_mixin.py:190} INFO - [2026-03-18T06:37:38.301+0000] {dag.py:4180} INFO - Setting next_dagrun for example_bash_operator to 2026-03-17 00:00:00+00:00, run_after=2026-03-18 00:00:00+00:00
[2026-03-18T06:37:38.353+0000] {processor.py:208} INFO - Processing /home/komal/data-engineering-projects/airflow-spark-pipeline/airflow_venv/lib/python3.11/site-packages/airflow/example_dags/example_bash_operator.py took 0.289 seconds
[2026-03-18T06:39:00.761+0000] {processor.py:186} INFO - Started process (PID=28444) to work on /home/komal/data-engineering-projects/airflow-spark-pipeline/airflow_venv/lib/python3.11/site-packages/airflow/example_dags/example_bash_operator.py
[2026-03-18T06:39:00.793+0000] {processor.py:914} INFO - Processing file /home/komal/data-engineering-projects/airflow-spark-pipeline/airflow_venv/lib/python3.11/site-packages/airflow/example_dags/example_bash_operator.py for tasks to queue
[2026-03-18T06:39:00.800+0000] {logging_mixin.py:190} INFO - [2026-03-18T06:39:00.799+0000] {dagbag.py:588} INFO - Filling up the DagBag from /home/komal/data-engineering-projects/airflow-spark-pipeline/airflow_venv/lib/python3.11/site-packages/airflow/example_dags/example_bash_operator.py
[2026-03-18T06:39:00.825+0000] {processor.py:925} INFO - DAG(s) 'example_bash_operator' retrieved from /home/komal/data-engineering-projects/airflow-spark-pipeline/airflow_venv/lib/python3.11/site-packages/airflow/example_dags/example_bash_operator.py
[2026-03-18T06:39:00.839+0000] {logging_mixin.py:190} INFO - [2026-03-18T06:39:00.839+0000] {dag.py:3239} INFO - Sync 1 DAGs
[2026-03-18T06:39:00.853+0000] {logging_mixin.py:190} INFO - [2026-03-18T06:39:00.853+0000] {dag.py:4180} INFO - Setting next_dagrun for example_bash_operator to 2026-03-17 00:00:00+00:00, run_after=2026-03-18 00:00:00+00:00
[2026-03-18T06:39:00.909+0000] {processor.py:208} INFO - Processing /home/komal/data-engineering-projects/airflow-spark-pipeline/airflow_venv/lib/python3.11/site-packages/airflow/example_dags/example_bash_operator.py took 0.152 seconds
[2026-03-18T06:40:16.804+0000] {processor.py:186} INFO - Started process (PID=28524) to work on /home/komal/data-engineering-projects/airflow-spark-pipeline/airflow_venv/lib/python3.11/site-packages/airflow/example_dags/example_bash_operator.py
[2026-03-18T06:40:16.837+0000] {processor.py:914} INFO - Processing file /home/komal/data-engineering-projects/airflow-spark-pipeline/airflow_venv/lib/python3.11/site-packages/airflow/example_dags/example_bash_operator.py for tasks to queue
[2026-03-18T06:40:16.840+0000] {logging_mixin.py:190} INFO - [2026-03-18T06:40:16.840+0000] {dagbag.py:588} INFO - Filling up the DagBag from /home/komal/data-engineering-projects/airflow-spark-pipeline/airflow_venv/lib/python3.11/site-packages/airflow/example_dags/example_bash_operator.py
[2026-03-18T06:40:16.854+0000] {processor.py:925} INFO - DAG(s) 'example_bash_operator' retrieved from /home/komal/data-engineering-projects/airflow-spark-pipeline/airflow_venv/lib/python3.11/site-packages/airflow/example_dags/example_bash_operator.py
[2026-03-18T06:40:16.868+0000] {logging_mixin.py:190} INFO - [2026-03-18T06:40:16.867+0000] {dag.py:3239} INFO - Sync 1 DAGs
[2026-03-18T06:40:16.883+0000] {logging_mixin.py:190} INFO - [2026-03-18T06:40:16.883+0000] {dag.py:4180} INFO - Setting next_dagrun for example_bash_operator to 2026-03-17 00:00:00+00:00, run_after=2026-03-18 00:00:00+00:00
[2026-03-18T06:40:16.910+0000] {processor.py:208} INFO - Processing /home/komal/data-engineering-projects/airflow-spark-pipeline/airflow_venv/lib/python3.11/site-packages/airflow/example_dags/example_bash_operator.py took 0.110 seconds
[2026-03-18T06:41:21.151+0000] {processor.py:186} INFO - Started process (PID=28590) to work on /home/komal/data-engineering-projects/airflow-spark-pipeline/airflow_venv/lib/python3.11/site-packages/airflow/example_dags/example_bash_operator.py
[2026-03-18T06:41:21.153+0000] {processor.py:914} INFO - Processing file /home/komal/data-engineering-projects/airflow-spark-pipeline/airflow_venv/lib/python3.11/site-packages/airflow/example_dags/example_bash_operator.py for tasks to queue
[2026-03-18T06:41:21.155+0000] {logging_mixin.py:190} INFO - [2026-03-18T06:41:21.155+0000] {dagbag.py:588} INFO - Filling up the DagBag from /home/komal/data-engineering-projects/airflow-spark-pipeline/airflow_venv/lib/python3.11/site-packages/airflow/example_dags/example_bash_operator.py
[2026-03-18T06:41:21.167+0000] {processor.py:925} INFO - DAG(s) 'example_bash_operator' retrieved from /home/komal/data-engineering-projects/airflow-spark-pipeline/airflow_venv/lib/python3.11/site-packages/airflow/example_dags/example_bash_operator.py
[2026-03-18T06:41:21.188+0000] {logging_mixin.py:190} INFO - [2026-03-18T06:41:21.187+0000] {dag.py:3239} INFO - Sync 1 DAGs
[2026-03-18T06:41:21.208+0000] {logging_mixin.py:190} INFO - [2026-03-18T06:41:21.208+0000] {dag.py:4180} INFO - Setting next_dagrun for example_bash_operator to 2026-03-17 00:00:00+00:00, run_after=2026-03-18 00:00:00+00:00
[2026-03-18T06:41:21.322+0000] {processor.py:208} INFO - Processing /home/komal/data-engineering-projects/airflow-spark-pipeline/airflow_venv/lib/python3.11/site-packages/airflow/example_dags/example_bash_operator.py took 0.176 seconds
[2026-03-18T06:42:37.295+0000] {processor.py:186} INFO - Started process (PID=28741) to work on /home/komal/data-engineering-projects/airflow-spark-pipeline/airflow_venv/lib/python3.11/site-packages/airflow/example_dags/example_bash_operator.py
[2026-03-18T06:42:37.299+0000] {processor.py:914} INFO - Processing file /home/komal/data-engineering-projects/airflow-spark-pipeline/airflow_venv/lib/python3.11/site-packages/airflow/example_dags/example_bash_operator.py for tasks to queue
[2026-03-18T06:42:37.303+0000] {logging_mixin.py:190} INFO - [2026-03-18T06:42:37.302+0000] {dagbag.py:588} INFO - Filling up the DagBag from /home/komal/data-engineering-projects/airflow-spark-pipeline/airflow_venv/lib/python3.11/site-packages/airflow/example_dags/example_bash_operator.py
[2026-03-18T06:42:37.328+0000] {processor.py:925} INFO - DAG(s) 'example_bash_operator' retrieved from /home/komal/data-engineering-projects/airflow-spark-pipeline/airflow_venv/lib/python3.11/site-packages/airflow/example_dags/example_bash_operator.py
[2026-03-18T06:42:37.357+0000] {logging_mixin.py:190} INFO - [2026-03-18T06:42:37.355+0000] {dag.py:3239} INFO - Sync 1 DAGs
[2026-03-18T06:42:37.540+0000] {logging_mixin.py:190} INFO - [2026-03-18T06:42:37.540+0000] {dag.py:4180} INFO - Setting next_dagrun for example_bash_operator to 2026-03-17 00:00:00+00:00, run_after=2026-03-18 00:00:00+00:00
[2026-03-18T06:42:37.597+0000] {processor.py:208} INFO - Processing /home/komal/data-engineering-projects/airflow-spark-pipeline/airflow_venv/lib/python3.11/site-packages/airflow/example_dags/example_bash_operator.py took 0.310 seconds
[2026-03-18T06:44:00.481+0000] {processor.py:186} INFO - Started process (PID=28897) to work on /home/komal/data-engineering-projects/airflow-spark-pipeline/airflow_venv/lib/python3.11/site-packages/airflow/example_dags/example_bash_operator.py
[2026-03-18T06:44:00.513+0000] {processor.py:914} INFO - Processing file /home/komal/data-engineering-projects/airflow-spark-pipeline/airflow_venv/lib/python3.11/site-packages/airflow/example_dags/example_bash_operator.py for tasks to queue
[2026-03-18T06:44:00.519+0000] {logging_mixin.py:190} INFO - [2026-03-18T06:44:00.518+0000] {dagbag.py:588} INFO - Filling up the DagBag from /home/komal/data-engineering-projects/airflow-spark-pipeline/airflow_venv/lib/python3.11/site-packages/airflow/example_dags/example_bash_operator.py
[2026-03-18T06:44:00.540+0000] {processor.py:925} INFO - DAG(s) 'example_bash_operator' retrieved from /home/komal/data-engineering-projects/airflow-spark-pipeline/airflow_venv/lib/python3.11/site-packages/airflow/example_dags/example_bash_operator.py
[2026-03-18T06:44:00.556+0000] {logging_mixin.py:190} INFO - [2026-03-18T06:44:00.556+0000] {dag.py:3239} INFO - Sync 1 DAGs
[2026-03-18T06:44:00.571+0000] {logging_mixin.py:190} INFO - [2026-03-18T06:44:00.571+0000] {dag.py:4180} INFO - Setting next_dagrun for example_bash_operator to 2026-03-17 00:00:00+00:00, run_after=2026-03-18 00:00:00+00:00
[2026-03-18T06:44:00.594+0000] {processor.py:208} INFO - Processing /home/komal/data-engineering-projects/airflow-spark-pipeline/airflow_venv/lib/python3.11/site-packages/airflow/example_dags/example_bash_operator.py took 0.121 seconds
[2026-03-18T06:46:23.733+0000] {processor.py:186} INFO - Started process (PID=29408) to work on /home/komal/data-engineering-projects/airflow-spark-pipeline/airflow_venv/lib/python3.11/site-packages/airflow/example_dags/example_bash_operator.py
[2026-03-18T06:46:23.737+0000] {processor.py:914} INFO - Processing file /home/komal/data-engineering-projects/airflow-spark-pipeline/airflow_venv/lib/python3.11/site-packages/airflow/example_dags/example_bash_operator.py for tasks to queue
[2026-03-18T06:46:23.741+0000] {logging_mixin.py:190} INFO - [2026-03-18T06:46:23.740+0000] {dagbag.py:588} INFO - Filling up the DagBag from /home/komal/data-engineering-projects/airflow-spark-pipeline/airflow_venv/lib/python3.11/site-packages/airflow/example_dags/example_bash_operator.py
[2026-03-18T06:46:23.756+0000] {processor.py:925} INFO - DAG(s) 'example_bash_operator' retrieved from /home/komal/data-engineering-projects/airflow-spark-pipeline/airflow_venv/lib/python3.11/site-packages/airflow/example_dags/example_bash_operator.py
[2026-03-18T06:46:23.774+0000] {logging_mixin.py:190} INFO - [2026-03-18T06:46:23.774+0000] {dag.py:3239} INFO - Sync 1 DAGs
[2026-03-18T06:46:23.790+0000] {logging_mixin.py:190} INFO - [2026-03-18T06:46:23.790+0000] {dag.py:4180} INFO - Setting next_dagrun for example_bash_operator to 2026-03-17 00:00:00+00:00, run_after=2026-03-18 00:00:00+00:00
[2026-03-18T06:46:23.817+0000] {processor.py:208} INFO - Processing /home/komal/data-engineering-projects/airflow-spark-pipeline/airflow_venv/lib/python3.11/site-packages/airflow/example_dags/example_bash_operator.py took 0.091 seconds
[2026-03-18T06:47:36.970+0000] {processor.py:186} INFO - Started process (PID=29480) to work on /home/komal/data-engineering-projects/airflow-spark-pipeline/airflow_venv/lib/python3.11/site-packages/airflow/example_dags/example_bash_operator.py
[2026-03-18T06:47:37.004+0000] {processor.py:914} INFO - Processing file /home/komal/data-engineering-projects/airflow-spark-pipeline/airflow_venv/lib/python3.11/site-packages/airflow/example_dags/example_bash_operator.py for tasks to queue
[2026-03-18T06:47:37.008+0000] {logging_mixin.py:190} INFO - [2026-03-18T06:47:37.007+0000] {dagbag.py:588} INFO - Filling up the DagBag from /home/komal/data-engineering-projects/airflow-spark-pipeline/airflow_venv/lib/python3.11/site-packages/airflow/example_dags/example_bash_operator.py
[2026-03-18T06:47:37.028+0000] {processor.py:925} INFO - DAG(s) 'example_bash_operator' retrieved from /home/komal/data-engineering-projects/airflow-spark-pipeline/airflow_venv/lib/python3.11/site-packages/airflow/example_dags/example_bash_operator.py
[2026-03-18T06:47:37.046+0000] {logging_mixin.py:190} INFO - [2026-03-18T06:47:37.045+0000] {dag.py:3239} INFO - Sync 1 DAGs
[2026-03-18T06:47:37.061+0000] {logging_mixin.py:190} INFO - [2026-03-18T06:47:37.061+0000] {dag.py:4180} INFO - Setting next_dagrun for example_bash_operator to 2026-03-17 00:00:00+00:00, run_after=2026-03-18 00:00:00+00:00
[2026-03-18T06:47:37.084+0000] {processor.py:208} INFO - Processing /home/komal/data-engineering-projects/airflow-spark-pipeline/airflow_venv/lib/python3.11/site-packages/airflow/example_dags/example_bash_operator.py took 0.122 seconds
[2026-03-18T06:48:59.985+0000] {processor.py:186} INFO - Started process (PID=29639) to work on /home/komal/data-engineering-projects/airflow-spark-pipeline/airflow_venv/lib/python3.11/site-packages/airflow/example_dags/example_bash_operator.py
[2026-03-18T06:49:00.016+0000] {processor.py:914} INFO - Processing file /home/komal/data-engineering-projects/airflow-spark-pipeline/airflow_venv/lib/python3.11/site-packages/airflow/example_dags/example_bash_operator.py for tasks to queue
[2026-03-18T06:49:00.018+0000] {logging_mixin.py:190} INFO - [2026-03-18T06:49:00.017+0000] {dagbag.py:588} INFO - Filling up the DagBag from /home/komal/data-engineering-projects/airflow-spark-pipeline/airflow_venv/lib/python3.11/site-packages/airflow/example_dags/example_bash_operator.py
[2026-03-18T06:49:00.028+0000] {processor.py:925} INFO - DAG(s) 'example_bash_operator' retrieved from /home/komal/data-engineering-projects/airflow-spark-pipeline/airflow_venv/lib/python3.11/site-packages/airflow/example_dags/example_bash_operator.py
[2026-03-18T06:49:00.044+0000] {logging_mixin.py:190} INFO - [2026-03-18T06:49:00.044+0000] {dag.py:3239} INFO - Sync 1 DAGs
[2026-03-18T06:49:00.070+0000] {logging_mixin.py:190} INFO - [2026-03-18T06:49:00.070+0000] {dag.py:4180} INFO - Setting next_dagrun for example_bash_operator to 2026-03-17 00:00:00+00:00, run_after=2026-03-18 00:00:00+00:00
[2026-03-18T06:49:00.095+0000] {processor.py:208} INFO - Processing /home/komal/data-engineering-projects/airflow-spark-pipeline/airflow_venv/lib/python3.11/site-packages/airflow/example_dags/example_bash_operator.py took 0.116 seconds
[2026-03-18T06:50:10.506+0000] {processor.py:186} INFO - Started process (PID=29710) to work on /home/komal/data-engineering-projects/airflow-spark-pipeline/airflow_venv/lib/python3.11/site-packages/airflow/example_dags/example_bash_operator.py
[2026-03-18T06:50:10.539+0000] {processor.py:914} INFO - Processing file /home/komal/data-engineering-projects/airflow-spark-pipeline/airflow_venv/lib/python3.11/site-packages/airflow/example_dags/example_bash_operator.py for tasks to queue
[2026-03-18T06:50:10.542+0000] {logging_mixin.py:190} INFO - [2026-03-18T06:50:10.542+0000] {dagbag.py:588} INFO - Filling up the DagBag from /home/komal/data-engineering-projects/airflow-spark-pipeline/airflow_venv/lib/python3.11/site-packages/airflow/example_dags/example_bash_operator.py
[2026-03-18T06:50:10.566+0000] {processor.py:925} INFO - DAG(s) 'example_bash_operator' retrieved from /home/komal/data-engineering-projects/airflow-spark-pipeline/airflow_venv/lib/python3.11/site-packages/airflow/example_dags/example_bash_operator.py
[2026-03-18T06:50:10.591+0000] {logging_mixin.py:190} INFO - [2026-03-18T06:50:10.591+0000] {dag.py:3239} INFO - Sync 1 DAGs
[2026-03-18T06:50:10.701+0000] {logging_mixin.py:190} INFO - [2026-03-18T06:50:10.700+0000] {dag.py:4180} INFO - Setting next_dagrun for example_bash_operator to 2026-03-17 00:00:00+00:00, run_after=2026-03-18 00:00:00+00:00
[2026-03-18T06:50:10.758+0000] {processor.py:208} INFO - Processing /home/komal/data-engineering-projects/airflow-spark-pipeline/airflow_venv/lib/python3.11/site-packages/airflow/example_dags/example_bash_operator.py took 0.260 seconds
[2026-03-18T06:52:30.020+0000] {processor.py:186} INFO - Started process (PID=29994) to work on /home/komal/data-engineering-projects/airflow-spark-pipeline/airflow_venv/lib/python3.11/site-packages/airflow/example_dags/example_bash_operator.py
[2026-03-18T06:52:30.024+0000] {processor.py:914} INFO - Processing file /home/komal/data-engineering-projects/airflow-spark-pipeline/airflow_venv/lib/python3.11/site-packages/airflow/example_dags/example_bash_operator.py for tasks to queue
[2026-03-18T06:52:30.026+0000] {logging_mixin.py:190} INFO - [2026-03-18T06:52:30.025+0000] {dagbag.py:588} INFO - Filling up the DagBag from /home/komal/data-engineering-projects/airflow-spark-pipeline/airflow_venv/lib/python3.11/site-packages/airflow/example_dags/example_bash_operator.py
[2026-03-18T06:52:30.037+0000] {processor.py:925} INFO - DAG(s) 'example_bash_operator' retrieved from /home/komal/data-engineering-projects/airflow-spark-pipeline/airflow_venv/lib/python3.11/site-packages/airflow/example_dags/example_bash_operator.py
[2026-03-18T06:52:30.057+0000] {logging_mixin.py:190} INFO - [2026-03-18T06:52:30.056+0000] {dag.py:3239} INFO - Sync 1 DAGs
[2026-03-18T06:52:30.071+0000] {logging_mixin.py:190} INFO - [2026-03-18T06:52:30.070+0000] {dag.py:4180} INFO - Setting next_dagrun for example_bash_operator to 2026-03-17 00:00:00+00:00, run_after=2026-03-18 00:00:00+00:00
[2026-03-18T06:52:30.088+0000] {processor.py:208} INFO - Processing /home/komal/data-engineering-projects/airflow-spark-pipeline/airflow_venv/lib/python3.11/site-packages/airflow/example_dags/example_bash_operator.py took 0.072 seconds
[2026-03-18T06:53:53.252+0000] {processor.py:186} INFO - Started process (PID=30067) to work on /home/komal/data-engineering-projects/airflow-spark-pipeline/airflow_venv/lib/python3.11/site-packages/airflow/example_dags/example_bash_operator.py
[2026-03-18T06:53:53.254+0000] {processor.py:914} INFO - Processing file /home/komal/data-engineering-projects/airflow-spark-pipeline/airflow_venv/lib/python3.11/site-packages/airflow/example_dags/example_bash_operator.py for tasks to queue
[2026-03-18T06:53:53.255+0000] {logging_mixin.py:190} INFO - [2026-03-18T06:53:53.255+0000] {dagbag.py:588} INFO - Filling up the DagBag from /home/komal/data-engineering-projects/airflow-spark-pipeline/airflow_venv/lib/python3.11/site-packages/airflow/example_dags/example_bash_operator.py
[2026-03-18T06:53:53.267+0000] {processor.py:925} INFO - DAG(s) 'example_bash_operator' retrieved from /home/komal/data-engineering-projects/airflow-spark-pipeline/airflow_venv/lib/python3.11/site-packages/airflow/example_dags/example_bash_operator.py
[2026-03-18T06:53:53.285+0000] {logging_mixin.py:190} INFO - [2026-03-18T06:53:53.285+0000] {dag.py:3239} INFO - Sync 1 DAGs
[2026-03-18T06:53:53.300+0000] {logging_mixin.py:190} INFO - [2026-03-18T06:53:53.300+0000] {dag.py:4180} INFO - Setting next_dagrun for example_bash_operator to 2026-03-17 00:00:00+00:00, run_after=2026-03-18 00:00:00+00:00
[2026-03-18T06:53:53.316+0000] {processor.py:208} INFO - Processing /home/komal/data-engineering-projects/airflow-spark-pipeline/airflow_venv/lib/python3.11/site-packages/airflow/example_dags/example_bash_operator.py took 0.068 seconds
[2026-03-18T06:55:17.993+0000] {processor.py:186} INFO - Started process (PID=30225) to work on /home/komal/data-engineering-projects/airflow-spark-pipeline/airflow_venv/lib/python3.11/site-packages/airflow/example_dags/example_bash_operator.py
[2026-03-18T06:55:17.995+0000] {processor.py:914} INFO - Processing file /home/komal/data-engineering-projects/airflow-spark-pipeline/airflow_venv/lib/python3.11/site-packages/airflow/example_dags/example_bash_operator.py for tasks to queue
[2026-03-18T06:55:17.997+0000] {logging_mixin.py:190} INFO - [2026-03-18T06:55:17.997+0000] {dagbag.py:588} INFO - Filling up the DagBag from /home/komal/data-engineering-projects/airflow-spark-pipeline/airflow_venv/lib/python3.11/site-packages/airflow/example_dags/example_bash_operator.py
[2026-03-18T06:55:18.006+0000] {processor.py:925} INFO - DAG(s) 'example_bash_operator' retrieved from /home/komal/data-engineering-projects/airflow-spark-pipeline/airflow_venv/lib/python3.11/site-packages/airflow/example_dags/example_bash_operator.py
[2026-03-18T06:55:18.022+0000] {logging_mixin.py:190} INFO - [2026-03-18T06:55:18.022+0000] {dag.py:3239} INFO - Sync 1 DAGs
[2026-03-18T06:55:18.038+0000] {logging_mixin.py:190} INFO - [2026-03-18T06:55:18.038+0000] {dag.py:4180} INFO - Setting next_dagrun for example_bash_operator to 2026-03-17 00:00:00+00:00, run_after=2026-03-18 00:00:00+00:00
[2026-03-18T06:55:18.061+0000] {processor.py:208} INFO - Processing /home/komal/data-engineering-projects/airflow-spark-pipeline/airflow_venv/lib/python3.11/site-packages/airflow/example_dags/example_bash_operator.py took 0.074 seconds
[2026-03-18T06:57:10.379+0000] {processor.py:186} INFO - Started process (PID=30489) to work on /home/komal/data-engineering-projects/airflow-spark-pipeline/airflow_venv/lib/python3.11/site-packages/airflow/example_dags/example_bash_operator.py
[2026-03-18T06:57:10.411+0000] {processor.py:914} INFO - Processing file /home/komal/data-engineering-projects/airflow-spark-pipeline/airflow_venv/lib/python3.11/site-packages/airflow/example_dags/example_bash_operator.py for tasks to queue
[2026-03-18T06:57:10.415+0000] {logging_mixin.py:190} INFO - [2026-03-18T06:57:10.414+0000] {dagbag.py:588} INFO - Filling up the DagBag from /home/komal/data-engineering-projects/airflow-spark-pipeline/airflow_venv/lib/python3.11/site-packages/airflow/example_dags/example_bash_operator.py
[2026-03-18T06:57:10.431+0000] {processor.py:925} INFO - DAG(s) 'example_bash_operator' retrieved from /home/komal/data-engineering-projects/airflow-spark-pipeline/airflow_venv/lib/python3.11/site-packages/airflow/example_dags/example_bash_operator.py
[2026-03-18T06:57:10.452+0000] {logging_mixin.py:190} INFO - [2026-03-18T06:57:10.451+0000] {dag.py:3239} INFO - Sync 1 DAGs
[2026-03-18T06:57:10.467+0000] {logging_mixin.py:190} INFO - [2026-03-18T06:57:10.467+0000] {dag.py:4180} INFO - Setting next_dagrun for example_bash_operator to 2026-03-17 00:00:00+00:00, run_after=2026-03-18 00:00:00+00:00
[2026-03-18T06:57:10.553+0000] {processor.py:208} INFO - Processing /home/komal/data-engineering-projects/airflow-spark-pipeline/airflow_venv/lib/python3.11/site-packages/airflow/example_dags/example_bash_operator.py took 0.182 seconds
[2026-03-18T06:58:28.052+0000] {processor.py:186} INFO - Started process (PID=30565) to work on /home/komal/data-engineering-projects/airflow-spark-pipeline/airflow_venv/lib/python3.11/site-packages/airflow/example_dags/example_bash_operator.py
[2026-03-18T06:58:28.055+0000] {processor.py:914} INFO - Processing file /home/komal/data-engineering-projects/airflow-spark-pipeline/airflow_venv/lib/python3.11/site-packages/airflow/example_dags/example_bash_operator.py for tasks to queue
[2026-03-18T06:58:28.057+0000] {logging_mixin.py:190} INFO - [2026-03-18T06:58:28.056+0000] {dagbag.py:588} INFO - Filling up the DagBag from /home/komal/data-engineering-projects/airflow-spark-pipeline/airflow_venv/lib/python3.11/site-packages/airflow/example_dags/example_bash_operator.py
[2026-03-18T06:58:28.067+0000] {processor.py:925} INFO - DAG(s) 'example_bash_operator' retrieved from /home/komal/data-engineering-projects/airflow-spark-pipeline/airflow_venv/lib/python3.11/site-packages/airflow/example_dags/example_bash_operator.py
[2026-03-18T06:58:28.086+0000] {logging_mixin.py:190} INFO - [2026-03-18T06:58:28.086+0000] {dag.py:3239} INFO - Sync 1 DAGs
[2026-03-18T06:58:28.111+0000] {logging_mixin.py:190} INFO - [2026-03-18T06:58:28.110+0000] {dag.py:4180} INFO - Setting next_dagrun for example_bash_operator to 2026-03-17 00:00:00+00:00, run_after=2026-03-18 00:00:00+00:00
[2026-03-18T06:58:28.136+0000] {processor.py:208} INFO - Processing /home/komal/data-engineering-projects/airflow-spark-pipeline/airflow_venv/lib/python3.11/site-packages/airflow/example_dags/example_bash_operator.py took 0.091 seconds
[2026-03-18T06:59:47.020+0000] {processor.py:186} INFO - Started process (PID=30715) to work on /home/komal/data-engineering-projects/airflow-spark-pipeline/airflow_venv/lib/python3.11/site-packages/airflow/example_dags/example_bash_operator.py
[2026-03-18T06:59:47.052+0000] {processor.py:914} INFO - Processing file /home/komal/data-engineering-projects/airflow-spark-pipeline/airflow_venv/lib/python3.11/site-packages/airflow/example_dags/example_bash_operator.py for tasks to queue
[2026-03-18T06:59:47.056+0000] {logging_mixin.py:190} INFO - [2026-03-18T06:59:47.055+0000] {dagbag.py:588} INFO - Filling up the DagBag from /home/komal/data-engineering-projects/airflow-spark-pipeline/airflow_venv/lib/python3.11/site-packages/airflow/example_dags/example_bash_operator.py
[2026-03-18T06:59:47.079+0000] {processor.py:925} INFO - DAG(s) 'example_bash_operator' retrieved from /home/komal/data-engineering-projects/airflow-spark-pipeline/airflow_venv/lib/python3.11/site-packages/airflow/example_dags/example_bash_operator.py
[2026-03-18T06:59:47.110+0000] {logging_mixin.py:190} INFO - [2026-03-18T06:59:47.109+0000] {dag.py:3239} INFO - Sync 1 DAGs
[2026-03-18T06:59:47.141+0000] {logging_mixin.py:190} INFO - [2026-03-18T06:59:47.141+0000] {dag.py:4180} INFO - Setting next_dagrun for example_bash_operator to 2026-03-17 00:00:00+00:00, run_after=2026-03-18 00:00:00+00:00
[2026-03-18T06:59:47.174+0000] {processor.py:208} INFO - Processing /home/komal/data-engineering-projects/airflow-spark-pipeline/airflow_venv/lib/python3.11/site-packages/airflow/example_dags/example_bash_operator.py took 0.159 seconds
[2026-03-18T07:01:05.361+0000] {processor.py:186} INFO - Started process (PID=30861) to work on /home/komal/data-engineering-projects/airflow-spark-pipeline/airflow_venv/lib/python3.11/site-packages/airflow/example_dags/example_bash_operator.py
[2026-03-18T07:01:05.392+0000] {processor.py:914} INFO - Processing file /home/komal/data-engineering-projects/airflow-spark-pipeline/airflow_venv/lib/python3.11/site-packages/airflow/example_dags/example_bash_operator.py for tasks to queue
[2026-03-18T07:01:05.396+0000] {logging_mixin.py:190} INFO - [2026-03-18T07:01:05.395+0000] {dagbag.py:588} INFO - Filling up the DagBag from /home/komal/data-engineering-projects/airflow-spark-pipeline/airflow_venv/lib/python3.11/site-packages/airflow/example_dags/example_bash_operator.py
[2026-03-18T07:01:05.413+0000] {processor.py:925} INFO - DAG(s) 'example_bash_operator' retrieved from /home/komal/data-engineering-projects/airflow-spark-pipeline/airflow_venv/lib/python3.11/site-packages/airflow/example_dags/example_bash_operator.py
[2026-03-18T07:01:05.428+0000] {logging_mixin.py:190} INFO - [2026-03-18T07:01:05.428+0000] {dag.py:3239} INFO - Sync 1 DAGs
[2026-03-18T07:01:05.542+0000] {logging_mixin.py:190} INFO - [2026-03-18T07:01:05.542+0000] {dag.py:4180} INFO - Setting next_dagrun for example_bash_operator to 2026-03-17 00:00:00+00:00, run_after=2026-03-18 00:00:00+00:00
[2026-03-18T07:01:05.608+0000] {processor.py:208} INFO - Processing /home/komal/data-engineering-projects/airflow-spark-pipeline/airflow_venv/lib/python3.11/site-packages/airflow/example_dags/example_bash_operator.py took 0.251 seconds
[2026-03-18T07:02:30.074+0000] {processor.py:186} INFO - Started process (PID=30939) to work on /home/komal/data-engineering-projects/airflow-spark-pipeline/airflow_venv/lib/python3.11/site-packages/airflow/example_dags/example_bash_operator.py
[2026-03-18T07:02:30.106+0000] {processor.py:914} INFO - Processing file /home/komal/data-engineering-projects/airflow-spark-pipeline/airflow_venv/lib/python3.11/site-packages/airflow/example_dags/example_bash_operator.py for tasks to queue
[2026-03-18T07:02:30.108+0000] {logging_mixin.py:190} INFO - [2026-03-18T07:02:30.108+0000] {dagbag.py:588} INFO - Filling up the DagBag from /home/komal/data-engineering-projects/airflow-spark-pipeline/airflow_venv/lib/python3.11/site-packages/airflow/example_dags/example_bash_operator.py
[2026-03-18T07:02:30.128+0000] {processor.py:925} INFO - DAG(s) 'example_bash_operator' retrieved from /home/komal/data-engineering-projects/airflow-spark-pipeline/airflow_venv/lib/python3.11/site-packages/airflow/example_dags/example_bash_operator.py
[2026-03-18T07:02:30.166+0000] {logging_mixin.py:190} INFO - [2026-03-18T07:02:30.166+0000] {dag.py:3239} INFO - Sync 1 DAGs
[2026-03-18T07:02:30.192+0000] {logging_mixin.py:190} INFO - [2026-03-18T07:02:30.192+0000] {dag.py:4180} INFO - Setting next_dagrun for example_bash_operator to 2026-03-17 00:00:00+00:00, run_after=2026-03-18 00:00:00+00:00
[2026-03-18T07:02:30.253+0000] {processor.py:208} INFO - Processing /home/komal/data-engineering-projects/airflow-spark-pipeline/airflow_venv/lib/python3.11/site-packages/airflow/example_dags/example_bash_operator.py took 0.183 seconds
[2026-03-18T07:03:37.296+0000] {processor.py:186} INFO - Started process (PID=31059) to work on /home/komal/data-engineering-projects/airflow-spark-pipeline/airflow_venv/lib/python3.11/site-packages/airflow/example_dags/example_bash_operator.py
[2026-03-18T07:03:37.300+0000] {processor.py:914} INFO - Processing file /home/komal/data-engineering-projects/airflow-spark-pipeline/airflow_venv/lib/python3.11/site-packages/airflow/example_dags/example_bash_operator.py for tasks to queue
[2026-03-18T07:03:37.301+0000] {logging_mixin.py:190} INFO - [2026-03-18T07:03:37.301+0000] {dagbag.py:588} INFO - Filling up the DagBag from /home/komal/data-engineering-projects/airflow-spark-pipeline/airflow_venv/lib/python3.11/site-packages/airflow/example_dags/example_bash_operator.py
[2026-03-18T07:03:37.324+0000] {processor.py:925} INFO - DAG(s) 'example_bash_operator' retrieved from /home/komal/data-engineering-projects/airflow-spark-pipeline/airflow_venv/lib/python3.11/site-packages/airflow/example_dags/example_bash_operator.py
[2026-03-18T07:03:37.350+0000] {logging_mixin.py:190} INFO - [2026-03-18T07:03:37.350+0000] {dag.py:3239} INFO - Sync 1 DAGs
[2026-03-18T07:03:37.379+0000] {logging_mixin.py:190} INFO - [2026-03-18T07:03:37.379+0000] {dag.py:4180} INFO - Setting next_dagrun for example_bash_operator to 2026-03-17 00:00:00+00:00, run_after=2026-03-18 00:00:00+00:00
[2026-03-18T07:03:37.406+0000] {processor.py:208} INFO - Processing /home/komal/data-engineering-projects/airflow-spark-pipeline/airflow_venv/lib/python3.11/site-packages/airflow/example_dags/example_bash_operator.py took 0.115 seconds
[2026-03-18T07:04:34.287+0000] {processor.py:186} INFO - Started process (PID=31124) to work on /home/komal/data-engineering-projects/airflow-spark-pipeline/airflow_venv/lib/python3.11/site-packages/airflow/example_dags/example_bash_operator.py
[2026-03-18T07:04:34.290+0000] {processor.py:914} INFO - Processing file /home/komal/data-engineering-projects/airflow-spark-pipeline/airflow_venv/lib/python3.11/site-packages/airflow/example_dags/example_bash_operator.py for tasks to queue
[2026-03-18T07:04:34.291+0000] {logging_mixin.py:190} INFO - [2026-03-18T07:04:34.291+0000] {dagbag.py:588} INFO - Filling up the DagBag from /home/komal/data-engineering-projects/airflow-spark-pipeline/airflow_venv/lib/python3.11/site-packages/airflow/example_dags/example_bash_operator.py
[2026-03-18T07:04:34.301+0000] {processor.py:925} INFO - DAG(s) 'example_bash_operator' retrieved from /home/komal/data-engineering-projects/airflow-spark-pipeline/airflow_venv/lib/python3.11/site-packages/airflow/example_dags/example_bash_operator.py
[2026-03-18T07:04:34.324+0000] {logging_mixin.py:190} INFO - [2026-03-18T07:04:34.323+0000] {dag.py:3239} INFO - Sync 1 DAGs
[2026-03-18T07:04:34.343+0000] {logging_mixin.py:190} INFO - [2026-03-18T07:04:34.343+0000] {dag.py:4180} INFO - Setting next_dagrun for example_bash_operator to 2026-03-17 00:00:00+00:00, run_after=2026-03-18 00:00:00+00:00
[2026-03-18T07:04:34.368+0000] {processor.py:208} INFO - Processing /home/komal/data-engineering-projects/airflow-spark-pipeline/airflow_venv/lib/python3.11/site-packages/airflow/example_dags/example_bash_operator.py took 0.095 seconds
[2026-03-18T07:05:33.643+0000] {processor.py:186} INFO - Started process (PID=31186) to work on /home/komal/data-engineering-projects/airflow-spark-pipeline/airflow_venv/lib/python3.11/site-packages/airflow/example_dags/example_bash_operator.py
[2026-03-18T07:05:33.646+0000] {processor.py:914} INFO - Processing file /home/komal/data-engineering-projects/airflow-spark-pipeline/airflow_venv/lib/python3.11/site-packages/airflow/example_dags/example_bash_operator.py for tasks to queue
[2026-03-18T07:05:33.648+0000] {logging_mixin.py:190} INFO - [2026-03-18T07:05:33.647+0000] {dagbag.py:588} INFO - Filling up the DagBag from /home/komal/data-engineering-projects/airflow-spark-pipeline/airflow_venv/lib/python3.11/site-packages/airflow/example_dags/example_bash_operator.py
[2026-03-18T07:05:33.658+0000] {processor.py:925} INFO - DAG(s) 'example_bash_operator' retrieved from /home/komal/data-engineering-projects/airflow-spark-pipeline/airflow_venv/lib/python3.11/site-packages/airflow/example_dags/example_bash_operator.py
[2026-03-18T07:05:33.671+0000] {logging_mixin.py:190} INFO - [2026-03-18T07:05:33.671+0000] {dag.py:3239} INFO - Sync 1 DAGs
[2026-03-18T07:05:33.686+0000] {logging_mixin.py:190} INFO - [2026-03-18T07:05:33.686+0000] {dag.py:4180} INFO - Setting next_dagrun for example_bash_operator to 2026-03-17 00:00:00+00:00, run_after=2026-03-18 00:00:00+00:00
[2026-03-18T07:05:33.706+0000] {processor.py:208} INFO - Processing /home/komal/data-engineering-projects/airflow-spark-pipeline/airflow_venv/lib/python3.11/site-packages/airflow/example_dags/example_bash_operator.py took 0.072 seconds
[2026-03-18T07:09:59.048+0000] {processor.py:186} INFO - Started process (PID=31279) to work on /home/komal/data-engineering-projects/airflow-spark-pipeline/airflow_venv/lib/python3.11/site-packages/airflow/example_dags/example_bash_operator.py
[2026-03-18T07:09:59.050+0000] {processor.py:914} INFO - Processing file /home/komal/data-engineering-projects/airflow-spark-pipeline/airflow_venv/lib/python3.11/site-packages/airflow/example_dags/example_bash_operator.py for tasks to queue
[2026-03-18T07:09:59.052+0000] {logging_mixin.py:190} INFO - [2026-03-18T07:09:59.051+0000] {dagbag.py:588} INFO - Filling up the DagBag from /home/komal/data-engineering-projects/airflow-spark-pipeline/airflow_venv/lib/python3.11/site-packages/airflow/example_dags/example_bash_operator.py
[2026-03-18T07:09:59.075+0000] {processor.py:925} INFO - DAG(s) 'example_bash_operator' retrieved from /home/komal/data-engineering-projects/airflow-spark-pipeline/airflow_venv/lib/python3.11/site-packages/airflow/example_dags/example_bash_operator.py
[2026-03-18T07:09:59.101+0000] {logging_mixin.py:190} INFO - [2026-03-18T07:09:59.101+0000] {dag.py:3239} INFO - Sync 1 DAGs
[2026-03-18T07:09:59.116+0000] {logging_mixin.py:190} INFO - [2026-03-18T07:09:59.115+0000] {dag.py:4180} INFO - Setting next_dagrun for example_bash_operator to 2026-03-17 00:00:00+00:00, run_after=2026-03-18 00:00:00+00:00
[2026-03-18T07:09:59.136+0000] {processor.py:208} INFO - Processing /home/komal/data-engineering-projects/airflow-spark-pipeline/airflow_venv/lib/python3.11/site-packages/airflow/example_dags/example_bash_operator.py took 0.095 seconds
[2026-03-18T07:11:02.398+0000] {processor.py:186} INFO - Started process (PID=31346) to work on /home/komal/data-engineering-projects/airflow-spark-pipeline/airflow_venv/lib/python3.11/site-packages/airflow/example_dags/example_bash_operator.py
[2026-03-18T07:11:02.431+0000] {processor.py:914} INFO - Processing file /home/komal/data-engineering-projects/airflow-spark-pipeline/airflow_venv/lib/python3.11/site-packages/airflow/example_dags/example_bash_operator.py for tasks to queue
[2026-03-18T07:11:02.433+0000] {logging_mixin.py:190} INFO - [2026-03-18T07:11:02.433+0000] {dagbag.py:588} INFO - Filling up the DagBag from /home/komal/data-engineering-projects/airflow-spark-pipeline/airflow_venv/lib/python3.11/site-packages/airflow/example_dags/example_bash_operator.py
[2026-03-18T07:11:02.450+0000] {processor.py:925} INFO - DAG(s) 'example_bash_operator' retrieved from /home/komal/data-engineering-projects/airflow-spark-pipeline/airflow_venv/lib/python3.11/site-packages/airflow/example_dags/example_bash_operator.py
[2026-03-18T07:11:02.464+0000] {logging_mixin.py:190} INFO - [2026-03-18T07:11:02.464+0000] {dag.py:3239} INFO - Sync 1 DAGs
[2026-03-18T07:11:02.480+0000] {logging_mixin.py:190} INFO - [2026-03-18T07:11:02.480+0000] {dag.py:4180} INFO - Setting next_dagrun for example_bash_operator to 2026-03-17 00:00:00+00:00, run_after=2026-03-18 00:00:00+00:00
[2026-03-18T07:11:02.508+0000] {processor.py:208} INFO - Processing /home/komal/data-engineering-projects/airflow-spark-pipeline/airflow_venv/lib/python3.11/site-packages/airflow/example_dags/example_bash_operator.py took 0.119 seconds
[2026-03-18T07:12:07.766+0000] {processor.py:186} INFO - Started process (PID=31413) to work on /home/komal/data-engineering-projects/airflow-spark-pipeline/airflow_venv/lib/python3.11/site-packages/airflow/example_dags/example_bash_operator.py
[2026-03-18T07:12:07.767+0000] {processor.py:914} INFO - Processing file /home/komal/data-engineering-projects/airflow-spark-pipeline/airflow_venv/lib/python3.11/site-packages/airflow/example_dags/example_bash_operator.py for tasks to queue
[2026-03-18T07:12:07.768+0000] {logging_mixin.py:190} INFO - [2026-03-18T07:12:07.768+0000] {dagbag.py:588} INFO - Filling up the DagBag from /home/komal/data-engineering-projects/airflow-spark-pipeline/airflow_venv/lib/python3.11/site-packages/airflow/example_dags/example_bash_operator.py
[2026-03-18T07:12:07.780+0000] {processor.py:925} INFO - DAG(s) 'example_bash_operator' retrieved from /home/komal/data-engineering-projects/airflow-spark-pipeline/airflow_venv/lib/python3.11/site-packages/airflow/example_dags/example_bash_operator.py
[2026-03-18T07:12:07.798+0000] {logging_mixin.py:190} INFO - [2026-03-18T07:12:07.798+0000] {dag.py:3239} INFO - Sync 1 DAGs
[2026-03-18T07:12:07.814+0000] {logging_mixin.py:190} INFO - [2026-03-18T07:12:07.814+0000] {dag.py:4180} INFO - Setting next_dagrun for example_bash_operator to 2026-03-17 00:00:00+00:00, run_after=2026-03-18 00:00:00+00:00
[2026-03-18T07:12:07.847+0000] {processor.py:208} INFO - Processing /home/komal/data-engineering-projects/airflow-spark-pipeline/airflow_venv/lib/python3.11/site-packages/airflow/example_dags/example_bash_operator.py took 0.085 seconds
[2026-03-18T07:13:13.331+0000] {processor.py:186} INFO - Started process (PID=31479) to work on /home/komal/data-engineering-projects/airflow-spark-pipeline/airflow_venv/lib/python3.11/site-packages/airflow/example_dags/example_bash_operator.py
[2026-03-18T07:13:13.334+0000] {processor.py:914} INFO - Processing file /home/komal/data-engineering-projects/airflow-spark-pipeline/airflow_venv/lib/python3.11/site-packages/airflow/example_dags/example_bash_operator.py for tasks to queue
[2026-03-18T07:13:13.336+0000] {logging_mixin.py:190} INFO - [2026-03-18T07:13:13.335+0000] {dagbag.py:588} INFO - Filling up the DagBag from /home/komal/data-engineering-projects/airflow-spark-pipeline/airflow_venv/lib/python3.11/site-packages/airflow/example_dags/example_bash_operator.py
[2026-03-18T07:13:13.354+0000] {processor.py:925} INFO - DAG(s) 'example_bash_operator' retrieved from /home/komal/data-engineering-projects/airflow-spark-pipeline/airflow_venv/lib/python3.11/site-packages/airflow/example_dags/example_bash_operator.py
[2026-03-18T07:13:13.381+0000] {logging_mixin.py:190} INFO - [2026-03-18T07:13:13.380+0000] {dag.py:3239} INFO - Sync 1 DAGs
[2026-03-18T07:13:13.396+0000] {logging_mixin.py:190} INFO - [2026-03-18T07:13:13.396+0000] {dag.py:4180} INFO - Setting next_dagrun for example_bash_operator to 2026-03-17 00:00:00+00:00, run_after=2026-03-18 00:00:00+00:00
[2026-03-18T07:13:13.419+0000] {processor.py:208} INFO - Processing /home/komal/data-engineering-projects/airflow-spark-pipeline/airflow_venv/lib/python3.11/site-packages/airflow/example_dags/example_bash_operator.py took 0.102 seconds
[2026-03-18T07:14:22.972+0000] {processor.py:186} INFO - Started process (PID=31545) to work on /home/komal/data-engineering-projects/airflow-spark-pipeline/airflow_venv/lib/python3.11/site-packages/airflow/example_dags/example_bash_operator.py
[2026-03-18T07:14:22.975+0000] {processor.py:914} INFO - Processing file /home/komal/data-engineering-projects/airflow-spark-pipeline/airflow_venv/lib/python3.11/site-packages/airflow/example_dags/example_bash_operator.py for tasks to queue
[2026-03-18T07:14:22.977+0000] {logging_mixin.py:190} INFO - [2026-03-18T07:14:22.977+0000] {dagbag.py:588} INFO - Filling up the DagBag from /home/komal/data-engineering-projects/airflow-spark-pipeline/airflow_venv/lib/python3.11/site-packages/airflow/example_dags/example_bash_operator.py
[2026-03-18T07:14:22.998+0000] {processor.py:925} INFO - DAG(s) 'example_bash_operator' retrieved from /home/komal/data-engineering-projects/airflow-spark-pipeline/airflow_venv/lib/python3.11/site-packages/airflow/example_dags/example_bash_operator.py
[2026-03-18T07:14:23.025+0000] {logging_mixin.py:190} INFO - [2026-03-18T07:14:23.024+0000] {dag.py:3239} INFO - Sync 1 DAGs
[2026-03-18T07:14:23.049+0000] {logging_mixin.py:190} INFO - [2026-03-18T07:14:23.048+0000] {dag.py:4180} INFO - Setting next_dagrun for example_bash_operator to 2026-03-17 00:00:00+00:00, run_after=2026-03-18 00:00:00+00:00
[2026-03-18T07:14:23.083+0000] {processor.py:208} INFO - Processing /home/komal/data-engineering-projects/airflow-spark-pipeline/airflow_venv/lib/python3.11/site-packages/airflow/example_dags/example_bash_operator.py took 0.119 seconds
[2026-03-18T07:15:30.477+0000] {processor.py:186} INFO - Started process (PID=31612) to work on /home/komal/data-engineering-projects/airflow-spark-pipeline/airflow_venv/lib/python3.11/site-packages/airflow/example_dags/example_bash_operator.py
[2026-03-18T07:15:30.509+0000] {processor.py:914} INFO - Processing file /home/komal/data-engineering-projects/airflow-spark-pipeline/airflow_venv/lib/python3.11/site-packages/airflow/example_dags/example_bash_operator.py for tasks to queue
[2026-03-18T07:15:30.512+0000] {logging_mixin.py:190} INFO - [2026-03-18T07:15:30.511+0000] {dagbag.py:588} INFO - Filling up the DagBag from /home/komal/data-engineering-projects/airflow-spark-pipeline/airflow_venv/lib/python3.11/site-packages/airflow/example_dags/example_bash_operator.py
[2026-03-18T07:15:30.528+0000] {processor.py:925} INFO - DAG(s) 'example_bash_operator' retrieved from /home/komal/data-engineering-projects/airflow-spark-pipeline/airflow_venv/lib/python3.11/site-packages/airflow/example_dags/example_bash_operator.py
[2026-03-18T07:15:30.545+0000] {logging_mixin.py:190} INFO - [2026-03-18T07:15:30.545+0000] {dag.py:3239} INFO - Sync 1 DAGs
[2026-03-18T07:15:30.562+0000] {logging_mixin.py:190} INFO - [2026-03-18T07:15:30.562+0000] {dag.py:4180} INFO - Setting next_dagrun for example_bash_operator to 2026-03-17 00:00:00+00:00, run_after=2026-03-18 00:00:00+00:00
[2026-03-18T07:15:30.582+0000] {processor.py:208} INFO - Processing /home/komal/data-engineering-projects/airflow-spark-pipeline/airflow_venv/lib/python3.11/site-packages/airflow/example_dags/example_bash_operator.py took 0.114 seconds
[2026-03-18T07:16:35.885+0000] {processor.py:186} INFO - Started process (PID=31679) to work on /home/komal/data-engineering-projects/airflow-spark-pipeline/airflow_venv/lib/python3.11/site-packages/airflow/example_dags/example_bash_operator.py
[2026-03-18T07:16:35.889+0000] {processor.py:914} INFO - Processing file /home/komal/data-engineering-projects/airflow-spark-pipeline/airflow_venv/lib/python3.11/site-packages/airflow/example_dags/example_bash_operator.py for tasks to queue
[2026-03-18T07:16:35.891+0000] {logging_mixin.py:190} INFO - [2026-03-18T07:16:35.891+0000] {dagbag.py:588} INFO - Filling up the DagBag from /home/komal/data-engineering-projects/airflow-spark-pipeline/airflow_venv/lib/python3.11/site-packages/airflow/example_dags/example_bash_operator.py
[2026-03-18T07:16:35.918+0000] {processor.py:925} INFO - DAG(s) 'example_bash_operator' retrieved from /home/komal/data-engineering-projects/airflow-spark-pipeline/airflow_venv/lib/python3.11/site-packages/airflow/example_dags/example_bash_operator.py
[2026-03-18T07:16:35.939+0000] {logging_mixin.py:190} INFO - [2026-03-18T07:16:35.939+0000] {dag.py:3239} INFO - Sync 1 DAGs
[2026-03-18T07:16:35.958+0000] {logging_mixin.py:190} INFO - [2026-03-18T07:16:35.958+0000] {dag.py:4180} INFO - Setting next_dagrun for example_bash_operator to 2026-03-17 00:00:00+00:00, run_after=2026-03-18 00:00:00+00:00
[2026-03-18T07:16:35.987+0000] {processor.py:208} INFO - Processing /home/komal/data-engineering-projects/airflow-spark-pipeline/airflow_venv/lib/python3.11/site-packages/airflow/example_dags/example_bash_operator.py took 0.110 seconds
[2026-03-18T07:17:41.403+0000] {processor.py:186} INFO - Started process (PID=31759) to work on /home/komal/data-engineering-projects/airflow-spark-pipeline/airflow_venv/lib/python3.11/site-packages/airflow/example_dags/example_bash_operator.py
[2026-03-18T07:17:41.405+0000] {processor.py:914} INFO - Processing file /home/komal/data-engineering-projects/airflow-spark-pipeline/airflow_venv/lib/python3.11/site-packages/airflow/example_dags/example_bash_operator.py for tasks to queue
[2026-03-18T07:17:41.408+0000] {logging_mixin.py:190} INFO - [2026-03-18T07:17:41.407+0000] {dagbag.py:588} INFO - Filling up the DagBag from /home/komal/data-engineering-projects/airflow-spark-pipeline/airflow_venv/lib/python3.11/site-packages/airflow/example_dags/example_bash_operator.py
[2026-03-18T07:17:41.427+0000] {processor.py:925} INFO - DAG(s) 'example_bash_operator' retrieved from /home/komal/data-engineering-projects/airflow-spark-pipeline/airflow_venv/lib/python3.11/site-packages/airflow/example_dags/example_bash_operator.py
[2026-03-18T07:17:41.461+0000] {logging_mixin.py:190} INFO - [2026-03-18T07:17:41.461+0000] {dag.py:3239} INFO - Sync 1 DAGs
[2026-03-18T07:17:41.483+0000] {logging_mixin.py:190} INFO - [2026-03-18T07:17:41.482+0000] {dag.py:4180} INFO - Setting next_dagrun for example_bash_operator to 2026-03-17 00:00:00+00:00, run_after=2026-03-18 00:00:00+00:00
[2026-03-18T07:17:41.513+0000] {processor.py:208} INFO - Processing /home/komal/data-engineering-projects/airflow-spark-pipeline/airflow_venv/lib/python3.11/site-packages/airflow/example_dags/example_bash_operator.py took 0.119 seconds
[2026-03-18T07:18:48.573+0000] {processor.py:186} INFO - Started process (PID=31999) to work on /home/komal/data-engineering-projects/airflow-spark-pipeline/airflow_venv/lib/python3.11/site-packages/airflow/example_dags/example_bash_operator.py
[2026-03-18T07:18:48.606+0000] {processor.py:914} INFO - Processing file /home/komal/data-engineering-projects/airflow-spark-pipeline/airflow_venv/lib/python3.11/site-packages/airflow/example_dags/example_bash_operator.py for tasks to queue
[2026-03-18T07:18:48.608+0000] {logging_mixin.py:190} INFO - [2026-03-18T07:18:48.607+0000] {dagbag.py:588} INFO - Filling up the DagBag from /home/komal/data-engineering-projects/airflow-spark-pipeline/airflow_venv/lib/python3.11/site-packages/airflow/example_dags/example_bash_operator.py
[2026-03-18T07:18:48.627+0000] {processor.py:925} INFO - DAG(s) 'example_bash_operator' retrieved from /home/komal/data-engineering-projects/airflow-spark-pipeline/airflow_venv/lib/python3.11/site-packages/airflow/example_dags/example_bash_operator.py
[2026-03-18T07:18:48.654+0000] {logging_mixin.py:190} INFO - [2026-03-18T07:18:48.654+0000] {dag.py:3239} INFO - Sync 1 DAGs
[2026-03-18T07:18:48.679+0000] {logging_mixin.py:190} INFO - [2026-03-18T07:18:48.679+0000] {dag.py:4180} INFO - Setting next_dagrun for example_bash_operator to 2026-03-17 00:00:00+00:00, run_after=2026-03-18 00:00:00+00:00
[2026-03-18T07:18:48.713+0000] {processor.py:208} INFO - Processing /home/komal/data-engineering-projects/airflow-spark-pipeline/airflow_venv/lib/python3.11/site-packages/airflow/example_dags/example_bash_operator.py took 0.149 seconds
[2026-03-18T07:20:02.656+0000] {processor.py:186} INFO - Started process (PID=32072) to work on /home/komal/data-engineering-projects/airflow-spark-pipeline/airflow_venv/lib/python3.11/site-packages/airflow/example_dags/example_bash_operator.py
[2026-03-18T07:20:02.661+0000] {processor.py:914} INFO - Processing file /home/komal/data-engineering-projects/airflow-spark-pipeline/airflow_venv/lib/python3.11/site-packages/airflow/example_dags/example_bash_operator.py for tasks to queue
[2026-03-18T07:20:02.663+0000] {logging_mixin.py:190} INFO - [2026-03-18T07:20:02.662+0000] {dagbag.py:588} INFO - Filling up the DagBag from /home/komal/data-engineering-projects/airflow-spark-pipeline/airflow_venv/lib/python3.11/site-packages/airflow/example_dags/example_bash_operator.py
[2026-03-18T07:20:02.680+0000] {processor.py:925} INFO - DAG(s) 'example_bash_operator' retrieved from /home/komal/data-engineering-projects/airflow-spark-pipeline/airflow_venv/lib/python3.11/site-packages/airflow/example_dags/example_bash_operator.py
[2026-03-18T07:20:02.710+0000] {logging_mixin.py:190} INFO - [2026-03-18T07:20:02.709+0000] {dag.py:3239} INFO - Sync 1 DAGs
[2026-03-18T07:20:02.737+0000] {logging_mixin.py:190} INFO - [2026-03-18T07:20:02.736+0000] {dag.py:4180} INFO - Setting next_dagrun for example_bash_operator to 2026-03-17 00:00:00+00:00, run_after=2026-03-18 00:00:00+00:00
[2026-03-18T07:20:02.788+0000] {processor.py:208} INFO - Processing /home/komal/data-engineering-projects/airflow-spark-pipeline/airflow_venv/lib/python3.11/site-packages/airflow/example_dags/example_bash_operator.py took 0.140 seconds
[2026-03-18T07:21:20.780+0000] {processor.py:186} INFO - Started process (PID=32143) to work on /home/komal/data-engineering-projects/airflow-spark-pipeline/airflow_venv/lib/python3.11/site-packages/airflow/example_dags/example_bash_operator.py
[2026-03-18T07:21:20.812+0000] {processor.py:914} INFO - Processing file /home/komal/data-engineering-projects/airflow-spark-pipeline/airflow_venv/lib/python3.11/site-packages/airflow/example_dags/example_bash_operator.py for tasks to queue
[2026-03-18T07:21:20.815+0000] {logging_mixin.py:190} INFO - [2026-03-18T07:21:20.814+0000] {dagbag.py:588} INFO - Filling up the DagBag from /home/komal/data-engineering-projects/airflow-spark-pipeline/airflow_venv/lib/python3.11/site-packages/airflow/example_dags/example_bash_operator.py
[2026-03-18T07:21:20.841+0000] {processor.py:925} INFO - DAG(s) 'example_bash_operator' retrieved from /home/komal/data-engineering-projects/airflow-spark-pipeline/airflow_venv/lib/python3.11/site-packages/airflow/example_dags/example_bash_operator.py
[2026-03-18T07:21:20.873+0000] {logging_mixin.py:190} INFO - [2026-03-18T07:21:20.873+0000] {dag.py:3239} INFO - Sync 1 DAGs
[2026-03-18T07:21:20.901+0000] {logging_mixin.py:190} INFO - [2026-03-18T07:21:20.900+0000] {dag.py:4180} INFO - Setting next_dagrun for example_bash_operator to 2026-03-17 00:00:00+00:00, run_after=2026-03-18 00:00:00+00:00
[2026-03-18T07:21:20.938+0000] {processor.py:208} INFO - Processing /home/komal/data-engineering-projects/airflow-spark-pipeline/airflow_venv/lib/python3.11/site-packages/airflow/example_dags/example_bash_operator.py took 0.170 seconds
[2026-03-18T07:22:37.659+0000] {processor.py:186} INFO - Started process (PID=32264) to work on /home/komal/data-engineering-projects/airflow-spark-pipeline/airflow_venv/lib/python3.11/site-packages/airflow/example_dags/example_bash_operator.py
[2026-03-18T07:22:37.692+0000] {processor.py:914} INFO - Processing file /home/komal/data-engineering-projects/airflow-spark-pipeline/airflow_venv/lib/python3.11/site-packages/airflow/example_dags/example_bash_operator.py for tasks to queue
[2026-03-18T07:22:37.694+0000] {logging_mixin.py:190} INFO - [2026-03-18T07:22:37.694+0000] {dagbag.py:588} INFO - Filling up the DagBag from /home/komal/data-engineering-projects/airflow-spark-pipeline/airflow_venv/lib/python3.11/site-packages/airflow/example_dags/example_bash_operator.py
[2026-03-18T07:22:37.725+0000] {processor.py:925} INFO - DAG(s) 'example_bash_operator' retrieved from /home/komal/data-engineering-projects/airflow-spark-pipeline/airflow_venv/lib/python3.11/site-packages/airflow/example_dags/example_bash_operator.py
[2026-03-18T07:22:37.764+0000] {logging_mixin.py:190} INFO - [2026-03-18T07:22:37.763+0000] {dag.py:3239} INFO - Sync 1 DAGs
[2026-03-18T07:22:37.810+0000] {logging_mixin.py:190} INFO - [2026-03-18T07:22:37.810+0000] {dag.py:4180} INFO - Setting next_dagrun for example_bash_operator to 2026-03-17 00:00:00+00:00, run_after=2026-03-18 00:00:00+00:00
[2026-03-18T07:22:37.877+0000] {processor.py:208} INFO - Processing /home/komal/data-engineering-projects/airflow-spark-pipeline/airflow_venv/lib/python3.11/site-packages/airflow/example_dags/example_bash_operator.py took 0.231 seconds
[2026-03-18T07:23:52.497+0000] {processor.py:186} INFO - Started process (PID=32517) to work on /home/komal/data-engineering-projects/airflow-spark-pipeline/airflow_venv/lib/python3.11/site-packages/airflow/example_dags/example_bash_operator.py
[2026-03-18T07:23:52.529+0000] {processor.py:914} INFO - Processing file /home/komal/data-engineering-projects/airflow-spark-pipeline/airflow_venv/lib/python3.11/site-packages/airflow/example_dags/example_bash_operator.py for tasks to queue
[2026-03-18T07:23:52.531+0000] {logging_mixin.py:190} INFO - [2026-03-18T07:23:52.531+0000] {dagbag.py:588} INFO - Filling up the DagBag from /home/komal/data-engineering-projects/airflow-spark-pipeline/airflow_venv/lib/python3.11/site-packages/airflow/example_dags/example_bash_operator.py
[2026-03-18T07:23:52.550+0000] {processor.py:925} INFO - DAG(s) 'example_bash_operator' retrieved from /home/komal/data-engineering-projects/airflow-spark-pipeline/airflow_venv/lib/python3.11/site-packages/airflow/example_dags/example_bash_operator.py
[2026-03-18T07:23:52.578+0000] {logging_mixin.py:190} INFO - [2026-03-18T07:23:52.578+0000] {dag.py:3239} INFO - Sync 1 DAGs
[2026-03-18T07:23:52.608+0000] {logging_mixin.py:190} INFO - [2026-03-18T07:23:52.607+0000] {dag.py:4180} INFO - Setting next_dagrun for example_bash_operator to 2026-03-17 00:00:00+00:00, run_after=2026-03-18 00:00:00+00:00
[2026-03-18T07:23:52.642+0000] {processor.py:208} INFO - Processing /home/komal/data-engineering-projects/airflow-spark-pipeline/airflow_venv/lib/python3.11/site-packages/airflow/example_dags/example_bash_operator.py took 0.153 seconds
[2026-03-18T07:25:02.927+0000] {processor.py:186} INFO - Started process (PID=32586) to work on /home/komal/data-engineering-projects/airflow-spark-pipeline/airflow_venv/lib/python3.11/site-packages/airflow/example_dags/example_bash_operator.py
[2026-03-18T07:25:02.960+0000] {processor.py:914} INFO - Processing file /home/komal/data-engineering-projects/airflow-spark-pipeline/airflow_venv/lib/python3.11/site-packages/airflow/example_dags/example_bash_operator.py for tasks to queue
[2026-03-18T07:25:02.962+0000] {logging_mixin.py:190} INFO - [2026-03-18T07:25:02.962+0000] {dagbag.py:588} INFO - Filling up the DagBag from /home/komal/data-engineering-projects/airflow-spark-pipeline/airflow_venv/lib/python3.11/site-packages/airflow/example_dags/example_bash_operator.py
[2026-03-18T07:25:02.985+0000] {processor.py:925} INFO - DAG(s) 'example_bash_operator' retrieved from /home/komal/data-engineering-projects/airflow-spark-pipeline/airflow_venv/lib/python3.11/site-packages/airflow/example_dags/example_bash_operator.py
[2026-03-18T07:25:03.019+0000] {logging_mixin.py:190} INFO - [2026-03-18T07:25:03.019+0000] {dag.py:3239} INFO - Sync 1 DAGs
[2026-03-18T07:25:03.046+0000] {logging_mixin.py:190} INFO - [2026-03-18T07:25:03.046+0000] {dag.py:4180} INFO - Setting next_dagrun for example_bash_operator to 2026-03-17 00:00:00+00:00, run_after=2026-03-18 00:00:00+00:00
[2026-03-18T07:25:03.089+0000] {processor.py:208} INFO - Processing /home/komal/data-engineering-projects/airflow-spark-pipeline/airflow_venv/lib/python3.11/site-packages/airflow/example_dags/example_bash_operator.py took 0.171 seconds
[2026-03-18T07:27:10.897+0000] {processor.py:186} INFO - Started process (PID=32708) to work on /home/komal/data-engineering-projects/airflow-spark-pipeline/airflow_venv/lib/python3.11/site-packages/airflow/example_dags/example_bash_operator.py
[2026-03-18T07:27:10.930+0000] {processor.py:914} INFO - Processing file /home/komal/data-engineering-projects/airflow-spark-pipeline/airflow_venv/lib/python3.11/site-packages/airflow/example_dags/example_bash_operator.py for tasks to queue
[2026-03-18T07:27:10.933+0000] {logging_mixin.py:190} INFO - [2026-03-18T07:27:10.932+0000] {dagbag.py:588} INFO - Filling up the DagBag from /home/komal/data-engineering-projects/airflow-spark-pipeline/airflow_venv/lib/python3.11/site-packages/airflow/example_dags/example_bash_operator.py
[2026-03-18T07:27:10.949+0000] {processor.py:925} INFO - DAG(s) 'example_bash_operator' retrieved from /home/komal/data-engineering-projects/airflow-spark-pipeline/airflow_venv/lib/python3.11/site-packages/airflow/example_dags/example_bash_operator.py
[2026-03-18T07:27:10.974+0000] {logging_mixin.py:190} INFO - [2026-03-18T07:27:10.974+0000] {dag.py:3239} INFO - Sync 1 DAGs
[2026-03-18T07:27:11.003+0000] {logging_mixin.py:190} INFO - [2026-03-18T07:27:11.002+0000] {dag.py:4180} INFO - Setting next_dagrun for example_bash_operator to 2026-03-17 00:00:00+00:00, run_after=2026-03-18 00:00:00+00:00
[2026-03-18T07:27:11.035+0000] {processor.py:208} INFO - Processing /home/komal/data-engineering-projects/airflow-spark-pipeline/airflow_venv/lib/python3.11/site-packages/airflow/example_dags/example_bash_operator.py took 0.144 seconds
[2026-03-18T07:28:23.911+0000] {processor.py:186} INFO - Started process (PID=32776) to work on /home/komal/data-engineering-projects/airflow-spark-pipeline/airflow_venv/lib/python3.11/site-packages/airflow/example_dags/example_bash_operator.py
[2026-03-18T07:28:23.944+0000] {processor.py:914} INFO - Processing file /home/komal/data-engineering-projects/airflow-spark-pipeline/airflow_venv/lib/python3.11/site-packages/airflow/example_dags/example_bash_operator.py for tasks to queue
[2026-03-18T07:28:23.949+0000] {logging_mixin.py:190} INFO - [2026-03-18T07:28:23.948+0000] {dagbag.py:588} INFO - Filling up the DagBag from /home/komal/data-engineering-projects/airflow-spark-pipeline/airflow_venv/lib/python3.11/site-packages/airflow/example_dags/example_bash_operator.py
[2026-03-18T07:28:23.975+0000] {processor.py:925} INFO - DAG(s) 'example_bash_operator' retrieved from /home/komal/data-engineering-projects/airflow-spark-pipeline/airflow_venv/lib/python3.11/site-packages/airflow/example_dags/example_bash_operator.py
[2026-03-18T07:28:24.012+0000] {logging_mixin.py:190} INFO - [2026-03-18T07:28:24.012+0000] {dag.py:3239} INFO - Sync 1 DAGs
[2026-03-18T07:28:24.045+0000] {logging_mixin.py:190} INFO - [2026-03-18T07:28:24.043+0000] {dag.py:4180} INFO - Setting next_dagrun for example_bash_operator to 2026-03-17 00:00:00+00:00, run_after=2026-03-18 00:00:00+00:00
[2026-03-18T07:28:24.145+0000] {processor.py:208} INFO - Processing /home/komal/data-engineering-projects/airflow-spark-pipeline/airflow_venv/lib/python3.11/site-packages/airflow/example_dags/example_bash_operator.py took 0.244 seconds
[2026-03-18T07:30:44.712+0000] {processor.py:186} INFO - Started process (PID=32987) to work on /home/komal/data-engineering-projects/airflow-spark-pipeline/airflow_venv/lib/python3.11/site-packages/airflow/example_dags/example_bash_operator.py
[2026-03-18T07:30:44.745+0000] {processor.py:914} INFO - Processing file /home/komal/data-engineering-projects/airflow-spark-pipeline/airflow_venv/lib/python3.11/site-packages/airflow/example_dags/example_bash_operator.py for tasks to queue
[2026-03-18T07:30:44.749+0000] {logging_mixin.py:190} INFO - [2026-03-18T07:30:44.748+0000] {dagbag.py:588} INFO - Filling up the DagBag from /home/komal/data-engineering-projects/airflow-spark-pipeline/airflow_venv/lib/python3.11/site-packages/airflow/example_dags/example_bash_operator.py
[2026-03-18T07:30:44.770+0000] {processor.py:925} INFO - DAG(s) 'example_bash_operator' retrieved from /home/komal/data-engineering-projects/airflow-spark-pipeline/airflow_venv/lib/python3.11/site-packages/airflow/example_dags/example_bash_operator.py
[2026-03-18T07:30:44.795+0000] {logging_mixin.py:190} INFO - [2026-03-18T07:30:44.794+0000] {dag.py:3239} INFO - Sync 1 DAGs
[2026-03-18T07:30:44.816+0000] {logging_mixin.py:190} INFO - [2026-03-18T07:30:44.816+0000] {dag.py:4180} INFO - Setting next_dagrun for example_bash_operator to 2026-03-17 00:00:00+00:00, run_after=2026-03-18 00:00:00+00:00
[2026-03-18T07:30:44.847+0000] {processor.py:208} INFO - Processing /home/komal/data-engineering-projects/airflow-spark-pipeline/airflow_venv/lib/python3.11/site-packages/airflow/example_dags/example_bash_operator.py took 0.146 seconds
[2026-03-18T07:32:05.996+0000] {processor.py:186} INFO - Started process (PID=33066) to work on /home/komal/data-engineering-projects/airflow-spark-pipeline/airflow_venv/lib/python3.11/site-packages/airflow/example_dags/example_bash_operator.py
[2026-03-18T07:32:06.028+0000] {processor.py:914} INFO - Processing file /home/komal/data-engineering-projects/airflow-spark-pipeline/airflow_venv/lib/python3.11/site-packages/airflow/example_dags/example_bash_operator.py for tasks to queue
[2026-03-18T07:32:06.031+0000] {logging_mixin.py:190} INFO - [2026-03-18T07:32:06.030+0000] {dagbag.py:588} INFO - Filling up the DagBag from /home/komal/data-engineering-projects/airflow-spark-pipeline/airflow_venv/lib/python3.11/site-packages/airflow/example_dags/example_bash_operator.py
[2026-03-18T07:32:06.050+0000] {processor.py:925} INFO - DAG(s) 'example_bash_operator' retrieved from /home/komal/data-engineering-projects/airflow-spark-pipeline/airflow_venv/lib/python3.11/site-packages/airflow/example_dags/example_bash_operator.py
[2026-03-18T07:32:06.087+0000] {logging_mixin.py:190} INFO - [2026-03-18T07:32:06.086+0000] {dag.py:3239} INFO - Sync 1 DAGs
[2026-03-18T07:32:06.115+0000] {logging_mixin.py:190} INFO - [2026-03-18T07:32:06.115+0000] {dag.py:4180} INFO - Setting next_dagrun for example_bash_operator to 2026-03-17 00:00:00+00:00, run_after=2026-03-18 00:00:00+00:00
[2026-03-18T07:32:06.162+0000] {processor.py:208} INFO - Processing /home/komal/data-engineering-projects/airflow-spark-pipeline/airflow_venv/lib/python3.11/site-packages/airflow/example_dags/example_bash_operator.py took 0.175 seconds
[2026-03-18T07:33:25.376+0000] {processor.py:186} INFO - Started process (PID=33137) to work on /home/komal/data-engineering-projects/airflow-spark-pipeline/airflow_venv/lib/python3.11/site-packages/airflow/example_dags/example_bash_operator.py
[2026-03-18T07:33:25.381+0000] {processor.py:914} INFO - Processing file /home/komal/data-engineering-projects/airflow-spark-pipeline/airflow_venv/lib/python3.11/site-packages/airflow/example_dags/example_bash_operator.py for tasks to queue
[2026-03-18T07:33:25.385+0000] {logging_mixin.py:190} INFO - [2026-03-18T07:33:25.384+0000] {dagbag.py:588} INFO - Filling up the DagBag from /home/komal/data-engineering-projects/airflow-spark-pipeline/airflow_venv/lib/python3.11/site-packages/airflow/example_dags/example_bash_operator.py
[2026-03-18T07:33:25.408+0000] {processor.py:925} INFO - DAG(s) 'example_bash_operator' retrieved from /home/komal/data-engineering-projects/airflow-spark-pipeline/airflow_venv/lib/python3.11/site-packages/airflow/example_dags/example_bash_operator.py
[2026-03-18T07:33:25.444+0000] {logging_mixin.py:190} INFO - [2026-03-18T07:33:25.443+0000] {dag.py:3239} INFO - Sync 1 DAGs
[2026-03-18T07:33:25.471+0000] {logging_mixin.py:190} INFO - [2026-03-18T07:33:25.471+0000] {dag.py:4180} INFO - Setting next_dagrun for example_bash_operator to 2026-03-17 00:00:00+00:00, run_after=2026-03-18 00:00:00+00:00
[2026-03-18T07:33:25.524+0000] {processor.py:208} INFO - Processing /home/komal/data-engineering-projects/airflow-spark-pipeline/airflow_venv/lib/python3.11/site-packages/airflow/example_dags/example_bash_operator.py took 0.159 seconds
[2026-03-18T07:35:18.742+0000] {processor.py:186} INFO - Started process (PID=33301) to work on /home/komal/data-engineering-projects/airflow-spark-pipeline/airflow_venv/lib/python3.11/site-packages/airflow/example_dags/example_bash_operator.py
[2026-03-18T07:35:18.747+0000] {processor.py:914} INFO - Processing file /home/komal/data-engineering-projects/airflow-spark-pipeline/airflow_venv/lib/python3.11/site-packages/airflow/example_dags/example_bash_operator.py for tasks to queue
[2026-03-18T07:35:18.749+0000] {logging_mixin.py:190} INFO - [2026-03-18T07:35:18.749+0000] {dagbag.py:588} INFO - Filling up the DagBag from /home/komal/data-engineering-projects/airflow-spark-pipeline/airflow_venv/lib/python3.11/site-packages/airflow/example_dags/example_bash_operator.py
[2026-03-18T07:35:18.769+0000] {processor.py:925} INFO - DAG(s) 'example_bash_operator' retrieved from /home/komal/data-engineering-projects/airflow-spark-pipeline/airflow_venv/lib/python3.11/site-packages/airflow/example_dags/example_bash_operator.py
[2026-03-18T07:35:18.794+0000] {logging_mixin.py:190} INFO - [2026-03-18T07:35:18.794+0000] {dag.py:3239} INFO - Sync 1 DAGs
[2026-03-18T07:35:18.819+0000] {logging_mixin.py:190} INFO - [2026-03-18T07:35:18.819+0000] {dag.py:4180} INFO - Setting next_dagrun for example_bash_operator to 2026-03-17 00:00:00+00:00, run_after=2026-03-18 00:00:00+00:00
[2026-03-18T07:35:18.864+0000] {processor.py:208} INFO - Processing /home/komal/data-engineering-projects/airflow-spark-pipeline/airflow_venv/lib/python3.11/site-packages/airflow/example_dags/example_bash_operator.py took 0.129 seconds
[2026-03-18T07:36:28.226+0000] {processor.py:186} INFO - Started process (PID=33367) to work on /home/komal/data-engineering-projects/airflow-spark-pipeline/airflow_venv/lib/python3.11/site-packages/airflow/example_dags/example_bash_operator.py
[2026-03-18T07:36:28.259+0000] {processor.py:914} INFO - Processing file /home/komal/data-engineering-projects/airflow-spark-pipeline/airflow_venv/lib/python3.11/site-packages/airflow/example_dags/example_bash_operator.py for tasks to queue
[2026-03-18T07:36:28.262+0000] {logging_mixin.py:190} INFO - [2026-03-18T07:36:28.261+0000] {dagbag.py:588} INFO - Filling up the DagBag from /home/komal/data-engineering-projects/airflow-spark-pipeline/airflow_venv/lib/python3.11/site-packages/airflow/example_dags/example_bash_operator.py
[2026-03-18T07:36:28.278+0000] {processor.py:925} INFO - DAG(s) 'example_bash_operator' retrieved from /home/komal/data-engineering-projects/airflow-spark-pipeline/airflow_venv/lib/python3.11/site-packages/airflow/example_dags/example_bash_operator.py
[2026-03-18T07:36:28.303+0000] {logging_mixin.py:190} INFO - [2026-03-18T07:36:28.302+0000] {dag.py:3239} INFO - Sync 1 DAGs
[2026-03-18T07:36:28.326+0000] {logging_mixin.py:190} INFO - [2026-03-18T07:36:28.326+0000] {dag.py:4180} INFO - Setting next_dagrun for example_bash_operator to 2026-03-17 00:00:00+00:00, run_after=2026-03-18 00:00:00+00:00
[2026-03-18T07:36:28.357+0000] {processor.py:208} INFO - Processing /home/komal/data-engineering-projects/airflow-spark-pipeline/airflow_venv/lib/python3.11/site-packages/airflow/example_dags/example_bash_operator.py took 0.139 seconds
[2026-03-18T07:37:42.410+0000] {processor.py:186} INFO - Started process (PID=33436) to work on /home/komal/data-engineering-projects/airflow-spark-pipeline/airflow_venv/lib/python3.11/site-packages/airflow/example_dags/example_bash_operator.py
[2026-03-18T07:37:42.443+0000] {processor.py:914} INFO - Processing file /home/komal/data-engineering-projects/airflow-spark-pipeline/airflow_venv/lib/python3.11/site-packages/airflow/example_dags/example_bash_operator.py for tasks to queue
[2026-03-18T07:37:42.448+0000] {logging_mixin.py:190} INFO - [2026-03-18T07:37:42.447+0000] {dagbag.py:588} INFO - Filling up the DagBag from /home/komal/data-engineering-projects/airflow-spark-pipeline/airflow_venv/lib/python3.11/site-packages/airflow/example_dags/example_bash_operator.py
[2026-03-18T07:37:42.470+0000] {processor.py:925} INFO - DAG(s) 'example_bash_operator' retrieved from /home/komal/data-engineering-projects/airflow-spark-pipeline/airflow_venv/lib/python3.11/site-packages/airflow/example_dags/example_bash_operator.py
[2026-03-18T07:37:42.507+0000] {logging_mixin.py:190} INFO - [2026-03-18T07:37:42.506+0000] {dag.py:3239} INFO - Sync 1 DAGs
[2026-03-18T07:37:42.539+0000] {logging_mixin.py:190} INFO - [2026-03-18T07:37:42.539+0000] {dag.py:4180} INFO - Setting next_dagrun for example_bash_operator to 2026-03-17 00:00:00+00:00, run_after=2026-03-18 00:00:00+00:00
[2026-03-18T07:37:42.572+0000] {processor.py:208} INFO - Processing /home/komal/data-engineering-projects/airflow-spark-pipeline/airflow_venv/lib/python3.11/site-packages/airflow/example_dags/example_bash_operator.py took 0.171 seconds
[2026-03-18T07:39:01.916+0000] {processor.py:186} INFO - Started process (PID=33580) to work on /home/komal/data-engineering-projects/airflow-spark-pipeline/airflow_venv/lib/python3.11/site-packages/airflow/example_dags/example_bash_operator.py
[2026-03-18T07:39:01.922+0000] {processor.py:914} INFO - Processing file /home/komal/data-engineering-projects/airflow-spark-pipeline/airflow_venv/lib/python3.11/site-packages/airflow/example_dags/example_bash_operator.py for tasks to queue
[2026-03-18T07:39:01.926+0000] {logging_mixin.py:190} INFO - [2026-03-18T07:39:01.926+0000] {dagbag.py:588} INFO - Filling up the DagBag from /home/komal/data-engineering-projects/airflow-spark-pipeline/airflow_venv/lib/python3.11/site-packages/airflow/example_dags/example_bash_operator.py
[2026-03-18T07:39:01.951+0000] {processor.py:925} INFO - DAG(s) 'example_bash_operator' retrieved from /home/komal/data-engineering-projects/airflow-spark-pipeline/airflow_venv/lib/python3.11/site-packages/airflow/example_dags/example_bash_operator.py
[2026-03-18T07:39:01.993+0000] {logging_mixin.py:190} INFO - [2026-03-18T07:39:01.992+0000] {dag.py:3239} INFO - Sync 1 DAGs
[2026-03-18T07:39:02.035+0000] {logging_mixin.py:190} INFO - [2026-03-18T07:39:02.035+0000] {dag.py:4180} INFO - Setting next_dagrun for example_bash_operator to 2026-03-17 00:00:00+00:00, run_after=2026-03-18 00:00:00+00:00
[2026-03-18T07:39:02.075+0000] {processor.py:208} INFO - Processing /home/komal/data-engineering-projects/airflow-spark-pipeline/airflow_venv/lib/python3.11/site-packages/airflow/example_dags/example_bash_operator.py took 0.169 seconds
[2026-03-18T07:40:12.128+0000] {processor.py:186} INFO - Started process (PID=33650) to work on /home/komal/data-engineering-projects/airflow-spark-pipeline/airflow_venv/lib/python3.11/site-packages/airflow/example_dags/example_bash_operator.py
[2026-03-18T07:40:12.162+0000] {processor.py:914} INFO - Processing file /home/komal/data-engineering-projects/airflow-spark-pipeline/airflow_venv/lib/python3.11/site-packages/airflow/example_dags/example_bash_operator.py for tasks to queue
[2026-03-18T07:40:12.167+0000] {logging_mixin.py:190} INFO - [2026-03-18T07:40:12.167+0000] {dagbag.py:588} INFO - Filling up the DagBag from /home/komal/data-engineering-projects/airflow-spark-pipeline/airflow_venv/lib/python3.11/site-packages/airflow/example_dags/example_bash_operator.py
[2026-03-18T07:40:12.196+0000] {processor.py:925} INFO - DAG(s) 'example_bash_operator' retrieved from /home/komal/data-engineering-projects/airflow-spark-pipeline/airflow_venv/lib/python3.11/site-packages/airflow/example_dags/example_bash_operator.py
[2026-03-18T07:40:12.233+0000] {logging_mixin.py:190} INFO - [2026-03-18T07:40:12.233+0000] {dag.py:3239} INFO - Sync 1 DAGs
[2026-03-18T07:40:12.263+0000] {logging_mixin.py:190} INFO - [2026-03-18T07:40:12.263+0000] {dag.py:4180} INFO - Setting next_dagrun for example_bash_operator to 2026-03-17 00:00:00+00:00, run_after=2026-03-18 00:00:00+00:00
[2026-03-18T07:40:12.304+0000] {processor.py:208} INFO - Processing /home/komal/data-engineering-projects/airflow-spark-pipeline/airflow_venv/lib/python3.11/site-packages/airflow/example_dags/example_bash_operator.py took 0.189 seconds
[2026-03-18T07:41:25.866+0000] {processor.py:186} INFO - Started process (PID=33718) to work on /home/komal/data-engineering-projects/airflow-spark-pipeline/airflow_venv/lib/python3.11/site-packages/airflow/example_dags/example_bash_operator.py
[2026-03-18T07:41:25.899+0000] {processor.py:914} INFO - Processing file /home/komal/data-engineering-projects/airflow-spark-pipeline/airflow_venv/lib/python3.11/site-packages/airflow/example_dags/example_bash_operator.py for tasks to queue
[2026-03-18T07:41:25.903+0000] {logging_mixin.py:190} INFO - [2026-03-18T07:41:25.902+0000] {dagbag.py:588} INFO - Filling up the DagBag from /home/komal/data-engineering-projects/airflow-spark-pipeline/airflow_venv/lib/python3.11/site-packages/airflow/example_dags/example_bash_operator.py
[2026-03-18T07:41:25.925+0000] {processor.py:925} INFO - DAG(s) 'example_bash_operator' retrieved from /home/komal/data-engineering-projects/airflow-spark-pipeline/airflow_venv/lib/python3.11/site-packages/airflow/example_dags/example_bash_operator.py
[2026-03-18T07:41:25.950+0000] {logging_mixin.py:190} INFO - [2026-03-18T07:41:25.950+0000] {dag.py:3239} INFO - Sync 1 DAGs
[2026-03-18T07:41:25.977+0000] {logging_mixin.py:190} INFO - [2026-03-18T07:41:25.976+0000] {dag.py:4180} INFO - Setting next_dagrun for example_bash_operator to 2026-03-17 00:00:00+00:00, run_after=2026-03-18 00:00:00+00:00
[2026-03-18T07:41:26.015+0000] {processor.py:208} INFO - Processing /home/komal/data-engineering-projects/airflow-spark-pipeline/airflow_venv/lib/python3.11/site-packages/airflow/example_dags/example_bash_operator.py took 0.157 seconds
[2026-03-18T07:43:17.789+0000] {processor.py:186} INFO - Started process (PID=33898) to work on /home/komal/data-engineering-projects/airflow-spark-pipeline/airflow_venv/lib/python3.11/site-packages/airflow/example_dags/example_bash_operator.py
[2026-03-18T07:43:17.821+0000] {processor.py:914} INFO - Processing file /home/komal/data-engineering-projects/airflow-spark-pipeline/airflow_venv/lib/python3.11/site-packages/airflow/example_dags/example_bash_operator.py for tasks to queue
[2026-03-18T07:43:17.824+0000] {logging_mixin.py:190} INFO - [2026-03-18T07:43:17.824+0000] {dagbag.py:588} INFO - Filling up the DagBag from /home/komal/data-engineering-projects/airflow-spark-pipeline/airflow_venv/lib/python3.11/site-packages/airflow/example_dags/example_bash_operator.py
[2026-03-18T07:43:17.842+0000] {processor.py:925} INFO - DAG(s) 'example_bash_operator' retrieved from /home/komal/data-engineering-projects/airflow-spark-pipeline/airflow_venv/lib/python3.11/site-packages/airflow/example_dags/example_bash_operator.py
[2026-03-18T07:43:17.868+0000] {logging_mixin.py:190} INFO - [2026-03-18T07:43:17.867+0000] {dag.py:3239} INFO - Sync 1 DAGs
[2026-03-18T07:43:17.897+0000] {logging_mixin.py:190} INFO - [2026-03-18T07:43:17.896+0000] {dag.py:4180} INFO - Setting next_dagrun for example_bash_operator to 2026-03-17 00:00:00+00:00, run_after=2026-03-18 00:00:00+00:00
[2026-03-18T07:43:17.982+0000] {processor.py:208} INFO - Processing /home/komal/data-engineering-projects/airflow-spark-pipeline/airflow_venv/lib/python3.11/site-packages/airflow/example_dags/example_bash_operator.py took 0.204 seconds
[2026-03-18T07:44:27.744+0000] {processor.py:186} INFO - Started process (PID=33964) to work on /home/komal/data-engineering-projects/airflow-spark-pipeline/airflow_venv/lib/python3.11/site-packages/airflow/example_dags/example_bash_operator.py
[2026-03-18T07:44:27.777+0000] {processor.py:914} INFO - Processing file /home/komal/data-engineering-projects/airflow-spark-pipeline/airflow_venv/lib/python3.11/site-packages/airflow/example_dags/example_bash_operator.py for tasks to queue
[2026-03-18T07:44:27.782+0000] {logging_mixin.py:190} INFO - [2026-03-18T07:44:27.781+0000] {dagbag.py:588} INFO - Filling up the DagBag from /home/komal/data-engineering-projects/airflow-spark-pipeline/airflow_venv/lib/python3.11/site-packages/airflow/example_dags/example_bash_operator.py
[2026-03-18T07:44:27.804+0000] {processor.py:925} INFO - DAG(s) 'example_bash_operator' retrieved from /home/komal/data-engineering-projects/airflow-spark-pipeline/airflow_venv/lib/python3.11/site-packages/airflow/example_dags/example_bash_operator.py
[2026-03-18T07:44:27.834+0000] {logging_mixin.py:190} INFO - [2026-03-18T07:44:27.834+0000] {dag.py:3239} INFO - Sync 1 DAGs
[2026-03-18T07:44:27.869+0000] {logging_mixin.py:190} INFO - [2026-03-18T07:44:27.868+0000] {dag.py:4180} INFO - Setting next_dagrun for example_bash_operator to 2026-03-17 00:00:00+00:00, run_after=2026-03-18 00:00:00+00:00
[2026-03-18T07:44:27.950+0000] {processor.py:208} INFO - Processing /home/komal/data-engineering-projects/airflow-spark-pipeline/airflow_venv/lib/python3.11/site-packages/airflow/example_dags/example_bash_operator.py took 0.217 seconds
[2026-03-18T07:45:35.418+0000] {processor.py:186} INFO - Started process (PID=34038) to work on /home/komal/data-engineering-projects/airflow-spark-pipeline/airflow_venv/lib/python3.11/site-packages/airflow/example_dags/example_bash_operator.py
[2026-03-18T07:45:35.452+0000] {processor.py:914} INFO - Processing file /home/komal/data-engineering-projects/airflow-spark-pipeline/airflow_venv/lib/python3.11/site-packages/airflow/example_dags/example_bash_operator.py for tasks to queue
[2026-03-18T07:45:35.457+0000] {logging_mixin.py:190} INFO - [2026-03-18T07:45:35.457+0000] {dagbag.py:588} INFO - Filling up the DagBag from /home/komal/data-engineering-projects/airflow-spark-pipeline/airflow_venv/lib/python3.11/site-packages/airflow/example_dags/example_bash_operator.py
[2026-03-18T07:45:35.480+0000] {processor.py:925} INFO - DAG(s) 'example_bash_operator' retrieved from /home/komal/data-engineering-projects/airflow-spark-pipeline/airflow_venv/lib/python3.11/site-packages/airflow/example_dags/example_bash_operator.py
[2026-03-18T07:45:35.507+0000] {logging_mixin.py:190} INFO - [2026-03-18T07:45:35.507+0000] {dag.py:3239} INFO - Sync 1 DAGs
[2026-03-18T07:45:35.530+0000] {logging_mixin.py:190} INFO - [2026-03-18T07:45:35.530+0000] {dag.py:4180} INFO - Setting next_dagrun for example_bash_operator to 2026-03-17 00:00:00+00:00, run_after=2026-03-18 00:00:00+00:00
[2026-03-18T07:45:35.561+0000] {processor.py:208} INFO - Processing /home/komal/data-engineering-projects/airflow-spark-pipeline/airflow_venv/lib/python3.11/site-packages/airflow/example_dags/example_bash_operator.py took 0.153 seconds
[2026-03-18T07:46:47.537+0000] {processor.py:186} INFO - Started process (PID=34104) to work on /home/komal/data-engineering-projects/airflow-spark-pipeline/airflow_venv/lib/python3.11/site-packages/airflow/example_dags/example_bash_operator.py
[2026-03-18T07:46:47.571+0000] {processor.py:914} INFO - Processing file /home/komal/data-engineering-projects/airflow-spark-pipeline/airflow_venv/lib/python3.11/site-packages/airflow/example_dags/example_bash_operator.py for tasks to queue
[2026-03-18T07:46:47.576+0000] {logging_mixin.py:190} INFO - [2026-03-18T07:46:47.575+0000] {dagbag.py:588} INFO - Filling up the DagBag from /home/komal/data-engineering-projects/airflow-spark-pipeline/airflow_venv/lib/python3.11/site-packages/airflow/example_dags/example_bash_operator.py
[2026-03-18T07:46:47.599+0000] {processor.py:925} INFO - DAG(s) 'example_bash_operator' retrieved from /home/komal/data-engineering-projects/airflow-spark-pipeline/airflow_venv/lib/python3.11/site-packages/airflow/example_dags/example_bash_operator.py
[2026-03-18T07:46:47.626+0000] {logging_mixin.py:190} INFO - [2026-03-18T07:46:47.626+0000] {dag.py:3239} INFO - Sync 1 DAGs
[2026-03-18T07:46:47.760+0000] {logging_mixin.py:190} INFO - [2026-03-18T07:46:47.760+0000] {dag.py:4180} INFO - Setting next_dagrun for example_bash_operator to 2026-03-17 00:00:00+00:00, run_after=2026-03-18 00:00:00+00:00
[2026-03-18T07:46:47.837+0000] {processor.py:208} INFO - Processing /home/komal/data-engineering-projects/airflow-spark-pipeline/airflow_venv/lib/python3.11/site-packages/airflow/example_dags/example_bash_operator.py took 0.310 seconds
[2026-03-18T07:50:02.927+0000] {processor.py:186} INFO - Started process (PID=34207) to work on /home/komal/data-engineering-projects/airflow-spark-pipeline/airflow_venv/lib/python3.11/site-packages/airflow/example_dags/example_bash_operator.py
[2026-03-18T07:50:02.931+0000] {processor.py:914} INFO - Processing file /home/komal/data-engineering-projects/airflow-spark-pipeline/airflow_venv/lib/python3.11/site-packages/airflow/example_dags/example_bash_operator.py for tasks to queue
[2026-03-18T07:50:02.936+0000] {logging_mixin.py:190} INFO - [2026-03-18T07:50:02.935+0000] {dagbag.py:588} INFO - Filling up the DagBag from /home/komal/data-engineering-projects/airflow-spark-pipeline/airflow_venv/lib/python3.11/site-packages/airflow/example_dags/example_bash_operator.py
[2026-03-18T07:50:02.958+0000] {processor.py:925} INFO - DAG(s) 'example_bash_operator' retrieved from /home/komal/data-engineering-projects/airflow-spark-pipeline/airflow_venv/lib/python3.11/site-packages/airflow/example_dags/example_bash_operator.py
[2026-03-18T07:50:02.989+0000] {logging_mixin.py:190} INFO - [2026-03-18T07:50:02.988+0000] {dag.py:3239} INFO - Sync 1 DAGs
[2026-03-18T07:50:03.021+0000] {logging_mixin.py:190} INFO - [2026-03-18T07:50:03.021+0000] {dag.py:4180} INFO - Setting next_dagrun for example_bash_operator to 2026-03-17 00:00:00+00:00, run_after=2026-03-18 00:00:00+00:00
[2026-03-18T07:50:03.051+0000] {processor.py:208} INFO - Processing /home/komal/data-engineering-projects/airflow-spark-pipeline/airflow_venv/lib/python3.11/site-packages/airflow/example_dags/example_bash_operator.py took 0.136 seconds
[2026-03-18T07:51:13.185+0000] {processor.py:186} INFO - Started process (PID=34296) to work on /home/komal/data-engineering-projects/airflow-spark-pipeline/airflow_venv/lib/python3.11/site-packages/airflow/example_dags/example_bash_operator.py
[2026-03-18T07:51:13.217+0000] {processor.py:914} INFO - Processing file /home/komal/data-engineering-projects/airflow-spark-pipeline/airflow_venv/lib/python3.11/site-packages/airflow/example_dags/example_bash_operator.py for tasks to queue
[2026-03-18T07:51:13.222+0000] {logging_mixin.py:190} INFO - [2026-03-18T07:51:13.221+0000] {dagbag.py:588} INFO - Filling up the DagBag from /home/komal/data-engineering-projects/airflow-spark-pipeline/airflow_venv/lib/python3.11/site-packages/airflow/example_dags/example_bash_operator.py
[2026-03-18T07:51:13.245+0000] {processor.py:925} INFO - DAG(s) 'example_bash_operator' retrieved from /home/komal/data-engineering-projects/airflow-spark-pipeline/airflow_venv/lib/python3.11/site-packages/airflow/example_dags/example_bash_operator.py
[2026-03-18T07:51:13.271+0000] {logging_mixin.py:190} INFO - [2026-03-18T07:51:13.270+0000] {dag.py:3239} INFO - Sync 1 DAGs
[2026-03-18T07:51:13.295+0000] {logging_mixin.py:190} INFO - [2026-03-18T07:51:13.295+0000] {dag.py:4180} INFO - Setting next_dagrun for example_bash_operator to 2026-03-17 00:00:00+00:00, run_after=2026-03-18 00:00:00+00:00
[2026-03-18T07:51:13.364+0000] {processor.py:208} INFO - Processing /home/komal/data-engineering-projects/airflow-spark-pipeline/airflow_venv/lib/python3.11/site-packages/airflow/example_dags/example_bash_operator.py took 0.188 seconds
[2026-03-18T07:52:26.896+0000] {processor.py:186} INFO - Started process (PID=34365) to work on /home/komal/data-engineering-projects/airflow-spark-pipeline/airflow_venv/lib/python3.11/site-packages/airflow/example_dags/example_bash_operator.py
[2026-03-18T07:52:26.930+0000] {processor.py:914} INFO - Processing file /home/komal/data-engineering-projects/airflow-spark-pipeline/airflow_venv/lib/python3.11/site-packages/airflow/example_dags/example_bash_operator.py for tasks to queue
[2026-03-18T07:52:26.935+0000] {logging_mixin.py:190} INFO - [2026-03-18T07:52:26.934+0000] {dagbag.py:588} INFO - Filling up the DagBag from /home/komal/data-engineering-projects/airflow-spark-pipeline/airflow_venv/lib/python3.11/site-packages/airflow/example_dags/example_bash_operator.py
[2026-03-18T07:52:26.966+0000] {processor.py:925} INFO - DAG(s) 'example_bash_operator' retrieved from /home/komal/data-engineering-projects/airflow-spark-pipeline/airflow_venv/lib/python3.11/site-packages/airflow/example_dags/example_bash_operator.py
[2026-03-18T07:52:26.989+0000] {logging_mixin.py:190} INFO - [2026-03-18T07:52:26.989+0000] {dag.py:3239} INFO - Sync 1 DAGs
[2026-03-18T07:52:27.021+0000] {logging_mixin.py:190} INFO - [2026-03-18T07:52:27.021+0000] {dag.py:4180} INFO - Setting next_dagrun for example_bash_operator to 2026-03-17 00:00:00+00:00, run_after=2026-03-18 00:00:00+00:00
[2026-03-18T07:52:27.064+0000] {processor.py:208} INFO - Processing /home/komal/data-engineering-projects/airflow-spark-pipeline/airflow_venv/lib/python3.11/site-packages/airflow/example_dags/example_bash_operator.py took 0.178 seconds
[2026-03-18T07:53:53.172+0000] {processor.py:186} INFO - Started process (PID=34445) to work on /home/komal/data-engineering-projects/airflow-spark-pipeline/airflow_venv/lib/python3.11/site-packages/airflow/example_dags/example_bash_operator.py
[2026-03-18T07:53:53.174+0000] {processor.py:914} INFO - Processing file /home/komal/data-engineering-projects/airflow-spark-pipeline/airflow_venv/lib/python3.11/site-packages/airflow/example_dags/example_bash_operator.py for tasks to queue
[2026-03-18T07:53:53.177+0000] {logging_mixin.py:190} INFO - [2026-03-18T07:53:53.177+0000] {dagbag.py:588} INFO - Filling up the DagBag from /home/komal/data-engineering-projects/airflow-spark-pipeline/airflow_venv/lib/python3.11/site-packages/airflow/example_dags/example_bash_operator.py
[2026-03-18T07:53:53.199+0000] {processor.py:925} INFO - DAG(s) 'example_bash_operator' retrieved from /home/komal/data-engineering-projects/airflow-spark-pipeline/airflow_venv/lib/python3.11/site-packages/airflow/example_dags/example_bash_operator.py
[2026-03-18T07:53:53.228+0000] {logging_mixin.py:190} INFO - [2026-03-18T07:53:53.227+0000] {dag.py:3239} INFO - Sync 1 DAGs
[2026-03-18T07:53:53.265+0000] {logging_mixin.py:190} INFO - [2026-03-18T07:53:53.264+0000] {dag.py:4180} INFO - Setting next_dagrun for example_bash_operator to 2026-03-17 00:00:00+00:00, run_after=2026-03-18 00:00:00+00:00
[2026-03-18T07:53:53.309+0000] {processor.py:208} INFO - Processing /home/komal/data-engineering-projects/airflow-spark-pipeline/airflow_venv/lib/python3.11/site-packages/airflow/example_dags/example_bash_operator.py took 0.151 seconds
[2026-03-18T07:55:57.101+0000] {processor.py:186} INFO - Started process (PID=34860) to work on /home/komal/data-engineering-projects/airflow-spark-pipeline/airflow_venv/lib/python3.11/site-packages/airflow/example_dags/example_bash_operator.py
[2026-03-18T07:55:57.134+0000] {processor.py:914} INFO - Processing file /home/komal/data-engineering-projects/airflow-spark-pipeline/airflow_venv/lib/python3.11/site-packages/airflow/example_dags/example_bash_operator.py for tasks to queue
[2026-03-18T07:55:57.138+0000] {logging_mixin.py:190} INFO - [2026-03-18T07:55:57.137+0000] {dagbag.py:588} INFO - Filling up the DagBag from /home/komal/data-engineering-projects/airflow-spark-pipeline/airflow_venv/lib/python3.11/site-packages/airflow/example_dags/example_bash_operator.py
[2026-03-18T07:55:57.159+0000] {processor.py:925} INFO - DAG(s) 'example_bash_operator' retrieved from /home/komal/data-engineering-projects/airflow-spark-pipeline/airflow_venv/lib/python3.11/site-packages/airflow/example_dags/example_bash_operator.py
[2026-03-18T07:55:57.185+0000] {logging_mixin.py:190} INFO - [2026-03-18T07:55:57.185+0000] {dag.py:3239} INFO - Sync 1 DAGs
[2026-03-18T07:55:57.210+0000] {logging_mixin.py:190} INFO - [2026-03-18T07:55:57.210+0000] {dag.py:4180} INFO - Setting next_dagrun for example_bash_operator to 2026-03-17 00:00:00+00:00, run_after=2026-03-18 00:00:00+00:00
[2026-03-18T07:55:57.249+0000] {processor.py:208} INFO - Processing /home/komal/data-engineering-projects/airflow-spark-pipeline/airflow_venv/lib/python3.11/site-packages/airflow/example_dags/example_bash_operator.py took 0.162 seconds
[2026-03-18T08:04:50.629+0000] {processor.py:186} INFO - Started process (PID=34935) to work on /home/komal/data-engineering-projects/airflow-spark-pipeline/airflow_venv/lib/python3.11/site-packages/airflow/example_dags/example_bash_operator.py
[2026-03-18T08:04:50.662+0000] {processor.py:914} INFO - Processing file /home/komal/data-engineering-projects/airflow-spark-pipeline/airflow_venv/lib/python3.11/site-packages/airflow/example_dags/example_bash_operator.py for tasks to queue
[2026-03-18T08:04:50.665+0000] {logging_mixin.py:190} INFO - [2026-03-18T08:04:50.664+0000] {dagbag.py:588} INFO - Filling up the DagBag from /home/komal/data-engineering-projects/airflow-spark-pipeline/airflow_venv/lib/python3.11/site-packages/airflow/example_dags/example_bash_operator.py
[2026-03-18T08:04:50.681+0000] {processor.py:925} INFO - DAG(s) 'example_bash_operator' retrieved from /home/komal/data-engineering-projects/airflow-spark-pipeline/airflow_venv/lib/python3.11/site-packages/airflow/example_dags/example_bash_operator.py
[2026-03-18T08:04:50.703+0000] {logging_mixin.py:190} INFO - [2026-03-18T08:04:50.703+0000] {dag.py:3239} INFO - Sync 1 DAGs
[2026-03-18T08:04:50.728+0000] {logging_mixin.py:190} INFO - [2026-03-18T08:04:50.727+0000] {dag.py:4180} INFO - Setting next_dagrun for example_bash_operator to 2026-03-17 00:00:00+00:00, run_after=2026-03-18 00:00:00+00:00
[2026-03-18T08:04:50.789+0000] {processor.py:208} INFO - Processing /home/komal/data-engineering-projects/airflow-spark-pipeline/airflow_venv/lib/python3.11/site-packages/airflow/example_dags/example_bash_operator.py took 0.168 seconds
[2026-03-18T08:06:10.804+0000] {processor.py:186} INFO - Started process (PID=35012) to work on /home/komal/data-engineering-projects/airflow-spark-pipeline/airflow_venv/lib/python3.11/site-packages/airflow/example_dags/example_bash_operator.py
[2026-03-18T08:06:10.837+0000] {processor.py:914} INFO - Processing file /home/komal/data-engineering-projects/airflow-spark-pipeline/airflow_venv/lib/python3.11/site-packages/airflow/example_dags/example_bash_operator.py for tasks to queue
[2026-03-18T08:06:10.840+0000] {logging_mixin.py:190} INFO - [2026-03-18T08:06:10.840+0000] {dagbag.py:588} INFO - Filling up the DagBag from /home/komal/data-engineering-projects/airflow-spark-pipeline/airflow_venv/lib/python3.11/site-packages/airflow/example_dags/example_bash_operator.py
[2026-03-18T08:06:10.859+0000] {processor.py:925} INFO - DAG(s) 'example_bash_operator' retrieved from /home/komal/data-engineering-projects/airflow-spark-pipeline/airflow_venv/lib/python3.11/site-packages/airflow/example_dags/example_bash_operator.py
[2026-03-18T08:06:10.885+0000] {logging_mixin.py:190} INFO - [2026-03-18T08:06:10.885+0000] {dag.py:3239} INFO - Sync 1 DAGs
[2026-03-18T08:06:10.913+0000] {logging_mixin.py:190} INFO - [2026-03-18T08:06:10.912+0000] {dag.py:4180} INFO - Setting next_dagrun for example_bash_operator to 2026-03-17 00:00:00+00:00, run_after=2026-03-18 00:00:00+00:00
[2026-03-18T08:06:10.958+0000] {processor.py:208} INFO - Processing /home/komal/data-engineering-projects/airflow-spark-pipeline/airflow_venv/lib/python3.11/site-packages/airflow/example_dags/example_bash_operator.py took 0.164 seconds
[2026-03-18T08:07:24.815+0000] {processor.py:186} INFO - Started process (PID=35079) to work on /home/komal/data-engineering-projects/airflow-spark-pipeline/airflow_venv/lib/python3.11/site-packages/airflow/example_dags/example_bash_operator.py
[2026-03-18T08:07:24.849+0000] {processor.py:914} INFO - Processing file /home/komal/data-engineering-projects/airflow-spark-pipeline/airflow_venv/lib/python3.11/site-packages/airflow/example_dags/example_bash_operator.py for tasks to queue
[2026-03-18T08:07:24.853+0000] {logging_mixin.py:190} INFO - [2026-03-18T08:07:24.852+0000] {dagbag.py:588} INFO - Filling up the DagBag from /home/komal/data-engineering-projects/airflow-spark-pipeline/airflow_venv/lib/python3.11/site-packages/airflow/example_dags/example_bash_operator.py
[2026-03-18T08:07:24.875+0000] {processor.py:925} INFO - DAG(s) 'example_bash_operator' retrieved from /home/komal/data-engineering-projects/airflow-spark-pipeline/airflow_venv/lib/python3.11/site-packages/airflow/example_dags/example_bash_operator.py
[2026-03-18T08:07:24.909+0000] {logging_mixin.py:190} INFO - [2026-03-18T08:07:24.909+0000] {dag.py:3239} INFO - Sync 1 DAGs
[2026-03-18T08:07:25.085+0000] {logging_mixin.py:190} INFO - [2026-03-18T08:07:25.085+0000] {dag.py:4180} INFO - Setting next_dagrun for example_bash_operator to 2026-03-17 00:00:00+00:00, run_after=2026-03-18 00:00:00+00:00
[2026-03-18T08:07:25.164+0000] {processor.py:208} INFO - Processing /home/komal/data-engineering-projects/airflow-spark-pipeline/airflow_venv/lib/python3.11/site-packages/airflow/example_dags/example_bash_operator.py took 0.355 seconds
[2026-03-18T08:08:38.316+0000] {processor.py:186} INFO - Started process (PID=35150) to work on /home/komal/data-engineering-projects/airflow-spark-pipeline/airflow_venv/lib/python3.11/site-packages/airflow/example_dags/example_bash_operator.py
[2026-03-18T08:08:38.351+0000] {processor.py:914} INFO - Processing file /home/komal/data-engineering-projects/airflow-spark-pipeline/airflow_venv/lib/python3.11/site-packages/airflow/example_dags/example_bash_operator.py for tasks to queue
[2026-03-18T08:08:38.355+0000] {logging_mixin.py:190} INFO - [2026-03-18T08:08:38.354+0000] {dagbag.py:588} INFO - Filling up the DagBag from /home/komal/data-engineering-projects/airflow-spark-pipeline/airflow_venv/lib/python3.11/site-packages/airflow/example_dags/example_bash_operator.py
[2026-03-18T08:08:38.372+0000] {processor.py:925} INFO - DAG(s) 'example_bash_operator' retrieved from /home/komal/data-engineering-projects/airflow-spark-pipeline/airflow_venv/lib/python3.11/site-packages/airflow/example_dags/example_bash_operator.py
[2026-03-18T08:08:38.397+0000] {logging_mixin.py:190} INFO - [2026-03-18T08:08:38.396+0000] {dag.py:3239} INFO - Sync 1 DAGs
[2026-03-18T08:08:38.424+0000] {logging_mixin.py:190} INFO - [2026-03-18T08:08:38.423+0000] {dag.py:4180} INFO - Setting next_dagrun for example_bash_operator to 2026-03-17 00:00:00+00:00, run_after=2026-03-18 00:00:00+00:00
[2026-03-18T08:08:38.460+0000] {processor.py:208} INFO - Processing /home/komal/data-engineering-projects/airflow-spark-pipeline/airflow_venv/lib/python3.11/site-packages/airflow/example_dags/example_bash_operator.py took 0.153 seconds
[2026-03-18T08:09:51.072+0000] {processor.py:186} INFO - Started process (PID=35217) to work on /home/komal/data-engineering-projects/airflow-spark-pipeline/airflow_venv/lib/python3.11/site-packages/airflow/example_dags/example_bash_operator.py
[2026-03-18T08:09:51.076+0000] {processor.py:914} INFO - Processing file /home/komal/data-engineering-projects/airflow-spark-pipeline/airflow_venv/lib/python3.11/site-packages/airflow/example_dags/example_bash_operator.py for tasks to queue
[2026-03-18T08:09:51.079+0000] {logging_mixin.py:190} INFO - [2026-03-18T08:09:51.078+0000] {dagbag.py:588} INFO - Filling up the DagBag from /home/komal/data-engineering-projects/airflow-spark-pipeline/airflow_venv/lib/python3.11/site-packages/airflow/example_dags/example_bash_operator.py
[2026-03-18T08:09:51.094+0000] {processor.py:925} INFO - DAG(s) 'example_bash_operator' retrieved from /home/komal/data-engineering-projects/airflow-spark-pipeline/airflow_venv/lib/python3.11/site-packages/airflow/example_dags/example_bash_operator.py
[2026-03-18T08:09:51.123+0000] {logging_mixin.py:190} INFO - [2026-03-18T08:09:51.122+0000] {dag.py:3239} INFO - Sync 1 DAGs
[2026-03-18T08:09:51.152+0000] {logging_mixin.py:190} INFO - [2026-03-18T08:09:51.152+0000] {dag.py:4180} INFO - Setting next_dagrun for example_bash_operator to 2026-03-17 00:00:00+00:00, run_after=2026-03-18 00:00:00+00:00
[2026-03-18T08:09:51.182+0000] {processor.py:208} INFO - Processing /home/komal/data-engineering-projects/airflow-spark-pipeline/airflow_venv/lib/python3.11/site-packages/airflow/example_dags/example_bash_operator.py took 0.117 seconds
[2026-03-18T08:11:05.772+0000] {processor.py:186} INFO - Started process (PID=35285) to work on /home/komal/data-engineering-projects/airflow-spark-pipeline/airflow_venv/lib/python3.11/site-packages/airflow/example_dags/example_bash_operator.py
[2026-03-18T08:11:05.775+0000] {processor.py:914} INFO - Processing file /home/komal/data-engineering-projects/airflow-spark-pipeline/airflow_venv/lib/python3.11/site-packages/airflow/example_dags/example_bash_operator.py for tasks to queue
[2026-03-18T08:11:05.778+0000] {logging_mixin.py:190} INFO - [2026-03-18T08:11:05.778+0000] {dagbag.py:588} INFO - Filling up the DagBag from /home/komal/data-engineering-projects/airflow-spark-pipeline/airflow_venv/lib/python3.11/site-packages/airflow/example_dags/example_bash_operator.py
[2026-03-18T08:11:05.794+0000] {processor.py:925} INFO - DAG(s) 'example_bash_operator' retrieved from /home/komal/data-engineering-projects/airflow-spark-pipeline/airflow_venv/lib/python3.11/site-packages/airflow/example_dags/example_bash_operator.py
[2026-03-18T08:11:05.828+0000] {logging_mixin.py:190} INFO - [2026-03-18T08:11:05.828+0000] {dag.py:3239} INFO - Sync 1 DAGs
[2026-03-18T08:11:05.858+0000] {logging_mixin.py:190} INFO - [2026-03-18T08:11:05.857+0000] {dag.py:4180} INFO - Setting next_dagrun for example_bash_operator to 2026-03-17 00:00:00+00:00, run_after=2026-03-18 00:00:00+00:00
[2026-03-18T08:11:05.896+0000] {processor.py:208} INFO - Processing /home/komal/data-engineering-projects/airflow-spark-pipeline/airflow_venv/lib/python3.11/site-packages/airflow/example_dags/example_bash_operator.py took 0.135 seconds
[2026-03-18T08:12:19.262+0000] {processor.py:186} INFO - Started process (PID=35364) to work on /home/komal/data-engineering-projects/airflow-spark-pipeline/airflow_venv/lib/python3.11/site-packages/airflow/example_dags/example_bash_operator.py
[2026-03-18T08:12:19.264+0000] {processor.py:914} INFO - Processing file /home/komal/data-engineering-projects/airflow-spark-pipeline/airflow_venv/lib/python3.11/site-packages/airflow/example_dags/example_bash_operator.py for tasks to queue
[2026-03-18T08:12:19.267+0000] {logging_mixin.py:190} INFO - [2026-03-18T08:12:19.266+0000] {dagbag.py:588} INFO - Filling up the DagBag from /home/komal/data-engineering-projects/airflow-spark-pipeline/airflow_venv/lib/python3.11/site-packages/airflow/example_dags/example_bash_operator.py
[2026-03-18T08:12:19.283+0000] {processor.py:925} INFO - DAG(s) 'example_bash_operator' retrieved from /home/komal/data-engineering-projects/airflow-spark-pipeline/airflow_venv/lib/python3.11/site-packages/airflow/example_dags/example_bash_operator.py
[2026-03-18T08:12:19.314+0000] {logging_mixin.py:190} INFO - [2026-03-18T08:12:19.313+0000] {dag.py:3239} INFO - Sync 1 DAGs
[2026-03-18T08:12:19.343+0000] {logging_mixin.py:190} INFO - [2026-03-18T08:12:19.342+0000] {dag.py:4180} INFO - Setting next_dagrun for example_bash_operator to 2026-03-17 00:00:00+00:00, run_after=2026-03-18 00:00:00+00:00
[2026-03-18T08:12:19.384+0000] {processor.py:208} INFO - Processing /home/komal/data-engineering-projects/airflow-spark-pipeline/airflow_venv/lib/python3.11/site-packages/airflow/example_dags/example_bash_operator.py took 0.132 seconds
[2026-03-18T08:15:25.756+0000] {processor.py:186} INFO - Started process (PID=35780) to work on /home/komal/data-engineering-projects/airflow-spark-pipeline/airflow_venv/lib/python3.11/site-packages/airflow/example_dags/example_bash_operator.py
[2026-03-18T08:15:25.775+0000] {processor.py:914} INFO - Processing file /home/komal/data-engineering-projects/airflow-spark-pipeline/airflow_venv/lib/python3.11/site-packages/airflow/example_dags/example_bash_operator.py for tasks to queue
[2026-03-18T08:15:25.778+0000] {logging_mixin.py:190} INFO - [2026-03-18T08:15:25.777+0000] {dagbag.py:588} INFO - Filling up the DagBag from /home/komal/data-engineering-projects/airflow-spark-pipeline/airflow_venv/lib/python3.11/site-packages/airflow/example_dags/example_bash_operator.py
[2026-03-18T08:15:25.801+0000] {processor.py:925} INFO - DAG(s) 'example_bash_operator' retrieved from /home/komal/data-engineering-projects/airflow-spark-pipeline/airflow_venv/lib/python3.11/site-packages/airflow/example_dags/example_bash_operator.py
[2026-03-18T08:15:25.826+0000] {logging_mixin.py:190} INFO - [2026-03-18T08:15:25.826+0000] {dag.py:3239} INFO - Sync 1 DAGs
[2026-03-18T08:15:25.854+0000] {logging_mixin.py:190} INFO - [2026-03-18T08:15:25.854+0000] {dag.py:4180} INFO - Setting next_dagrun for example_bash_operator to 2026-03-17 00:00:00+00:00, run_after=2026-03-18 00:00:00+00:00
[2026-03-18T08:15:25.897+0000] {processor.py:208} INFO - Processing /home/komal/data-engineering-projects/airflow-spark-pipeline/airflow_venv/lib/python3.11/site-packages/airflow/example_dags/example_bash_operator.py took 0.149 seconds
[2026-03-18T08:16:36.957+0000] {processor.py:186} INFO - Started process (PID=35847) to work on /home/komal/data-engineering-projects/airflow-spark-pipeline/airflow_venv/lib/python3.11/site-packages/airflow/example_dags/example_bash_operator.py
[2026-03-18T08:16:36.992+0000] {processor.py:914} INFO - Processing file /home/komal/data-engineering-projects/airflow-spark-pipeline/airflow_venv/lib/python3.11/site-packages/airflow/example_dags/example_bash_operator.py for tasks to queue
[2026-03-18T08:16:36.995+0000] {logging_mixin.py:190} INFO - [2026-03-18T08:16:36.995+0000] {dagbag.py:588} INFO - Filling up the DagBag from /home/komal/data-engineering-projects/airflow-spark-pipeline/airflow_venv/lib/python3.11/site-packages/airflow/example_dags/example_bash_operator.py
[2026-03-18T08:16:37.014+0000] {processor.py:925} INFO - DAG(s) 'example_bash_operator' retrieved from /home/komal/data-engineering-projects/airflow-spark-pipeline/airflow_venv/lib/python3.11/site-packages/airflow/example_dags/example_bash_operator.py
[2026-03-18T08:16:37.042+0000] {logging_mixin.py:190} INFO - [2026-03-18T08:16:37.042+0000] {dag.py:3239} INFO - Sync 1 DAGs
[2026-03-18T08:16:37.072+0000] {logging_mixin.py:190} INFO - [2026-03-18T08:16:37.072+0000] {dag.py:4180} INFO - Setting next_dagrun for example_bash_operator to 2026-03-17 00:00:00+00:00, run_after=2026-03-18 00:00:00+00:00
[2026-03-18T08:16:37.106+0000] {processor.py:208} INFO - Processing /home/komal/data-engineering-projects/airflow-spark-pipeline/airflow_venv/lib/python3.11/site-packages/airflow/example_dags/example_bash_operator.py took 0.157 seconds
[2026-03-18T08:17:53.158+0000] {processor.py:186} INFO - Started process (PID=35920) to work on /home/komal/data-engineering-projects/airflow-spark-pipeline/airflow_venv/lib/python3.11/site-packages/airflow/example_dags/example_bash_operator.py
[2026-03-18T08:17:53.160+0000] {processor.py:914} INFO - Processing file /home/komal/data-engineering-projects/airflow-spark-pipeline/airflow_venv/lib/python3.11/site-packages/airflow/example_dags/example_bash_operator.py for tasks to queue
[2026-03-18T08:17:53.162+0000] {logging_mixin.py:190} INFO - [2026-03-18T08:17:53.162+0000] {dagbag.py:588} INFO - Filling up the DagBag from /home/komal/data-engineering-projects/airflow-spark-pipeline/airflow_venv/lib/python3.11/site-packages/airflow/example_dags/example_bash_operator.py
[2026-03-18T08:17:53.180+0000] {processor.py:925} INFO - DAG(s) 'example_bash_operator' retrieved from /home/komal/data-engineering-projects/airflow-spark-pipeline/airflow_venv/lib/python3.11/site-packages/airflow/example_dags/example_bash_operator.py
[2026-03-18T08:17:53.208+0000] {logging_mixin.py:190} INFO - [2026-03-18T08:17:53.208+0000] {dag.py:3239} INFO - Sync 1 DAGs
[2026-03-18T08:17:53.240+0000] {logging_mixin.py:190} INFO - [2026-03-18T08:17:53.239+0000] {dag.py:4180} INFO - Setting next_dagrun for example_bash_operator to 2026-03-17 00:00:00+00:00, run_after=2026-03-18 00:00:00+00:00
[2026-03-18T08:17:53.291+0000] {processor.py:208} INFO - Processing /home/komal/data-engineering-projects/airflow-spark-pipeline/airflow_venv/lib/python3.11/site-packages/airflow/example_dags/example_bash_operator.py took 0.139 seconds
[2026-03-18T08:19:03.538+0000] {processor.py:186} INFO - Started process (PID=35996) to work on /home/komal/data-engineering-projects/airflow-spark-pipeline/airflow_venv/lib/python3.11/site-packages/airflow/example_dags/example_bash_operator.py
[2026-03-18T08:19:03.539+0000] {processor.py:914} INFO - Processing file /home/komal/data-engineering-projects/airflow-spark-pipeline/airflow_venv/lib/python3.11/site-packages/airflow/example_dags/example_bash_operator.py for tasks to queue
[2026-03-18T08:19:03.540+0000] {logging_mixin.py:190} INFO - [2026-03-18T08:19:03.540+0000] {dagbag.py:588} INFO - Filling up the DagBag from /home/komal/data-engineering-projects/airflow-spark-pipeline/airflow_venv/lib/python3.11/site-packages/airflow/example_dags/example_bash_operator.py
[2026-03-18T08:19:03.552+0000] {processor.py:925} INFO - DAG(s) 'example_bash_operator' retrieved from /home/komal/data-engineering-projects/airflow-spark-pipeline/airflow_venv/lib/python3.11/site-packages/airflow/example_dags/example_bash_operator.py
[2026-03-18T08:19:03.567+0000] {logging_mixin.py:190} INFO - [2026-03-18T08:19:03.567+0000] {dag.py:3239} INFO - Sync 1 DAGs
[2026-03-18T08:19:03.677+0000] {logging_mixin.py:190} INFO - [2026-03-18T08:19:03.677+0000] {dag.py:4180} INFO - Setting next_dagrun for example_bash_operator to 2026-03-17 00:00:00+00:00, run_after=2026-03-18 00:00:00+00:00
[2026-03-18T08:19:03.693+0000] {processor.py:208} INFO - Processing /home/komal/data-engineering-projects/airflow-spark-pipeline/airflow_venv/lib/python3.11/site-packages/airflow/example_dags/example_bash_operator.py took 0.159 seconds
[2026-03-18T08:20:09.640+0000] {processor.py:186} INFO - Started process (PID=36063) to work on /home/komal/data-engineering-projects/airflow-spark-pipeline/airflow_venv/lib/python3.11/site-packages/airflow/example_dags/example_bash_operator.py
[2026-03-18T08:20:09.646+0000] {processor.py:914} INFO - Processing file /home/komal/data-engineering-projects/airflow-spark-pipeline/airflow_venv/lib/python3.11/site-packages/airflow/example_dags/example_bash_operator.py for tasks to queue
[2026-03-18T08:20:09.650+0000] {logging_mixin.py:190} INFO - [2026-03-18T08:20:09.649+0000] {dagbag.py:588} INFO - Filling up the DagBag from /home/komal/data-engineering-projects/airflow-spark-pipeline/airflow_venv/lib/python3.11/site-packages/airflow/example_dags/example_bash_operator.py
[2026-03-18T08:20:09.661+0000] {processor.py:925} INFO - DAG(s) 'example_bash_operator' retrieved from /home/komal/data-engineering-projects/airflow-spark-pipeline/airflow_venv/lib/python3.11/site-packages/airflow/example_dags/example_bash_operator.py
[2026-03-18T08:20:09.675+0000] {logging_mixin.py:190} INFO - [2026-03-18T08:20:09.675+0000] {dag.py:3239} INFO - Sync 1 DAGs
[2026-03-18T08:20:09.689+0000] {logging_mixin.py:190} INFO - [2026-03-18T08:20:09.689+0000] {dag.py:4180} INFO - Setting next_dagrun for example_bash_operator to 2026-03-17 00:00:00+00:00, run_after=2026-03-18 00:00:00+00:00
[2026-03-18T08:20:09.711+0000] {processor.py:208} INFO - Processing /home/komal/data-engineering-projects/airflow-spark-pipeline/airflow_venv/lib/python3.11/site-packages/airflow/example_dags/example_bash_operator.py took 0.075 seconds
[2026-03-18T13:41:40.574+0000] {processor.py:186} INFO - Started process (PID=36159) to work on /home/komal/data-engineering-projects/airflow-spark-pipeline/airflow_venv/lib/python3.11/site-packages/airflow/example_dags/example_bash_operator.py
[2026-03-18T13:41:40.577+0000] {processor.py:914} INFO - Processing file /home/komal/data-engineering-projects/airflow-spark-pipeline/airflow_venv/lib/python3.11/site-packages/airflow/example_dags/example_bash_operator.py for tasks to queue
[2026-03-18T13:41:40.579+0000] {logging_mixin.py:190} INFO - [2026-03-18T13:41:40.578+0000] {dagbag.py:588} INFO - Filling up the DagBag from /home/komal/data-engineering-projects/airflow-spark-pipeline/airflow_venv/lib/python3.11/site-packages/airflow/example_dags/example_bash_operator.py
[2026-03-18T13:41:40.589+0000] {processor.py:925} INFO - DAG(s) 'example_bash_operator' retrieved from /home/komal/data-engineering-projects/airflow-spark-pipeline/airflow_venv/lib/python3.11/site-packages/airflow/example_dags/example_bash_operator.py
[2026-03-18T13:41:40.602+0000] {logging_mixin.py:190} INFO - [2026-03-18T13:41:40.602+0000] {dag.py:3239} INFO - Sync 1 DAGs
[2026-03-18T13:41:40.614+0000] {logging_mixin.py:190} INFO - [2026-03-18T13:41:40.614+0000] {dag.py:4180} INFO - Setting next_dagrun for example_bash_operator to 2026-03-17 00:00:00+00:00, run_after=2026-03-18 00:00:00+00:00
[2026-03-18T13:41:40.639+0000] {processor.py:208} INFO - Processing /home/komal/data-engineering-projects/airflow-spark-pipeline/airflow_venv/lib/python3.11/site-packages/airflow/example_dags/example_bash_operator.py took 0.071 seconds
[2026-03-18T13:42:44.205+0000] {processor.py:186} INFO - Started process (PID=36259) to work on /home/komal/data-engineering-projects/airflow-spark-pipeline/airflow_venv/lib/python3.11/site-packages/airflow/example_dags/example_bash_operator.py
[2026-03-18T13:42:44.206+0000] {processor.py:914} INFO - Processing file /home/komal/data-engineering-projects/airflow-spark-pipeline/airflow_venv/lib/python3.11/site-packages/airflow/example_dags/example_bash_operator.py for tasks to queue
[2026-03-18T13:42:44.209+0000] {logging_mixin.py:190} INFO - [2026-03-18T13:42:44.208+0000] {dagbag.py:588} INFO - Filling up the DagBag from /home/komal/data-engineering-projects/airflow-spark-pipeline/airflow_venv/lib/python3.11/site-packages/airflow/example_dags/example_bash_operator.py
[2026-03-18T13:42:44.219+0000] {processor.py:925} INFO - DAG(s) 'example_bash_operator' retrieved from /home/komal/data-engineering-projects/airflow-spark-pipeline/airflow_venv/lib/python3.11/site-packages/airflow/example_dags/example_bash_operator.py
[2026-03-18T13:42:44.233+0000] {logging_mixin.py:190} INFO - [2026-03-18T13:42:44.233+0000] {dag.py:3239} INFO - Sync 1 DAGs
[2026-03-18T13:42:44.246+0000] {logging_mixin.py:190} INFO - [2026-03-18T13:42:44.246+0000] {dag.py:4180} INFO - Setting next_dagrun for example_bash_operator to 2026-03-17 00:00:00+00:00, run_after=2026-03-18 00:00:00+00:00
[2026-03-18T13:42:44.268+0000] {processor.py:208} INFO - Processing /home/komal/data-engineering-projects/airflow-spark-pipeline/airflow_venv/lib/python3.11/site-packages/airflow/example_dags/example_bash_operator.py took 0.072 seconds
[2026-03-18T13:43:50.960+0000] {processor.py:186} INFO - Started process (PID=36323) to work on /home/komal/data-engineering-projects/airflow-spark-pipeline/airflow_venv/lib/python3.11/site-packages/airflow/example_dags/example_bash_operator.py
[2026-03-18T13:43:50.993+0000] {processor.py:914} INFO - Processing file /home/komal/data-engineering-projects/airflow-spark-pipeline/airflow_venv/lib/python3.11/site-packages/airflow/example_dags/example_bash_operator.py for tasks to queue
[2026-03-18T13:43:50.996+0000] {logging_mixin.py:190} INFO - [2026-03-18T13:43:50.996+0000] {dagbag.py:588} INFO - Filling up the DagBag from /home/komal/data-engineering-projects/airflow-spark-pipeline/airflow_venv/lib/python3.11/site-packages/airflow/example_dags/example_bash_operator.py
[2026-03-18T13:43:51.010+0000] {processor.py:925} INFO - DAG(s) 'example_bash_operator' retrieved from /home/komal/data-engineering-projects/airflow-spark-pipeline/airflow_venv/lib/python3.11/site-packages/airflow/example_dags/example_bash_operator.py
[2026-03-18T13:43:51.043+0000] {logging_mixin.py:190} INFO - [2026-03-18T13:43:51.043+0000] {dag.py:3239} INFO - Sync 1 DAGs
[2026-03-18T13:43:51.066+0000] {logging_mixin.py:190} INFO - [2026-03-18T13:43:51.065+0000] {dag.py:4180} INFO - Setting next_dagrun for example_bash_operator to 2026-03-17 00:00:00+00:00, run_after=2026-03-18 00:00:00+00:00
[2026-03-18T13:43:51.085+0000] {processor.py:208} INFO - Processing /home/komal/data-engineering-projects/airflow-spark-pipeline/airflow_venv/lib/python3.11/site-packages/airflow/example_dags/example_bash_operator.py took 0.135 seconds
[2026-03-18T13:44:57.328+0000] {processor.py:186} INFO - Started process (PID=36386) to work on /home/komal/data-engineering-projects/airflow-spark-pipeline/airflow_venv/lib/python3.11/site-packages/airflow/example_dags/example_bash_operator.py
[2026-03-18T13:44:57.333+0000] {processor.py:914} INFO - Processing file /home/komal/data-engineering-projects/airflow-spark-pipeline/airflow_venv/lib/python3.11/site-packages/airflow/example_dags/example_bash_operator.py for tasks to queue
[2026-03-18T13:44:57.336+0000] {logging_mixin.py:190} INFO - [2026-03-18T13:44:57.335+0000] {dagbag.py:588} INFO - Filling up the DagBag from /home/komal/data-engineering-projects/airflow-spark-pipeline/airflow_venv/lib/python3.11/site-packages/airflow/example_dags/example_bash_operator.py
[2026-03-18T13:44:57.348+0000] {processor.py:925} INFO - DAG(s) 'example_bash_operator' retrieved from /home/komal/data-engineering-projects/airflow-spark-pipeline/airflow_venv/lib/python3.11/site-packages/airflow/example_dags/example_bash_operator.py
[2026-03-18T13:44:57.363+0000] {logging_mixin.py:190} INFO - [2026-03-18T13:44:57.363+0000] {dag.py:3239} INFO - Sync 1 DAGs
[2026-03-18T13:44:57.376+0000] {logging_mixin.py:190} INFO - [2026-03-18T13:44:57.376+0000] {dag.py:4180} INFO - Setting next_dagrun for example_bash_operator to 2026-03-17 00:00:00+00:00, run_after=2026-03-18 00:00:00+00:00
[2026-03-18T13:44:57.407+0000] {processor.py:208} INFO - Processing /home/komal/data-engineering-projects/airflow-spark-pipeline/airflow_venv/lib/python3.11/site-packages/airflow/example_dags/example_bash_operator.py took 0.088 seconds
[2026-03-18T13:46:08.550+0000] {processor.py:186} INFO - Started process (PID=36456) to work on /home/komal/data-engineering-projects/airflow-spark-pipeline/airflow_venv/lib/python3.11/site-packages/airflow/example_dags/example_bash_operator.py
[2026-03-18T13:46:08.556+0000] {processor.py:914} INFO - Processing file /home/komal/data-engineering-projects/airflow-spark-pipeline/airflow_venv/lib/python3.11/site-packages/airflow/example_dags/example_bash_operator.py for tasks to queue
[2026-03-18T13:46:08.558+0000] {logging_mixin.py:190} INFO - [2026-03-18T13:46:08.558+0000] {dagbag.py:588} INFO - Filling up the DagBag from /home/komal/data-engineering-projects/airflow-spark-pipeline/airflow_venv/lib/python3.11/site-packages/airflow/example_dags/example_bash_operator.py
[2026-03-18T13:46:08.577+0000] {processor.py:925} INFO - DAG(s) 'example_bash_operator' retrieved from /home/komal/data-engineering-projects/airflow-spark-pipeline/airflow_venv/lib/python3.11/site-packages/airflow/example_dags/example_bash_operator.py
[2026-03-18T13:46:08.594+0000] {logging_mixin.py:190} INFO - [2026-03-18T13:46:08.593+0000] {dag.py:3239} INFO - Sync 1 DAGs
[2026-03-18T13:46:08.605+0000] {logging_mixin.py:190} INFO - [2026-03-18T13:46:08.605+0000] {dag.py:4180} INFO - Setting next_dagrun for example_bash_operator to 2026-03-17 00:00:00+00:00, run_after=2026-03-18 00:00:00+00:00
[2026-03-18T13:46:08.631+0000] {processor.py:208} INFO - Processing /home/komal/data-engineering-projects/airflow-spark-pipeline/airflow_venv/lib/python3.11/site-packages/airflow/example_dags/example_bash_operator.py took 0.090 seconds
[2026-03-18T13:47:11.196+0000] {processor.py:186} INFO - Started process (PID=36518) to work on /home/komal/data-engineering-projects/airflow-spark-pipeline/airflow_venv/lib/python3.11/site-packages/airflow/example_dags/example_bash_operator.py
[2026-03-18T13:47:11.228+0000] {processor.py:914} INFO - Processing file /home/komal/data-engineering-projects/airflow-spark-pipeline/airflow_venv/lib/python3.11/site-packages/airflow/example_dags/example_bash_operator.py for tasks to queue
[2026-03-18T13:47:11.232+0000] {logging_mixin.py:190} INFO - [2026-03-18T13:47:11.231+0000] {dagbag.py:588} INFO - Filling up the DagBag from /home/komal/data-engineering-projects/airflow-spark-pipeline/airflow_venv/lib/python3.11/site-packages/airflow/example_dags/example_bash_operator.py
[2026-03-18T13:47:11.256+0000] {processor.py:925} INFO - DAG(s) 'example_bash_operator' retrieved from /home/komal/data-engineering-projects/airflow-spark-pipeline/airflow_venv/lib/python3.11/site-packages/airflow/example_dags/example_bash_operator.py
[2026-03-18T13:47:11.285+0000] {logging_mixin.py:190} INFO - [2026-03-18T13:47:11.284+0000] {dag.py:3239} INFO - Sync 1 DAGs
[2026-03-18T13:47:11.313+0000] {logging_mixin.py:190} INFO - [2026-03-18T13:47:11.313+0000] {dag.py:4180} INFO - Setting next_dagrun for example_bash_operator to 2026-03-17 00:00:00+00:00, run_after=2026-03-18 00:00:00+00:00
[2026-03-18T13:47:11.339+0000] {processor.py:208} INFO - Processing /home/komal/data-engineering-projects/airflow-spark-pipeline/airflow_venv/lib/python3.11/site-packages/airflow/example_dags/example_bash_operator.py took 0.152 seconds
[2026-03-18T13:48:18.598+0000] {processor.py:186} INFO - Started process (PID=36580) to work on /home/komal/data-engineering-projects/airflow-spark-pipeline/airflow_venv/lib/python3.11/site-packages/airflow/example_dags/example_bash_operator.py
[2026-03-18T13:48:18.629+0000] {processor.py:914} INFO - Processing file /home/komal/data-engineering-projects/airflow-spark-pipeline/airflow_venv/lib/python3.11/site-packages/airflow/example_dags/example_bash_operator.py for tasks to queue
[2026-03-18T13:48:18.633+0000] {logging_mixin.py:190} INFO - [2026-03-18T13:48:18.632+0000] {dagbag.py:588} INFO - Filling up the DagBag from /home/komal/data-engineering-projects/airflow-spark-pipeline/airflow_venv/lib/python3.11/site-packages/airflow/example_dags/example_bash_operator.py
[2026-03-18T13:48:18.648+0000] {processor.py:925} INFO - DAG(s) 'example_bash_operator' retrieved from /home/komal/data-engineering-projects/airflow-spark-pipeline/airflow_venv/lib/python3.11/site-packages/airflow/example_dags/example_bash_operator.py
[2026-03-18T13:48:18.661+0000] {logging_mixin.py:190} INFO - [2026-03-18T13:48:18.661+0000] {dag.py:3239} INFO - Sync 1 DAGs
[2026-03-18T13:48:18.674+0000] {logging_mixin.py:190} INFO - [2026-03-18T13:48:18.674+0000] {dag.py:4180} INFO - Setting next_dagrun for example_bash_operator to 2026-03-17 00:00:00+00:00, run_after=2026-03-18 00:00:00+00:00
[2026-03-18T13:48:18.695+0000] {processor.py:208} INFO - Processing /home/komal/data-engineering-projects/airflow-spark-pipeline/airflow_venv/lib/python3.11/site-packages/airflow/example_dags/example_bash_operator.py took 0.108 seconds
[2026-03-18T13:49:22.968+0000] {processor.py:186} INFO - Started process (PID=36642) to work on /home/komal/data-engineering-projects/airflow-spark-pipeline/airflow_venv/lib/python3.11/site-packages/airflow/example_dags/example_bash_operator.py
[2026-03-18T13:49:22.999+0000] {processor.py:914} INFO - Processing file /home/komal/data-engineering-projects/airflow-spark-pipeline/airflow_venv/lib/python3.11/site-packages/airflow/example_dags/example_bash_operator.py for tasks to queue
[2026-03-18T13:49:23.004+0000] {logging_mixin.py:190} INFO - [2026-03-18T13:49:23.003+0000] {dagbag.py:588} INFO - Filling up the DagBag from /home/komal/data-engineering-projects/airflow-spark-pipeline/airflow_venv/lib/python3.11/site-packages/airflow/example_dags/example_bash_operator.py
[2026-03-18T13:49:23.020+0000] {processor.py:925} INFO - DAG(s) 'example_bash_operator' retrieved from /home/komal/data-engineering-projects/airflow-spark-pipeline/airflow_venv/lib/python3.11/site-packages/airflow/example_dags/example_bash_operator.py
[2026-03-18T13:49:23.034+0000] {logging_mixin.py:190} INFO - [2026-03-18T13:49:23.033+0000] {dag.py:3239} INFO - Sync 1 DAGs
[2026-03-18T13:49:23.046+0000] {logging_mixin.py:190} INFO - [2026-03-18T13:49:23.046+0000] {dag.py:4180} INFO - Setting next_dagrun for example_bash_operator to 2026-03-17 00:00:00+00:00, run_after=2026-03-18 00:00:00+00:00
[2026-03-18T13:49:23.068+0000] {processor.py:208} INFO - Processing /home/komal/data-engineering-projects/airflow-spark-pipeline/airflow_venv/lib/python3.11/site-packages/airflow/example_dags/example_bash_operator.py took 0.110 seconds
[2026-03-18T13:50:27.150+0000] {processor.py:186} INFO - Started process (PID=36705) to work on /home/komal/data-engineering-projects/airflow-spark-pipeline/airflow_venv/lib/python3.11/site-packages/airflow/example_dags/example_bash_operator.py
[2026-03-18T13:50:27.153+0000] {processor.py:914} INFO - Processing file /home/komal/data-engineering-projects/airflow-spark-pipeline/airflow_venv/lib/python3.11/site-packages/airflow/example_dags/example_bash_operator.py for tasks to queue
[2026-03-18T13:50:27.155+0000] {logging_mixin.py:190} INFO - [2026-03-18T13:50:27.155+0000] {dagbag.py:588} INFO - Filling up the DagBag from /home/komal/data-engineering-projects/airflow-spark-pipeline/airflow_venv/lib/python3.11/site-packages/airflow/example_dags/example_bash_operator.py
[2026-03-18T13:50:27.164+0000] {processor.py:925} INFO - DAG(s) 'example_bash_operator' retrieved from /home/komal/data-engineering-projects/airflow-spark-pipeline/airflow_venv/lib/python3.11/site-packages/airflow/example_dags/example_bash_operator.py
[2026-03-18T13:50:27.177+0000] {logging_mixin.py:190} INFO - [2026-03-18T13:50:27.177+0000] {dag.py:3239} INFO - Sync 1 DAGs
[2026-03-18T13:50:27.190+0000] {logging_mixin.py:190} INFO - [2026-03-18T13:50:27.190+0000] {dag.py:4180} INFO - Setting next_dagrun for example_bash_operator to 2026-03-17 00:00:00+00:00, run_after=2026-03-18 00:00:00+00:00
[2026-03-18T13:50:27.213+0000] {processor.py:208} INFO - Processing /home/komal/data-engineering-projects/airflow-spark-pipeline/airflow_venv/lib/python3.11/site-packages/airflow/example_dags/example_bash_operator.py took 0.071 seconds
[2026-03-18T13:51:33.284+0000] {processor.py:186} INFO - Started process (PID=36768) to work on /home/komal/data-engineering-projects/airflow-spark-pipeline/airflow_venv/lib/python3.11/site-packages/airflow/example_dags/example_bash_operator.py
[2026-03-18T13:51:33.318+0000] {processor.py:914} INFO - Processing file /home/komal/data-engineering-projects/airflow-spark-pipeline/airflow_venv/lib/python3.11/site-packages/airflow/example_dags/example_bash_operator.py for tasks to queue
[2026-03-18T13:51:33.323+0000] {logging_mixin.py:190} INFO - [2026-03-18T13:51:33.322+0000] {dagbag.py:588} INFO - Filling up the DagBag from /home/komal/data-engineering-projects/airflow-spark-pipeline/airflow_venv/lib/python3.11/site-packages/airflow/example_dags/example_bash_operator.py
[2026-03-18T13:51:33.340+0000] {processor.py:925} INFO - DAG(s) 'example_bash_operator' retrieved from /home/komal/data-engineering-projects/airflow-spark-pipeline/airflow_venv/lib/python3.11/site-packages/airflow/example_dags/example_bash_operator.py
[2026-03-18T13:51:33.354+0000] {logging_mixin.py:190} INFO - [2026-03-18T13:51:33.353+0000] {dag.py:3239} INFO - Sync 1 DAGs
[2026-03-18T13:51:33.368+0000] {logging_mixin.py:190} INFO - [2026-03-18T13:51:33.368+0000] {dag.py:4180} INFO - Setting next_dagrun for example_bash_operator to 2026-03-17 00:00:00+00:00, run_after=2026-03-18 00:00:00+00:00
[2026-03-18T13:51:33.392+0000] {processor.py:208} INFO - Processing /home/komal/data-engineering-projects/airflow-spark-pipeline/airflow_venv/lib/python3.11/site-packages/airflow/example_dags/example_bash_operator.py took 0.118 seconds
[2026-03-18T13:52:39.323+0000] {processor.py:186} INFO - Started process (PID=36834) to work on /home/komal/data-engineering-projects/airflow-spark-pipeline/airflow_venv/lib/python3.11/site-packages/airflow/example_dags/example_bash_operator.py
[2026-03-18T13:52:39.327+0000] {processor.py:914} INFO - Processing file /home/komal/data-engineering-projects/airflow-spark-pipeline/airflow_venv/lib/python3.11/site-packages/airflow/example_dags/example_bash_operator.py for tasks to queue
[2026-03-18T13:52:39.328+0000] {logging_mixin.py:190} INFO - [2026-03-18T13:52:39.328+0000] {dagbag.py:588} INFO - Filling up the DagBag from /home/komal/data-engineering-projects/airflow-spark-pipeline/airflow_venv/lib/python3.11/site-packages/airflow/example_dags/example_bash_operator.py
[2026-03-18T13:52:39.338+0000] {processor.py:925} INFO - DAG(s) 'example_bash_operator' retrieved from /home/komal/data-engineering-projects/airflow-spark-pipeline/airflow_venv/lib/python3.11/site-packages/airflow/example_dags/example_bash_operator.py
[2026-03-18T13:52:39.355+0000] {logging_mixin.py:190} INFO - [2026-03-18T13:52:39.355+0000] {dag.py:3239} INFO - Sync 1 DAGs
[2026-03-18T13:52:39.371+0000] {logging_mixin.py:190} INFO - [2026-03-18T13:52:39.371+0000] {dag.py:4180} INFO - Setting next_dagrun for example_bash_operator to 2026-03-17 00:00:00+00:00, run_after=2026-03-18 00:00:00+00:00
[2026-03-18T13:52:39.404+0000] {processor.py:208} INFO - Processing /home/komal/data-engineering-projects/airflow-spark-pipeline/airflow_venv/lib/python3.11/site-packages/airflow/example_dags/example_bash_operator.py took 0.085 seconds
[2026-03-18T13:53:44.663+0000] {processor.py:186} INFO - Started process (PID=36897) to work on /home/komal/data-engineering-projects/airflow-spark-pipeline/airflow_venv/lib/python3.11/site-packages/airflow/example_dags/example_bash_operator.py
[2026-03-18T13:53:44.694+0000] {processor.py:914} INFO - Processing file /home/komal/data-engineering-projects/airflow-spark-pipeline/airflow_venv/lib/python3.11/site-packages/airflow/example_dags/example_bash_operator.py for tasks to queue
[2026-03-18T13:53:44.696+0000] {logging_mixin.py:190} INFO - [2026-03-18T13:53:44.695+0000] {dagbag.py:588} INFO - Filling up the DagBag from /home/komal/data-engineering-projects/airflow-spark-pipeline/airflow_venv/lib/python3.11/site-packages/airflow/example_dags/example_bash_operator.py
[2026-03-18T13:53:44.713+0000] {processor.py:925} INFO - DAG(s) 'example_bash_operator' retrieved from /home/komal/data-engineering-projects/airflow-spark-pipeline/airflow_venv/lib/python3.11/site-packages/airflow/example_dags/example_bash_operator.py
[2026-03-18T13:53:44.731+0000] {logging_mixin.py:190} INFO - [2026-03-18T13:53:44.731+0000] {dag.py:3239} INFO - Sync 1 DAGs
[2026-03-18T13:53:44.744+0000] {logging_mixin.py:190} INFO - [2026-03-18T13:53:44.744+0000] {dag.py:4180} INFO - Setting next_dagrun for example_bash_operator to 2026-03-17 00:00:00+00:00, run_after=2026-03-18 00:00:00+00:00
[2026-03-18T13:53:44.766+0000] {processor.py:208} INFO - Processing /home/komal/data-engineering-projects/airflow-spark-pipeline/airflow_venv/lib/python3.11/site-packages/airflow/example_dags/example_bash_operator.py took 0.112 seconds
[2026-03-18T13:54:52.443+0000] {processor.py:186} INFO - Started process (PID=36960) to work on /home/komal/data-engineering-projects/airflow-spark-pipeline/airflow_venv/lib/python3.11/site-packages/airflow/example_dags/example_bash_operator.py
[2026-03-18T13:54:52.475+0000] {processor.py:914} INFO - Processing file /home/komal/data-engineering-projects/airflow-spark-pipeline/airflow_venv/lib/python3.11/site-packages/airflow/example_dags/example_bash_operator.py for tasks to queue
[2026-03-18T13:54:52.479+0000] {logging_mixin.py:190} INFO - [2026-03-18T13:54:52.478+0000] {dagbag.py:588} INFO - Filling up the DagBag from /home/komal/data-engineering-projects/airflow-spark-pipeline/airflow_venv/lib/python3.11/site-packages/airflow/example_dags/example_bash_operator.py
[2026-03-18T13:54:52.495+0000] {processor.py:925} INFO - DAG(s) 'example_bash_operator' retrieved from /home/komal/data-engineering-projects/airflow-spark-pipeline/airflow_venv/lib/python3.11/site-packages/airflow/example_dags/example_bash_operator.py
[2026-03-18T13:54:52.511+0000] {logging_mixin.py:190} INFO - [2026-03-18T13:54:52.511+0000] {dag.py:3239} INFO - Sync 1 DAGs
[2026-03-18T13:54:52.525+0000] {logging_mixin.py:190} INFO - [2026-03-18T13:54:52.524+0000] {dag.py:4180} INFO - Setting next_dagrun for example_bash_operator to 2026-03-17 00:00:00+00:00, run_after=2026-03-18 00:00:00+00:00
[2026-03-18T13:54:52.548+0000] {processor.py:208} INFO - Processing /home/komal/data-engineering-projects/airflow-spark-pipeline/airflow_venv/lib/python3.11/site-packages/airflow/example_dags/example_bash_operator.py took 0.110 seconds
[2026-03-18T13:55:56.943+0000] {processor.py:186} INFO - Started process (PID=37025) to work on /home/komal/data-engineering-projects/airflow-spark-pipeline/airflow_venv/lib/python3.11/site-packages/airflow/example_dags/example_bash_operator.py
[2026-03-18T13:55:56.976+0000] {processor.py:914} INFO - Processing file /home/komal/data-engineering-projects/airflow-spark-pipeline/airflow_venv/lib/python3.11/site-packages/airflow/example_dags/example_bash_operator.py for tasks to queue
[2026-03-18T13:55:56.979+0000] {logging_mixin.py:190} INFO - [2026-03-18T13:55:56.979+0000] {dagbag.py:588} INFO - Filling up the DagBag from /home/komal/data-engineering-projects/airflow-spark-pipeline/airflow_venv/lib/python3.11/site-packages/airflow/example_dags/example_bash_operator.py
[2026-03-18T13:55:56.999+0000] {processor.py:925} INFO - DAG(s) 'example_bash_operator' retrieved from /home/komal/data-engineering-projects/airflow-spark-pipeline/airflow_venv/lib/python3.11/site-packages/airflow/example_dags/example_bash_operator.py
[2026-03-18T13:55:57.014+0000] {logging_mixin.py:190} INFO - [2026-03-18T13:55:57.013+0000] {dag.py:3239} INFO - Sync 1 DAGs
[2026-03-18T13:55:57.037+0000] {logging_mixin.py:190} INFO - [2026-03-18T13:55:57.037+0000] {dag.py:4180} INFO - Setting next_dagrun for example_bash_operator to 2026-03-17 00:00:00+00:00, run_after=2026-03-18 00:00:00+00:00
[2026-03-18T13:55:57.102+0000] {processor.py:208} INFO - Processing /home/komal/data-engineering-projects/airflow-spark-pipeline/airflow_venv/lib/python3.11/site-packages/airflow/example_dags/example_bash_operator.py took 0.170 seconds
[2026-03-18T13:57:04.995+0000] {processor.py:186} INFO - Started process (PID=37090) to work on /home/komal/data-engineering-projects/airflow-spark-pipeline/airflow_venv/lib/python3.11/site-packages/airflow/example_dags/example_bash_operator.py
[2026-03-18T13:57:05.029+0000] {processor.py:914} INFO - Processing file /home/komal/data-engineering-projects/airflow-spark-pipeline/airflow_venv/lib/python3.11/site-packages/airflow/example_dags/example_bash_operator.py for tasks to queue
[2026-03-18T13:57:05.033+0000] {logging_mixin.py:190} INFO - [2026-03-18T13:57:05.032+0000] {dagbag.py:588} INFO - Filling up the DagBag from /home/komal/data-engineering-projects/airflow-spark-pipeline/airflow_venv/lib/python3.11/site-packages/airflow/example_dags/example_bash_operator.py
[2026-03-18T13:57:05.050+0000] {processor.py:925} INFO - DAG(s) 'example_bash_operator' retrieved from /home/komal/data-engineering-projects/airflow-spark-pipeline/airflow_venv/lib/python3.11/site-packages/airflow/example_dags/example_bash_operator.py
[2026-03-18T13:57:05.072+0000] {logging_mixin.py:190} INFO - [2026-03-18T13:57:05.072+0000] {dag.py:3239} INFO - Sync 1 DAGs
[2026-03-18T13:57:05.089+0000] {logging_mixin.py:190} INFO - [2026-03-18T13:57:05.089+0000] {dag.py:4180} INFO - Setting next_dagrun for example_bash_operator to 2026-03-17 00:00:00+00:00, run_after=2026-03-18 00:00:00+00:00
[2026-03-18T13:57:05.117+0000] {processor.py:208} INFO - Processing /home/komal/data-engineering-projects/airflow-spark-pipeline/airflow_venv/lib/python3.11/site-packages/airflow/example_dags/example_bash_operator.py took 0.127 seconds
[2026-03-18T13:58:16.633+0000] {processor.py:186} INFO - Started process (PID=37156) to work on /home/komal/data-engineering-projects/airflow-spark-pipeline/airflow_venv/lib/python3.11/site-packages/airflow/example_dags/example_bash_operator.py
[2026-03-18T13:58:16.664+0000] {processor.py:914} INFO - Processing file /home/komal/data-engineering-projects/airflow-spark-pipeline/airflow_venv/lib/python3.11/site-packages/airflow/example_dags/example_bash_operator.py for tasks to queue
[2026-03-18T13:58:16.666+0000] {logging_mixin.py:190} INFO - [2026-03-18T13:58:16.665+0000] {dagbag.py:588} INFO - Filling up the DagBag from /home/komal/data-engineering-projects/airflow-spark-pipeline/airflow_venv/lib/python3.11/site-packages/airflow/example_dags/example_bash_operator.py
[2026-03-18T13:58:16.674+0000] {processor.py:925} INFO - DAG(s) 'example_bash_operator' retrieved from /home/komal/data-engineering-projects/airflow-spark-pipeline/airflow_venv/lib/python3.11/site-packages/airflow/example_dags/example_bash_operator.py
[2026-03-18T13:58:16.688+0000] {logging_mixin.py:190} INFO - [2026-03-18T13:58:16.688+0000] {dag.py:3239} INFO - Sync 1 DAGs
[2026-03-18T13:58:16.702+0000] {logging_mixin.py:190} INFO - [2026-03-18T13:58:16.702+0000] {dag.py:4180} INFO - Setting next_dagrun for example_bash_operator to 2026-03-17 00:00:00+00:00, run_after=2026-03-18 00:00:00+00:00
[2026-03-18T13:58:16.755+0000] {processor.py:208} INFO - Processing /home/komal/data-engineering-projects/airflow-spark-pipeline/airflow_venv/lib/python3.11/site-packages/airflow/example_dags/example_bash_operator.py took 0.126 seconds
[2026-03-18T14:02:11.904+0000] {processor.py:186} INFO - Started process (PID=37245) to work on /home/komal/data-engineering-projects/airflow-spark-pipeline/airflow_venv/lib/python3.11/site-packages/airflow/example_dags/example_bash_operator.py
[2026-03-18T14:02:11.937+0000] {processor.py:914} INFO - Processing file /home/komal/data-engineering-projects/airflow-spark-pipeline/airflow_venv/lib/python3.11/site-packages/airflow/example_dags/example_bash_operator.py for tasks to queue
[2026-03-18T14:02:11.940+0000] {logging_mixin.py:190} INFO - [2026-03-18T14:02:11.939+0000] {dagbag.py:588} INFO - Filling up the DagBag from /home/komal/data-engineering-projects/airflow-spark-pipeline/airflow_venv/lib/python3.11/site-packages/airflow/example_dags/example_bash_operator.py
[2026-03-18T14:02:11.958+0000] {processor.py:925} INFO - DAG(s) 'example_bash_operator' retrieved from /home/komal/data-engineering-projects/airflow-spark-pipeline/airflow_venv/lib/python3.11/site-packages/airflow/example_dags/example_bash_operator.py
[2026-03-18T14:02:11.981+0000] {logging_mixin.py:190} INFO - [2026-03-18T14:02:11.981+0000] {dag.py:3239} INFO - Sync 1 DAGs
[2026-03-18T14:02:12.002+0000] {logging_mixin.py:190} INFO - [2026-03-18T14:02:12.002+0000] {dag.py:4180} INFO - Setting next_dagrun for example_bash_operator to 2026-03-17 00:00:00+00:00, run_after=2026-03-18 00:00:00+00:00
[2026-03-18T14:02:12.029+0000] {processor.py:208} INFO - Processing /home/komal/data-engineering-projects/airflow-spark-pipeline/airflow_venv/lib/python3.11/site-packages/airflow/example_dags/example_bash_operator.py took 0.133 seconds
[2026-03-18T14:03:12.648+0000] {processor.py:186} INFO - Started process (PID=37309) to work on /home/komal/data-engineering-projects/airflow-spark-pipeline/airflow_venv/lib/python3.11/site-packages/airflow/example_dags/example_bash_operator.py
[2026-03-18T14:03:12.650+0000] {processor.py:914} INFO - Processing file /home/komal/data-engineering-projects/airflow-spark-pipeline/airflow_venv/lib/python3.11/site-packages/airflow/example_dags/example_bash_operator.py for tasks to queue
[2026-03-18T14:03:12.654+0000] {logging_mixin.py:190} INFO - [2026-03-18T14:03:12.654+0000] {dagbag.py:588} INFO - Filling up the DagBag from /home/komal/data-engineering-projects/airflow-spark-pipeline/airflow_venv/lib/python3.11/site-packages/airflow/example_dags/example_bash_operator.py
[2026-03-18T14:03:12.682+0000] {processor.py:925} INFO - DAG(s) 'example_bash_operator' retrieved from /home/komal/data-engineering-projects/airflow-spark-pipeline/airflow_venv/lib/python3.11/site-packages/airflow/example_dags/example_bash_operator.py
[2026-03-18T14:03:12.707+0000] {logging_mixin.py:190} INFO - [2026-03-18T14:03:12.706+0000] {dag.py:3239} INFO - Sync 1 DAGs
[2026-03-18T14:03:12.727+0000] {logging_mixin.py:190} INFO - [2026-03-18T14:03:12.727+0000] {dag.py:4180} INFO - Setting next_dagrun for example_bash_operator to 2026-03-17 00:00:00+00:00, run_after=2026-03-18 00:00:00+00:00
[2026-03-18T14:03:12.762+0000] {processor.py:208} INFO - Processing /home/komal/data-engineering-projects/airflow-spark-pipeline/airflow_venv/lib/python3.11/site-packages/airflow/example_dags/example_bash_operator.py took 0.121 seconds
[2026-03-18T14:04:43.643+0000] {processor.py:186} INFO - Started process (PID=37509) to work on /home/komal/data-engineering-projects/airflow-spark-pipeline/airflow_venv/lib/python3.11/site-packages/airflow/example_dags/example_bash_operator.py
[2026-03-18T14:04:43.644+0000] {processor.py:914} INFO - Processing file /home/komal/data-engineering-projects/airflow-spark-pipeline/airflow_venv/lib/python3.11/site-packages/airflow/example_dags/example_bash_operator.py for tasks to queue
[2026-03-18T14:04:43.647+0000] {logging_mixin.py:190} INFO - [2026-03-18T14:04:43.646+0000] {dagbag.py:588} INFO - Filling up the DagBag from /home/komal/data-engineering-projects/airflow-spark-pipeline/airflow_venv/lib/python3.11/site-packages/airflow/example_dags/example_bash_operator.py
[2026-03-18T14:04:43.659+0000] {processor.py:925} INFO - DAG(s) 'example_bash_operator' retrieved from /home/komal/data-engineering-projects/airflow-spark-pipeline/airflow_venv/lib/python3.11/site-packages/airflow/example_dags/example_bash_operator.py
[2026-03-18T14:04:43.680+0000] {logging_mixin.py:190} INFO - [2026-03-18T14:04:43.679+0000] {dag.py:3239} INFO - Sync 1 DAGs
[2026-03-18T14:04:43.695+0000] {logging_mixin.py:190} INFO - [2026-03-18T14:04:43.695+0000] {dag.py:4180} INFO - Setting next_dagrun for example_bash_operator to 2026-03-17 00:00:00+00:00, run_after=2026-03-18 00:00:00+00:00
[2026-03-18T14:04:43.713+0000] {processor.py:208} INFO - Processing /home/komal/data-engineering-projects/airflow-spark-pipeline/airflow_venv/lib/python3.11/site-packages/airflow/example_dags/example_bash_operator.py took 0.075 seconds
[2026-03-18T14:05:46.975+0000] {processor.py:186} INFO - Started process (PID=37574) to work on /home/komal/data-engineering-projects/airflow-spark-pipeline/airflow_venv/lib/python3.11/site-packages/airflow/example_dags/example_bash_operator.py
[2026-03-18T14:05:46.976+0000] {processor.py:914} INFO - Processing file /home/komal/data-engineering-projects/airflow-spark-pipeline/airflow_venv/lib/python3.11/site-packages/airflow/example_dags/example_bash_operator.py for tasks to queue
[2026-03-18T14:05:46.980+0000] {logging_mixin.py:190} INFO - [2026-03-18T14:05:46.980+0000] {dagbag.py:588} INFO - Filling up the DagBag from /home/komal/data-engineering-projects/airflow-spark-pipeline/airflow_venv/lib/python3.11/site-packages/airflow/example_dags/example_bash_operator.py
[2026-03-18T14:05:46.998+0000] {processor.py:925} INFO - DAG(s) 'example_bash_operator' retrieved from /home/komal/data-engineering-projects/airflow-spark-pipeline/airflow_venv/lib/python3.11/site-packages/airflow/example_dags/example_bash_operator.py
[2026-03-18T14:05:47.015+0000] {logging_mixin.py:190} INFO - [2026-03-18T14:05:47.015+0000] {dag.py:3239} INFO - Sync 1 DAGs
[2026-03-18T14:05:47.033+0000] {logging_mixin.py:190} INFO - [2026-03-18T14:05:47.032+0000] {dag.py:4180} INFO - Setting next_dagrun for example_bash_operator to 2026-03-17 00:00:00+00:00, run_after=2026-03-18 00:00:00+00:00
[2026-03-18T14:05:47.055+0000] {processor.py:208} INFO - Processing /home/komal/data-engineering-projects/airflow-spark-pipeline/airflow_venv/lib/python3.11/site-packages/airflow/example_dags/example_bash_operator.py took 0.085 seconds
[2026-03-18T16:35:07.220+0000] {processor.py:186} INFO - Started process (PID=37655) to work on /home/komal/data-engineering-projects/airflow-spark-pipeline/airflow_venv/lib/python3.11/site-packages/airflow/example_dags/example_bash_operator.py
[2026-03-18T16:35:07.222+0000] {processor.py:914} INFO - Processing file /home/komal/data-engineering-projects/airflow-spark-pipeline/airflow_venv/lib/python3.11/site-packages/airflow/example_dags/example_bash_operator.py for tasks to queue
[2026-03-18T16:35:07.223+0000] {logging_mixin.py:190} INFO - [2026-03-18T16:35:07.223+0000] {dagbag.py:588} INFO - Filling up the DagBag from /home/komal/data-engineering-projects/airflow-spark-pipeline/airflow_venv/lib/python3.11/site-packages/airflow/example_dags/example_bash_operator.py
[2026-03-18T16:35:07.233+0000] {processor.py:925} INFO - DAG(s) 'example_bash_operator' retrieved from /home/komal/data-engineering-projects/airflow-spark-pipeline/airflow_venv/lib/python3.11/site-packages/airflow/example_dags/example_bash_operator.py
[2026-03-18T16:35:07.247+0000] {logging_mixin.py:190} INFO - [2026-03-18T16:35:07.246+0000] {dag.py:3239} INFO - Sync 1 DAGs
[2026-03-18T16:35:07.262+0000] {logging_mixin.py:190} INFO - [2026-03-18T16:35:07.262+0000] {dag.py:4180} INFO - Setting next_dagrun for example_bash_operator to 2026-03-17 00:00:00+00:00, run_after=2026-03-18 00:00:00+00:00
[2026-03-18T16:35:07.295+0000] {processor.py:208} INFO - Processing /home/komal/data-engineering-projects/airflow-spark-pipeline/airflow_venv/lib/python3.11/site-packages/airflow/example_dags/example_bash_operator.py took 0.080 seconds
[2026-03-18T16:36:18.391+0000] {processor.py:186} INFO - Started process (PID=37727) to work on /home/komal/data-engineering-projects/airflow-spark-pipeline/airflow_venv/lib/python3.11/site-packages/airflow/example_dags/example_bash_operator.py
[2026-03-18T16:36:18.424+0000] {processor.py:914} INFO - Processing file /home/komal/data-engineering-projects/airflow-spark-pipeline/airflow_venv/lib/python3.11/site-packages/airflow/example_dags/example_bash_operator.py for tasks to queue
[2026-03-18T16:36:18.425+0000] {logging_mixin.py:190} INFO - [2026-03-18T16:36:18.425+0000] {dagbag.py:588} INFO - Filling up the DagBag from /home/komal/data-engineering-projects/airflow-spark-pipeline/airflow_venv/lib/python3.11/site-packages/airflow/example_dags/example_bash_operator.py
[2026-03-18T16:36:18.435+0000] {processor.py:925} INFO - DAG(s) 'example_bash_operator' retrieved from /home/komal/data-engineering-projects/airflow-spark-pipeline/airflow_venv/lib/python3.11/site-packages/airflow/example_dags/example_bash_operator.py
[2026-03-18T16:36:18.449+0000] {logging_mixin.py:190} INFO - [2026-03-18T16:36:18.449+0000] {dag.py:3239} INFO - Sync 1 DAGs
[2026-03-18T16:36:18.464+0000] {logging_mixin.py:190} INFO - [2026-03-18T16:36:18.463+0000] {dag.py:4180} INFO - Setting next_dagrun for example_bash_operator to 2026-03-17 00:00:00+00:00, run_after=2026-03-18 00:00:00+00:00
[2026-03-18T16:36:18.491+0000] {processor.py:208} INFO - Processing /home/komal/data-engineering-projects/airflow-spark-pipeline/airflow_venv/lib/python3.11/site-packages/airflow/example_dags/example_bash_operator.py took 0.104 seconds
[2026-03-18T16:37:24.928+0000] {processor.py:186} INFO - Started process (PID=37797) to work on /home/komal/data-engineering-projects/airflow-spark-pipeline/airflow_venv/lib/python3.11/site-packages/airflow/example_dags/example_bash_operator.py
[2026-03-18T16:37:24.959+0000] {processor.py:914} INFO - Processing file /home/komal/data-engineering-projects/airflow-spark-pipeline/airflow_venv/lib/python3.11/site-packages/airflow/example_dags/example_bash_operator.py for tasks to queue
[2026-03-18T16:37:24.963+0000] {logging_mixin.py:190} INFO - [2026-03-18T16:37:24.963+0000] {dagbag.py:588} INFO - Filling up the DagBag from /home/komal/data-engineering-projects/airflow-spark-pipeline/airflow_venv/lib/python3.11/site-packages/airflow/example_dags/example_bash_operator.py
[2026-03-18T16:37:24.982+0000] {processor.py:925} INFO - DAG(s) 'example_bash_operator' retrieved from /home/komal/data-engineering-projects/airflow-spark-pipeline/airflow_venv/lib/python3.11/site-packages/airflow/example_dags/example_bash_operator.py
[2026-03-18T16:37:24.998+0000] {logging_mixin.py:190} INFO - [2026-03-18T16:37:24.997+0000] {dag.py:3239} INFO - Sync 1 DAGs
[2026-03-18T16:37:25.011+0000] {logging_mixin.py:190} INFO - [2026-03-18T16:37:25.011+0000] {dag.py:4180} INFO - Setting next_dagrun for example_bash_operator to 2026-03-17 00:00:00+00:00, run_after=2026-03-18 00:00:00+00:00
[2026-03-18T16:37:25.031+0000] {processor.py:208} INFO - Processing /home/komal/data-engineering-projects/airflow-spark-pipeline/airflow_venv/lib/python3.11/site-packages/airflow/example_dags/example_bash_operator.py took 0.112 seconds
[2026-03-18T16:38:31.810+0000] {processor.py:186} INFO - Started process (PID=37860) to work on /home/komal/data-engineering-projects/airflow-spark-pipeline/airflow_venv/lib/python3.11/site-packages/airflow/example_dags/example_bash_operator.py
[2026-03-18T16:38:31.841+0000] {processor.py:914} INFO - Processing file /home/komal/data-engineering-projects/airflow-spark-pipeline/airflow_venv/lib/python3.11/site-packages/airflow/example_dags/example_bash_operator.py for tasks to queue
[2026-03-18T16:38:31.844+0000] {logging_mixin.py:190} INFO - [2026-03-18T16:38:31.844+0000] {dagbag.py:588} INFO - Filling up the DagBag from /home/komal/data-engineering-projects/airflow-spark-pipeline/airflow_venv/lib/python3.11/site-packages/airflow/example_dags/example_bash_operator.py
[2026-03-18T16:38:31.861+0000] {processor.py:925} INFO - DAG(s) 'example_bash_operator' retrieved from /home/komal/data-engineering-projects/airflow-spark-pipeline/airflow_venv/lib/python3.11/site-packages/airflow/example_dags/example_bash_operator.py
[2026-03-18T16:38:31.873+0000] {logging_mixin.py:190} INFO - [2026-03-18T16:38:31.873+0000] {dag.py:3239} INFO - Sync 1 DAGs
[2026-03-18T16:38:31.886+0000] {logging_mixin.py:190} INFO - [2026-03-18T16:38:31.886+0000] {dag.py:4180} INFO - Setting next_dagrun for example_bash_operator to 2026-03-17 00:00:00+00:00, run_after=2026-03-18 00:00:00+00:00
[2026-03-18T16:38:31.919+0000] {processor.py:208} INFO - Processing /home/komal/data-engineering-projects/airflow-spark-pipeline/airflow_venv/lib/python3.11/site-packages/airflow/example_dags/example_bash_operator.py took 0.116 seconds
[2026-03-18T16:39:36.730+0000] {processor.py:186} INFO - Started process (PID=37923) to work on /home/komal/data-engineering-projects/airflow-spark-pipeline/airflow_venv/lib/python3.11/site-packages/airflow/example_dags/example_bash_operator.py
[2026-03-18T16:39:36.761+0000] {processor.py:914} INFO - Processing file /home/komal/data-engineering-projects/airflow-spark-pipeline/airflow_venv/lib/python3.11/site-packages/airflow/example_dags/example_bash_operator.py for tasks to queue
[2026-03-18T16:39:36.765+0000] {logging_mixin.py:190} INFO - [2026-03-18T16:39:36.764+0000] {dagbag.py:588} INFO - Filling up the DagBag from /home/komal/data-engineering-projects/airflow-spark-pipeline/airflow_venv/lib/python3.11/site-packages/airflow/example_dags/example_bash_operator.py
[2026-03-18T16:39:36.781+0000] {processor.py:925} INFO - DAG(s) 'example_bash_operator' retrieved from /home/komal/data-engineering-projects/airflow-spark-pipeline/airflow_venv/lib/python3.11/site-packages/airflow/example_dags/example_bash_operator.py
[2026-03-18T16:39:36.795+0000] {logging_mixin.py:190} INFO - [2026-03-18T16:39:36.795+0000] {dag.py:3239} INFO - Sync 1 DAGs
[2026-03-18T16:39:36.808+0000] {logging_mixin.py:190} INFO - [2026-03-18T16:39:36.808+0000] {dag.py:4180} INFO - Setting next_dagrun for example_bash_operator to 2026-03-17 00:00:00+00:00, run_after=2026-03-18 00:00:00+00:00
[2026-03-18T16:39:36.828+0000] {processor.py:208} INFO - Processing /home/komal/data-engineering-projects/airflow-spark-pipeline/airflow_venv/lib/python3.11/site-packages/airflow/example_dags/example_bash_operator.py took 0.106 seconds
[2026-03-18T16:40:40.918+0000] {processor.py:186} INFO - Started process (PID=37986) to work on /home/komal/data-engineering-projects/airflow-spark-pipeline/airflow_venv/lib/python3.11/site-packages/airflow/example_dags/example_bash_operator.py
[2026-03-18T16:40:40.937+0000] {processor.py:914} INFO - Processing file /home/komal/data-engineering-projects/airflow-spark-pipeline/airflow_venv/lib/python3.11/site-packages/airflow/example_dags/example_bash_operator.py for tasks to queue
[2026-03-18T16:40:40.941+0000] {logging_mixin.py:190} INFO - [2026-03-18T16:40:40.940+0000] {dagbag.py:588} INFO - Filling up the DagBag from /home/komal/data-engineering-projects/airflow-spark-pipeline/airflow_venv/lib/python3.11/site-packages/airflow/example_dags/example_bash_operator.py
[2026-03-18T16:40:40.956+0000] {processor.py:925} INFO - DAG(s) 'example_bash_operator' retrieved from /home/komal/data-engineering-projects/airflow-spark-pipeline/airflow_venv/lib/python3.11/site-packages/airflow/example_dags/example_bash_operator.py
[2026-03-18T16:40:40.969+0000] {logging_mixin.py:190} INFO - [2026-03-18T16:40:40.969+0000] {dag.py:3239} INFO - Sync 1 DAGs
[2026-03-18T16:40:40.987+0000] {logging_mixin.py:190} INFO - [2026-03-18T16:40:40.987+0000] {dag.py:4180} INFO - Setting next_dagrun for example_bash_operator to 2026-03-17 00:00:00+00:00, run_after=2026-03-18 00:00:00+00:00
[2026-03-18T16:40:41.009+0000] {processor.py:208} INFO - Processing /home/komal/data-engineering-projects/airflow-spark-pipeline/airflow_venv/lib/python3.11/site-packages/airflow/example_dags/example_bash_operator.py took 0.099 seconds
[2026-03-18T16:41:47.694+0000] {processor.py:186} INFO - Started process (PID=38060) to work on /home/komal/data-engineering-projects/airflow-spark-pipeline/airflow_venv/lib/python3.11/site-packages/airflow/example_dags/example_bash_operator.py
[2026-03-18T16:41:47.698+0000] {processor.py:914} INFO - Processing file /home/komal/data-engineering-projects/airflow-spark-pipeline/airflow_venv/lib/python3.11/site-packages/airflow/example_dags/example_bash_operator.py for tasks to queue
[2026-03-18T16:41:47.701+0000] {logging_mixin.py:190} INFO - [2026-03-18T16:41:47.700+0000] {dagbag.py:588} INFO - Filling up the DagBag from /home/komal/data-engineering-projects/airflow-spark-pipeline/airflow_venv/lib/python3.11/site-packages/airflow/example_dags/example_bash_operator.py
[2026-03-18T16:41:47.721+0000] {processor.py:925} INFO - DAG(s) 'example_bash_operator' retrieved from /home/komal/data-engineering-projects/airflow-spark-pipeline/airflow_venv/lib/python3.11/site-packages/airflow/example_dags/example_bash_operator.py
[2026-03-18T16:41:47.743+0000] {logging_mixin.py:190} INFO - [2026-03-18T16:41:47.742+0000] {dag.py:3239} INFO - Sync 1 DAGs
[2026-03-18T16:41:47.756+0000] {logging_mixin.py:190} INFO - [2026-03-18T16:41:47.756+0000] {dag.py:4180} INFO - Setting next_dagrun for example_bash_operator to 2026-03-17 00:00:00+00:00, run_after=2026-03-18 00:00:00+00:00
[2026-03-18T16:41:47.775+0000] {processor.py:208} INFO - Processing /home/komal/data-engineering-projects/airflow-spark-pipeline/airflow_venv/lib/python3.11/site-packages/airflow/example_dags/example_bash_operator.py took 0.090 seconds
[2026-03-18T16:42:57.660+0000] {processor.py:186} INFO - Started process (PID=38128) to work on /home/komal/data-engineering-projects/airflow-spark-pipeline/airflow_venv/lib/python3.11/site-packages/airflow/example_dags/example_bash_operator.py
[2026-03-18T16:42:57.693+0000] {processor.py:914} INFO - Processing file /home/komal/data-engineering-projects/airflow-spark-pipeline/airflow_venv/lib/python3.11/site-packages/airflow/example_dags/example_bash_operator.py for tasks to queue
[2026-03-18T16:42:57.695+0000] {logging_mixin.py:190} INFO - [2026-03-18T16:42:57.694+0000] {dagbag.py:588} INFO - Filling up the DagBag from /home/komal/data-engineering-projects/airflow-spark-pipeline/airflow_venv/lib/python3.11/site-packages/airflow/example_dags/example_bash_operator.py
[2026-03-18T16:42:57.705+0000] {processor.py:925} INFO - DAG(s) 'example_bash_operator' retrieved from /home/komal/data-engineering-projects/airflow-spark-pipeline/airflow_venv/lib/python3.11/site-packages/airflow/example_dags/example_bash_operator.py
[2026-03-18T16:42:57.721+0000] {logging_mixin.py:190} INFO - [2026-03-18T16:42:57.721+0000] {dag.py:3239} INFO - Sync 1 DAGs
[2026-03-18T16:42:57.735+0000] {logging_mixin.py:190} INFO - [2026-03-18T16:42:57.735+0000] {dag.py:4180} INFO - Setting next_dagrun for example_bash_operator to 2026-03-17 00:00:00+00:00, run_after=2026-03-18 00:00:00+00:00
[2026-03-18T16:42:57.756+0000] {processor.py:208} INFO - Processing /home/komal/data-engineering-projects/airflow-spark-pipeline/airflow_venv/lib/python3.11/site-packages/airflow/example_dags/example_bash_operator.py took 0.100 seconds
[2026-03-18T16:43:59.288+0000] {processor.py:186} INFO - Started process (PID=38190) to work on /home/komal/data-engineering-projects/airflow-spark-pipeline/airflow_venv/lib/python3.11/site-packages/airflow/example_dags/example_bash_operator.py
[2026-03-18T16:43:59.290+0000] {processor.py:914} INFO - Processing file /home/komal/data-engineering-projects/airflow-spark-pipeline/airflow_venv/lib/python3.11/site-packages/airflow/example_dags/example_bash_operator.py for tasks to queue
[2026-03-18T16:43:59.292+0000] {logging_mixin.py:190} INFO - [2026-03-18T16:43:59.292+0000] {dagbag.py:588} INFO - Filling up the DagBag from /home/komal/data-engineering-projects/airflow-spark-pipeline/airflow_venv/lib/python3.11/site-packages/airflow/example_dags/example_bash_operator.py
[2026-03-18T16:43:59.315+0000] {processor.py:925} INFO - DAG(s) 'example_bash_operator' retrieved from /home/komal/data-engineering-projects/airflow-spark-pipeline/airflow_venv/lib/python3.11/site-packages/airflow/example_dags/example_bash_operator.py
[2026-03-18T16:43:59.342+0000] {logging_mixin.py:190} INFO - [2026-03-18T16:43:59.341+0000] {dag.py:3239} INFO - Sync 1 DAGs
[2026-03-18T16:43:59.354+0000] {logging_mixin.py:190} INFO - [2026-03-18T16:43:59.354+0000] {dag.py:4180} INFO - Setting next_dagrun for example_bash_operator to 2026-03-17 00:00:00+00:00, run_after=2026-03-18 00:00:00+00:00
[2026-03-18T16:43:59.383+0000] {processor.py:208} INFO - Processing /home/komal/data-engineering-projects/airflow-spark-pipeline/airflow_venv/lib/python3.11/site-packages/airflow/example_dags/example_bash_operator.py took 0.103 seconds
[2026-03-18T16:45:08.382+0000] {processor.py:186} INFO - Started process (PID=38254) to work on /home/komal/data-engineering-projects/airflow-spark-pipeline/airflow_venv/lib/python3.11/site-packages/airflow/example_dags/example_bash_operator.py
[2026-03-18T16:45:08.415+0000] {processor.py:914} INFO - Processing file /home/komal/data-engineering-projects/airflow-spark-pipeline/airflow_venv/lib/python3.11/site-packages/airflow/example_dags/example_bash_operator.py for tasks to queue
[2026-03-18T16:45:08.420+0000] {logging_mixin.py:190} INFO - [2026-03-18T16:45:08.419+0000] {dagbag.py:588} INFO - Filling up the DagBag from /home/komal/data-engineering-projects/airflow-spark-pipeline/airflow_venv/lib/python3.11/site-packages/airflow/example_dags/example_bash_operator.py
[2026-03-18T16:45:08.447+0000] {processor.py:925} INFO - DAG(s) 'example_bash_operator' retrieved from /home/komal/data-engineering-projects/airflow-spark-pipeline/airflow_venv/lib/python3.11/site-packages/airflow/example_dags/example_bash_operator.py
[2026-03-18T16:45:08.471+0000] {logging_mixin.py:190} INFO - [2026-03-18T16:45:08.471+0000] {dag.py:3239} INFO - Sync 1 DAGs
[2026-03-18T16:45:08.484+0000] {logging_mixin.py:190} INFO - [2026-03-18T16:45:08.484+0000] {dag.py:4180} INFO - Setting next_dagrun for example_bash_operator to 2026-03-17 00:00:00+00:00, run_after=2026-03-18 00:00:00+00:00
[2026-03-18T16:45:08.510+0000] {processor.py:208} INFO - Processing /home/komal/data-engineering-projects/airflow-spark-pipeline/airflow_venv/lib/python3.11/site-packages/airflow/example_dags/example_bash_operator.py took 0.137 seconds
[2026-03-18T16:46:16.677+0000] {processor.py:186} INFO - Started process (PID=38319) to work on /home/komal/data-engineering-projects/airflow-spark-pipeline/airflow_venv/lib/python3.11/site-packages/airflow/example_dags/example_bash_operator.py
[2026-03-18T16:46:16.706+0000] {processor.py:914} INFO - Processing file /home/komal/data-engineering-projects/airflow-spark-pipeline/airflow_venv/lib/python3.11/site-packages/airflow/example_dags/example_bash_operator.py for tasks to queue
[2026-03-18T16:46:16.710+0000] {logging_mixin.py:190} INFO - [2026-03-18T16:46:16.709+0000] {dagbag.py:588} INFO - Filling up the DagBag from /home/komal/data-engineering-projects/airflow-spark-pipeline/airflow_venv/lib/python3.11/site-packages/airflow/example_dags/example_bash_operator.py
[2026-03-18T16:46:16.725+0000] {processor.py:925} INFO - DAG(s) 'example_bash_operator' retrieved from /home/komal/data-engineering-projects/airflow-spark-pipeline/airflow_venv/lib/python3.11/site-packages/airflow/example_dags/example_bash_operator.py
[2026-03-18T16:46:16.740+0000] {logging_mixin.py:190} INFO - [2026-03-18T16:46:16.740+0000] {dag.py:3239} INFO - Sync 1 DAGs
[2026-03-18T16:46:16.751+0000] {logging_mixin.py:190} INFO - [2026-03-18T16:46:16.751+0000] {dag.py:4180} INFO - Setting next_dagrun for example_bash_operator to 2026-03-17 00:00:00+00:00, run_after=2026-03-18 00:00:00+00:00
[2026-03-18T16:46:16.768+0000] {processor.py:208} INFO - Processing /home/komal/data-engineering-projects/airflow-spark-pipeline/airflow_venv/lib/python3.11/site-packages/airflow/example_dags/example_bash_operator.py took 0.096 seconds
[2026-03-18T16:47:23.847+0000] {processor.py:186} INFO - Started process (PID=38383) to work on /home/komal/data-engineering-projects/airflow-spark-pipeline/airflow_venv/lib/python3.11/site-packages/airflow/example_dags/example_bash_operator.py
[2026-03-18T16:47:23.867+0000] {processor.py:914} INFO - Processing file /home/komal/data-engineering-projects/airflow-spark-pipeline/airflow_venv/lib/python3.11/site-packages/airflow/example_dags/example_bash_operator.py for tasks to queue
[2026-03-18T16:47:23.873+0000] {logging_mixin.py:190} INFO - [2026-03-18T16:47:23.872+0000] {dagbag.py:588} INFO - Filling up the DagBag from /home/komal/data-engineering-projects/airflow-spark-pipeline/airflow_venv/lib/python3.11/site-packages/airflow/example_dags/example_bash_operator.py
[2026-03-18T16:47:23.898+0000] {processor.py:925} INFO - DAG(s) 'example_bash_operator' retrieved from /home/komal/data-engineering-projects/airflow-spark-pipeline/airflow_venv/lib/python3.11/site-packages/airflow/example_dags/example_bash_operator.py
[2026-03-18T16:47:23.915+0000] {logging_mixin.py:190} INFO - [2026-03-18T16:47:23.915+0000] {dag.py:3239} INFO - Sync 1 DAGs
[2026-03-18T16:47:23.930+0000] {logging_mixin.py:190} INFO - [2026-03-18T16:47:23.930+0000] {dag.py:4180} INFO - Setting next_dagrun for example_bash_operator to 2026-03-17 00:00:00+00:00, run_after=2026-03-18 00:00:00+00:00
[2026-03-18T16:47:23.959+0000] {processor.py:208} INFO - Processing /home/komal/data-engineering-projects/airflow-spark-pipeline/airflow_venv/lib/python3.11/site-packages/airflow/example_dags/example_bash_operator.py took 0.127 seconds
[2026-03-18T16:48:30.155+0000] {processor.py:186} INFO - Started process (PID=38449) to work on /home/komal/data-engineering-projects/airflow-spark-pipeline/airflow_venv/lib/python3.11/site-packages/airflow/example_dags/example_bash_operator.py
[2026-03-18T16:48:30.158+0000] {processor.py:914} INFO - Processing file /home/komal/data-engineering-projects/airflow-spark-pipeline/airflow_venv/lib/python3.11/site-packages/airflow/example_dags/example_bash_operator.py for tasks to queue
[2026-03-18T16:48:30.162+0000] {logging_mixin.py:190} INFO - [2026-03-18T16:48:30.161+0000] {dagbag.py:588} INFO - Filling up the DagBag from /home/komal/data-engineering-projects/airflow-spark-pipeline/airflow_venv/lib/python3.11/site-packages/airflow/example_dags/example_bash_operator.py
[2026-03-18T16:48:30.180+0000] {processor.py:925} INFO - DAG(s) 'example_bash_operator' retrieved from /home/komal/data-engineering-projects/airflow-spark-pipeline/airflow_venv/lib/python3.11/site-packages/airflow/example_dags/example_bash_operator.py
[2026-03-18T16:48:30.196+0000] {logging_mixin.py:190} INFO - [2026-03-18T16:48:30.195+0000] {dag.py:3239} INFO - Sync 1 DAGs
[2026-03-18T16:48:30.213+0000] {logging_mixin.py:190} INFO - [2026-03-18T16:48:30.212+0000] {dag.py:4180} INFO - Setting next_dagrun for example_bash_operator to 2026-03-17 00:00:00+00:00, run_after=2026-03-18 00:00:00+00:00
[2026-03-18T16:48:30.245+0000] {processor.py:208} INFO - Processing /home/komal/data-engineering-projects/airflow-spark-pipeline/airflow_venv/lib/python3.11/site-packages/airflow/example_dags/example_bash_operator.py took 0.094 seconds
[2026-03-18T16:49:36.572+0000] {processor.py:186} INFO - Started process (PID=38516) to work on /home/komal/data-engineering-projects/airflow-spark-pipeline/airflow_venv/lib/python3.11/site-packages/airflow/example_dags/example_bash_operator.py
[2026-03-18T16:49:36.573+0000] {processor.py:914} INFO - Processing file /home/komal/data-engineering-projects/airflow-spark-pipeline/airflow_venv/lib/python3.11/site-packages/airflow/example_dags/example_bash_operator.py for tasks to queue
[2026-03-18T16:49:36.574+0000] {logging_mixin.py:190} INFO - [2026-03-18T16:49:36.574+0000] {dagbag.py:588} INFO - Filling up the DagBag from /home/komal/data-engineering-projects/airflow-spark-pipeline/airflow_venv/lib/python3.11/site-packages/airflow/example_dags/example_bash_operator.py
[2026-03-18T16:49:36.584+0000] {processor.py:925} INFO - DAG(s) 'example_bash_operator' retrieved from /home/komal/data-engineering-projects/airflow-spark-pipeline/airflow_venv/lib/python3.11/site-packages/airflow/example_dags/example_bash_operator.py
[2026-03-18T16:49:36.598+0000] {logging_mixin.py:190} INFO - [2026-03-18T16:49:36.598+0000] {dag.py:3239} INFO - Sync 1 DAGs
[2026-03-18T16:49:36.612+0000] {logging_mixin.py:190} INFO - [2026-03-18T16:49:36.612+0000] {dag.py:4180} INFO - Setting next_dagrun for example_bash_operator to 2026-03-17 00:00:00+00:00, run_after=2026-03-18 00:00:00+00:00
[2026-03-18T16:49:36.630+0000] {processor.py:208} INFO - Processing /home/komal/data-engineering-projects/airflow-spark-pipeline/airflow_venv/lib/python3.11/site-packages/airflow/example_dags/example_bash_operator.py took 0.063 seconds
[2026-03-18T16:52:25.892+0000] {processor.py:186} INFO - Started process (PID=38580) to work on /home/komal/data-engineering-projects/airflow-spark-pipeline/airflow_venv/lib/python3.11/site-packages/airflow/example_dags/example_bash_operator.py
[2026-03-18T16:52:25.924+0000] {processor.py:914} INFO - Processing file /home/komal/data-engineering-projects/airflow-spark-pipeline/airflow_venv/lib/python3.11/site-packages/airflow/example_dags/example_bash_operator.py for tasks to queue
[2026-03-18T16:52:25.928+0000] {logging_mixin.py:190} INFO - [2026-03-18T16:52:25.927+0000] {dagbag.py:588} INFO - Filling up the DagBag from /home/komal/data-engineering-projects/airflow-spark-pipeline/airflow_venv/lib/python3.11/site-packages/airflow/example_dags/example_bash_operator.py
[2026-03-18T16:52:25.944+0000] {processor.py:925} INFO - DAG(s) 'example_bash_operator' retrieved from /home/komal/data-engineering-projects/airflow-spark-pipeline/airflow_venv/lib/python3.11/site-packages/airflow/example_dags/example_bash_operator.py
[2026-03-18T16:52:25.957+0000] {logging_mixin.py:190} INFO - [2026-03-18T16:52:25.957+0000] {dag.py:3239} INFO - Sync 1 DAGs
[2026-03-18T16:52:25.971+0000] {logging_mixin.py:190} INFO - [2026-03-18T16:52:25.971+0000] {dag.py:4180} INFO - Setting next_dagrun for example_bash_operator to 2026-03-17 00:00:00+00:00, run_after=2026-03-18 00:00:00+00:00
[2026-03-18T16:52:26.000+0000] {processor.py:208} INFO - Processing /home/komal/data-engineering-projects/airflow-spark-pipeline/airflow_venv/lib/python3.11/site-packages/airflow/example_dags/example_bash_operator.py took 0.115 seconds
[2026-03-18T16:53:30.378+0000] {processor.py:186} INFO - Started process (PID=38643) to work on /home/komal/data-engineering-projects/airflow-spark-pipeline/airflow_venv/lib/python3.11/site-packages/airflow/example_dags/example_bash_operator.py
[2026-03-18T16:53:30.380+0000] {processor.py:914} INFO - Processing file /home/komal/data-engineering-projects/airflow-spark-pipeline/airflow_venv/lib/python3.11/site-packages/airflow/example_dags/example_bash_operator.py for tasks to queue
[2026-03-18T16:53:30.389+0000] {logging_mixin.py:190} INFO - [2026-03-18T16:53:30.382+0000] {dagbag.py:588} INFO - Filling up the DagBag from /home/komal/data-engineering-projects/airflow-spark-pipeline/airflow_venv/lib/python3.11/site-packages/airflow/example_dags/example_bash_operator.py
[2026-03-18T16:53:30.408+0000] {processor.py:925} INFO - DAG(s) 'example_bash_operator' retrieved from /home/komal/data-engineering-projects/airflow-spark-pipeline/airflow_venv/lib/python3.11/site-packages/airflow/example_dags/example_bash_operator.py
[2026-03-18T16:53:30.454+0000] {logging_mixin.py:190} INFO - [2026-03-18T16:53:30.453+0000] {dag.py:3239} INFO - Sync 1 DAGs
[2026-03-18T16:53:30.517+0000] {logging_mixin.py:190} INFO - [2026-03-18T16:53:30.517+0000] {dag.py:4180} INFO - Setting next_dagrun for example_bash_operator to 2026-03-17 00:00:00+00:00, run_after=2026-03-18 00:00:00+00:00
[2026-03-18T16:53:30.601+0000] {processor.py:208} INFO - Processing /home/komal/data-engineering-projects/airflow-spark-pipeline/airflow_venv/lib/python3.11/site-packages/airflow/example_dags/example_bash_operator.py took 0.228 seconds
[2026-03-18T16:54:36.003+0000] {processor.py:186} INFO - Started process (PID=38711) to work on /home/komal/data-engineering-projects/airflow-spark-pipeline/airflow_venv/lib/python3.11/site-packages/airflow/example_dags/example_bash_operator.py
[2026-03-18T16:54:36.037+0000] {processor.py:914} INFO - Processing file /home/komal/data-engineering-projects/airflow-spark-pipeline/airflow_venv/lib/python3.11/site-packages/airflow/example_dags/example_bash_operator.py for tasks to queue
[2026-03-18T16:54:36.040+0000] {logging_mixin.py:190} INFO - [2026-03-18T16:54:36.039+0000] {dagbag.py:588} INFO - Filling up the DagBag from /home/komal/data-engineering-projects/airflow-spark-pipeline/airflow_venv/lib/python3.11/site-packages/airflow/example_dags/example_bash_operator.py
[2026-03-18T16:54:36.057+0000] {processor.py:925} INFO - DAG(s) 'example_bash_operator' retrieved from /home/komal/data-engineering-projects/airflow-spark-pipeline/airflow_venv/lib/python3.11/site-packages/airflow/example_dags/example_bash_operator.py
[2026-03-18T16:54:36.070+0000] {logging_mixin.py:190} INFO - [2026-03-18T16:54:36.070+0000] {dag.py:3239} INFO - Sync 1 DAGs
[2026-03-18T16:54:36.084+0000] {logging_mixin.py:190} INFO - [2026-03-18T16:54:36.084+0000] {dag.py:4180} INFO - Setting next_dagrun for example_bash_operator to 2026-03-17 00:00:00+00:00, run_after=2026-03-18 00:00:00+00:00
[2026-03-18T16:54:36.107+0000] {processor.py:208} INFO - Processing /home/komal/data-engineering-projects/airflow-spark-pipeline/airflow_venv/lib/python3.11/site-packages/airflow/example_dags/example_bash_operator.py took 0.114 seconds
[2026-03-18T16:55:44.396+0000] {processor.py:186} INFO - Started process (PID=38782) to work on /home/komal/data-engineering-projects/airflow-spark-pipeline/airflow_venv/lib/python3.11/site-packages/airflow/example_dags/example_bash_operator.py
[2026-03-18T16:55:44.428+0000] {processor.py:914} INFO - Processing file /home/komal/data-engineering-projects/airflow-spark-pipeline/airflow_venv/lib/python3.11/site-packages/airflow/example_dags/example_bash_operator.py for tasks to queue
[2026-03-18T16:55:44.432+0000] {logging_mixin.py:190} INFO - [2026-03-18T16:55:44.431+0000] {dagbag.py:588} INFO - Filling up the DagBag from /home/komal/data-engineering-projects/airflow-spark-pipeline/airflow_venv/lib/python3.11/site-packages/airflow/example_dags/example_bash_operator.py
[2026-03-18T16:55:44.453+0000] {processor.py:925} INFO - DAG(s) 'example_bash_operator' retrieved from /home/komal/data-engineering-projects/airflow-spark-pipeline/airflow_venv/lib/python3.11/site-packages/airflow/example_dags/example_bash_operator.py
[2026-03-18T16:55:44.473+0000] {logging_mixin.py:190} INFO - [2026-03-18T16:55:44.473+0000] {dag.py:3239} INFO - Sync 1 DAGs
[2026-03-18T16:55:44.488+0000] {logging_mixin.py:190} INFO - [2026-03-18T16:55:44.488+0000] {dag.py:4180} INFO - Setting next_dagrun for example_bash_operator to 2026-03-17 00:00:00+00:00, run_after=2026-03-18 00:00:00+00:00
[2026-03-18T16:55:44.512+0000] {processor.py:208} INFO - Processing /home/komal/data-engineering-projects/airflow-spark-pipeline/airflow_venv/lib/python3.11/site-packages/airflow/example_dags/example_bash_operator.py took 0.126 seconds
[2026-03-18T16:56:54.307+0000] {processor.py:186} INFO - Started process (PID=38846) to work on /home/komal/data-engineering-projects/airflow-spark-pipeline/airflow_venv/lib/python3.11/site-packages/airflow/example_dags/example_bash_operator.py
[2026-03-18T16:56:54.309+0000] {processor.py:914} INFO - Processing file /home/komal/data-engineering-projects/airflow-spark-pipeline/airflow_venv/lib/python3.11/site-packages/airflow/example_dags/example_bash_operator.py for tasks to queue
[2026-03-18T16:56:54.310+0000] {logging_mixin.py:190} INFO - [2026-03-18T16:56:54.310+0000] {dagbag.py:588} INFO - Filling up the DagBag from /home/komal/data-engineering-projects/airflow-spark-pipeline/airflow_venv/lib/python3.11/site-packages/airflow/example_dags/example_bash_operator.py
[2026-03-18T16:56:54.319+0000] {processor.py:925} INFO - DAG(s) 'example_bash_operator' retrieved from /home/komal/data-engineering-projects/airflow-spark-pipeline/airflow_venv/lib/python3.11/site-packages/airflow/example_dags/example_bash_operator.py
[2026-03-18T16:56:54.334+0000] {logging_mixin.py:190} INFO - [2026-03-18T16:56:54.334+0000] {dag.py:3239} INFO - Sync 1 DAGs
[2026-03-18T16:56:54.349+0000] {logging_mixin.py:190} INFO - [2026-03-18T16:56:54.349+0000] {dag.py:4180} INFO - Setting next_dagrun for example_bash_operator to 2026-03-17 00:00:00+00:00, run_after=2026-03-18 00:00:00+00:00
[2026-03-18T16:56:54.369+0000] {processor.py:208} INFO - Processing /home/komal/data-engineering-projects/airflow-spark-pipeline/airflow_venv/lib/python3.11/site-packages/airflow/example_dags/example_bash_operator.py took 0.067 seconds
[2026-03-18T17:45:29.484+0000] {processor.py:186} INFO - Started process (PID=38936) to work on /home/komal/data-engineering-projects/airflow-spark-pipeline/airflow_venv/lib/python3.11/site-packages/airflow/example_dags/example_bash_operator.py
[2026-03-18T17:45:29.486+0000] {processor.py:914} INFO - Processing file /home/komal/data-engineering-projects/airflow-spark-pipeline/airflow_venv/lib/python3.11/site-packages/airflow/example_dags/example_bash_operator.py for tasks to queue
[2026-03-18T17:45:29.488+0000] {logging_mixin.py:190} INFO - [2026-03-18T17:45:29.488+0000] {dagbag.py:588} INFO - Filling up the DagBag from /home/komal/data-engineering-projects/airflow-spark-pipeline/airflow_venv/lib/python3.11/site-packages/airflow/example_dags/example_bash_operator.py
[2026-03-18T17:45:29.505+0000] {processor.py:925} INFO - DAG(s) 'example_bash_operator' retrieved from /home/komal/data-engineering-projects/airflow-spark-pipeline/airflow_venv/lib/python3.11/site-packages/airflow/example_dags/example_bash_operator.py
[2026-03-18T17:45:29.526+0000] {logging_mixin.py:190} INFO - [2026-03-18T17:45:29.526+0000] {dag.py:3239} INFO - Sync 1 DAGs
[2026-03-18T17:45:29.548+0000] {logging_mixin.py:190} INFO - [2026-03-18T17:45:29.548+0000] {dag.py:4180} INFO - Setting next_dagrun for example_bash_operator to 2026-03-17 00:00:00+00:00, run_after=2026-03-18 00:00:00+00:00
[2026-03-18T17:45:29.576+0000] {processor.py:208} INFO - Processing /home/komal/data-engineering-projects/airflow-spark-pipeline/airflow_venv/lib/python3.11/site-packages/airflow/example_dags/example_bash_operator.py took 0.096 seconds
[2026-03-18T17:46:33.805+0000] {processor.py:186} INFO - Started process (PID=39010) to work on /home/komal/data-engineering-projects/airflow-spark-pipeline/airflow_venv/lib/python3.11/site-packages/airflow/example_dags/example_bash_operator.py
[2026-03-18T17:46:33.836+0000] {processor.py:914} INFO - Processing file /home/komal/data-engineering-projects/airflow-spark-pipeline/airflow_venv/lib/python3.11/site-packages/airflow/example_dags/example_bash_operator.py for tasks to queue
[2026-03-18T17:46:33.838+0000] {logging_mixin.py:190} INFO - [2026-03-18T17:46:33.838+0000] {dagbag.py:588} INFO - Filling up the DagBag from /home/komal/data-engineering-projects/airflow-spark-pipeline/airflow_venv/lib/python3.11/site-packages/airflow/example_dags/example_bash_operator.py
[2026-03-18T17:46:33.852+0000] {processor.py:925} INFO - DAG(s) 'example_bash_operator' retrieved from /home/komal/data-engineering-projects/airflow-spark-pipeline/airflow_venv/lib/python3.11/site-packages/airflow/example_dags/example_bash_operator.py
[2026-03-18T17:46:33.868+0000] {logging_mixin.py:190} INFO - [2026-03-18T17:46:33.867+0000] {dag.py:3239} INFO - Sync 1 DAGs
[2026-03-18T17:46:33.882+0000] {logging_mixin.py:190} INFO - [2026-03-18T17:46:33.882+0000] {dag.py:4180} INFO - Setting next_dagrun for example_bash_operator to 2026-03-17 00:00:00+00:00, run_after=2026-03-18 00:00:00+00:00
[2026-03-18T17:46:33.909+0000] {processor.py:208} INFO - Processing /home/komal/data-engineering-projects/airflow-spark-pipeline/airflow_venv/lib/python3.11/site-packages/airflow/example_dags/example_bash_operator.py took 0.109 seconds
[2026-03-18T17:47:41.484+0000] {processor.py:186} INFO - Started process (PID=39074) to work on /home/komal/data-engineering-projects/airflow-spark-pipeline/airflow_venv/lib/python3.11/site-packages/airflow/example_dags/example_bash_operator.py
[2026-03-18T17:47:41.516+0000] {processor.py:914} INFO - Processing file /home/komal/data-engineering-projects/airflow-spark-pipeline/airflow_venv/lib/python3.11/site-packages/airflow/example_dags/example_bash_operator.py for tasks to queue
[2026-03-18T17:47:41.520+0000] {logging_mixin.py:190} INFO - [2026-03-18T17:47:41.519+0000] {dagbag.py:588} INFO - Filling up the DagBag from /home/komal/data-engineering-projects/airflow-spark-pipeline/airflow_venv/lib/python3.11/site-packages/airflow/example_dags/example_bash_operator.py
[2026-03-18T17:47:41.532+0000] {processor.py:925} INFO - DAG(s) 'example_bash_operator' retrieved from /home/komal/data-engineering-projects/airflow-spark-pipeline/airflow_venv/lib/python3.11/site-packages/airflow/example_dags/example_bash_operator.py
[2026-03-18T17:47:41.548+0000] {logging_mixin.py:190} INFO - [2026-03-18T17:47:41.547+0000] {dag.py:3239} INFO - Sync 1 DAGs
[2026-03-18T17:47:41.570+0000] {logging_mixin.py:190} INFO - [2026-03-18T17:47:41.570+0000] {dag.py:4180} INFO - Setting next_dagrun for example_bash_operator to 2026-03-17 00:00:00+00:00, run_after=2026-03-18 00:00:00+00:00
[2026-03-18T17:47:41.622+0000] {processor.py:208} INFO - Processing /home/komal/data-engineering-projects/airflow-spark-pipeline/airflow_venv/lib/python3.11/site-packages/airflow/example_dags/example_bash_operator.py took 0.143 seconds
[2026-03-18T17:48:49.403+0000] {processor.py:186} INFO - Started process (PID=39138) to work on /home/komal/data-engineering-projects/airflow-spark-pipeline/airflow_venv/lib/python3.11/site-packages/airflow/example_dags/example_bash_operator.py
[2026-03-18T17:48:49.407+0000] {processor.py:914} INFO - Processing file /home/komal/data-engineering-projects/airflow-spark-pipeline/airflow_venv/lib/python3.11/site-packages/airflow/example_dags/example_bash_operator.py for tasks to queue
[2026-03-18T17:48:49.410+0000] {logging_mixin.py:190} INFO - [2026-03-18T17:48:49.410+0000] {dagbag.py:588} INFO - Filling up the DagBag from /home/komal/data-engineering-projects/airflow-spark-pipeline/airflow_venv/lib/python3.11/site-packages/airflow/example_dags/example_bash_operator.py
[2026-03-18T17:48:49.428+0000] {processor.py:925} INFO - DAG(s) 'example_bash_operator' retrieved from /home/komal/data-engineering-projects/airflow-spark-pipeline/airflow_venv/lib/python3.11/site-packages/airflow/example_dags/example_bash_operator.py
[2026-03-18T17:48:49.443+0000] {logging_mixin.py:190} INFO - [2026-03-18T17:48:49.443+0000] {dag.py:3239} INFO - Sync 1 DAGs
[2026-03-18T17:48:49.456+0000] {logging_mixin.py:190} INFO - [2026-03-18T17:48:49.456+0000] {dag.py:4180} INFO - Setting next_dagrun for example_bash_operator to 2026-03-17 00:00:00+00:00, run_after=2026-03-18 00:00:00+00:00
[2026-03-18T17:48:49.483+0000] {processor.py:208} INFO - Processing /home/komal/data-engineering-projects/airflow-spark-pipeline/airflow_venv/lib/python3.11/site-packages/airflow/example_dags/example_bash_operator.py took 0.089 seconds
[2026-03-18T17:49:53.747+0000] {processor.py:186} INFO - Started process (PID=39200) to work on /home/komal/data-engineering-projects/airflow-spark-pipeline/airflow_venv/lib/python3.11/site-packages/airflow/example_dags/example_bash_operator.py
[2026-03-18T17:49:53.748+0000] {processor.py:914} INFO - Processing file /home/komal/data-engineering-projects/airflow-spark-pipeline/airflow_venv/lib/python3.11/site-packages/airflow/example_dags/example_bash_operator.py for tasks to queue
[2026-03-18T17:49:53.751+0000] {logging_mixin.py:190} INFO - [2026-03-18T17:49:53.751+0000] {dagbag.py:588} INFO - Filling up the DagBag from /home/komal/data-engineering-projects/airflow-spark-pipeline/airflow_venv/lib/python3.11/site-packages/airflow/example_dags/example_bash_operator.py
[2026-03-18T17:49:53.763+0000] {processor.py:925} INFO - DAG(s) 'example_bash_operator' retrieved from /home/komal/data-engineering-projects/airflow-spark-pipeline/airflow_venv/lib/python3.11/site-packages/airflow/example_dags/example_bash_operator.py
[2026-03-18T17:49:53.777+0000] {logging_mixin.py:190} INFO - [2026-03-18T17:49:53.777+0000] {dag.py:3239} INFO - Sync 1 DAGs
[2026-03-18T17:49:53.795+0000] {logging_mixin.py:190} INFO - [2026-03-18T17:49:53.795+0000] {dag.py:4180} INFO - Setting next_dagrun for example_bash_operator to 2026-03-17 00:00:00+00:00, run_after=2026-03-18 00:00:00+00:00
[2026-03-18T17:49:53.818+0000] {processor.py:208} INFO - Processing /home/komal/data-engineering-projects/airflow-spark-pipeline/airflow_venv/lib/python3.11/site-packages/airflow/example_dags/example_bash_operator.py took 0.079 seconds
[2026-03-18T17:56:01.861+0000] {processor.py:186} INFO - Started process (PID=39287) to work on /home/komal/data-engineering-projects/airflow-spark-pipeline/airflow_venv/lib/python3.11/site-packages/airflow/example_dags/example_bash_operator.py
[2026-03-18T17:56:01.895+0000] {processor.py:914} INFO - Processing file /home/komal/data-engineering-projects/airflow-spark-pipeline/airflow_venv/lib/python3.11/site-packages/airflow/example_dags/example_bash_operator.py for tasks to queue
[2026-03-18T17:56:01.899+0000] {logging_mixin.py:190} INFO - [2026-03-18T17:56:01.898+0000] {dagbag.py:588} INFO - Filling up the DagBag from /home/komal/data-engineering-projects/airflow-spark-pipeline/airflow_venv/lib/python3.11/site-packages/airflow/example_dags/example_bash_operator.py
[2026-03-18T17:56:01.915+0000] {processor.py:925} INFO - DAG(s) 'example_bash_operator' retrieved from /home/komal/data-engineering-projects/airflow-spark-pipeline/airflow_venv/lib/python3.11/site-packages/airflow/example_dags/example_bash_operator.py
[2026-03-18T17:56:01.930+0000] {logging_mixin.py:190} INFO - [2026-03-18T17:56:01.929+0000] {dag.py:3239} INFO - Sync 1 DAGs
[2026-03-18T17:56:01.943+0000] {logging_mixin.py:190} INFO - [2026-03-18T17:56:01.943+0000] {dag.py:4180} INFO - Setting next_dagrun for example_bash_operator to 2026-03-17 00:00:00+00:00, run_after=2026-03-18 00:00:00+00:00
[2026-03-18T17:56:01.966+0000] {processor.py:208} INFO - Processing /home/komal/data-engineering-projects/airflow-spark-pipeline/airflow_venv/lib/python3.11/site-packages/airflow/example_dags/example_bash_operator.py took 0.112 seconds
[2026-03-18T17:57:07.498+0000] {processor.py:186} INFO - Started process (PID=39372) to work on /home/komal/data-engineering-projects/airflow-spark-pipeline/airflow_venv/lib/python3.11/site-packages/airflow/example_dags/example_bash_operator.py
[2026-03-18T17:57:07.501+0000] {processor.py:914} INFO - Processing file /home/komal/data-engineering-projects/airflow-spark-pipeline/airflow_venv/lib/python3.11/site-packages/airflow/example_dags/example_bash_operator.py for tasks to queue
[2026-03-18T17:57:07.504+0000] {logging_mixin.py:190} INFO - [2026-03-18T17:57:07.503+0000] {dagbag.py:588} INFO - Filling up the DagBag from /home/komal/data-engineering-projects/airflow-spark-pipeline/airflow_venv/lib/python3.11/site-packages/airflow/example_dags/example_bash_operator.py
[2026-03-18T17:57:07.516+0000] {processor.py:925} INFO - DAG(s) 'example_bash_operator' retrieved from /home/komal/data-engineering-projects/airflow-spark-pipeline/airflow_venv/lib/python3.11/site-packages/airflow/example_dags/example_bash_operator.py
[2026-03-18T17:57:07.542+0000] {logging_mixin.py:190} INFO - [2026-03-18T17:57:07.542+0000] {dag.py:3239} INFO - Sync 1 DAGs
[2026-03-18T17:57:07.560+0000] {logging_mixin.py:190} INFO - [2026-03-18T17:57:07.560+0000] {dag.py:4180} INFO - Setting next_dagrun for example_bash_operator to 2026-03-17 00:00:00+00:00, run_after=2026-03-18 00:00:00+00:00
[2026-03-18T17:57:07.619+0000] {processor.py:208} INFO - Processing /home/komal/data-engineering-projects/airflow-spark-pipeline/airflow_venv/lib/python3.11/site-packages/airflow/example_dags/example_bash_operator.py took 0.128 seconds
[2026-03-18T17:58:11.827+0000] {processor.py:186} INFO - Started process (PID=39435) to work on /home/komal/data-engineering-projects/airflow-spark-pipeline/airflow_venv/lib/python3.11/site-packages/airflow/example_dags/example_bash_operator.py
[2026-03-18T17:58:11.829+0000] {processor.py:914} INFO - Processing file /home/komal/data-engineering-projects/airflow-spark-pipeline/airflow_venv/lib/python3.11/site-packages/airflow/example_dags/example_bash_operator.py for tasks to queue
[2026-03-18T17:58:11.833+0000] {logging_mixin.py:190} INFO - [2026-03-18T17:58:11.832+0000] {dagbag.py:588} INFO - Filling up the DagBag from /home/komal/data-engineering-projects/airflow-spark-pipeline/airflow_venv/lib/python3.11/site-packages/airflow/example_dags/example_bash_operator.py
[2026-03-18T17:58:11.865+0000] {processor.py:925} INFO - DAG(s) 'example_bash_operator' retrieved from /home/komal/data-engineering-projects/airflow-spark-pipeline/airflow_venv/lib/python3.11/site-packages/airflow/example_dags/example_bash_operator.py
[2026-03-18T17:58:11.896+0000] {logging_mixin.py:190} INFO - [2026-03-18T17:58:11.896+0000] {dag.py:3239} INFO - Sync 1 DAGs
[2026-03-18T17:58:11.924+0000] {logging_mixin.py:190} INFO - [2026-03-18T17:58:11.924+0000] {dag.py:4180} INFO - Setting next_dagrun for example_bash_operator to 2026-03-17 00:00:00+00:00, run_after=2026-03-18 00:00:00+00:00
[2026-03-18T17:58:11.956+0000] {processor.py:208} INFO - Processing /home/komal/data-engineering-projects/airflow-spark-pipeline/airflow_venv/lib/python3.11/site-packages/airflow/example_dags/example_bash_operator.py took 0.139 seconds
[2026-03-18T17:59:14.246+0000] {processor.py:186} INFO - Started process (PID=39496) to work on /home/komal/data-engineering-projects/airflow-spark-pipeline/airflow_venv/lib/python3.11/site-packages/airflow/example_dags/example_bash_operator.py
[2026-03-18T17:59:14.249+0000] {processor.py:914} INFO - Processing file /home/komal/data-engineering-projects/airflow-spark-pipeline/airflow_venv/lib/python3.11/site-packages/airflow/example_dags/example_bash_operator.py for tasks to queue
[2026-03-18T17:59:14.252+0000] {logging_mixin.py:190} INFO - [2026-03-18T17:59:14.251+0000] {dagbag.py:588} INFO - Filling up the DagBag from /home/komal/data-engineering-projects/airflow-spark-pipeline/airflow_venv/lib/python3.11/site-packages/airflow/example_dags/example_bash_operator.py
[2026-03-18T17:59:14.263+0000] {processor.py:925} INFO - DAG(s) 'example_bash_operator' retrieved from /home/komal/data-engineering-projects/airflow-spark-pipeline/airflow_venv/lib/python3.11/site-packages/airflow/example_dags/example_bash_operator.py
[2026-03-18T17:59:14.290+0000] {logging_mixin.py:190} INFO - [2026-03-18T17:59:14.290+0000] {dag.py:3239} INFO - Sync 1 DAGs
[2026-03-18T17:59:14.311+0000] {logging_mixin.py:190} INFO - [2026-03-18T17:59:14.310+0000] {dag.py:4180} INFO - Setting next_dagrun for example_bash_operator to 2026-03-17 00:00:00+00:00, run_after=2026-03-18 00:00:00+00:00
[2026-03-18T17:59:14.333+0000] {processor.py:208} INFO - Processing /home/komal/data-engineering-projects/airflow-spark-pipeline/airflow_venv/lib/python3.11/site-packages/airflow/example_dags/example_bash_operator.py took 0.094 seconds
[2026-03-18T18:00:19.853+0000] {processor.py:186} INFO - Started process (PID=39560) to work on /home/komal/data-engineering-projects/airflow-spark-pipeline/airflow_venv/lib/python3.11/site-packages/airflow/example_dags/example_bash_operator.py
[2026-03-18T18:00:19.857+0000] {processor.py:914} INFO - Processing file /home/komal/data-engineering-projects/airflow-spark-pipeline/airflow_venv/lib/python3.11/site-packages/airflow/example_dags/example_bash_operator.py for tasks to queue
[2026-03-18T18:00:19.859+0000] {logging_mixin.py:190} INFO - [2026-03-18T18:00:19.859+0000] {dagbag.py:588} INFO - Filling up the DagBag from /home/komal/data-engineering-projects/airflow-spark-pipeline/airflow_venv/lib/python3.11/site-packages/airflow/example_dags/example_bash_operator.py
[2026-03-18T18:00:19.870+0000] {processor.py:925} INFO - DAG(s) 'example_bash_operator' retrieved from /home/komal/data-engineering-projects/airflow-spark-pipeline/airflow_venv/lib/python3.11/site-packages/airflow/example_dags/example_bash_operator.py
[2026-03-18T18:00:19.883+0000] {logging_mixin.py:190} INFO - [2026-03-18T18:00:19.883+0000] {dag.py:3239} INFO - Sync 1 DAGs
[2026-03-18T18:00:19.897+0000] {logging_mixin.py:190} INFO - [2026-03-18T18:00:19.897+0000] {dag.py:4180} INFO - Setting next_dagrun for example_bash_operator to 2026-03-17 00:00:00+00:00, run_after=2026-03-18 00:00:00+00:00
[2026-03-18T18:00:19.933+0000] {processor.py:208} INFO - Processing /home/komal/data-engineering-projects/airflow-spark-pipeline/airflow_venv/lib/python3.11/site-packages/airflow/example_dags/example_bash_operator.py took 0.089 seconds
[2026-03-18T18:01:30.077+0000] {processor.py:186} INFO - Started process (PID=39631) to work on /home/komal/data-engineering-projects/airflow-spark-pipeline/airflow_venv/lib/python3.11/site-packages/airflow/example_dags/example_bash_operator.py
[2026-03-18T18:01:30.109+0000] {processor.py:914} INFO - Processing file /home/komal/data-engineering-projects/airflow-spark-pipeline/airflow_venv/lib/python3.11/site-packages/airflow/example_dags/example_bash_operator.py for tasks to queue
[2026-03-18T18:01:30.112+0000] {logging_mixin.py:190} INFO - [2026-03-18T18:01:30.112+0000] {dagbag.py:588} INFO - Filling up the DagBag from /home/komal/data-engineering-projects/airflow-spark-pipeline/airflow_venv/lib/python3.11/site-packages/airflow/example_dags/example_bash_operator.py
[2026-03-18T18:01:30.133+0000] {processor.py:925} INFO - DAG(s) 'example_bash_operator' retrieved from /home/komal/data-engineering-projects/airflow-spark-pipeline/airflow_venv/lib/python3.11/site-packages/airflow/example_dags/example_bash_operator.py
[2026-03-18T18:01:30.158+0000] {logging_mixin.py:190} INFO - [2026-03-18T18:01:30.157+0000] {dag.py:3239} INFO - Sync 1 DAGs
[2026-03-18T18:01:30.172+0000] {logging_mixin.py:190} INFO - [2026-03-18T18:01:30.172+0000] {dag.py:4180} INFO - Setting next_dagrun for example_bash_operator to 2026-03-17 00:00:00+00:00, run_after=2026-03-18 00:00:00+00:00
[2026-03-18T18:01:30.196+0000] {processor.py:208} INFO - Processing /home/komal/data-engineering-projects/airflow-spark-pipeline/airflow_venv/lib/python3.11/site-packages/airflow/example_dags/example_bash_operator.py took 0.129 seconds
[2026-03-18T18:02:37.586+0000] {processor.py:186} INFO - Started process (PID=39694) to work on /home/komal/data-engineering-projects/airflow-spark-pipeline/airflow_venv/lib/python3.11/site-packages/airflow/example_dags/example_bash_operator.py
[2026-03-18T18:02:37.619+0000] {processor.py:914} INFO - Processing file /home/komal/data-engineering-projects/airflow-spark-pipeline/airflow_venv/lib/python3.11/site-packages/airflow/example_dags/example_bash_operator.py for tasks to queue
[2026-03-18T18:02:37.621+0000] {logging_mixin.py:190} INFO - [2026-03-18T18:02:37.620+0000] {dagbag.py:588} INFO - Filling up the DagBag from /home/komal/data-engineering-projects/airflow-spark-pipeline/airflow_venv/lib/python3.11/site-packages/airflow/example_dags/example_bash_operator.py
[2026-03-18T18:02:37.630+0000] {processor.py:925} INFO - DAG(s) 'example_bash_operator' retrieved from /home/komal/data-engineering-projects/airflow-spark-pipeline/airflow_venv/lib/python3.11/site-packages/airflow/example_dags/example_bash_operator.py
[2026-03-18T18:02:37.646+0000] {logging_mixin.py:190} INFO - [2026-03-18T18:02:37.646+0000] {dag.py:3239} INFO - Sync 1 DAGs
[2026-03-18T18:02:37.661+0000] {logging_mixin.py:190} INFO - [2026-03-18T18:02:37.661+0000] {dag.py:4180} INFO - Setting next_dagrun for example_bash_operator to 2026-03-17 00:00:00+00:00, run_after=2026-03-18 00:00:00+00:00
[2026-03-18T18:02:37.684+0000] {processor.py:208} INFO - Processing /home/komal/data-engineering-projects/airflow-spark-pipeline/airflow_venv/lib/python3.11/site-packages/airflow/example_dags/example_bash_operator.py took 0.103 seconds
[2026-03-18T18:03:46.261+0000] {processor.py:186} INFO - Started process (PID=39763) to work on /home/komal/data-engineering-projects/airflow-spark-pipeline/airflow_venv/lib/python3.11/site-packages/airflow/example_dags/example_bash_operator.py
[2026-03-18T18:03:46.266+0000] {processor.py:914} INFO - Processing file /home/komal/data-engineering-projects/airflow-spark-pipeline/airflow_venv/lib/python3.11/site-packages/airflow/example_dags/example_bash_operator.py for tasks to queue
[2026-03-18T18:03:46.267+0000] {logging_mixin.py:190} INFO - [2026-03-18T18:03:46.267+0000] {dagbag.py:588} INFO - Filling up the DagBag from /home/komal/data-engineering-projects/airflow-spark-pipeline/airflow_venv/lib/python3.11/site-packages/airflow/example_dags/example_bash_operator.py
[2026-03-18T18:03:46.278+0000] {processor.py:925} INFO - DAG(s) 'example_bash_operator' retrieved from /home/komal/data-engineering-projects/airflow-spark-pipeline/airflow_venv/lib/python3.11/site-packages/airflow/example_dags/example_bash_operator.py
[2026-03-18T18:03:46.292+0000] {logging_mixin.py:190} INFO - [2026-03-18T18:03:46.292+0000] {dag.py:3239} INFO - Sync 1 DAGs
[2026-03-18T18:03:46.309+0000] {logging_mixin.py:190} INFO - [2026-03-18T18:03:46.309+0000] {dag.py:4180} INFO - Setting next_dagrun for example_bash_operator to 2026-03-17 00:00:00+00:00, run_after=2026-03-18 00:00:00+00:00
[2026-03-18T18:03:46.333+0000] {processor.py:208} INFO - Processing /home/komal/data-engineering-projects/airflow-spark-pipeline/airflow_venv/lib/python3.11/site-packages/airflow/example_dags/example_bash_operator.py took 0.077 seconds
[2026-03-18T18:04:49.709+0000] {processor.py:186} INFO - Started process (PID=39824) to work on /home/komal/data-engineering-projects/airflow-spark-pipeline/airflow_venv/lib/python3.11/site-packages/airflow/example_dags/example_bash_operator.py
[2026-03-18T18:04:49.725+0000] {processor.py:914} INFO - Processing file /home/komal/data-engineering-projects/airflow-spark-pipeline/airflow_venv/lib/python3.11/site-packages/airflow/example_dags/example_bash_operator.py for tasks to queue
[2026-03-18T18:04:49.729+0000] {logging_mixin.py:190} INFO - [2026-03-18T18:04:49.728+0000] {dagbag.py:588} INFO - Filling up the DagBag from /home/komal/data-engineering-projects/airflow-spark-pipeline/airflow_venv/lib/python3.11/site-packages/airflow/example_dags/example_bash_operator.py
[2026-03-18T18:04:49.752+0000] {processor.py:925} INFO - DAG(s) 'example_bash_operator' retrieved from /home/komal/data-engineering-projects/airflow-spark-pipeline/airflow_venv/lib/python3.11/site-packages/airflow/example_dags/example_bash_operator.py
[2026-03-18T18:04:49.768+0000] {logging_mixin.py:190} INFO - [2026-03-18T18:04:49.767+0000] {dag.py:3239} INFO - Sync 1 DAGs
[2026-03-18T18:04:49.793+0000] {logging_mixin.py:190} INFO - [2026-03-18T18:04:49.792+0000] {dag.py:4180} INFO - Setting next_dagrun for example_bash_operator to 2026-03-17 00:00:00+00:00, run_after=2026-03-18 00:00:00+00:00
[2026-03-18T18:04:49.823+0000] {processor.py:208} INFO - Processing /home/komal/data-engineering-projects/airflow-spark-pipeline/airflow_venv/lib/python3.11/site-packages/airflow/example_dags/example_bash_operator.py took 0.128 seconds
[2026-03-18T18:05:58.280+0000] {processor.py:186} INFO - Started process (PID=39891) to work on /home/komal/data-engineering-projects/airflow-spark-pipeline/airflow_venv/lib/python3.11/site-packages/airflow/example_dags/example_bash_operator.py
[2026-03-18T18:05:58.299+0000] {processor.py:914} INFO - Processing file /home/komal/data-engineering-projects/airflow-spark-pipeline/airflow_venv/lib/python3.11/site-packages/airflow/example_dags/example_bash_operator.py for tasks to queue
[2026-03-18T18:05:58.302+0000] {logging_mixin.py:190} INFO - [2026-03-18T18:05:58.302+0000] {dagbag.py:588} INFO - Filling up the DagBag from /home/komal/data-engineering-projects/airflow-spark-pipeline/airflow_venv/lib/python3.11/site-packages/airflow/example_dags/example_bash_operator.py
[2026-03-18T18:05:58.317+0000] {processor.py:925} INFO - DAG(s) 'example_bash_operator' retrieved from /home/komal/data-engineering-projects/airflow-spark-pipeline/airflow_venv/lib/python3.11/site-packages/airflow/example_dags/example_bash_operator.py
[2026-03-18T18:05:58.331+0000] {logging_mixin.py:190} INFO - [2026-03-18T18:05:58.331+0000] {dag.py:3239} INFO - Sync 1 DAGs
[2026-03-18T18:05:58.345+0000] {logging_mixin.py:190} INFO - [2026-03-18T18:05:58.345+0000] {dag.py:4180} INFO - Setting next_dagrun for example_bash_operator to 2026-03-17 00:00:00+00:00, run_after=2026-03-18 00:00:00+00:00
[2026-03-18T18:05:58.369+0000] {processor.py:208} INFO - Processing /home/komal/data-engineering-projects/airflow-spark-pipeline/airflow_venv/lib/python3.11/site-packages/airflow/example_dags/example_bash_operator.py took 0.096 seconds
[2026-03-18T18:07:07.240+0000] {processor.py:186} INFO - Started process (PID=39957) to work on /home/komal/data-engineering-projects/airflow-spark-pipeline/airflow_venv/lib/python3.11/site-packages/airflow/example_dags/example_bash_operator.py
[2026-03-18T18:07:07.242+0000] {processor.py:914} INFO - Processing file /home/komal/data-engineering-projects/airflow-spark-pipeline/airflow_venv/lib/python3.11/site-packages/airflow/example_dags/example_bash_operator.py for tasks to queue
[2026-03-18T18:07:07.244+0000] {logging_mixin.py:190} INFO - [2026-03-18T18:07:07.244+0000] {dagbag.py:588} INFO - Filling up the DagBag from /home/komal/data-engineering-projects/airflow-spark-pipeline/airflow_venv/lib/python3.11/site-packages/airflow/example_dags/example_bash_operator.py
[2026-03-18T18:07:07.255+0000] {processor.py:925} INFO - DAG(s) 'example_bash_operator' retrieved from /home/komal/data-engineering-projects/airflow-spark-pipeline/airflow_venv/lib/python3.11/site-packages/airflow/example_dags/example_bash_operator.py
[2026-03-18T18:07:07.269+0000] {logging_mixin.py:190} INFO - [2026-03-18T18:07:07.269+0000] {dag.py:3239} INFO - Sync 1 DAGs
[2026-03-18T18:07:07.288+0000] {logging_mixin.py:190} INFO - [2026-03-18T18:07:07.287+0000] {dag.py:4180} INFO - Setting next_dagrun for example_bash_operator to 2026-03-17 00:00:00+00:00, run_after=2026-03-18 00:00:00+00:00
[2026-03-18T18:07:07.391+0000] {processor.py:208} INFO - Processing /home/komal/data-engineering-projects/airflow-spark-pipeline/airflow_venv/lib/python3.11/site-packages/airflow/example_dags/example_bash_operator.py took 0.159 seconds
[2026-03-18T18:08:16.906+0000] {processor.py:186} INFO - Started process (PID=40025) to work on /home/komal/data-engineering-projects/airflow-spark-pipeline/airflow_venv/lib/python3.11/site-packages/airflow/example_dags/example_bash_operator.py
[2026-03-18T18:08:16.909+0000] {processor.py:914} INFO - Processing file /home/komal/data-engineering-projects/airflow-spark-pipeline/airflow_venv/lib/python3.11/site-packages/airflow/example_dags/example_bash_operator.py for tasks to queue
[2026-03-18T18:08:16.912+0000] {logging_mixin.py:190} INFO - [2026-03-18T18:08:16.912+0000] {dagbag.py:588} INFO - Filling up the DagBag from /home/komal/data-engineering-projects/airflow-spark-pipeline/airflow_venv/lib/python3.11/site-packages/airflow/example_dags/example_bash_operator.py
[2026-03-18T18:08:16.927+0000] {processor.py:925} INFO - DAG(s) 'example_bash_operator' retrieved from /home/komal/data-engineering-projects/airflow-spark-pipeline/airflow_venv/lib/python3.11/site-packages/airflow/example_dags/example_bash_operator.py
[2026-03-18T18:08:16.942+0000] {logging_mixin.py:190} INFO - [2026-03-18T18:08:16.942+0000] {dag.py:3239} INFO - Sync 1 DAGs
[2026-03-18T18:08:16.956+0000] {logging_mixin.py:190} INFO - [2026-03-18T18:08:16.956+0000] {dag.py:4180} INFO - Setting next_dagrun for example_bash_operator to 2026-03-17 00:00:00+00:00, run_after=2026-03-18 00:00:00+00:00
[2026-03-18T18:08:16.976+0000] {processor.py:208} INFO - Processing /home/komal/data-engineering-projects/airflow-spark-pipeline/airflow_venv/lib/python3.11/site-packages/airflow/example_dags/example_bash_operator.py took 0.074 seconds
[2026-03-18T18:09:22.424+0000] {processor.py:186} INFO - Started process (PID=40088) to work on /home/komal/data-engineering-projects/airflow-spark-pipeline/airflow_venv/lib/python3.11/site-packages/airflow/example_dags/example_bash_operator.py
[2026-03-18T18:09:22.457+0000] {processor.py:914} INFO - Processing file /home/komal/data-engineering-projects/airflow-spark-pipeline/airflow_venv/lib/python3.11/site-packages/airflow/example_dags/example_bash_operator.py for tasks to queue
[2026-03-18T18:09:22.460+0000] {logging_mixin.py:190} INFO - [2026-03-18T18:09:22.459+0000] {dagbag.py:588} INFO - Filling up the DagBag from /home/komal/data-engineering-projects/airflow-spark-pipeline/airflow_venv/lib/python3.11/site-packages/airflow/example_dags/example_bash_operator.py
[2026-03-18T18:09:22.477+0000] {processor.py:925} INFO - DAG(s) 'example_bash_operator' retrieved from /home/komal/data-engineering-projects/airflow-spark-pipeline/airflow_venv/lib/python3.11/site-packages/airflow/example_dags/example_bash_operator.py
[2026-03-18T18:09:22.492+0000] {logging_mixin.py:190} INFO - [2026-03-18T18:09:22.492+0000] {dag.py:3239} INFO - Sync 1 DAGs
[2026-03-18T18:09:22.506+0000] {logging_mixin.py:190} INFO - [2026-03-18T18:09:22.506+0000] {dag.py:4180} INFO - Setting next_dagrun for example_bash_operator to 2026-03-17 00:00:00+00:00, run_after=2026-03-18 00:00:00+00:00
[2026-03-18T18:09:22.527+0000] {processor.py:208} INFO - Processing /home/komal/data-engineering-projects/airflow-spark-pipeline/airflow_venv/lib/python3.11/site-packages/airflow/example_dags/example_bash_operator.py took 0.111 seconds
[2026-03-18T18:10:31.481+0000] {processor.py:186} INFO - Started process (PID=40153) to work on /home/komal/data-engineering-projects/airflow-spark-pipeline/airflow_venv/lib/python3.11/site-packages/airflow/example_dags/example_bash_operator.py
[2026-03-18T18:10:31.485+0000] {processor.py:914} INFO - Processing file /home/komal/data-engineering-projects/airflow-spark-pipeline/airflow_venv/lib/python3.11/site-packages/airflow/example_dags/example_bash_operator.py for tasks to queue
[2026-03-18T18:10:31.487+0000] {logging_mixin.py:190} INFO - [2026-03-18T18:10:31.487+0000] {dagbag.py:588} INFO - Filling up the DagBag from /home/komal/data-engineering-projects/airflow-spark-pipeline/airflow_venv/lib/python3.11/site-packages/airflow/example_dags/example_bash_operator.py
[2026-03-18T18:10:31.496+0000] {processor.py:925} INFO - DAG(s) 'example_bash_operator' retrieved from /home/komal/data-engineering-projects/airflow-spark-pipeline/airflow_venv/lib/python3.11/site-packages/airflow/example_dags/example_bash_operator.py
[2026-03-18T18:10:31.510+0000] {logging_mixin.py:190} INFO - [2026-03-18T18:10:31.510+0000] {dag.py:3239} INFO - Sync 1 DAGs
[2026-03-18T18:10:31.523+0000] {logging_mixin.py:190} INFO - [2026-03-18T18:10:31.523+0000] {dag.py:4180} INFO - Setting next_dagrun for example_bash_operator to 2026-03-17 00:00:00+00:00, run_after=2026-03-18 00:00:00+00:00
[2026-03-18T18:10:31.544+0000] {processor.py:208} INFO - Processing /home/komal/data-engineering-projects/airflow-spark-pipeline/airflow_venv/lib/python3.11/site-packages/airflow/example_dags/example_bash_operator.py took 0.070 seconds
[2026-03-18T18:11:38.733+0000] {processor.py:186} INFO - Started process (PID=40217) to work on /home/komal/data-engineering-projects/airflow-spark-pipeline/airflow_venv/lib/python3.11/site-packages/airflow/example_dags/example_bash_operator.py
[2026-03-18T18:11:38.738+0000] {processor.py:914} INFO - Processing file /home/komal/data-engineering-projects/airflow-spark-pipeline/airflow_venv/lib/python3.11/site-packages/airflow/example_dags/example_bash_operator.py for tasks to queue
[2026-03-18T18:11:38.742+0000] {logging_mixin.py:190} INFO - [2026-03-18T18:11:38.741+0000] {dagbag.py:588} INFO - Filling up the DagBag from /home/komal/data-engineering-projects/airflow-spark-pipeline/airflow_venv/lib/python3.11/site-packages/airflow/example_dags/example_bash_operator.py
[2026-03-18T18:11:38.764+0000] {processor.py:925} INFO - DAG(s) 'example_bash_operator' retrieved from /home/komal/data-engineering-projects/airflow-spark-pipeline/airflow_venv/lib/python3.11/site-packages/airflow/example_dags/example_bash_operator.py
[2026-03-18T18:11:38.782+0000] {logging_mixin.py:190} INFO - [2026-03-18T18:11:38.782+0000] {dag.py:3239} INFO - Sync 1 DAGs
[2026-03-18T18:11:38.795+0000] {logging_mixin.py:190} INFO - [2026-03-18T18:11:38.795+0000] {dag.py:4180} INFO - Setting next_dagrun for example_bash_operator to 2026-03-17 00:00:00+00:00, run_after=2026-03-18 00:00:00+00:00
[2026-03-18T18:11:38.819+0000] {processor.py:208} INFO - Processing /home/komal/data-engineering-projects/airflow-spark-pipeline/airflow_venv/lib/python3.11/site-packages/airflow/example_dags/example_bash_operator.py took 0.096 seconds
[2026-03-18T18:12:44.649+0000] {processor.py:186} INFO - Started process (PID=40281) to work on /home/komal/data-engineering-projects/airflow-spark-pipeline/airflow_venv/lib/python3.11/site-packages/airflow/example_dags/example_bash_operator.py
[2026-03-18T18:12:44.680+0000] {processor.py:914} INFO - Processing file /home/komal/data-engineering-projects/airflow-spark-pipeline/airflow_venv/lib/python3.11/site-packages/airflow/example_dags/example_bash_operator.py for tasks to queue
[2026-03-18T18:12:44.684+0000] {logging_mixin.py:190} INFO - [2026-03-18T18:12:44.684+0000] {dagbag.py:588} INFO - Filling up the DagBag from /home/komal/data-engineering-projects/airflow-spark-pipeline/airflow_venv/lib/python3.11/site-packages/airflow/example_dags/example_bash_operator.py
[2026-03-18T18:12:44.700+0000] {processor.py:925} INFO - DAG(s) 'example_bash_operator' retrieved from /home/komal/data-engineering-projects/airflow-spark-pipeline/airflow_venv/lib/python3.11/site-packages/airflow/example_dags/example_bash_operator.py
[2026-03-18T18:12:44.720+0000] {logging_mixin.py:190} INFO - [2026-03-18T18:12:44.720+0000] {dag.py:3239} INFO - Sync 1 DAGs
[2026-03-18T18:12:44.735+0000] {logging_mixin.py:190} INFO - [2026-03-18T18:12:44.735+0000] {dag.py:4180} INFO - Setting next_dagrun for example_bash_operator to 2026-03-17 00:00:00+00:00, run_after=2026-03-18 00:00:00+00:00
[2026-03-18T18:12:44.766+0000] {processor.py:208} INFO - Processing /home/komal/data-engineering-projects/airflow-spark-pipeline/airflow_venv/lib/python3.11/site-packages/airflow/example_dags/example_bash_operator.py took 0.124 seconds
[2026-03-18T18:13:51.698+0000] {processor.py:186} INFO - Started process (PID=40345) to work on /home/komal/data-engineering-projects/airflow-spark-pipeline/airflow_venv/lib/python3.11/site-packages/airflow/example_dags/example_bash_operator.py
[2026-03-18T18:13:51.731+0000] {processor.py:914} INFO - Processing file /home/komal/data-engineering-projects/airflow-spark-pipeline/airflow_venv/lib/python3.11/site-packages/airflow/example_dags/example_bash_operator.py for tasks to queue
[2026-03-18T18:13:51.735+0000] {logging_mixin.py:190} INFO - [2026-03-18T18:13:51.734+0000] {dagbag.py:588} INFO - Filling up the DagBag from /home/komal/data-engineering-projects/airflow-spark-pipeline/airflow_venv/lib/python3.11/site-packages/airflow/example_dags/example_bash_operator.py
[2026-03-18T18:13:51.752+0000] {processor.py:925} INFO - DAG(s) 'example_bash_operator' retrieved from /home/komal/data-engineering-projects/airflow-spark-pipeline/airflow_venv/lib/python3.11/site-packages/airflow/example_dags/example_bash_operator.py
[2026-03-18T18:13:51.779+0000] {logging_mixin.py:190} INFO - [2026-03-18T18:13:51.779+0000] {dag.py:3239} INFO - Sync 1 DAGs
[2026-03-18T18:13:51.802+0000] {logging_mixin.py:190} INFO - [2026-03-18T18:13:51.802+0000] {dag.py:4180} INFO - Setting next_dagrun for example_bash_operator to 2026-03-17 00:00:00+00:00, run_after=2026-03-18 00:00:00+00:00
[2026-03-18T18:13:51.833+0000] {processor.py:208} INFO - Processing /home/komal/data-engineering-projects/airflow-spark-pipeline/airflow_venv/lib/python3.11/site-packages/airflow/example_dags/example_bash_operator.py took 0.147 seconds
[2026-03-18T18:14:53.754+0000] {processor.py:186} INFO - Started process (PID=40409) to work on /home/komal/data-engineering-projects/airflow-spark-pipeline/airflow_venv/lib/python3.11/site-packages/airflow/example_dags/example_bash_operator.py
[2026-03-18T18:14:53.786+0000] {processor.py:914} INFO - Processing file /home/komal/data-engineering-projects/airflow-spark-pipeline/airflow_venv/lib/python3.11/site-packages/airflow/example_dags/example_bash_operator.py for tasks to queue
[2026-03-18T18:14:53.790+0000] {logging_mixin.py:190} INFO - [2026-03-18T18:14:53.789+0000] {dagbag.py:588} INFO - Filling up the DagBag from /home/komal/data-engineering-projects/airflow-spark-pipeline/airflow_venv/lib/python3.11/site-packages/airflow/example_dags/example_bash_operator.py
[2026-03-18T18:14:53.808+0000] {processor.py:925} INFO - DAG(s) 'example_bash_operator' retrieved from /home/komal/data-engineering-projects/airflow-spark-pipeline/airflow_venv/lib/python3.11/site-packages/airflow/example_dags/example_bash_operator.py
[2026-03-18T18:14:53.823+0000] {logging_mixin.py:190} INFO - [2026-03-18T18:14:53.823+0000] {dag.py:3239} INFO - Sync 1 DAGs
[2026-03-18T18:14:53.838+0000] {logging_mixin.py:190} INFO - [2026-03-18T18:14:53.838+0000] {dag.py:4180} INFO - Setting next_dagrun for example_bash_operator to 2026-03-17 00:00:00+00:00, run_after=2026-03-18 00:00:00+00:00
[2026-03-18T18:14:53.865+0000] {processor.py:208} INFO - Processing /home/komal/data-engineering-projects/airflow-spark-pipeline/airflow_venv/lib/python3.11/site-packages/airflow/example_dags/example_bash_operator.py took 0.120 seconds
[2026-03-18T18:16:00.006+0000] {processor.py:186} INFO - Started process (PID=40472) to work on /home/komal/data-engineering-projects/airflow-spark-pipeline/airflow_venv/lib/python3.11/site-packages/airflow/example_dags/example_bash_operator.py
[2026-03-18T18:16:00.037+0000] {processor.py:914} INFO - Processing file /home/komal/data-engineering-projects/airflow-spark-pipeline/airflow_venv/lib/python3.11/site-packages/airflow/example_dags/example_bash_operator.py for tasks to queue
[2026-03-18T18:16:00.039+0000] {logging_mixin.py:190} INFO - [2026-03-18T18:16:00.039+0000] {dagbag.py:588} INFO - Filling up the DagBag from /home/komal/data-engineering-projects/airflow-spark-pipeline/airflow_venv/lib/python3.11/site-packages/airflow/example_dags/example_bash_operator.py
[2026-03-18T18:16:00.053+0000] {processor.py:925} INFO - DAG(s) 'example_bash_operator' retrieved from /home/komal/data-engineering-projects/airflow-spark-pipeline/airflow_venv/lib/python3.11/site-packages/airflow/example_dags/example_bash_operator.py
[2026-03-18T18:16:00.067+0000] {logging_mixin.py:190} INFO - [2026-03-18T18:16:00.067+0000] {dag.py:3239} INFO - Sync 1 DAGs
[2026-03-18T18:16:00.083+0000] {logging_mixin.py:190} INFO - [2026-03-18T18:16:00.082+0000] {dag.py:4180} INFO - Setting next_dagrun for example_bash_operator to 2026-03-17 00:00:00+00:00, run_after=2026-03-18 00:00:00+00:00
[2026-03-18T18:16:00.106+0000] {processor.py:208} INFO - Processing /home/komal/data-engineering-projects/airflow-spark-pipeline/airflow_venv/lib/python3.11/site-packages/airflow/example_dags/example_bash_operator.py took 0.104 seconds
[2026-03-18T18:17:07.172+0000] {processor.py:186} INFO - Started process (PID=40543) to work on /home/komal/data-engineering-projects/airflow-spark-pipeline/airflow_venv/lib/python3.11/site-packages/airflow/example_dags/example_bash_operator.py
[2026-03-18T18:17:07.204+0000] {processor.py:914} INFO - Processing file /home/komal/data-engineering-projects/airflow-spark-pipeline/airflow_venv/lib/python3.11/site-packages/airflow/example_dags/example_bash_operator.py for tasks to queue
[2026-03-18T18:17:07.208+0000] {logging_mixin.py:190} INFO - [2026-03-18T18:17:07.208+0000] {dagbag.py:588} INFO - Filling up the DagBag from /home/komal/data-engineering-projects/airflow-spark-pipeline/airflow_venv/lib/python3.11/site-packages/airflow/example_dags/example_bash_operator.py
[2026-03-18T18:17:07.234+0000] {processor.py:925} INFO - DAG(s) 'example_bash_operator' retrieved from /home/komal/data-engineering-projects/airflow-spark-pipeline/airflow_venv/lib/python3.11/site-packages/airflow/example_dags/example_bash_operator.py
[2026-03-18T18:17:07.257+0000] {logging_mixin.py:190} INFO - [2026-03-18T18:17:07.256+0000] {dag.py:3239} INFO - Sync 1 DAGs
[2026-03-18T18:17:07.274+0000] {logging_mixin.py:190} INFO - [2026-03-18T18:17:07.274+0000] {dag.py:4180} INFO - Setting next_dagrun for example_bash_operator to 2026-03-17 00:00:00+00:00, run_after=2026-03-18 00:00:00+00:00
[2026-03-18T18:17:07.295+0000] {processor.py:208} INFO - Processing /home/komal/data-engineering-projects/airflow-spark-pipeline/airflow_venv/lib/python3.11/site-packages/airflow/example_dags/example_bash_operator.py took 0.133 seconds
[2026-03-18T18:18:13.866+0000] {processor.py:186} INFO - Started process (PID=40607) to work on /home/komal/data-engineering-projects/airflow-spark-pipeline/airflow_venv/lib/python3.11/site-packages/airflow/example_dags/example_bash_operator.py
[2026-03-18T18:18:13.879+0000] {processor.py:914} INFO - Processing file /home/komal/data-engineering-projects/airflow-spark-pipeline/airflow_venv/lib/python3.11/site-packages/airflow/example_dags/example_bash_operator.py for tasks to queue
[2026-03-18T18:18:13.882+0000] {logging_mixin.py:190} INFO - [2026-03-18T18:18:13.881+0000] {dagbag.py:588} INFO - Filling up the DagBag from /home/komal/data-engineering-projects/airflow-spark-pipeline/airflow_venv/lib/python3.11/site-packages/airflow/example_dags/example_bash_operator.py
[2026-03-18T18:18:13.898+0000] {processor.py:925} INFO - DAG(s) 'example_bash_operator' retrieved from /home/komal/data-engineering-projects/airflow-spark-pipeline/airflow_venv/lib/python3.11/site-packages/airflow/example_dags/example_bash_operator.py
[2026-03-18T18:18:13.917+0000] {logging_mixin.py:190} INFO - [2026-03-18T18:18:13.916+0000] {dag.py:3239} INFO - Sync 1 DAGs
[2026-03-18T18:18:13.938+0000] {logging_mixin.py:190} INFO - [2026-03-18T18:18:13.938+0000] {dag.py:4180} INFO - Setting next_dagrun for example_bash_operator to 2026-03-17 00:00:00+00:00, run_after=2026-03-18 00:00:00+00:00
[2026-03-18T18:18:14.000+0000] {processor.py:208} INFO - Processing /home/komal/data-engineering-projects/airflow-spark-pipeline/airflow_venv/lib/python3.11/site-packages/airflow/example_dags/example_bash_operator.py took 0.139 seconds
[2026-03-18T18:19:25.149+0000] {processor.py:186} INFO - Started process (PID=40672) to work on /home/komal/data-engineering-projects/airflow-spark-pipeline/airflow_venv/lib/python3.11/site-packages/airflow/example_dags/example_bash_operator.py
[2026-03-18T18:19:25.153+0000] {processor.py:914} INFO - Processing file /home/komal/data-engineering-projects/airflow-spark-pipeline/airflow_venv/lib/python3.11/site-packages/airflow/example_dags/example_bash_operator.py for tasks to queue
[2026-03-18T18:19:25.157+0000] {logging_mixin.py:190} INFO - [2026-03-18T18:19:25.156+0000] {dagbag.py:588} INFO - Filling up the DagBag from /home/komal/data-engineering-projects/airflow-spark-pipeline/airflow_venv/lib/python3.11/site-packages/airflow/example_dags/example_bash_operator.py
[2026-03-18T18:19:25.175+0000] {processor.py:925} INFO - DAG(s) 'example_bash_operator' retrieved from /home/komal/data-engineering-projects/airflow-spark-pipeline/airflow_venv/lib/python3.11/site-packages/airflow/example_dags/example_bash_operator.py
[2026-03-18T18:19:25.199+0000] {logging_mixin.py:190} INFO - [2026-03-18T18:19:25.199+0000] {dag.py:3239} INFO - Sync 1 DAGs
[2026-03-18T18:19:25.230+0000] {logging_mixin.py:190} INFO - [2026-03-18T18:19:25.230+0000] {dag.py:4180} INFO - Setting next_dagrun for example_bash_operator to 2026-03-17 00:00:00+00:00, run_after=2026-03-18 00:00:00+00:00
[2026-03-18T18:19:25.252+0000] {processor.py:208} INFO - Processing /home/komal/data-engineering-projects/airflow-spark-pipeline/airflow_venv/lib/python3.11/site-packages/airflow/example_dags/example_bash_operator.py took 0.113 seconds
[2026-03-18T18:20:35.729+0000] {processor.py:186} INFO - Started process (PID=40741) to work on /home/komal/data-engineering-projects/airflow-spark-pipeline/airflow_venv/lib/python3.11/site-packages/airflow/example_dags/example_bash_operator.py
[2026-03-18T18:20:35.732+0000] {processor.py:914} INFO - Processing file /home/komal/data-engineering-projects/airflow-spark-pipeline/airflow_venv/lib/python3.11/site-packages/airflow/example_dags/example_bash_operator.py for tasks to queue
[2026-03-18T18:20:35.735+0000] {logging_mixin.py:190} INFO - [2026-03-18T18:20:35.735+0000] {dagbag.py:588} INFO - Filling up the DagBag from /home/komal/data-engineering-projects/airflow-spark-pipeline/airflow_venv/lib/python3.11/site-packages/airflow/example_dags/example_bash_operator.py
[2026-03-18T18:20:35.744+0000] {processor.py:925} INFO - DAG(s) 'example_bash_operator' retrieved from /home/komal/data-engineering-projects/airflow-spark-pipeline/airflow_venv/lib/python3.11/site-packages/airflow/example_dags/example_bash_operator.py
[2026-03-18T18:20:35.758+0000] {logging_mixin.py:190} INFO - [2026-03-18T18:20:35.758+0000] {dag.py:3239} INFO - Sync 1 DAGs
[2026-03-18T18:20:35.802+0000] {logging_mixin.py:190} INFO - [2026-03-18T18:20:35.802+0000] {dag.py:4180} INFO - Setting next_dagrun for example_bash_operator to 2026-03-17 00:00:00+00:00, run_after=2026-03-18 00:00:00+00:00
[2026-03-18T18:20:35.857+0000] {processor.py:208} INFO - Processing /home/komal/data-engineering-projects/airflow-spark-pipeline/airflow_venv/lib/python3.11/site-packages/airflow/example_dags/example_bash_operator.py took 0.132 seconds
[2026-03-18T18:21:41.480+0000] {processor.py:186} INFO - Started process (PID=40873) to work on /home/komal/data-engineering-projects/airflow-spark-pipeline/airflow_venv/lib/python3.11/site-packages/airflow/example_dags/example_bash_operator.py
[2026-03-18T18:21:41.513+0000] {processor.py:914} INFO - Processing file /home/komal/data-engineering-projects/airflow-spark-pipeline/airflow_venv/lib/python3.11/site-packages/airflow/example_dags/example_bash_operator.py for tasks to queue
[2026-03-18T18:21:41.517+0000] {logging_mixin.py:190} INFO - [2026-03-18T18:21:41.516+0000] {dagbag.py:588} INFO - Filling up the DagBag from /home/komal/data-engineering-projects/airflow-spark-pipeline/airflow_venv/lib/python3.11/site-packages/airflow/example_dags/example_bash_operator.py
[2026-03-18T18:21:41.535+0000] {processor.py:925} INFO - DAG(s) 'example_bash_operator' retrieved from /home/komal/data-engineering-projects/airflow-spark-pipeline/airflow_venv/lib/python3.11/site-packages/airflow/example_dags/example_bash_operator.py
[2026-03-18T18:21:41.548+0000] {logging_mixin.py:190} INFO - [2026-03-18T18:21:41.548+0000] {dag.py:3239} INFO - Sync 1 DAGs
[2026-03-18T18:21:41.563+0000] {logging_mixin.py:190} INFO - [2026-03-18T18:21:41.563+0000] {dag.py:4180} INFO - Setting next_dagrun for example_bash_operator to 2026-03-17 00:00:00+00:00, run_after=2026-03-18 00:00:00+00:00
[2026-03-18T18:21:41.582+0000] {processor.py:208} INFO - Processing /home/komal/data-engineering-projects/airflow-spark-pipeline/airflow_venv/lib/python3.11/site-packages/airflow/example_dags/example_bash_operator.py took 0.113 seconds
[2026-03-18T18:22:52.554+0000] {processor.py:186} INFO - Started process (PID=40944) to work on /home/komal/data-engineering-projects/airflow-spark-pipeline/airflow_venv/lib/python3.11/site-packages/airflow/example_dags/example_bash_operator.py
[2026-03-18T18:22:52.579+0000] {processor.py:914} INFO - Processing file /home/komal/data-engineering-projects/airflow-spark-pipeline/airflow_venv/lib/python3.11/site-packages/airflow/example_dags/example_bash_operator.py for tasks to queue
[2026-03-18T18:22:52.583+0000] {logging_mixin.py:190} INFO - [2026-03-18T18:22:52.582+0000] {dagbag.py:588} INFO - Filling up the DagBag from /home/komal/data-engineering-projects/airflow-spark-pipeline/airflow_venv/lib/python3.11/site-packages/airflow/example_dags/example_bash_operator.py
[2026-03-18T18:22:52.601+0000] {processor.py:925} INFO - DAG(s) 'example_bash_operator' retrieved from /home/komal/data-engineering-projects/airflow-spark-pipeline/airflow_venv/lib/python3.11/site-packages/airflow/example_dags/example_bash_operator.py
[2026-03-18T18:22:52.615+0000] {logging_mixin.py:190} INFO - [2026-03-18T18:22:52.615+0000] {dag.py:3239} INFO - Sync 1 DAGs
[2026-03-18T18:22:52.629+0000] {logging_mixin.py:190} INFO - [2026-03-18T18:22:52.629+0000] {dag.py:4180} INFO - Setting next_dagrun for example_bash_operator to 2026-03-17 00:00:00+00:00, run_after=2026-03-18 00:00:00+00:00
[2026-03-18T18:22:52.653+0000] {processor.py:208} INFO - Processing /home/komal/data-engineering-projects/airflow-spark-pipeline/airflow_venv/lib/python3.11/site-packages/airflow/example_dags/example_bash_operator.py took 0.104 seconds
[2026-03-18T18:24:00.997+0000] {processor.py:186} INFO - Started process (PID=41011) to work on /home/komal/data-engineering-projects/airflow-spark-pipeline/airflow_venv/lib/python3.11/site-packages/airflow/example_dags/example_bash_operator.py
[2026-03-18T18:24:01.000+0000] {processor.py:914} INFO - Processing file /home/komal/data-engineering-projects/airflow-spark-pipeline/airflow_venv/lib/python3.11/site-packages/airflow/example_dags/example_bash_operator.py for tasks to queue
[2026-03-18T18:24:01.004+0000] {logging_mixin.py:190} INFO - [2026-03-18T18:24:01.004+0000] {dagbag.py:588} INFO - Filling up the DagBag from /home/komal/data-engineering-projects/airflow-spark-pipeline/airflow_venv/lib/python3.11/site-packages/airflow/example_dags/example_bash_operator.py
[2026-03-18T18:24:01.020+0000] {processor.py:925} INFO - DAG(s) 'example_bash_operator' retrieved from /home/komal/data-engineering-projects/airflow-spark-pipeline/airflow_venv/lib/python3.11/site-packages/airflow/example_dags/example_bash_operator.py
[2026-03-18T18:24:01.035+0000] {logging_mixin.py:190} INFO - [2026-03-18T18:24:01.034+0000] {dag.py:3239} INFO - Sync 1 DAGs
[2026-03-18T18:24:01.055+0000] {logging_mixin.py:190} INFO - [2026-03-18T18:24:01.055+0000] {dag.py:4180} INFO - Setting next_dagrun for example_bash_operator to 2026-03-17 00:00:00+00:00, run_after=2026-03-18 00:00:00+00:00
[2026-03-18T18:24:01.087+0000] {processor.py:208} INFO - Processing /home/komal/data-engineering-projects/airflow-spark-pipeline/airflow_venv/lib/python3.11/site-packages/airflow/example_dags/example_bash_operator.py took 0.095 seconds
[2026-03-18T18:25:07.835+0000] {processor.py:186} INFO - Started process (PID=41144) to work on /home/komal/data-engineering-projects/airflow-spark-pipeline/airflow_venv/lib/python3.11/site-packages/airflow/example_dags/example_bash_operator.py
[2026-03-18T18:25:07.867+0000] {processor.py:914} INFO - Processing file /home/komal/data-engineering-projects/airflow-spark-pipeline/airflow_venv/lib/python3.11/site-packages/airflow/example_dags/example_bash_operator.py for tasks to queue
[2026-03-18T18:25:07.870+0000] {logging_mixin.py:190} INFO - [2026-03-18T18:25:07.870+0000] {dagbag.py:588} INFO - Filling up the DagBag from /home/komal/data-engineering-projects/airflow-spark-pipeline/airflow_venv/lib/python3.11/site-packages/airflow/example_dags/example_bash_operator.py
[2026-03-18T18:25:07.899+0000] {processor.py:925} INFO - DAG(s) 'example_bash_operator' retrieved from /home/komal/data-engineering-projects/airflow-spark-pipeline/airflow_venv/lib/python3.11/site-packages/airflow/example_dags/example_bash_operator.py
[2026-03-18T18:25:07.938+0000] {logging_mixin.py:190} INFO - [2026-03-18T18:25:07.937+0000] {dag.py:3239} INFO - Sync 1 DAGs
[2026-03-18T18:25:08.008+0000] {logging_mixin.py:190} INFO - [2026-03-18T18:25:08.000+0000] {dag.py:4180} INFO - Setting next_dagrun for example_bash_operator to 2026-03-17 00:00:00+00:00, run_after=2026-03-18 00:00:00+00:00
[2026-03-18T18:25:08.078+0000] {processor.py:208} INFO - Processing /home/komal/data-engineering-projects/airflow-spark-pipeline/airflow_venv/lib/python3.11/site-packages/airflow/example_dags/example_bash_operator.py took 0.252 seconds
[2026-03-18T18:26:16.022+0000] {processor.py:186} INFO - Started process (PID=41217) to work on /home/komal/data-engineering-projects/airflow-spark-pipeline/airflow_venv/lib/python3.11/site-packages/airflow/example_dags/example_bash_operator.py
[2026-03-18T18:26:16.024+0000] {processor.py:914} INFO - Processing file /home/komal/data-engineering-projects/airflow-spark-pipeline/airflow_venv/lib/python3.11/site-packages/airflow/example_dags/example_bash_operator.py for tasks to queue
[2026-03-18T18:26:16.025+0000] {logging_mixin.py:190} INFO - [2026-03-18T18:26:16.025+0000] {dagbag.py:588} INFO - Filling up the DagBag from /home/komal/data-engineering-projects/airflow-spark-pipeline/airflow_venv/lib/python3.11/site-packages/airflow/example_dags/example_bash_operator.py
[2026-03-18T18:26:16.037+0000] {processor.py:925} INFO - DAG(s) 'example_bash_operator' retrieved from /home/komal/data-engineering-projects/airflow-spark-pipeline/airflow_venv/lib/python3.11/site-packages/airflow/example_dags/example_bash_operator.py
[2026-03-18T18:26:16.049+0000] {logging_mixin.py:190} INFO - [2026-03-18T18:26:16.049+0000] {dag.py:3239} INFO - Sync 1 DAGs
[2026-03-18T18:26:16.061+0000] {logging_mixin.py:190} INFO - [2026-03-18T18:26:16.061+0000] {dag.py:4180} INFO - Setting next_dagrun for example_bash_operator to 2026-03-17 00:00:00+00:00, run_after=2026-03-18 00:00:00+00:00
[2026-03-18T18:26:16.129+0000] {processor.py:208} INFO - Processing /home/komal/data-engineering-projects/airflow-spark-pipeline/airflow_venv/lib/python3.11/site-packages/airflow/example_dags/example_bash_operator.py took 0.115 seconds
[2026-03-18T18:27:22.686+0000] {processor.py:186} INFO - Started process (PID=41282) to work on /home/komal/data-engineering-projects/airflow-spark-pipeline/airflow_venv/lib/python3.11/site-packages/airflow/example_dags/example_bash_operator.py
[2026-03-18T18:27:22.693+0000] {processor.py:914} INFO - Processing file /home/komal/data-engineering-projects/airflow-spark-pipeline/airflow_venv/lib/python3.11/site-packages/airflow/example_dags/example_bash_operator.py for tasks to queue
[2026-03-18T18:27:22.697+0000] {logging_mixin.py:190} INFO - [2026-03-18T18:27:22.696+0000] {dagbag.py:588} INFO - Filling up the DagBag from /home/komal/data-engineering-projects/airflow-spark-pipeline/airflow_venv/lib/python3.11/site-packages/airflow/example_dags/example_bash_operator.py
[2026-03-18T18:27:22.716+0000] {processor.py:925} INFO - DAG(s) 'example_bash_operator' retrieved from /home/komal/data-engineering-projects/airflow-spark-pipeline/airflow_venv/lib/python3.11/site-packages/airflow/example_dags/example_bash_operator.py
[2026-03-18T18:27:22.735+0000] {logging_mixin.py:190} INFO - [2026-03-18T18:27:22.735+0000] {dag.py:3239} INFO - Sync 1 DAGs
[2026-03-18T18:27:22.753+0000] {logging_mixin.py:190} INFO - [2026-03-18T18:27:22.753+0000] {dag.py:4180} INFO - Setting next_dagrun for example_bash_operator to 2026-03-17 00:00:00+00:00, run_after=2026-03-18 00:00:00+00:00
[2026-03-18T18:27:22.779+0000] {processor.py:208} INFO - Processing /home/komal/data-engineering-projects/airflow-spark-pipeline/airflow_venv/lib/python3.11/site-packages/airflow/example_dags/example_bash_operator.py took 0.110 seconds
[2026-03-18T18:28:28.507+0000] {processor.py:186} INFO - Started process (PID=41353) to work on /home/komal/data-engineering-projects/airflow-spark-pipeline/airflow_venv/lib/python3.11/site-packages/airflow/example_dags/example_bash_operator.py
[2026-03-18T18:28:28.538+0000] {processor.py:914} INFO - Processing file /home/komal/data-engineering-projects/airflow-spark-pipeline/airflow_venv/lib/python3.11/site-packages/airflow/example_dags/example_bash_operator.py for tasks to queue
[2026-03-18T18:28:28.541+0000] {logging_mixin.py:190} INFO - [2026-03-18T18:28:28.541+0000] {dagbag.py:588} INFO - Filling up the DagBag from /home/komal/data-engineering-projects/airflow-spark-pipeline/airflow_venv/lib/python3.11/site-packages/airflow/example_dags/example_bash_operator.py
[2026-03-18T18:28:28.553+0000] {processor.py:925} INFO - DAG(s) 'example_bash_operator' retrieved from /home/komal/data-engineering-projects/airflow-spark-pipeline/airflow_venv/lib/python3.11/site-packages/airflow/example_dags/example_bash_operator.py
[2026-03-18T18:28:28.566+0000] {logging_mixin.py:190} INFO - [2026-03-18T18:28:28.565+0000] {dag.py:3239} INFO - Sync 1 DAGs
[2026-03-18T18:28:28.587+0000] {logging_mixin.py:190} INFO - [2026-03-18T18:28:28.586+0000] {dag.py:4180} INFO - Setting next_dagrun for example_bash_operator to 2026-03-17 00:00:00+00:00, run_after=2026-03-18 00:00:00+00:00
[2026-03-18T18:28:28.608+0000] {processor.py:208} INFO - Processing /home/komal/data-engineering-projects/airflow-spark-pipeline/airflow_venv/lib/python3.11/site-packages/airflow/example_dags/example_bash_operator.py took 0.106 seconds
[2026-03-18T18:29:35.285+0000] {processor.py:186} INFO - Started process (PID=41417) to work on /home/komal/data-engineering-projects/airflow-spark-pipeline/airflow_venv/lib/python3.11/site-packages/airflow/example_dags/example_bash_operator.py
[2026-03-18T18:29:35.316+0000] {processor.py:914} INFO - Processing file /home/komal/data-engineering-projects/airflow-spark-pipeline/airflow_venv/lib/python3.11/site-packages/airflow/example_dags/example_bash_operator.py for tasks to queue
[2026-03-18T18:29:35.319+0000] {logging_mixin.py:190} INFO - [2026-03-18T18:29:35.319+0000] {dagbag.py:588} INFO - Filling up the DagBag from /home/komal/data-engineering-projects/airflow-spark-pipeline/airflow_venv/lib/python3.11/site-packages/airflow/example_dags/example_bash_operator.py
[2026-03-18T18:29:35.332+0000] {processor.py:925} INFO - DAG(s) 'example_bash_operator' retrieved from /home/komal/data-engineering-projects/airflow-spark-pipeline/airflow_venv/lib/python3.11/site-packages/airflow/example_dags/example_bash_operator.py
[2026-03-18T18:29:35.344+0000] {logging_mixin.py:190} INFO - [2026-03-18T18:29:35.344+0000] {dag.py:3239} INFO - Sync 1 DAGs
[2026-03-18T18:29:35.362+0000] {logging_mixin.py:190} INFO - [2026-03-18T18:29:35.362+0000] {dag.py:4180} INFO - Setting next_dagrun for example_bash_operator to 2026-03-17 00:00:00+00:00, run_after=2026-03-18 00:00:00+00:00
[2026-03-18T18:29:35.399+0000] {processor.py:208} INFO - Processing /home/komal/data-engineering-projects/airflow-spark-pipeline/airflow_venv/lib/python3.11/site-packages/airflow/example_dags/example_bash_operator.py took 0.120 seconds
[2026-03-18T18:30:43.051+0000] {processor.py:186} INFO - Started process (PID=41485) to work on /home/komal/data-engineering-projects/airflow-spark-pipeline/airflow_venv/lib/python3.11/site-packages/airflow/example_dags/example_bash_operator.py
[2026-03-18T18:30:43.081+0000] {processor.py:914} INFO - Processing file /home/komal/data-engineering-projects/airflow-spark-pipeline/airflow_venv/lib/python3.11/site-packages/airflow/example_dags/example_bash_operator.py for tasks to queue
[2026-03-18T18:30:43.083+0000] {logging_mixin.py:190} INFO - [2026-03-18T18:30:43.083+0000] {dagbag.py:588} INFO - Filling up the DagBag from /home/komal/data-engineering-projects/airflow-spark-pipeline/airflow_venv/lib/python3.11/site-packages/airflow/example_dags/example_bash_operator.py
[2026-03-18T18:30:43.097+0000] {processor.py:925} INFO - DAG(s) 'example_bash_operator' retrieved from /home/komal/data-engineering-projects/airflow-spark-pipeline/airflow_venv/lib/python3.11/site-packages/airflow/example_dags/example_bash_operator.py
[2026-03-18T18:30:43.112+0000] {logging_mixin.py:190} INFO - [2026-03-18T18:30:43.112+0000] {dag.py:3239} INFO - Sync 1 DAGs
[2026-03-18T18:30:43.128+0000] {logging_mixin.py:190} INFO - [2026-03-18T18:30:43.128+0000] {dag.py:4180} INFO - Setting next_dagrun for example_bash_operator to 2026-03-17 00:00:00+00:00, run_after=2026-03-18 00:00:00+00:00
[2026-03-18T18:30:43.151+0000] {processor.py:208} INFO - Processing /home/komal/data-engineering-projects/airflow-spark-pipeline/airflow_venv/lib/python3.11/site-packages/airflow/example_dags/example_bash_operator.py took 0.107 seconds
[2026-03-18T18:31:47.173+0000] {processor.py:186} INFO - Started process (PID=41547) to work on /home/komal/data-engineering-projects/airflow-spark-pipeline/airflow_venv/lib/python3.11/site-packages/airflow/example_dags/example_bash_operator.py
[2026-03-18T18:31:47.205+0000] {processor.py:914} INFO - Processing file /home/komal/data-engineering-projects/airflow-spark-pipeline/airflow_venv/lib/python3.11/site-packages/airflow/example_dags/example_bash_operator.py for tasks to queue
[2026-03-18T18:31:47.209+0000] {logging_mixin.py:190} INFO - [2026-03-18T18:31:47.208+0000] {dagbag.py:588} INFO - Filling up the DagBag from /home/komal/data-engineering-projects/airflow-spark-pipeline/airflow_venv/lib/python3.11/site-packages/airflow/example_dags/example_bash_operator.py
[2026-03-18T18:31:47.225+0000] {processor.py:925} INFO - DAG(s) 'example_bash_operator' retrieved from /home/komal/data-engineering-projects/airflow-spark-pipeline/airflow_venv/lib/python3.11/site-packages/airflow/example_dags/example_bash_operator.py
[2026-03-18T18:31:47.241+0000] {logging_mixin.py:190} INFO - [2026-03-18T18:31:47.241+0000] {dag.py:3239} INFO - Sync 1 DAGs
[2026-03-18T18:31:47.255+0000] {logging_mixin.py:190} INFO - [2026-03-18T18:31:47.255+0000] {dag.py:4180} INFO - Setting next_dagrun for example_bash_operator to 2026-03-17 00:00:00+00:00, run_after=2026-03-18 00:00:00+00:00
[2026-03-18T18:31:47.312+0000] {processor.py:208} INFO - Processing /home/komal/data-engineering-projects/airflow-spark-pipeline/airflow_venv/lib/python3.11/site-packages/airflow/example_dags/example_bash_operator.py took 0.151 seconds
[2026-03-18T18:33:01.641+0000] {processor.py:186} INFO - Started process (PID=41613) to work on /home/komal/data-engineering-projects/airflow-spark-pipeline/airflow_venv/lib/python3.11/site-packages/airflow/example_dags/example_bash_operator.py
[2026-03-18T18:33:01.675+0000] {processor.py:914} INFO - Processing file /home/komal/data-engineering-projects/airflow-spark-pipeline/airflow_venv/lib/python3.11/site-packages/airflow/example_dags/example_bash_operator.py for tasks to queue
[2026-03-18T18:33:01.679+0000] {logging_mixin.py:190} INFO - [2026-03-18T18:33:01.678+0000] {dagbag.py:588} INFO - Filling up the DagBag from /home/komal/data-engineering-projects/airflow-spark-pipeline/airflow_venv/lib/python3.11/site-packages/airflow/example_dags/example_bash_operator.py
[2026-03-18T18:33:01.694+0000] {processor.py:925} INFO - DAG(s) 'example_bash_operator' retrieved from /home/komal/data-engineering-projects/airflow-spark-pipeline/airflow_venv/lib/python3.11/site-packages/airflow/example_dags/example_bash_operator.py
[2026-03-18T18:33:01.708+0000] {logging_mixin.py:190} INFO - [2026-03-18T18:33:01.707+0000] {dag.py:3239} INFO - Sync 1 DAGs
[2026-03-18T18:33:01.720+0000] {logging_mixin.py:190} INFO - [2026-03-18T18:33:01.720+0000] {dag.py:4180} INFO - Setting next_dagrun for example_bash_operator to 2026-03-17 00:00:00+00:00, run_after=2026-03-18 00:00:00+00:00
[2026-03-18T18:33:01.745+0000] {processor.py:208} INFO - Processing /home/komal/data-engineering-projects/airflow-spark-pipeline/airflow_venv/lib/python3.11/site-packages/airflow/example_dags/example_bash_operator.py took 0.111 seconds
[2026-03-18T18:34:12.773+0000] {processor.py:186} INFO - Started process (PID=41678) to work on /home/komal/data-engineering-projects/airflow-spark-pipeline/airflow_venv/lib/python3.11/site-packages/airflow/example_dags/example_bash_operator.py
[2026-03-18T18:34:12.805+0000] {processor.py:914} INFO - Processing file /home/komal/data-engineering-projects/airflow-spark-pipeline/airflow_venv/lib/python3.11/site-packages/airflow/example_dags/example_bash_operator.py for tasks to queue
[2026-03-18T18:34:12.808+0000] {logging_mixin.py:190} INFO - [2026-03-18T18:34:12.808+0000] {dagbag.py:588} INFO - Filling up the DagBag from /home/komal/data-engineering-projects/airflow-spark-pipeline/airflow_venv/lib/python3.11/site-packages/airflow/example_dags/example_bash_operator.py
[2026-03-18T18:34:12.831+0000] {processor.py:925} INFO - DAG(s) 'example_bash_operator' retrieved from /home/komal/data-engineering-projects/airflow-spark-pipeline/airflow_venv/lib/python3.11/site-packages/airflow/example_dags/example_bash_operator.py
[2026-03-18T18:34:12.848+0000] {logging_mixin.py:190} INFO - [2026-03-18T18:34:12.848+0000] {dag.py:3239} INFO - Sync 1 DAGs
[2026-03-18T18:34:12.862+0000] {logging_mixin.py:190} INFO - [2026-03-18T18:34:12.862+0000] {dag.py:4180} INFO - Setting next_dagrun for example_bash_operator to 2026-03-17 00:00:00+00:00, run_after=2026-03-18 00:00:00+00:00
[2026-03-18T18:34:12.884+0000] {processor.py:208} INFO - Processing /home/komal/data-engineering-projects/airflow-spark-pipeline/airflow_venv/lib/python3.11/site-packages/airflow/example_dags/example_bash_operator.py took 0.116 seconds
[2026-03-18T18:35:17.128+0000] {processor.py:186} INFO - Started process (PID=41741) to work on /home/komal/data-engineering-projects/airflow-spark-pipeline/airflow_venv/lib/python3.11/site-packages/airflow/example_dags/example_bash_operator.py
[2026-03-18T18:35:17.161+0000] {processor.py:914} INFO - Processing file /home/komal/data-engineering-projects/airflow-spark-pipeline/airflow_venv/lib/python3.11/site-packages/airflow/example_dags/example_bash_operator.py for tasks to queue
[2026-03-18T18:35:17.165+0000] {logging_mixin.py:190} INFO - [2026-03-18T18:35:17.164+0000] {dagbag.py:588} INFO - Filling up the DagBag from /home/komal/data-engineering-projects/airflow-spark-pipeline/airflow_venv/lib/python3.11/site-packages/airflow/example_dags/example_bash_operator.py
[2026-03-18T18:35:17.180+0000] {processor.py:925} INFO - DAG(s) 'example_bash_operator' retrieved from /home/komal/data-engineering-projects/airflow-spark-pipeline/airflow_venv/lib/python3.11/site-packages/airflow/example_dags/example_bash_operator.py
[2026-03-18T18:35:17.193+0000] {logging_mixin.py:190} INFO - [2026-03-18T18:35:17.193+0000] {dag.py:3239} INFO - Sync 1 DAGs
[2026-03-18T18:35:17.206+0000] {logging_mixin.py:190} INFO - [2026-03-18T18:35:17.206+0000] {dag.py:4180} INFO - Setting next_dagrun for example_bash_operator to 2026-03-17 00:00:00+00:00, run_after=2026-03-18 00:00:00+00:00
[2026-03-18T18:35:17.231+0000] {processor.py:208} INFO - Processing /home/komal/data-engineering-projects/airflow-spark-pipeline/airflow_venv/lib/python3.11/site-packages/airflow/example_dags/example_bash_operator.py took 0.112 seconds
[2026-03-18T18:36:24.043+0000] {processor.py:186} INFO - Started process (PID=41806) to work on /home/komal/data-engineering-projects/airflow-spark-pipeline/airflow_venv/lib/python3.11/site-packages/airflow/example_dags/example_bash_operator.py
[2026-03-18T18:36:24.075+0000] {processor.py:914} INFO - Processing file /home/komal/data-engineering-projects/airflow-spark-pipeline/airflow_venv/lib/python3.11/site-packages/airflow/example_dags/example_bash_operator.py for tasks to queue
[2026-03-18T18:36:24.078+0000] {logging_mixin.py:190} INFO - [2026-03-18T18:36:24.077+0000] {dagbag.py:588} INFO - Filling up the DagBag from /home/komal/data-engineering-projects/airflow-spark-pipeline/airflow_venv/lib/python3.11/site-packages/airflow/example_dags/example_bash_operator.py
[2026-03-18T18:36:24.093+0000] {processor.py:925} INFO - DAG(s) 'example_bash_operator' retrieved from /home/komal/data-engineering-projects/airflow-spark-pipeline/airflow_venv/lib/python3.11/site-packages/airflow/example_dags/example_bash_operator.py
[2026-03-18T18:36:24.119+0000] {logging_mixin.py:190} INFO - [2026-03-18T18:36:24.119+0000] {dag.py:3239} INFO - Sync 1 DAGs
[2026-03-18T18:36:24.133+0000] {logging_mixin.py:190} INFO - [2026-03-18T18:36:24.133+0000] {dag.py:4180} INFO - Setting next_dagrun for example_bash_operator to 2026-03-17 00:00:00+00:00, run_after=2026-03-18 00:00:00+00:00
[2026-03-18T18:36:24.154+0000] {processor.py:208} INFO - Processing /home/komal/data-engineering-projects/airflow-spark-pipeline/airflow_venv/lib/python3.11/site-packages/airflow/example_dags/example_bash_operator.py took 0.121 seconds
[2026-03-18T18:37:34.828+0000] {processor.py:186} INFO - Started process (PID=41871) to work on /home/komal/data-engineering-projects/airflow-spark-pipeline/airflow_venv/lib/python3.11/site-packages/airflow/example_dags/example_bash_operator.py
[2026-03-18T18:37:34.859+0000] {processor.py:914} INFO - Processing file /home/komal/data-engineering-projects/airflow-spark-pipeline/airflow_venv/lib/python3.11/site-packages/airflow/example_dags/example_bash_operator.py for tasks to queue
[2026-03-18T18:37:34.863+0000] {logging_mixin.py:190} INFO - [2026-03-18T18:37:34.862+0000] {dagbag.py:588} INFO - Filling up the DagBag from /home/komal/data-engineering-projects/airflow-spark-pipeline/airflow_venv/lib/python3.11/site-packages/airflow/example_dags/example_bash_operator.py
[2026-03-18T18:37:34.880+0000] {processor.py:925} INFO - DAG(s) 'example_bash_operator' retrieved from /home/komal/data-engineering-projects/airflow-spark-pipeline/airflow_venv/lib/python3.11/site-packages/airflow/example_dags/example_bash_operator.py
[2026-03-18T18:37:34.895+0000] {logging_mixin.py:190} INFO - [2026-03-18T18:37:34.894+0000] {dag.py:3239} INFO - Sync 1 DAGs
[2026-03-18T18:37:34.907+0000] {logging_mixin.py:190} INFO - [2026-03-18T18:37:34.907+0000] {dag.py:4180} INFO - Setting next_dagrun for example_bash_operator to 2026-03-17 00:00:00+00:00, run_after=2026-03-18 00:00:00+00:00
[2026-03-18T18:37:34.929+0000] {processor.py:208} INFO - Processing /home/komal/data-engineering-projects/airflow-spark-pipeline/airflow_venv/lib/python3.11/site-packages/airflow/example_dags/example_bash_operator.py took 0.113 seconds
[2026-03-18T18:38:45.555+0000] {processor.py:186} INFO - Started process (PID=41938) to work on /home/komal/data-engineering-projects/airflow-spark-pipeline/airflow_venv/lib/python3.11/site-packages/airflow/example_dags/example_bash_operator.py
[2026-03-18T18:38:45.586+0000] {processor.py:914} INFO - Processing file /home/komal/data-engineering-projects/airflow-spark-pipeline/airflow_venv/lib/python3.11/site-packages/airflow/example_dags/example_bash_operator.py for tasks to queue
[2026-03-18T18:38:45.588+0000] {logging_mixin.py:190} INFO - [2026-03-18T18:38:45.588+0000] {dagbag.py:588} INFO - Filling up the DagBag from /home/komal/data-engineering-projects/airflow-spark-pipeline/airflow_venv/lib/python3.11/site-packages/airflow/example_dags/example_bash_operator.py
[2026-03-18T18:38:45.597+0000] {processor.py:925} INFO - DAG(s) 'example_bash_operator' retrieved from /home/komal/data-engineering-projects/airflow-spark-pipeline/airflow_venv/lib/python3.11/site-packages/airflow/example_dags/example_bash_operator.py
[2026-03-18T18:38:45.625+0000] {logging_mixin.py:190} INFO - [2026-03-18T18:38:45.624+0000] {dag.py:3239} INFO - Sync 1 DAGs
[2026-03-18T18:38:45.639+0000] {logging_mixin.py:190} INFO - [2026-03-18T18:38:45.639+0000] {dag.py:4180} INFO - Setting next_dagrun for example_bash_operator to 2026-03-17 00:00:00+00:00, run_after=2026-03-18 00:00:00+00:00
[2026-03-18T18:38:45.714+0000] {processor.py:208} INFO - Processing /home/komal/data-engineering-projects/airflow-spark-pipeline/airflow_venv/lib/python3.11/site-packages/airflow/example_dags/example_bash_operator.py took 0.171 seconds
[2026-03-18T18:39:52.924+0000] {processor.py:186} INFO - Started process (PID=42001) to work on /home/komal/data-engineering-projects/airflow-spark-pipeline/airflow_venv/lib/python3.11/site-packages/airflow/example_dags/example_bash_operator.py
[2026-03-18T18:39:52.956+0000] {processor.py:914} INFO - Processing file /home/komal/data-engineering-projects/airflow-spark-pipeline/airflow_venv/lib/python3.11/site-packages/airflow/example_dags/example_bash_operator.py for tasks to queue
[2026-03-18T18:39:52.958+0000] {logging_mixin.py:190} INFO - [2026-03-18T18:39:52.957+0000] {dagbag.py:588} INFO - Filling up the DagBag from /home/komal/data-engineering-projects/airflow-spark-pipeline/airflow_venv/lib/python3.11/site-packages/airflow/example_dags/example_bash_operator.py
[2026-03-18T18:39:52.967+0000] {processor.py:925} INFO - DAG(s) 'example_bash_operator' retrieved from /home/komal/data-engineering-projects/airflow-spark-pipeline/airflow_venv/lib/python3.11/site-packages/airflow/example_dags/example_bash_operator.py
[2026-03-18T18:39:52.984+0000] {logging_mixin.py:190} INFO - [2026-03-18T18:39:52.984+0000] {dag.py:3239} INFO - Sync 1 DAGs
[2026-03-18T18:39:52.998+0000] {logging_mixin.py:190} INFO - [2026-03-18T18:39:52.997+0000] {dag.py:4180} INFO - Setting next_dagrun for example_bash_operator to 2026-03-17 00:00:00+00:00, run_after=2026-03-18 00:00:00+00:00
[2026-03-18T18:39:53.032+0000] {processor.py:208} INFO - Processing /home/komal/data-engineering-projects/airflow-spark-pipeline/airflow_venv/lib/python3.11/site-packages/airflow/example_dags/example_bash_operator.py took 0.113 seconds
[2026-03-18T18:41:03.644+0000] {processor.py:186} INFO - Started process (PID=42069) to work on /home/komal/data-engineering-projects/airflow-spark-pipeline/airflow_venv/lib/python3.11/site-packages/airflow/example_dags/example_bash_operator.py
[2026-03-18T18:41:03.668+0000] {processor.py:914} INFO - Processing file /home/komal/data-engineering-projects/airflow-spark-pipeline/airflow_venv/lib/python3.11/site-packages/airflow/example_dags/example_bash_operator.py for tasks to queue
[2026-03-18T18:41:03.672+0000] {logging_mixin.py:190} INFO - [2026-03-18T18:41:03.671+0000] {dagbag.py:588} INFO - Filling up the DagBag from /home/komal/data-engineering-projects/airflow-spark-pipeline/airflow_venv/lib/python3.11/site-packages/airflow/example_dags/example_bash_operator.py
[2026-03-18T18:41:03.693+0000] {processor.py:925} INFO - DAG(s) 'example_bash_operator' retrieved from /home/komal/data-engineering-projects/airflow-spark-pipeline/airflow_venv/lib/python3.11/site-packages/airflow/example_dags/example_bash_operator.py
[2026-03-18T18:41:03.719+0000] {logging_mixin.py:190} INFO - [2026-03-18T18:41:03.718+0000] {dag.py:3239} INFO - Sync 1 DAGs
[2026-03-18T18:41:03.739+0000] {logging_mixin.py:190} INFO - [2026-03-18T18:41:03.739+0000] {dag.py:4180} INFO - Setting next_dagrun for example_bash_operator to 2026-03-17 00:00:00+00:00, run_after=2026-03-18 00:00:00+00:00
[2026-03-18T18:41:03.762+0000] {processor.py:208} INFO - Processing /home/komal/data-engineering-projects/airflow-spark-pipeline/airflow_venv/lib/python3.11/site-packages/airflow/example_dags/example_bash_operator.py took 0.127 seconds
[2026-03-18T18:42:17.161+0000] {processor.py:186} INFO - Started process (PID=42138) to work on /home/komal/data-engineering-projects/airflow-spark-pipeline/airflow_venv/lib/python3.11/site-packages/airflow/example_dags/example_bash_operator.py
[2026-03-18T18:42:17.165+0000] {processor.py:914} INFO - Processing file /home/komal/data-engineering-projects/airflow-spark-pipeline/airflow_venv/lib/python3.11/site-packages/airflow/example_dags/example_bash_operator.py for tasks to queue
[2026-03-18T18:42:17.168+0000] {logging_mixin.py:190} INFO - [2026-03-18T18:42:17.168+0000] {dagbag.py:588} INFO - Filling up the DagBag from /home/komal/data-engineering-projects/airflow-spark-pipeline/airflow_venv/lib/python3.11/site-packages/airflow/example_dags/example_bash_operator.py
[2026-03-18T18:42:17.181+0000] {processor.py:925} INFO - DAG(s) 'example_bash_operator' retrieved from /home/komal/data-engineering-projects/airflow-spark-pipeline/airflow_venv/lib/python3.11/site-packages/airflow/example_dags/example_bash_operator.py
[2026-03-18T18:42:17.194+0000] {logging_mixin.py:190} INFO - [2026-03-18T18:42:17.194+0000] {dag.py:3239} INFO - Sync 1 DAGs
[2026-03-18T18:42:17.209+0000] {logging_mixin.py:190} INFO - [2026-03-18T18:42:17.209+0000] {dag.py:4180} INFO - Setting next_dagrun for example_bash_operator to 2026-03-17 00:00:00+00:00, run_after=2026-03-18 00:00:00+00:00
[2026-03-18T18:42:17.231+0000] {processor.py:208} INFO - Processing /home/komal/data-engineering-projects/airflow-spark-pipeline/airflow_venv/lib/python3.11/site-packages/airflow/example_dags/example_bash_operator.py took 0.078 seconds
[2026-03-18T18:43:29.337+0000] {processor.py:186} INFO - Started process (PID=42206) to work on /home/komal/data-engineering-projects/airflow-spark-pipeline/airflow_venv/lib/python3.11/site-packages/airflow/example_dags/example_bash_operator.py
[2026-03-18T18:43:29.368+0000] {processor.py:914} INFO - Processing file /home/komal/data-engineering-projects/airflow-spark-pipeline/airflow_venv/lib/python3.11/site-packages/airflow/example_dags/example_bash_operator.py for tasks to queue
[2026-03-18T18:43:29.372+0000] {logging_mixin.py:190} INFO - [2026-03-18T18:43:29.372+0000] {dagbag.py:588} INFO - Filling up the DagBag from /home/komal/data-engineering-projects/airflow-spark-pipeline/airflow_venv/lib/python3.11/site-packages/airflow/example_dags/example_bash_operator.py
[2026-03-18T18:43:29.397+0000] {processor.py:925} INFO - DAG(s) 'example_bash_operator' retrieved from /home/komal/data-engineering-projects/airflow-spark-pipeline/airflow_venv/lib/python3.11/site-packages/airflow/example_dags/example_bash_operator.py
[2026-03-18T18:43:29.425+0000] {logging_mixin.py:190} INFO - [2026-03-18T18:43:29.425+0000] {dag.py:3239} INFO - Sync 1 DAGs
[2026-03-18T18:43:29.448+0000] {logging_mixin.py:190} INFO - [2026-03-18T18:43:29.447+0000] {dag.py:4180} INFO - Setting next_dagrun for example_bash_operator to 2026-03-17 00:00:00+00:00, run_after=2026-03-18 00:00:00+00:00
[2026-03-18T18:43:29.619+0000] {processor.py:208} INFO - Processing /home/komal/data-engineering-projects/airflow-spark-pipeline/airflow_venv/lib/python3.11/site-packages/airflow/example_dags/example_bash_operator.py took 0.292 seconds
[2026-03-18T18:44:40.055+0000] {processor.py:186} INFO - Started process (PID=42272) to work on /home/komal/data-engineering-projects/airflow-spark-pipeline/airflow_venv/lib/python3.11/site-packages/airflow/example_dags/example_bash_operator.py
[2026-03-18T18:44:40.086+0000] {processor.py:914} INFO - Processing file /home/komal/data-engineering-projects/airflow-spark-pipeline/airflow_venv/lib/python3.11/site-packages/airflow/example_dags/example_bash_operator.py for tasks to queue
[2026-03-18T18:44:40.088+0000] {logging_mixin.py:190} INFO - [2026-03-18T18:44:40.088+0000] {dagbag.py:588} INFO - Filling up the DagBag from /home/komal/data-engineering-projects/airflow-spark-pipeline/airflow_venv/lib/python3.11/site-packages/airflow/example_dags/example_bash_operator.py
[2026-03-18T18:44:40.100+0000] {processor.py:925} INFO - DAG(s) 'example_bash_operator' retrieved from /home/komal/data-engineering-projects/airflow-spark-pipeline/airflow_venv/lib/python3.11/site-packages/airflow/example_dags/example_bash_operator.py
[2026-03-18T18:44:40.114+0000] {logging_mixin.py:190} INFO - [2026-03-18T18:44:40.114+0000] {dag.py:3239} INFO - Sync 1 DAGs
[2026-03-18T18:44:40.129+0000] {logging_mixin.py:190} INFO - [2026-03-18T18:44:40.129+0000] {dag.py:4180} INFO - Setting next_dagrun for example_bash_operator to 2026-03-17 00:00:00+00:00, run_after=2026-03-18 00:00:00+00:00
[2026-03-18T18:44:40.150+0000] {processor.py:208} INFO - Processing /home/komal/data-engineering-projects/airflow-spark-pipeline/airflow_venv/lib/python3.11/site-packages/airflow/example_dags/example_bash_operator.py took 0.099 seconds
[2026-03-18T18:45:47.825+0000] {processor.py:186} INFO - Started process (PID=42338) to work on /home/komal/data-engineering-projects/airflow-spark-pipeline/airflow_venv/lib/python3.11/site-packages/airflow/example_dags/example_bash_operator.py
[2026-03-18T18:45:47.858+0000] {processor.py:914} INFO - Processing file /home/komal/data-engineering-projects/airflow-spark-pipeline/airflow_venv/lib/python3.11/site-packages/airflow/example_dags/example_bash_operator.py for tasks to queue
[2026-03-18T18:45:47.861+0000] {logging_mixin.py:190} INFO - [2026-03-18T18:45:47.861+0000] {dagbag.py:588} INFO - Filling up the DagBag from /home/komal/data-engineering-projects/airflow-spark-pipeline/airflow_venv/lib/python3.11/site-packages/airflow/example_dags/example_bash_operator.py
[2026-03-18T18:45:47.878+0000] {processor.py:925} INFO - DAG(s) 'example_bash_operator' retrieved from /home/komal/data-engineering-projects/airflow-spark-pipeline/airflow_venv/lib/python3.11/site-packages/airflow/example_dags/example_bash_operator.py
[2026-03-18T18:45:47.893+0000] {logging_mixin.py:190} INFO - [2026-03-18T18:45:47.893+0000] {dag.py:3239} INFO - Sync 1 DAGs
[2026-03-18T18:45:47.907+0000] {logging_mixin.py:190} INFO - [2026-03-18T18:45:47.907+0000] {dag.py:4180} INFO - Setting next_dagrun for example_bash_operator to 2026-03-17 00:00:00+00:00, run_after=2026-03-18 00:00:00+00:00
[2026-03-18T18:45:47.938+0000] {processor.py:208} INFO - Processing /home/komal/data-engineering-projects/airflow-spark-pipeline/airflow_venv/lib/python3.11/site-packages/airflow/example_dags/example_bash_operator.py took 0.118 seconds
[2026-03-18T18:46:57.387+0000] {processor.py:186} INFO - Started process (PID=42627) to work on /home/komal/data-engineering-projects/airflow-spark-pipeline/airflow_venv/lib/python3.11/site-packages/airflow/example_dags/example_bash_operator.py
[2026-03-18T18:46:57.392+0000] {processor.py:914} INFO - Processing file /home/komal/data-engineering-projects/airflow-spark-pipeline/airflow_venv/lib/python3.11/site-packages/airflow/example_dags/example_bash_operator.py for tasks to queue
[2026-03-18T18:46:57.396+0000] {logging_mixin.py:190} INFO - [2026-03-18T18:46:57.395+0000] {dagbag.py:588} INFO - Filling up the DagBag from /home/komal/data-engineering-projects/airflow-spark-pipeline/airflow_venv/lib/python3.11/site-packages/airflow/example_dags/example_bash_operator.py
[2026-03-18T18:46:57.417+0000] {processor.py:925} INFO - DAG(s) 'example_bash_operator' retrieved from /home/komal/data-engineering-projects/airflow-spark-pipeline/airflow_venv/lib/python3.11/site-packages/airflow/example_dags/example_bash_operator.py
[2026-03-18T18:46:57.445+0000] {logging_mixin.py:190} INFO - [2026-03-18T18:46:57.445+0000] {dag.py:3239} INFO - Sync 1 DAGs
[2026-03-18T18:46:57.462+0000] {logging_mixin.py:190} INFO - [2026-03-18T18:46:57.461+0000] {dag.py:4180} INFO - Setting next_dagrun for example_bash_operator to 2026-03-17 00:00:00+00:00, run_after=2026-03-18 00:00:00+00:00
[2026-03-18T18:46:57.586+0000] {processor.py:208} INFO - Processing /home/komal/data-engineering-projects/airflow-spark-pipeline/airflow_venv/lib/python3.11/site-packages/airflow/example_dags/example_bash_operator.py took 0.209 seconds
[2026-03-18T18:48:08.594+0000] {processor.py:186} INFO - Started process (PID=42696) to work on /home/komal/data-engineering-projects/airflow-spark-pipeline/airflow_venv/lib/python3.11/site-packages/airflow/example_dags/example_bash_operator.py
[2026-03-18T18:48:09.611+0000] {processor.py:914} INFO - Processing file /home/komal/data-engineering-projects/airflow-spark-pipeline/airflow_venv/lib/python3.11/site-packages/airflow/example_dags/example_bash_operator.py for tasks to queue
[2026-03-18T18:48:09.615+0000] {logging_mixin.py:190} INFO - [2026-03-18T18:48:09.615+0000] {dagbag.py:588} INFO - Filling up the DagBag from /home/komal/data-engineering-projects/airflow-spark-pipeline/airflow_venv/lib/python3.11/site-packages/airflow/example_dags/example_bash_operator.py
[2026-03-18T18:48:09.636+0000] {processor.py:925} INFO - DAG(s) 'example_bash_operator' retrieved from /home/komal/data-engineering-projects/airflow-spark-pipeline/airflow_venv/lib/python3.11/site-packages/airflow/example_dags/example_bash_operator.py
[2026-03-18T18:48:09.651+0000] {logging_mixin.py:190} INFO - [2026-03-18T18:48:09.651+0000] {dag.py:3239} INFO - Sync 1 DAGs
[2026-03-18T18:48:09.664+0000] {logging_mixin.py:190} INFO - [2026-03-18T18:48:09.664+0000] {dag.py:4180} INFO - Setting next_dagrun for example_bash_operator to 2026-03-17 00:00:00+00:00, run_after=2026-03-18 00:00:00+00:00
[2026-03-18T18:48:09.689+0000] {processor.py:208} INFO - Processing /home/komal/data-engineering-projects/airflow-spark-pipeline/airflow_venv/lib/python3.11/site-packages/airflow/example_dags/example_bash_operator.py took 0.124 seconds
[2026-03-18T18:49:24.140+0000] {processor.py:186} INFO - Started process (PID=42765) to work on /home/komal/data-engineering-projects/airflow-spark-pipeline/airflow_venv/lib/python3.11/site-packages/airflow/example_dags/example_bash_operator.py
[2026-03-18T18:49:24.148+0000] {processor.py:914} INFO - Processing file /home/komal/data-engineering-projects/airflow-spark-pipeline/airflow_venv/lib/python3.11/site-packages/airflow/example_dags/example_bash_operator.py for tasks to queue
[2026-03-18T18:49:24.151+0000] {logging_mixin.py:190} INFO - [2026-03-18T18:49:24.151+0000] {dagbag.py:588} INFO - Filling up the DagBag from /home/komal/data-engineering-projects/airflow-spark-pipeline/airflow_venv/lib/python3.11/site-packages/airflow/example_dags/example_bash_operator.py
[2026-03-18T18:49:24.162+0000] {processor.py:925} INFO - DAG(s) 'example_bash_operator' retrieved from /home/komal/data-engineering-projects/airflow-spark-pipeline/airflow_venv/lib/python3.11/site-packages/airflow/example_dags/example_bash_operator.py
[2026-03-18T18:49:24.187+0000] {logging_mixin.py:190} INFO - [2026-03-18T18:49:24.186+0000] {dag.py:3239} INFO - Sync 1 DAGs
[2026-03-18T18:49:24.206+0000] {logging_mixin.py:190} INFO - [2026-03-18T18:49:24.206+0000] {dag.py:4180} INFO - Setting next_dagrun for example_bash_operator to 2026-03-17 00:00:00+00:00, run_after=2026-03-18 00:00:00+00:00
[2026-03-18T18:49:24.225+0000] {processor.py:208} INFO - Processing /home/komal/data-engineering-projects/airflow-spark-pipeline/airflow_venv/lib/python3.11/site-packages/airflow/example_dags/example_bash_operator.py took 0.090 seconds
[2026-03-18T18:50:32.658+0000] {processor.py:186} INFO - Started process (PID=42838) to work on /home/komal/data-engineering-projects/airflow-spark-pipeline/airflow_venv/lib/python3.11/site-packages/airflow/example_dags/example_bash_operator.py
[2026-03-18T18:50:32.661+0000] {processor.py:914} INFO - Processing file /home/komal/data-engineering-projects/airflow-spark-pipeline/airflow_venv/lib/python3.11/site-packages/airflow/example_dags/example_bash_operator.py for tasks to queue
[2026-03-18T18:50:32.662+0000] {logging_mixin.py:190} INFO - [2026-03-18T18:50:32.662+0000] {dagbag.py:588} INFO - Filling up the DagBag from /home/komal/data-engineering-projects/airflow-spark-pipeline/airflow_venv/lib/python3.11/site-packages/airflow/example_dags/example_bash_operator.py
[2026-03-18T18:50:32.675+0000] {processor.py:925} INFO - DAG(s) 'example_bash_operator' retrieved from /home/komal/data-engineering-projects/airflow-spark-pipeline/airflow_venv/lib/python3.11/site-packages/airflow/example_dags/example_bash_operator.py
[2026-03-18T18:50:32.691+0000] {logging_mixin.py:190} INFO - [2026-03-18T18:50:32.691+0000] {dag.py:3239} INFO - Sync 1 DAGs
[2026-03-18T18:50:32.812+0000] {logging_mixin.py:190} INFO - [2026-03-18T18:50:32.812+0000] {dag.py:4180} INFO - Setting next_dagrun for example_bash_operator to 2026-03-17 00:00:00+00:00, run_after=2026-03-18 00:00:00+00:00
[2026-03-18T18:50:32.841+0000] {processor.py:208} INFO - Processing /home/komal/data-engineering-projects/airflow-spark-pipeline/airflow_venv/lib/python3.11/site-packages/airflow/example_dags/example_bash_operator.py took 0.187 seconds
