[2026-03-18T06:15:53.569+0000] {processor.py:157} INFO - Started process (PID=27453) to work on /home/komal/data-engineering-projects/airflow-spark-pipeline/airflow_venv/lib/python3.11/site-packages/airflow/example_dags/example_branch_day_of_week_operator.py
[2026-03-18T06:15:53.570+0000] {processor.py:826} INFO - Processing file /home/komal/data-engineering-projects/airflow-spark-pipeline/airflow_venv/lib/python3.11/site-packages/airflow/example_dags/example_branch_day_of_week_operator.py for tasks to queue
[2026-03-18T06:15:53.571+0000] {logging_mixin.py:150} INFO - [2026-03-18T06:15:53.571+0000] {dagbag.py:541} INFO - Filling up the DagBag from /home/komal/data-engineering-projects/airflow-spark-pipeline/airflow_venv/lib/python3.11/site-packages/airflow/example_dags/example_branch_day_of_week_operator.py
[2026-03-18T06:15:53.594+0000] {processor.py:836} INFO - DAG(s) dict_keys(['example_weekday_branch_operator']) retrieved from /home/komal/data-engineering-projects/airflow-spark-pipeline/airflow_venv/lib/python3.11/site-packages/airflow/example_dags/example_branch_day_of_week_operator.py
[2026-03-18T06:15:53.705+0000] {logging_mixin.py:150} INFO - [2026-03-18T06:15:53.705+0000] {manager.py:504} INFO - Created Permission View: can delete on DAG:example_weekday_branch_operator
[2026-03-18T06:15:53.724+0000] {logging_mixin.py:150} INFO - [2026-03-18T06:15:53.724+0000] {manager.py:504} INFO - Created Permission View: can read on DAG:example_weekday_branch_operator
[2026-03-18T06:15:53.736+0000] {logging_mixin.py:150} INFO - [2026-03-18T06:15:53.736+0000] {manager.py:504} INFO - Created Permission View: can edit on DAG:example_weekday_branch_operator
[2026-03-18T06:15:53.745+0000] {logging_mixin.py:150} INFO - [2026-03-18T06:15:53.745+0000] {dag.py:2742} INFO - Sync 1 DAGs
[2026-03-18T06:15:53.750+0000] {logging_mixin.py:150} INFO - [2026-03-18T06:15:53.749+0000] {dag.py:2763} INFO - Creating ORM DAG for example_weekday_branch_operator
[2026-03-18T06:15:53.759+0000] {logging_mixin.py:150} INFO - [2026-03-18T06:15:53.759+0000] {dag.py:3504} INFO - Setting next_dagrun for example_weekday_branch_operator to 2026-03-17T00:00:00+00:00, run_after=2026-03-18T00:00:00+00:00
[2026-03-18T06:15:53.796+0000] {processor.py:179} INFO - Processing /home/komal/data-engineering-projects/airflow-spark-pipeline/airflow_venv/lib/python3.11/site-packages/airflow/example_dags/example_branch_day_of_week_operator.py took 0.229 seconds
[2026-03-18T06:16:53.994+0000] {processor.py:157} INFO - Started process (PID=27506) to work on /home/komal/data-engineering-projects/airflow-spark-pipeline/airflow_venv/lib/python3.11/site-packages/airflow/example_dags/example_branch_day_of_week_operator.py
[2026-03-18T06:16:54.026+0000] {processor.py:826} INFO - Processing file /home/komal/data-engineering-projects/airflow-spark-pipeline/airflow_venv/lib/python3.11/site-packages/airflow/example_dags/example_branch_day_of_week_operator.py for tasks to queue
[2026-03-18T06:16:54.027+0000] {logging_mixin.py:150} INFO - [2026-03-18T06:16:54.027+0000] {dagbag.py:541} INFO - Filling up the DagBag from /home/komal/data-engineering-projects/airflow-spark-pipeline/airflow_venv/lib/python3.11/site-packages/airflow/example_dags/example_branch_day_of_week_operator.py
[2026-03-18T06:16:54.038+0000] {processor.py:836} INFO - DAG(s) dict_keys(['example_weekday_branch_operator']) retrieved from /home/komal/data-engineering-projects/airflow-spark-pipeline/airflow_venv/lib/python3.11/site-packages/airflow/example_dags/example_branch_day_of_week_operator.py
[2026-03-18T06:16:54.066+0000] {logging_mixin.py:150} INFO - [2026-03-18T06:16:54.066+0000] {dag.py:2742} INFO - Sync 1 DAGs
[2026-03-18T06:16:54.080+0000] {logging_mixin.py:150} INFO - [2026-03-18T06:16:54.080+0000] {dag.py:3504} INFO - Setting next_dagrun for example_weekday_branch_operator to 2026-03-17T00:00:00+00:00, run_after=2026-03-18T00:00:00+00:00
[2026-03-18T06:16:54.105+0000] {processor.py:179} INFO - Processing /home/komal/data-engineering-projects/airflow-spark-pipeline/airflow_venv/lib/python3.11/site-packages/airflow/example_dags/example_branch_day_of_week_operator.py took 0.116 seconds
[2026-03-18T06:17:37.833+0000] {processor.py:157} INFO - Started process (PID=27567) to work on /home/komal/data-engineering-projects/airflow-spark-pipeline/airflow_venv/lib/python3.11/site-packages/airflow/example_dags/example_branch_day_of_week_operator.py
[2026-03-18T06:17:37.836+0000] {processor.py:826} INFO - Processing file /home/komal/data-engineering-projects/airflow-spark-pipeline/airflow_venv/lib/python3.11/site-packages/airflow/example_dags/example_branch_day_of_week_operator.py for tasks to queue
[2026-03-18T06:17:37.837+0000] {logging_mixin.py:150} INFO - [2026-03-18T06:17:37.836+0000] {dagbag.py:541} INFO - Filling up the DagBag from /home/komal/data-engineering-projects/airflow-spark-pipeline/airflow_venv/lib/python3.11/site-packages/airflow/example_dags/example_branch_day_of_week_operator.py
[2026-03-18T06:17:37.848+0000] {processor.py:836} INFO - DAG(s) dict_keys(['example_weekday_branch_operator']) retrieved from /home/komal/data-engineering-projects/airflow-spark-pipeline/airflow_venv/lib/python3.11/site-packages/airflow/example_dags/example_branch_day_of_week_operator.py
[2026-03-18T06:17:37.864+0000] {logging_mixin.py:150} INFO - [2026-03-18T06:17:37.864+0000] {dag.py:2742} INFO - Sync 1 DAGs
[2026-03-18T06:17:37.876+0000] {logging_mixin.py:150} INFO - [2026-03-18T06:17:37.876+0000] {dag.py:3504} INFO - Setting next_dagrun for example_weekday_branch_operator to 2026-03-17T00:00:00+00:00, run_after=2026-03-18T00:00:00+00:00
[2026-03-18T06:17:37.903+0000] {processor.py:179} INFO - Processing /home/komal/data-engineering-projects/airflow-spark-pipeline/airflow_venv/lib/python3.11/site-packages/airflow/example_dags/example_branch_day_of_week_operator.py took 0.075 seconds
[2026-03-18T06:18:12.270+0000] {processor.py:157} INFO - Started process (PID=27622) to work on /home/komal/data-engineering-projects/airflow-spark-pipeline/airflow_venv/lib/python3.11/site-packages/airflow/example_dags/example_branch_day_of_week_operator.py
[2026-03-18T06:18:12.281+0000] {processor.py:826} INFO - Processing file /home/komal/data-engineering-projects/airflow-spark-pipeline/airflow_venv/lib/python3.11/site-packages/airflow/example_dags/example_branch_day_of_week_operator.py for tasks to queue
[2026-03-18T06:18:12.282+0000] {logging_mixin.py:150} INFO - [2026-03-18T06:18:12.282+0000] {dagbag.py:541} INFO - Filling up the DagBag from /home/komal/data-engineering-projects/airflow-spark-pipeline/airflow_venv/lib/python3.11/site-packages/airflow/example_dags/example_branch_day_of_week_operator.py
[2026-03-18T06:18:12.283+0000] {processor.py:838} WARNING - No viable dags retrieved from /home/komal/data-engineering-projects/airflow-spark-pipeline/airflow_venv/lib/python3.11/site-packages/airflow/example_dags/example_branch_day_of_week_operator.py
[2026-03-18T06:18:12.290+0000] {processor.py:179} INFO - Processing /home/komal/data-engineering-projects/airflow-spark-pipeline/airflow_venv/lib/python3.11/site-packages/airflow/example_dags/example_branch_day_of_week_operator.py took 0.028 seconds
[2026-03-18T06:33:36.284+0000] {processor.py:186} INFO - Started process (PID=28036) to work on /home/komal/data-engineering-projects/airflow-spark-pipeline/airflow_venv/lib/python3.11/site-packages/airflow/example_dags/example_branch_day_of_week_operator.py
[2026-03-18T06:33:36.286+0000] {processor.py:914} INFO - Processing file /home/komal/data-engineering-projects/airflow-spark-pipeline/airflow_venv/lib/python3.11/site-packages/airflow/example_dags/example_branch_day_of_week_operator.py for tasks to queue
[2026-03-18T06:33:36.287+0000] {logging_mixin.py:190} INFO - [2026-03-18T06:33:36.287+0000] {dagbag.py:588} INFO - Filling up the DagBag from /home/komal/data-engineering-projects/airflow-spark-pipeline/airflow_venv/lib/python3.11/site-packages/airflow/example_dags/example_branch_day_of_week_operator.py
[2026-03-18T06:33:36.300+0000] {processor.py:925} INFO - DAG(s) 'example_weekday_branch_operator' retrieved from /home/komal/data-engineering-projects/airflow-spark-pipeline/airflow_venv/lib/python3.11/site-packages/airflow/example_dags/example_branch_day_of_week_operator.py
[2026-03-18T06:33:36.380+0000] {logging_mixin.py:190} INFO - [2026-03-18T06:33:36.380+0000] {dag.py:3239} INFO - Sync 1 DAGs
[2026-03-18T06:33:36.396+0000] {logging_mixin.py:190} INFO - [2026-03-18T06:33:36.396+0000] {dag.py:4180} INFO - Setting next_dagrun for example_weekday_branch_operator to 2026-03-17 00:00:00+00:00, run_after=2026-03-18 00:00:00+00:00
[2026-03-18T06:33:36.433+0000] {processor.py:208} INFO - Processing /home/komal/data-engineering-projects/airflow-spark-pipeline/airflow_venv/lib/python3.11/site-packages/airflow/example_dags/example_branch_day_of_week_operator.py took 0.157 seconds
[2026-03-18T06:34:42.794+0000] {processor.py:186} INFO - Started process (PID=28098) to work on /home/komal/data-engineering-projects/airflow-spark-pipeline/airflow_venv/lib/python3.11/site-packages/airflow/example_dags/example_branch_day_of_week_operator.py
[2026-03-18T06:34:42.827+0000] {processor.py:914} INFO - Processing file /home/komal/data-engineering-projects/airflow-spark-pipeline/airflow_venv/lib/python3.11/site-packages/airflow/example_dags/example_branch_day_of_week_operator.py for tasks to queue
[2026-03-18T06:34:42.829+0000] {logging_mixin.py:190} INFO - [2026-03-18T06:34:42.828+0000] {dagbag.py:588} INFO - Filling up the DagBag from /home/komal/data-engineering-projects/airflow-spark-pipeline/airflow_venv/lib/python3.11/site-packages/airflow/example_dags/example_branch_day_of_week_operator.py
[2026-03-18T06:34:42.843+0000] {processor.py:925} INFO - DAG(s) 'example_weekday_branch_operator' retrieved from /home/komal/data-engineering-projects/airflow-spark-pipeline/airflow_venv/lib/python3.11/site-packages/airflow/example_dags/example_branch_day_of_week_operator.py
[2026-03-18T06:34:42.865+0000] {logging_mixin.py:190} INFO - [2026-03-18T06:34:42.864+0000] {dag.py:3239} INFO - Sync 1 DAGs
[2026-03-18T06:34:42.884+0000] {logging_mixin.py:190} INFO - [2026-03-18T06:34:42.884+0000] {dag.py:4180} INFO - Setting next_dagrun for example_weekday_branch_operator to 2026-03-17 00:00:00+00:00, run_after=2026-03-18 00:00:00+00:00
[2026-03-18T06:34:42.919+0000] {processor.py:208} INFO - Processing /home/komal/data-engineering-projects/airflow-spark-pipeline/airflow_venv/lib/python3.11/site-packages/airflow/example_dags/example_branch_day_of_week_operator.py took 0.133 seconds
[2026-03-18T06:35:47.514+0000] {processor.py:186} INFO - Started process (PID=28169) to work on /home/komal/data-engineering-projects/airflow-spark-pipeline/airflow_venv/lib/python3.11/site-packages/airflow/example_dags/example_branch_day_of_week_operator.py
[2026-03-18T06:35:47.546+0000] {processor.py:914} INFO - Processing file /home/komal/data-engineering-projects/airflow-spark-pipeline/airflow_venv/lib/python3.11/site-packages/airflow/example_dags/example_branch_day_of_week_operator.py for tasks to queue
[2026-03-18T06:35:47.547+0000] {logging_mixin.py:190} INFO - [2026-03-18T06:35:47.547+0000] {dagbag.py:588} INFO - Filling up the DagBag from /home/komal/data-engineering-projects/airflow-spark-pipeline/airflow_venv/lib/python3.11/site-packages/airflow/example_dags/example_branch_day_of_week_operator.py
[2026-03-18T06:35:47.554+0000] {processor.py:925} INFO - DAG(s) 'example_weekday_branch_operator' retrieved from /home/komal/data-engineering-projects/airflow-spark-pipeline/airflow_venv/lib/python3.11/site-packages/airflow/example_dags/example_branch_day_of_week_operator.py
[2026-03-18T06:35:47.573+0000] {logging_mixin.py:190} INFO - [2026-03-18T06:35:47.572+0000] {dag.py:3239} INFO - Sync 1 DAGs
[2026-03-18T06:35:47.588+0000] {logging_mixin.py:190} INFO - [2026-03-18T06:35:47.588+0000] {dag.py:4180} INFO - Setting next_dagrun for example_weekday_branch_operator to 2026-03-17 00:00:00+00:00, run_after=2026-03-18 00:00:00+00:00
[2026-03-18T06:35:47.657+0000] {processor.py:208} INFO - Processing /home/komal/data-engineering-projects/airflow-spark-pipeline/airflow_venv/lib/python3.11/site-packages/airflow/example_dags/example_branch_day_of_week_operator.py took 0.149 seconds
[2026-03-18T06:36:55.390+0000] {processor.py:186} INFO - Started process (PID=28237) to work on /home/komal/data-engineering-projects/airflow-spark-pipeline/airflow_venv/lib/python3.11/site-packages/airflow/example_dags/example_branch_day_of_week_operator.py
[2026-03-18T06:36:55.396+0000] {processor.py:914} INFO - Processing file /home/komal/data-engineering-projects/airflow-spark-pipeline/airflow_venv/lib/python3.11/site-packages/airflow/example_dags/example_branch_day_of_week_operator.py for tasks to queue
[2026-03-18T06:36:55.398+0000] {logging_mixin.py:190} INFO - [2026-03-18T06:36:55.398+0000] {dagbag.py:588} INFO - Filling up the DagBag from /home/komal/data-engineering-projects/airflow-spark-pipeline/airflow_venv/lib/python3.11/site-packages/airflow/example_dags/example_branch_day_of_week_operator.py
[2026-03-18T06:36:55.413+0000] {processor.py:925} INFO - DAG(s) 'example_weekday_branch_operator' retrieved from /home/komal/data-engineering-projects/airflow-spark-pipeline/airflow_venv/lib/python3.11/site-packages/airflow/example_dags/example_branch_day_of_week_operator.py
[2026-03-18T06:36:55.426+0000] {logging_mixin.py:190} INFO - [2026-03-18T06:36:55.426+0000] {dag.py:3239} INFO - Sync 1 DAGs
[2026-03-18T06:36:55.442+0000] {logging_mixin.py:190} INFO - [2026-03-18T06:36:55.442+0000] {dag.py:4180} INFO - Setting next_dagrun for example_weekday_branch_operator to 2026-03-17 00:00:00+00:00, run_after=2026-03-18 00:00:00+00:00
[2026-03-18T06:36:55.486+0000] {processor.py:208} INFO - Processing /home/komal/data-engineering-projects/airflow-spark-pipeline/airflow_venv/lib/python3.11/site-packages/airflow/example_dags/example_branch_day_of_week_operator.py took 0.105 seconds
[2026-03-18T06:38:16.961+0000] {processor.py:186} INFO - Started process (PID=28329) to work on /home/komal/data-engineering-projects/airflow-spark-pipeline/airflow_venv/lib/python3.11/site-packages/airflow/example_dags/example_branch_day_of_week_operator.py
[2026-03-18T06:38:16.993+0000] {processor.py:914} INFO - Processing file /home/komal/data-engineering-projects/airflow-spark-pipeline/airflow_venv/lib/python3.11/site-packages/airflow/example_dags/example_branch_day_of_week_operator.py for tasks to queue
[2026-03-18T06:38:16.997+0000] {logging_mixin.py:190} INFO - [2026-03-18T06:38:16.996+0000] {dagbag.py:588} INFO - Filling up the DagBag from /home/komal/data-engineering-projects/airflow-spark-pipeline/airflow_venv/lib/python3.11/site-packages/airflow/example_dags/example_branch_day_of_week_operator.py
[2026-03-18T06:38:17.029+0000] {processor.py:925} INFO - DAG(s) 'example_weekday_branch_operator' retrieved from /home/komal/data-engineering-projects/airflow-spark-pipeline/airflow_venv/lib/python3.11/site-packages/airflow/example_dags/example_branch_day_of_week_operator.py
[2026-03-18T06:38:17.048+0000] {logging_mixin.py:190} INFO - [2026-03-18T06:38:17.048+0000] {dag.py:3239} INFO - Sync 1 DAGs
[2026-03-18T06:38:17.065+0000] {logging_mixin.py:190} INFO - [2026-03-18T06:38:17.065+0000] {dag.py:4180} INFO - Setting next_dagrun for example_weekday_branch_operator to 2026-03-17 00:00:00+00:00, run_after=2026-03-18 00:00:00+00:00
[2026-03-18T06:38:17.103+0000] {processor.py:208} INFO - Processing /home/komal/data-engineering-projects/airflow-spark-pipeline/airflow_venv/lib/python3.11/site-packages/airflow/example_dags/example_branch_day_of_week_operator.py took 0.148 seconds
[2026-03-18T06:39:27.006+0000] {processor.py:186} INFO - Started process (PID=28473) to work on /home/komal/data-engineering-projects/airflow-spark-pipeline/airflow_venv/lib/python3.11/site-packages/airflow/example_dags/example_branch_day_of_week_operator.py
[2026-03-18T06:39:27.009+0000] {processor.py:914} INFO - Processing file /home/komal/data-engineering-projects/airflow-spark-pipeline/airflow_venv/lib/python3.11/site-packages/airflow/example_dags/example_branch_day_of_week_operator.py for tasks to queue
[2026-03-18T06:39:27.010+0000] {logging_mixin.py:190} INFO - [2026-03-18T06:39:27.010+0000] {dagbag.py:588} INFO - Filling up the DagBag from /home/komal/data-engineering-projects/airflow-spark-pipeline/airflow_venv/lib/python3.11/site-packages/airflow/example_dags/example_branch_day_of_week_operator.py
[2026-03-18T06:39:27.017+0000] {processor.py:925} INFO - DAG(s) 'example_weekday_branch_operator' retrieved from /home/komal/data-engineering-projects/airflow-spark-pipeline/airflow_venv/lib/python3.11/site-packages/airflow/example_dags/example_branch_day_of_week_operator.py
[2026-03-18T06:39:27.028+0000] {logging_mixin.py:190} INFO - [2026-03-18T06:39:27.028+0000] {dag.py:3239} INFO - Sync 1 DAGs
[2026-03-18T06:39:27.041+0000] {logging_mixin.py:190} INFO - [2026-03-18T06:39:27.041+0000] {dag.py:4180} INFO - Setting next_dagrun for example_weekday_branch_operator to 2026-03-17 00:00:00+00:00, run_after=2026-03-18 00:00:00+00:00
[2026-03-18T06:39:27.063+0000] {processor.py:208} INFO - Processing /home/komal/data-engineering-projects/airflow-spark-pipeline/airflow_venv/lib/python3.11/site-packages/airflow/example_dags/example_branch_day_of_week_operator.py took 0.062 seconds
[2026-03-18T06:40:34.916+0000] {processor.py:186} INFO - Started process (PID=28542) to work on /home/komal/data-engineering-projects/airflow-spark-pipeline/airflow_venv/lib/python3.11/site-packages/airflow/example_dags/example_branch_day_of_week_operator.py
[2026-03-18T06:40:34.920+0000] {processor.py:914} INFO - Processing file /home/komal/data-engineering-projects/airflow-spark-pipeline/airflow_venv/lib/python3.11/site-packages/airflow/example_dags/example_branch_day_of_week_operator.py for tasks to queue
[2026-03-18T06:40:34.924+0000] {logging_mixin.py:190} INFO - [2026-03-18T06:40:34.923+0000] {dagbag.py:588} INFO - Filling up the DagBag from /home/komal/data-engineering-projects/airflow-spark-pipeline/airflow_venv/lib/python3.11/site-packages/airflow/example_dags/example_branch_day_of_week_operator.py
[2026-03-18T06:40:34.938+0000] {processor.py:925} INFO - DAG(s) 'example_weekday_branch_operator' retrieved from /home/komal/data-engineering-projects/airflow-spark-pipeline/airflow_venv/lib/python3.11/site-packages/airflow/example_dags/example_branch_day_of_week_operator.py
[2026-03-18T06:40:34.956+0000] {logging_mixin.py:190} INFO - [2026-03-18T06:40:34.956+0000] {dag.py:3239} INFO - Sync 1 DAGs
[2026-03-18T06:40:34.975+0000] {logging_mixin.py:190} INFO - [2026-03-18T06:40:34.975+0000] {dag.py:4180} INFO - Setting next_dagrun for example_weekday_branch_operator to 2026-03-17 00:00:00+00:00, run_after=2026-03-18 00:00:00+00:00
[2026-03-18T06:40:35.056+0000] {processor.py:208} INFO - Processing /home/komal/data-engineering-projects/airflow-spark-pipeline/airflow_venv/lib/python3.11/site-packages/airflow/example_dags/example_branch_day_of_week_operator.py took 0.150 seconds
[2026-03-18T06:41:44.077+0000] {processor.py:186} INFO - Started process (PID=28687) to work on /home/komal/data-engineering-projects/airflow-spark-pipeline/airflow_venv/lib/python3.11/site-packages/airflow/example_dags/example_branch_day_of_week_operator.py
[2026-03-18T06:41:44.110+0000] {processor.py:914} INFO - Processing file /home/komal/data-engineering-projects/airflow-spark-pipeline/airflow_venv/lib/python3.11/site-packages/airflow/example_dags/example_branch_day_of_week_operator.py for tasks to queue
[2026-03-18T06:41:44.114+0000] {logging_mixin.py:190} INFO - [2026-03-18T06:41:44.113+0000] {dagbag.py:588} INFO - Filling up the DagBag from /home/komal/data-engineering-projects/airflow-spark-pipeline/airflow_venv/lib/python3.11/site-packages/airflow/example_dags/example_branch_day_of_week_operator.py
[2026-03-18T06:41:44.132+0000] {processor.py:925} INFO - DAG(s) 'example_weekday_branch_operator' retrieved from /home/komal/data-engineering-projects/airflow-spark-pipeline/airflow_venv/lib/python3.11/site-packages/airflow/example_dags/example_branch_day_of_week_operator.py
[2026-03-18T06:41:44.163+0000] {logging_mixin.py:190} INFO - [2026-03-18T06:41:44.162+0000] {dag.py:3239} INFO - Sync 1 DAGs
[2026-03-18T06:41:44.181+0000] {logging_mixin.py:190} INFO - [2026-03-18T06:41:44.181+0000] {dag.py:4180} INFO - Setting next_dagrun for example_weekday_branch_operator to 2026-03-17 00:00:00+00:00, run_after=2026-03-18 00:00:00+00:00
[2026-03-18T06:41:44.206+0000] {processor.py:208} INFO - Processing /home/komal/data-engineering-projects/airflow-spark-pipeline/airflow_venv/lib/python3.11/site-packages/airflow/example_dags/example_branch_day_of_week_operator.py took 0.137 seconds
[2026-03-18T06:42:59.770+0000] {processor.py:186} INFO - Started process (PID=28769) to work on /home/komal/data-engineering-projects/airflow-spark-pipeline/airflow_venv/lib/python3.11/site-packages/airflow/example_dags/example_branch_day_of_week_operator.py
[2026-03-18T06:42:59.772+0000] {processor.py:914} INFO - Processing file /home/komal/data-engineering-projects/airflow-spark-pipeline/airflow_venv/lib/python3.11/site-packages/airflow/example_dags/example_branch_day_of_week_operator.py for tasks to queue
[2026-03-18T06:42:59.774+0000] {logging_mixin.py:190} INFO - [2026-03-18T06:42:59.774+0000] {dagbag.py:588} INFO - Filling up the DagBag from /home/komal/data-engineering-projects/airflow-spark-pipeline/airflow_venv/lib/python3.11/site-packages/airflow/example_dags/example_branch_day_of_week_operator.py
[2026-03-18T06:42:59.782+0000] {processor.py:925} INFO - DAG(s) 'example_weekday_branch_operator' retrieved from /home/komal/data-engineering-projects/airflow-spark-pipeline/airflow_venv/lib/python3.11/site-packages/airflow/example_dags/example_branch_day_of_week_operator.py
[2026-03-18T06:42:59.798+0000] {logging_mixin.py:190} INFO - [2026-03-18T06:42:59.798+0000] {dag.py:3239} INFO - Sync 1 DAGs
[2026-03-18T06:42:59.948+0000] {logging_mixin.py:190} INFO - [2026-03-18T06:42:59.948+0000] {dag.py:4180} INFO - Setting next_dagrun for example_weekday_branch_operator to 2026-03-17 00:00:00+00:00, run_after=2026-03-18 00:00:00+00:00
[2026-03-18T06:42:59.981+0000] {processor.py:208} INFO - Processing /home/komal/data-engineering-projects/airflow-spark-pipeline/airflow_venv/lib/python3.11/site-packages/airflow/example_dags/example_branch_day_of_week_operator.py took 0.217 seconds
[2026-03-18T06:44:24.403+0000] {processor.py:186} INFO - Started process (PID=28918) to work on /home/komal/data-engineering-projects/airflow-spark-pipeline/airflow_venv/lib/python3.11/site-packages/airflow/example_dags/example_branch_day_of_week_operator.py
[2026-03-18T06:44:24.405+0000] {processor.py:914} INFO - Processing file /home/komal/data-engineering-projects/airflow-spark-pipeline/airflow_venv/lib/python3.11/site-packages/airflow/example_dags/example_branch_day_of_week_operator.py for tasks to queue
[2026-03-18T06:44:24.407+0000] {logging_mixin.py:190} INFO - [2026-03-18T06:44:24.407+0000] {dagbag.py:588} INFO - Filling up the DagBag from /home/komal/data-engineering-projects/airflow-spark-pipeline/airflow_venv/lib/python3.11/site-packages/airflow/example_dags/example_branch_day_of_week_operator.py
[2026-03-18T06:44:24.421+0000] {processor.py:925} INFO - DAG(s) 'example_weekday_branch_operator' retrieved from /home/komal/data-engineering-projects/airflow-spark-pipeline/airflow_venv/lib/python3.11/site-packages/airflow/example_dags/example_branch_day_of_week_operator.py
[2026-03-18T06:44:24.445+0000] {logging_mixin.py:190} INFO - [2026-03-18T06:44:24.445+0000] {dag.py:3239} INFO - Sync 1 DAGs
[2026-03-18T06:44:24.464+0000] {logging_mixin.py:190} INFO - [2026-03-18T06:44:24.464+0000] {dag.py:4180} INFO - Setting next_dagrun for example_weekday_branch_operator to 2026-03-17 00:00:00+00:00, run_after=2026-03-18 00:00:00+00:00
[2026-03-18T06:44:24.490+0000] {processor.py:208} INFO - Processing /home/komal/data-engineering-projects/airflow-spark-pipeline/airflow_venv/lib/python3.11/site-packages/airflow/example_dags/example_branch_day_of_week_operator.py took 0.091 seconds
[2026-03-18T06:45:41.812+0000] {processor.py:186} INFO - Started process (PID=29072) to work on /home/komal/data-engineering-projects/airflow-spark-pipeline/airflow_venv/lib/python3.11/site-packages/airflow/example_dags/example_branch_day_of_week_operator.py
[2026-03-18T06:45:41.815+0000] {processor.py:914} INFO - Processing file /home/komal/data-engineering-projects/airflow-spark-pipeline/airflow_venv/lib/python3.11/site-packages/airflow/example_dags/example_branch_day_of_week_operator.py for tasks to queue
[2026-03-18T06:45:41.817+0000] {logging_mixin.py:190} INFO - [2026-03-18T06:45:41.816+0000] {dagbag.py:588} INFO - Filling up the DagBag from /home/komal/data-engineering-projects/airflow-spark-pipeline/airflow_venv/lib/python3.11/site-packages/airflow/example_dags/example_branch_day_of_week_operator.py
[2026-03-18T06:45:41.830+0000] {processor.py:925} INFO - DAG(s) 'example_weekday_branch_operator' retrieved from /home/komal/data-engineering-projects/airflow-spark-pipeline/airflow_venv/lib/python3.11/site-packages/airflow/example_dags/example_branch_day_of_week_operator.py
[2026-03-18T06:45:41.866+0000] {logging_mixin.py:190} INFO - [2026-03-18T06:45:41.865+0000] {dag.py:3239} INFO - Sync 1 DAGs
[2026-03-18T06:45:41.883+0000] {logging_mixin.py:190} INFO - [2026-03-18T06:45:41.882+0000] {dag.py:4180} INFO - Setting next_dagrun for example_weekday_branch_operator to 2026-03-17 00:00:00+00:00, run_after=2026-03-18 00:00:00+00:00
[2026-03-18T06:45:41.911+0000] {processor.py:208} INFO - Processing /home/komal/data-engineering-projects/airflow-spark-pipeline/airflow_venv/lib/python3.11/site-packages/airflow/example_dags/example_branch_day_of_week_operator.py took 0.104 seconds
[2026-03-18T06:46:48.423+0000] {processor.py:186} INFO - Started process (PID=29433) to work on /home/komal/data-engineering-projects/airflow-spark-pipeline/airflow_venv/lib/python3.11/site-packages/airflow/example_dags/example_branch_day_of_week_operator.py
[2026-03-18T06:46:48.454+0000] {processor.py:914} INFO - Processing file /home/komal/data-engineering-projects/airflow-spark-pipeline/airflow_venv/lib/python3.11/site-packages/airflow/example_dags/example_branch_day_of_week_operator.py for tasks to queue
[2026-03-18T06:46:48.458+0000] {logging_mixin.py:190} INFO - [2026-03-18T06:46:48.457+0000] {dagbag.py:588} INFO - Filling up the DagBag from /home/komal/data-engineering-projects/airflow-spark-pipeline/airflow_venv/lib/python3.11/site-packages/airflow/example_dags/example_branch_day_of_week_operator.py
[2026-03-18T06:46:48.473+0000] {processor.py:925} INFO - DAG(s) 'example_weekday_branch_operator' retrieved from /home/komal/data-engineering-projects/airflow-spark-pipeline/airflow_venv/lib/python3.11/site-packages/airflow/example_dags/example_branch_day_of_week_operator.py
[2026-03-18T06:46:48.501+0000] {logging_mixin.py:190} INFO - [2026-03-18T06:46:48.501+0000] {dag.py:3239} INFO - Sync 1 DAGs
[2026-03-18T06:46:48.518+0000] {logging_mixin.py:190} INFO - [2026-03-18T06:46:48.518+0000] {dag.py:4180} INFO - Setting next_dagrun for example_weekday_branch_operator to 2026-03-17 00:00:00+00:00, run_after=2026-03-18 00:00:00+00:00
[2026-03-18T06:46:48.553+0000] {processor.py:208} INFO - Processing /home/komal/data-engineering-projects/airflow-spark-pipeline/airflow_venv/lib/python3.11/site-packages/airflow/example_dags/example_branch_day_of_week_operator.py took 0.138 seconds
[2026-03-18T06:47:58.386+0000] {processor.py:186} INFO - Started process (PID=29505) to work on /home/komal/data-engineering-projects/airflow-spark-pipeline/airflow_venv/lib/python3.11/site-packages/airflow/example_dags/example_branch_day_of_week_operator.py
[2026-03-18T06:47:58.419+0000] {processor.py:914} INFO - Processing file /home/komal/data-engineering-projects/airflow-spark-pipeline/airflow_venv/lib/python3.11/site-packages/airflow/example_dags/example_branch_day_of_week_operator.py for tasks to queue
[2026-03-18T06:47:58.423+0000] {logging_mixin.py:190} INFO - [2026-03-18T06:47:58.422+0000] {dagbag.py:588} INFO - Filling up the DagBag from /home/komal/data-engineering-projects/airflow-spark-pipeline/airflow_venv/lib/python3.11/site-packages/airflow/example_dags/example_branch_day_of_week_operator.py
[2026-03-18T06:47:58.438+0000] {processor.py:925} INFO - DAG(s) 'example_weekday_branch_operator' retrieved from /home/komal/data-engineering-projects/airflow-spark-pipeline/airflow_venv/lib/python3.11/site-packages/airflow/example_dags/example_branch_day_of_week_operator.py
[2026-03-18T06:47:58.456+0000] {logging_mixin.py:190} INFO - [2026-03-18T06:47:58.456+0000] {dag.py:3239} INFO - Sync 1 DAGs
[2026-03-18T06:47:58.476+0000] {logging_mixin.py:190} INFO - [2026-03-18T06:47:58.476+0000] {dag.py:4180} INFO - Setting next_dagrun for example_weekday_branch_operator to 2026-03-17 00:00:00+00:00, run_after=2026-03-18 00:00:00+00:00
[2026-03-18T06:47:58.505+0000] {processor.py:208} INFO - Processing /home/komal/data-engineering-projects/airflow-spark-pipeline/airflow_venv/lib/python3.11/site-packages/airflow/example_dags/example_branch_day_of_week_operator.py took 0.125 seconds
[2026-03-18T06:49:22.269+0000] {processor.py:186} INFO - Started process (PID=29662) to work on /home/komal/data-engineering-projects/airflow-spark-pipeline/airflow_venv/lib/python3.11/site-packages/airflow/example_dags/example_branch_day_of_week_operator.py
[2026-03-18T06:49:22.272+0000] {processor.py:914} INFO - Processing file /home/komal/data-engineering-projects/airflow-spark-pipeline/airflow_venv/lib/python3.11/site-packages/airflow/example_dags/example_branch_day_of_week_operator.py for tasks to queue
[2026-03-18T06:49:22.274+0000] {logging_mixin.py:190} INFO - [2026-03-18T06:49:22.274+0000] {dagbag.py:588} INFO - Filling up the DagBag from /home/komal/data-engineering-projects/airflow-spark-pipeline/airflow_venv/lib/python3.11/site-packages/airflow/example_dags/example_branch_day_of_week_operator.py
[2026-03-18T06:49:22.296+0000] {processor.py:925} INFO - DAG(s) 'example_weekday_branch_operator' retrieved from /home/komal/data-engineering-projects/airflow-spark-pipeline/airflow_venv/lib/python3.11/site-packages/airflow/example_dags/example_branch_day_of_week_operator.py
[2026-03-18T06:49:22.317+0000] {logging_mixin.py:190} INFO - [2026-03-18T06:49:22.316+0000] {dag.py:3239} INFO - Sync 1 DAGs
[2026-03-18T06:49:22.338+0000] {logging_mixin.py:190} INFO - [2026-03-18T06:49:22.338+0000] {dag.py:4180} INFO - Setting next_dagrun for example_weekday_branch_operator to 2026-03-17 00:00:00+00:00, run_after=2026-03-18 00:00:00+00:00
[2026-03-18T06:49:22.368+0000] {processor.py:208} INFO - Processing /home/komal/data-engineering-projects/airflow-spark-pipeline/airflow_venv/lib/python3.11/site-packages/airflow/example_dags/example_branch_day_of_week_operator.py took 0.106 seconds
[2026-03-18T06:50:37.838+0000] {processor.py:186} INFO - Started process (PID=29810) to work on /home/komal/data-engineering-projects/airflow-spark-pipeline/airflow_venv/lib/python3.11/site-packages/airflow/example_dags/example_branch_day_of_week_operator.py
[2026-03-18T06:50:37.871+0000] {processor.py:914} INFO - Processing file /home/komal/data-engineering-projects/airflow-spark-pipeline/airflow_venv/lib/python3.11/site-packages/airflow/example_dags/example_branch_day_of_week_operator.py for tasks to queue
[2026-03-18T06:50:37.874+0000] {logging_mixin.py:190} INFO - [2026-03-18T06:50:37.874+0000] {dagbag.py:588} INFO - Filling up the DagBag from /home/komal/data-engineering-projects/airflow-spark-pipeline/airflow_venv/lib/python3.11/site-packages/airflow/example_dags/example_branch_day_of_week_operator.py
[2026-03-18T06:50:37.887+0000] {processor.py:925} INFO - DAG(s) 'example_weekday_branch_operator' retrieved from /home/komal/data-engineering-projects/airflow-spark-pipeline/airflow_venv/lib/python3.11/site-packages/airflow/example_dags/example_branch_day_of_week_operator.py
[2026-03-18T06:50:37.901+0000] {logging_mixin.py:190} INFO - [2026-03-18T06:50:37.901+0000] {dag.py:3239} INFO - Sync 1 DAGs
[2026-03-18T06:50:38.029+0000] {logging_mixin.py:190} INFO - [2026-03-18T06:50:38.029+0000] {dag.py:4180} INFO - Setting next_dagrun for example_weekday_branch_operator to 2026-03-17 00:00:00+00:00, run_after=2026-03-18 00:00:00+00:00
[2026-03-18T06:50:38.096+0000] {processor.py:208} INFO - Processing /home/komal/data-engineering-projects/airflow-spark-pipeline/airflow_venv/lib/python3.11/site-packages/airflow/example_dags/example_branch_day_of_week_operator.py took 0.265 seconds
[2026-03-18T06:51:49.752+0000] {processor.py:186} INFO - Started process (PID=29955) to work on /home/komal/data-engineering-projects/airflow-spark-pipeline/airflow_venv/lib/python3.11/site-packages/airflow/example_dags/example_branch_day_of_week_operator.py
[2026-03-18T06:51:49.784+0000] {processor.py:914} INFO - Processing file /home/komal/data-engineering-projects/airflow-spark-pipeline/airflow_venv/lib/python3.11/site-packages/airflow/example_dags/example_branch_day_of_week_operator.py for tasks to queue
[2026-03-18T06:51:49.788+0000] {logging_mixin.py:190} INFO - [2026-03-18T06:51:49.788+0000] {dagbag.py:588} INFO - Filling up the DagBag from /home/komal/data-engineering-projects/airflow-spark-pipeline/airflow_venv/lib/python3.11/site-packages/airflow/example_dags/example_branch_day_of_week_operator.py
[2026-03-18T06:51:49.804+0000] {processor.py:925} INFO - DAG(s) 'example_weekday_branch_operator' retrieved from /home/komal/data-engineering-projects/airflow-spark-pipeline/airflow_venv/lib/python3.11/site-packages/airflow/example_dags/example_branch_day_of_week_operator.py
[2026-03-18T06:51:49.827+0000] {logging_mixin.py:190} INFO - [2026-03-18T06:51:49.826+0000] {dag.py:3239} INFO - Sync 1 DAGs
[2026-03-18T06:51:49.846+0000] {logging_mixin.py:190} INFO - [2026-03-18T06:51:49.846+0000] {dag.py:4180} INFO - Setting next_dagrun for example_weekday_branch_operator to 2026-03-17 00:00:00+00:00, run_after=2026-03-18 00:00:00+00:00
[2026-03-18T06:51:49.873+0000] {processor.py:208} INFO - Processing /home/komal/data-engineering-projects/airflow-spark-pipeline/airflow_venv/lib/python3.11/site-packages/airflow/example_dags/example_branch_day_of_week_operator.py took 0.135 seconds
[2026-03-18T06:52:53.580+0000] {processor.py:186} INFO - Started process (PID=30019) to work on /home/komal/data-engineering-projects/airflow-spark-pipeline/airflow_venv/lib/python3.11/site-packages/airflow/example_dags/example_branch_day_of_week_operator.py
[2026-03-18T06:52:53.584+0000] {processor.py:914} INFO - Processing file /home/komal/data-engineering-projects/airflow-spark-pipeline/airflow_venv/lib/python3.11/site-packages/airflow/example_dags/example_branch_day_of_week_operator.py for tasks to queue
[2026-03-18T06:52:53.587+0000] {logging_mixin.py:190} INFO - [2026-03-18T06:52:53.586+0000] {dagbag.py:588} INFO - Filling up the DagBag from /home/komal/data-engineering-projects/airflow-spark-pipeline/airflow_venv/lib/python3.11/site-packages/airflow/example_dags/example_branch_day_of_week_operator.py
[2026-03-18T06:52:53.596+0000] {processor.py:925} INFO - DAG(s) 'example_weekday_branch_operator' retrieved from /home/komal/data-engineering-projects/airflow-spark-pipeline/airflow_venv/lib/python3.11/site-packages/airflow/example_dags/example_branch_day_of_week_operator.py
[2026-03-18T06:52:53.623+0000] {logging_mixin.py:190} INFO - [2026-03-18T06:52:53.623+0000] {dag.py:3239} INFO - Sync 1 DAGs
[2026-03-18T06:52:53.648+0000] {logging_mixin.py:190} INFO - [2026-03-18T06:52:53.648+0000] {dag.py:4180} INFO - Setting next_dagrun for example_weekday_branch_operator to 2026-03-17 00:00:00+00:00, run_after=2026-03-18 00:00:00+00:00
[2026-03-18T06:52:53.676+0000] {processor.py:208} INFO - Processing /home/komal/data-engineering-projects/airflow-spark-pipeline/airflow_venv/lib/python3.11/site-packages/airflow/example_dags/example_branch_day_of_week_operator.py took 0.104 seconds
[2026-03-18T06:54:19.464+0000] {processor.py:186} INFO - Started process (PID=30166) to work on /home/komal/data-engineering-projects/airflow-spark-pipeline/airflow_venv/lib/python3.11/site-packages/airflow/example_dags/example_branch_day_of_week_operator.py
[2026-03-18T06:54:19.466+0000] {processor.py:914} INFO - Processing file /home/komal/data-engineering-projects/airflow-spark-pipeline/airflow_venv/lib/python3.11/site-packages/airflow/example_dags/example_branch_day_of_week_operator.py for tasks to queue
[2026-03-18T06:54:19.468+0000] {logging_mixin.py:190} INFO - [2026-03-18T06:54:19.467+0000] {dagbag.py:588} INFO - Filling up the DagBag from /home/komal/data-engineering-projects/airflow-spark-pipeline/airflow_venv/lib/python3.11/site-packages/airflow/example_dags/example_branch_day_of_week_operator.py
[2026-03-18T06:54:19.474+0000] {processor.py:925} INFO - DAG(s) 'example_weekday_branch_operator' retrieved from /home/komal/data-engineering-projects/airflow-spark-pipeline/airflow_venv/lib/python3.11/site-packages/airflow/example_dags/example_branch_day_of_week_operator.py
[2026-03-18T06:54:19.490+0000] {logging_mixin.py:190} INFO - [2026-03-18T06:54:19.489+0000] {dag.py:3239} INFO - Sync 1 DAGs
[2026-03-18T06:54:19.510+0000] {logging_mixin.py:190} INFO - [2026-03-18T06:54:19.509+0000] {dag.py:4180} INFO - Setting next_dagrun for example_weekday_branch_operator to 2026-03-17 00:00:00+00:00, run_after=2026-03-18 00:00:00+00:00
[2026-03-18T06:54:19.530+0000] {processor.py:208} INFO - Processing /home/komal/data-engineering-projects/airflow-spark-pipeline/airflow_venv/lib/python3.11/site-packages/airflow/example_dags/example_branch_day_of_week_operator.py took 0.075 seconds
[2026-03-18T06:55:28.295+0000] {processor.py:186} INFO - Started process (PID=30236) to work on /home/komal/data-engineering-projects/airflow-spark-pipeline/airflow_venv/lib/python3.11/site-packages/airflow/example_dags/example_branch_day_of_week_operator.py
[2026-03-18T06:55:28.299+0000] {processor.py:914} INFO - Processing file /home/komal/data-engineering-projects/airflow-spark-pipeline/airflow_venv/lib/python3.11/site-packages/airflow/example_dags/example_branch_day_of_week_operator.py for tasks to queue
[2026-03-18T06:55:28.302+0000] {logging_mixin.py:190} INFO - [2026-03-18T06:55:28.301+0000] {dagbag.py:588} INFO - Filling up the DagBag from /home/komal/data-engineering-projects/airflow-spark-pipeline/airflow_venv/lib/python3.11/site-packages/airflow/example_dags/example_branch_day_of_week_operator.py
[2026-03-18T06:55:28.311+0000] {processor.py:925} INFO - DAG(s) 'example_weekday_branch_operator' retrieved from /home/komal/data-engineering-projects/airflow-spark-pipeline/airflow_venv/lib/python3.11/site-packages/airflow/example_dags/example_branch_day_of_week_operator.py
[2026-03-18T06:55:28.325+0000] {logging_mixin.py:190} INFO - [2026-03-18T06:55:28.325+0000] {dag.py:3239} INFO - Sync 1 DAGs
[2026-03-18T06:55:28.341+0000] {logging_mixin.py:190} INFO - [2026-03-18T06:55:28.341+0000] {dag.py:4180} INFO - Setting next_dagrun for example_weekday_branch_operator to 2026-03-17 00:00:00+00:00, run_after=2026-03-18 00:00:00+00:00
[2026-03-18T06:55:28.426+0000] {processor.py:208} INFO - Processing /home/komal/data-engineering-projects/airflow-spark-pipeline/airflow_venv/lib/python3.11/site-packages/airflow/example_dags/example_branch_day_of_week_operator.py took 0.139 seconds
[2026-03-18T06:56:23.051+0000] {processor.py:186} INFO - Started process (PID=30373) to work on /home/komal/data-engineering-projects/airflow-spark-pipeline/airflow_venv/lib/python3.11/site-packages/airflow/example_dags/example_branch_day_of_week_operator.py
[2026-03-18T06:56:23.062+0000] {processor.py:914} INFO - Processing file /home/komal/data-engineering-projects/airflow-spark-pipeline/airflow_venv/lib/python3.11/site-packages/airflow/example_dags/example_branch_day_of_week_operator.py for tasks to queue
[2026-03-18T06:56:23.064+0000] {logging_mixin.py:190} INFO - [2026-03-18T06:56:23.063+0000] {dagbag.py:588} INFO - Filling up the DagBag from /home/komal/data-engineering-projects/airflow-spark-pipeline/airflow_venv/lib/python3.11/site-packages/airflow/example_dags/example_branch_day_of_week_operator.py
[2026-03-18T06:56:23.071+0000] {processor.py:925} INFO - DAG(s) 'example_weekday_branch_operator' retrieved from /home/komal/data-engineering-projects/airflow-spark-pipeline/airflow_venv/lib/python3.11/site-packages/airflow/example_dags/example_branch_day_of_week_operator.py
[2026-03-18T06:56:23.085+0000] {logging_mixin.py:190} INFO - [2026-03-18T06:56:23.085+0000] {dag.py:3239} INFO - Sync 1 DAGs
[2026-03-18T06:56:23.111+0000] {logging_mixin.py:190} INFO - [2026-03-18T06:56:23.111+0000] {dag.py:4180} INFO - Setting next_dagrun for example_weekday_branch_operator to 2026-03-17 00:00:00+00:00, run_after=2026-03-18 00:00:00+00:00
[2026-03-18T06:56:23.139+0000] {processor.py:208} INFO - Processing /home/komal/data-engineering-projects/airflow-spark-pipeline/airflow_venv/lib/python3.11/site-packages/airflow/example_dags/example_branch_day_of_week_operator.py took 0.092 seconds
[2026-03-18T06:57:35.300+0000] {processor.py:186} INFO - Started process (PID=30515) to work on /home/komal/data-engineering-projects/airflow-spark-pipeline/airflow_venv/lib/python3.11/site-packages/airflow/example_dags/example_branch_day_of_week_operator.py
[2026-03-18T06:57:35.332+0000] {processor.py:914} INFO - Processing file /home/komal/data-engineering-projects/airflow-spark-pipeline/airflow_venv/lib/python3.11/site-packages/airflow/example_dags/example_branch_day_of_week_operator.py for tasks to queue
[2026-03-18T06:57:35.336+0000] {logging_mixin.py:190} INFO - [2026-03-18T06:57:35.335+0000] {dagbag.py:588} INFO - Filling up the DagBag from /home/komal/data-engineering-projects/airflow-spark-pipeline/airflow_venv/lib/python3.11/site-packages/airflow/example_dags/example_branch_day_of_week_operator.py
[2026-03-18T06:57:35.352+0000] {processor.py:925} INFO - DAG(s) 'example_weekday_branch_operator' retrieved from /home/komal/data-engineering-projects/airflow-spark-pipeline/airflow_venv/lib/python3.11/site-packages/airflow/example_dags/example_branch_day_of_week_operator.py
[2026-03-18T06:57:35.376+0000] {logging_mixin.py:190} INFO - [2026-03-18T06:57:35.376+0000] {dag.py:3239} INFO - Sync 1 DAGs
[2026-03-18T06:57:35.398+0000] {logging_mixin.py:190} INFO - [2026-03-18T06:57:35.398+0000] {dag.py:4180} INFO - Setting next_dagrun for example_weekday_branch_operator to 2026-03-17 00:00:00+00:00, run_after=2026-03-18 00:00:00+00:00
[2026-03-18T06:57:35.424+0000] {processor.py:208} INFO - Processing /home/komal/data-engineering-projects/airflow-spark-pipeline/airflow_venv/lib/python3.11/site-packages/airflow/example_dags/example_branch_day_of_week_operator.py took 0.134 seconds
[2026-03-18T06:58:59.101+0000] {processor.py:186} INFO - Started process (PID=30665) to work on /home/komal/data-engineering-projects/airflow-spark-pipeline/airflow_venv/lib/python3.11/site-packages/airflow/example_dags/example_branch_day_of_week_operator.py
[2026-03-18T06:58:59.133+0000] {processor.py:914} INFO - Processing file /home/komal/data-engineering-projects/airflow-spark-pipeline/airflow_venv/lib/python3.11/site-packages/airflow/example_dags/example_branch_day_of_week_operator.py for tasks to queue
[2026-03-18T06:58:59.135+0000] {logging_mixin.py:190} INFO - [2026-03-18T06:58:59.134+0000] {dagbag.py:588} INFO - Filling up the DagBag from /home/komal/data-engineering-projects/airflow-spark-pipeline/airflow_venv/lib/python3.11/site-packages/airflow/example_dags/example_branch_day_of_week_operator.py
[2026-03-18T06:58:59.142+0000] {processor.py:925} INFO - DAG(s) 'example_weekday_branch_operator' retrieved from /home/komal/data-engineering-projects/airflow-spark-pipeline/airflow_venv/lib/python3.11/site-packages/airflow/example_dags/example_branch_day_of_week_operator.py
[2026-03-18T06:58:59.156+0000] {logging_mixin.py:190} INFO - [2026-03-18T06:58:59.156+0000] {dag.py:3239} INFO - Sync 1 DAGs
[2026-03-18T06:58:59.174+0000] {logging_mixin.py:190} INFO - [2026-03-18T06:58:59.173+0000] {dag.py:4180} INFO - Setting next_dagrun for example_weekday_branch_operator to 2026-03-17 00:00:00+00:00, run_after=2026-03-18 00:00:00+00:00
[2026-03-18T06:58:59.201+0000] {processor.py:208} INFO - Processing /home/komal/data-engineering-projects/airflow-spark-pipeline/airflow_venv/lib/python3.11/site-packages/airflow/example_dags/example_branch_day_of_week_operator.py took 0.104 seconds
[2026-03-18T07:00:08.095+0000] {processor.py:186} INFO - Started process (PID=30734) to work on /home/komal/data-engineering-projects/airflow-spark-pipeline/airflow_venv/lib/python3.11/site-packages/airflow/example_dags/example_branch_day_of_week_operator.py
[2026-03-18T07:00:08.126+0000] {processor.py:914} INFO - Processing file /home/komal/data-engineering-projects/airflow-spark-pipeline/airflow_venv/lib/python3.11/site-packages/airflow/example_dags/example_branch_day_of_week_operator.py for tasks to queue
[2026-03-18T07:00:08.128+0000] {logging_mixin.py:190} INFO - [2026-03-18T07:00:08.127+0000] {dagbag.py:588} INFO - Filling up the DagBag from /home/komal/data-engineering-projects/airflow-spark-pipeline/airflow_venv/lib/python3.11/site-packages/airflow/example_dags/example_branch_day_of_week_operator.py
[2026-03-18T07:00:08.143+0000] {processor.py:925} INFO - DAG(s) 'example_weekday_branch_operator' retrieved from /home/komal/data-engineering-projects/airflow-spark-pipeline/airflow_venv/lib/python3.11/site-packages/airflow/example_dags/example_branch_day_of_week_operator.py
[2026-03-18T07:00:08.161+0000] {logging_mixin.py:190} INFO - [2026-03-18T07:00:08.161+0000] {dag.py:3239} INFO - Sync 1 DAGs
[2026-03-18T07:00:08.177+0000] {logging_mixin.py:190} INFO - [2026-03-18T07:00:08.176+0000] {dag.py:4180} INFO - Setting next_dagrun for example_weekday_branch_operator to 2026-03-17 00:00:00+00:00, run_after=2026-03-18 00:00:00+00:00
[2026-03-18T07:00:08.214+0000] {processor.py:208} INFO - Processing /home/komal/data-engineering-projects/airflow-spark-pipeline/airflow_venv/lib/python3.11/site-packages/airflow/example_dags/example_branch_day_of_week_operator.py took 0.123 seconds
[2026-03-18T07:01:32.369+0000] {processor.py:186} INFO - Started process (PID=30885) to work on /home/komal/data-engineering-projects/airflow-spark-pipeline/airflow_venv/lib/python3.11/site-packages/airflow/example_dags/example_branch_day_of_week_operator.py
[2026-03-18T07:01:32.372+0000] {processor.py:914} INFO - Processing file /home/komal/data-engineering-projects/airflow-spark-pipeline/airflow_venv/lib/python3.11/site-packages/airflow/example_dags/example_branch_day_of_week_operator.py for tasks to queue
[2026-03-18T07:01:32.375+0000] {logging_mixin.py:190} INFO - [2026-03-18T07:01:32.374+0000] {dagbag.py:588} INFO - Filling up the DagBag from /home/komal/data-engineering-projects/airflow-spark-pipeline/airflow_venv/lib/python3.11/site-packages/airflow/example_dags/example_branch_day_of_week_operator.py
[2026-03-18T07:01:32.382+0000] {processor.py:925} INFO - DAG(s) 'example_weekday_branch_operator' retrieved from /home/komal/data-engineering-projects/airflow-spark-pipeline/airflow_venv/lib/python3.11/site-packages/airflow/example_dags/example_branch_day_of_week_operator.py
[2026-03-18T07:01:32.397+0000] {logging_mixin.py:190} INFO - [2026-03-18T07:01:32.396+0000] {dag.py:3239} INFO - Sync 1 DAGs
[2026-03-18T07:01:32.551+0000] {logging_mixin.py:190} INFO - [2026-03-18T07:01:32.551+0000] {dag.py:4180} INFO - Setting next_dagrun for example_weekday_branch_operator to 2026-03-17 00:00:00+00:00, run_after=2026-03-18 00:00:00+00:00
[2026-03-18T07:01:32.591+0000] {processor.py:208} INFO - Processing /home/komal/data-engineering-projects/airflow-spark-pipeline/airflow_venv/lib/python3.11/site-packages/airflow/example_dags/example_branch_day_of_week_operator.py took 0.226 seconds
[2026-03-18T07:02:49.263+0000] {processor.py:186} INFO - Started process (PID=30960) to work on /home/komal/data-engineering-projects/airflow-spark-pipeline/airflow_venv/lib/python3.11/site-packages/airflow/example_dags/example_branch_day_of_week_operator.py
[2026-03-18T07:02:49.274+0000] {processor.py:914} INFO - Processing file /home/komal/data-engineering-projects/airflow-spark-pipeline/airflow_venv/lib/python3.11/site-packages/airflow/example_dags/example_branch_day_of_week_operator.py for tasks to queue
[2026-03-18T07:02:49.276+0000] {logging_mixin.py:190} INFO - [2026-03-18T07:02:49.276+0000] {dagbag.py:588} INFO - Filling up the DagBag from /home/komal/data-engineering-projects/airflow-spark-pipeline/airflow_venv/lib/python3.11/site-packages/airflow/example_dags/example_branch_day_of_week_operator.py
[2026-03-18T07:02:49.286+0000] {processor.py:925} INFO - DAG(s) 'example_weekday_branch_operator' retrieved from /home/komal/data-engineering-projects/airflow-spark-pipeline/airflow_venv/lib/python3.11/site-packages/airflow/example_dags/example_branch_day_of_week_operator.py
[2026-03-18T07:02:49.304+0000] {logging_mixin.py:190} INFO - [2026-03-18T07:02:49.304+0000] {dag.py:3239} INFO - Sync 1 DAGs
[2026-03-18T07:02:49.326+0000] {logging_mixin.py:190} INFO - [2026-03-18T07:02:49.326+0000] {dag.py:4180} INFO - Setting next_dagrun for example_weekday_branch_operator to 2026-03-17 00:00:00+00:00, run_after=2026-03-18 00:00:00+00:00
[2026-03-18T07:02:49.353+0000] {processor.py:208} INFO - Processing /home/komal/data-engineering-projects/airflow-spark-pipeline/airflow_venv/lib/python3.11/site-packages/airflow/example_dags/example_branch_day_of_week_operator.py took 0.096 seconds
[2026-03-18T07:03:56.566+0000] {processor.py:186} INFO - Started process (PID=31082) to work on /home/komal/data-engineering-projects/airflow-spark-pipeline/airflow_venv/lib/python3.11/site-packages/airflow/example_dags/example_branch_day_of_week_operator.py
[2026-03-18T07:03:56.568+0000] {processor.py:914} INFO - Processing file /home/komal/data-engineering-projects/airflow-spark-pipeline/airflow_venv/lib/python3.11/site-packages/airflow/example_dags/example_branch_day_of_week_operator.py for tasks to queue
[2026-03-18T07:03:56.570+0000] {logging_mixin.py:190} INFO - [2026-03-18T07:03:56.569+0000] {dagbag.py:588} INFO - Filling up the DagBag from /home/komal/data-engineering-projects/airflow-spark-pipeline/airflow_venv/lib/python3.11/site-packages/airflow/example_dags/example_branch_day_of_week_operator.py
[2026-03-18T07:03:56.581+0000] {processor.py:925} INFO - DAG(s) 'example_weekday_branch_operator' retrieved from /home/komal/data-engineering-projects/airflow-spark-pipeline/airflow_venv/lib/python3.11/site-packages/airflow/example_dags/example_branch_day_of_week_operator.py
[2026-03-18T07:03:56.598+0000] {logging_mixin.py:190} INFO - [2026-03-18T07:03:56.598+0000] {dag.py:3239} INFO - Sync 1 DAGs
[2026-03-18T07:03:56.618+0000] {logging_mixin.py:190} INFO - [2026-03-18T07:03:56.618+0000] {dag.py:4180} INFO - Setting next_dagrun for example_weekday_branch_operator to 2026-03-17 00:00:00+00:00, run_after=2026-03-18 00:00:00+00:00
[2026-03-18T07:03:56.636+0000] {processor.py:208} INFO - Processing /home/komal/data-engineering-projects/airflow-spark-pipeline/airflow_venv/lib/python3.11/site-packages/airflow/example_dags/example_branch_day_of_week_operator.py took 0.074 seconds
[2026-03-18T07:04:54.538+0000] {processor.py:186} INFO - Started process (PID=31143) to work on /home/komal/data-engineering-projects/airflow-spark-pipeline/airflow_venv/lib/python3.11/site-packages/airflow/example_dags/example_branch_day_of_week_operator.py
[2026-03-18T07:04:54.569+0000] {processor.py:914} INFO - Processing file /home/komal/data-engineering-projects/airflow-spark-pipeline/airflow_venv/lib/python3.11/site-packages/airflow/example_dags/example_branch_day_of_week_operator.py for tasks to queue
[2026-03-18T07:04:54.570+0000] {logging_mixin.py:190} INFO - [2026-03-18T07:04:54.570+0000] {dagbag.py:588} INFO - Filling up the DagBag from /home/komal/data-engineering-projects/airflow-spark-pipeline/airflow_venv/lib/python3.11/site-packages/airflow/example_dags/example_branch_day_of_week_operator.py
[2026-03-18T07:04:54.580+0000] {processor.py:925} INFO - DAG(s) 'example_weekday_branch_operator' retrieved from /home/komal/data-engineering-projects/airflow-spark-pipeline/airflow_venv/lib/python3.11/site-packages/airflow/example_dags/example_branch_day_of_week_operator.py
[2026-03-18T07:04:54.595+0000] {logging_mixin.py:190} INFO - [2026-03-18T07:04:54.595+0000] {dag.py:3239} INFO - Sync 1 DAGs
[2026-03-18T07:04:54.616+0000] {logging_mixin.py:190} INFO - [2026-03-18T07:04:54.616+0000] {dag.py:4180} INFO - Setting next_dagrun for example_weekday_branch_operator to 2026-03-17 00:00:00+00:00, run_after=2026-03-18 00:00:00+00:00
[2026-03-18T07:04:54.642+0000] {processor.py:208} INFO - Processing /home/komal/data-engineering-projects/airflow-spark-pipeline/airflow_venv/lib/python3.11/site-packages/airflow/example_dags/example_branch_day_of_week_operator.py took 0.108 seconds
[2026-03-18T07:05:52.051+0000] {processor.py:186} INFO - Started process (PID=31205) to work on /home/komal/data-engineering-projects/airflow-spark-pipeline/airflow_venv/lib/python3.11/site-packages/airflow/example_dags/example_branch_day_of_week_operator.py
[2026-03-18T07:05:52.052+0000] {processor.py:914} INFO - Processing file /home/komal/data-engineering-projects/airflow-spark-pipeline/airflow_venv/lib/python3.11/site-packages/airflow/example_dags/example_branch_day_of_week_operator.py for tasks to queue
[2026-03-18T07:05:52.053+0000] {logging_mixin.py:190} INFO - [2026-03-18T07:05:52.053+0000] {dagbag.py:588} INFO - Filling up the DagBag from /home/komal/data-engineering-projects/airflow-spark-pipeline/airflow_venv/lib/python3.11/site-packages/airflow/example_dags/example_branch_day_of_week_operator.py
[2026-03-18T07:05:52.062+0000] {processor.py:925} INFO - DAG(s) 'example_weekday_branch_operator' retrieved from /home/komal/data-engineering-projects/airflow-spark-pipeline/airflow_venv/lib/python3.11/site-packages/airflow/example_dags/example_branch_day_of_week_operator.py
[2026-03-18T07:05:52.075+0000] {logging_mixin.py:190} INFO - [2026-03-18T07:05:52.074+0000] {dag.py:3239} INFO - Sync 1 DAGs
[2026-03-18T07:05:52.091+0000] {logging_mixin.py:190} INFO - [2026-03-18T07:05:52.090+0000] {dag.py:4180} INFO - Setting next_dagrun for example_weekday_branch_operator to 2026-03-17 00:00:00+00:00, run_after=2026-03-18 00:00:00+00:00
[2026-03-18T07:05:52.107+0000] {processor.py:208} INFO - Processing /home/komal/data-engineering-projects/airflow-spark-pipeline/airflow_venv/lib/python3.11/site-packages/airflow/example_dags/example_branch_day_of_week_operator.py took 0.067 seconds
[2026-03-18T07:09:25.204+0000] {processor.py:186} INFO - Started process (PID=31246) to work on /home/komal/data-engineering-projects/airflow-spark-pipeline/airflow_venv/lib/python3.11/site-packages/airflow/example_dags/example_branch_day_of_week_operator.py
[2026-03-18T07:09:25.205+0000] {processor.py:914} INFO - Processing file /home/komal/data-engineering-projects/airflow-spark-pipeline/airflow_venv/lib/python3.11/site-packages/airflow/example_dags/example_branch_day_of_week_operator.py for tasks to queue
[2026-03-18T07:09:25.206+0000] {logging_mixin.py:190} INFO - [2026-03-18T07:09:25.206+0000] {dagbag.py:588} INFO - Filling up the DagBag from /home/komal/data-engineering-projects/airflow-spark-pipeline/airflow_venv/lib/python3.11/site-packages/airflow/example_dags/example_branch_day_of_week_operator.py
[2026-03-18T07:09:25.217+0000] {processor.py:925} INFO - DAG(s) 'example_weekday_branch_operator' retrieved from /home/komal/data-engineering-projects/airflow-spark-pipeline/airflow_venv/lib/python3.11/site-packages/airflow/example_dags/example_branch_day_of_week_operator.py
[2026-03-18T07:09:25.230+0000] {logging_mixin.py:190} INFO - [2026-03-18T07:09:25.230+0000] {dag.py:3239} INFO - Sync 1 DAGs
[2026-03-18T07:09:25.248+0000] {logging_mixin.py:190} INFO - [2026-03-18T07:09:25.247+0000] {dag.py:4180} INFO - Setting next_dagrun for example_weekday_branch_operator to 2026-03-17 00:00:00+00:00, run_after=2026-03-18 00:00:00+00:00
[2026-03-18T07:09:25.265+0000] {processor.py:208} INFO - Processing /home/komal/data-engineering-projects/airflow-spark-pipeline/airflow_venv/lib/python3.11/site-packages/airflow/example_dags/example_branch_day_of_week_operator.py took 0.067 seconds
[2026-03-18T07:10:23.092+0000] {processor.py:186} INFO - Started process (PID=31306) to work on /home/komal/data-engineering-projects/airflow-spark-pipeline/airflow_venv/lib/python3.11/site-packages/airflow/example_dags/example_branch_day_of_week_operator.py
[2026-03-18T07:10:23.094+0000] {processor.py:914} INFO - Processing file /home/komal/data-engineering-projects/airflow-spark-pipeline/airflow_venv/lib/python3.11/site-packages/airflow/example_dags/example_branch_day_of_week_operator.py for tasks to queue
[2026-03-18T07:10:23.095+0000] {logging_mixin.py:190} INFO - [2026-03-18T07:10:23.095+0000] {dagbag.py:588} INFO - Filling up the DagBag from /home/komal/data-engineering-projects/airflow-spark-pipeline/airflow_venv/lib/python3.11/site-packages/airflow/example_dags/example_branch_day_of_week_operator.py
[2026-03-18T07:10:23.103+0000] {processor.py:925} INFO - DAG(s) 'example_weekday_branch_operator' retrieved from /home/komal/data-engineering-projects/airflow-spark-pipeline/airflow_venv/lib/python3.11/site-packages/airflow/example_dags/example_branch_day_of_week_operator.py
[2026-03-18T07:10:23.122+0000] {logging_mixin.py:190} INFO - [2026-03-18T07:10:23.121+0000] {dag.py:3239} INFO - Sync 1 DAGs
[2026-03-18T07:10:23.139+0000] {logging_mixin.py:190} INFO - [2026-03-18T07:10:23.139+0000] {dag.py:4180} INFO - Setting next_dagrun for example_weekday_branch_operator to 2026-03-17 00:00:00+00:00, run_after=2026-03-18 00:00:00+00:00
[2026-03-18T07:10:23.155+0000] {processor.py:208} INFO - Processing /home/komal/data-engineering-projects/airflow-spark-pipeline/airflow_venv/lib/python3.11/site-packages/airflow/example_dags/example_branch_day_of_week_operator.py took 0.067 seconds
[2026-03-18T07:11:26.211+0000] {processor.py:186} INFO - Started process (PID=31371) to work on /home/komal/data-engineering-projects/airflow-spark-pipeline/airflow_venv/lib/python3.11/site-packages/airflow/example_dags/example_branch_day_of_week_operator.py
[2026-03-18T07:11:26.242+0000] {processor.py:914} INFO - Processing file /home/komal/data-engineering-projects/airflow-spark-pipeline/airflow_venv/lib/python3.11/site-packages/airflow/example_dags/example_branch_day_of_week_operator.py for tasks to queue
[2026-03-18T07:11:26.244+0000] {logging_mixin.py:190} INFO - [2026-03-18T07:11:26.243+0000] {dagbag.py:588} INFO - Filling up the DagBag from /home/komal/data-engineering-projects/airflow-spark-pipeline/airflow_venv/lib/python3.11/site-packages/airflow/example_dags/example_branch_day_of_week_operator.py
[2026-03-18T07:11:26.254+0000] {processor.py:925} INFO - DAG(s) 'example_weekday_branch_operator' retrieved from /home/komal/data-engineering-projects/airflow-spark-pipeline/airflow_venv/lib/python3.11/site-packages/airflow/example_dags/example_branch_day_of_week_operator.py
[2026-03-18T07:11:26.273+0000] {logging_mixin.py:190} INFO - [2026-03-18T07:11:26.273+0000] {dag.py:3239} INFO - Sync 1 DAGs
[2026-03-18T07:11:26.301+0000] {logging_mixin.py:190} INFO - [2026-03-18T07:11:26.301+0000] {dag.py:4180} INFO - Setting next_dagrun for example_weekday_branch_operator to 2026-03-17 00:00:00+00:00, run_after=2026-03-18 00:00:00+00:00
[2026-03-18T07:11:26.332+0000] {processor.py:208} INFO - Processing /home/komal/data-engineering-projects/airflow-spark-pipeline/airflow_venv/lib/python3.11/site-packages/airflow/example_dags/example_branch_day_of_week_operator.py took 0.125 seconds
[2026-03-18T07:12:31.602+0000] {processor.py:186} INFO - Started process (PID=31437) to work on /home/komal/data-engineering-projects/airflow-spark-pipeline/airflow_venv/lib/python3.11/site-packages/airflow/example_dags/example_branch_day_of_week_operator.py
[2026-03-18T07:12:31.603+0000] {processor.py:914} INFO - Processing file /home/komal/data-engineering-projects/airflow-spark-pipeline/airflow_venv/lib/python3.11/site-packages/airflow/example_dags/example_branch_day_of_week_operator.py for tasks to queue
[2026-03-18T07:12:31.604+0000] {logging_mixin.py:190} INFO - [2026-03-18T07:12:31.604+0000] {dagbag.py:588} INFO - Filling up the DagBag from /home/komal/data-engineering-projects/airflow-spark-pipeline/airflow_venv/lib/python3.11/site-packages/airflow/example_dags/example_branch_day_of_week_operator.py
[2026-03-18T07:12:31.612+0000] {processor.py:925} INFO - DAG(s) 'example_weekday_branch_operator' retrieved from /home/komal/data-engineering-projects/airflow-spark-pipeline/airflow_venv/lib/python3.11/site-packages/airflow/example_dags/example_branch_day_of_week_operator.py
[2026-03-18T07:12:31.626+0000] {logging_mixin.py:190} INFO - [2026-03-18T07:12:31.625+0000] {dag.py:3239} INFO - Sync 1 DAGs
[2026-03-18T07:12:31.641+0000] {logging_mixin.py:190} INFO - [2026-03-18T07:12:31.641+0000] {dag.py:4180} INFO - Setting next_dagrun for example_weekday_branch_operator to 2026-03-17 00:00:00+00:00, run_after=2026-03-18 00:00:00+00:00
[2026-03-18T07:12:31.705+0000] {processor.py:208} INFO - Processing /home/komal/data-engineering-projects/airflow-spark-pipeline/airflow_venv/lib/python3.11/site-packages/airflow/example_dags/example_branch_day_of_week_operator.py took 0.110 seconds
[2026-03-18T07:13:38.230+0000] {processor.py:186} INFO - Started process (PID=31504) to work on /home/komal/data-engineering-projects/airflow-spark-pipeline/airflow_venv/lib/python3.11/site-packages/airflow/example_dags/example_branch_day_of_week_operator.py
[2026-03-18T07:13:38.263+0000] {processor.py:914} INFO - Processing file /home/komal/data-engineering-projects/airflow-spark-pipeline/airflow_venv/lib/python3.11/site-packages/airflow/example_dags/example_branch_day_of_week_operator.py for tasks to queue
[2026-03-18T07:13:38.266+0000] {logging_mixin.py:190} INFO - [2026-03-18T07:13:38.265+0000] {dagbag.py:588} INFO - Filling up the DagBag from /home/komal/data-engineering-projects/airflow-spark-pipeline/airflow_venv/lib/python3.11/site-packages/airflow/example_dags/example_branch_day_of_week_operator.py
[2026-03-18T07:13:38.283+0000] {processor.py:925} INFO - DAG(s) 'example_weekday_branch_operator' retrieved from /home/komal/data-engineering-projects/airflow-spark-pipeline/airflow_venv/lib/python3.11/site-packages/airflow/example_dags/example_branch_day_of_week_operator.py
[2026-03-18T07:13:38.297+0000] {logging_mixin.py:190} INFO - [2026-03-18T07:13:38.297+0000] {dag.py:3239} INFO - Sync 1 DAGs
[2026-03-18T07:13:38.316+0000] {logging_mixin.py:190} INFO - [2026-03-18T07:13:38.316+0000] {dag.py:4180} INFO - Setting next_dagrun for example_weekday_branch_operator to 2026-03-17 00:00:00+00:00, run_after=2026-03-18 00:00:00+00:00
[2026-03-18T07:13:38.343+0000] {processor.py:208} INFO - Processing /home/komal/data-engineering-projects/airflow-spark-pipeline/airflow_venv/lib/python3.11/site-packages/airflow/example_dags/example_branch_day_of_week_operator.py took 0.118 seconds
[2026-03-18T07:14:47.657+0000] {processor.py:186} INFO - Started process (PID=31569) to work on /home/komal/data-engineering-projects/airflow-spark-pipeline/airflow_venv/lib/python3.11/site-packages/airflow/example_dags/example_branch_day_of_week_operator.py
[2026-03-18T07:14:47.688+0000] {processor.py:914} INFO - Processing file /home/komal/data-engineering-projects/airflow-spark-pipeline/airflow_venv/lib/python3.11/site-packages/airflow/example_dags/example_branch_day_of_week_operator.py for tasks to queue
[2026-03-18T07:14:47.691+0000] {logging_mixin.py:190} INFO - [2026-03-18T07:14:47.690+0000] {dagbag.py:588} INFO - Filling up the DagBag from /home/komal/data-engineering-projects/airflow-spark-pipeline/airflow_venv/lib/python3.11/site-packages/airflow/example_dags/example_branch_day_of_week_operator.py
[2026-03-18T07:14:47.705+0000] {processor.py:925} INFO - DAG(s) 'example_weekday_branch_operator' retrieved from /home/komal/data-engineering-projects/airflow-spark-pipeline/airflow_venv/lib/python3.11/site-packages/airflow/example_dags/example_branch_day_of_week_operator.py
[2026-03-18T07:14:47.718+0000] {logging_mixin.py:190} INFO - [2026-03-18T07:14:47.718+0000] {dag.py:3239} INFO - Sync 1 DAGs
[2026-03-18T07:14:47.733+0000] {logging_mixin.py:190} INFO - [2026-03-18T07:14:47.733+0000] {dag.py:4180} INFO - Setting next_dagrun for example_weekday_branch_operator to 2026-03-17 00:00:00+00:00, run_after=2026-03-18 00:00:00+00:00
[2026-03-18T07:14:47.758+0000] {processor.py:208} INFO - Processing /home/komal/data-engineering-projects/airflow-spark-pipeline/airflow_venv/lib/python3.11/site-packages/airflow/example_dags/example_branch_day_of_week_operator.py took 0.109 seconds
[2026-03-18T07:15:51.961+0000] {processor.py:186} INFO - Started process (PID=31632) to work on /home/komal/data-engineering-projects/airflow-spark-pipeline/airflow_venv/lib/python3.11/site-packages/airflow/example_dags/example_branch_day_of_week_operator.py
[2026-03-18T07:15:51.963+0000] {processor.py:914} INFO - Processing file /home/komal/data-engineering-projects/airflow-spark-pipeline/airflow_venv/lib/python3.11/site-packages/airflow/example_dags/example_branch_day_of_week_operator.py for tasks to queue
[2026-03-18T07:15:51.964+0000] {logging_mixin.py:190} INFO - [2026-03-18T07:15:51.963+0000] {dagbag.py:588} INFO - Filling up the DagBag from /home/komal/data-engineering-projects/airflow-spark-pipeline/airflow_venv/lib/python3.11/site-packages/airflow/example_dags/example_branch_day_of_week_operator.py
[2026-03-18T07:15:51.978+0000] {processor.py:925} INFO - DAG(s) 'example_weekday_branch_operator' retrieved from /home/komal/data-engineering-projects/airflow-spark-pipeline/airflow_venv/lib/python3.11/site-packages/airflow/example_dags/example_branch_day_of_week_operator.py
[2026-03-18T07:15:51.996+0000] {logging_mixin.py:190} INFO - [2026-03-18T07:15:51.995+0000] {dag.py:3239} INFO - Sync 1 DAGs
[2026-03-18T07:15:52.014+0000] {logging_mixin.py:190} INFO - [2026-03-18T07:15:52.013+0000] {dag.py:4180} INFO - Setting next_dagrun for example_weekday_branch_operator to 2026-03-17 00:00:00+00:00, run_after=2026-03-18 00:00:00+00:00
[2026-03-18T07:15:52.045+0000] {processor.py:208} INFO - Processing /home/komal/data-engineering-projects/airflow-spark-pipeline/airflow_venv/lib/python3.11/site-packages/airflow/example_dags/example_branch_day_of_week_operator.py took 0.088 seconds
[2026-03-18T07:16:58.894+0000] {processor.py:186} INFO - Started process (PID=31701) to work on /home/komal/data-engineering-projects/airflow-spark-pipeline/airflow_venv/lib/python3.11/site-packages/airflow/example_dags/example_branch_day_of_week_operator.py
[2026-03-18T07:16:58.908+0000] {processor.py:914} INFO - Processing file /home/komal/data-engineering-projects/airflow-spark-pipeline/airflow_venv/lib/python3.11/site-packages/airflow/example_dags/example_branch_day_of_week_operator.py for tasks to queue
[2026-03-18T07:16:58.912+0000] {logging_mixin.py:190} INFO - [2026-03-18T07:16:58.911+0000] {dagbag.py:588} INFO - Filling up the DagBag from /home/komal/data-engineering-projects/airflow-spark-pipeline/airflow_venv/lib/python3.11/site-packages/airflow/example_dags/example_branch_day_of_week_operator.py
[2026-03-18T07:16:58.933+0000] {processor.py:925} INFO - DAG(s) 'example_weekday_branch_operator' retrieved from /home/komal/data-engineering-projects/airflow-spark-pipeline/airflow_venv/lib/python3.11/site-packages/airflow/example_dags/example_branch_day_of_week_operator.py
[2026-03-18T07:16:58.949+0000] {logging_mixin.py:190} INFO - [2026-03-18T07:16:58.949+0000] {dag.py:3239} INFO - Sync 1 DAGs
[2026-03-18T07:16:58.966+0000] {logging_mixin.py:190} INFO - [2026-03-18T07:16:58.965+0000] {dag.py:4180} INFO - Setting next_dagrun for example_weekday_branch_operator to 2026-03-17 00:00:00+00:00, run_after=2026-03-18 00:00:00+00:00
[2026-03-18T07:16:58.994+0000] {processor.py:208} INFO - Processing /home/komal/data-engineering-projects/airflow-spark-pipeline/airflow_venv/lib/python3.11/site-packages/airflow/example_dags/example_branch_day_of_week_operator.py took 0.113 seconds
[2026-03-18T07:18:02.672+0000] {processor.py:186} INFO - Started process (PID=31959) to work on /home/komal/data-engineering-projects/airflow-spark-pipeline/airflow_venv/lib/python3.11/site-packages/airflow/example_dags/example_branch_day_of_week_operator.py
[2026-03-18T07:18:02.674+0000] {processor.py:914} INFO - Processing file /home/komal/data-engineering-projects/airflow-spark-pipeline/airflow_venv/lib/python3.11/site-packages/airflow/example_dags/example_branch_day_of_week_operator.py for tasks to queue
[2026-03-18T07:18:02.675+0000] {logging_mixin.py:190} INFO - [2026-03-18T07:18:02.675+0000] {dagbag.py:588} INFO - Filling up the DagBag from /home/komal/data-engineering-projects/airflow-spark-pipeline/airflow_venv/lib/python3.11/site-packages/airflow/example_dags/example_branch_day_of_week_operator.py
[2026-03-18T07:18:02.688+0000] {processor.py:925} INFO - DAG(s) 'example_weekday_branch_operator' retrieved from /home/komal/data-engineering-projects/airflow-spark-pipeline/airflow_venv/lib/python3.11/site-packages/airflow/example_dags/example_branch_day_of_week_operator.py
[2026-03-18T07:18:02.707+0000] {logging_mixin.py:190} INFO - [2026-03-18T07:18:02.707+0000] {dag.py:3239} INFO - Sync 1 DAGs
[2026-03-18T07:18:02.734+0000] {logging_mixin.py:190} INFO - [2026-03-18T07:18:02.733+0000] {dag.py:4180} INFO - Setting next_dagrun for example_weekday_branch_operator to 2026-03-17 00:00:00+00:00, run_after=2026-03-18 00:00:00+00:00
[2026-03-18T07:18:02.767+0000] {processor.py:208} INFO - Processing /home/komal/data-engineering-projects/airflow-spark-pipeline/airflow_venv/lib/python3.11/site-packages/airflow/example_dags/example_branch_day_of_week_operator.py took 0.102 seconds
[2026-03-18T07:19:15.113+0000] {processor.py:186} INFO - Started process (PID=32026) to work on /home/komal/data-engineering-projects/airflow-spark-pipeline/airflow_venv/lib/python3.11/site-packages/airflow/example_dags/example_branch_day_of_week_operator.py
[2026-03-18T07:19:15.144+0000] {processor.py:914} INFO - Processing file /home/komal/data-engineering-projects/airflow-spark-pipeline/airflow_venv/lib/python3.11/site-packages/airflow/example_dags/example_branch_day_of_week_operator.py for tasks to queue
[2026-03-18T07:19:15.147+0000] {logging_mixin.py:190} INFO - [2026-03-18T07:19:15.146+0000] {dagbag.py:588} INFO - Filling up the DagBag from /home/komal/data-engineering-projects/airflow-spark-pipeline/airflow_venv/lib/python3.11/site-packages/airflow/example_dags/example_branch_day_of_week_operator.py
[2026-03-18T07:19:15.162+0000] {processor.py:925} INFO - DAG(s) 'example_weekday_branch_operator' retrieved from /home/komal/data-engineering-projects/airflow-spark-pipeline/airflow_venv/lib/python3.11/site-packages/airflow/example_dags/example_branch_day_of_week_operator.py
[2026-03-18T07:19:15.183+0000] {logging_mixin.py:190} INFO - [2026-03-18T07:19:15.182+0000] {dag.py:3239} INFO - Sync 1 DAGs
[2026-03-18T07:19:15.209+0000] {logging_mixin.py:190} INFO - [2026-03-18T07:19:15.209+0000] {dag.py:4180} INFO - Setting next_dagrun for example_weekday_branch_operator to 2026-03-17 00:00:00+00:00, run_after=2026-03-18 00:00:00+00:00
[2026-03-18T07:19:15.253+0000] {processor.py:208} INFO - Processing /home/komal/data-engineering-projects/airflow-spark-pipeline/airflow_venv/lib/python3.11/site-packages/airflow/example_dags/example_branch_day_of_week_operator.py took 0.149 seconds
[2026-03-18T07:20:28.437+0000] {processor.py:186} INFO - Started process (PID=32096) to work on /home/komal/data-engineering-projects/airflow-spark-pipeline/airflow_venv/lib/python3.11/site-packages/airflow/example_dags/example_branch_day_of_week_operator.py
[2026-03-18T07:20:28.471+0000] {processor.py:914} INFO - Processing file /home/komal/data-engineering-projects/airflow-spark-pipeline/airflow_venv/lib/python3.11/site-packages/airflow/example_dags/example_branch_day_of_week_operator.py for tasks to queue
[2026-03-18T07:20:28.475+0000] {logging_mixin.py:190} INFO - [2026-03-18T07:20:28.474+0000] {dagbag.py:588} INFO - Filling up the DagBag from /home/komal/data-engineering-projects/airflow-spark-pipeline/airflow_venv/lib/python3.11/site-packages/airflow/example_dags/example_branch_day_of_week_operator.py
[2026-03-18T07:20:28.492+0000] {processor.py:925} INFO - DAG(s) 'example_weekday_branch_operator' retrieved from /home/komal/data-engineering-projects/airflow-spark-pipeline/airflow_venv/lib/python3.11/site-packages/airflow/example_dags/example_branch_day_of_week_operator.py
[2026-03-18T07:20:28.516+0000] {logging_mixin.py:190} INFO - [2026-03-18T07:20:28.516+0000] {dag.py:3239} INFO - Sync 1 DAGs
[2026-03-18T07:20:28.551+0000] {logging_mixin.py:190} INFO - [2026-03-18T07:20:28.551+0000] {dag.py:4180} INFO - Setting next_dagrun for example_weekday_branch_operator to 2026-03-17 00:00:00+00:00, run_after=2026-03-18 00:00:00+00:00
[2026-03-18T07:20:28.595+0000] {processor.py:208} INFO - Processing /home/komal/data-engineering-projects/airflow-spark-pipeline/airflow_venv/lib/python3.11/site-packages/airflow/example_dags/example_branch_day_of_week_operator.py took 0.168 seconds
[2026-03-18T07:21:46.269+0000] {processor.py:186} INFO - Started process (PID=32167) to work on /home/komal/data-engineering-projects/airflow-spark-pipeline/airflow_venv/lib/python3.11/site-packages/airflow/example_dags/example_branch_day_of_week_operator.py
[2026-03-18T07:21:46.273+0000] {processor.py:914} INFO - Processing file /home/komal/data-engineering-projects/airflow-spark-pipeline/airflow_venv/lib/python3.11/site-packages/airflow/example_dags/example_branch_day_of_week_operator.py for tasks to queue
[2026-03-18T07:21:46.275+0000] {logging_mixin.py:190} INFO - [2026-03-18T07:21:46.275+0000] {dagbag.py:588} INFO - Filling up the DagBag from /home/komal/data-engineering-projects/airflow-spark-pipeline/airflow_venv/lib/python3.11/site-packages/airflow/example_dags/example_branch_day_of_week_operator.py
[2026-03-18T07:21:46.290+0000] {processor.py:925} INFO - DAG(s) 'example_weekday_branch_operator' retrieved from /home/komal/data-engineering-projects/airflow-spark-pipeline/airflow_venv/lib/python3.11/site-packages/airflow/example_dags/example_branch_day_of_week_operator.py
[2026-03-18T07:21:46.316+0000] {logging_mixin.py:190} INFO - [2026-03-18T07:21:46.316+0000] {dag.py:3239} INFO - Sync 1 DAGs
[2026-03-18T07:21:46.345+0000] {logging_mixin.py:190} INFO - [2026-03-18T07:21:46.345+0000] {dag.py:4180} INFO - Setting next_dagrun for example_weekday_branch_operator to 2026-03-17 00:00:00+00:00, run_after=2026-03-18 00:00:00+00:00
[2026-03-18T07:21:46.378+0000] {processor.py:208} INFO - Processing /home/komal/data-engineering-projects/airflow-spark-pipeline/airflow_venv/lib/python3.11/site-packages/airflow/example_dags/example_branch_day_of_week_operator.py took 0.122 seconds
[2026-03-18T07:23:03.505+0000] {processor.py:186} INFO - Started process (PID=32469) to work on /home/komal/data-engineering-projects/airflow-spark-pipeline/airflow_venv/lib/python3.11/site-packages/airflow/example_dags/example_branch_day_of_week_operator.py
[2026-03-18T07:23:03.509+0000] {processor.py:914} INFO - Processing file /home/komal/data-engineering-projects/airflow-spark-pipeline/airflow_venv/lib/python3.11/site-packages/airflow/example_dags/example_branch_day_of_week_operator.py for tasks to queue
[2026-03-18T07:23:03.511+0000] {logging_mixin.py:190} INFO - [2026-03-18T07:23:03.510+0000] {dagbag.py:588} INFO - Filling up the DagBag from /home/komal/data-engineering-projects/airflow-spark-pipeline/airflow_venv/lib/python3.11/site-packages/airflow/example_dags/example_branch_day_of_week_operator.py
[2026-03-18T07:23:03.525+0000] {processor.py:925} INFO - DAG(s) 'example_weekday_branch_operator' retrieved from /home/komal/data-engineering-projects/airflow-spark-pipeline/airflow_venv/lib/python3.11/site-packages/airflow/example_dags/example_branch_day_of_week_operator.py
[2026-03-18T07:23:03.545+0000] {logging_mixin.py:190} INFO - [2026-03-18T07:23:03.545+0000] {dag.py:3239} INFO - Sync 1 DAGs
[2026-03-18T07:23:03.577+0000] {logging_mixin.py:190} INFO - [2026-03-18T07:23:03.576+0000] {dag.py:4180} INFO - Setting next_dagrun for example_weekday_branch_operator to 2026-03-17 00:00:00+00:00, run_after=2026-03-18 00:00:00+00:00
[2026-03-18T07:23:03.608+0000] {processor.py:208} INFO - Processing /home/komal/data-engineering-projects/airflow-spark-pipeline/airflow_venv/lib/python3.11/site-packages/airflow/example_dags/example_branch_day_of_week_operator.py took 0.113 seconds
[2026-03-18T07:24:13.122+0000] {processor.py:186} INFO - Started process (PID=32540) to work on /home/komal/data-engineering-projects/airflow-spark-pipeline/airflow_venv/lib/python3.11/site-packages/airflow/example_dags/example_branch_day_of_week_operator.py
[2026-03-18T07:24:13.125+0000] {processor.py:914} INFO - Processing file /home/komal/data-engineering-projects/airflow-spark-pipeline/airflow_venv/lib/python3.11/site-packages/airflow/example_dags/example_branch_day_of_week_operator.py for tasks to queue
[2026-03-18T07:24:13.127+0000] {logging_mixin.py:190} INFO - [2026-03-18T07:24:13.126+0000] {dagbag.py:588} INFO - Filling up the DagBag from /home/komal/data-engineering-projects/airflow-spark-pipeline/airflow_venv/lib/python3.11/site-packages/airflow/example_dags/example_branch_day_of_week_operator.py
[2026-03-18T07:24:13.141+0000] {processor.py:925} INFO - DAG(s) 'example_weekday_branch_operator' retrieved from /home/komal/data-engineering-projects/airflow-spark-pipeline/airflow_venv/lib/python3.11/site-packages/airflow/example_dags/example_branch_day_of_week_operator.py
[2026-03-18T07:24:13.163+0000] {logging_mixin.py:190} INFO - [2026-03-18T07:24:13.162+0000] {dag.py:3239} INFO - Sync 1 DAGs
[2026-03-18T07:24:13.193+0000] {logging_mixin.py:190} INFO - [2026-03-18T07:24:13.192+0000] {dag.py:4180} INFO - Setting next_dagrun for example_weekday_branch_operator to 2026-03-17 00:00:00+00:00, run_after=2026-03-18 00:00:00+00:00
[2026-03-18T07:24:13.224+0000] {processor.py:208} INFO - Processing /home/komal/data-engineering-projects/airflow-spark-pipeline/airflow_venv/lib/python3.11/site-packages/airflow/example_dags/example_branch_day_of_week_operator.py took 0.113 seconds
[2026-03-18T07:25:24.737+0000] {processor.py:186} INFO - Started process (PID=32609) to work on /home/komal/data-engineering-projects/airflow-spark-pipeline/airflow_venv/lib/python3.11/site-packages/airflow/example_dags/example_branch_day_of_week_operator.py
[2026-03-18T07:25:24.770+0000] {processor.py:914} INFO - Processing file /home/komal/data-engineering-projects/airflow-spark-pipeline/airflow_venv/lib/python3.11/site-packages/airflow/example_dags/example_branch_day_of_week_operator.py for tasks to queue
[2026-03-18T07:25:24.773+0000] {logging_mixin.py:190} INFO - [2026-03-18T07:25:24.772+0000] {dagbag.py:588} INFO - Filling up the DagBag from /home/komal/data-engineering-projects/airflow-spark-pipeline/airflow_venv/lib/python3.11/site-packages/airflow/example_dags/example_branch_day_of_week_operator.py
[2026-03-18T07:25:24.793+0000] {processor.py:925} INFO - DAG(s) 'example_weekday_branch_operator' retrieved from /home/komal/data-engineering-projects/airflow-spark-pipeline/airflow_venv/lib/python3.11/site-packages/airflow/example_dags/example_branch_day_of_week_operator.py
[2026-03-18T07:25:24.819+0000] {logging_mixin.py:190} INFO - [2026-03-18T07:25:24.819+0000] {dag.py:3239} INFO - Sync 1 DAGs
[2026-03-18T07:25:24.853+0000] {logging_mixin.py:190} INFO - [2026-03-18T07:25:24.853+0000] {dag.py:4180} INFO - Setting next_dagrun for example_weekday_branch_operator to 2026-03-17 00:00:00+00:00, run_after=2026-03-18 00:00:00+00:00
[2026-03-18T07:25:24.926+0000] {processor.py:208} INFO - Processing /home/komal/data-engineering-projects/airflow-spark-pipeline/airflow_venv/lib/python3.11/site-packages/airflow/example_dags/example_branch_day_of_week_operator.py took 0.200 seconds
[2026-03-18T07:26:28.231+0000] {processor.py:186} INFO - Started process (PID=32667) to work on /home/komal/data-engineering-projects/airflow-spark-pipeline/airflow_venv/lib/python3.11/site-packages/airflow/example_dags/example_branch_day_of_week_operator.py
[2026-03-18T07:26:28.235+0000] {processor.py:914} INFO - Processing file /home/komal/data-engineering-projects/airflow-spark-pipeline/airflow_venv/lib/python3.11/site-packages/airflow/example_dags/example_branch_day_of_week_operator.py for tasks to queue
[2026-03-18T07:26:28.239+0000] {logging_mixin.py:190} INFO - [2026-03-18T07:26:28.239+0000] {dagbag.py:588} INFO - Filling up the DagBag from /home/komal/data-engineering-projects/airflow-spark-pipeline/airflow_venv/lib/python3.11/site-packages/airflow/example_dags/example_branch_day_of_week_operator.py
[2026-03-18T07:26:28.255+0000] {processor.py:925} INFO - DAG(s) 'example_weekday_branch_operator' retrieved from /home/komal/data-engineering-projects/airflow-spark-pipeline/airflow_venv/lib/python3.11/site-packages/airflow/example_dags/example_branch_day_of_week_operator.py
[2026-03-18T07:26:28.281+0000] {logging_mixin.py:190} INFO - [2026-03-18T07:26:28.281+0000] {dag.py:3239} INFO - Sync 1 DAGs
[2026-03-18T07:26:28.313+0000] {logging_mixin.py:190} INFO - [2026-03-18T07:26:28.313+0000] {dag.py:4180} INFO - Setting next_dagrun for example_weekday_branch_operator to 2026-03-17 00:00:00+00:00, run_after=2026-03-18 00:00:00+00:00
[2026-03-18T07:26:28.349+0000] {processor.py:208} INFO - Processing /home/komal/data-engineering-projects/airflow-spark-pipeline/airflow_venv/lib/python3.11/site-packages/airflow/example_dags/example_branch_day_of_week_operator.py took 0.130 seconds
[2026-03-18T07:27:35.559+0000] {processor.py:186} INFO - Started process (PID=32731) to work on /home/komal/data-engineering-projects/airflow-spark-pipeline/airflow_venv/lib/python3.11/site-packages/airflow/example_dags/example_branch_day_of_week_operator.py
[2026-03-18T07:27:35.562+0000] {processor.py:914} INFO - Processing file /home/komal/data-engineering-projects/airflow-spark-pipeline/airflow_venv/lib/python3.11/site-packages/airflow/example_dags/example_branch_day_of_week_operator.py for tasks to queue
[2026-03-18T07:27:35.565+0000] {logging_mixin.py:190} INFO - [2026-03-18T07:27:35.564+0000] {dagbag.py:588} INFO - Filling up the DagBag from /home/komal/data-engineering-projects/airflow-spark-pipeline/airflow_venv/lib/python3.11/site-packages/airflow/example_dags/example_branch_day_of_week_operator.py
[2026-03-18T07:27:35.577+0000] {processor.py:925} INFO - DAG(s) 'example_weekday_branch_operator' retrieved from /home/komal/data-engineering-projects/airflow-spark-pipeline/airflow_venv/lib/python3.11/site-packages/airflow/example_dags/example_branch_day_of_week_operator.py
[2026-03-18T07:27:35.602+0000] {logging_mixin.py:190} INFO - [2026-03-18T07:27:35.601+0000] {dag.py:3239} INFO - Sync 1 DAGs
[2026-03-18T07:27:35.630+0000] {logging_mixin.py:190} INFO - [2026-03-18T07:27:35.629+0000] {dag.py:4180} INFO - Setting next_dagrun for example_weekday_branch_operator to 2026-03-17 00:00:00+00:00, run_after=2026-03-18 00:00:00+00:00
[2026-03-18T07:27:35.676+0000] {processor.py:208} INFO - Processing /home/komal/data-engineering-projects/airflow-spark-pipeline/airflow_venv/lib/python3.11/site-packages/airflow/example_dags/example_branch_day_of_week_operator.py took 0.126 seconds
[2026-03-18T07:28:45.040+0000] {processor.py:186} INFO - Started process (PID=32796) to work on /home/komal/data-engineering-projects/airflow-spark-pipeline/airflow_venv/lib/python3.11/site-packages/airflow/example_dags/example_branch_day_of_week_operator.py
[2026-03-18T07:28:45.073+0000] {processor.py:914} INFO - Processing file /home/komal/data-engineering-projects/airflow-spark-pipeline/airflow_venv/lib/python3.11/site-packages/airflow/example_dags/example_branch_day_of_week_operator.py for tasks to queue
[2026-03-18T07:28:45.078+0000] {logging_mixin.py:190} INFO - [2026-03-18T07:28:45.077+0000] {dagbag.py:588} INFO - Filling up the DagBag from /home/komal/data-engineering-projects/airflow-spark-pipeline/airflow_venv/lib/python3.11/site-packages/airflow/example_dags/example_branch_day_of_week_operator.py
[2026-03-18T07:28:45.098+0000] {processor.py:925} INFO - DAG(s) 'example_weekday_branch_operator' retrieved from /home/komal/data-engineering-projects/airflow-spark-pipeline/airflow_venv/lib/python3.11/site-packages/airflow/example_dags/example_branch_day_of_week_operator.py
[2026-03-18T07:28:45.127+0000] {logging_mixin.py:190} INFO - [2026-03-18T07:28:45.127+0000] {dag.py:3239} INFO - Sync 1 DAGs
[2026-03-18T07:28:45.154+0000] {logging_mixin.py:190} INFO - [2026-03-18T07:28:45.154+0000] {dag.py:4180} INFO - Setting next_dagrun for example_weekday_branch_operator to 2026-03-17 00:00:00+00:00, run_after=2026-03-18 00:00:00+00:00
[2026-03-18T07:28:45.195+0000] {processor.py:208} INFO - Processing /home/komal/data-engineering-projects/airflow-spark-pipeline/airflow_venv/lib/python3.11/site-packages/airflow/example_dags/example_branch_day_of_week_operator.py took 0.165 seconds
[2026-03-18T07:29:53.790+0000] {processor.py:186} INFO - Started process (PID=32868) to work on /home/komal/data-engineering-projects/airflow-spark-pipeline/airflow_venv/lib/python3.11/site-packages/airflow/example_dags/example_branch_day_of_week_operator.py
[2026-03-18T07:29:53.822+0000] {processor.py:914} INFO - Processing file /home/komal/data-engineering-projects/airflow-spark-pipeline/airflow_venv/lib/python3.11/site-packages/airflow/example_dags/example_branch_day_of_week_operator.py for tasks to queue
[2026-03-18T07:29:53.826+0000] {logging_mixin.py:190} INFO - [2026-03-18T07:29:53.825+0000] {dagbag.py:588} INFO - Filling up the DagBag from /home/komal/data-engineering-projects/airflow-spark-pipeline/airflow_venv/lib/python3.11/site-packages/airflow/example_dags/example_branch_day_of_week_operator.py
[2026-03-18T07:29:53.843+0000] {processor.py:925} INFO - DAG(s) 'example_weekday_branch_operator' retrieved from /home/komal/data-engineering-projects/airflow-spark-pipeline/airflow_venv/lib/python3.11/site-packages/airflow/example_dags/example_branch_day_of_week_operator.py
[2026-03-18T07:29:53.874+0000] {logging_mixin.py:190} INFO - [2026-03-18T07:29:53.873+0000] {dag.py:3239} INFO - Sync 1 DAGs
[2026-03-18T07:29:53.901+0000] {logging_mixin.py:190} INFO - [2026-03-18T07:29:53.901+0000] {dag.py:4180} INFO - Setting next_dagrun for example_weekday_branch_operator to 2026-03-17 00:00:00+00:00, run_after=2026-03-18 00:00:00+00:00
[2026-03-18T07:29:53.935+0000] {processor.py:208} INFO - Processing /home/komal/data-engineering-projects/airflow-spark-pipeline/airflow_venv/lib/python3.11/site-packages/airflow/example_dags/example_branch_day_of_week_operator.py took 0.153 seconds
[2026-03-18T07:31:10.443+0000] {processor.py:186} INFO - Started process (PID=33015) to work on /home/komal/data-engineering-projects/airflow-spark-pipeline/airflow_venv/lib/python3.11/site-packages/airflow/example_dags/example_branch_day_of_week_operator.py
[2026-03-18T07:31:10.467+0000] {processor.py:914} INFO - Processing file /home/komal/data-engineering-projects/airflow-spark-pipeline/airflow_venv/lib/python3.11/site-packages/airflow/example_dags/example_branch_day_of_week_operator.py for tasks to queue
[2026-03-18T07:31:10.470+0000] {logging_mixin.py:190} INFO - [2026-03-18T07:31:10.470+0000] {dagbag.py:588} INFO - Filling up the DagBag from /home/komal/data-engineering-projects/airflow-spark-pipeline/airflow_venv/lib/python3.11/site-packages/airflow/example_dags/example_branch_day_of_week_operator.py
[2026-03-18T07:31:10.488+0000] {processor.py:925} INFO - DAG(s) 'example_weekday_branch_operator' retrieved from /home/komal/data-engineering-projects/airflow-spark-pipeline/airflow_venv/lib/python3.11/site-packages/airflow/example_dags/example_branch_day_of_week_operator.py
[2026-03-18T07:31:10.516+0000] {logging_mixin.py:190} INFO - [2026-03-18T07:31:10.516+0000] {dag.py:3239} INFO - Sync 1 DAGs
[2026-03-18T07:31:10.550+0000] {logging_mixin.py:190} INFO - [2026-03-18T07:31:10.550+0000] {dag.py:4180} INFO - Setting next_dagrun for example_weekday_branch_operator to 2026-03-17 00:00:00+00:00, run_after=2026-03-18 00:00:00+00:00
[2026-03-18T07:31:10.640+0000] {processor.py:208} INFO - Processing /home/komal/data-engineering-projects/airflow-spark-pipeline/airflow_venv/lib/python3.11/site-packages/airflow/example_dags/example_branch_day_of_week_operator.py took 0.207 seconds
[2026-03-18T07:32:22.322+0000] {processor.py:186} INFO - Started process (PID=33080) to work on /home/komal/data-engineering-projects/airflow-spark-pipeline/airflow_venv/lib/python3.11/site-packages/airflow/example_dags/example_branch_day_of_week_operator.py
[2026-03-18T07:32:22.355+0000] {processor.py:914} INFO - Processing file /home/komal/data-engineering-projects/airflow-spark-pipeline/airflow_venv/lib/python3.11/site-packages/airflow/example_dags/example_branch_day_of_week_operator.py for tasks to queue
[2026-03-18T07:32:22.358+0000] {logging_mixin.py:190} INFO - [2026-03-18T07:32:22.357+0000] {dagbag.py:588} INFO - Filling up the DagBag from /home/komal/data-engineering-projects/airflow-spark-pipeline/airflow_venv/lib/python3.11/site-packages/airflow/example_dags/example_branch_day_of_week_operator.py
[2026-03-18T07:32:22.369+0000] {processor.py:925} INFO - DAG(s) 'example_weekday_branch_operator' retrieved from /home/komal/data-engineering-projects/airflow-spark-pipeline/airflow_venv/lib/python3.11/site-packages/airflow/example_dags/example_branch_day_of_week_operator.py
[2026-03-18T07:32:22.393+0000] {logging_mixin.py:190} INFO - [2026-03-18T07:32:22.393+0000] {dag.py:3239} INFO - Sync 1 DAGs
[2026-03-18T07:32:22.433+0000] {logging_mixin.py:190} INFO - [2026-03-18T07:32:22.433+0000] {dag.py:4180} INFO - Setting next_dagrun for example_weekday_branch_operator to 2026-03-17 00:00:00+00:00, run_after=2026-03-18 00:00:00+00:00
[2026-03-18T07:32:22.471+0000] {processor.py:208} INFO - Processing /home/komal/data-engineering-projects/airflow-spark-pipeline/airflow_venv/lib/python3.11/site-packages/airflow/example_dags/example_branch_day_of_week_operator.py took 0.160 seconds
[2026-03-18T07:33:43.043+0000] {processor.py:186} INFO - Started process (PID=33155) to work on /home/komal/data-engineering-projects/airflow-spark-pipeline/airflow_venv/lib/python3.11/site-packages/airflow/example_dags/example_branch_day_of_week_operator.py
[2026-03-18T07:33:43.046+0000] {processor.py:914} INFO - Processing file /home/komal/data-engineering-projects/airflow-spark-pipeline/airflow_venv/lib/python3.11/site-packages/airflow/example_dags/example_branch_day_of_week_operator.py for tasks to queue
[2026-03-18T07:33:43.051+0000] {logging_mixin.py:190} INFO - [2026-03-18T07:33:43.050+0000] {dagbag.py:588} INFO - Filling up the DagBag from /home/komal/data-engineering-projects/airflow-spark-pipeline/airflow_venv/lib/python3.11/site-packages/airflow/example_dags/example_branch_day_of_week_operator.py
[2026-03-18T07:33:43.063+0000] {processor.py:925} INFO - DAG(s) 'example_weekday_branch_operator' retrieved from /home/komal/data-engineering-projects/airflow-spark-pipeline/airflow_venv/lib/python3.11/site-packages/airflow/example_dags/example_branch_day_of_week_operator.py
[2026-03-18T07:33:43.083+0000] {logging_mixin.py:190} INFO - [2026-03-18T07:33:43.083+0000] {dag.py:3239} INFO - Sync 1 DAGs
[2026-03-18T07:33:43.116+0000] {logging_mixin.py:190} INFO - [2026-03-18T07:33:43.116+0000] {dag.py:4180} INFO - Setting next_dagrun for example_weekday_branch_operator to 2026-03-17 00:00:00+00:00, run_after=2026-03-18 00:00:00+00:00
[2026-03-18T07:33:43.149+0000] {processor.py:208} INFO - Processing /home/komal/data-engineering-projects/airflow-spark-pipeline/airflow_venv/lib/python3.11/site-packages/airflow/example_dags/example_branch_day_of_week_operator.py took 0.114 seconds
[2026-03-18T07:34:32.461+0000] {processor.py:186} INFO - Started process (PID=33205) to work on /home/komal/data-engineering-projects/airflow-spark-pipeline/airflow_venv/lib/python3.11/site-packages/airflow/example_dags/example_branch_day_of_week_operator.py
[2026-03-18T07:34:32.477+0000] {processor.py:914} INFO - Processing file /home/komal/data-engineering-projects/airflow-spark-pipeline/airflow_venv/lib/python3.11/site-packages/airflow/example_dags/example_branch_day_of_week_operator.py for tasks to queue
[2026-03-18T07:34:32.482+0000] {logging_mixin.py:190} INFO - [2026-03-18T07:34:32.481+0000] {dagbag.py:588} INFO - Filling up the DagBag from /home/komal/data-engineering-projects/airflow-spark-pipeline/airflow_venv/lib/python3.11/site-packages/airflow/example_dags/example_branch_day_of_week_operator.py
[2026-03-18T07:34:32.504+0000] {processor.py:925} INFO - DAG(s) 'example_weekday_branch_operator' retrieved from /home/komal/data-engineering-projects/airflow-spark-pipeline/airflow_venv/lib/python3.11/site-packages/airflow/example_dags/example_branch_day_of_week_operator.py
[2026-03-18T07:34:32.571+0000] {logging_mixin.py:190} INFO - [2026-03-18T07:34:32.571+0000] {dag.py:3239} INFO - Sync 1 DAGs
[2026-03-18T07:34:32.623+0000] {logging_mixin.py:190} INFO - [2026-03-18T07:34:32.623+0000] {dag.py:4180} INFO - Setting next_dagrun for example_weekday_branch_operator to 2026-03-17 00:00:00+00:00, run_after=2026-03-18 00:00:00+00:00
[2026-03-18T07:34:32.708+0000] {processor.py:208} INFO - Processing /home/komal/data-engineering-projects/airflow-spark-pipeline/airflow_venv/lib/python3.11/site-packages/airflow/example_dags/example_branch_day_of_week_operator.py took 0.258 seconds
[2026-03-18T07:35:44.075+0000] {processor.py:186} INFO - Started process (PID=33324) to work on /home/komal/data-engineering-projects/airflow-spark-pipeline/airflow_venv/lib/python3.11/site-packages/airflow/example_dags/example_branch_day_of_week_operator.py
[2026-03-18T07:35:44.107+0000] {processor.py:914} INFO - Processing file /home/komal/data-engineering-projects/airflow-spark-pipeline/airflow_venv/lib/python3.11/site-packages/airflow/example_dags/example_branch_day_of_week_operator.py for tasks to queue
[2026-03-18T07:35:44.110+0000] {logging_mixin.py:190} INFO - [2026-03-18T07:35:44.109+0000] {dagbag.py:588} INFO - Filling up the DagBag from /home/komal/data-engineering-projects/airflow-spark-pipeline/airflow_venv/lib/python3.11/site-packages/airflow/example_dags/example_branch_day_of_week_operator.py
[2026-03-18T07:35:44.124+0000] {processor.py:925} INFO - DAG(s) 'example_weekday_branch_operator' retrieved from /home/komal/data-engineering-projects/airflow-spark-pipeline/airflow_venv/lib/python3.11/site-packages/airflow/example_dags/example_branch_day_of_week_operator.py
[2026-03-18T07:35:44.146+0000] {logging_mixin.py:190} INFO - [2026-03-18T07:35:44.145+0000] {dag.py:3239} INFO - Sync 1 DAGs
[2026-03-18T07:35:44.175+0000] {logging_mixin.py:190} INFO - [2026-03-18T07:35:44.175+0000] {dag.py:4180} INFO - Setting next_dagrun for example_weekday_branch_operator to 2026-03-17 00:00:00+00:00, run_after=2026-03-18 00:00:00+00:00
[2026-03-18T07:35:44.216+0000] {processor.py:208} INFO - Processing /home/komal/data-engineering-projects/airflow-spark-pipeline/airflow_venv/lib/python3.11/site-packages/airflow/example_dags/example_branch_day_of_week_operator.py took 0.148 seconds
[2026-03-18T07:36:54.643+0000] {processor.py:186} INFO - Started process (PID=33392) to work on /home/komal/data-engineering-projects/airflow-spark-pipeline/airflow_venv/lib/python3.11/site-packages/airflow/example_dags/example_branch_day_of_week_operator.py
[2026-03-18T07:36:54.675+0000] {processor.py:914} INFO - Processing file /home/komal/data-engineering-projects/airflow-spark-pipeline/airflow_venv/lib/python3.11/site-packages/airflow/example_dags/example_branch_day_of_week_operator.py for tasks to queue
[2026-03-18T07:36:54.679+0000] {logging_mixin.py:190} INFO - [2026-03-18T07:36:54.679+0000] {dagbag.py:588} INFO - Filling up the DagBag from /home/komal/data-engineering-projects/airflow-spark-pipeline/airflow_venv/lib/python3.11/site-packages/airflow/example_dags/example_branch_day_of_week_operator.py
[2026-03-18T07:36:54.694+0000] {processor.py:925} INFO - DAG(s) 'example_weekday_branch_operator' retrieved from /home/komal/data-engineering-projects/airflow-spark-pipeline/airflow_venv/lib/python3.11/site-packages/airflow/example_dags/example_branch_day_of_week_operator.py
[2026-03-18T07:36:54.722+0000] {logging_mixin.py:190} INFO - [2026-03-18T07:36:54.721+0000] {dag.py:3239} INFO - Sync 1 DAGs
[2026-03-18T07:36:54.755+0000] {logging_mixin.py:190} INFO - [2026-03-18T07:36:54.754+0000] {dag.py:4180} INFO - Setting next_dagrun for example_weekday_branch_operator to 2026-03-17 00:00:00+00:00, run_after=2026-03-18 00:00:00+00:00
[2026-03-18T07:36:54.793+0000] {processor.py:208} INFO - Processing /home/komal/data-engineering-projects/airflow-spark-pipeline/airflow_venv/lib/python3.11/site-packages/airflow/example_dags/example_branch_day_of_week_operator.py took 0.156 seconds
[2026-03-18T07:38:22.862+0000] {processor.py:186} INFO - Started process (PID=33541) to work on /home/komal/data-engineering-projects/airflow-spark-pipeline/airflow_venv/lib/python3.11/site-packages/airflow/example_dags/example_branch_day_of_week_operator.py
[2026-03-18T07:38:22.896+0000] {processor.py:914} INFO - Processing file /home/komal/data-engineering-projects/airflow-spark-pipeline/airflow_venv/lib/python3.11/site-packages/airflow/example_dags/example_branch_day_of_week_operator.py for tasks to queue
[2026-03-18T07:38:22.900+0000] {logging_mixin.py:190} INFO - [2026-03-18T07:38:22.899+0000] {dagbag.py:588} INFO - Filling up the DagBag from /home/komal/data-engineering-projects/airflow-spark-pipeline/airflow_venv/lib/python3.11/site-packages/airflow/example_dags/example_branch_day_of_week_operator.py
[2026-03-18T07:38:22.918+0000] {processor.py:925} INFO - DAG(s) 'example_weekday_branch_operator' retrieved from /home/komal/data-engineering-projects/airflow-spark-pipeline/airflow_venv/lib/python3.11/site-packages/airflow/example_dags/example_branch_day_of_week_operator.py
[2026-03-18T07:38:22.948+0000] {logging_mixin.py:190} INFO - [2026-03-18T07:38:22.947+0000] {dag.py:3239} INFO - Sync 1 DAGs
[2026-03-18T07:38:22.984+0000] {logging_mixin.py:190} INFO - [2026-03-18T07:38:22.983+0000] {dag.py:4180} INFO - Setting next_dagrun for example_weekday_branch_operator to 2026-03-17 00:00:00+00:00, run_after=2026-03-18 00:00:00+00:00
[2026-03-18T07:38:23.030+0000] {processor.py:208} INFO - Processing /home/komal/data-engineering-projects/airflow-spark-pipeline/airflow_venv/lib/python3.11/site-packages/airflow/example_dags/example_branch_day_of_week_operator.py took 0.179 seconds
[2026-03-18T07:39:27.368+0000] {processor.py:186} INFO - Started process (PID=33607) to work on /home/komal/data-engineering-projects/airflow-spark-pipeline/airflow_venv/lib/python3.11/site-packages/airflow/example_dags/example_branch_day_of_week_operator.py
[2026-03-18T07:39:27.371+0000] {processor.py:914} INFO - Processing file /home/komal/data-engineering-projects/airflow-spark-pipeline/airflow_venv/lib/python3.11/site-packages/airflow/example_dags/example_branch_day_of_week_operator.py for tasks to queue
[2026-03-18T07:39:27.374+0000] {logging_mixin.py:190} INFO - [2026-03-18T07:39:27.374+0000] {dagbag.py:588} INFO - Filling up the DagBag from /home/komal/data-engineering-projects/airflow-spark-pipeline/airflow_venv/lib/python3.11/site-packages/airflow/example_dags/example_branch_day_of_week_operator.py
[2026-03-18T07:39:27.386+0000] {processor.py:925} INFO - DAG(s) 'example_weekday_branch_operator' retrieved from /home/komal/data-engineering-projects/airflow-spark-pipeline/airflow_venv/lib/python3.11/site-packages/airflow/example_dags/example_branch_day_of_week_operator.py
[2026-03-18T07:39:27.405+0000] {logging_mixin.py:190} INFO - [2026-03-18T07:39:27.405+0000] {dag.py:3239} INFO - Sync 1 DAGs
[2026-03-18T07:39:27.439+0000] {logging_mixin.py:190} INFO - [2026-03-18T07:39:27.439+0000] {dag.py:4180} INFO - Setting next_dagrun for example_weekday_branch_operator to 2026-03-17 00:00:00+00:00, run_after=2026-03-18 00:00:00+00:00
[2026-03-18T07:39:27.484+0000] {processor.py:208} INFO - Processing /home/komal/data-engineering-projects/airflow-spark-pipeline/airflow_venv/lib/python3.11/site-packages/airflow/example_dags/example_branch_day_of_week_operator.py took 0.124 seconds
[2026-03-18T07:40:38.252+0000] {processor.py:186} INFO - Started process (PID=33673) to work on /home/komal/data-engineering-projects/airflow-spark-pipeline/airflow_venv/lib/python3.11/site-packages/airflow/example_dags/example_branch_day_of_week_operator.py
[2026-03-18T07:40:38.287+0000] {processor.py:914} INFO - Processing file /home/komal/data-engineering-projects/airflow-spark-pipeline/airflow_venv/lib/python3.11/site-packages/airflow/example_dags/example_branch_day_of_week_operator.py for tasks to queue
[2026-03-18T07:40:38.291+0000] {logging_mixin.py:190} INFO - [2026-03-18T07:40:38.291+0000] {dagbag.py:588} INFO - Filling up the DagBag from /home/komal/data-engineering-projects/airflow-spark-pipeline/airflow_venv/lib/python3.11/site-packages/airflow/example_dags/example_branch_day_of_week_operator.py
[2026-03-18T07:40:38.311+0000] {processor.py:925} INFO - DAG(s) 'example_weekday_branch_operator' retrieved from /home/komal/data-engineering-projects/airflow-spark-pipeline/airflow_venv/lib/python3.11/site-packages/airflow/example_dags/example_branch_day_of_week_operator.py
[2026-03-18T07:40:38.335+0000] {logging_mixin.py:190} INFO - [2026-03-18T07:40:38.335+0000] {dag.py:3239} INFO - Sync 1 DAGs
[2026-03-18T07:40:38.371+0000] {logging_mixin.py:190} INFO - [2026-03-18T07:40:38.371+0000] {dag.py:4180} INFO - Setting next_dagrun for example_weekday_branch_operator to 2026-03-17 00:00:00+00:00, run_after=2026-03-18 00:00:00+00:00
[2026-03-18T07:40:38.404+0000] {processor.py:208} INFO - Processing /home/komal/data-engineering-projects/airflow-spark-pipeline/airflow_venv/lib/python3.11/site-packages/airflow/example_dags/example_branch_day_of_week_operator.py took 0.162 seconds
[2026-03-18T07:41:54.649+0000] {processor.py:186} INFO - Started process (PID=33741) to work on /home/komal/data-engineering-projects/airflow-spark-pipeline/airflow_venv/lib/python3.11/site-packages/airflow/example_dags/example_branch_day_of_week_operator.py
[2026-03-18T07:41:54.652+0000] {processor.py:914} INFO - Processing file /home/komal/data-engineering-projects/airflow-spark-pipeline/airflow_venv/lib/python3.11/site-packages/airflow/example_dags/example_branch_day_of_week_operator.py for tasks to queue
[2026-03-18T07:41:54.655+0000] {logging_mixin.py:190} INFO - [2026-03-18T07:41:54.655+0000] {dagbag.py:588} INFO - Filling up the DagBag from /home/komal/data-engineering-projects/airflow-spark-pipeline/airflow_venv/lib/python3.11/site-packages/airflow/example_dags/example_branch_day_of_week_operator.py
[2026-03-18T07:41:54.670+0000] {processor.py:925} INFO - DAG(s) 'example_weekday_branch_operator' retrieved from /home/komal/data-engineering-projects/airflow-spark-pipeline/airflow_venv/lib/python3.11/site-packages/airflow/example_dags/example_branch_day_of_week_operator.py
[2026-03-18T07:41:54.692+0000] {logging_mixin.py:190} INFO - [2026-03-18T07:41:54.692+0000] {dag.py:3239} INFO - Sync 1 DAGs
[2026-03-18T07:41:54.727+0000] {logging_mixin.py:190} INFO - [2026-03-18T07:41:54.727+0000] {dag.py:4180} INFO - Setting next_dagrun for example_weekday_branch_operator to 2026-03-17 00:00:00+00:00, run_after=2026-03-18 00:00:00+00:00
[2026-03-18T07:41:54.781+0000] {processor.py:208} INFO - Processing /home/komal/data-engineering-projects/airflow-spark-pipeline/airflow_venv/lib/python3.11/site-packages/airflow/example_dags/example_branch_day_of_week_operator.py took 0.144 seconds
[2026-03-18T07:42:29.953+0000] {processor.py:186} INFO - Started process (PID=33776) to work on /home/komal/data-engineering-projects/airflow-spark-pipeline/airflow_venv/lib/python3.11/site-packages/airflow/example_dags/example_branch_day_of_week_operator.py
[2026-03-18T07:42:29.985+0000] {processor.py:914} INFO - Processing file /home/komal/data-engineering-projects/airflow-spark-pipeline/airflow_venv/lib/python3.11/site-packages/airflow/example_dags/example_branch_day_of_week_operator.py for tasks to queue
[2026-03-18T07:42:29.990+0000] {logging_mixin.py:190} INFO - [2026-03-18T07:42:29.990+0000] {dagbag.py:588} INFO - Filling up the DagBag from /home/komal/data-engineering-projects/airflow-spark-pipeline/airflow_venv/lib/python3.11/site-packages/airflow/example_dags/example_branch_day_of_week_operator.py
[2026-03-18T07:42:30.008+0000] {processor.py:925} INFO - DAG(s) 'example_weekday_branch_operator' retrieved from /home/komal/data-engineering-projects/airflow-spark-pipeline/airflow_venv/lib/python3.11/site-packages/airflow/example_dags/example_branch_day_of_week_operator.py
[2026-03-18T07:42:30.032+0000] {logging_mixin.py:190} INFO - [2026-03-18T07:42:30.032+0000] {dag.py:3239} INFO - Sync 1 DAGs
[2026-03-18T07:42:30.063+0000] {logging_mixin.py:190} INFO - [2026-03-18T07:42:30.062+0000] {dag.py:4180} INFO - Setting next_dagrun for example_weekday_branch_operator to 2026-03-17 00:00:00+00:00, run_after=2026-03-18 00:00:00+00:00
[2026-03-18T07:42:30.093+0000] {processor.py:208} INFO - Processing /home/komal/data-engineering-projects/airflow-spark-pipeline/airflow_venv/lib/python3.11/site-packages/airflow/example_dags/example_branch_day_of_week_operator.py took 0.150 seconds
[2026-03-18T07:43:43.001+0000] {processor.py:186} INFO - Started process (PID=33921) to work on /home/komal/data-engineering-projects/airflow-spark-pipeline/airflow_venv/lib/python3.11/site-packages/airflow/example_dags/example_branch_day_of_week_operator.py
[2026-03-18T07:43:43.033+0000] {processor.py:914} INFO - Processing file /home/komal/data-engineering-projects/airflow-spark-pipeline/airflow_venv/lib/python3.11/site-packages/airflow/example_dags/example_branch_day_of_week_operator.py for tasks to queue
[2026-03-18T07:43:43.037+0000] {logging_mixin.py:190} INFO - [2026-03-18T07:43:43.036+0000] {dagbag.py:588} INFO - Filling up the DagBag from /home/komal/data-engineering-projects/airflow-spark-pipeline/airflow_venv/lib/python3.11/site-packages/airflow/example_dags/example_branch_day_of_week_operator.py
[2026-03-18T07:43:43.049+0000] {processor.py:925} INFO - DAG(s) 'example_weekday_branch_operator' retrieved from /home/komal/data-engineering-projects/airflow-spark-pipeline/airflow_venv/lib/python3.11/site-packages/airflow/example_dags/example_branch_day_of_week_operator.py
[2026-03-18T07:43:43.074+0000] {logging_mixin.py:190} INFO - [2026-03-18T07:43:43.074+0000] {dag.py:3239} INFO - Sync 1 DAGs
[2026-03-18T07:43:43.110+0000] {logging_mixin.py:190} INFO - [2026-03-18T07:43:43.109+0000] {dag.py:4180} INFO - Setting next_dagrun for example_weekday_branch_operator to 2026-03-17 00:00:00+00:00, run_after=2026-03-18 00:00:00+00:00
[2026-03-18T07:43:43.144+0000] {processor.py:208} INFO - Processing /home/komal/data-engineering-projects/airflow-spark-pipeline/airflow_venv/lib/python3.11/site-packages/airflow/example_dags/example_branch_day_of_week_operator.py took 0.155 seconds
[2026-03-18T07:44:48.860+0000] {processor.py:186} INFO - Started process (PID=33992) to work on /home/komal/data-engineering-projects/airflow-spark-pipeline/airflow_venv/lib/python3.11/site-packages/airflow/example_dags/example_branch_day_of_week_operator.py
[2026-03-18T07:44:48.893+0000] {processor.py:914} INFO - Processing file /home/komal/data-engineering-projects/airflow-spark-pipeline/airflow_venv/lib/python3.11/site-packages/airflow/example_dags/example_branch_day_of_week_operator.py for tasks to queue
[2026-03-18T07:44:48.897+0000] {logging_mixin.py:190} INFO - [2026-03-18T07:44:48.897+0000] {dagbag.py:588} INFO - Filling up the DagBag from /home/komal/data-engineering-projects/airflow-spark-pipeline/airflow_venv/lib/python3.11/site-packages/airflow/example_dags/example_branch_day_of_week_operator.py
[2026-03-18T07:44:48.913+0000] {processor.py:925} INFO - DAG(s) 'example_weekday_branch_operator' retrieved from /home/komal/data-engineering-projects/airflow-spark-pipeline/airflow_venv/lib/python3.11/site-packages/airflow/example_dags/example_branch_day_of_week_operator.py
[2026-03-18T07:44:48.935+0000] {logging_mixin.py:190} INFO - [2026-03-18T07:44:48.935+0000] {dag.py:3239} INFO - Sync 1 DAGs
[2026-03-18T07:44:48.959+0000] {logging_mixin.py:190} INFO - [2026-03-18T07:44:48.959+0000] {dag.py:4180} INFO - Setting next_dagrun for example_weekday_branch_operator to 2026-03-17 00:00:00+00:00, run_after=2026-03-18 00:00:00+00:00
[2026-03-18T07:44:48.994+0000] {processor.py:208} INFO - Processing /home/komal/data-engineering-projects/airflow-spark-pipeline/airflow_venv/lib/python3.11/site-packages/airflow/example_dags/example_branch_day_of_week_operator.py took 0.143 seconds
[2026-03-18T07:45:59.317+0000] {processor.py:186} INFO - Started process (PID=34062) to work on /home/komal/data-engineering-projects/airflow-spark-pipeline/airflow_venv/lib/python3.11/site-packages/airflow/example_dags/example_branch_day_of_week_operator.py
[2026-03-18T07:45:59.350+0000] {processor.py:914} INFO - Processing file /home/komal/data-engineering-projects/airflow-spark-pipeline/airflow_venv/lib/python3.11/site-packages/airflow/example_dags/example_branch_day_of_week_operator.py for tasks to queue
[2026-03-18T07:45:59.355+0000] {logging_mixin.py:190} INFO - [2026-03-18T07:45:59.354+0000] {dagbag.py:588} INFO - Filling up the DagBag from /home/komal/data-engineering-projects/airflow-spark-pipeline/airflow_venv/lib/python3.11/site-packages/airflow/example_dags/example_branch_day_of_week_operator.py
[2026-03-18T07:45:59.371+0000] {processor.py:925} INFO - DAG(s) 'example_weekday_branch_operator' retrieved from /home/komal/data-engineering-projects/airflow-spark-pipeline/airflow_venv/lib/python3.11/site-packages/airflow/example_dags/example_branch_day_of_week_operator.py
[2026-03-18T07:45:59.392+0000] {logging_mixin.py:190} INFO - [2026-03-18T07:45:59.392+0000] {dag.py:3239} INFO - Sync 1 DAGs
[2026-03-18T07:45:59.420+0000] {logging_mixin.py:190} INFO - [2026-03-18T07:45:59.420+0000] {dag.py:4180} INFO - Setting next_dagrun for example_weekday_branch_operator to 2026-03-17 00:00:00+00:00, run_after=2026-03-18 00:00:00+00:00
[2026-03-18T07:45:59.451+0000] {processor.py:208} INFO - Processing /home/komal/data-engineering-projects/airflow-spark-pipeline/airflow_venv/lib/python3.11/site-packages/airflow/example_dags/example_branch_day_of_week_operator.py took 0.145 seconds
[2026-03-18T07:47:16.519+0000] {processor.py:186} INFO - Started process (PID=34131) to work on /home/komal/data-engineering-projects/airflow-spark-pipeline/airflow_venv/lib/python3.11/site-packages/airflow/example_dags/example_branch_day_of_week_operator.py
[2026-03-18T07:47:16.552+0000] {processor.py:914} INFO - Processing file /home/komal/data-engineering-projects/airflow-spark-pipeline/airflow_venv/lib/python3.11/site-packages/airflow/example_dags/example_branch_day_of_week_operator.py for tasks to queue
[2026-03-18T07:47:16.556+0000] {logging_mixin.py:190} INFO - [2026-03-18T07:47:16.555+0000] {dagbag.py:588} INFO - Filling up the DagBag from /home/komal/data-engineering-projects/airflow-spark-pipeline/airflow_venv/lib/python3.11/site-packages/airflow/example_dags/example_branch_day_of_week_operator.py
[2026-03-18T07:47:16.572+0000] {processor.py:925} INFO - DAG(s) 'example_weekday_branch_operator' retrieved from /home/komal/data-engineering-projects/airflow-spark-pipeline/airflow_venv/lib/python3.11/site-packages/airflow/example_dags/example_branch_day_of_week_operator.py
[2026-03-18T07:47:16.596+0000] {logging_mixin.py:190} INFO - [2026-03-18T07:47:16.596+0000] {dag.py:3239} INFO - Sync 1 DAGs
[2026-03-18T07:47:16.798+0000] {logging_mixin.py:190} INFO - [2026-03-18T07:47:16.798+0000] {dag.py:4180} INFO - Setting next_dagrun for example_weekday_branch_operator to 2026-03-17 00:00:00+00:00, run_after=2026-03-18 00:00:00+00:00
[2026-03-18T07:47:16.863+0000] {processor.py:208} INFO - Processing /home/komal/data-engineering-projects/airflow-spark-pipeline/airflow_venv/lib/python3.11/site-packages/airflow/example_dags/example_branch_day_of_week_operator.py took 0.361 seconds
[2026-03-18T07:49:24.893+0000] {processor.py:186} INFO - Started process (PID=34172) to work on /home/komal/data-engineering-projects/airflow-spark-pipeline/airflow_venv/lib/python3.11/site-packages/airflow/example_dags/example_branch_day_of_week_operator.py
[2026-03-18T07:49:24.927+0000] {processor.py:914} INFO - Processing file /home/komal/data-engineering-projects/airflow-spark-pipeline/airflow_venv/lib/python3.11/site-packages/airflow/example_dags/example_branch_day_of_week_operator.py for tasks to queue
[2026-03-18T07:49:24.931+0000] {logging_mixin.py:190} INFO - [2026-03-18T07:49:24.930+0000] {dagbag.py:588} INFO - Filling up the DagBag from /home/komal/data-engineering-projects/airflow-spark-pipeline/airflow_venv/lib/python3.11/site-packages/airflow/example_dags/example_branch_day_of_week_operator.py
[2026-03-18T07:49:25.114+0000] {processor.py:925} INFO - DAG(s) 'example_weekday_branch_operator' retrieved from /home/komal/data-engineering-projects/airflow-spark-pipeline/airflow_venv/lib/python3.11/site-packages/airflow/example_dags/example_branch_day_of_week_operator.py
[2026-03-18T07:49:25.134+0000] {logging_mixin.py:190} INFO - [2026-03-18T07:49:25.134+0000] {dag.py:3239} INFO - Sync 1 DAGs
[2026-03-18T07:49:25.153+0000] {logging_mixin.py:190} INFO - [2026-03-18T07:49:25.153+0000] {dag.py:4180} INFO - Setting next_dagrun for example_weekday_branch_operator to 2026-03-17 00:00:00+00:00, run_after=2026-03-18 00:00:00+00:00
[2026-03-18T07:49:25.225+0000] {processor.py:208} INFO - Processing /home/komal/data-engineering-projects/airflow-spark-pipeline/airflow_venv/lib/python3.11/site-packages/airflow/example_dags/example_branch_day_of_week_operator.py took 0.341 seconds
[2026-03-18T07:50:27.808+0000] {processor.py:186} INFO - Started process (PID=34249) to work on /home/komal/data-engineering-projects/airflow-spark-pipeline/airflow_venv/lib/python3.11/site-packages/airflow/example_dags/example_branch_day_of_week_operator.py
[2026-03-18T07:50:27.818+0000] {processor.py:914} INFO - Processing file /home/komal/data-engineering-projects/airflow-spark-pipeline/airflow_venv/lib/python3.11/site-packages/airflow/example_dags/example_branch_day_of_week_operator.py for tasks to queue
[2026-03-18T07:50:27.822+0000] {logging_mixin.py:190} INFO - [2026-03-18T07:50:27.821+0000] {dagbag.py:588} INFO - Filling up the DagBag from /home/komal/data-engineering-projects/airflow-spark-pipeline/airflow_venv/lib/python3.11/site-packages/airflow/example_dags/example_branch_day_of_week_operator.py
[2026-03-18T07:50:27.835+0000] {processor.py:925} INFO - DAG(s) 'example_weekday_branch_operator' retrieved from /home/komal/data-engineering-projects/airflow-spark-pipeline/airflow_venv/lib/python3.11/site-packages/airflow/example_dags/example_branch_day_of_week_operator.py
[2026-03-18T07:50:27.859+0000] {logging_mixin.py:190} INFO - [2026-03-18T07:50:27.858+0000] {dag.py:3239} INFO - Sync 1 DAGs
[2026-03-18T07:50:27.907+0000] {logging_mixin.py:190} INFO - [2026-03-18T07:50:27.906+0000] {dag.py:4180} INFO - Setting next_dagrun for example_weekday_branch_operator to 2026-03-17 00:00:00+00:00, run_after=2026-03-18 00:00:00+00:00
[2026-03-18T07:50:27.939+0000] {processor.py:208} INFO - Processing /home/komal/data-engineering-projects/airflow-spark-pipeline/airflow_venv/lib/python3.11/site-packages/airflow/example_dags/example_branch_day_of_week_operator.py took 0.140 seconds
[2026-03-18T07:51:40.385+0000] {processor.py:186} INFO - Started process (PID=34321) to work on /home/komal/data-engineering-projects/airflow-spark-pipeline/airflow_venv/lib/python3.11/site-packages/airflow/example_dags/example_branch_day_of_week_operator.py
[2026-03-18T07:51:40.418+0000] {processor.py:914} INFO - Processing file /home/komal/data-engineering-projects/airflow-spark-pipeline/airflow_venv/lib/python3.11/site-packages/airflow/example_dags/example_branch_day_of_week_operator.py for tasks to queue
[2026-03-18T07:51:40.422+0000] {logging_mixin.py:190} INFO - [2026-03-18T07:51:40.421+0000] {dagbag.py:588} INFO - Filling up the DagBag from /home/komal/data-engineering-projects/airflow-spark-pipeline/airflow_venv/lib/python3.11/site-packages/airflow/example_dags/example_branch_day_of_week_operator.py
[2026-03-18T07:51:40.435+0000] {processor.py:925} INFO - DAG(s) 'example_weekday_branch_operator' retrieved from /home/komal/data-engineering-projects/airflow-spark-pipeline/airflow_venv/lib/python3.11/site-packages/airflow/example_dags/example_branch_day_of_week_operator.py
[2026-03-18T07:51:40.458+0000] {logging_mixin.py:190} INFO - [2026-03-18T07:51:40.457+0000] {dag.py:3239} INFO - Sync 1 DAGs
[2026-03-18T07:51:40.489+0000] {logging_mixin.py:190} INFO - [2026-03-18T07:51:40.488+0000] {dag.py:4180} INFO - Setting next_dagrun for example_weekday_branch_operator to 2026-03-17 00:00:00+00:00, run_after=2026-03-18 00:00:00+00:00
[2026-03-18T07:51:40.522+0000] {processor.py:208} INFO - Processing /home/komal/data-engineering-projects/airflow-spark-pipeline/airflow_venv/lib/python3.11/site-packages/airflow/example_dags/example_branch_day_of_week_operator.py took 0.144 seconds
[2026-03-18T07:52:53.115+0000] {processor.py:186} INFO - Started process (PID=34390) to work on /home/komal/data-engineering-projects/airflow-spark-pipeline/airflow_venv/lib/python3.11/site-packages/airflow/example_dags/example_branch_day_of_week_operator.py
[2026-03-18T07:52:53.118+0000] {processor.py:914} INFO - Processing file /home/komal/data-engineering-projects/airflow-spark-pipeline/airflow_venv/lib/python3.11/site-packages/airflow/example_dags/example_branch_day_of_week_operator.py for tasks to queue
[2026-03-18T07:52:53.122+0000] {logging_mixin.py:190} INFO - [2026-03-18T07:52:53.121+0000] {dagbag.py:588} INFO - Filling up the DagBag from /home/komal/data-engineering-projects/airflow-spark-pipeline/airflow_venv/lib/python3.11/site-packages/airflow/example_dags/example_branch_day_of_week_operator.py
[2026-03-18T07:52:53.149+0000] {processor.py:925} INFO - DAG(s) 'example_weekday_branch_operator' retrieved from /home/komal/data-engineering-projects/airflow-spark-pipeline/airflow_venv/lib/python3.11/site-packages/airflow/example_dags/example_branch_day_of_week_operator.py
[2026-03-18T07:52:53.189+0000] {logging_mixin.py:190} INFO - [2026-03-18T07:52:53.188+0000] {dag.py:3239} INFO - Sync 1 DAGs
[2026-03-18T07:52:53.222+0000] {logging_mixin.py:190} INFO - [2026-03-18T07:52:53.221+0000] {dag.py:4180} INFO - Setting next_dagrun for example_weekday_branch_operator to 2026-03-17 00:00:00+00:00, run_after=2026-03-18 00:00:00+00:00
[2026-03-18T07:52:53.257+0000] {processor.py:208} INFO - Processing /home/komal/data-engineering-projects/airflow-spark-pipeline/airflow_venv/lib/python3.11/site-packages/airflow/example_dags/example_branch_day_of_week_operator.py took 0.162 seconds
[2026-03-18T07:54:19.134+0000] {processor.py:186} INFO - Started process (PID=34470) to work on /home/komal/data-engineering-projects/airflow-spark-pipeline/airflow_venv/lib/python3.11/site-packages/airflow/example_dags/example_branch_day_of_week_operator.py
[2026-03-18T07:54:19.167+0000] {processor.py:914} INFO - Processing file /home/komal/data-engineering-projects/airflow-spark-pipeline/airflow_venv/lib/python3.11/site-packages/airflow/example_dags/example_branch_day_of_week_operator.py for tasks to queue
[2026-03-18T07:54:19.173+0000] {logging_mixin.py:190} INFO - [2026-03-18T07:54:19.172+0000] {dagbag.py:588} INFO - Filling up the DagBag from /home/komal/data-engineering-projects/airflow-spark-pipeline/airflow_venv/lib/python3.11/site-packages/airflow/example_dags/example_branch_day_of_week_operator.py
[2026-03-18T07:54:19.193+0000] {processor.py:925} INFO - DAG(s) 'example_weekday_branch_operator' retrieved from /home/komal/data-engineering-projects/airflow-spark-pipeline/airflow_venv/lib/python3.11/site-packages/airflow/example_dags/example_branch_day_of_week_operator.py
[2026-03-18T07:54:19.217+0000] {logging_mixin.py:190} INFO - [2026-03-18T07:54:19.216+0000] {dag.py:3239} INFO - Sync 1 DAGs
[2026-03-18T07:54:19.251+0000] {logging_mixin.py:190} INFO - [2026-03-18T07:54:19.251+0000] {dag.py:4180} INFO - Setting next_dagrun for example_weekday_branch_operator to 2026-03-17 00:00:00+00:00, run_after=2026-03-18 00:00:00+00:00
[2026-03-18T07:54:19.287+0000] {processor.py:208} INFO - Processing /home/komal/data-engineering-projects/airflow-spark-pipeline/airflow_venv/lib/python3.11/site-packages/airflow/example_dags/example_branch_day_of_week_operator.py took 0.162 seconds
[2026-03-18T07:55:15.899+0000] {processor.py:186} INFO - Started process (PID=34594) to work on /home/komal/data-engineering-projects/airflow-spark-pipeline/airflow_venv/lib/python3.11/site-packages/airflow/example_dags/example_branch_day_of_week_operator.py
[2026-03-18T07:55:15.902+0000] {processor.py:914} INFO - Processing file /home/komal/data-engineering-projects/airflow-spark-pipeline/airflow_venv/lib/python3.11/site-packages/airflow/example_dags/example_branch_day_of_week_operator.py for tasks to queue
[2026-03-18T07:55:15.905+0000] {logging_mixin.py:190} INFO - [2026-03-18T07:55:15.904+0000] {dagbag.py:588} INFO - Filling up the DagBag from /home/komal/data-engineering-projects/airflow-spark-pipeline/airflow_venv/lib/python3.11/site-packages/airflow/example_dags/example_branch_day_of_week_operator.py
[2026-03-18T07:55:15.918+0000] {processor.py:925} INFO - DAG(s) 'example_weekday_branch_operator' retrieved from /home/komal/data-engineering-projects/airflow-spark-pipeline/airflow_venv/lib/python3.11/site-packages/airflow/example_dags/example_branch_day_of_week_operator.py
[2026-03-18T07:55:15.941+0000] {logging_mixin.py:190} INFO - [2026-03-18T07:55:15.941+0000] {dag.py:3239} INFO - Sync 1 DAGs
[2026-03-18T07:55:15.972+0000] {logging_mixin.py:190} INFO - [2026-03-18T07:55:15.971+0000] {dag.py:4180} INFO - Setting next_dagrun for example_weekday_branch_operator to 2026-03-17 00:00:00+00:00, run_after=2026-03-18 00:00:00+00:00
[2026-03-18T07:55:16.008+0000] {processor.py:208} INFO - Processing /home/komal/data-engineering-projects/airflow-spark-pipeline/airflow_venv/lib/python3.11/site-packages/airflow/example_dags/example_branch_day_of_week_operator.py took 0.118 seconds
[2026-03-18T07:56:22.404+0000] {processor.py:186} INFO - Started process (PID=34885) to work on /home/komal/data-engineering-projects/airflow-spark-pipeline/airflow_venv/lib/python3.11/site-packages/airflow/example_dags/example_branch_day_of_week_operator.py
[2026-03-18T07:56:22.437+0000] {processor.py:914} INFO - Processing file /home/komal/data-engineering-projects/airflow-spark-pipeline/airflow_venv/lib/python3.11/site-packages/airflow/example_dags/example_branch_day_of_week_operator.py for tasks to queue
[2026-03-18T07:56:22.442+0000] {logging_mixin.py:190} INFO - [2026-03-18T07:56:22.441+0000] {dagbag.py:588} INFO - Filling up the DagBag from /home/komal/data-engineering-projects/airflow-spark-pipeline/airflow_venv/lib/python3.11/site-packages/airflow/example_dags/example_branch_day_of_week_operator.py
[2026-03-18T07:56:22.460+0000] {processor.py:925} INFO - DAG(s) 'example_weekday_branch_operator' retrieved from /home/komal/data-engineering-projects/airflow-spark-pipeline/airflow_venv/lib/python3.11/site-packages/airflow/example_dags/example_branch_day_of_week_operator.py
[2026-03-18T07:56:22.482+0000] {logging_mixin.py:190} INFO - [2026-03-18T07:56:22.482+0000] {dag.py:3239} INFO - Sync 1 DAGs
[2026-03-18T07:56:22.509+0000] {logging_mixin.py:190} INFO - [2026-03-18T07:56:22.509+0000] {dag.py:4180} INFO - Setting next_dagrun for example_weekday_branch_operator to 2026-03-17 00:00:00+00:00, run_after=2026-03-18 00:00:00+00:00
[2026-03-18T07:56:22.545+0000] {processor.py:208} INFO - Processing /home/komal/data-engineering-projects/airflow-spark-pipeline/airflow_venv/lib/python3.11/site-packages/airflow/example_dags/example_branch_day_of_week_operator.py took 0.151 seconds
[2026-03-18T08:05:16.188+0000] {processor.py:186} INFO - Started process (PID=34959) to work on /home/komal/data-engineering-projects/airflow-spark-pipeline/airflow_venv/lib/python3.11/site-packages/airflow/example_dags/example_branch_day_of_week_operator.py
[2026-03-18T08:05:16.222+0000] {processor.py:914} INFO - Processing file /home/komal/data-engineering-projects/airflow-spark-pipeline/airflow_venv/lib/python3.11/site-packages/airflow/example_dags/example_branch_day_of_week_operator.py for tasks to queue
[2026-03-18T08:05:16.227+0000] {logging_mixin.py:190} INFO - [2026-03-18T08:05:16.227+0000] {dagbag.py:588} INFO - Filling up the DagBag from /home/komal/data-engineering-projects/airflow-spark-pipeline/airflow_venv/lib/python3.11/site-packages/airflow/example_dags/example_branch_day_of_week_operator.py
[2026-03-18T08:05:16.246+0000] {processor.py:925} INFO - DAG(s) 'example_weekday_branch_operator' retrieved from /home/komal/data-engineering-projects/airflow-spark-pipeline/airflow_venv/lib/python3.11/site-packages/airflow/example_dags/example_branch_day_of_week_operator.py
[2026-03-18T08:05:16.270+0000] {logging_mixin.py:190} INFO - [2026-03-18T08:05:16.269+0000] {dag.py:3239} INFO - Sync 1 DAGs
[2026-03-18T08:05:16.297+0000] {logging_mixin.py:190} INFO - [2026-03-18T08:05:16.297+0000] {dag.py:4180} INFO - Setting next_dagrun for example_weekday_branch_operator to 2026-03-17 00:00:00+00:00, run_after=2026-03-18 00:00:00+00:00
[2026-03-18T08:05:16.332+0000] {processor.py:208} INFO - Processing /home/komal/data-engineering-projects/airflow-spark-pipeline/airflow_venv/lib/python3.11/site-packages/airflow/example_dags/example_branch_day_of_week_operator.py took 0.155 seconds
[2026-03-18T08:06:23.377+0000] {processor.py:186} INFO - Started process (PID=35025) to work on /home/komal/data-engineering-projects/airflow-spark-pipeline/airflow_venv/lib/python3.11/site-packages/airflow/example_dags/example_branch_day_of_week_operator.py
[2026-03-18T08:06:23.412+0000] {processor.py:914} INFO - Processing file /home/komal/data-engineering-projects/airflow-spark-pipeline/airflow_venv/lib/python3.11/site-packages/airflow/example_dags/example_branch_day_of_week_operator.py for tasks to queue
[2026-03-18T08:06:23.416+0000] {logging_mixin.py:190} INFO - [2026-03-18T08:06:23.415+0000] {dagbag.py:588} INFO - Filling up the DagBag from /home/komal/data-engineering-projects/airflow-spark-pipeline/airflow_venv/lib/python3.11/site-packages/airflow/example_dags/example_branch_day_of_week_operator.py
[2026-03-18T08:06:23.432+0000] {processor.py:925} INFO - DAG(s) 'example_weekday_branch_operator' retrieved from /home/komal/data-engineering-projects/airflow-spark-pipeline/airflow_venv/lib/python3.11/site-packages/airflow/example_dags/example_branch_day_of_week_operator.py
[2026-03-18T08:06:23.457+0000] {logging_mixin.py:190} INFO - [2026-03-18T08:06:23.457+0000] {dag.py:3239} INFO - Sync 1 DAGs
[2026-03-18T08:06:23.494+0000] {logging_mixin.py:190} INFO - [2026-03-18T08:06:23.493+0000] {dag.py:4180} INFO - Setting next_dagrun for example_weekday_branch_operator to 2026-03-17 00:00:00+00:00, run_after=2026-03-18 00:00:00+00:00
[2026-03-18T08:06:23.534+0000] {processor.py:208} INFO - Processing /home/komal/data-engineering-projects/airflow-spark-pipeline/airflow_venv/lib/python3.11/site-packages/airflow/example_dags/example_branch_day_of_week_operator.py took 0.168 seconds
[2026-03-18T08:07:41.059+0000] {processor.py:186} INFO - Started process (PID=35095) to work on /home/komal/data-engineering-projects/airflow-spark-pipeline/airflow_venv/lib/python3.11/site-packages/airflow/example_dags/example_branch_day_of_week_operator.py
[2026-03-18T08:07:41.065+0000] {processor.py:914} INFO - Processing file /home/komal/data-engineering-projects/airflow-spark-pipeline/airflow_venv/lib/python3.11/site-packages/airflow/example_dags/example_branch_day_of_week_operator.py for tasks to queue
[2026-03-18T08:07:41.068+0000] {logging_mixin.py:190} INFO - [2026-03-18T08:07:41.067+0000] {dagbag.py:588} INFO - Filling up the DagBag from /home/komal/data-engineering-projects/airflow-spark-pipeline/airflow_venv/lib/python3.11/site-packages/airflow/example_dags/example_branch_day_of_week_operator.py
[2026-03-18T08:07:41.082+0000] {processor.py:925} INFO - DAG(s) 'example_weekday_branch_operator' retrieved from /home/komal/data-engineering-projects/airflow-spark-pipeline/airflow_venv/lib/python3.11/site-packages/airflow/example_dags/example_branch_day_of_week_operator.py
[2026-03-18T08:07:41.267+0000] {logging_mixin.py:190} INFO - [2026-03-18T08:07:41.266+0000] {dag.py:3239} INFO - Sync 1 DAGs
[2026-03-18T08:07:41.297+0000] {logging_mixin.py:190} INFO - [2026-03-18T08:07:41.297+0000] {dag.py:4180} INFO - Setting next_dagrun for example_weekday_branch_operator to 2026-03-17 00:00:00+00:00, run_after=2026-03-18 00:00:00+00:00
[2026-03-18T08:07:41.359+0000] {processor.py:208} INFO - Processing /home/komal/data-engineering-projects/airflow-spark-pipeline/airflow_venv/lib/python3.11/site-packages/airflow/example_dags/example_branch_day_of_week_operator.py took 0.309 seconds
[2026-03-18T08:08:53.793+0000] {processor.py:186} INFO - Started process (PID=35163) to work on /home/komal/data-engineering-projects/airflow-spark-pipeline/airflow_venv/lib/python3.11/site-packages/airflow/example_dags/example_branch_day_of_week_operator.py
[2026-03-18T08:08:53.826+0000] {processor.py:914} INFO - Processing file /home/komal/data-engineering-projects/airflow-spark-pipeline/airflow_venv/lib/python3.11/site-packages/airflow/example_dags/example_branch_day_of_week_operator.py for tasks to queue
[2026-03-18T08:08:53.831+0000] {logging_mixin.py:190} INFO - [2026-03-18T08:08:53.830+0000] {dagbag.py:588} INFO - Filling up the DagBag from /home/komal/data-engineering-projects/airflow-spark-pipeline/airflow_venv/lib/python3.11/site-packages/airflow/example_dags/example_branch_day_of_week_operator.py
[2026-03-18T08:08:53.846+0000] {processor.py:925} INFO - DAG(s) 'example_weekday_branch_operator' retrieved from /home/komal/data-engineering-projects/airflow-spark-pipeline/airflow_venv/lib/python3.11/site-packages/airflow/example_dags/example_branch_day_of_week_operator.py
[2026-03-18T08:08:53.878+0000] {logging_mixin.py:190} INFO - [2026-03-18T08:08:53.878+0000] {dag.py:3239} INFO - Sync 1 DAGs
[2026-03-18T08:08:53.909+0000] {logging_mixin.py:190} INFO - [2026-03-18T08:08:53.909+0000] {dag.py:4180} INFO - Setting next_dagrun for example_weekday_branch_operator to 2026-03-17 00:00:00+00:00, run_after=2026-03-18 00:00:00+00:00
[2026-03-18T08:08:53.950+0000] {processor.py:208} INFO - Processing /home/komal/data-engineering-projects/airflow-spark-pipeline/airflow_venv/lib/python3.11/site-packages/airflow/example_dags/example_branch_day_of_week_operator.py took 0.168 seconds
[2026-03-18T08:10:07.922+0000] {processor.py:186} INFO - Started process (PID=35231) to work on /home/komal/data-engineering-projects/airflow-spark-pipeline/airflow_venv/lib/python3.11/site-packages/airflow/example_dags/example_branch_day_of_week_operator.py
[2026-03-18T08:10:07.954+0000] {processor.py:914} INFO - Processing file /home/komal/data-engineering-projects/airflow-spark-pipeline/airflow_venv/lib/python3.11/site-packages/airflow/example_dags/example_branch_day_of_week_operator.py for tasks to queue
[2026-03-18T08:10:07.958+0000] {logging_mixin.py:190} INFO - [2026-03-18T08:10:07.957+0000] {dagbag.py:588} INFO - Filling up the DagBag from /home/komal/data-engineering-projects/airflow-spark-pipeline/airflow_venv/lib/python3.11/site-packages/airflow/example_dags/example_branch_day_of_week_operator.py
[2026-03-18T08:10:07.971+0000] {processor.py:925} INFO - DAG(s) 'example_weekday_branch_operator' retrieved from /home/komal/data-engineering-projects/airflow-spark-pipeline/airflow_venv/lib/python3.11/site-packages/airflow/example_dags/example_branch_day_of_week_operator.py
[2026-03-18T08:10:07.993+0000] {logging_mixin.py:190} INFO - [2026-03-18T08:10:07.993+0000] {dag.py:3239} INFO - Sync 1 DAGs
[2026-03-18T08:10:08.023+0000] {logging_mixin.py:190} INFO - [2026-03-18T08:10:08.022+0000] {dag.py:4180} INFO - Setting next_dagrun for example_weekday_branch_operator to 2026-03-17 00:00:00+00:00, run_after=2026-03-18 00:00:00+00:00
[2026-03-18T08:10:08.059+0000] {processor.py:208} INFO - Processing /home/komal/data-engineering-projects/airflow-spark-pipeline/airflow_venv/lib/python3.11/site-packages/airflow/example_dags/example_branch_day_of_week_operator.py took 0.147 seconds
[2026-03-18T08:11:21.164+0000] {processor.py:186} INFO - Started process (PID=35302) to work on /home/komal/data-engineering-projects/airflow-spark-pipeline/airflow_venv/lib/python3.11/site-packages/airflow/example_dags/example_branch_day_of_week_operator.py
[2026-03-18T08:11:21.197+0000] {processor.py:914} INFO - Processing file /home/komal/data-engineering-projects/airflow-spark-pipeline/airflow_venv/lib/python3.11/site-packages/airflow/example_dags/example_branch_day_of_week_operator.py for tasks to queue
[2026-03-18T08:11:21.201+0000] {logging_mixin.py:190} INFO - [2026-03-18T08:11:21.200+0000] {dagbag.py:588} INFO - Filling up the DagBag from /home/komal/data-engineering-projects/airflow-spark-pipeline/airflow_venv/lib/python3.11/site-packages/airflow/example_dags/example_branch_day_of_week_operator.py
[2026-03-18T08:11:21.219+0000] {processor.py:925} INFO - DAG(s) 'example_weekday_branch_operator' retrieved from /home/komal/data-engineering-projects/airflow-spark-pipeline/airflow_venv/lib/python3.11/site-packages/airflow/example_dags/example_branch_day_of_week_operator.py
[2026-03-18T08:11:21.249+0000] {logging_mixin.py:190} INFO - [2026-03-18T08:11:21.249+0000] {dag.py:3239} INFO - Sync 1 DAGs
[2026-03-18T08:11:21.284+0000] {logging_mixin.py:190} INFO - [2026-03-18T08:11:21.283+0000] {dag.py:4180} INFO - Setting next_dagrun for example_weekday_branch_operator to 2026-03-17 00:00:00+00:00, run_after=2026-03-18 00:00:00+00:00
[2026-03-18T08:11:21.319+0000] {processor.py:208} INFO - Processing /home/komal/data-engineering-projects/airflow-spark-pipeline/airflow_venv/lib/python3.11/site-packages/airflow/example_dags/example_branch_day_of_week_operator.py took 0.164 seconds
[2026-03-18T08:12:32.535+0000] {processor.py:186} INFO - Started process (PID=35433) to work on /home/komal/data-engineering-projects/airflow-spark-pipeline/airflow_venv/lib/python3.11/site-packages/airflow/example_dags/example_branch_day_of_week_operator.py
[2026-03-18T08:12:32.568+0000] {processor.py:914} INFO - Processing file /home/komal/data-engineering-projects/airflow-spark-pipeline/airflow_venv/lib/python3.11/site-packages/airflow/example_dags/example_branch_day_of_week_operator.py for tasks to queue
[2026-03-18T08:12:32.573+0000] {logging_mixin.py:190} INFO - [2026-03-18T08:12:32.573+0000] {dagbag.py:588} INFO - Filling up the DagBag from /home/komal/data-engineering-projects/airflow-spark-pipeline/airflow_venv/lib/python3.11/site-packages/airflow/example_dags/example_branch_day_of_week_operator.py
[2026-03-18T08:12:32.589+0000] {processor.py:925} INFO - DAG(s) 'example_weekday_branch_operator' retrieved from /home/komal/data-engineering-projects/airflow-spark-pipeline/airflow_venv/lib/python3.11/site-packages/airflow/example_dags/example_branch_day_of_week_operator.py
[2026-03-18T08:12:32.613+0000] {logging_mixin.py:190} INFO - [2026-03-18T08:12:32.613+0000] {dag.py:3239} INFO - Sync 1 DAGs
[2026-03-18T08:12:32.647+0000] {logging_mixin.py:190} INFO - [2026-03-18T08:12:32.646+0000] {dag.py:4180} INFO - Setting next_dagrun for example_weekday_branch_operator to 2026-03-17 00:00:00+00:00, run_after=2026-03-18 00:00:00+00:00
[2026-03-18T08:12:32.759+0000] {processor.py:208} INFO - Processing /home/komal/data-engineering-projects/airflow-spark-pipeline/airflow_venv/lib/python3.11/site-packages/airflow/example_dags/example_branch_day_of_week_operator.py took 0.234 seconds
[2026-03-18T08:14:45.086+0000] {processor.py:186} INFO - Started process (PID=35745) to work on /home/komal/data-engineering-projects/airflow-spark-pipeline/airflow_venv/lib/python3.11/site-packages/airflow/example_dags/example_branch_day_of_week_operator.py
[2026-03-18T08:14:45.119+0000] {processor.py:914} INFO - Processing file /home/komal/data-engineering-projects/airflow-spark-pipeline/airflow_venv/lib/python3.11/site-packages/airflow/example_dags/example_branch_day_of_week_operator.py for tasks to queue
[2026-03-18T08:14:45.123+0000] {logging_mixin.py:190} INFO - [2026-03-18T08:14:45.122+0000] {dagbag.py:588} INFO - Filling up the DagBag from /home/komal/data-engineering-projects/airflow-spark-pipeline/airflow_venv/lib/python3.11/site-packages/airflow/example_dags/example_branch_day_of_week_operator.py
[2026-03-18T08:14:45.141+0000] {processor.py:925} INFO - DAG(s) 'example_weekday_branch_operator' retrieved from /home/komal/data-engineering-projects/airflow-spark-pipeline/airflow_venv/lib/python3.11/site-packages/airflow/example_dags/example_branch_day_of_week_operator.py
[2026-03-18T08:14:45.165+0000] {logging_mixin.py:190} INFO - [2026-03-18T08:14:45.165+0000] {dag.py:3239} INFO - Sync 1 DAGs
[2026-03-18T08:14:45.195+0000] {logging_mixin.py:190} INFO - [2026-03-18T08:14:45.194+0000] {dag.py:4180} INFO - Setting next_dagrun for example_weekday_branch_operator to 2026-03-17 00:00:00+00:00, run_after=2026-03-18 00:00:00+00:00
[2026-03-18T08:14:45.228+0000] {processor.py:208} INFO - Processing /home/komal/data-engineering-projects/airflow-spark-pipeline/airflow_venv/lib/python3.11/site-packages/airflow/example_dags/example_branch_day_of_week_operator.py took 0.152 seconds
[2026-03-18T08:15:49.457+0000] {processor.py:186} INFO - Started process (PID=35805) to work on /home/komal/data-engineering-projects/airflow-spark-pipeline/airflow_venv/lib/python3.11/site-packages/airflow/example_dags/example_branch_day_of_week_operator.py
[2026-03-18T08:15:49.489+0000] {processor.py:914} INFO - Processing file /home/komal/data-engineering-projects/airflow-spark-pipeline/airflow_venv/lib/python3.11/site-packages/airflow/example_dags/example_branch_day_of_week_operator.py for tasks to queue
[2026-03-18T08:15:49.493+0000] {logging_mixin.py:190} INFO - [2026-03-18T08:15:49.492+0000] {dagbag.py:588} INFO - Filling up the DagBag from /home/komal/data-engineering-projects/airflow-spark-pipeline/airflow_venv/lib/python3.11/site-packages/airflow/example_dags/example_branch_day_of_week_operator.py
[2026-03-18T08:15:49.509+0000] {processor.py:925} INFO - DAG(s) 'example_weekday_branch_operator' retrieved from /home/komal/data-engineering-projects/airflow-spark-pipeline/airflow_venv/lib/python3.11/site-packages/airflow/example_dags/example_branch_day_of_week_operator.py
[2026-03-18T08:15:49.528+0000] {logging_mixin.py:190} INFO - [2026-03-18T08:15:49.528+0000] {dag.py:3239} INFO - Sync 1 DAGs
[2026-03-18T08:15:49.555+0000] {logging_mixin.py:190} INFO - [2026-03-18T08:15:49.555+0000] {dag.py:4180} INFO - Setting next_dagrun for example_weekday_branch_operator to 2026-03-17 00:00:00+00:00, run_after=2026-03-18 00:00:00+00:00
[2026-03-18T08:15:49.597+0000] {processor.py:208} INFO - Processing /home/komal/data-engineering-projects/airflow-spark-pipeline/airflow_venv/lib/python3.11/site-packages/airflow/example_dags/example_branch_day_of_week_operator.py took 0.151 seconds
[2026-03-18T08:17:01.755+0000] {processor.py:186} INFO - Started process (PID=35870) to work on /home/komal/data-engineering-projects/airflow-spark-pipeline/airflow_venv/lib/python3.11/site-packages/airflow/example_dags/example_branch_day_of_week_operator.py
[2026-03-18T08:17:01.787+0000] {processor.py:914} INFO - Processing file /home/komal/data-engineering-projects/airflow-spark-pipeline/airflow_venv/lib/python3.11/site-packages/airflow/example_dags/example_branch_day_of_week_operator.py for tasks to queue
[2026-03-18T08:17:01.791+0000] {logging_mixin.py:190} INFO - [2026-03-18T08:17:01.790+0000] {dagbag.py:588} INFO - Filling up the DagBag from /home/komal/data-engineering-projects/airflow-spark-pipeline/airflow_venv/lib/python3.11/site-packages/airflow/example_dags/example_branch_day_of_week_operator.py
[2026-03-18T08:17:01.806+0000] {processor.py:925} INFO - DAG(s) 'example_weekday_branch_operator' retrieved from /home/komal/data-engineering-projects/airflow-spark-pipeline/airflow_venv/lib/python3.11/site-packages/airflow/example_dags/example_branch_day_of_week_operator.py
[2026-03-18T08:17:01.828+0000] {logging_mixin.py:190} INFO - [2026-03-18T08:17:01.828+0000] {dag.py:3239} INFO - Sync 1 DAGs
[2026-03-18T08:17:01.862+0000] {logging_mixin.py:190} INFO - [2026-03-18T08:17:01.862+0000] {dag.py:4180} INFO - Setting next_dagrun for example_weekday_branch_operator to 2026-03-17 00:00:00+00:00, run_after=2026-03-18 00:00:00+00:00
[2026-03-18T08:17:01.898+0000] {processor.py:208} INFO - Processing /home/komal/data-engineering-projects/airflow-spark-pipeline/airflow_venv/lib/python3.11/site-packages/airflow/example_dags/example_branch_day_of_week_operator.py took 0.151 seconds
[2026-03-18T08:18:17.748+0000] {processor.py:186} INFO - Started process (PID=35942) to work on /home/komal/data-engineering-projects/airflow-spark-pipeline/airflow_venv/lib/python3.11/site-packages/airflow/example_dags/example_branch_day_of_week_operator.py
[2026-03-18T08:18:17.782+0000] {processor.py:914} INFO - Processing file /home/komal/data-engineering-projects/airflow-spark-pipeline/airflow_venv/lib/python3.11/site-packages/airflow/example_dags/example_branch_day_of_week_operator.py for tasks to queue
[2026-03-18T08:18:17.786+0000] {logging_mixin.py:190} INFO - [2026-03-18T08:18:17.786+0000] {dagbag.py:588} INFO - Filling up the DagBag from /home/komal/data-engineering-projects/airflow-spark-pipeline/airflow_venv/lib/python3.11/site-packages/airflow/example_dags/example_branch_day_of_week_operator.py
[2026-03-18T08:18:17.803+0000] {processor.py:925} INFO - DAG(s) 'example_weekday_branch_operator' retrieved from /home/komal/data-engineering-projects/airflow-spark-pipeline/airflow_venv/lib/python3.11/site-packages/airflow/example_dags/example_branch_day_of_week_operator.py
[2026-03-18T08:18:17.822+0000] {logging_mixin.py:190} INFO - [2026-03-18T08:18:17.821+0000] {dag.py:3239} INFO - Sync 1 DAGs
[2026-03-18T08:18:17.847+0000] {logging_mixin.py:190} INFO - [2026-03-18T08:18:17.846+0000] {dag.py:4180} INFO - Setting next_dagrun for example_weekday_branch_operator to 2026-03-17 00:00:00+00:00, run_after=2026-03-18 00:00:00+00:00
[2026-03-18T08:18:17.881+0000] {processor.py:208} INFO - Processing /home/komal/data-engineering-projects/airflow-spark-pipeline/airflow_venv/lib/python3.11/site-packages/airflow/example_dags/example_branch_day_of_week_operator.py took 0.143 seconds
[2026-03-18T08:19:26.089+0000] {processor.py:186} INFO - Started process (PID=36017) to work on /home/komal/data-engineering-projects/airflow-spark-pipeline/airflow_venv/lib/python3.11/site-packages/airflow/example_dags/example_branch_day_of_week_operator.py
[2026-03-18T08:19:26.090+0000] {processor.py:914} INFO - Processing file /home/komal/data-engineering-projects/airflow-spark-pipeline/airflow_venv/lib/python3.11/site-packages/airflow/example_dags/example_branch_day_of_week_operator.py for tasks to queue
[2026-03-18T08:19:26.091+0000] {logging_mixin.py:190} INFO - [2026-03-18T08:19:26.091+0000] {dagbag.py:588} INFO - Filling up the DagBag from /home/komal/data-engineering-projects/airflow-spark-pipeline/airflow_venv/lib/python3.11/site-packages/airflow/example_dags/example_branch_day_of_week_operator.py
[2026-03-18T08:19:26.098+0000] {processor.py:925} INFO - DAG(s) 'example_weekday_branch_operator' retrieved from /home/komal/data-engineering-projects/airflow-spark-pipeline/airflow_venv/lib/python3.11/site-packages/airflow/example_dags/example_branch_day_of_week_operator.py
[2026-03-18T08:19:26.109+0000] {logging_mixin.py:190} INFO - [2026-03-18T08:19:26.109+0000] {dag.py:3239} INFO - Sync 1 DAGs
[2026-03-18T08:19:26.217+0000] {logging_mixin.py:190} INFO - [2026-03-18T08:19:26.217+0000] {dag.py:4180} INFO - Setting next_dagrun for example_weekday_branch_operator to 2026-03-17 00:00:00+00:00, run_after=2026-03-18 00:00:00+00:00
[2026-03-18T08:19:26.237+0000] {processor.py:208} INFO - Processing /home/komal/data-engineering-projects/airflow-spark-pipeline/airflow_venv/lib/python3.11/site-packages/airflow/example_dags/example_branch_day_of_week_operator.py took 0.153 seconds
[2026-03-18T10:06:01.169+0000] {processor.py:186} INFO - Started process (PID=36086) to work on /home/komal/data-engineering-projects/airflow-spark-pipeline/airflow_venv/lib/python3.11/site-packages/airflow/example_dags/example_branch_day_of_week_operator.py
[2026-03-18T10:06:01.170+0000] {processor.py:914} INFO - Processing file /home/komal/data-engineering-projects/airflow-spark-pipeline/airflow_venv/lib/python3.11/site-packages/airflow/example_dags/example_branch_day_of_week_operator.py for tasks to queue
[2026-03-18T10:06:01.172+0000] {logging_mixin.py:190} INFO - [2026-03-18T10:06:01.171+0000] {dagbag.py:588} INFO - Filling up the DagBag from /home/komal/data-engineering-projects/airflow-spark-pipeline/airflow_venv/lib/python3.11/site-packages/airflow/example_dags/example_branch_day_of_week_operator.py
[2026-03-18T10:06:01.184+0000] {processor.py:925} INFO - DAG(s) 'example_weekday_branch_operator' retrieved from /home/komal/data-engineering-projects/airflow-spark-pipeline/airflow_venv/lib/python3.11/site-packages/airflow/example_dags/example_branch_day_of_week_operator.py
[2026-03-18T10:06:01.204+0000] {logging_mixin.py:190} INFO - [2026-03-18T10:06:01.204+0000] {dag.py:3239} INFO - Sync 1 DAGs
[2026-03-18T10:06:01.229+0000] {logging_mixin.py:190} INFO - [2026-03-18T10:06:01.229+0000] {dag.py:4180} INFO - Setting next_dagrun for example_weekday_branch_operator to 2026-03-17 00:00:00+00:00, run_after=2026-03-18 00:00:00+00:00
[2026-03-18T10:06:01.254+0000] {processor.py:208} INFO - Processing /home/komal/data-engineering-projects/airflow-spark-pipeline/airflow_venv/lib/python3.11/site-packages/airflow/example_dags/example_branch_day_of_week_operator.py took 0.091 seconds
[2026-03-18T13:41:07.222+0000] {processor.py:186} INFO - Started process (PID=36127) to work on /home/komal/data-engineering-projects/airflow-spark-pipeline/airflow_venv/lib/python3.11/site-packages/airflow/example_dags/example_branch_day_of_week_operator.py
[2026-03-18T13:41:07.254+0000] {processor.py:914} INFO - Processing file /home/komal/data-engineering-projects/airflow-spark-pipeline/airflow_venv/lib/python3.11/site-packages/airflow/example_dags/example_branch_day_of_week_operator.py for tasks to queue
[2026-03-18T13:41:07.258+0000] {logging_mixin.py:190} INFO - [2026-03-18T13:41:07.257+0000] {dagbag.py:588} INFO - Filling up the DagBag from /home/komal/data-engineering-projects/airflow-spark-pipeline/airflow_venv/lib/python3.11/site-packages/airflow/example_dags/example_branch_day_of_week_operator.py
[2026-03-18T13:41:07.271+0000] {processor.py:925} INFO - DAG(s) 'example_weekday_branch_operator' retrieved from /home/komal/data-engineering-projects/airflow-spark-pipeline/airflow_venv/lib/python3.11/site-packages/airflow/example_dags/example_branch_day_of_week_operator.py
[2026-03-18T13:41:07.284+0000] {logging_mixin.py:190} INFO - [2026-03-18T13:41:07.284+0000] {dag.py:3239} INFO - Sync 1 DAGs
[2026-03-18T13:41:07.302+0000] {logging_mixin.py:190} INFO - [2026-03-18T13:41:07.301+0000] {dag.py:4180} INFO - Setting next_dagrun for example_weekday_branch_operator to 2026-03-17 00:00:00+00:00, run_after=2026-03-18 00:00:00+00:00
[2026-03-18T13:41:07.326+0000] {processor.py:208} INFO - Processing /home/komal/data-engineering-projects/airflow-spark-pipeline/airflow_venv/lib/python3.11/site-packages/airflow/example_dags/example_branch_day_of_week_operator.py took 0.115 seconds
[2026-03-18T13:42:04.357+0000] {processor.py:186} INFO - Started process (PID=36186) to work on /home/komal/data-engineering-projects/airflow-spark-pipeline/airflow_venv/lib/python3.11/site-packages/airflow/example_dags/example_branch_day_of_week_operator.py
[2026-03-18T13:42:04.390+0000] {processor.py:914} INFO - Processing file /home/komal/data-engineering-projects/airflow-spark-pipeline/airflow_venv/lib/python3.11/site-packages/airflow/example_dags/example_branch_day_of_week_operator.py for tasks to queue
[2026-03-18T13:42:04.394+0000] {logging_mixin.py:190} INFO - [2026-03-18T13:42:04.393+0000] {dagbag.py:588} INFO - Filling up the DagBag from /home/komal/data-engineering-projects/airflow-spark-pipeline/airflow_venv/lib/python3.11/site-packages/airflow/example_dags/example_branch_day_of_week_operator.py
[2026-03-18T13:42:04.411+0000] {processor.py:925} INFO - DAG(s) 'example_weekday_branch_operator' retrieved from /home/komal/data-engineering-projects/airflow-spark-pipeline/airflow_venv/lib/python3.11/site-packages/airflow/example_dags/example_branch_day_of_week_operator.py
[2026-03-18T13:42:04.433+0000] {logging_mixin.py:190} INFO - [2026-03-18T13:42:04.433+0000] {dag.py:3239} INFO - Sync 1 DAGs
[2026-03-18T13:42:04.458+0000] {logging_mixin.py:190} INFO - [2026-03-18T13:42:04.457+0000] {dag.py:4180} INFO - Setting next_dagrun for example_weekday_branch_operator to 2026-03-17 00:00:00+00:00, run_after=2026-03-18 00:00:00+00:00
[2026-03-18T13:42:04.489+0000] {processor.py:208} INFO - Processing /home/komal/data-engineering-projects/airflow-spark-pipeline/airflow_venv/lib/python3.11/site-packages/airflow/example_dags/example_branch_day_of_week_operator.py took 0.139 seconds
[2026-03-18T13:43:06.981+0000] {processor.py:186} INFO - Started process (PID=36280) to work on /home/komal/data-engineering-projects/airflow-spark-pipeline/airflow_venv/lib/python3.11/site-packages/airflow/example_dags/example_branch_day_of_week_operator.py
[2026-03-18T13:43:06.988+0000] {processor.py:914} INFO - Processing file /home/komal/data-engineering-projects/airflow-spark-pipeline/airflow_venv/lib/python3.11/site-packages/airflow/example_dags/example_branch_day_of_week_operator.py for tasks to queue
[2026-03-18T13:43:06.990+0000] {logging_mixin.py:190} INFO - [2026-03-18T13:43:06.989+0000] {dagbag.py:588} INFO - Filling up the DagBag from /home/komal/data-engineering-projects/airflow-spark-pipeline/airflow_venv/lib/python3.11/site-packages/airflow/example_dags/example_branch_day_of_week_operator.py
[2026-03-18T13:43:06.999+0000] {processor.py:925} INFO - DAG(s) 'example_weekday_branch_operator' retrieved from /home/komal/data-engineering-projects/airflow-spark-pipeline/airflow_venv/lib/python3.11/site-packages/airflow/example_dags/example_branch_day_of_week_operator.py
[2026-03-18T13:43:07.015+0000] {logging_mixin.py:190} INFO - [2026-03-18T13:43:07.015+0000] {dag.py:3239} INFO - Sync 1 DAGs
[2026-03-18T13:43:07.033+0000] {logging_mixin.py:190} INFO - [2026-03-18T13:43:07.033+0000] {dag.py:4180} INFO - Setting next_dagrun for example_weekday_branch_operator to 2026-03-17 00:00:00+00:00, run_after=2026-03-18 00:00:00+00:00
[2026-03-18T13:43:07.054+0000] {processor.py:208} INFO - Processing /home/komal/data-engineering-projects/airflow-spark-pipeline/airflow_venv/lib/python3.11/site-packages/airflow/example_dags/example_branch_day_of_week_operator.py took 0.077 seconds
[2026-03-18T13:44:14.084+0000] {processor.py:186} INFO - Started process (PID=36346) to work on /home/komal/data-engineering-projects/airflow-spark-pipeline/airflow_venv/lib/python3.11/site-packages/airflow/example_dags/example_branch_day_of_week_operator.py
[2026-03-18T13:44:14.086+0000] {processor.py:914} INFO - Processing file /home/komal/data-engineering-projects/airflow-spark-pipeline/airflow_venv/lib/python3.11/site-packages/airflow/example_dags/example_branch_day_of_week_operator.py for tasks to queue
[2026-03-18T13:44:14.097+0000] {logging_mixin.py:190} INFO - [2026-03-18T13:44:14.096+0000] {dagbag.py:588} INFO - Filling up the DagBag from /home/komal/data-engineering-projects/airflow-spark-pipeline/airflow_venv/lib/python3.11/site-packages/airflow/example_dags/example_branch_day_of_week_operator.py
[2026-03-18T13:44:14.111+0000] {processor.py:925} INFO - DAG(s) 'example_weekday_branch_operator' retrieved from /home/komal/data-engineering-projects/airflow-spark-pipeline/airflow_venv/lib/python3.11/site-packages/airflow/example_dags/example_branch_day_of_week_operator.py
[2026-03-18T13:44:14.122+0000] {logging_mixin.py:190} INFO - [2026-03-18T13:44:14.122+0000] {dag.py:3239} INFO - Sync 1 DAGs
[2026-03-18T13:44:14.137+0000] {logging_mixin.py:190} INFO - [2026-03-18T13:44:14.137+0000] {dag.py:4180} INFO - Setting next_dagrun for example_weekday_branch_operator to 2026-03-17 00:00:00+00:00, run_after=2026-03-18 00:00:00+00:00
[2026-03-18T13:44:14.195+0000] {processor.py:208} INFO - Processing /home/komal/data-engineering-projects/airflow-spark-pipeline/airflow_venv/lib/python3.11/site-packages/airflow/example_dags/example_branch_day_of_week_operator.py took 0.115 seconds
[2026-03-18T13:45:22.190+0000] {processor.py:186} INFO - Started process (PID=36412) to work on /home/komal/data-engineering-projects/airflow-spark-pipeline/airflow_venv/lib/python3.11/site-packages/airflow/example_dags/example_branch_day_of_week_operator.py
[2026-03-18T13:45:22.192+0000] {processor.py:914} INFO - Processing file /home/komal/data-engineering-projects/airflow-spark-pipeline/airflow_venv/lib/python3.11/site-packages/airflow/example_dags/example_branch_day_of_week_operator.py for tasks to queue
[2026-03-18T13:45:22.195+0000] {logging_mixin.py:190} INFO - [2026-03-18T13:45:22.195+0000] {dagbag.py:588} INFO - Filling up the DagBag from /home/komal/data-engineering-projects/airflow-spark-pipeline/airflow_venv/lib/python3.11/site-packages/airflow/example_dags/example_branch_day_of_week_operator.py
[2026-03-18T13:45:22.211+0000] {processor.py:925} INFO - DAG(s) 'example_weekday_branch_operator' retrieved from /home/komal/data-engineering-projects/airflow-spark-pipeline/airflow_venv/lib/python3.11/site-packages/airflow/example_dags/example_branch_day_of_week_operator.py
[2026-03-18T13:45:22.222+0000] {logging_mixin.py:190} INFO - [2026-03-18T13:45:22.222+0000] {dag.py:3239} INFO - Sync 1 DAGs
[2026-03-18T13:45:22.237+0000] {logging_mixin.py:190} INFO - [2026-03-18T13:45:22.237+0000] {dag.py:4180} INFO - Setting next_dagrun for example_weekday_branch_operator to 2026-03-17 00:00:00+00:00, run_after=2026-03-18 00:00:00+00:00
[2026-03-18T13:45:22.299+0000] {processor.py:208} INFO - Processing /home/komal/data-engineering-projects/airflow-spark-pipeline/airflow_venv/lib/python3.11/site-packages/airflow/example_dags/example_branch_day_of_week_operator.py took 0.113 seconds
[2026-03-18T13:46:30.467+0000] {processor.py:186} INFO - Started process (PID=36477) to work on /home/komal/data-engineering-projects/airflow-spark-pipeline/airflow_venv/lib/python3.11/site-packages/airflow/example_dags/example_branch_day_of_week_operator.py
[2026-03-18T13:46:30.500+0000] {processor.py:914} INFO - Processing file /home/komal/data-engineering-projects/airflow-spark-pipeline/airflow_venv/lib/python3.11/site-packages/airflow/example_dags/example_branch_day_of_week_operator.py for tasks to queue
[2026-03-18T13:46:30.504+0000] {logging_mixin.py:190} INFO - [2026-03-18T13:46:30.503+0000] {dagbag.py:588} INFO - Filling up the DagBag from /home/komal/data-engineering-projects/airflow-spark-pipeline/airflow_venv/lib/python3.11/site-packages/airflow/example_dags/example_branch_day_of_week_operator.py
[2026-03-18T13:46:30.520+0000] {processor.py:925} INFO - DAG(s) 'example_weekday_branch_operator' retrieved from /home/komal/data-engineering-projects/airflow-spark-pipeline/airflow_venv/lib/python3.11/site-packages/airflow/example_dags/example_branch_day_of_week_operator.py
[2026-03-18T13:46:30.534+0000] {logging_mixin.py:190} INFO - [2026-03-18T13:46:30.534+0000] {dag.py:3239} INFO - Sync 1 DAGs
[2026-03-18T13:46:30.550+0000] {logging_mixin.py:190} INFO - [2026-03-18T13:46:30.549+0000] {dag.py:4180} INFO - Setting next_dagrun for example_weekday_branch_operator to 2026-03-17 00:00:00+00:00, run_after=2026-03-18 00:00:00+00:00
[2026-03-18T13:46:30.574+0000] {processor.py:208} INFO - Processing /home/komal/data-engineering-projects/airflow-spark-pipeline/airflow_venv/lib/python3.11/site-packages/airflow/example_dags/example_branch_day_of_week_operator.py took 0.114 seconds
[2026-03-18T13:47:31.403+0000] {processor.py:186} INFO - Started process (PID=36538) to work on /home/komal/data-engineering-projects/airflow-spark-pipeline/airflow_venv/lib/python3.11/site-packages/airflow/example_dags/example_branch_day_of_week_operator.py
[2026-03-18T13:47:31.436+0000] {processor.py:914} INFO - Processing file /home/komal/data-engineering-projects/airflow-spark-pipeline/airflow_venv/lib/python3.11/site-packages/airflow/example_dags/example_branch_day_of_week_operator.py for tasks to queue
[2026-03-18T13:47:31.440+0000] {logging_mixin.py:190} INFO - [2026-03-18T13:47:31.440+0000] {dagbag.py:588} INFO - Filling up the DagBag from /home/komal/data-engineering-projects/airflow-spark-pipeline/airflow_venv/lib/python3.11/site-packages/airflow/example_dags/example_branch_day_of_week_operator.py
[2026-03-18T13:47:31.459+0000] {processor.py:925} INFO - DAG(s) 'example_weekday_branch_operator' retrieved from /home/komal/data-engineering-projects/airflow-spark-pipeline/airflow_venv/lib/python3.11/site-packages/airflow/example_dags/example_branch_day_of_week_operator.py
[2026-03-18T13:47:31.478+0000] {logging_mixin.py:190} INFO - [2026-03-18T13:47:31.477+0000] {dag.py:3239} INFO - Sync 1 DAGs
[2026-03-18T13:47:31.491+0000] {logging_mixin.py:190} INFO - [2026-03-18T13:47:31.491+0000] {dag.py:4180} INFO - Setting next_dagrun for example_weekday_branch_operator to 2026-03-17 00:00:00+00:00, run_after=2026-03-18 00:00:00+00:00
[2026-03-18T13:47:31.515+0000] {processor.py:208} INFO - Processing /home/komal/data-engineering-projects/airflow-spark-pipeline/airflow_venv/lib/python3.11/site-packages/airflow/example_dags/example_branch_day_of_week_operator.py took 0.121 seconds
[2026-03-18T13:48:39.407+0000] {processor.py:186} INFO - Started process (PID=36601) to work on /home/komal/data-engineering-projects/airflow-spark-pipeline/airflow_venv/lib/python3.11/site-packages/airflow/example_dags/example_branch_day_of_week_operator.py
[2026-03-18T13:48:39.438+0000] {processor.py:914} INFO - Processing file /home/komal/data-engineering-projects/airflow-spark-pipeline/airflow_venv/lib/python3.11/site-packages/airflow/example_dags/example_branch_day_of_week_operator.py for tasks to queue
[2026-03-18T13:48:39.442+0000] {logging_mixin.py:190} INFO - [2026-03-18T13:48:39.442+0000] {dagbag.py:588} INFO - Filling up the DagBag from /home/komal/data-engineering-projects/airflow-spark-pipeline/airflow_venv/lib/python3.11/site-packages/airflow/example_dags/example_branch_day_of_week_operator.py
[2026-03-18T13:48:39.460+0000] {processor.py:925} INFO - DAG(s) 'example_weekday_branch_operator' retrieved from /home/komal/data-engineering-projects/airflow-spark-pipeline/airflow_venv/lib/python3.11/site-packages/airflow/example_dags/example_branch_day_of_week_operator.py
[2026-03-18T13:48:39.481+0000] {logging_mixin.py:190} INFO - [2026-03-18T13:48:39.480+0000] {dag.py:3239} INFO - Sync 1 DAGs
[2026-03-18T13:48:39.497+0000] {logging_mixin.py:190} INFO - [2026-03-18T13:48:39.497+0000] {dag.py:4180} INFO - Setting next_dagrun for example_weekday_branch_operator to 2026-03-17 00:00:00+00:00, run_after=2026-03-18 00:00:00+00:00
[2026-03-18T13:48:39.527+0000] {processor.py:208} INFO - Processing /home/komal/data-engineering-projects/airflow-spark-pipeline/airflow_venv/lib/python3.11/site-packages/airflow/example_dags/example_branch_day_of_week_operator.py took 0.129 seconds
[2026-03-18T13:49:43.805+0000] {processor.py:186} INFO - Started process (PID=36665) to work on /home/komal/data-engineering-projects/airflow-spark-pipeline/airflow_venv/lib/python3.11/site-packages/airflow/example_dags/example_branch_day_of_week_operator.py
[2026-03-18T13:49:43.839+0000] {processor.py:914} INFO - Processing file /home/komal/data-engineering-projects/airflow-spark-pipeline/airflow_venv/lib/python3.11/site-packages/airflow/example_dags/example_branch_day_of_week_operator.py for tasks to queue
[2026-03-18T13:49:43.843+0000] {logging_mixin.py:190} INFO - [2026-03-18T13:49:43.842+0000] {dagbag.py:588} INFO - Filling up the DagBag from /home/komal/data-engineering-projects/airflow-spark-pipeline/airflow_venv/lib/python3.11/site-packages/airflow/example_dags/example_branch_day_of_week_operator.py
[2026-03-18T13:49:43.859+0000] {processor.py:925} INFO - DAG(s) 'example_weekday_branch_operator' retrieved from /home/komal/data-engineering-projects/airflow-spark-pipeline/airflow_venv/lib/python3.11/site-packages/airflow/example_dags/example_branch_day_of_week_operator.py
[2026-03-18T13:49:43.872+0000] {logging_mixin.py:190} INFO - [2026-03-18T13:49:43.872+0000] {dag.py:3239} INFO - Sync 1 DAGs
[2026-03-18T13:49:43.887+0000] {logging_mixin.py:190} INFO - [2026-03-18T13:49:43.886+0000] {dag.py:4180} INFO - Setting next_dagrun for example_weekday_branch_operator to 2026-03-17 00:00:00+00:00, run_after=2026-03-18 00:00:00+00:00
[2026-03-18T13:49:43.908+0000] {processor.py:208} INFO - Processing /home/komal/data-engineering-projects/airflow-spark-pipeline/airflow_venv/lib/python3.11/site-packages/airflow/example_dags/example_branch_day_of_week_operator.py took 0.111 seconds
[2026-03-18T13:50:47.894+0000] {processor.py:186} INFO - Started process (PID=36728) to work on /home/komal/data-engineering-projects/airflow-spark-pipeline/airflow_venv/lib/python3.11/site-packages/airflow/example_dags/example_branch_day_of_week_operator.py
[2026-03-18T13:50:47.895+0000] {processor.py:914} INFO - Processing file /home/komal/data-engineering-projects/airflow-spark-pipeline/airflow_venv/lib/python3.11/site-packages/airflow/example_dags/example_branch_day_of_week_operator.py for tasks to queue
[2026-03-18T13:50:47.897+0000] {logging_mixin.py:190} INFO - [2026-03-18T13:50:47.896+0000] {dagbag.py:588} INFO - Filling up the DagBag from /home/komal/data-engineering-projects/airflow-spark-pipeline/airflow_venv/lib/python3.11/site-packages/airflow/example_dags/example_branch_day_of_week_operator.py
[2026-03-18T13:50:47.904+0000] {processor.py:925} INFO - DAG(s) 'example_weekday_branch_operator' retrieved from /home/komal/data-engineering-projects/airflow-spark-pipeline/airflow_venv/lib/python3.11/site-packages/airflow/example_dags/example_branch_day_of_week_operator.py
[2026-03-18T13:50:47.916+0000] {logging_mixin.py:190} INFO - [2026-03-18T13:50:47.916+0000] {dag.py:3239} INFO - Sync 1 DAGs
[2026-03-18T13:50:47.929+0000] {logging_mixin.py:190} INFO - [2026-03-18T13:50:47.929+0000] {dag.py:4180} INFO - Setting next_dagrun for example_weekday_branch_operator to 2026-03-17 00:00:00+00:00, run_after=2026-03-18 00:00:00+00:00
[2026-03-18T13:50:47.946+0000] {processor.py:208} INFO - Processing /home/komal/data-engineering-projects/airflow-spark-pipeline/airflow_venv/lib/python3.11/site-packages/airflow/example_dags/example_branch_day_of_week_operator.py took 0.056 seconds
[2026-03-18T13:51:56.108+0000] {processor.py:186} INFO - Started process (PID=36793) to work on /home/komal/data-engineering-projects/airflow-spark-pipeline/airflow_venv/lib/python3.11/site-packages/airflow/example_dags/example_branch_day_of_week_operator.py
[2026-03-18T13:51:56.110+0000] {processor.py:914} INFO - Processing file /home/komal/data-engineering-projects/airflow-spark-pipeline/airflow_venv/lib/python3.11/site-packages/airflow/example_dags/example_branch_day_of_week_operator.py for tasks to queue
[2026-03-18T13:51:56.113+0000] {logging_mixin.py:190} INFO - [2026-03-18T13:51:56.113+0000] {dagbag.py:588} INFO - Filling up the DagBag from /home/komal/data-engineering-projects/airflow-spark-pipeline/airflow_venv/lib/python3.11/site-packages/airflow/example_dags/example_branch_day_of_week_operator.py
[2026-03-18T13:51:56.130+0000] {processor.py:925} INFO - DAG(s) 'example_weekday_branch_operator' retrieved from /home/komal/data-engineering-projects/airflow-spark-pipeline/airflow_venv/lib/python3.11/site-packages/airflow/example_dags/example_branch_day_of_week_operator.py
[2026-03-18T13:51:56.149+0000] {logging_mixin.py:190} INFO - [2026-03-18T13:51:56.148+0000] {dag.py:3239} INFO - Sync 1 DAGs
[2026-03-18T13:51:56.162+0000] {logging_mixin.py:190} INFO - [2026-03-18T13:51:56.162+0000] {dag.py:4180} INFO - Setting next_dagrun for example_weekday_branch_operator to 2026-03-17 00:00:00+00:00, run_after=2026-03-18 00:00:00+00:00
[2026-03-18T13:51:56.190+0000] {processor.py:208} INFO - Processing /home/komal/data-engineering-projects/airflow-spark-pipeline/airflow_venv/lib/python3.11/site-packages/airflow/example_dags/example_branch_day_of_week_operator.py took 0.089 seconds
[2026-03-18T13:52:57.959+0000] {processor.py:186} INFO - Started process (PID=36855) to work on /home/komal/data-engineering-projects/airflow-spark-pipeline/airflow_venv/lib/python3.11/site-packages/airflow/example_dags/example_branch_day_of_week_operator.py
[2026-03-18T13:52:57.962+0000] {processor.py:914} INFO - Processing file /home/komal/data-engineering-projects/airflow-spark-pipeline/airflow_venv/lib/python3.11/site-packages/airflow/example_dags/example_branch_day_of_week_operator.py for tasks to queue
[2026-03-18T13:52:57.966+0000] {logging_mixin.py:190} INFO - [2026-03-18T13:52:57.965+0000] {dagbag.py:588} INFO - Filling up the DagBag from /home/komal/data-engineering-projects/airflow-spark-pipeline/airflow_venv/lib/python3.11/site-packages/airflow/example_dags/example_branch_day_of_week_operator.py
[2026-03-18T13:52:57.979+0000] {processor.py:925} INFO - DAG(s) 'example_weekday_branch_operator' retrieved from /home/komal/data-engineering-projects/airflow-spark-pipeline/airflow_venv/lib/python3.11/site-packages/airflow/example_dags/example_branch_day_of_week_operator.py
[2026-03-18T13:52:58.001+0000] {logging_mixin.py:190} INFO - [2026-03-18T13:52:58.001+0000] {dag.py:3239} INFO - Sync 1 DAGs
[2026-03-18T13:52:58.018+0000] {logging_mixin.py:190} INFO - [2026-03-18T13:52:58.018+0000] {dag.py:4180} INFO - Setting next_dagrun for example_weekday_branch_operator to 2026-03-17 00:00:00+00:00, run_after=2026-03-18 00:00:00+00:00
[2026-03-18T13:52:58.043+0000] {processor.py:208} INFO - Processing /home/komal/data-engineering-projects/airflow-spark-pipeline/airflow_venv/lib/python3.11/site-packages/airflow/example_dags/example_branch_day_of_week_operator.py took 0.089 seconds
[2026-03-18T13:54:07.641+0000] {processor.py:186} INFO - Started process (PID=36918) to work on /home/komal/data-engineering-projects/airflow-spark-pipeline/airflow_venv/lib/python3.11/site-packages/airflow/example_dags/example_branch_day_of_week_operator.py
[2026-03-18T13:54:07.643+0000] {processor.py:914} INFO - Processing file /home/komal/data-engineering-projects/airflow-spark-pipeline/airflow_venv/lib/python3.11/site-packages/airflow/example_dags/example_branch_day_of_week_operator.py for tasks to queue
[2026-03-18T13:54:07.653+0000] {logging_mixin.py:190} INFO - [2026-03-18T13:54:07.653+0000] {dagbag.py:588} INFO - Filling up the DagBag from /home/komal/data-engineering-projects/airflow-spark-pipeline/airflow_venv/lib/python3.11/site-packages/airflow/example_dags/example_branch_day_of_week_operator.py
[2026-03-18T13:54:07.661+0000] {processor.py:925} INFO - DAG(s) 'example_weekday_branch_operator' retrieved from /home/komal/data-engineering-projects/airflow-spark-pipeline/airflow_venv/lib/python3.11/site-packages/airflow/example_dags/example_branch_day_of_week_operator.py
[2026-03-18T13:54:07.676+0000] {logging_mixin.py:190} INFO - [2026-03-18T13:54:07.676+0000] {dag.py:3239} INFO - Sync 1 DAGs
[2026-03-18T13:54:07.693+0000] {logging_mixin.py:190} INFO - [2026-03-18T13:54:07.693+0000] {dag.py:4180} INFO - Setting next_dagrun for example_weekday_branch_operator to 2026-03-17 00:00:00+00:00, run_after=2026-03-18 00:00:00+00:00
[2026-03-18T13:54:07.727+0000] {processor.py:208} INFO - Processing /home/komal/data-engineering-projects/airflow-spark-pipeline/airflow_venv/lib/python3.11/site-packages/airflow/example_dags/example_branch_day_of_week_operator.py took 0.103 seconds
[2026-03-18T13:55:13.470+0000] {processor.py:186} INFO - Started process (PID=36983) to work on /home/komal/data-engineering-projects/airflow-spark-pipeline/airflow_venv/lib/python3.11/site-packages/airflow/example_dags/example_branch_day_of_week_operator.py
[2026-03-18T13:55:13.495+0000] {processor.py:914} INFO - Processing file /home/komal/data-engineering-projects/airflow-spark-pipeline/airflow_venv/lib/python3.11/site-packages/airflow/example_dags/example_branch_day_of_week_operator.py for tasks to queue
[2026-03-18T13:55:13.499+0000] {logging_mixin.py:190} INFO - [2026-03-18T13:55:13.498+0000] {dagbag.py:588} INFO - Filling up the DagBag from /home/komal/data-engineering-projects/airflow-spark-pipeline/airflow_venv/lib/python3.11/site-packages/airflow/example_dags/example_branch_day_of_week_operator.py
[2026-03-18T13:55:13.513+0000] {processor.py:925} INFO - DAG(s) 'example_weekday_branch_operator' retrieved from /home/komal/data-engineering-projects/airflow-spark-pipeline/airflow_venv/lib/python3.11/site-packages/airflow/example_dags/example_branch_day_of_week_operator.py
[2026-03-18T13:55:13.528+0000] {logging_mixin.py:190} INFO - [2026-03-18T13:55:13.528+0000] {dag.py:3239} INFO - Sync 1 DAGs
[2026-03-18T13:55:13.557+0000] {logging_mixin.py:190} INFO - [2026-03-18T13:55:13.557+0000] {dag.py:4180} INFO - Setting next_dagrun for example_weekday_branch_operator to 2026-03-17 00:00:00+00:00, run_after=2026-03-18 00:00:00+00:00
[2026-03-18T13:55:13.596+0000] {processor.py:208} INFO - Processing /home/komal/data-engineering-projects/airflow-spark-pipeline/airflow_venv/lib/python3.11/site-packages/airflow/example_dags/example_branch_day_of_week_operator.py took 0.133 seconds
[2026-03-18T13:56:20.246+0000] {processor.py:186} INFO - Started process (PID=37046) to work on /home/komal/data-engineering-projects/airflow-spark-pipeline/airflow_venv/lib/python3.11/site-packages/airflow/example_dags/example_branch_day_of_week_operator.py
[2026-03-18T13:56:20.278+0000] {processor.py:914} INFO - Processing file /home/komal/data-engineering-projects/airflow-spark-pipeline/airflow_venv/lib/python3.11/site-packages/airflow/example_dags/example_branch_day_of_week_operator.py for tasks to queue
[2026-03-18T13:56:20.282+0000] {logging_mixin.py:190} INFO - [2026-03-18T13:56:20.281+0000] {dagbag.py:588} INFO - Filling up the DagBag from /home/komal/data-engineering-projects/airflow-spark-pipeline/airflow_venv/lib/python3.11/site-packages/airflow/example_dags/example_branch_day_of_week_operator.py
[2026-03-18T13:56:20.304+0000] {processor.py:925} INFO - DAG(s) 'example_weekday_branch_operator' retrieved from /home/komal/data-engineering-projects/airflow-spark-pipeline/airflow_venv/lib/python3.11/site-packages/airflow/example_dags/example_branch_day_of_week_operator.py
[2026-03-18T13:56:20.334+0000] {logging_mixin.py:190} INFO - [2026-03-18T13:56:20.334+0000] {dag.py:3239} INFO - Sync 1 DAGs
[2026-03-18T13:56:20.357+0000] {logging_mixin.py:190} INFO - [2026-03-18T13:56:20.357+0000] {dag.py:4180} INFO - Setting next_dagrun for example_weekday_branch_operator to 2026-03-17 00:00:00+00:00, run_after=2026-03-18 00:00:00+00:00
[2026-03-18T13:56:20.377+0000] {processor.py:208} INFO - Processing /home/komal/data-engineering-projects/airflow-spark-pipeline/airflow_venv/lib/python3.11/site-packages/airflow/example_dags/example_branch_day_of_week_operator.py took 0.139 seconds
[2026-03-18T13:57:27.637+0000] {processor.py:186} INFO - Started process (PID=37112) to work on /home/komal/data-engineering-projects/airflow-spark-pipeline/airflow_venv/lib/python3.11/site-packages/airflow/example_dags/example_branch_day_of_week_operator.py
[2026-03-18T13:57:27.638+0000] {processor.py:914} INFO - Processing file /home/komal/data-engineering-projects/airflow-spark-pipeline/airflow_venv/lib/python3.11/site-packages/airflow/example_dags/example_branch_day_of_week_operator.py for tasks to queue
[2026-03-18T13:57:27.639+0000] {logging_mixin.py:190} INFO - [2026-03-18T13:57:27.639+0000] {dagbag.py:588} INFO - Filling up the DagBag from /home/komal/data-engineering-projects/airflow-spark-pipeline/airflow_venv/lib/python3.11/site-packages/airflow/example_dags/example_branch_day_of_week_operator.py
[2026-03-18T13:57:27.647+0000] {processor.py:925} INFO - DAG(s) 'example_weekday_branch_operator' retrieved from /home/komal/data-engineering-projects/airflow-spark-pipeline/airflow_venv/lib/python3.11/site-packages/airflow/example_dags/example_branch_day_of_week_operator.py
[2026-03-18T13:57:27.657+0000] {logging_mixin.py:190} INFO - [2026-03-18T13:57:27.657+0000] {dag.py:3239} INFO - Sync 1 DAGs
[2026-03-18T13:57:27.671+0000] {logging_mixin.py:190} INFO - [2026-03-18T13:57:27.671+0000] {dag.py:4180} INFO - Setting next_dagrun for example_weekday_branch_operator to 2026-03-17 00:00:00+00:00, run_after=2026-03-18 00:00:00+00:00
[2026-03-18T13:57:27.727+0000] {processor.py:208} INFO - Processing /home/komal/data-engineering-projects/airflow-spark-pipeline/airflow_venv/lib/python3.11/site-packages/airflow/example_dags/example_branch_day_of_week_operator.py took 0.095 seconds
[2026-03-18T13:58:39.281+0000] {processor.py:186} INFO - Started process (PID=37180) to work on /home/komal/data-engineering-projects/airflow-spark-pipeline/airflow_venv/lib/python3.11/site-packages/airflow/example_dags/example_branch_day_of_week_operator.py
[2026-03-18T13:58:39.282+0000] {processor.py:914} INFO - Processing file /home/komal/data-engineering-projects/airflow-spark-pipeline/airflow_venv/lib/python3.11/site-packages/airflow/example_dags/example_branch_day_of_week_operator.py for tasks to queue
[2026-03-18T13:58:39.284+0000] {logging_mixin.py:190} INFO - [2026-03-18T13:58:39.284+0000] {dagbag.py:588} INFO - Filling up the DagBag from /home/komal/data-engineering-projects/airflow-spark-pipeline/airflow_venv/lib/python3.11/site-packages/airflow/example_dags/example_branch_day_of_week_operator.py
[2026-03-18T13:58:39.293+0000] {processor.py:925} INFO - DAG(s) 'example_weekday_branch_operator' retrieved from /home/komal/data-engineering-projects/airflow-spark-pipeline/airflow_venv/lib/python3.11/site-packages/airflow/example_dags/example_branch_day_of_week_operator.py
[2026-03-18T13:58:39.309+0000] {logging_mixin.py:190} INFO - [2026-03-18T13:58:39.309+0000] {dag.py:3239} INFO - Sync 1 DAGs
[2026-03-18T13:58:39.328+0000] {logging_mixin.py:190} INFO - [2026-03-18T13:58:39.327+0000] {dag.py:4180} INFO - Setting next_dagrun for example_weekday_branch_operator to 2026-03-17 00:00:00+00:00, run_after=2026-03-18 00:00:00+00:00
[2026-03-18T13:58:39.356+0000] {processor.py:208} INFO - Processing /home/komal/data-engineering-projects/airflow-spark-pipeline/airflow_venv/lib/python3.11/site-packages/airflow/example_dags/example_branch_day_of_week_operator.py took 0.079 seconds
[2026-03-18T14:01:45.989+0000] {processor.py:186} INFO - Started process (PID=37218) to work on /home/komal/data-engineering-projects/airflow-spark-pipeline/airflow_venv/lib/python3.11/site-packages/airflow/example_dags/example_branch_day_of_week_operator.py
[2026-03-18T14:01:45.994+0000] {processor.py:914} INFO - Processing file /home/komal/data-engineering-projects/airflow-spark-pipeline/airflow_venv/lib/python3.11/site-packages/airflow/example_dags/example_branch_day_of_week_operator.py for tasks to queue
[2026-03-18T14:01:45.997+0000] {logging_mixin.py:190} INFO - [2026-03-18T14:01:45.997+0000] {dagbag.py:588} INFO - Filling up the DagBag from /home/komal/data-engineering-projects/airflow-spark-pipeline/airflow_venv/lib/python3.11/site-packages/airflow/example_dags/example_branch_day_of_week_operator.py
[2026-03-18T14:01:46.010+0000] {processor.py:925} INFO - DAG(s) 'example_weekday_branch_operator' retrieved from /home/komal/data-engineering-projects/airflow-spark-pipeline/airflow_venv/lib/python3.11/site-packages/airflow/example_dags/example_branch_day_of_week_operator.py
[2026-03-18T14:01:46.022+0000] {logging_mixin.py:190} INFO - [2026-03-18T14:01:46.022+0000] {dag.py:3239} INFO - Sync 1 DAGs
[2026-03-18T14:01:46.036+0000] {logging_mixin.py:190} INFO - [2026-03-18T14:01:46.035+0000] {dag.py:4180} INFO - Setting next_dagrun for example_weekday_branch_operator to 2026-03-17 00:00:00+00:00, run_after=2026-03-18 00:00:00+00:00
[2026-03-18T14:01:46.063+0000] {processor.py:208} INFO - Processing /home/komal/data-engineering-projects/airflow-spark-pipeline/airflow_venv/lib/python3.11/site-packages/airflow/example_dags/example_branch_day_of_week_operator.py took 0.084 seconds
[2026-03-18T14:02:46.916+0000] {processor.py:186} INFO - Started process (PID=37280) to work on /home/komal/data-engineering-projects/airflow-spark-pipeline/airflow_venv/lib/python3.11/site-packages/airflow/example_dags/example_branch_day_of_week_operator.py
[2026-03-18T14:02:46.947+0000] {processor.py:914} INFO - Processing file /home/komal/data-engineering-projects/airflow-spark-pipeline/airflow_venv/lib/python3.11/site-packages/airflow/example_dags/example_branch_day_of_week_operator.py for tasks to queue
[2026-03-18T14:02:46.949+0000] {logging_mixin.py:190} INFO - [2026-03-18T14:02:46.949+0000] {dagbag.py:588} INFO - Filling up the DagBag from /home/komal/data-engineering-projects/airflow-spark-pipeline/airflow_venv/lib/python3.11/site-packages/airflow/example_dags/example_branch_day_of_week_operator.py
[2026-03-18T14:02:46.956+0000] {processor.py:925} INFO - DAG(s) 'example_weekday_branch_operator' retrieved from /home/komal/data-engineering-projects/airflow-spark-pipeline/airflow_venv/lib/python3.11/site-packages/airflow/example_dags/example_branch_day_of_week_operator.py
[2026-03-18T14:02:46.968+0000] {logging_mixin.py:190} INFO - [2026-03-18T14:02:46.968+0000] {dag.py:3239} INFO - Sync 1 DAGs
[2026-03-18T14:02:46.982+0000] {logging_mixin.py:190} INFO - [2026-03-18T14:02:46.982+0000] {dag.py:4180} INFO - Setting next_dagrun for example_weekday_branch_operator to 2026-03-17 00:00:00+00:00, run_after=2026-03-18 00:00:00+00:00
[2026-03-18T14:02:47.007+0000] {processor.py:208} INFO - Processing /home/komal/data-engineering-projects/airflow-spark-pipeline/airflow_venv/lib/python3.11/site-packages/airflow/example_dags/example_branch_day_of_week_operator.py took 0.096 seconds
[2026-03-18T14:03:45.007+0000] {processor.py:186} INFO - Started process (PID=37383) to work on /home/komal/data-engineering-projects/airflow-spark-pipeline/airflow_venv/lib/python3.11/site-packages/airflow/example_dags/example_branch_day_of_week_operator.py
[2026-03-18T14:03:45.010+0000] {processor.py:914} INFO - Processing file /home/komal/data-engineering-projects/airflow-spark-pipeline/airflow_venv/lib/python3.11/site-packages/airflow/example_dags/example_branch_day_of_week_operator.py for tasks to queue
[2026-03-18T14:03:45.012+0000] {logging_mixin.py:190} INFO - [2026-03-18T14:03:45.012+0000] {dagbag.py:588} INFO - Filling up the DagBag from /home/komal/data-engineering-projects/airflow-spark-pipeline/airflow_venv/lib/python3.11/site-packages/airflow/example_dags/example_branch_day_of_week_operator.py
[2026-03-18T14:03:45.024+0000] {processor.py:925} INFO - DAG(s) 'example_weekday_branch_operator' retrieved from /home/komal/data-engineering-projects/airflow-spark-pipeline/airflow_venv/lib/python3.11/site-packages/airflow/example_dags/example_branch_day_of_week_operator.py
[2026-03-18T14:03:45.055+0000] {logging_mixin.py:190} INFO - [2026-03-18T14:03:45.055+0000] {dag.py:3239} INFO - Sync 1 DAGs
[2026-03-18T14:03:45.083+0000] {logging_mixin.py:190} INFO - [2026-03-18T14:03:45.083+0000] {dag.py:4180} INFO - Setting next_dagrun for example_weekday_branch_operator to 2026-03-17 00:00:00+00:00, run_after=2026-03-18 00:00:00+00:00
[2026-03-18T14:03:45.113+0000] {processor.py:208} INFO - Processing /home/komal/data-engineering-projects/airflow-spark-pipeline/airflow_venv/lib/python3.11/site-packages/airflow/example_dags/example_branch_day_of_week_operator.py took 0.111 seconds
[2026-03-18T14:04:52.385+0000] {processor.py:186} INFO - Started process (PID=37516) to work on /home/komal/data-engineering-projects/airflow-spark-pipeline/airflow_venv/lib/python3.11/site-packages/airflow/example_dags/example_branch_day_of_week_operator.py
[2026-03-18T14:04:52.386+0000] {processor.py:914} INFO - Processing file /home/komal/data-engineering-projects/airflow-spark-pipeline/airflow_venv/lib/python3.11/site-packages/airflow/example_dags/example_branch_day_of_week_operator.py for tasks to queue
[2026-03-18T14:04:52.389+0000] {logging_mixin.py:190} INFO - [2026-03-18T14:04:52.389+0000] {dagbag.py:588} INFO - Filling up the DagBag from /home/komal/data-engineering-projects/airflow-spark-pipeline/airflow_venv/lib/python3.11/site-packages/airflow/example_dags/example_branch_day_of_week_operator.py
[2026-03-18T14:04:52.397+0000] {processor.py:925} INFO - DAG(s) 'example_weekday_branch_operator' retrieved from /home/komal/data-engineering-projects/airflow-spark-pipeline/airflow_venv/lib/python3.11/site-packages/airflow/example_dags/example_branch_day_of_week_operator.py
[2026-03-18T14:04:52.409+0000] {logging_mixin.py:190} INFO - [2026-03-18T14:04:52.409+0000] {dag.py:3239} INFO - Sync 1 DAGs
[2026-03-18T14:04:52.426+0000] {logging_mixin.py:190} INFO - [2026-03-18T14:04:52.426+0000] {dag.py:4180} INFO - Setting next_dagrun for example_weekday_branch_operator to 2026-03-17 00:00:00+00:00, run_after=2026-03-18 00:00:00+00:00
[2026-03-18T14:04:52.446+0000] {processor.py:208} INFO - Processing /home/komal/data-engineering-projects/airflow-spark-pipeline/airflow_venv/lib/python3.11/site-packages/airflow/example_dags/example_branch_day_of_week_operator.py took 0.069 seconds
[2026-03-18T14:05:55.690+0000] {processor.py:186} INFO - Started process (PID=37583) to work on /home/komal/data-engineering-projects/airflow-spark-pipeline/airflow_venv/lib/python3.11/site-packages/airflow/example_dags/example_branch_day_of_week_operator.py
[2026-03-18T14:05:55.722+0000] {processor.py:914} INFO - Processing file /home/komal/data-engineering-projects/airflow-spark-pipeline/airflow_venv/lib/python3.11/site-packages/airflow/example_dags/example_branch_day_of_week_operator.py for tasks to queue
[2026-03-18T14:05:55.724+0000] {logging_mixin.py:190} INFO - [2026-03-18T14:05:55.724+0000] {dagbag.py:588} INFO - Filling up the DagBag from /home/komal/data-engineering-projects/airflow-spark-pipeline/airflow_venv/lib/python3.11/site-packages/airflow/example_dags/example_branch_day_of_week_operator.py
[2026-03-18T14:05:55.734+0000] {processor.py:925} INFO - DAG(s) 'example_weekday_branch_operator' retrieved from /home/komal/data-engineering-projects/airflow-spark-pipeline/airflow_venv/lib/python3.11/site-packages/airflow/example_dags/example_branch_day_of_week_operator.py
[2026-03-18T14:05:55.749+0000] {logging_mixin.py:190} INFO - [2026-03-18T14:05:55.749+0000] {dag.py:3239} INFO - Sync 1 DAGs
[2026-03-18T14:05:55.765+0000] {logging_mixin.py:190} INFO - [2026-03-18T14:05:55.764+0000] {dag.py:4180} INFO - Setting next_dagrun for example_weekday_branch_operator to 2026-03-17 00:00:00+00:00, run_after=2026-03-18 00:00:00+00:00
[2026-03-18T14:05:55.799+0000] {processor.py:208} INFO - Processing /home/komal/data-engineering-projects/airflow-spark-pipeline/airflow_venv/lib/python3.11/site-packages/airflow/example_dags/example_branch_day_of_week_operator.py took 0.114 seconds
[2026-03-18T16:35:20.129+0000] {processor.py:186} INFO - Started process (PID=37670) to work on /home/komal/data-engineering-projects/airflow-spark-pipeline/airflow_venv/lib/python3.11/site-packages/airflow/example_dags/example_branch_day_of_week_operator.py
[2026-03-18T16:35:20.131+0000] {processor.py:914} INFO - Processing file /home/komal/data-engineering-projects/airflow-spark-pipeline/airflow_venv/lib/python3.11/site-packages/airflow/example_dags/example_branch_day_of_week_operator.py for tasks to queue
[2026-03-18T16:35:20.134+0000] {logging_mixin.py:190} INFO - [2026-03-18T16:35:20.133+0000] {dagbag.py:588} INFO - Filling up the DagBag from /home/komal/data-engineering-projects/airflow-spark-pipeline/airflow_venv/lib/python3.11/site-packages/airflow/example_dags/example_branch_day_of_week_operator.py
[2026-03-18T16:35:20.141+0000] {processor.py:925} INFO - DAG(s) 'example_weekday_branch_operator' retrieved from /home/komal/data-engineering-projects/airflow-spark-pipeline/airflow_venv/lib/python3.11/site-packages/airflow/example_dags/example_branch_day_of_week_operator.py
[2026-03-18T16:35:20.153+0000] {logging_mixin.py:190} INFO - [2026-03-18T16:35:20.152+0000] {dag.py:3239} INFO - Sync 1 DAGs
[2026-03-18T16:35:20.170+0000] {logging_mixin.py:190} INFO - [2026-03-18T16:35:20.170+0000] {dag.py:4180} INFO - Setting next_dagrun for example_weekday_branch_operator to 2026-03-17 00:00:00+00:00, run_after=2026-03-18 00:00:00+00:00
[2026-03-18T16:35:20.198+0000] {processor.py:208} INFO - Processing /home/komal/data-engineering-projects/airflow-spark-pipeline/airflow_venv/lib/python3.11/site-packages/airflow/example_dags/example_branch_day_of_week_operator.py took 0.074 seconds
[2026-03-18T16:36:26.239+0000] {processor.py:186} INFO - Started process (PID=37735) to work on /home/komal/data-engineering-projects/airflow-spark-pipeline/airflow_venv/lib/python3.11/site-packages/airflow/example_dags/example_branch_day_of_week_operator.py
[2026-03-18T16:36:26.267+0000] {processor.py:914} INFO - Processing file /home/komal/data-engineering-projects/airflow-spark-pipeline/airflow_venv/lib/python3.11/site-packages/airflow/example_dags/example_branch_day_of_week_operator.py for tasks to queue
[2026-03-18T16:36:26.271+0000] {logging_mixin.py:190} INFO - [2026-03-18T16:36:26.270+0000] {dagbag.py:588} INFO - Filling up the DagBag from /home/komal/data-engineering-projects/airflow-spark-pipeline/airflow_venv/lib/python3.11/site-packages/airflow/example_dags/example_branch_day_of_week_operator.py
[2026-03-18T16:36:26.284+0000] {processor.py:925} INFO - DAG(s) 'example_weekday_branch_operator' retrieved from /home/komal/data-engineering-projects/airflow-spark-pipeline/airflow_venv/lib/python3.11/site-packages/airflow/example_dags/example_branch_day_of_week_operator.py
[2026-03-18T16:36:26.296+0000] {logging_mixin.py:190} INFO - [2026-03-18T16:36:26.295+0000] {dag.py:3239} INFO - Sync 1 DAGs
[2026-03-18T16:36:26.310+0000] {logging_mixin.py:190} INFO - [2026-03-18T16:36:26.310+0000] {dag.py:4180} INFO - Setting next_dagrun for example_weekday_branch_operator to 2026-03-17 00:00:00+00:00, run_after=2026-03-18 00:00:00+00:00
[2026-03-18T16:36:26.334+0000] {processor.py:208} INFO - Processing /home/komal/data-engineering-projects/airflow-spark-pipeline/airflow_venv/lib/python3.11/site-packages/airflow/example_dags/example_branch_day_of_week_operator.py took 0.104 seconds
[2026-03-18T16:37:31.342+0000] {processor.py:186} INFO - Started process (PID=37803) to work on /home/komal/data-engineering-projects/airflow-spark-pipeline/airflow_venv/lib/python3.11/site-packages/airflow/example_dags/example_branch_day_of_week_operator.py
[2026-03-18T16:37:31.376+0000] {processor.py:914} INFO - Processing file /home/komal/data-engineering-projects/airflow-spark-pipeline/airflow_venv/lib/python3.11/site-packages/airflow/example_dags/example_branch_day_of_week_operator.py for tasks to queue
[2026-03-18T16:37:31.379+0000] {logging_mixin.py:190} INFO - [2026-03-18T16:37:31.379+0000] {dagbag.py:588} INFO - Filling up the DagBag from /home/komal/data-engineering-projects/airflow-spark-pipeline/airflow_venv/lib/python3.11/site-packages/airflow/example_dags/example_branch_day_of_week_operator.py
[2026-03-18T16:37:31.394+0000] {processor.py:925} INFO - DAG(s) 'example_weekday_branch_operator' retrieved from /home/komal/data-engineering-projects/airflow-spark-pipeline/airflow_venv/lib/python3.11/site-packages/airflow/example_dags/example_branch_day_of_week_operator.py
[2026-03-18T16:37:31.407+0000] {logging_mixin.py:190} INFO - [2026-03-18T16:37:31.407+0000] {dag.py:3239} INFO - Sync 1 DAGs
[2026-03-18T16:37:31.422+0000] {logging_mixin.py:190} INFO - [2026-03-18T16:37:31.422+0000] {dag.py:4180} INFO - Setting next_dagrun for example_weekday_branch_operator to 2026-03-17 00:00:00+00:00, run_after=2026-03-18 00:00:00+00:00
[2026-03-18T16:37:31.452+0000] {processor.py:208} INFO - Processing /home/komal/data-engineering-projects/airflow-spark-pipeline/airflow_venv/lib/python3.11/site-packages/airflow/example_dags/example_branch_day_of_week_operator.py took 0.118 seconds
[2026-03-18T16:38:40.750+0000] {processor.py:186} INFO - Started process (PID=37869) to work on /home/komal/data-engineering-projects/airflow-spark-pipeline/airflow_venv/lib/python3.11/site-packages/airflow/example_dags/example_branch_day_of_week_operator.py
[2026-03-18T16:38:40.781+0000] {processor.py:914} INFO - Processing file /home/komal/data-engineering-projects/airflow-spark-pipeline/airflow_venv/lib/python3.11/site-packages/airflow/example_dags/example_branch_day_of_week_operator.py for tasks to queue
[2026-03-18T16:38:40.784+0000] {logging_mixin.py:190} INFO - [2026-03-18T16:38:40.784+0000] {dagbag.py:588} INFO - Filling up the DagBag from /home/komal/data-engineering-projects/airflow-spark-pipeline/airflow_venv/lib/python3.11/site-packages/airflow/example_dags/example_branch_day_of_week_operator.py
[2026-03-18T16:38:40.798+0000] {processor.py:925} INFO - DAG(s) 'example_weekday_branch_operator' retrieved from /home/komal/data-engineering-projects/airflow-spark-pipeline/airflow_venv/lib/python3.11/site-packages/airflow/example_dags/example_branch_day_of_week_operator.py
[2026-03-18T16:38:40.809+0000] {logging_mixin.py:190} INFO - [2026-03-18T16:38:40.809+0000] {dag.py:3239} INFO - Sync 1 DAGs
[2026-03-18T16:38:40.824+0000] {logging_mixin.py:190} INFO - [2026-03-18T16:38:40.824+0000] {dag.py:4180} INFO - Setting next_dagrun for example_weekday_branch_operator to 2026-03-17 00:00:00+00:00, run_after=2026-03-18 00:00:00+00:00
[2026-03-18T16:38:40.848+0000] {processor.py:208} INFO - Processing /home/komal/data-engineering-projects/airflow-spark-pipeline/airflow_venv/lib/python3.11/site-packages/airflow/example_dags/example_branch_day_of_week_operator.py took 0.111 seconds
[2026-03-18T16:39:44.959+0000] {processor.py:186} INFO - Started process (PID=37931) to work on /home/komal/data-engineering-projects/airflow-spark-pipeline/airflow_venv/lib/python3.11/site-packages/airflow/example_dags/example_branch_day_of_week_operator.py
[2026-03-18T16:39:44.989+0000] {processor.py:914} INFO - Processing file /home/komal/data-engineering-projects/airflow-spark-pipeline/airflow_venv/lib/python3.11/site-packages/airflow/example_dags/example_branch_day_of_week_operator.py for tasks to queue
[2026-03-18T16:39:44.993+0000] {logging_mixin.py:190} INFO - [2026-03-18T16:39:44.992+0000] {dagbag.py:588} INFO - Filling up the DagBag from /home/komal/data-engineering-projects/airflow-spark-pipeline/airflow_venv/lib/python3.11/site-packages/airflow/example_dags/example_branch_day_of_week_operator.py
[2026-03-18T16:39:45.006+0000] {processor.py:925} INFO - DAG(s) 'example_weekday_branch_operator' retrieved from /home/komal/data-engineering-projects/airflow-spark-pipeline/airflow_venv/lib/python3.11/site-packages/airflow/example_dags/example_branch_day_of_week_operator.py
[2026-03-18T16:39:45.018+0000] {logging_mixin.py:190} INFO - [2026-03-18T16:39:45.018+0000] {dag.py:3239} INFO - Sync 1 DAGs
[2026-03-18T16:39:45.033+0000] {logging_mixin.py:190} INFO - [2026-03-18T16:39:45.033+0000] {dag.py:4180} INFO - Setting next_dagrun for example_weekday_branch_operator to 2026-03-17 00:00:00+00:00, run_after=2026-03-18 00:00:00+00:00
[2026-03-18T16:39:45.055+0000] {processor.py:208} INFO - Processing /home/komal/data-engineering-projects/airflow-spark-pipeline/airflow_venv/lib/python3.11/site-packages/airflow/example_dags/example_branch_day_of_week_operator.py took 0.099 seconds
[2026-03-18T16:40:46.252+0000] {processor.py:186} INFO - Started process (PID=37993) to work on /home/komal/data-engineering-projects/airflow-spark-pipeline/airflow_venv/lib/python3.11/site-packages/airflow/example_dags/example_branch_day_of_week_operator.py
[2026-03-18T16:40:46.257+0000] {processor.py:914} INFO - Processing file /home/komal/data-engineering-projects/airflow-spark-pipeline/airflow_venv/lib/python3.11/site-packages/airflow/example_dags/example_branch_day_of_week_operator.py for tasks to queue
[2026-03-18T16:40:46.261+0000] {logging_mixin.py:190} INFO - [2026-03-18T16:40:46.260+0000] {dagbag.py:588} INFO - Filling up the DagBag from /home/komal/data-engineering-projects/airflow-spark-pipeline/airflow_venv/lib/python3.11/site-packages/airflow/example_dags/example_branch_day_of_week_operator.py
[2026-03-18T16:40:46.281+0000] {processor.py:925} INFO - DAG(s) 'example_weekday_branch_operator' retrieved from /home/komal/data-engineering-projects/airflow-spark-pipeline/airflow_venv/lib/python3.11/site-packages/airflow/example_dags/example_branch_day_of_week_operator.py
[2026-03-18T16:40:46.294+0000] {logging_mixin.py:190} INFO - [2026-03-18T16:40:46.294+0000] {dag.py:3239} INFO - Sync 1 DAGs
[2026-03-18T16:40:46.314+0000] {logging_mixin.py:190} INFO - [2026-03-18T16:40:46.314+0000] {dag.py:4180} INFO - Setting next_dagrun for example_weekday_branch_operator to 2026-03-17 00:00:00+00:00, run_after=2026-03-18 00:00:00+00:00
[2026-03-18T16:40:46.356+0000] {processor.py:208} INFO - Processing /home/komal/data-engineering-projects/airflow-spark-pipeline/airflow_venv/lib/python3.11/site-packages/airflow/example_dags/example_branch_day_of_week_operator.py took 0.114 seconds
[2026-03-18T16:41:55.519+0000] {processor.py:186} INFO - Started process (PID=38069) to work on /home/komal/data-engineering-projects/airflow-spark-pipeline/airflow_venv/lib/python3.11/site-packages/airflow/example_dags/example_branch_day_of_week_operator.py
[2026-03-18T16:41:55.550+0000] {processor.py:914} INFO - Processing file /home/komal/data-engineering-projects/airflow-spark-pipeline/airflow_venv/lib/python3.11/site-packages/airflow/example_dags/example_branch_day_of_week_operator.py for tasks to queue
[2026-03-18T16:41:55.554+0000] {logging_mixin.py:190} INFO - [2026-03-18T16:41:55.553+0000] {dagbag.py:588} INFO - Filling up the DagBag from /home/komal/data-engineering-projects/airflow-spark-pipeline/airflow_venv/lib/python3.11/site-packages/airflow/example_dags/example_branch_day_of_week_operator.py
[2026-03-18T16:41:55.568+0000] {processor.py:925} INFO - DAG(s) 'example_weekday_branch_operator' retrieved from /home/komal/data-engineering-projects/airflow-spark-pipeline/airflow_venv/lib/python3.11/site-packages/airflow/example_dags/example_branch_day_of_week_operator.py
[2026-03-18T16:41:55.581+0000] {logging_mixin.py:190} INFO - [2026-03-18T16:41:55.581+0000] {dag.py:3239} INFO - Sync 1 DAGs
[2026-03-18T16:41:55.596+0000] {logging_mixin.py:190} INFO - [2026-03-18T16:41:55.596+0000] {dag.py:4180} INFO - Setting next_dagrun for example_weekday_branch_operator to 2026-03-17 00:00:00+00:00, run_after=2026-03-18 00:00:00+00:00
[2026-03-18T16:41:55.617+0000] {processor.py:208} INFO - Processing /home/komal/data-engineering-projects/airflow-spark-pipeline/airflow_venv/lib/python3.11/site-packages/airflow/example_dags/example_branch_day_of_week_operator.py took 0.105 seconds
[2026-03-18T16:43:03.685+0000] {processor.py:186} INFO - Started process (PID=38133) to work on /home/komal/data-engineering-projects/airflow-spark-pipeline/airflow_venv/lib/python3.11/site-packages/airflow/example_dags/example_branch_day_of_week_operator.py
[2026-03-18T16:43:03.689+0000] {processor.py:914} INFO - Processing file /home/komal/data-engineering-projects/airflow-spark-pipeline/airflow_venv/lib/python3.11/site-packages/airflow/example_dags/example_branch_day_of_week_operator.py for tasks to queue
[2026-03-18T16:43:03.691+0000] {logging_mixin.py:190} INFO - [2026-03-18T16:43:03.690+0000] {dagbag.py:588} INFO - Filling up the DagBag from /home/komal/data-engineering-projects/airflow-spark-pipeline/airflow_venv/lib/python3.11/site-packages/airflow/example_dags/example_branch_day_of_week_operator.py
[2026-03-18T16:43:03.703+0000] {processor.py:925} INFO - DAG(s) 'example_weekday_branch_operator' retrieved from /home/komal/data-engineering-projects/airflow-spark-pipeline/airflow_venv/lib/python3.11/site-packages/airflow/example_dags/example_branch_day_of_week_operator.py
[2026-03-18T16:43:03.715+0000] {logging_mixin.py:190} INFO - [2026-03-18T16:43:03.715+0000] {dag.py:3239} INFO - Sync 1 DAGs
[2026-03-18T16:43:03.739+0000] {logging_mixin.py:190} INFO - [2026-03-18T16:43:03.739+0000] {dag.py:4180} INFO - Setting next_dagrun for example_weekday_branch_operator to 2026-03-17 00:00:00+00:00, run_after=2026-03-18 00:00:00+00:00
[2026-03-18T16:43:03.762+0000] {processor.py:208} INFO - Processing /home/komal/data-engineering-projects/airflow-spark-pipeline/airflow_venv/lib/python3.11/site-packages/airflow/example_dags/example_branch_day_of_week_operator.py took 0.081 seconds
[2026-03-18T16:44:05.920+0000] {processor.py:186} INFO - Started process (PID=38196) to work on /home/komal/data-engineering-projects/airflow-spark-pipeline/airflow_venv/lib/python3.11/site-packages/airflow/example_dags/example_branch_day_of_week_operator.py
[2026-03-18T16:44:05.924+0000] {processor.py:914} INFO - Processing file /home/komal/data-engineering-projects/airflow-spark-pipeline/airflow_venv/lib/python3.11/site-packages/airflow/example_dags/example_branch_day_of_week_operator.py for tasks to queue
[2026-03-18T16:44:05.928+0000] {logging_mixin.py:190} INFO - [2026-03-18T16:44:05.927+0000] {dagbag.py:588} INFO - Filling up the DagBag from /home/komal/data-engineering-projects/airflow-spark-pipeline/airflow_venv/lib/python3.11/site-packages/airflow/example_dags/example_branch_day_of_week_operator.py
[2026-03-18T16:44:05.946+0000] {processor.py:925} INFO - DAG(s) 'example_weekday_branch_operator' retrieved from /home/komal/data-engineering-projects/airflow-spark-pipeline/airflow_venv/lib/python3.11/site-packages/airflow/example_dags/example_branch_day_of_week_operator.py
[2026-03-18T16:44:05.968+0000] {logging_mixin.py:190} INFO - [2026-03-18T16:44:05.968+0000] {dag.py:3239} INFO - Sync 1 DAGs
[2026-03-18T16:44:05.989+0000] {logging_mixin.py:190} INFO - [2026-03-18T16:44:05.989+0000] {dag.py:4180} INFO - Setting next_dagrun for example_weekday_branch_operator to 2026-03-17 00:00:00+00:00, run_after=2026-03-18 00:00:00+00:00
[2026-03-18T16:44:06.013+0000] {processor.py:208} INFO - Processing /home/komal/data-engineering-projects/airflow-spark-pipeline/airflow_venv/lib/python3.11/site-packages/airflow/example_dags/example_branch_day_of_week_operator.py took 0.104 seconds
[2026-03-18T16:45:16.124+0000] {processor.py:186} INFO - Started process (PID=38261) to work on /home/komal/data-engineering-projects/airflow-spark-pipeline/airflow_venv/lib/python3.11/site-packages/airflow/example_dags/example_branch_day_of_week_operator.py
[2026-03-18T16:45:16.128+0000] {processor.py:914} INFO - Processing file /home/komal/data-engineering-projects/airflow-spark-pipeline/airflow_venv/lib/python3.11/site-packages/airflow/example_dags/example_branch_day_of_week_operator.py for tasks to queue
[2026-03-18T16:45:16.130+0000] {logging_mixin.py:190} INFO - [2026-03-18T16:45:16.130+0000] {dagbag.py:588} INFO - Filling up the DagBag from /home/komal/data-engineering-projects/airflow-spark-pipeline/airflow_venv/lib/python3.11/site-packages/airflow/example_dags/example_branch_day_of_week_operator.py
[2026-03-18T16:45:16.144+0000] {processor.py:925} INFO - DAG(s) 'example_weekday_branch_operator' retrieved from /home/komal/data-engineering-projects/airflow-spark-pipeline/airflow_venv/lib/python3.11/site-packages/airflow/example_dags/example_branch_day_of_week_operator.py
[2026-03-18T16:45:16.160+0000] {logging_mixin.py:190} INFO - [2026-03-18T16:45:16.160+0000] {dag.py:3239} INFO - Sync 1 DAGs
[2026-03-18T16:45:16.180+0000] {logging_mixin.py:190} INFO - [2026-03-18T16:45:16.180+0000] {dag.py:4180} INFO - Setting next_dagrun for example_weekday_branch_operator to 2026-03-17 00:00:00+00:00, run_after=2026-03-18 00:00:00+00:00
[2026-03-18T16:45:16.208+0000] {processor.py:208} INFO - Processing /home/komal/data-engineering-projects/airflow-spark-pipeline/airflow_venv/lib/python3.11/site-packages/airflow/example_dags/example_branch_day_of_week_operator.py took 0.091 seconds
[2026-03-18T16:46:24.894+0000] {processor.py:186} INFO - Started process (PID=38327) to work on /home/komal/data-engineering-projects/airflow-spark-pipeline/airflow_venv/lib/python3.11/site-packages/airflow/example_dags/example_branch_day_of_week_operator.py
[2026-03-18T16:46:24.925+0000] {processor.py:914} INFO - Processing file /home/komal/data-engineering-projects/airflow-spark-pipeline/airflow_venv/lib/python3.11/site-packages/airflow/example_dags/example_branch_day_of_week_operator.py for tasks to queue
[2026-03-18T16:46:24.928+0000] {logging_mixin.py:190} INFO - [2026-03-18T16:46:24.927+0000] {dagbag.py:588} INFO - Filling up the DagBag from /home/komal/data-engineering-projects/airflow-spark-pipeline/airflow_venv/lib/python3.11/site-packages/airflow/example_dags/example_branch_day_of_week_operator.py
[2026-03-18T16:46:24.943+0000] {processor.py:925} INFO - DAG(s) 'example_weekday_branch_operator' retrieved from /home/komal/data-engineering-projects/airflow-spark-pipeline/airflow_venv/lib/python3.11/site-packages/airflow/example_dags/example_branch_day_of_week_operator.py
[2026-03-18T16:46:24.956+0000] {logging_mixin.py:190} INFO - [2026-03-18T16:46:24.956+0000] {dag.py:3239} INFO - Sync 1 DAGs
[2026-03-18T16:46:24.972+0000] {logging_mixin.py:190} INFO - [2026-03-18T16:46:24.972+0000] {dag.py:4180} INFO - Setting next_dagrun for example_weekday_branch_operator to 2026-03-17 00:00:00+00:00, run_after=2026-03-18 00:00:00+00:00
[2026-03-18T16:46:24.991+0000] {processor.py:208} INFO - Processing /home/komal/data-engineering-projects/airflow-spark-pipeline/airflow_venv/lib/python3.11/site-packages/airflow/example_dags/example_branch_day_of_week_operator.py took 0.103 seconds
[2026-03-18T16:47:32.923+0000] {processor.py:186} INFO - Started process (PID=38391) to work on /home/komal/data-engineering-projects/airflow-spark-pipeline/airflow_venv/lib/python3.11/site-packages/airflow/example_dags/example_branch_day_of_week_operator.py
[2026-03-18T16:47:32.955+0000] {processor.py:914} INFO - Processing file /home/komal/data-engineering-projects/airflow-spark-pipeline/airflow_venv/lib/python3.11/site-packages/airflow/example_dags/example_branch_day_of_week_operator.py for tasks to queue
[2026-03-18T16:47:32.959+0000] {logging_mixin.py:190} INFO - [2026-03-18T16:47:32.958+0000] {dagbag.py:588} INFO - Filling up the DagBag from /home/komal/data-engineering-projects/airflow-spark-pipeline/airflow_venv/lib/python3.11/site-packages/airflow/example_dags/example_branch_day_of_week_operator.py
[2026-03-18T16:47:32.974+0000] {processor.py:925} INFO - DAG(s) 'example_weekday_branch_operator' retrieved from /home/komal/data-engineering-projects/airflow-spark-pipeline/airflow_venv/lib/python3.11/site-packages/airflow/example_dags/example_branch_day_of_week_operator.py
[2026-03-18T16:47:32.987+0000] {logging_mixin.py:190} INFO - [2026-03-18T16:47:32.987+0000] {dag.py:3239} INFO - Sync 1 DAGs
[2026-03-18T16:47:33.002+0000] {logging_mixin.py:190} INFO - [2026-03-18T16:47:33.001+0000] {dag.py:4180} INFO - Setting next_dagrun for example_weekday_branch_operator to 2026-03-17 00:00:00+00:00, run_after=2026-03-18 00:00:00+00:00
[2026-03-18T16:47:33.027+0000] {processor.py:208} INFO - Processing /home/komal/data-engineering-projects/airflow-spark-pipeline/airflow_venv/lib/python3.11/site-packages/airflow/example_dags/example_branch_day_of_week_operator.py took 0.115 seconds
[2026-03-18T16:48:38.278+0000] {processor.py:186} INFO - Started process (PID=38457) to work on /home/komal/data-engineering-projects/airflow-spark-pipeline/airflow_venv/lib/python3.11/site-packages/airflow/example_dags/example_branch_day_of_week_operator.py
[2026-03-18T16:48:38.310+0000] {processor.py:914} INFO - Processing file /home/komal/data-engineering-projects/airflow-spark-pipeline/airflow_venv/lib/python3.11/site-packages/airflow/example_dags/example_branch_day_of_week_operator.py for tasks to queue
[2026-03-18T16:48:38.313+0000] {logging_mixin.py:190} INFO - [2026-03-18T16:48:38.312+0000] {dagbag.py:588} INFO - Filling up the DagBag from /home/komal/data-engineering-projects/airflow-spark-pipeline/airflow_venv/lib/python3.11/site-packages/airflow/example_dags/example_branch_day_of_week_operator.py
[2026-03-18T16:48:38.330+0000] {processor.py:925} INFO - DAG(s) 'example_weekday_branch_operator' retrieved from /home/komal/data-engineering-projects/airflow-spark-pipeline/airflow_venv/lib/python3.11/site-packages/airflow/example_dags/example_branch_day_of_week_operator.py
[2026-03-18T16:48:38.344+0000] {logging_mixin.py:190} INFO - [2026-03-18T16:48:38.344+0000] {dag.py:3239} INFO - Sync 1 DAGs
[2026-03-18T16:48:38.359+0000] {logging_mixin.py:190} INFO - [2026-03-18T16:48:38.358+0000] {dag.py:4180} INFO - Setting next_dagrun for example_weekday_branch_operator to 2026-03-17 00:00:00+00:00, run_after=2026-03-18 00:00:00+00:00
[2026-03-18T16:48:38.473+0000] {processor.py:208} INFO - Processing /home/komal/data-engineering-projects/airflow-spark-pipeline/airflow_venv/lib/python3.11/site-packages/airflow/example_dags/example_branch_day_of_week_operator.py took 0.204 seconds
[2026-03-18T16:51:46.841+0000] {processor.py:186} INFO - Started process (PID=38541) to work on /home/komal/data-engineering-projects/airflow-spark-pipeline/airflow_venv/lib/python3.11/site-packages/airflow/example_dags/example_branch_day_of_week_operator.py
[2026-03-18T16:51:46.856+0000] {processor.py:914} INFO - Processing file /home/komal/data-engineering-projects/airflow-spark-pipeline/airflow_venv/lib/python3.11/site-packages/airflow/example_dags/example_branch_day_of_week_operator.py for tasks to queue
[2026-03-18T16:51:46.858+0000] {logging_mixin.py:190} INFO - [2026-03-18T16:51:46.858+0000] {dagbag.py:588} INFO - Filling up the DagBag from /home/komal/data-engineering-projects/airflow-spark-pipeline/airflow_venv/lib/python3.11/site-packages/airflow/example_dags/example_branch_day_of_week_operator.py
[2026-03-18T16:51:46.868+0000] {processor.py:925} INFO - DAG(s) 'example_weekday_branch_operator' retrieved from /home/komal/data-engineering-projects/airflow-spark-pipeline/airflow_venv/lib/python3.11/site-packages/airflow/example_dags/example_branch_day_of_week_operator.py
[2026-03-18T16:51:46.880+0000] {logging_mixin.py:190} INFO - [2026-03-18T16:51:46.880+0000] {dag.py:3239} INFO - Sync 1 DAGs
[2026-03-18T16:51:46.899+0000] {logging_mixin.py:190} INFO - [2026-03-18T16:51:46.898+0000] {dag.py:4180} INFO - Setting next_dagrun for example_weekday_branch_operator to 2026-03-17 00:00:00+00:00, run_after=2026-03-18 00:00:00+00:00
[2026-03-18T16:51:46.925+0000] {processor.py:208} INFO - Processing /home/komal/data-engineering-projects/airflow-spark-pipeline/airflow_venv/lib/python3.11/site-packages/airflow/example_dags/example_branch_day_of_week_operator.py took 0.090 seconds
[2026-03-18T16:52:49.504+0000] {processor.py:186} INFO - Started process (PID=38603) to work on /home/komal/data-engineering-projects/airflow-spark-pipeline/airflow_venv/lib/python3.11/site-packages/airflow/example_dags/example_branch_day_of_week_operator.py
[2026-03-18T16:52:49.507+0000] {processor.py:914} INFO - Processing file /home/komal/data-engineering-projects/airflow-spark-pipeline/airflow_venv/lib/python3.11/site-packages/airflow/example_dags/example_branch_day_of_week_operator.py for tasks to queue
[2026-03-18T16:52:49.510+0000] {logging_mixin.py:190} INFO - [2026-03-18T16:52:49.509+0000] {dagbag.py:588} INFO - Filling up the DagBag from /home/komal/data-engineering-projects/airflow-spark-pipeline/airflow_venv/lib/python3.11/site-packages/airflow/example_dags/example_branch_day_of_week_operator.py
[2026-03-18T16:52:49.524+0000] {processor.py:925} INFO - DAG(s) 'example_weekday_branch_operator' retrieved from /home/komal/data-engineering-projects/airflow-spark-pipeline/airflow_venv/lib/python3.11/site-packages/airflow/example_dags/example_branch_day_of_week_operator.py
[2026-03-18T16:52:49.537+0000] {logging_mixin.py:190} INFO - [2026-03-18T16:52:49.536+0000] {dag.py:3239} INFO - Sync 1 DAGs
[2026-03-18T16:52:49.552+0000] {logging_mixin.py:190} INFO - [2026-03-18T16:52:49.552+0000] {dag.py:4180} INFO - Setting next_dagrun for example_weekday_branch_operator to 2026-03-17 00:00:00+00:00, run_after=2026-03-18 00:00:00+00:00
[2026-03-18T16:52:49.604+0000] {processor.py:208} INFO - Processing /home/komal/data-engineering-projects/airflow-spark-pipeline/airflow_venv/lib/python3.11/site-packages/airflow/example_dags/example_branch_day_of_week_operator.py took 0.111 seconds
[2026-03-18T16:53:53.323+0000] {processor.py:186} INFO - Started process (PID=38666) to work on /home/komal/data-engineering-projects/airflow-spark-pipeline/airflow_venv/lib/python3.11/site-packages/airflow/example_dags/example_branch_day_of_week_operator.py
[2026-03-18T16:53:53.356+0000] {processor.py:914} INFO - Processing file /home/komal/data-engineering-projects/airflow-spark-pipeline/airflow_venv/lib/python3.11/site-packages/airflow/example_dags/example_branch_day_of_week_operator.py for tasks to queue
[2026-03-18T16:53:53.360+0000] {logging_mixin.py:190} INFO - [2026-03-18T16:53:53.360+0000] {dagbag.py:588} INFO - Filling up the DagBag from /home/komal/data-engineering-projects/airflow-spark-pipeline/airflow_venv/lib/python3.11/site-packages/airflow/example_dags/example_branch_day_of_week_operator.py
[2026-03-18T16:53:53.373+0000] {processor.py:925} INFO - DAG(s) 'example_weekday_branch_operator' retrieved from /home/komal/data-engineering-projects/airflow-spark-pipeline/airflow_venv/lib/python3.11/site-packages/airflow/example_dags/example_branch_day_of_week_operator.py
[2026-03-18T16:53:53.387+0000] {logging_mixin.py:190} INFO - [2026-03-18T16:53:53.387+0000] {dag.py:3239} INFO - Sync 1 DAGs
[2026-03-18T16:53:53.405+0000] {logging_mixin.py:190} INFO - [2026-03-18T16:53:53.405+0000] {dag.py:4180} INFO - Setting next_dagrun for example_weekday_branch_operator to 2026-03-17 00:00:00+00:00, run_after=2026-03-18 00:00:00+00:00
[2026-03-18T16:53:53.431+0000] {processor.py:208} INFO - Processing /home/komal/data-engineering-projects/airflow-spark-pipeline/airflow_venv/lib/python3.11/site-packages/airflow/example_dags/example_branch_day_of_week_operator.py took 0.113 seconds
[2026-03-18T16:55:00.889+0000] {processor.py:186} INFO - Started process (PID=38734) to work on /home/komal/data-engineering-projects/airflow-spark-pipeline/airflow_venv/lib/python3.11/site-packages/airflow/example_dags/example_branch_day_of_week_operator.py
[2026-03-18T16:55:00.920+0000] {processor.py:914} INFO - Processing file /home/komal/data-engineering-projects/airflow-spark-pipeline/airflow_venv/lib/python3.11/site-packages/airflow/example_dags/example_branch_day_of_week_operator.py for tasks to queue
[2026-03-18T16:55:00.922+0000] {logging_mixin.py:190} INFO - [2026-03-18T16:55:00.922+0000] {dagbag.py:588} INFO - Filling up the DagBag from /home/komal/data-engineering-projects/airflow-spark-pipeline/airflow_venv/lib/python3.11/site-packages/airflow/example_dags/example_branch_day_of_week_operator.py
[2026-03-18T16:55:00.930+0000] {processor.py:925} INFO - DAG(s) 'example_weekday_branch_operator' retrieved from /home/komal/data-engineering-projects/airflow-spark-pipeline/airflow_venv/lib/python3.11/site-packages/airflow/example_dags/example_branch_day_of_week_operator.py
[2026-03-18T16:55:00.941+0000] {logging_mixin.py:190} INFO - [2026-03-18T16:55:00.941+0000] {dag.py:3239} INFO - Sync 1 DAGs
[2026-03-18T16:55:00.955+0000] {logging_mixin.py:190} INFO - [2026-03-18T16:55:00.955+0000] {dag.py:4180} INFO - Setting next_dagrun for example_weekday_branch_operator to 2026-03-17 00:00:00+00:00, run_after=2026-03-18 00:00:00+00:00
[2026-03-18T16:55:00.979+0000] {processor.py:208} INFO - Processing /home/komal/data-engineering-projects/airflow-spark-pipeline/airflow_venv/lib/python3.11/site-packages/airflow/example_dags/example_branch_day_of_week_operator.py took 0.094 seconds
[2026-03-18T16:56:10.306+0000] {processor.py:186} INFO - Started process (PID=38805) to work on /home/komal/data-engineering-projects/airflow-spark-pipeline/airflow_venv/lib/python3.11/site-packages/airflow/example_dags/example_branch_day_of_week_operator.py
[2026-03-18T16:56:10.308+0000] {processor.py:914} INFO - Processing file /home/komal/data-engineering-projects/airflow-spark-pipeline/airflow_venv/lib/python3.11/site-packages/airflow/example_dags/example_branch_day_of_week_operator.py for tasks to queue
[2026-03-18T16:56:10.310+0000] {logging_mixin.py:190} INFO - [2026-03-18T16:56:10.310+0000] {dagbag.py:588} INFO - Filling up the DagBag from /home/komal/data-engineering-projects/airflow-spark-pipeline/airflow_venv/lib/python3.11/site-packages/airflow/example_dags/example_branch_day_of_week_operator.py
[2026-03-18T16:56:10.320+0000] {processor.py:925} INFO - DAG(s) 'example_weekday_branch_operator' retrieved from /home/komal/data-engineering-projects/airflow-spark-pipeline/airflow_venv/lib/python3.11/site-packages/airflow/example_dags/example_branch_day_of_week_operator.py
[2026-03-18T16:56:10.332+0000] {logging_mixin.py:190} INFO - [2026-03-18T16:56:10.332+0000] {dag.py:3239} INFO - Sync 1 DAGs
[2026-03-18T16:56:10.348+0000] {logging_mixin.py:190} INFO - [2026-03-18T16:56:10.348+0000] {dag.py:4180} INFO - Setting next_dagrun for example_weekday_branch_operator to 2026-03-17 00:00:00+00:00, run_after=2026-03-18 00:00:00+00:00
[2026-03-18T16:56:10.369+0000] {processor.py:208} INFO - Processing /home/komal/data-engineering-projects/airflow-spark-pipeline/airflow_venv/lib/python3.11/site-packages/airflow/example_dags/example_branch_day_of_week_operator.py took 0.072 seconds
[2026-03-18T17:44:36.955+0000] {processor.py:186} INFO - Started process (PID=38877) to work on /home/komal/data-engineering-projects/airflow-spark-pipeline/airflow_venv/lib/python3.11/site-packages/airflow/example_dags/example_branch_day_of_week_operator.py
[2026-03-18T17:44:36.974+0000] {processor.py:914} INFO - Processing file /home/komal/data-engineering-projects/airflow-spark-pipeline/airflow_venv/lib/python3.11/site-packages/airflow/example_dags/example_branch_day_of_week_operator.py for tasks to queue
[2026-03-18T17:44:36.976+0000] {logging_mixin.py:190} INFO - [2026-03-18T17:44:36.976+0000] {dagbag.py:588} INFO - Filling up the DagBag from /home/komal/data-engineering-projects/airflow-spark-pipeline/airflow_venv/lib/python3.11/site-packages/airflow/example_dags/example_branch_day_of_week_operator.py
[2026-03-18T17:44:37.019+0000] {processor.py:925} INFO - DAG(s) 'example_weekday_branch_operator' retrieved from /home/komal/data-engineering-projects/airflow-spark-pipeline/airflow_venv/lib/python3.11/site-packages/airflow/example_dags/example_branch_day_of_week_operator.py
[2026-03-18T17:44:37.044+0000] {logging_mixin.py:190} INFO - [2026-03-18T17:44:37.043+0000] {dag.py:3239} INFO - Sync 1 DAGs
[2026-03-18T17:44:37.067+0000] {logging_mixin.py:190} INFO - [2026-03-18T17:44:37.067+0000] {dag.py:4180} INFO - Setting next_dagrun for example_weekday_branch_operator to 2026-03-17 00:00:00+00:00, run_after=2026-03-18 00:00:00+00:00
[2026-03-18T17:44:37.108+0000] {processor.py:208} INFO - Processing /home/komal/data-engineering-projects/airflow-spark-pipeline/airflow_venv/lib/python3.11/site-packages/airflow/example_dags/example_branch_day_of_week_operator.py took 0.158 seconds
[2026-03-18T17:45:51.850+0000] {processor.py:186} INFO - Started process (PID=38958) to work on /home/komal/data-engineering-projects/airflow-spark-pipeline/airflow_venv/lib/python3.11/site-packages/airflow/example_dags/example_branch_day_of_week_operator.py
[2026-03-18T17:45:51.882+0000] {processor.py:914} INFO - Processing file /home/komal/data-engineering-projects/airflow-spark-pipeline/airflow_venv/lib/python3.11/site-packages/airflow/example_dags/example_branch_day_of_week_operator.py for tasks to queue
[2026-03-18T17:45:51.886+0000] {logging_mixin.py:190} INFO - [2026-03-18T17:45:51.885+0000] {dagbag.py:588} INFO - Filling up the DagBag from /home/komal/data-engineering-projects/airflow-spark-pipeline/airflow_venv/lib/python3.11/site-packages/airflow/example_dags/example_branch_day_of_week_operator.py
[2026-03-18T17:45:51.900+0000] {processor.py:925} INFO - DAG(s) 'example_weekday_branch_operator' retrieved from /home/komal/data-engineering-projects/airflow-spark-pipeline/airflow_venv/lib/python3.11/site-packages/airflow/example_dags/example_branch_day_of_week_operator.py
[2026-03-18T17:45:51.913+0000] {logging_mixin.py:190} INFO - [2026-03-18T17:45:51.913+0000] {dag.py:3239} INFO - Sync 1 DAGs
[2026-03-18T17:45:51.933+0000] {logging_mixin.py:190} INFO - [2026-03-18T17:45:51.933+0000] {dag.py:4180} INFO - Setting next_dagrun for example_weekday_branch_operator to 2026-03-17 00:00:00+00:00, run_after=2026-03-18 00:00:00+00:00
[2026-03-18T17:45:51.961+0000] {processor.py:208} INFO - Processing /home/komal/data-engineering-projects/airflow-spark-pipeline/airflow_venv/lib/python3.11/site-packages/airflow/example_dags/example_branch_day_of_week_operator.py took 0.120 seconds
[2026-03-18T17:46:58.778+0000] {processor.py:186} INFO - Started process (PID=39034) to work on /home/komal/data-engineering-projects/airflow-spark-pipeline/airflow_venv/lib/python3.11/site-packages/airflow/example_dags/example_branch_day_of_week_operator.py
[2026-03-18T17:46:58.798+0000] {processor.py:914} INFO - Processing file /home/komal/data-engineering-projects/airflow-spark-pipeline/airflow_venv/lib/python3.11/site-packages/airflow/example_dags/example_branch_day_of_week_operator.py for tasks to queue
[2026-03-18T17:46:58.800+0000] {logging_mixin.py:190} INFO - [2026-03-18T17:46:58.800+0000] {dagbag.py:588} INFO - Filling up the DagBag from /home/komal/data-engineering-projects/airflow-spark-pipeline/airflow_venv/lib/python3.11/site-packages/airflow/example_dags/example_branch_day_of_week_operator.py
[2026-03-18T17:46:58.807+0000] {processor.py:925} INFO - DAG(s) 'example_weekday_branch_operator' retrieved from /home/komal/data-engineering-projects/airflow-spark-pipeline/airflow_venv/lib/python3.11/site-packages/airflow/example_dags/example_branch_day_of_week_operator.py
[2026-03-18T17:46:58.819+0000] {logging_mixin.py:190} INFO - [2026-03-18T17:46:58.819+0000] {dag.py:3239} INFO - Sync 1 DAGs
[2026-03-18T17:46:58.834+0000] {logging_mixin.py:190} INFO - [2026-03-18T17:46:58.834+0000] {dag.py:4180} INFO - Setting next_dagrun for example_weekday_branch_operator to 2026-03-17 00:00:00+00:00, run_after=2026-03-18 00:00:00+00:00
[2026-03-18T17:46:58.861+0000] {processor.py:208} INFO - Processing /home/komal/data-engineering-projects/airflow-spark-pipeline/airflow_venv/lib/python3.11/site-packages/airflow/example_dags/example_branch_day_of_week_operator.py took 0.087 seconds
[2026-03-18T17:48:03.977+0000] {processor.py:186} INFO - Started process (PID=39097) to work on /home/komal/data-engineering-projects/airflow-spark-pipeline/airflow_venv/lib/python3.11/site-packages/airflow/example_dags/example_branch_day_of_week_operator.py
[2026-03-18T17:48:04.007+0000] {processor.py:914} INFO - Processing file /home/komal/data-engineering-projects/airflow-spark-pipeline/airflow_venv/lib/python3.11/site-packages/airflow/example_dags/example_branch_day_of_week_operator.py for tasks to queue
[2026-03-18T17:48:04.010+0000] {logging_mixin.py:190} INFO - [2026-03-18T17:48:04.010+0000] {dagbag.py:588} INFO - Filling up the DagBag from /home/komal/data-engineering-projects/airflow-spark-pipeline/airflow_venv/lib/python3.11/site-packages/airflow/example_dags/example_branch_day_of_week_operator.py
[2026-03-18T17:48:04.023+0000] {processor.py:925} INFO - DAG(s) 'example_weekday_branch_operator' retrieved from /home/komal/data-engineering-projects/airflow-spark-pipeline/airflow_venv/lib/python3.11/site-packages/airflow/example_dags/example_branch_day_of_week_operator.py
[2026-03-18T17:48:04.033+0000] {logging_mixin.py:190} INFO - [2026-03-18T17:48:04.033+0000] {dag.py:3239} INFO - Sync 1 DAGs
[2026-03-18T17:48:04.048+0000] {logging_mixin.py:190} INFO - [2026-03-18T17:48:04.048+0000] {dag.py:4180} INFO - Setting next_dagrun for example_weekday_branch_operator to 2026-03-17 00:00:00+00:00, run_after=2026-03-18 00:00:00+00:00
[2026-03-18T17:48:04.071+0000] {processor.py:208} INFO - Processing /home/komal/data-engineering-projects/airflow-spark-pipeline/airflow_venv/lib/python3.11/site-packages/airflow/example_dags/example_branch_day_of_week_operator.py took 0.103 seconds
[2026-03-18T17:49:13.310+0000] {processor.py:186} INFO - Started process (PID=39160) to work on /home/komal/data-engineering-projects/airflow-spark-pipeline/airflow_venv/lib/python3.11/site-packages/airflow/example_dags/example_branch_day_of_week_operator.py
[2026-03-18T17:49:13.343+0000] {processor.py:914} INFO - Processing file /home/komal/data-engineering-projects/airflow-spark-pipeline/airflow_venv/lib/python3.11/site-packages/airflow/example_dags/example_branch_day_of_week_operator.py for tasks to queue
[2026-03-18T17:49:13.346+0000] {logging_mixin.py:190} INFO - [2026-03-18T17:49:13.346+0000] {dagbag.py:588} INFO - Filling up the DagBag from /home/komal/data-engineering-projects/airflow-spark-pipeline/airflow_venv/lib/python3.11/site-packages/airflow/example_dags/example_branch_day_of_week_operator.py
[2026-03-18T17:49:13.361+0000] {processor.py:925} INFO - DAG(s) 'example_weekday_branch_operator' retrieved from /home/komal/data-engineering-projects/airflow-spark-pipeline/airflow_venv/lib/python3.11/site-packages/airflow/example_dags/example_branch_day_of_week_operator.py
[2026-03-18T17:49:13.372+0000] {logging_mixin.py:190} INFO - [2026-03-18T17:49:13.372+0000] {dag.py:3239} INFO - Sync 1 DAGs
[2026-03-18T17:49:13.387+0000] {logging_mixin.py:190} INFO - [2026-03-18T17:49:13.387+0000] {dag.py:4180} INFO - Setting next_dagrun for example_weekday_branch_operator to 2026-03-17 00:00:00+00:00, run_after=2026-03-18 00:00:00+00:00
[2026-03-18T17:49:13.413+0000] {processor.py:208} INFO - Processing /home/komal/data-engineering-projects/airflow-spark-pipeline/airflow_venv/lib/python3.11/site-packages/airflow/example_dags/example_branch_day_of_week_operator.py took 0.113 seconds
[2026-03-18T17:55:08.965+0000] {processor.py:186} INFO - Started process (PID=39224) to work on /home/komal/data-engineering-projects/airflow-spark-pipeline/airflow_venv/lib/python3.11/site-packages/airflow/example_dags/example_branch_day_of_week_operator.py
[2026-03-18T17:55:08.968+0000] {processor.py:914} INFO - Processing file /home/komal/data-engineering-projects/airflow-spark-pipeline/airflow_venv/lib/python3.11/site-packages/airflow/example_dags/example_branch_day_of_week_operator.py for tasks to queue
[2026-03-18T17:55:08.970+0000] {logging_mixin.py:190} INFO - [2026-03-18T17:55:08.970+0000] {dagbag.py:588} INFO - Filling up the DagBag from /home/komal/data-engineering-projects/airflow-spark-pipeline/airflow_venv/lib/python3.11/site-packages/airflow/example_dags/example_branch_day_of_week_operator.py
[2026-03-18T17:55:08.991+0000] {processor.py:925} INFO - DAG(s) 'example_weekday_branch_operator' retrieved from /home/komal/data-engineering-projects/airflow-spark-pipeline/airflow_venv/lib/python3.11/site-packages/airflow/example_dags/example_branch_day_of_week_operator.py
[2026-03-18T17:55:09.005+0000] {logging_mixin.py:190} INFO - [2026-03-18T17:55:09.005+0000] {dag.py:3239} INFO - Sync 1 DAGs
[2026-03-18T17:55:09.024+0000] {logging_mixin.py:190} INFO - [2026-03-18T17:55:09.024+0000] {dag.py:4180} INFO - Setting next_dagrun for example_weekday_branch_operator to 2026-03-17 00:00:00+00:00, run_after=2026-03-18 00:00:00+00:00
[2026-03-18T17:55:09.053+0000] {processor.py:208} INFO - Processing /home/komal/data-engineering-projects/airflow-spark-pipeline/airflow_venv/lib/python3.11/site-packages/airflow/example_dags/example_branch_day_of_week_operator.py took 0.096 seconds
[2026-03-18T17:56:25.143+0000] {processor.py:186} INFO - Started process (PID=39331) to work on /home/komal/data-engineering-projects/airflow-spark-pipeline/airflow_venv/lib/python3.11/site-packages/airflow/example_dags/example_branch_day_of_week_operator.py
[2026-03-18T17:56:25.145+0000] {processor.py:914} INFO - Processing file /home/komal/data-engineering-projects/airflow-spark-pipeline/airflow_venv/lib/python3.11/site-packages/airflow/example_dags/example_branch_day_of_week_operator.py for tasks to queue
[2026-03-18T17:56:25.147+0000] {logging_mixin.py:190} INFO - [2026-03-18T17:56:25.147+0000] {dagbag.py:588} INFO - Filling up the DagBag from /home/komal/data-engineering-projects/airflow-spark-pipeline/airflow_venv/lib/python3.11/site-packages/airflow/example_dags/example_branch_day_of_week_operator.py
[2026-03-18T17:56:25.157+0000] {processor.py:925} INFO - DAG(s) 'example_weekday_branch_operator' retrieved from /home/komal/data-engineering-projects/airflow-spark-pipeline/airflow_venv/lib/python3.11/site-packages/airflow/example_dags/example_branch_day_of_week_operator.py
[2026-03-18T17:56:25.172+0000] {logging_mixin.py:190} INFO - [2026-03-18T17:56:25.172+0000] {dag.py:3239} INFO - Sync 1 DAGs
[2026-03-18T17:56:25.189+0000] {logging_mixin.py:190} INFO - [2026-03-18T17:56:25.189+0000] {dag.py:4180} INFO - Setting next_dagrun for example_weekday_branch_operator to 2026-03-17 00:00:00+00:00, run_after=2026-03-18 00:00:00+00:00
[2026-03-18T17:56:25.213+0000] {processor.py:208} INFO - Processing /home/komal/data-engineering-projects/airflow-spark-pipeline/airflow_venv/lib/python3.11/site-packages/airflow/example_dags/example_branch_day_of_week_operator.py took 0.076 seconds
[2026-03-18T17:57:29.306+0000] {processor.py:186} INFO - Started process (PID=39393) to work on /home/komal/data-engineering-projects/airflow-spark-pipeline/airflow_venv/lib/python3.11/site-packages/airflow/example_dags/example_branch_day_of_week_operator.py
[2026-03-18T17:57:29.309+0000] {processor.py:914} INFO - Processing file /home/komal/data-engineering-projects/airflow-spark-pipeline/airflow_venv/lib/python3.11/site-packages/airflow/example_dags/example_branch_day_of_week_operator.py for tasks to queue
[2026-03-18T17:57:29.313+0000] {logging_mixin.py:190} INFO - [2026-03-18T17:57:29.313+0000] {dagbag.py:588} INFO - Filling up the DagBag from /home/komal/data-engineering-projects/airflow-spark-pipeline/airflow_venv/lib/python3.11/site-packages/airflow/example_dags/example_branch_day_of_week_operator.py
[2026-03-18T17:57:29.323+0000] {processor.py:925} INFO - DAG(s) 'example_weekday_branch_operator' retrieved from /home/komal/data-engineering-projects/airflow-spark-pipeline/airflow_venv/lib/python3.11/site-packages/airflow/example_dags/example_branch_day_of_week_operator.py
[2026-03-18T17:57:29.338+0000] {logging_mixin.py:190} INFO - [2026-03-18T17:57:29.338+0000] {dag.py:3239} INFO - Sync 1 DAGs
[2026-03-18T17:57:29.369+0000] {logging_mixin.py:190} INFO - [2026-03-18T17:57:29.368+0000] {dag.py:4180} INFO - Setting next_dagrun for example_weekday_branch_operator to 2026-03-17 00:00:00+00:00, run_after=2026-03-18 00:00:00+00:00
[2026-03-18T17:57:29.409+0000] {processor.py:208} INFO - Processing /home/komal/data-engineering-projects/airflow-spark-pipeline/airflow_venv/lib/python3.11/site-packages/airflow/example_dags/example_branch_day_of_week_operator.py took 0.111 seconds
[2026-03-18T17:58:32.604+0000] {processor.py:186} INFO - Started process (PID=39455) to work on /home/komal/data-engineering-projects/airflow-spark-pipeline/airflow_venv/lib/python3.11/site-packages/airflow/example_dags/example_branch_day_of_week_operator.py
[2026-03-18T17:58:32.636+0000] {processor.py:914} INFO - Processing file /home/komal/data-engineering-projects/airflow-spark-pipeline/airflow_venv/lib/python3.11/site-packages/airflow/example_dags/example_branch_day_of_week_operator.py for tasks to queue
[2026-03-18T17:58:32.641+0000] {logging_mixin.py:190} INFO - [2026-03-18T17:58:32.641+0000] {dagbag.py:588} INFO - Filling up the DagBag from /home/komal/data-engineering-projects/airflow-spark-pipeline/airflow_venv/lib/python3.11/site-packages/airflow/example_dags/example_branch_day_of_week_operator.py
[2026-03-18T17:58:32.664+0000] {processor.py:925} INFO - DAG(s) 'example_weekday_branch_operator' retrieved from /home/komal/data-engineering-projects/airflow-spark-pipeline/airflow_venv/lib/python3.11/site-packages/airflow/example_dags/example_branch_day_of_week_operator.py
[2026-03-18T17:58:32.693+0000] {logging_mixin.py:190} INFO - [2026-03-18T17:58:32.693+0000] {dag.py:3239} INFO - Sync 1 DAGs
[2026-03-18T17:58:32.708+0000] {logging_mixin.py:190} INFO - [2026-03-18T17:58:32.708+0000] {dag.py:4180} INFO - Setting next_dagrun for example_weekday_branch_operator to 2026-03-17 00:00:00+00:00, run_after=2026-03-18 00:00:00+00:00
[2026-03-18T17:58:32.736+0000] {processor.py:208} INFO - Processing /home/komal/data-engineering-projects/airflow-spark-pipeline/airflow_venv/lib/python3.11/site-packages/airflow/example_dags/example_branch_day_of_week_operator.py took 0.140 seconds
[2026-03-18T17:59:36.902+0000] {processor.py:186} INFO - Started process (PID=39518) to work on /home/komal/data-engineering-projects/airflow-spark-pipeline/airflow_venv/lib/python3.11/site-packages/airflow/example_dags/example_branch_day_of_week_operator.py
[2026-03-18T17:59:36.907+0000] {processor.py:914} INFO - Processing file /home/komal/data-engineering-projects/airflow-spark-pipeline/airflow_venv/lib/python3.11/site-packages/airflow/example_dags/example_branch_day_of_week_operator.py for tasks to queue
[2026-03-18T17:59:36.910+0000] {logging_mixin.py:190} INFO - [2026-03-18T17:59:36.910+0000] {dagbag.py:588} INFO - Filling up the DagBag from /home/komal/data-engineering-projects/airflow-spark-pipeline/airflow_venv/lib/python3.11/site-packages/airflow/example_dags/example_branch_day_of_week_operator.py
[2026-03-18T17:59:36.920+0000] {processor.py:925} INFO - DAG(s) 'example_weekday_branch_operator' retrieved from /home/komal/data-engineering-projects/airflow-spark-pipeline/airflow_venv/lib/python3.11/site-packages/airflow/example_dags/example_branch_day_of_week_operator.py
[2026-03-18T17:59:36.931+0000] {logging_mixin.py:190} INFO - [2026-03-18T17:59:36.931+0000] {dag.py:3239} INFO - Sync 1 DAGs
[2026-03-18T17:59:36.944+0000] {logging_mixin.py:190} INFO - [2026-03-18T17:59:36.944+0000] {dag.py:4180} INFO - Setting next_dagrun for example_weekday_branch_operator to 2026-03-17 00:00:00+00:00, run_after=2026-03-18 00:00:00+00:00
[2026-03-18T17:59:36.969+0000] {processor.py:208} INFO - Processing /home/komal/data-engineering-projects/airflow-spark-pipeline/airflow_venv/lib/python3.11/site-packages/airflow/example_dags/example_branch_day_of_week_operator.py took 0.076 seconds
[2026-03-18T18:00:45.536+0000] {processor.py:186} INFO - Started process (PID=39584) to work on /home/komal/data-engineering-projects/airflow-spark-pipeline/airflow_venv/lib/python3.11/site-packages/airflow/example_dags/example_branch_day_of_week_operator.py
[2026-03-18T18:00:45.537+0000] {processor.py:914} INFO - Processing file /home/komal/data-engineering-projects/airflow-spark-pipeline/airflow_venv/lib/python3.11/site-packages/airflow/example_dags/example_branch_day_of_week_operator.py for tasks to queue
[2026-03-18T18:00:45.539+0000] {logging_mixin.py:190} INFO - [2026-03-18T18:00:45.538+0000] {dagbag.py:588} INFO - Filling up the DagBag from /home/komal/data-engineering-projects/airflow-spark-pipeline/airflow_venv/lib/python3.11/site-packages/airflow/example_dags/example_branch_day_of_week_operator.py
[2026-03-18T18:00:45.549+0000] {processor.py:925} INFO - DAG(s) 'example_weekday_branch_operator' retrieved from /home/komal/data-engineering-projects/airflow-spark-pipeline/airflow_venv/lib/python3.11/site-packages/airflow/example_dags/example_branch_day_of_week_operator.py
[2026-03-18T18:00:45.561+0000] {logging_mixin.py:190} INFO - [2026-03-18T18:00:45.561+0000] {dag.py:3239} INFO - Sync 1 DAGs
[2026-03-18T18:00:45.577+0000] {logging_mixin.py:190} INFO - [2026-03-18T18:00:45.577+0000] {dag.py:4180} INFO - Setting next_dagrun for example_weekday_branch_operator to 2026-03-17 00:00:00+00:00, run_after=2026-03-18 00:00:00+00:00
[2026-03-18T18:00:45.596+0000] {processor.py:208} INFO - Processing /home/komal/data-engineering-projects/airflow-spark-pipeline/airflow_venv/lib/python3.11/site-packages/airflow/example_dags/example_branch_day_of_week_operator.py took 0.065 seconds
[2026-03-18T18:01:53.861+0000] {processor.py:186} INFO - Started process (PID=39652) to work on /home/komal/data-engineering-projects/airflow-spark-pipeline/airflow_venv/lib/python3.11/site-packages/airflow/example_dags/example_branch_day_of_week_operator.py
[2026-03-18T18:01:53.887+0000] {processor.py:914} INFO - Processing file /home/komal/data-engineering-projects/airflow-spark-pipeline/airflow_venv/lib/python3.11/site-packages/airflow/example_dags/example_branch_day_of_week_operator.py for tasks to queue
[2026-03-18T18:01:53.893+0000] {logging_mixin.py:190} INFO - [2026-03-18T18:01:53.892+0000] {dagbag.py:588} INFO - Filling up the DagBag from /home/komal/data-engineering-projects/airflow-spark-pipeline/airflow_venv/lib/python3.11/site-packages/airflow/example_dags/example_branch_day_of_week_operator.py
[2026-03-18T18:01:53.907+0000] {processor.py:925} INFO - DAG(s) 'example_weekday_branch_operator' retrieved from /home/komal/data-engineering-projects/airflow-spark-pipeline/airflow_venv/lib/python3.11/site-packages/airflow/example_dags/example_branch_day_of_week_operator.py
[2026-03-18T18:01:53.919+0000] {logging_mixin.py:190} INFO - [2026-03-18T18:01:53.918+0000] {dag.py:3239} INFO - Sync 1 DAGs
[2026-03-18T18:01:53.931+0000] {logging_mixin.py:190} INFO - [2026-03-18T18:01:53.931+0000] {dag.py:4180} INFO - Setting next_dagrun for example_weekday_branch_operator to 2026-03-17 00:00:00+00:00, run_after=2026-03-18 00:00:00+00:00
[2026-03-18T18:01:53.954+0000] {processor.py:208} INFO - Processing /home/komal/data-engineering-projects/airflow-spark-pipeline/airflow_venv/lib/python3.11/site-packages/airflow/example_dags/example_branch_day_of_week_operator.py took 0.102 seconds
[2026-03-18T18:03:02.251+0000] {processor.py:186} INFO - Started process (PID=39719) to work on /home/komal/data-engineering-projects/airflow-spark-pipeline/airflow_venv/lib/python3.11/site-packages/airflow/example_dags/example_branch_day_of_week_operator.py
[2026-03-18T18:03:02.283+0000] {processor.py:914} INFO - Processing file /home/komal/data-engineering-projects/airflow-spark-pipeline/airflow_venv/lib/python3.11/site-packages/airflow/example_dags/example_branch_day_of_week_operator.py for tasks to queue
[2026-03-18T18:03:02.285+0000] {logging_mixin.py:190} INFO - [2026-03-18T18:03:02.284+0000] {dagbag.py:588} INFO - Filling up the DagBag from /home/komal/data-engineering-projects/airflow-spark-pipeline/airflow_venv/lib/python3.11/site-packages/airflow/example_dags/example_branch_day_of_week_operator.py
[2026-03-18T18:03:02.292+0000] {processor.py:925} INFO - DAG(s) 'example_weekday_branch_operator' retrieved from /home/komal/data-engineering-projects/airflow-spark-pipeline/airflow_venv/lib/python3.11/site-packages/airflow/example_dags/example_branch_day_of_week_operator.py
[2026-03-18T18:03:02.306+0000] {logging_mixin.py:190} INFO - [2026-03-18T18:03:02.305+0000] {dag.py:3239} INFO - Sync 1 DAGs
[2026-03-18T18:03:02.320+0000] {logging_mixin.py:190} INFO - [2026-03-18T18:03:02.320+0000] {dag.py:4180} INFO - Setting next_dagrun for example_weekday_branch_operator to 2026-03-17 00:00:00+00:00, run_after=2026-03-18 00:00:00+00:00
[2026-03-18T18:03:02.365+0000] {processor.py:208} INFO - Processing /home/komal/data-engineering-projects/airflow-spark-pipeline/airflow_venv/lib/python3.11/site-packages/airflow/example_dags/example_branch_day_of_week_operator.py took 0.118 seconds
[2026-03-18T18:04:08.720+0000] {processor.py:186} INFO - Started process (PID=39786) to work on /home/komal/data-engineering-projects/airflow-spark-pipeline/airflow_venv/lib/python3.11/site-packages/airflow/example_dags/example_branch_day_of_week_operator.py
[2026-03-18T18:04:08.751+0000] {processor.py:914} INFO - Processing file /home/komal/data-engineering-projects/airflow-spark-pipeline/airflow_venv/lib/python3.11/site-packages/airflow/example_dags/example_branch_day_of_week_operator.py for tasks to queue
[2026-03-18T18:04:08.754+0000] {logging_mixin.py:190} INFO - [2026-03-18T18:04:08.754+0000] {dagbag.py:588} INFO - Filling up the DagBag from /home/komal/data-engineering-projects/airflow-spark-pipeline/airflow_venv/lib/python3.11/site-packages/airflow/example_dags/example_branch_day_of_week_operator.py
[2026-03-18T18:04:08.762+0000] {processor.py:925} INFO - DAG(s) 'example_weekday_branch_operator' retrieved from /home/komal/data-engineering-projects/airflow-spark-pipeline/airflow_venv/lib/python3.11/site-packages/airflow/example_dags/example_branch_day_of_week_operator.py
[2026-03-18T18:04:08.775+0000] {logging_mixin.py:190} INFO - [2026-03-18T18:04:08.774+0000] {dag.py:3239} INFO - Sync 1 DAGs
[2026-03-18T18:04:08.788+0000] {logging_mixin.py:190} INFO - [2026-03-18T18:04:08.788+0000] {dag.py:4180} INFO - Setting next_dagrun for example_weekday_branch_operator to 2026-03-17 00:00:00+00:00, run_after=2026-03-18 00:00:00+00:00
[2026-03-18T18:04:08.806+0000] {processor.py:208} INFO - Processing /home/komal/data-engineering-projects/airflow-spark-pipeline/airflow_venv/lib/python3.11/site-packages/airflow/example_dags/example_branch_day_of_week_operator.py took 0.090 seconds
[2026-03-18T18:05:13.651+0000] {processor.py:186} INFO - Started process (PID=39849) to work on /home/komal/data-engineering-projects/airflow-spark-pipeline/airflow_venv/lib/python3.11/site-packages/airflow/example_dags/example_branch_day_of_week_operator.py
[2026-03-18T18:05:13.684+0000] {processor.py:914} INFO - Processing file /home/komal/data-engineering-projects/airflow-spark-pipeline/airflow_venv/lib/python3.11/site-packages/airflow/example_dags/example_branch_day_of_week_operator.py for tasks to queue
[2026-03-18T18:05:13.687+0000] {logging_mixin.py:190} INFO - [2026-03-18T18:05:13.687+0000] {dagbag.py:588} INFO - Filling up the DagBag from /home/komal/data-engineering-projects/airflow-spark-pipeline/airflow_venv/lib/python3.11/site-packages/airflow/example_dags/example_branch_day_of_week_operator.py
[2026-03-18T18:05:13.711+0000] {processor.py:925} INFO - DAG(s) 'example_weekday_branch_operator' retrieved from /home/komal/data-engineering-projects/airflow-spark-pipeline/airflow_venv/lib/python3.11/site-packages/airflow/example_dags/example_branch_day_of_week_operator.py
[2026-03-18T18:05:13.729+0000] {logging_mixin.py:190} INFO - [2026-03-18T18:05:13.729+0000] {dag.py:3239} INFO - Sync 1 DAGs
[2026-03-18T18:05:13.750+0000] {logging_mixin.py:190} INFO - [2026-03-18T18:05:13.750+0000] {dag.py:4180} INFO - Setting next_dagrun for example_weekday_branch_operator to 2026-03-17 00:00:00+00:00, run_after=2026-03-18 00:00:00+00:00
[2026-03-18T18:05:13.778+0000] {processor.py:208} INFO - Processing /home/komal/data-engineering-projects/airflow-spark-pipeline/airflow_venv/lib/python3.11/site-packages/airflow/example_dags/example_branch_day_of_week_operator.py took 0.131 seconds
[2026-03-18T18:06:22.793+0000] {processor.py:186} INFO - Started process (PID=39915) to work on /home/komal/data-engineering-projects/airflow-spark-pipeline/airflow_venv/lib/python3.11/site-packages/airflow/example_dags/example_branch_day_of_week_operator.py
[2026-03-18T18:06:22.825+0000] {processor.py:914} INFO - Processing file /home/komal/data-engineering-projects/airflow-spark-pipeline/airflow_venv/lib/python3.11/site-packages/airflow/example_dags/example_branch_day_of_week_operator.py for tasks to queue
[2026-03-18T18:06:22.827+0000] {logging_mixin.py:190} INFO - [2026-03-18T18:06:22.826+0000] {dagbag.py:588} INFO - Filling up the DagBag from /home/komal/data-engineering-projects/airflow-spark-pipeline/airflow_venv/lib/python3.11/site-packages/airflow/example_dags/example_branch_day_of_week_operator.py
[2026-03-18T18:06:22.835+0000] {processor.py:925} INFO - DAG(s) 'example_weekday_branch_operator' retrieved from /home/komal/data-engineering-projects/airflow-spark-pipeline/airflow_venv/lib/python3.11/site-packages/airflow/example_dags/example_branch_day_of_week_operator.py
[2026-03-18T18:06:22.846+0000] {logging_mixin.py:190} INFO - [2026-03-18T18:06:22.845+0000] {dag.py:3239} INFO - Sync 1 DAGs
[2026-03-18T18:06:22.862+0000] {logging_mixin.py:190} INFO - [2026-03-18T18:06:22.861+0000] {dag.py:4180} INFO - Setting next_dagrun for example_weekday_branch_operator to 2026-03-17 00:00:00+00:00, run_after=2026-03-18 00:00:00+00:00
[2026-03-18T18:06:22.884+0000] {processor.py:208} INFO - Processing /home/komal/data-engineering-projects/airflow-spark-pipeline/airflow_venv/lib/python3.11/site-packages/airflow/example_dags/example_branch_day_of_week_operator.py took 0.099 seconds
[2026-03-18T18:07:31.339+0000] {processor.py:186} INFO - Started process (PID=39982) to work on /home/komal/data-engineering-projects/airflow-spark-pipeline/airflow_venv/lib/python3.11/site-packages/airflow/example_dags/example_branch_day_of_week_operator.py
[2026-03-18T18:07:31.371+0000] {processor.py:914} INFO - Processing file /home/komal/data-engineering-projects/airflow-spark-pipeline/airflow_venv/lib/python3.11/site-packages/airflow/example_dags/example_branch_day_of_week_operator.py for tasks to queue
[2026-03-18T18:07:31.374+0000] {logging_mixin.py:190} INFO - [2026-03-18T18:07:31.374+0000] {dagbag.py:588} INFO - Filling up the DagBag from /home/komal/data-engineering-projects/airflow-spark-pipeline/airflow_venv/lib/python3.11/site-packages/airflow/example_dags/example_branch_day_of_week_operator.py
[2026-03-18T18:07:31.390+0000] {processor.py:925} INFO - DAG(s) 'example_weekday_branch_operator' retrieved from /home/komal/data-engineering-projects/airflow-spark-pipeline/airflow_venv/lib/python3.11/site-packages/airflow/example_dags/example_branch_day_of_week_operator.py
[2026-03-18T18:07:31.401+0000] {logging_mixin.py:190} INFO - [2026-03-18T18:07:31.401+0000] {dag.py:3239} INFO - Sync 1 DAGs
[2026-03-18T18:07:31.416+0000] {logging_mixin.py:190} INFO - [2026-03-18T18:07:31.416+0000] {dag.py:4180} INFO - Setting next_dagrun for example_weekday_branch_operator to 2026-03-17 00:00:00+00:00, run_after=2026-03-18 00:00:00+00:00
[2026-03-18T18:07:31.439+0000] {processor.py:208} INFO - Processing /home/komal/data-engineering-projects/airflow-spark-pipeline/airflow_venv/lib/python3.11/site-packages/airflow/example_dags/example_branch_day_of_week_operator.py took 0.110 seconds
[2026-03-18T18:08:38.823+0000] {processor.py:186} INFO - Started process (PID=40046) to work on /home/komal/data-engineering-projects/airflow-spark-pipeline/airflow_venv/lib/python3.11/site-packages/airflow/example_dags/example_branch_day_of_week_operator.py
[2026-03-18T18:08:38.856+0000] {processor.py:914} INFO - Processing file /home/komal/data-engineering-projects/airflow-spark-pipeline/airflow_venv/lib/python3.11/site-packages/airflow/example_dags/example_branch_day_of_week_operator.py for tasks to queue
[2026-03-18T18:08:38.859+0000] {logging_mixin.py:190} INFO - [2026-03-18T18:08:38.858+0000] {dagbag.py:588} INFO - Filling up the DagBag from /home/komal/data-engineering-projects/airflow-spark-pipeline/airflow_venv/lib/python3.11/site-packages/airflow/example_dags/example_branch_day_of_week_operator.py
[2026-03-18T18:08:38.875+0000] {processor.py:925} INFO - DAG(s) 'example_weekday_branch_operator' retrieved from /home/komal/data-engineering-projects/airflow-spark-pipeline/airflow_venv/lib/python3.11/site-packages/airflow/example_dags/example_branch_day_of_week_operator.py
[2026-03-18T18:08:38.894+0000] {logging_mixin.py:190} INFO - [2026-03-18T18:08:38.894+0000] {dag.py:3239} INFO - Sync 1 DAGs
[2026-03-18T18:08:38.913+0000] {logging_mixin.py:190} INFO - [2026-03-18T18:08:38.913+0000] {dag.py:4180} INFO - Setting next_dagrun for example_weekday_branch_operator to 2026-03-17 00:00:00+00:00, run_after=2026-03-18 00:00:00+00:00
[2026-03-18T18:08:38.958+0000] {processor.py:208} INFO - Processing /home/komal/data-engineering-projects/airflow-spark-pipeline/airflow_venv/lib/python3.11/site-packages/airflow/example_dags/example_branch_day_of_week_operator.py took 0.147 seconds
[2026-03-18T18:09:45.859+0000] {processor.py:186} INFO - Started process (PID=40110) to work on /home/komal/data-engineering-projects/airflow-spark-pipeline/airflow_venv/lib/python3.11/site-packages/airflow/example_dags/example_branch_day_of_week_operator.py
[2026-03-18T18:09:45.890+0000] {processor.py:914} INFO - Processing file /home/komal/data-engineering-projects/airflow-spark-pipeline/airflow_venv/lib/python3.11/site-packages/airflow/example_dags/example_branch_day_of_week_operator.py for tasks to queue
[2026-03-18T18:09:45.891+0000] {logging_mixin.py:190} INFO - [2026-03-18T18:09:45.891+0000] {dagbag.py:588} INFO - Filling up the DagBag from /home/komal/data-engineering-projects/airflow-spark-pipeline/airflow_venv/lib/python3.11/site-packages/airflow/example_dags/example_branch_day_of_week_operator.py
[2026-03-18T18:09:45.901+0000] {processor.py:925} INFO - DAG(s) 'example_weekday_branch_operator' retrieved from /home/komal/data-engineering-projects/airflow-spark-pipeline/airflow_venv/lib/python3.11/site-packages/airflow/example_dags/example_branch_day_of_week_operator.py
[2026-03-18T18:09:45.925+0000] {logging_mixin.py:190} INFO - [2026-03-18T18:09:45.920+0000] {dag.py:3239} INFO - Sync 1 DAGs
[2026-03-18T18:09:45.955+0000] {logging_mixin.py:190} INFO - [2026-03-18T18:09:45.954+0000] {dag.py:4180} INFO - Setting next_dagrun for example_weekday_branch_operator to 2026-03-17 00:00:00+00:00, run_after=2026-03-18 00:00:00+00:00
[2026-03-18T18:09:45.984+0000] {processor.py:208} INFO - Processing /home/komal/data-engineering-projects/airflow-spark-pipeline/airflow_venv/lib/python3.11/site-packages/airflow/example_dags/example_branch_day_of_week_operator.py took 0.130 seconds
[2026-03-18T18:10:53.512+0000] {processor.py:186} INFO - Started process (PID=40173) to work on /home/komal/data-engineering-projects/airflow-spark-pipeline/airflow_venv/lib/python3.11/site-packages/airflow/example_dags/example_branch_day_of_week_operator.py
[2026-03-18T18:10:53.515+0000] {processor.py:914} INFO - Processing file /home/komal/data-engineering-projects/airflow-spark-pipeline/airflow_venv/lib/python3.11/site-packages/airflow/example_dags/example_branch_day_of_week_operator.py for tasks to queue
[2026-03-18T18:10:53.518+0000] {logging_mixin.py:190} INFO - [2026-03-18T18:10:53.517+0000] {dagbag.py:588} INFO - Filling up the DagBag from /home/komal/data-engineering-projects/airflow-spark-pipeline/airflow_venv/lib/python3.11/site-packages/airflow/example_dags/example_branch_day_of_week_operator.py
[2026-03-18T18:10:53.534+0000] {processor.py:925} INFO - DAG(s) 'example_weekday_branch_operator' retrieved from /home/komal/data-engineering-projects/airflow-spark-pipeline/airflow_venv/lib/python3.11/site-packages/airflow/example_dags/example_branch_day_of_week_operator.py
[2026-03-18T18:10:53.554+0000] {logging_mixin.py:190} INFO - [2026-03-18T18:10:53.554+0000] {dag.py:3239} INFO - Sync 1 DAGs
[2026-03-18T18:10:53.576+0000] {logging_mixin.py:190} INFO - [2026-03-18T18:10:53.576+0000] {dag.py:4180} INFO - Setting next_dagrun for example_weekday_branch_operator to 2026-03-17 00:00:00+00:00, run_after=2026-03-18 00:00:00+00:00
[2026-03-18T18:10:53.594+0000] {processor.py:208} INFO - Processing /home/komal/data-engineering-projects/airflow-spark-pipeline/airflow_venv/lib/python3.11/site-packages/airflow/example_dags/example_branch_day_of_week_operator.py took 0.090 seconds
[2026-03-18T18:12:01.803+0000] {processor.py:186} INFO - Started process (PID=40241) to work on /home/komal/data-engineering-projects/airflow-spark-pipeline/airflow_venv/lib/python3.11/site-packages/airflow/example_dags/example_branch_day_of_week_operator.py
[2026-03-18T18:12:01.807+0000] {processor.py:914} INFO - Processing file /home/komal/data-engineering-projects/airflow-spark-pipeline/airflow_venv/lib/python3.11/site-packages/airflow/example_dags/example_branch_day_of_week_operator.py for tasks to queue
[2026-03-18T18:12:01.810+0000] {logging_mixin.py:190} INFO - [2026-03-18T18:12:01.809+0000] {dagbag.py:588} INFO - Filling up the DagBag from /home/komal/data-engineering-projects/airflow-spark-pipeline/airflow_venv/lib/python3.11/site-packages/airflow/example_dags/example_branch_day_of_week_operator.py
[2026-03-18T18:12:01.818+0000] {processor.py:925} INFO - DAG(s) 'example_weekday_branch_operator' retrieved from /home/komal/data-engineering-projects/airflow-spark-pipeline/airflow_venv/lib/python3.11/site-packages/airflow/example_dags/example_branch_day_of_week_operator.py
[2026-03-18T18:12:01.829+0000] {logging_mixin.py:190} INFO - [2026-03-18T18:12:01.828+0000] {dag.py:3239} INFO - Sync 1 DAGs
[2026-03-18T18:12:01.842+0000] {logging_mixin.py:190} INFO - [2026-03-18T18:12:01.841+0000] {dag.py:4180} INFO - Setting next_dagrun for example_weekday_branch_operator to 2026-03-17 00:00:00+00:00, run_after=2026-03-18 00:00:00+00:00
[2026-03-18T18:12:01.864+0000] {processor.py:208} INFO - Processing /home/komal/data-engineering-projects/airflow-spark-pipeline/airflow_venv/lib/python3.11/site-packages/airflow/example_dags/example_branch_day_of_week_operator.py took 0.069 seconds
[2026-03-18T18:13:07.474+0000] {processor.py:186} INFO - Started process (PID=40304) to work on /home/komal/data-engineering-projects/airflow-spark-pipeline/airflow_venv/lib/python3.11/site-packages/airflow/example_dags/example_branch_day_of_week_operator.py
[2026-03-18T18:13:07.477+0000] {processor.py:914} INFO - Processing file /home/komal/data-engineering-projects/airflow-spark-pipeline/airflow_venv/lib/python3.11/site-packages/airflow/example_dags/example_branch_day_of_week_operator.py for tasks to queue
[2026-03-18T18:13:07.479+0000] {logging_mixin.py:190} INFO - [2026-03-18T18:13:07.479+0000] {dagbag.py:588} INFO - Filling up the DagBag from /home/komal/data-engineering-projects/airflow-spark-pipeline/airflow_venv/lib/python3.11/site-packages/airflow/example_dags/example_branch_day_of_week_operator.py
[2026-03-18T18:13:07.490+0000] {processor.py:925} INFO - DAG(s) 'example_weekday_branch_operator' retrieved from /home/komal/data-engineering-projects/airflow-spark-pipeline/airflow_venv/lib/python3.11/site-packages/airflow/example_dags/example_branch_day_of_week_operator.py
[2026-03-18T18:13:07.509+0000] {logging_mixin.py:190} INFO - [2026-03-18T18:13:07.509+0000] {dag.py:3239} INFO - Sync 1 DAGs
[2026-03-18T18:13:07.527+0000] {logging_mixin.py:190} INFO - [2026-03-18T18:13:07.527+0000] {dag.py:4180} INFO - Setting next_dagrun for example_weekday_branch_operator to 2026-03-17 00:00:00+00:00, run_after=2026-03-18 00:00:00+00:00
[2026-03-18T18:13:07.554+0000] {processor.py:208} INFO - Processing /home/komal/data-engineering-projects/airflow-spark-pipeline/airflow_venv/lib/python3.11/site-packages/airflow/example_dags/example_branch_day_of_week_operator.py took 0.092 seconds
[2026-03-18T18:14:11.206+0000] {processor.py:186} INFO - Started process (PID=40369) to work on /home/komal/data-engineering-projects/airflow-spark-pipeline/airflow_venv/lib/python3.11/site-packages/airflow/example_dags/example_branch_day_of_week_operator.py
[2026-03-18T18:14:11.238+0000] {processor.py:914} INFO - Processing file /home/komal/data-engineering-projects/airflow-spark-pipeline/airflow_venv/lib/python3.11/site-packages/airflow/example_dags/example_branch_day_of_week_operator.py for tasks to queue
[2026-03-18T18:14:11.243+0000] {logging_mixin.py:190} INFO - [2026-03-18T18:14:11.242+0000] {dagbag.py:588} INFO - Filling up the DagBag from /home/komal/data-engineering-projects/airflow-spark-pipeline/airflow_venv/lib/python3.11/site-packages/airflow/example_dags/example_branch_day_of_week_operator.py
[2026-03-18T18:14:11.263+0000] {processor.py:925} INFO - DAG(s) 'example_weekday_branch_operator' retrieved from /home/komal/data-engineering-projects/airflow-spark-pipeline/airflow_venv/lib/python3.11/site-packages/airflow/example_dags/example_branch_day_of_week_operator.py
[2026-03-18T18:14:11.288+0000] {logging_mixin.py:190} INFO - [2026-03-18T18:14:11.288+0000] {dag.py:3239} INFO - Sync 1 DAGs
[2026-03-18T18:14:11.304+0000] {logging_mixin.py:190} INFO - [2026-03-18T18:14:11.304+0000] {dag.py:4180} INFO - Setting next_dagrun for example_weekday_branch_operator to 2026-03-17 00:00:00+00:00, run_after=2026-03-18 00:00:00+00:00
[2026-03-18T18:14:11.337+0000] {processor.py:208} INFO - Processing /home/komal/data-engineering-projects/airflow-spark-pipeline/airflow_venv/lib/python3.11/site-packages/airflow/example_dags/example_branch_day_of_week_operator.py took 0.141 seconds
[2026-03-18T18:15:14.348+0000] {processor.py:186} INFO - Started process (PID=40431) to work on /home/komal/data-engineering-projects/airflow-spark-pipeline/airflow_venv/lib/python3.11/site-packages/airflow/example_dags/example_branch_day_of_week_operator.py
[2026-03-18T18:15:14.365+0000] {processor.py:914} INFO - Processing file /home/komal/data-engineering-projects/airflow-spark-pipeline/airflow_venv/lib/python3.11/site-packages/airflow/example_dags/example_branch_day_of_week_operator.py for tasks to queue
[2026-03-18T18:15:14.369+0000] {logging_mixin.py:190} INFO - [2026-03-18T18:15:14.368+0000] {dagbag.py:588} INFO - Filling up the DagBag from /home/komal/data-engineering-projects/airflow-spark-pipeline/airflow_venv/lib/python3.11/site-packages/airflow/example_dags/example_branch_day_of_week_operator.py
[2026-03-18T18:15:14.381+0000] {processor.py:925} INFO - DAG(s) 'example_weekday_branch_operator' retrieved from /home/komal/data-engineering-projects/airflow-spark-pipeline/airflow_venv/lib/python3.11/site-packages/airflow/example_dags/example_branch_day_of_week_operator.py
[2026-03-18T18:15:14.392+0000] {logging_mixin.py:190} INFO - [2026-03-18T18:15:14.392+0000] {dag.py:3239} INFO - Sync 1 DAGs
[2026-03-18T18:15:14.406+0000] {logging_mixin.py:190} INFO - [2026-03-18T18:15:14.406+0000] {dag.py:4180} INFO - Setting next_dagrun for example_weekday_branch_operator to 2026-03-17 00:00:00+00:00, run_after=2026-03-18 00:00:00+00:00
[2026-03-18T18:15:14.431+0000] {processor.py:208} INFO - Processing /home/komal/data-engineering-projects/airflow-spark-pipeline/airflow_venv/lib/python3.11/site-packages/airflow/example_dags/example_branch_day_of_week_operator.py took 0.092 seconds
[2026-03-18T18:16:23.811+0000] {processor.py:186} INFO - Started process (PID=40498) to work on /home/komal/data-engineering-projects/airflow-spark-pipeline/airflow_venv/lib/python3.11/site-packages/airflow/example_dags/example_branch_day_of_week_operator.py
[2026-03-18T18:16:23.816+0000] {processor.py:914} INFO - Processing file /home/komal/data-engineering-projects/airflow-spark-pipeline/airflow_venv/lib/python3.11/site-packages/airflow/example_dags/example_branch_day_of_week_operator.py for tasks to queue
[2026-03-18T18:16:23.818+0000] {logging_mixin.py:190} INFO - [2026-03-18T18:16:23.817+0000] {dagbag.py:588} INFO - Filling up the DagBag from /home/komal/data-engineering-projects/airflow-spark-pipeline/airflow_venv/lib/python3.11/site-packages/airflow/example_dags/example_branch_day_of_week_operator.py
[2026-03-18T18:16:23.825+0000] {processor.py:925} INFO - DAG(s) 'example_weekday_branch_operator' retrieved from /home/komal/data-engineering-projects/airflow-spark-pipeline/airflow_venv/lib/python3.11/site-packages/airflow/example_dags/example_branch_day_of_week_operator.py
[2026-03-18T18:16:23.856+0000] {logging_mixin.py:190} INFO - [2026-03-18T18:16:23.856+0000] {dag.py:3239} INFO - Sync 1 DAGs
[2026-03-18T18:16:23.878+0000] {logging_mixin.py:190} INFO - [2026-03-18T18:16:23.878+0000] {dag.py:4180} INFO - Setting next_dagrun for example_weekday_branch_operator to 2026-03-17 00:00:00+00:00, run_after=2026-03-18 00:00:00+00:00
[2026-03-18T18:16:23.902+0000] {processor.py:208} INFO - Processing /home/komal/data-engineering-projects/airflow-spark-pipeline/airflow_venv/lib/python3.11/site-packages/airflow/example_dags/example_branch_day_of_week_operator.py took 0.100 seconds
[2026-03-18T18:17:27.924+0000] {processor.py:186} INFO - Started process (PID=40563) to work on /home/komal/data-engineering-projects/airflow-spark-pipeline/airflow_venv/lib/python3.11/site-packages/airflow/example_dags/example_branch_day_of_week_operator.py
[2026-03-18T18:17:27.955+0000] {processor.py:914} INFO - Processing file /home/komal/data-engineering-projects/airflow-spark-pipeline/airflow_venv/lib/python3.11/site-packages/airflow/example_dags/example_branch_day_of_week_operator.py for tasks to queue
[2026-03-18T18:17:27.958+0000] {logging_mixin.py:190} INFO - [2026-03-18T18:17:27.957+0000] {dagbag.py:588} INFO - Filling up the DagBag from /home/komal/data-engineering-projects/airflow-spark-pipeline/airflow_venv/lib/python3.11/site-packages/airflow/example_dags/example_branch_day_of_week_operator.py
[2026-03-18T18:17:27.991+0000] {processor.py:925} INFO - DAG(s) 'example_weekday_branch_operator' retrieved from /home/komal/data-engineering-projects/airflow-spark-pipeline/airflow_venv/lib/python3.11/site-packages/airflow/example_dags/example_branch_day_of_week_operator.py
[2026-03-18T18:17:28.054+0000] {logging_mixin.py:190} INFO - [2026-03-18T18:17:28.054+0000] {dag.py:3239} INFO - Sync 1 DAGs
[2026-03-18T18:17:28.074+0000] {logging_mixin.py:190} INFO - [2026-03-18T18:17:28.074+0000] {dag.py:4180} INFO - Setting next_dagrun for example_weekday_branch_operator to 2026-03-17 00:00:00+00:00, run_after=2026-03-18 00:00:00+00:00
[2026-03-18T18:17:28.177+0000] {processor.py:208} INFO - Processing /home/komal/data-engineering-projects/airflow-spark-pipeline/airflow_venv/lib/python3.11/site-packages/airflow/example_dags/example_branch_day_of_week_operator.py took 0.265 seconds
[2026-03-18T18:18:37.756+0000] {processor.py:186} INFO - Started process (PID=40630) to work on /home/komal/data-engineering-projects/airflow-spark-pipeline/airflow_venv/lib/python3.11/site-packages/airflow/example_dags/example_branch_day_of_week_operator.py
[2026-03-18T18:18:37.758+0000] {processor.py:914} INFO - Processing file /home/komal/data-engineering-projects/airflow-spark-pipeline/airflow_venv/lib/python3.11/site-packages/airflow/example_dags/example_branch_day_of_week_operator.py for tasks to queue
[2026-03-18T18:18:37.759+0000] {logging_mixin.py:190} INFO - [2026-03-18T18:18:37.759+0000] {dagbag.py:588} INFO - Filling up the DagBag from /home/komal/data-engineering-projects/airflow-spark-pipeline/airflow_venv/lib/python3.11/site-packages/airflow/example_dags/example_branch_day_of_week_operator.py
[2026-03-18T18:18:37.767+0000] {processor.py:925} INFO - DAG(s) 'example_weekday_branch_operator' retrieved from /home/komal/data-engineering-projects/airflow-spark-pipeline/airflow_venv/lib/python3.11/site-packages/airflow/example_dags/example_branch_day_of_week_operator.py
[2026-03-18T18:18:37.781+0000] {logging_mixin.py:190} INFO - [2026-03-18T18:18:37.781+0000] {dag.py:3239} INFO - Sync 1 DAGs
[2026-03-18T18:18:37.797+0000] {logging_mixin.py:190} INFO - [2026-03-18T18:18:37.797+0000] {dag.py:4180} INFO - Setting next_dagrun for example_weekday_branch_operator to 2026-03-17 00:00:00+00:00, run_after=2026-03-18 00:00:00+00:00
[2026-03-18T18:18:37.821+0000] {processor.py:208} INFO - Processing /home/komal/data-engineering-projects/airflow-spark-pipeline/airflow_venv/lib/python3.11/site-packages/airflow/example_dags/example_branch_day_of_week_operator.py took 0.076 seconds
[2026-03-18T18:19:50.096+0000] {processor.py:186} INFO - Started process (PID=40695) to work on /home/komal/data-engineering-projects/airflow-spark-pipeline/airflow_venv/lib/python3.11/site-packages/airflow/example_dags/example_branch_day_of_week_operator.py
[2026-03-18T18:19:50.127+0000] {processor.py:914} INFO - Processing file /home/komal/data-engineering-projects/airflow-spark-pipeline/airflow_venv/lib/python3.11/site-packages/airflow/example_dags/example_branch_day_of_week_operator.py for tasks to queue
[2026-03-18T18:19:50.131+0000] {logging_mixin.py:190} INFO - [2026-03-18T18:19:50.130+0000] {dagbag.py:588} INFO - Filling up the DagBag from /home/komal/data-engineering-projects/airflow-spark-pipeline/airflow_venv/lib/python3.11/site-packages/airflow/example_dags/example_branch_day_of_week_operator.py
[2026-03-18T18:19:50.144+0000] {processor.py:925} INFO - DAG(s) 'example_weekday_branch_operator' retrieved from /home/komal/data-engineering-projects/airflow-spark-pipeline/airflow_venv/lib/python3.11/site-packages/airflow/example_dags/example_branch_day_of_week_operator.py
[2026-03-18T18:19:50.157+0000] {logging_mixin.py:190} INFO - [2026-03-18T18:19:50.156+0000] {dag.py:3239} INFO - Sync 1 DAGs
[2026-03-18T18:19:50.174+0000] {logging_mixin.py:190} INFO - [2026-03-18T18:19:50.174+0000] {dag.py:4180} INFO - Setting next_dagrun for example_weekday_branch_operator to 2026-03-17 00:00:00+00:00, run_after=2026-03-18 00:00:00+00:00
[2026-03-18T18:19:50.195+0000] {processor.py:208} INFO - Processing /home/komal/data-engineering-projects/airflow-spark-pipeline/airflow_venv/lib/python3.11/site-packages/airflow/example_dags/example_branch_day_of_week_operator.py took 0.104 seconds
[2026-03-18T18:20:56.067+0000] {processor.py:186} INFO - Started process (PID=40763) to work on /home/komal/data-engineering-projects/airflow-spark-pipeline/airflow_venv/lib/python3.11/site-packages/airflow/example_dags/example_branch_day_of_week_operator.py
[2026-03-18T18:20:56.100+0000] {processor.py:914} INFO - Processing file /home/komal/data-engineering-projects/airflow-spark-pipeline/airflow_venv/lib/python3.11/site-packages/airflow/example_dags/example_branch_day_of_week_operator.py for tasks to queue
[2026-03-18T18:20:56.103+0000] {logging_mixin.py:190} INFO - [2026-03-18T18:20:56.102+0000] {dagbag.py:588} INFO - Filling up the DagBag from /home/komal/data-engineering-projects/airflow-spark-pipeline/airflow_venv/lib/python3.11/site-packages/airflow/example_dags/example_branch_day_of_week_operator.py
[2026-03-18T18:20:56.116+0000] {processor.py:925} INFO - DAG(s) 'example_weekday_branch_operator' retrieved from /home/komal/data-engineering-projects/airflow-spark-pipeline/airflow_venv/lib/python3.11/site-packages/airflow/example_dags/example_branch_day_of_week_operator.py
[2026-03-18T18:20:56.128+0000] {logging_mixin.py:190} INFO - [2026-03-18T18:20:56.128+0000] {dag.py:3239} INFO - Sync 1 DAGs
[2026-03-18T18:20:56.144+0000] {logging_mixin.py:190} INFO - [2026-03-18T18:20:56.144+0000] {dag.py:4180} INFO - Setting next_dagrun for example_weekday_branch_operator to 2026-03-17 00:00:00+00:00, run_after=2026-03-18 00:00:00+00:00
[2026-03-18T18:20:56.168+0000] {processor.py:208} INFO - Processing /home/komal/data-engineering-projects/airflow-spark-pipeline/airflow_venv/lib/python3.11/site-packages/airflow/example_dags/example_branch_day_of_week_operator.py took 0.106 seconds
[2026-03-18T18:22:06.663+0000] {processor.py:186} INFO - Started process (PID=40898) to work on /home/komal/data-engineering-projects/airflow-spark-pipeline/airflow_venv/lib/python3.11/site-packages/airflow/example_dags/example_branch_day_of_week_operator.py
[2026-03-18T18:22:06.677+0000] {processor.py:914} INFO - Processing file /home/komal/data-engineering-projects/airflow-spark-pipeline/airflow_venv/lib/python3.11/site-packages/airflow/example_dags/example_branch_day_of_week_operator.py for tasks to queue
[2026-03-18T18:22:06.681+0000] {logging_mixin.py:190} INFO - [2026-03-18T18:22:06.680+0000] {dagbag.py:588} INFO - Filling up the DagBag from /home/komal/data-engineering-projects/airflow-spark-pipeline/airflow_venv/lib/python3.11/site-packages/airflow/example_dags/example_branch_day_of_week_operator.py
[2026-03-18T18:22:06.697+0000] {processor.py:925} INFO - DAG(s) 'example_weekday_branch_operator' retrieved from /home/komal/data-engineering-projects/airflow-spark-pipeline/airflow_venv/lib/python3.11/site-packages/airflow/example_dags/example_branch_day_of_week_operator.py
[2026-03-18T18:22:06.710+0000] {logging_mixin.py:190} INFO - [2026-03-18T18:22:06.710+0000] {dag.py:3239} INFO - Sync 1 DAGs
[2026-03-18T18:22:06.726+0000] {logging_mixin.py:190} INFO - [2026-03-18T18:22:06.726+0000] {dag.py:4180} INFO - Setting next_dagrun for example_weekday_branch_operator to 2026-03-17 00:00:00+00:00, run_after=2026-03-18 00:00:00+00:00
[2026-03-18T18:22:06.747+0000] {processor.py:208} INFO - Processing /home/komal/data-engineering-projects/airflow-spark-pipeline/airflow_venv/lib/python3.11/site-packages/airflow/example_dags/example_branch_day_of_week_operator.py took 0.093 seconds
[2026-03-18T18:23:14.982+0000] {processor.py:186} INFO - Started process (PID=40966) to work on /home/komal/data-engineering-projects/airflow-spark-pipeline/airflow_venv/lib/python3.11/site-packages/airflow/example_dags/example_branch_day_of_week_operator.py
[2026-03-18T18:23:14.986+0000] {processor.py:914} INFO - Processing file /home/komal/data-engineering-projects/airflow-spark-pipeline/airflow_venv/lib/python3.11/site-packages/airflow/example_dags/example_branch_day_of_week_operator.py for tasks to queue
[2026-03-18T18:23:14.989+0000] {logging_mixin.py:190} INFO - [2026-03-18T18:23:14.988+0000] {dagbag.py:588} INFO - Filling up the DagBag from /home/komal/data-engineering-projects/airflow-spark-pipeline/airflow_venv/lib/python3.11/site-packages/airflow/example_dags/example_branch_day_of_week_operator.py
[2026-03-18T18:23:14.998+0000] {processor.py:925} INFO - DAG(s) 'example_weekday_branch_operator' retrieved from /home/komal/data-engineering-projects/airflow-spark-pipeline/airflow_venv/lib/python3.11/site-packages/airflow/example_dags/example_branch_day_of_week_operator.py
[2026-03-18T18:23:15.011+0000] {logging_mixin.py:190} INFO - [2026-03-18T18:23:15.011+0000] {dag.py:3239} INFO - Sync 1 DAGs
[2026-03-18T18:23:15.027+0000] {logging_mixin.py:190} INFO - [2026-03-18T18:23:15.026+0000] {dag.py:4180} INFO - Setting next_dagrun for example_weekday_branch_operator to 2026-03-17 00:00:00+00:00, run_after=2026-03-18 00:00:00+00:00
[2026-03-18T18:23:15.049+0000] {processor.py:208} INFO - Processing /home/komal/data-engineering-projects/airflow-spark-pipeline/airflow_venv/lib/python3.11/site-packages/airflow/example_dags/example_branch_day_of_week_operator.py took 0.075 seconds
[2026-03-18T18:24:25.540+0000] {processor.py:186} INFO - Started process (PID=41034) to work on /home/komal/data-engineering-projects/airflow-spark-pipeline/airflow_venv/lib/python3.11/site-packages/airflow/example_dags/example_branch_day_of_week_operator.py
[2026-03-18T18:24:25.572+0000] {processor.py:914} INFO - Processing file /home/komal/data-engineering-projects/airflow-spark-pipeline/airflow_venv/lib/python3.11/site-packages/airflow/example_dags/example_branch_day_of_week_operator.py for tasks to queue
[2026-03-18T18:24:25.576+0000] {logging_mixin.py:190} INFO - [2026-03-18T18:24:25.575+0000] {dagbag.py:588} INFO - Filling up the DagBag from /home/komal/data-engineering-projects/airflow-spark-pipeline/airflow_venv/lib/python3.11/site-packages/airflow/example_dags/example_branch_day_of_week_operator.py
[2026-03-18T18:24:25.590+0000] {processor.py:925} INFO - DAG(s) 'example_weekday_branch_operator' retrieved from /home/komal/data-engineering-projects/airflow-spark-pipeline/airflow_venv/lib/python3.11/site-packages/airflow/example_dags/example_branch_day_of_week_operator.py
[2026-03-18T18:24:25.604+0000] {logging_mixin.py:190} INFO - [2026-03-18T18:24:25.604+0000] {dag.py:3239} INFO - Sync 1 DAGs
[2026-03-18T18:24:25.620+0000] {logging_mixin.py:190} INFO - [2026-03-18T18:24:25.620+0000] {dag.py:4180} INFO - Setting next_dagrun for example_weekday_branch_operator to 2026-03-17 00:00:00+00:00, run_after=2026-03-18 00:00:00+00:00
[2026-03-18T18:24:25.650+0000] {processor.py:208} INFO - Processing /home/komal/data-engineering-projects/airflow-spark-pipeline/airflow_venv/lib/python3.11/site-packages/airflow/example_dags/example_branch_day_of_week_operator.py took 0.121 seconds
[2026-03-18T18:25:30.404+0000] {processor.py:186} INFO - Started process (PID=41172) to work on /home/komal/data-engineering-projects/airflow-spark-pipeline/airflow_venv/lib/python3.11/site-packages/airflow/example_dags/example_branch_day_of_week_operator.py
[2026-03-18T18:25:30.437+0000] {processor.py:914} INFO - Processing file /home/komal/data-engineering-projects/airflow-spark-pipeline/airflow_venv/lib/python3.11/site-packages/airflow/example_dags/example_branch_day_of_week_operator.py for tasks to queue
[2026-03-18T18:25:30.441+0000] {logging_mixin.py:190} INFO - [2026-03-18T18:25:30.440+0000] {dagbag.py:588} INFO - Filling up the DagBag from /home/komal/data-engineering-projects/airflow-spark-pipeline/airflow_venv/lib/python3.11/site-packages/airflow/example_dags/example_branch_day_of_week_operator.py
[2026-03-18T18:25:30.458+0000] {processor.py:925} INFO - DAG(s) 'example_weekday_branch_operator' retrieved from /home/komal/data-engineering-projects/airflow-spark-pipeline/airflow_venv/lib/python3.11/site-packages/airflow/example_dags/example_branch_day_of_week_operator.py
[2026-03-18T18:25:30.480+0000] {logging_mixin.py:190} INFO - [2026-03-18T18:25:30.480+0000] {dag.py:3239} INFO - Sync 1 DAGs
[2026-03-18T18:25:30.503+0000] {logging_mixin.py:190} INFO - [2026-03-18T18:25:30.503+0000] {dag.py:4180} INFO - Setting next_dagrun for example_weekday_branch_operator to 2026-03-17 00:00:00+00:00, run_after=2026-03-18 00:00:00+00:00
[2026-03-18T18:25:30.534+0000] {processor.py:208} INFO - Processing /home/komal/data-engineering-projects/airflow-spark-pipeline/airflow_venv/lib/python3.11/site-packages/airflow/example_dags/example_branch_day_of_week_operator.py took 0.136 seconds
[2026-03-18T18:26:37.412+0000] {processor.py:186} INFO - Started process (PID=41237) to work on /home/komal/data-engineering-projects/airflow-spark-pipeline/airflow_venv/lib/python3.11/site-packages/airflow/example_dags/example_branch_day_of_week_operator.py
[2026-03-18T18:26:37.413+0000] {processor.py:914} INFO - Processing file /home/komal/data-engineering-projects/airflow-spark-pipeline/airflow_venv/lib/python3.11/site-packages/airflow/example_dags/example_branch_day_of_week_operator.py for tasks to queue
[2026-03-18T18:26:37.415+0000] {logging_mixin.py:190} INFO - [2026-03-18T18:26:37.414+0000] {dagbag.py:588} INFO - Filling up the DagBag from /home/komal/data-engineering-projects/airflow-spark-pipeline/airflow_venv/lib/python3.11/site-packages/airflow/example_dags/example_branch_day_of_week_operator.py
[2026-03-18T18:26:37.422+0000] {processor.py:925} INFO - DAG(s) 'example_weekday_branch_operator' retrieved from /home/komal/data-engineering-projects/airflow-spark-pipeline/airflow_venv/lib/python3.11/site-packages/airflow/example_dags/example_branch_day_of_week_operator.py
[2026-03-18T18:26:37.434+0000] {logging_mixin.py:190} INFO - [2026-03-18T18:26:37.434+0000] {dag.py:3239} INFO - Sync 1 DAGs
[2026-03-18T18:26:37.450+0000] {logging_mixin.py:190} INFO - [2026-03-18T18:26:37.450+0000] {dag.py:4180} INFO - Setting next_dagrun for example_weekday_branch_operator to 2026-03-17 00:00:00+00:00, run_after=2026-03-18 00:00:00+00:00
[2026-03-18T18:26:37.473+0000] {processor.py:208} INFO - Processing /home/komal/data-engineering-projects/airflow-spark-pipeline/airflow_venv/lib/python3.11/site-packages/airflow/example_dags/example_branch_day_of_week_operator.py took 0.066 seconds
[2026-03-18T18:27:44.000+0000] {processor.py:186} INFO - Started process (PID=41302) to work on /home/komal/data-engineering-projects/airflow-spark-pipeline/airflow_venv/lib/python3.11/site-packages/airflow/example_dags/example_branch_day_of_week_operator.py
[2026-03-18T18:27:44.032+0000] {processor.py:914} INFO - Processing file /home/komal/data-engineering-projects/airflow-spark-pipeline/airflow_venv/lib/python3.11/site-packages/airflow/example_dags/example_branch_day_of_week_operator.py for tasks to queue
[2026-03-18T18:27:44.034+0000] {logging_mixin.py:190} INFO - [2026-03-18T18:27:44.034+0000] {dagbag.py:588} INFO - Filling up the DagBag from /home/komal/data-engineering-projects/airflow-spark-pipeline/airflow_venv/lib/python3.11/site-packages/airflow/example_dags/example_branch_day_of_week_operator.py
[2026-03-18T18:27:44.044+0000] {processor.py:925} INFO - DAG(s) 'example_weekday_branch_operator' retrieved from /home/komal/data-engineering-projects/airflow-spark-pipeline/airflow_venv/lib/python3.11/site-packages/airflow/example_dags/example_branch_day_of_week_operator.py
[2026-03-18T18:27:44.061+0000] {logging_mixin.py:190} INFO - [2026-03-18T18:27:44.061+0000] {dag.py:3239} INFO - Sync 1 DAGs
[2026-03-18T18:27:44.077+0000] {logging_mixin.py:190} INFO - [2026-03-18T18:27:44.077+0000] {dag.py:4180} INFO - Setting next_dagrun for example_weekday_branch_operator to 2026-03-17 00:00:00+00:00, run_after=2026-03-18 00:00:00+00:00
[2026-03-18T18:27:44.100+0000] {processor.py:208} INFO - Processing /home/komal/data-engineering-projects/airflow-spark-pipeline/airflow_venv/lib/python3.11/site-packages/airflow/example_dags/example_branch_day_of_week_operator.py took 0.112 seconds
[2026-03-18T18:28:50.420+0000] {processor.py:186} INFO - Started process (PID=41376) to work on /home/komal/data-engineering-projects/airflow-spark-pipeline/airflow_venv/lib/python3.11/site-packages/airflow/example_dags/example_branch_day_of_week_operator.py
[2026-03-18T18:28:50.423+0000] {processor.py:914} INFO - Processing file /home/komal/data-engineering-projects/airflow-spark-pipeline/airflow_venv/lib/python3.11/site-packages/airflow/example_dags/example_branch_day_of_week_operator.py for tasks to queue
[2026-03-18T18:28:50.426+0000] {logging_mixin.py:190} INFO - [2026-03-18T18:28:50.425+0000] {dagbag.py:588} INFO - Filling up the DagBag from /home/komal/data-engineering-projects/airflow-spark-pipeline/airflow_venv/lib/python3.11/site-packages/airflow/example_dags/example_branch_day_of_week_operator.py
[2026-03-18T18:28:50.440+0000] {processor.py:925} INFO - DAG(s) 'example_weekday_branch_operator' retrieved from /home/komal/data-engineering-projects/airflow-spark-pipeline/airflow_venv/lib/python3.11/site-packages/airflow/example_dags/example_branch_day_of_week_operator.py
[2026-03-18T18:28:50.461+0000] {logging_mixin.py:190} INFO - [2026-03-18T18:28:50.461+0000] {dag.py:3239} INFO - Sync 1 DAGs
[2026-03-18T18:28:50.480+0000] {logging_mixin.py:190} INFO - [2026-03-18T18:28:50.480+0000] {dag.py:4180} INFO - Setting next_dagrun for example_weekday_branch_operator to 2026-03-17 00:00:00+00:00, run_after=2026-03-18 00:00:00+00:00
[2026-03-18T18:28:50.501+0000] {processor.py:208} INFO - Processing /home/komal/data-engineering-projects/airflow-spark-pipeline/airflow_venv/lib/python3.11/site-packages/airflow/example_dags/example_branch_day_of_week_operator.py took 0.092 seconds
[2026-03-18T18:29:59.967+0000] {processor.py:186} INFO - Started process (PID=41440) to work on /home/komal/data-engineering-projects/airflow-spark-pipeline/airflow_venv/lib/python3.11/site-packages/airflow/example_dags/example_branch_day_of_week_operator.py
[2026-03-18T18:29:59.999+0000] {processor.py:914} INFO - Processing file /home/komal/data-engineering-projects/airflow-spark-pipeline/airflow_venv/lib/python3.11/site-packages/airflow/example_dags/example_branch_day_of_week_operator.py for tasks to queue
[2026-03-18T18:30:00.003+0000] {logging_mixin.py:190} INFO - [2026-03-18T18:30:00.002+0000] {dagbag.py:588} INFO - Filling up the DagBag from /home/komal/data-engineering-projects/airflow-spark-pipeline/airflow_venv/lib/python3.11/site-packages/airflow/example_dags/example_branch_day_of_week_operator.py
[2026-03-18T18:30:00.021+0000] {processor.py:925} INFO - DAG(s) 'example_weekday_branch_operator' retrieved from /home/komal/data-engineering-projects/airflow-spark-pipeline/airflow_venv/lib/python3.11/site-packages/airflow/example_dags/example_branch_day_of_week_operator.py
[2026-03-18T18:30:00.040+0000] {logging_mixin.py:190} INFO - [2026-03-18T18:30:00.040+0000] {dag.py:3239} INFO - Sync 1 DAGs
[2026-03-18T18:30:00.063+0000] {logging_mixin.py:190} INFO - [2026-03-18T18:30:00.063+0000] {dag.py:4180} INFO - Setting next_dagrun for example_weekday_branch_operator to 2026-03-17 00:00:00+00:00, run_after=2026-03-18 00:00:00+00:00
[2026-03-18T18:30:00.084+0000] {processor.py:208} INFO - Processing /home/komal/data-engineering-projects/airflow-spark-pipeline/airflow_venv/lib/python3.11/site-packages/airflow/example_dags/example_branch_day_of_week_operator.py took 0.123 seconds
[2026-03-18T18:31:02.656+0000] {processor.py:186} INFO - Started process (PID=41506) to work on /home/komal/data-engineering-projects/airflow-spark-pipeline/airflow_venv/lib/python3.11/site-packages/airflow/example_dags/example_branch_day_of_week_operator.py
[2026-03-18T18:31:02.658+0000] {processor.py:914} INFO - Processing file /home/komal/data-engineering-projects/airflow-spark-pipeline/airflow_venv/lib/python3.11/site-packages/airflow/example_dags/example_branch_day_of_week_operator.py for tasks to queue
[2026-03-18T18:31:02.660+0000] {logging_mixin.py:190} INFO - [2026-03-18T18:31:02.659+0000] {dagbag.py:588} INFO - Filling up the DagBag from /home/komal/data-engineering-projects/airflow-spark-pipeline/airflow_venv/lib/python3.11/site-packages/airflow/example_dags/example_branch_day_of_week_operator.py
[2026-03-18T18:31:02.668+0000] {processor.py:925} INFO - DAG(s) 'example_weekday_branch_operator' retrieved from /home/komal/data-engineering-projects/airflow-spark-pipeline/airflow_venv/lib/python3.11/site-packages/airflow/example_dags/example_branch_day_of_week_operator.py
[2026-03-18T18:31:02.678+0000] {logging_mixin.py:190} INFO - [2026-03-18T18:31:02.678+0000] {dag.py:3239} INFO - Sync 1 DAGs
[2026-03-18T18:31:02.699+0000] {logging_mixin.py:190} INFO - [2026-03-18T18:31:02.699+0000] {dag.py:4180} INFO - Setting next_dagrun for example_weekday_branch_operator to 2026-03-17 00:00:00+00:00, run_after=2026-03-18 00:00:00+00:00
[2026-03-18T18:31:02.721+0000] {processor.py:208} INFO - Processing /home/komal/data-engineering-projects/airflow-spark-pipeline/airflow_venv/lib/python3.11/site-packages/airflow/example_dags/example_branch_day_of_week_operator.py took 0.071 seconds
[2026-03-18T18:32:09.657+0000] {processor.py:186} INFO - Started process (PID=41569) to work on /home/komal/data-engineering-projects/airflow-spark-pipeline/airflow_venv/lib/python3.11/site-packages/airflow/example_dags/example_branch_day_of_week_operator.py
[2026-03-18T18:32:09.660+0000] {processor.py:914} INFO - Processing file /home/komal/data-engineering-projects/airflow-spark-pipeline/airflow_venv/lib/python3.11/site-packages/airflow/example_dags/example_branch_day_of_week_operator.py for tasks to queue
[2026-03-18T18:32:09.661+0000] {logging_mixin.py:190} INFO - [2026-03-18T18:32:09.661+0000] {dagbag.py:588} INFO - Filling up the DagBag from /home/komal/data-engineering-projects/airflow-spark-pipeline/airflow_venv/lib/python3.11/site-packages/airflow/example_dags/example_branch_day_of_week_operator.py
[2026-03-18T18:32:09.668+0000] {processor.py:925} INFO - DAG(s) 'example_weekday_branch_operator' retrieved from /home/komal/data-engineering-projects/airflow-spark-pipeline/airflow_venv/lib/python3.11/site-packages/airflow/example_dags/example_branch_day_of_week_operator.py
[2026-03-18T18:32:09.678+0000] {logging_mixin.py:190} INFO - [2026-03-18T18:32:09.678+0000] {dag.py:3239} INFO - Sync 1 DAGs
[2026-03-18T18:32:09.693+0000] {logging_mixin.py:190} INFO - [2026-03-18T18:32:09.693+0000] {dag.py:4180} INFO - Setting next_dagrun for example_weekday_branch_operator to 2026-03-17 00:00:00+00:00, run_after=2026-03-18 00:00:00+00:00
[2026-03-18T18:32:09.717+0000] {processor.py:208} INFO - Processing /home/komal/data-engineering-projects/airflow-spark-pipeline/airflow_venv/lib/python3.11/site-packages/airflow/example_dags/example_branch_day_of_week_operator.py took 0.064 seconds
[2026-03-18T18:33:25.205+0000] {processor.py:186} INFO - Started process (PID=41635) to work on /home/komal/data-engineering-projects/airflow-spark-pipeline/airflow_venv/lib/python3.11/site-packages/airflow/example_dags/example_branch_day_of_week_operator.py
[2026-03-18T18:33:25.237+0000] {processor.py:914} INFO - Processing file /home/komal/data-engineering-projects/airflow-spark-pipeline/airflow_venv/lib/python3.11/site-packages/airflow/example_dags/example_branch_day_of_week_operator.py for tasks to queue
[2026-03-18T18:33:25.241+0000] {logging_mixin.py:190} INFO - [2026-03-18T18:33:25.240+0000] {dagbag.py:588} INFO - Filling up the DagBag from /home/komal/data-engineering-projects/airflow-spark-pipeline/airflow_venv/lib/python3.11/site-packages/airflow/example_dags/example_branch_day_of_week_operator.py
[2026-03-18T18:33:25.253+0000] {processor.py:925} INFO - DAG(s) 'example_weekday_branch_operator' retrieved from /home/komal/data-engineering-projects/airflow-spark-pipeline/airflow_venv/lib/python3.11/site-packages/airflow/example_dags/example_branch_day_of_week_operator.py
[2026-03-18T18:33:25.265+0000] {logging_mixin.py:190} INFO - [2026-03-18T18:33:25.264+0000] {dag.py:3239} INFO - Sync 1 DAGs
[2026-03-18T18:33:25.283+0000] {logging_mixin.py:190} INFO - [2026-03-18T18:33:25.283+0000] {dag.py:4180} INFO - Setting next_dagrun for example_weekday_branch_operator to 2026-03-17 00:00:00+00:00, run_after=2026-03-18 00:00:00+00:00
[2026-03-18T18:33:25.311+0000] {processor.py:208} INFO - Processing /home/komal/data-engineering-projects/airflow-spark-pipeline/airflow_venv/lib/python3.11/site-packages/airflow/example_dags/example_branch_day_of_week_operator.py took 0.113 seconds
[2026-03-18T18:34:34.542+0000] {processor.py:186} INFO - Started process (PID=41699) to work on /home/komal/data-engineering-projects/airflow-spark-pipeline/airflow_venv/lib/python3.11/site-packages/airflow/example_dags/example_branch_day_of_week_operator.py
[2026-03-18T18:34:34.544+0000] {processor.py:914} INFO - Processing file /home/komal/data-engineering-projects/airflow-spark-pipeline/airflow_venv/lib/python3.11/site-packages/airflow/example_dags/example_branch_day_of_week_operator.py for tasks to queue
[2026-03-18T18:34:34.547+0000] {logging_mixin.py:190} INFO - [2026-03-18T18:34:34.546+0000] {dagbag.py:588} INFO - Filling up the DagBag from /home/komal/data-engineering-projects/airflow-spark-pipeline/airflow_venv/lib/python3.11/site-packages/airflow/example_dags/example_branch_day_of_week_operator.py
[2026-03-18T18:34:34.555+0000] {processor.py:925} INFO - DAG(s) 'example_weekday_branch_operator' retrieved from /home/komal/data-engineering-projects/airflow-spark-pipeline/airflow_venv/lib/python3.11/site-packages/airflow/example_dags/example_branch_day_of_week_operator.py
[2026-03-18T18:34:34.568+0000] {logging_mixin.py:190} INFO - [2026-03-18T18:34:34.568+0000] {dag.py:3239} INFO - Sync 1 DAGs
[2026-03-18T18:34:34.586+0000] {logging_mixin.py:190} INFO - [2026-03-18T18:34:34.586+0000] {dag.py:4180} INFO - Setting next_dagrun for example_weekday_branch_operator to 2026-03-17 00:00:00+00:00, run_after=2026-03-18 00:00:00+00:00
[2026-03-18T18:34:34.612+0000] {processor.py:208} INFO - Processing /home/komal/data-engineering-projects/airflow-spark-pipeline/airflow_venv/lib/python3.11/site-packages/airflow/example_dags/example_branch_day_of_week_operator.py took 0.074 seconds
[2026-03-18T18:35:40.790+0000] {processor.py:186} INFO - Started process (PID=41761) to work on /home/komal/data-engineering-projects/airflow-spark-pipeline/airflow_venv/lib/python3.11/site-packages/airflow/example_dags/example_branch_day_of_week_operator.py
[2026-03-18T18:35:40.822+0000] {processor.py:914} INFO - Processing file /home/komal/data-engineering-projects/airflow-spark-pipeline/airflow_venv/lib/python3.11/site-packages/airflow/example_dags/example_branch_day_of_week_operator.py for tasks to queue
[2026-03-18T18:35:40.826+0000] {logging_mixin.py:190} INFO - [2026-03-18T18:35:40.825+0000] {dagbag.py:588} INFO - Filling up the DagBag from /home/komal/data-engineering-projects/airflow-spark-pipeline/airflow_venv/lib/python3.11/site-packages/airflow/example_dags/example_branch_day_of_week_operator.py
[2026-03-18T18:35:40.840+0000] {processor.py:925} INFO - DAG(s) 'example_weekday_branch_operator' retrieved from /home/komal/data-engineering-projects/airflow-spark-pipeline/airflow_venv/lib/python3.11/site-packages/airflow/example_dags/example_branch_day_of_week_operator.py
[2026-03-18T18:35:40.857+0000] {logging_mixin.py:190} INFO - [2026-03-18T18:35:40.857+0000] {dag.py:3239} INFO - Sync 1 DAGs
[2026-03-18T18:35:40.875+0000] {logging_mixin.py:190} INFO - [2026-03-18T18:35:40.874+0000] {dag.py:4180} INFO - Setting next_dagrun for example_weekday_branch_operator to 2026-03-17 00:00:00+00:00, run_after=2026-03-18 00:00:00+00:00
[2026-03-18T18:35:40.894+0000] {processor.py:208} INFO - Processing /home/komal/data-engineering-projects/airflow-spark-pipeline/airflow_venv/lib/python3.11/site-packages/airflow/example_dags/example_branch_day_of_week_operator.py took 0.107 seconds
[2026-03-18T18:36:45.522+0000] {processor.py:186} INFO - Started process (PID=41826) to work on /home/komal/data-engineering-projects/airflow-spark-pipeline/airflow_venv/lib/python3.11/site-packages/airflow/example_dags/example_branch_day_of_week_operator.py
[2026-03-18T18:36:45.553+0000] {processor.py:914} INFO - Processing file /home/komal/data-engineering-projects/airflow-spark-pipeline/airflow_venv/lib/python3.11/site-packages/airflow/example_dags/example_branch_day_of_week_operator.py for tasks to queue
[2026-03-18T18:36:45.557+0000] {logging_mixin.py:190} INFO - [2026-03-18T18:36:45.556+0000] {dagbag.py:588} INFO - Filling up the DagBag from /home/komal/data-engineering-projects/airflow-spark-pipeline/airflow_venv/lib/python3.11/site-packages/airflow/example_dags/example_branch_day_of_week_operator.py
[2026-03-18T18:36:45.570+0000] {processor.py:925} INFO - DAG(s) 'example_weekday_branch_operator' retrieved from /home/komal/data-engineering-projects/airflow-spark-pipeline/airflow_venv/lib/python3.11/site-packages/airflow/example_dags/example_branch_day_of_week_operator.py
[2026-03-18T18:36:45.582+0000] {logging_mixin.py:190} INFO - [2026-03-18T18:36:45.582+0000] {dag.py:3239} INFO - Sync 1 DAGs
[2026-03-18T18:36:45.598+0000] {logging_mixin.py:190} INFO - [2026-03-18T18:36:45.598+0000] {dag.py:4180} INFO - Setting next_dagrun for example_weekday_branch_operator to 2026-03-17 00:00:00+00:00, run_after=2026-03-18 00:00:00+00:00
[2026-03-18T18:36:45.872+0000] {processor.py:208} INFO - Processing /home/komal/data-engineering-projects/airflow-spark-pipeline/airflow_venv/lib/python3.11/site-packages/airflow/example_dags/example_branch_day_of_week_operator.py took 0.355 seconds
[2026-03-18T18:37:59.148+0000] {processor.py:186} INFO - Started process (PID=41895) to work on /home/komal/data-engineering-projects/airflow-spark-pipeline/airflow_venv/lib/python3.11/site-packages/airflow/example_dags/example_branch_day_of_week_operator.py
[2026-03-18T18:37:59.181+0000] {processor.py:914} INFO - Processing file /home/komal/data-engineering-projects/airflow-spark-pipeline/airflow_venv/lib/python3.11/site-packages/airflow/example_dags/example_branch_day_of_week_operator.py for tasks to queue
[2026-03-18T18:37:59.185+0000] {logging_mixin.py:190} INFO - [2026-03-18T18:37:59.184+0000] {dagbag.py:588} INFO - Filling up the DagBag from /home/komal/data-engineering-projects/airflow-spark-pipeline/airflow_venv/lib/python3.11/site-packages/airflow/example_dags/example_branch_day_of_week_operator.py
[2026-03-18T18:37:59.201+0000] {processor.py:925} INFO - DAG(s) 'example_weekday_branch_operator' retrieved from /home/komal/data-engineering-projects/airflow-spark-pipeline/airflow_venv/lib/python3.11/site-packages/airflow/example_dags/example_branch_day_of_week_operator.py
[2026-03-18T18:37:59.215+0000] {logging_mixin.py:190} INFO - [2026-03-18T18:37:59.215+0000] {dag.py:3239} INFO - Sync 1 DAGs
[2026-03-18T18:37:59.234+0000] {logging_mixin.py:190} INFO - [2026-03-18T18:37:59.234+0000] {dag.py:4180} INFO - Setting next_dagrun for example_weekday_branch_operator to 2026-03-17 00:00:00+00:00, run_after=2026-03-18 00:00:00+00:00
[2026-03-18T18:37:59.256+0000] {processor.py:208} INFO - Processing /home/komal/data-engineering-projects/airflow-spark-pipeline/airflow_venv/lib/python3.11/site-packages/airflow/example_dags/example_branch_day_of_week_operator.py took 0.120 seconds
[2026-03-18T18:39:07.616+0000] {processor.py:186} INFO - Started process (PID=41961) to work on /home/komal/data-engineering-projects/airflow-spark-pipeline/airflow_venv/lib/python3.11/site-packages/airflow/example_dags/example_branch_day_of_week_operator.py
[2026-03-18T18:39:07.649+0000] {processor.py:914} INFO - Processing file /home/komal/data-engineering-projects/airflow-spark-pipeline/airflow_venv/lib/python3.11/site-packages/airflow/example_dags/example_branch_day_of_week_operator.py for tasks to queue
[2026-03-18T18:39:07.652+0000] {logging_mixin.py:190} INFO - [2026-03-18T18:39:07.651+0000] {dagbag.py:588} INFO - Filling up the DagBag from /home/komal/data-engineering-projects/airflow-spark-pipeline/airflow_venv/lib/python3.11/site-packages/airflow/example_dags/example_branch_day_of_week_operator.py
[2026-03-18T18:39:07.666+0000] {processor.py:925} INFO - DAG(s) 'example_weekday_branch_operator' retrieved from /home/komal/data-engineering-projects/airflow-spark-pipeline/airflow_venv/lib/python3.11/site-packages/airflow/example_dags/example_branch_day_of_week_operator.py
[2026-03-18T18:39:07.681+0000] {logging_mixin.py:190} INFO - [2026-03-18T18:39:07.681+0000] {dag.py:3239} INFO - Sync 1 DAGs
[2026-03-18T18:39:07.696+0000] {logging_mixin.py:190} INFO - [2026-03-18T18:39:07.696+0000] {dag.py:4180} INFO - Setting next_dagrun for example_weekday_branch_operator to 2026-03-17 00:00:00+00:00, run_after=2026-03-18 00:00:00+00:00
[2026-03-18T18:39:07.720+0000] {processor.py:208} INFO - Processing /home/komal/data-engineering-projects/airflow-spark-pipeline/airflow_venv/lib/python3.11/site-packages/airflow/example_dags/example_branch_day_of_week_operator.py took 0.114 seconds
[2026-03-18T18:40:16.020+0000] {processor.py:186} INFO - Started process (PID=42026) to work on /home/komal/data-engineering-projects/airflow-spark-pipeline/airflow_venv/lib/python3.11/site-packages/airflow/example_dags/example_branch_day_of_week_operator.py
[2026-03-18T18:40:16.022+0000] {processor.py:914} INFO - Processing file /home/komal/data-engineering-projects/airflow-spark-pipeline/airflow_venv/lib/python3.11/site-packages/airflow/example_dags/example_branch_day_of_week_operator.py for tasks to queue
[2026-03-18T18:40:16.024+0000] {logging_mixin.py:190} INFO - [2026-03-18T18:40:16.024+0000] {dagbag.py:588} INFO - Filling up the DagBag from /home/komal/data-engineering-projects/airflow-spark-pipeline/airflow_venv/lib/python3.11/site-packages/airflow/example_dags/example_branch_day_of_week_operator.py
[2026-03-18T18:40:16.032+0000] {processor.py:925} INFO - DAG(s) 'example_weekday_branch_operator' retrieved from /home/komal/data-engineering-projects/airflow-spark-pipeline/airflow_venv/lib/python3.11/site-packages/airflow/example_dags/example_branch_day_of_week_operator.py
[2026-03-18T18:40:16.045+0000] {logging_mixin.py:190} INFO - [2026-03-18T18:40:16.044+0000] {dag.py:3239} INFO - Sync 1 DAGs
[2026-03-18T18:40:16.062+0000] {logging_mixin.py:190} INFO - [2026-03-18T18:40:16.061+0000] {dag.py:4180} INFO - Setting next_dagrun for example_weekday_branch_operator to 2026-03-17 00:00:00+00:00, run_after=2026-03-18 00:00:00+00:00
[2026-03-18T18:40:16.100+0000] {processor.py:208} INFO - Processing /home/komal/data-engineering-projects/airflow-spark-pipeline/airflow_venv/lib/python3.11/site-packages/airflow/example_dags/example_branch_day_of_week_operator.py took 0.084 seconds
[2026-03-18T18:41:27.324+0000] {processor.py:186} INFO - Started process (PID=42092) to work on /home/komal/data-engineering-projects/airflow-spark-pipeline/airflow_venv/lib/python3.11/site-packages/airflow/example_dags/example_branch_day_of_week_operator.py
[2026-03-18T18:41:27.326+0000] {processor.py:914} INFO - Processing file /home/komal/data-engineering-projects/airflow-spark-pipeline/airflow_venv/lib/python3.11/site-packages/airflow/example_dags/example_branch_day_of_week_operator.py for tasks to queue
[2026-03-18T18:41:27.328+0000] {logging_mixin.py:190} INFO - [2026-03-18T18:41:27.328+0000] {dagbag.py:588} INFO - Filling up the DagBag from /home/komal/data-engineering-projects/airflow-spark-pipeline/airflow_venv/lib/python3.11/site-packages/airflow/example_dags/example_branch_day_of_week_operator.py
[2026-03-18T18:41:27.342+0000] {processor.py:925} INFO - DAG(s) 'example_weekday_branch_operator' retrieved from /home/komal/data-engineering-projects/airflow-spark-pipeline/airflow_venv/lib/python3.11/site-packages/airflow/example_dags/example_branch_day_of_week_operator.py
[2026-03-18T18:41:27.359+0000] {logging_mixin.py:190} INFO - [2026-03-18T18:41:27.359+0000] {dag.py:3239} INFO - Sync 1 DAGs
[2026-03-18T18:41:27.378+0000] {logging_mixin.py:190} INFO - [2026-03-18T18:41:27.378+0000] {dag.py:4180} INFO - Setting next_dagrun for example_weekday_branch_operator to 2026-03-17 00:00:00+00:00, run_after=2026-03-18 00:00:00+00:00
[2026-03-18T18:41:27.401+0000] {processor.py:208} INFO - Processing /home/komal/data-engineering-projects/airflow-spark-pipeline/airflow_venv/lib/python3.11/site-packages/airflow/example_dags/example_branch_day_of_week_operator.py took 0.082 seconds
[2026-03-18T18:42:40.880+0000] {processor.py:186} INFO - Started process (PID=42160) to work on /home/komal/data-engineering-projects/airflow-spark-pipeline/airflow_venv/lib/python3.11/site-packages/airflow/example_dags/example_branch_day_of_week_operator.py
[2026-03-18T18:42:40.882+0000] {processor.py:914} INFO - Processing file /home/komal/data-engineering-projects/airflow-spark-pipeline/airflow_venv/lib/python3.11/site-packages/airflow/example_dags/example_branch_day_of_week_operator.py for tasks to queue
[2026-03-18T18:42:40.884+0000] {logging_mixin.py:190} INFO - [2026-03-18T18:42:40.884+0000] {dagbag.py:588} INFO - Filling up the DagBag from /home/komal/data-engineering-projects/airflow-spark-pipeline/airflow_venv/lib/python3.11/site-packages/airflow/example_dags/example_branch_day_of_week_operator.py
[2026-03-18T18:42:40.891+0000] {processor.py:925} INFO - DAG(s) 'example_weekday_branch_operator' retrieved from /home/komal/data-engineering-projects/airflow-spark-pipeline/airflow_venv/lib/python3.11/site-packages/airflow/example_dags/example_branch_day_of_week_operator.py
[2026-03-18T18:42:40.910+0000] {logging_mixin.py:190} INFO - [2026-03-18T18:42:40.910+0000] {dag.py:3239} INFO - Sync 1 DAGs
[2026-03-18T18:42:40.931+0000] {logging_mixin.py:190} INFO - [2026-03-18T18:42:40.930+0000] {dag.py:4180} INFO - Setting next_dagrun for example_weekday_branch_operator to 2026-03-17 00:00:00+00:00, run_after=2026-03-18 00:00:00+00:00
[2026-03-18T18:42:40.961+0000] {processor.py:208} INFO - Processing /home/komal/data-engineering-projects/airflow-spark-pipeline/airflow_venv/lib/python3.11/site-packages/airflow/example_dags/example_branch_day_of_week_operator.py took 0.086 seconds
[2026-03-18T18:43:54.069+0000] {processor.py:186} INFO - Started process (PID=42229) to work on /home/komal/data-engineering-projects/airflow-spark-pipeline/airflow_venv/lib/python3.11/site-packages/airflow/example_dags/example_branch_day_of_week_operator.py
[2026-03-18T18:43:54.100+0000] {processor.py:914} INFO - Processing file /home/komal/data-engineering-projects/airflow-spark-pipeline/airflow_venv/lib/python3.11/site-packages/airflow/example_dags/example_branch_day_of_week_operator.py for tasks to queue
[2026-03-18T18:43:54.103+0000] {logging_mixin.py:190} INFO - [2026-03-18T18:43:54.103+0000] {dagbag.py:588} INFO - Filling up the DagBag from /home/komal/data-engineering-projects/airflow-spark-pipeline/airflow_venv/lib/python3.11/site-packages/airflow/example_dags/example_branch_day_of_week_operator.py
[2026-03-18T18:43:54.118+0000] {processor.py:925} INFO - DAG(s) 'example_weekday_branch_operator' retrieved from /home/komal/data-engineering-projects/airflow-spark-pipeline/airflow_venv/lib/python3.11/site-packages/airflow/example_dags/example_branch_day_of_week_operator.py
[2026-03-18T18:43:54.133+0000] {logging_mixin.py:190} INFO - [2026-03-18T18:43:54.133+0000] {dag.py:3239} INFO - Sync 1 DAGs
[2026-03-18T18:43:54.148+0000] {logging_mixin.py:190} INFO - [2026-03-18T18:43:54.148+0000] {dag.py:4180} INFO - Setting next_dagrun for example_weekday_branch_operator to 2026-03-17 00:00:00+00:00, run_after=2026-03-18 00:00:00+00:00
[2026-03-18T18:43:54.171+0000] {processor.py:208} INFO - Processing /home/komal/data-engineering-projects/airflow-spark-pipeline/airflow_venv/lib/python3.11/site-packages/airflow/example_dags/example_branch_day_of_week_operator.py took 0.108 seconds
[2026-03-18T18:45:02.043+0000] {processor.py:186} INFO - Started process (PID=42295) to work on /home/komal/data-engineering-projects/airflow-spark-pipeline/airflow_venv/lib/python3.11/site-packages/airflow/example_dags/example_branch_day_of_week_operator.py
[2026-03-18T18:45:02.045+0000] {processor.py:914} INFO - Processing file /home/komal/data-engineering-projects/airflow-spark-pipeline/airflow_venv/lib/python3.11/site-packages/airflow/example_dags/example_branch_day_of_week_operator.py for tasks to queue
[2026-03-18T18:45:02.046+0000] {logging_mixin.py:190} INFO - [2026-03-18T18:45:02.046+0000] {dagbag.py:588} INFO - Filling up the DagBag from /home/komal/data-engineering-projects/airflow-spark-pipeline/airflow_venv/lib/python3.11/site-packages/airflow/example_dags/example_branch_day_of_week_operator.py
[2026-03-18T18:45:02.054+0000] {processor.py:925} INFO - DAG(s) 'example_weekday_branch_operator' retrieved from /home/komal/data-engineering-projects/airflow-spark-pipeline/airflow_venv/lib/python3.11/site-packages/airflow/example_dags/example_branch_day_of_week_operator.py
[2026-03-18T18:45:02.075+0000] {logging_mixin.py:190} INFO - [2026-03-18T18:45:02.074+0000] {dag.py:3239} INFO - Sync 1 DAGs
[2026-03-18T18:45:02.099+0000] {logging_mixin.py:190} INFO - [2026-03-18T18:45:02.099+0000] {dag.py:4180} INFO - Setting next_dagrun for example_weekday_branch_operator to 2026-03-17 00:00:00+00:00, run_after=2026-03-18 00:00:00+00:00
[2026-03-18T18:45:02.118+0000] {processor.py:208} INFO - Processing /home/komal/data-engineering-projects/airflow-spark-pipeline/airflow_venv/lib/python3.11/site-packages/airflow/example_dags/example_branch_day_of_week_operator.py took 0.087 seconds
[2026-03-18T18:46:11.104+0000] {processor.py:186} INFO - Started process (PID=42361) to work on /home/komal/data-engineering-projects/airflow-spark-pipeline/airflow_venv/lib/python3.11/site-packages/airflow/example_dags/example_branch_day_of_week_operator.py
[2026-03-18T18:46:11.136+0000] {processor.py:914} INFO - Processing file /home/komal/data-engineering-projects/airflow-spark-pipeline/airflow_venv/lib/python3.11/site-packages/airflow/example_dags/example_branch_day_of_week_operator.py for tasks to queue
[2026-03-18T18:46:11.138+0000] {logging_mixin.py:190} INFO - [2026-03-18T18:46:11.138+0000] {dagbag.py:588} INFO - Filling up the DagBag from /home/komal/data-engineering-projects/airflow-spark-pipeline/airflow_venv/lib/python3.11/site-packages/airflow/example_dags/example_branch_day_of_week_operator.py
[2026-03-18T18:46:11.146+0000] {processor.py:925} INFO - DAG(s) 'example_weekday_branch_operator' retrieved from /home/komal/data-engineering-projects/airflow-spark-pipeline/airflow_venv/lib/python3.11/site-packages/airflow/example_dags/example_branch_day_of_week_operator.py
[2026-03-18T18:46:11.158+0000] {logging_mixin.py:190} INFO - [2026-03-18T18:46:11.158+0000] {dag.py:3239} INFO - Sync 1 DAGs
[2026-03-18T18:46:11.174+0000] {logging_mixin.py:190} INFO - [2026-03-18T18:46:11.174+0000] {dag.py:4180} INFO - Setting next_dagrun for example_weekday_branch_operator to 2026-03-17 00:00:00+00:00, run_after=2026-03-18 00:00:00+00:00
[2026-03-18T18:46:11.197+0000] {processor.py:208} INFO - Processing /home/komal/data-engineering-projects/airflow-spark-pipeline/airflow_venv/lib/python3.11/site-packages/airflow/example_dags/example_branch_day_of_week_operator.py took 0.100 seconds
[2026-03-18T18:47:20.563+0000] {processor.py:186} INFO - Started process (PID=42650) to work on /home/komal/data-engineering-projects/airflow-spark-pipeline/airflow_venv/lib/python3.11/site-packages/airflow/example_dags/example_branch_day_of_week_operator.py
[2026-03-18T18:47:20.568+0000] {processor.py:914} INFO - Processing file /home/komal/data-engineering-projects/airflow-spark-pipeline/airflow_venv/lib/python3.11/site-packages/airflow/example_dags/example_branch_day_of_week_operator.py for tasks to queue
[2026-03-18T18:47:20.572+0000] {logging_mixin.py:190} INFO - [2026-03-18T18:47:20.571+0000] {dagbag.py:588} INFO - Filling up the DagBag from /home/komal/data-engineering-projects/airflow-spark-pipeline/airflow_venv/lib/python3.11/site-packages/airflow/example_dags/example_branch_day_of_week_operator.py
[2026-03-18T18:47:20.590+0000] {processor.py:925} INFO - DAG(s) 'example_weekday_branch_operator' retrieved from /home/komal/data-engineering-projects/airflow-spark-pipeline/airflow_venv/lib/python3.11/site-packages/airflow/example_dags/example_branch_day_of_week_operator.py
[2026-03-18T18:47:20.604+0000] {logging_mixin.py:190} INFO - [2026-03-18T18:47:20.604+0000] {dag.py:3239} INFO - Sync 1 DAGs
[2026-03-18T18:47:20.739+0000] {logging_mixin.py:190} INFO - [2026-03-18T18:47:20.739+0000] {dag.py:4180} INFO - Setting next_dagrun for example_weekday_branch_operator to 2026-03-17 00:00:00+00:00, run_after=2026-03-18 00:00:00+00:00
[2026-03-18T18:47:20.768+0000] {processor.py:208} INFO - Processing /home/komal/data-engineering-projects/airflow-spark-pipeline/airflow_venv/lib/python3.11/site-packages/airflow/example_dags/example_branch_day_of_week_operator.py took 0.218 seconds
[2026-03-18T18:48:30.707+0000] {processor.py:186} INFO - Started process (PID=42716) to work on /home/komal/data-engineering-projects/airflow-spark-pipeline/airflow_venv/lib/python3.11/site-packages/airflow/example_dags/example_branch_day_of_week_operator.py
[2026-03-18T18:48:30.710+0000] {processor.py:914} INFO - Processing file /home/komal/data-engineering-projects/airflow-spark-pipeline/airflow_venv/lib/python3.11/site-packages/airflow/example_dags/example_branch_day_of_week_operator.py for tasks to queue
[2026-03-18T18:48:30.711+0000] {logging_mixin.py:190} INFO - [2026-03-18T18:48:30.711+0000] {dagbag.py:588} INFO - Filling up the DagBag from /home/komal/data-engineering-projects/airflow-spark-pipeline/airflow_venv/lib/python3.11/site-packages/airflow/example_dags/example_branch_day_of_week_operator.py
[2026-03-18T18:48:30.720+0000] {processor.py:925} INFO - DAG(s) 'example_weekday_branch_operator' retrieved from /home/komal/data-engineering-projects/airflow-spark-pipeline/airflow_venv/lib/python3.11/site-packages/airflow/example_dags/example_branch_day_of_week_operator.py
[2026-03-18T18:48:30.734+0000] {logging_mixin.py:190} INFO - [2026-03-18T18:48:30.734+0000] {dag.py:3239} INFO - Sync 1 DAGs
[2026-03-18T18:48:30.748+0000] {logging_mixin.py:190} INFO - [2026-03-18T18:48:30.747+0000] {dag.py:4180} INFO - Setting next_dagrun for example_weekday_branch_operator to 2026-03-17 00:00:00+00:00, run_after=2026-03-18 00:00:00+00:00
[2026-03-18T18:48:30.774+0000] {processor.py:208} INFO - Processing /home/komal/data-engineering-projects/airflow-spark-pipeline/airflow_venv/lib/python3.11/site-packages/airflow/example_dags/example_branch_day_of_week_operator.py took 0.073 seconds
[2026-03-18T18:49:47.250+0000] {processor.py:186} INFO - Started process (PID=42794) to work on /home/komal/data-engineering-projects/airflow-spark-pipeline/airflow_venv/lib/python3.11/site-packages/airflow/example_dags/example_branch_day_of_week_operator.py
[2026-03-18T18:49:47.285+0000] {processor.py:914} INFO - Processing file /home/komal/data-engineering-projects/airflow-spark-pipeline/airflow_venv/lib/python3.11/site-packages/airflow/example_dags/example_branch_day_of_week_operator.py for tasks to queue
[2026-03-18T18:49:47.291+0000] {logging_mixin.py:190} INFO - [2026-03-18T18:49:47.290+0000] {dagbag.py:588} INFO - Filling up the DagBag from /home/komal/data-engineering-projects/airflow-spark-pipeline/airflow_venv/lib/python3.11/site-packages/airflow/example_dags/example_branch_day_of_week_operator.py
[2026-03-18T18:49:47.314+0000] {processor.py:925} INFO - DAG(s) 'example_weekday_branch_operator' retrieved from /home/komal/data-engineering-projects/airflow-spark-pipeline/airflow_venv/lib/python3.11/site-packages/airflow/example_dags/example_branch_day_of_week_operator.py
[2026-03-18T18:49:47.383+0000] {logging_mixin.py:190} INFO - [2026-03-18T18:49:47.383+0000] {dag.py:3239} INFO - Sync 1 DAGs
[2026-03-18T18:49:47.408+0000] {logging_mixin.py:190} INFO - [2026-03-18T18:49:47.408+0000] {dag.py:4180} INFO - Setting next_dagrun for example_weekday_branch_operator to 2026-03-17 00:00:00+00:00, run_after=2026-03-18 00:00:00+00:00
[2026-03-18T18:49:47.445+0000] {processor.py:208} INFO - Processing /home/komal/data-engineering-projects/airflow-spark-pipeline/airflow_venv/lib/python3.11/site-packages/airflow/example_dags/example_branch_day_of_week_operator.py took 0.206 seconds
[2026-03-18T18:50:57.231+0000] {processor.py:186} INFO - Started process (PID=42859) to work on /home/komal/data-engineering-projects/airflow-spark-pipeline/airflow_venv/lib/python3.11/site-packages/airflow/example_dags/example_branch_day_of_week_operator.py
[2026-03-18T18:50:57.264+0000] {processor.py:914} INFO - Processing file /home/komal/data-engineering-projects/airflow-spark-pipeline/airflow_venv/lib/python3.11/site-packages/airflow/example_dags/example_branch_day_of_week_operator.py for tasks to queue
[2026-03-18T18:50:57.267+0000] {logging_mixin.py:190} INFO - [2026-03-18T18:50:57.266+0000] {dagbag.py:588} INFO - Filling up the DagBag from /home/komal/data-engineering-projects/airflow-spark-pipeline/airflow_venv/lib/python3.11/site-packages/airflow/example_dags/example_branch_day_of_week_operator.py
[2026-03-18T18:50:57.279+0000] {processor.py:925} INFO - DAG(s) 'example_weekday_branch_operator' retrieved from /home/komal/data-engineering-projects/airflow-spark-pipeline/airflow_venv/lib/python3.11/site-packages/airflow/example_dags/example_branch_day_of_week_operator.py
[2026-03-18T18:50:57.291+0000] {logging_mixin.py:190} INFO - [2026-03-18T18:50:57.291+0000] {dag.py:3239} INFO - Sync 1 DAGs
[2026-03-18T18:50:57.452+0000] {logging_mixin.py:190} INFO - [2026-03-18T18:50:57.451+0000] {dag.py:4180} INFO - Setting next_dagrun for example_weekday_branch_operator to 2026-03-17 00:00:00+00:00, run_after=2026-03-18 00:00:00+00:00
[2026-03-18T18:50:57.482+0000] {processor.py:208} INFO - Processing /home/komal/data-engineering-projects/airflow-spark-pipeline/airflow_venv/lib/python3.11/site-packages/airflow/example_dags/example_branch_day_of_week_operator.py took 0.257 seconds
