[2026-03-18T06:16:50.081+0000] {processor.py:157} INFO - Started process (PID=27501) to work on /home/komal/data-engineering-projects/airflow-spark-pipeline/airflow_venv/lib/python3.11/site-packages/airflow/example_dags/example_time_delta_sensor_async.py
[2026-03-18T06:16:50.082+0000] {processor.py:826} INFO - Processing file /home/komal/data-engineering-projects/airflow-spark-pipeline/airflow_venv/lib/python3.11/site-packages/airflow/example_dags/example_time_delta_sensor_async.py for tasks to queue
[2026-03-18T06:16:50.083+0000] {logging_mixin.py:150} INFO - [2026-03-18T06:16:50.082+0000] {dagbag.py:541} INFO - Filling up the DagBag from /home/komal/data-engineering-projects/airflow-spark-pipeline/airflow_venv/lib/python3.11/site-packages/airflow/example_dags/example_time_delta_sensor_async.py
[2026-03-18T06:16:50.087+0000] {processor.py:836} INFO - DAG(s) dict_keys(['example_time_delta_sensor_async']) retrieved from /home/komal/data-engineering-projects/airflow-spark-pipeline/airflow_venv/lib/python3.11/site-packages/airflow/example_dags/example_time_delta_sensor_async.py
[2026-03-18T06:16:50.188+0000] {logging_mixin.py:150} INFO - [2026-03-18T06:16:50.188+0000] {manager.py:504} INFO - Created Permission View: can delete on DAG:example_time_delta_sensor_async
[2026-03-18T06:16:50.209+0000] {logging_mixin.py:150} INFO - [2026-03-18T06:16:50.208+0000] {manager.py:504} INFO - Created Permission View: can read on DAG:example_time_delta_sensor_async
[2026-03-18T06:16:50.226+0000] {logging_mixin.py:150} INFO - [2026-03-18T06:16:50.225+0000] {manager.py:504} INFO - Created Permission View: can edit on DAG:example_time_delta_sensor_async
[2026-03-18T06:16:50.232+0000] {logging_mixin.py:150} INFO - [2026-03-18T06:16:50.232+0000] {dag.py:2742} INFO - Sync 1 DAGs
[2026-03-18T06:16:50.240+0000] {logging_mixin.py:150} INFO - [2026-03-18T06:16:50.240+0000] {dag.py:2763} INFO - Creating ORM DAG for example_time_delta_sensor_async
[2026-03-18T06:16:50.249+0000] {logging_mixin.py:150} INFO - [2026-03-18T06:16:50.249+0000] {dag.py:3504} INFO - Setting next_dagrun for example_time_delta_sensor_async to None, run_after=None
[2026-03-18T06:16:50.280+0000] {processor.py:179} INFO - Processing /home/komal/data-engineering-projects/airflow-spark-pipeline/airflow_venv/lib/python3.11/site-packages/airflow/example_dags/example_time_delta_sensor_async.py took 0.203 seconds
[2026-03-18T06:17:51.704+0000] {processor.py:157} INFO - Started process (PID=27597) to work on /home/komal/data-engineering-projects/airflow-spark-pipeline/airflow_venv/lib/python3.11/site-packages/airflow/example_dags/example_time_delta_sensor_async.py
[2026-03-18T06:17:51.706+0000] {processor.py:826} INFO - Processing file /home/komal/data-engineering-projects/airflow-spark-pipeline/airflow_venv/lib/python3.11/site-packages/airflow/example_dags/example_time_delta_sensor_async.py for tasks to queue
[2026-03-18T06:17:51.706+0000] {logging_mixin.py:150} INFO - [2026-03-18T06:17:51.706+0000] {dagbag.py:541} INFO - Filling up the DagBag from /home/komal/data-engineering-projects/airflow-spark-pipeline/airflow_venv/lib/python3.11/site-packages/airflow/example_dags/example_time_delta_sensor_async.py
[2026-03-18T06:17:51.711+0000] {processor.py:836} INFO - DAG(s) dict_keys(['example_time_delta_sensor_async']) retrieved from /home/komal/data-engineering-projects/airflow-spark-pipeline/airflow_venv/lib/python3.11/site-packages/airflow/example_dags/example_time_delta_sensor_async.py
[2026-03-18T06:17:51.737+0000] {logging_mixin.py:150} INFO - [2026-03-18T06:17:51.736+0000] {dag.py:2742} INFO - Sync 1 DAGs
[2026-03-18T06:17:51.755+0000] {logging_mixin.py:150} INFO - [2026-03-18T06:17:51.755+0000] {dag.py:3504} INFO - Setting next_dagrun for example_time_delta_sensor_async to None, run_after=None
[2026-03-18T06:17:51.777+0000] {processor.py:179} INFO - Processing /home/komal/data-engineering-projects/airflow-spark-pipeline/airflow_venv/lib/python3.11/site-packages/airflow/example_dags/example_time_delta_sensor_async.py took 0.075 seconds
[2026-03-18T06:33:28.677+0000] {processor.py:186} INFO - Started process (PID=28026) to work on /home/komal/data-engineering-projects/airflow-spark-pipeline/airflow_venv/lib/python3.11/site-packages/airflow/example_dags/example_time_delta_sensor_async.py
[2026-03-18T06:33:28.709+0000] {processor.py:914} INFO - Processing file /home/komal/data-engineering-projects/airflow-spark-pipeline/airflow_venv/lib/python3.11/site-packages/airflow/example_dags/example_time_delta_sensor_async.py for tasks to queue
[2026-03-18T06:33:28.714+0000] {logging_mixin.py:190} INFO - [2026-03-18T06:33:28.713+0000] {dagbag.py:588} INFO - Filling up the DagBag from /home/komal/data-engineering-projects/airflow-spark-pipeline/airflow_venv/lib/python3.11/site-packages/airflow/example_dags/example_time_delta_sensor_async.py
[2026-03-18T06:33:28.727+0000] {processor.py:925} INFO - DAG(s) 'example_time_delta_sensor_async' retrieved from /home/komal/data-engineering-projects/airflow-spark-pipeline/airflow_venv/lib/python3.11/site-packages/airflow/example_dags/example_time_delta_sensor_async.py
[2026-03-18T06:33:28.739+0000] {logging_mixin.py:190} INFO - [2026-03-18T06:33:28.739+0000] {dag.py:3239} INFO - Sync 1 DAGs
[2026-03-18T06:33:28.751+0000] {logging_mixin.py:190} INFO - [2026-03-18T06:33:28.751+0000] {dag.py:4180} INFO - Setting next_dagrun for example_time_delta_sensor_async to None, run_after=None
[2026-03-18T06:33:28.778+0000] {processor.py:208} INFO - Processing /home/komal/data-engineering-projects/airflow-spark-pipeline/airflow_venv/lib/python3.11/site-packages/airflow/example_dags/example_time_delta_sensor_async.py took 0.109 seconds
[2026-03-18T06:34:35.803+0000] {processor.py:186} INFO - Started process (PID=28091) to work on /home/komal/data-engineering-projects/airflow-spark-pipeline/airflow_venv/lib/python3.11/site-packages/airflow/example_dags/example_time_delta_sensor_async.py
[2026-03-18T06:34:35.834+0000] {processor.py:914} INFO - Processing file /home/komal/data-engineering-projects/airflow-spark-pipeline/airflow_venv/lib/python3.11/site-packages/airflow/example_dags/example_time_delta_sensor_async.py for tasks to queue
[2026-03-18T06:34:35.835+0000] {logging_mixin.py:190} INFO - [2026-03-18T06:34:35.835+0000] {dagbag.py:588} INFO - Filling up the DagBag from /home/komal/data-engineering-projects/airflow-spark-pipeline/airflow_venv/lib/python3.11/site-packages/airflow/example_dags/example_time_delta_sensor_async.py
[2026-03-18T06:34:35.841+0000] {processor.py:925} INFO - DAG(s) 'example_time_delta_sensor_async' retrieved from /home/komal/data-engineering-projects/airflow-spark-pipeline/airflow_venv/lib/python3.11/site-packages/airflow/example_dags/example_time_delta_sensor_async.py
[2026-03-18T06:34:35.932+0000] {logging_mixin.py:190} INFO - [2026-03-18T06:34:35.932+0000] {dag.py:3239} INFO - Sync 1 DAGs
[2026-03-18T06:34:35.941+0000] {logging_mixin.py:190} INFO - [2026-03-18T06:34:35.941+0000] {dag.py:4180} INFO - Setting next_dagrun for example_time_delta_sensor_async to None, run_after=None
[2026-03-18T06:34:35.962+0000] {processor.py:208} INFO - Processing /home/komal/data-engineering-projects/airflow-spark-pipeline/airflow_venv/lib/python3.11/site-packages/airflow/example_dags/example_time_delta_sensor_async.py took 0.164 seconds
[2026-03-18T06:35:40.185+0000] {processor.py:186} INFO - Started process (PID=28161) to work on /home/komal/data-engineering-projects/airflow-spark-pipeline/airflow_venv/lib/python3.11/site-packages/airflow/example_dags/example_time_delta_sensor_async.py
[2026-03-18T06:35:40.218+0000] {processor.py:914} INFO - Processing file /home/komal/data-engineering-projects/airflow-spark-pipeline/airflow_venv/lib/python3.11/site-packages/airflow/example_dags/example_time_delta_sensor_async.py for tasks to queue
[2026-03-18T06:35:40.220+0000] {logging_mixin.py:190} INFO - [2026-03-18T06:35:40.220+0000] {dagbag.py:588} INFO - Filling up the DagBag from /home/komal/data-engineering-projects/airflow-spark-pipeline/airflow_venv/lib/python3.11/site-packages/airflow/example_dags/example_time_delta_sensor_async.py
[2026-03-18T06:35:40.231+0000] {processor.py:925} INFO - DAG(s) 'example_time_delta_sensor_async' retrieved from /home/komal/data-engineering-projects/airflow-spark-pipeline/airflow_venv/lib/python3.11/site-packages/airflow/example_dags/example_time_delta_sensor_async.py
[2026-03-18T06:35:40.244+0000] {logging_mixin.py:190} INFO - [2026-03-18T06:35:40.244+0000] {dag.py:3239} INFO - Sync 1 DAGs
[2026-03-18T06:35:40.254+0000] {logging_mixin.py:190} INFO - [2026-03-18T06:35:40.254+0000] {dag.py:4180} INFO - Setting next_dagrun for example_time_delta_sensor_async to None, run_after=None
[2026-03-18T06:35:40.277+0000] {processor.py:208} INFO - Processing /home/komal/data-engineering-projects/airflow-spark-pipeline/airflow_venv/lib/python3.11/site-packages/airflow/example_dags/example_time_delta_sensor_async.py took 0.102 seconds
[2026-03-18T06:36:48.338+0000] {processor.py:186} INFO - Started process (PID=28230) to work on /home/komal/data-engineering-projects/airflow-spark-pipeline/airflow_venv/lib/python3.11/site-packages/airflow/example_dags/example_time_delta_sensor_async.py
[2026-03-18T06:36:48.348+0000] {processor.py:914} INFO - Processing file /home/komal/data-engineering-projects/airflow-spark-pipeline/airflow_venv/lib/python3.11/site-packages/airflow/example_dags/example_time_delta_sensor_async.py for tasks to queue
[2026-03-18T06:36:48.350+0000] {logging_mixin.py:190} INFO - [2026-03-18T06:36:48.349+0000] {dagbag.py:588} INFO - Filling up the DagBag from /home/komal/data-engineering-projects/airflow-spark-pipeline/airflow_venv/lib/python3.11/site-packages/airflow/example_dags/example_time_delta_sensor_async.py
[2026-03-18T06:36:48.362+0000] {processor.py:925} INFO - DAG(s) 'example_time_delta_sensor_async' retrieved from /home/komal/data-engineering-projects/airflow-spark-pipeline/airflow_venv/lib/python3.11/site-packages/airflow/example_dags/example_time_delta_sensor_async.py
[2026-03-18T06:36:48.386+0000] {logging_mixin.py:190} INFO - [2026-03-18T06:36:48.386+0000] {dag.py:3239} INFO - Sync 1 DAGs
[2026-03-18T06:36:48.395+0000] {logging_mixin.py:190} INFO - [2026-03-18T06:36:48.395+0000] {dag.py:4180} INFO - Setting next_dagrun for example_time_delta_sensor_async to None, run_after=None
[2026-03-18T06:36:48.419+0000] {processor.py:208} INFO - Processing /home/komal/data-engineering-projects/airflow-spark-pipeline/airflow_venv/lib/python3.11/site-packages/airflow/example_dags/example_time_delta_sensor_async.py took 0.091 seconds
[2026-03-18T06:38:08.744+0000] {processor.py:186} INFO - Started process (PID=28322) to work on /home/komal/data-engineering-projects/airflow-spark-pipeline/airflow_venv/lib/python3.11/site-packages/airflow/example_dags/example_time_delta_sensor_async.py
[2026-03-18T06:38:08.776+0000] {processor.py:914} INFO - Processing file /home/komal/data-engineering-projects/airflow-spark-pipeline/airflow_venv/lib/python3.11/site-packages/airflow/example_dags/example_time_delta_sensor_async.py for tasks to queue
[2026-03-18T06:38:08.780+0000] {logging_mixin.py:190} INFO - [2026-03-18T06:38:08.779+0000] {dagbag.py:588} INFO - Filling up the DagBag from /home/komal/data-engineering-projects/airflow-spark-pipeline/airflow_venv/lib/python3.11/site-packages/airflow/example_dags/example_time_delta_sensor_async.py
[2026-03-18T06:38:08.790+0000] {processor.py:925} INFO - DAG(s) 'example_time_delta_sensor_async' retrieved from /home/komal/data-engineering-projects/airflow-spark-pipeline/airflow_venv/lib/python3.11/site-packages/airflow/example_dags/example_time_delta_sensor_async.py
[2026-03-18T06:38:08.802+0000] {logging_mixin.py:190} INFO - [2026-03-18T06:38:08.802+0000] {dag.py:3239} INFO - Sync 1 DAGs
[2026-03-18T06:38:08.810+0000] {logging_mixin.py:190} INFO - [2026-03-18T06:38:08.810+0000] {dag.py:4180} INFO - Setting next_dagrun for example_time_delta_sensor_async to None, run_after=None
[2026-03-18T06:38:08.841+0000] {processor.py:208} INFO - Processing /home/komal/data-engineering-projects/airflow-spark-pipeline/airflow_venv/lib/python3.11/site-packages/airflow/example_dags/example_time_delta_sensor_async.py took 0.105 seconds
[2026-03-18T06:39:18.591+0000] {processor.py:186} INFO - Started process (PID=28462) to work on /home/komal/data-engineering-projects/airflow-spark-pipeline/airflow_venv/lib/python3.11/site-packages/airflow/example_dags/example_time_delta_sensor_async.py
[2026-03-18T06:39:18.623+0000] {processor.py:914} INFO - Processing file /home/komal/data-engineering-projects/airflow-spark-pipeline/airflow_venv/lib/python3.11/site-packages/airflow/example_dags/example_time_delta_sensor_async.py for tasks to queue
[2026-03-18T06:39:18.625+0000] {logging_mixin.py:190} INFO - [2026-03-18T06:39:18.625+0000] {dagbag.py:588} INFO - Filling up the DagBag from /home/komal/data-engineering-projects/airflow-spark-pipeline/airflow_venv/lib/python3.11/site-packages/airflow/example_dags/example_time_delta_sensor_async.py
[2026-03-18T06:39:18.633+0000] {processor.py:925} INFO - DAG(s) 'example_time_delta_sensor_async' retrieved from /home/komal/data-engineering-projects/airflow-spark-pipeline/airflow_venv/lib/python3.11/site-packages/airflow/example_dags/example_time_delta_sensor_async.py
[2026-03-18T06:39:18.650+0000] {logging_mixin.py:190} INFO - [2026-03-18T06:39:18.650+0000] {dag.py:3239} INFO - Sync 1 DAGs
[2026-03-18T06:39:18.659+0000] {logging_mixin.py:190} INFO - [2026-03-18T06:39:18.659+0000] {dag.py:4180} INFO - Setting next_dagrun for example_time_delta_sensor_async to None, run_after=None
[2026-03-18T06:39:18.678+0000] {processor.py:208} INFO - Processing /home/komal/data-engineering-projects/airflow-spark-pipeline/airflow_venv/lib/python3.11/site-packages/airflow/example_dags/example_time_delta_sensor_async.py took 0.101 seconds
[2026-03-18T06:40:27.741+0000] {processor.py:186} INFO - Started process (PID=28535) to work on /home/komal/data-engineering-projects/airflow-spark-pipeline/airflow_venv/lib/python3.11/site-packages/airflow/example_dags/example_time_delta_sensor_async.py
[2026-03-18T06:40:27.746+0000] {processor.py:914} INFO - Processing file /home/komal/data-engineering-projects/airflow-spark-pipeline/airflow_venv/lib/python3.11/site-packages/airflow/example_dags/example_time_delta_sensor_async.py for tasks to queue
[2026-03-18T06:40:27.748+0000] {logging_mixin.py:190} INFO - [2026-03-18T06:40:27.748+0000] {dagbag.py:588} INFO - Filling up the DagBag from /home/komal/data-engineering-projects/airflow-spark-pipeline/airflow_venv/lib/python3.11/site-packages/airflow/example_dags/example_time_delta_sensor_async.py
[2026-03-18T06:40:27.753+0000] {processor.py:925} INFO - DAG(s) 'example_time_delta_sensor_async' retrieved from /home/komal/data-engineering-projects/airflow-spark-pipeline/airflow_venv/lib/python3.11/site-packages/airflow/example_dags/example_time_delta_sensor_async.py
[2026-03-18T06:40:27.773+0000] {logging_mixin.py:190} INFO - [2026-03-18T06:40:27.773+0000] {dag.py:3239} INFO - Sync 1 DAGs
[2026-03-18T06:40:27.788+0000] {logging_mixin.py:190} INFO - [2026-03-18T06:40:27.788+0000] {dag.py:4180} INFO - Setting next_dagrun for example_time_delta_sensor_async to None, run_after=None
[2026-03-18T06:40:27.816+0000] {processor.py:208} INFO - Processing /home/komal/data-engineering-projects/airflow-spark-pipeline/airflow_venv/lib/python3.11/site-packages/airflow/example_dags/example_time_delta_sensor_async.py took 0.080 seconds
[2026-03-18T06:41:36.629+0000] {processor.py:186} INFO - Started process (PID=28678) to work on /home/komal/data-engineering-projects/airflow-spark-pipeline/airflow_venv/lib/python3.11/site-packages/airflow/example_dags/example_time_delta_sensor_async.py
[2026-03-18T06:41:36.662+0000] {processor.py:914} INFO - Processing file /home/komal/data-engineering-projects/airflow-spark-pipeline/airflow_venv/lib/python3.11/site-packages/airflow/example_dags/example_time_delta_sensor_async.py for tasks to queue
[2026-03-18T06:41:36.666+0000] {logging_mixin.py:190} INFO - [2026-03-18T06:41:36.666+0000] {dagbag.py:588} INFO - Filling up the DagBag from /home/komal/data-engineering-projects/airflow-spark-pipeline/airflow_venv/lib/python3.11/site-packages/airflow/example_dags/example_time_delta_sensor_async.py
[2026-03-18T06:41:36.679+0000] {processor.py:925} INFO - DAG(s) 'example_time_delta_sensor_async' retrieved from /home/komal/data-engineering-projects/airflow-spark-pipeline/airflow_venv/lib/python3.11/site-packages/airflow/example_dags/example_time_delta_sensor_async.py
[2026-03-18T06:41:36.695+0000] {logging_mixin.py:190} INFO - [2026-03-18T06:41:36.695+0000] {dag.py:3239} INFO - Sync 1 DAGs
[2026-03-18T06:41:36.703+0000] {logging_mixin.py:190} INFO - [2026-03-18T06:41:36.703+0000] {dag.py:4180} INFO - Setting next_dagrun for example_time_delta_sensor_async to None, run_after=None
[2026-03-18T06:41:36.729+0000] {processor.py:208} INFO - Processing /home/komal/data-engineering-projects/airflow-spark-pipeline/airflow_venv/lib/python3.11/site-packages/airflow/example_dags/example_time_delta_sensor_async.py took 0.108 seconds
[2026-03-18T06:42:52.620+0000] {processor.py:186} INFO - Started process (PID=28760) to work on /home/komal/data-engineering-projects/airflow-spark-pipeline/airflow_venv/lib/python3.11/site-packages/airflow/example_dags/example_time_delta_sensor_async.py
[2026-03-18T06:42:52.624+0000] {processor.py:914} INFO - Processing file /home/komal/data-engineering-projects/airflow-spark-pipeline/airflow_venv/lib/python3.11/site-packages/airflow/example_dags/example_time_delta_sensor_async.py for tasks to queue
[2026-03-18T06:42:52.627+0000] {logging_mixin.py:190} INFO - [2026-03-18T06:42:52.626+0000] {dagbag.py:588} INFO - Filling up the DagBag from /home/komal/data-engineering-projects/airflow-spark-pipeline/airflow_venv/lib/python3.11/site-packages/airflow/example_dags/example_time_delta_sensor_async.py
[2026-03-18T06:42:52.636+0000] {processor.py:925} INFO - DAG(s) 'example_time_delta_sensor_async' retrieved from /home/komal/data-engineering-projects/airflow-spark-pipeline/airflow_venv/lib/python3.11/site-packages/airflow/example_dags/example_time_delta_sensor_async.py
[2026-03-18T06:42:52.654+0000] {logging_mixin.py:190} INFO - [2026-03-18T06:42:52.653+0000] {dag.py:3239} INFO - Sync 1 DAGs
[2026-03-18T06:42:52.777+0000] {logging_mixin.py:190} INFO - [2026-03-18T06:42:52.776+0000] {dag.py:4180} INFO - Setting next_dagrun for example_time_delta_sensor_async to None, run_after=None
[2026-03-18T06:42:52.813+0000] {processor.py:208} INFO - Processing /home/komal/data-engineering-projects/airflow-spark-pipeline/airflow_venv/lib/python3.11/site-packages/airflow/example_dags/example_time_delta_sensor_async.py took 0.201 seconds
[2026-03-18T06:44:15.942+0000] {processor.py:186} INFO - Started process (PID=28911) to work on /home/komal/data-engineering-projects/airflow-spark-pipeline/airflow_venv/lib/python3.11/site-packages/airflow/example_dags/example_time_delta_sensor_async.py
[2026-03-18T06:44:15.973+0000] {processor.py:914} INFO - Processing file /home/komal/data-engineering-projects/airflow-spark-pipeline/airflow_venv/lib/python3.11/site-packages/airflow/example_dags/example_time_delta_sensor_async.py for tasks to queue
[2026-03-18T06:44:15.977+0000] {logging_mixin.py:190} INFO - [2026-03-18T06:44:15.976+0000] {dagbag.py:588} INFO - Filling up the DagBag from /home/komal/data-engineering-projects/airflow-spark-pipeline/airflow_venv/lib/python3.11/site-packages/airflow/example_dags/example_time_delta_sensor_async.py
[2026-03-18T06:44:15.988+0000] {processor.py:925} INFO - DAG(s) 'example_time_delta_sensor_async' retrieved from /home/komal/data-engineering-projects/airflow-spark-pipeline/airflow_venv/lib/python3.11/site-packages/airflow/example_dags/example_time_delta_sensor_async.py
[2026-03-18T06:44:16.002+0000] {logging_mixin.py:190} INFO - [2026-03-18T06:44:16.002+0000] {dag.py:3239} INFO - Sync 1 DAGs
[2026-03-18T06:44:16.011+0000] {logging_mixin.py:190} INFO - [2026-03-18T06:44:16.010+0000] {dag.py:4180} INFO - Setting next_dagrun for example_time_delta_sensor_async to None, run_after=None
[2026-03-18T06:44:16.035+0000] {processor.py:208} INFO - Processing /home/komal/data-engineering-projects/airflow-spark-pipeline/airflow_venv/lib/python3.11/site-packages/airflow/example_dags/example_time_delta_sensor_async.py took 0.102 seconds
[2026-03-18T06:45:30.791+0000] {processor.py:186} INFO - Started process (PID=28992) to work on /home/komal/data-engineering-projects/airflow-spark-pipeline/airflow_venv/lib/python3.11/site-packages/airflow/example_dags/example_time_delta_sensor_async.py
[2026-03-18T06:45:30.792+0000] {processor.py:914} INFO - Processing file /home/komal/data-engineering-projects/airflow-spark-pipeline/airflow_venv/lib/python3.11/site-packages/airflow/example_dags/example_time_delta_sensor_async.py for tasks to queue
[2026-03-18T06:45:30.794+0000] {logging_mixin.py:190} INFO - [2026-03-18T06:45:30.793+0000] {dagbag.py:588} INFO - Filling up the DagBag from /home/komal/data-engineering-projects/airflow-spark-pipeline/airflow_venv/lib/python3.11/site-packages/airflow/example_dags/example_time_delta_sensor_async.py
[2026-03-18T06:45:30.801+0000] {processor.py:925} INFO - DAG(s) 'example_time_delta_sensor_async' retrieved from /home/komal/data-engineering-projects/airflow-spark-pipeline/airflow_venv/lib/python3.11/site-packages/airflow/example_dags/example_time_delta_sensor_async.py
[2026-03-18T06:45:30.823+0000] {logging_mixin.py:190} INFO - [2026-03-18T06:45:30.823+0000] {dag.py:3239} INFO - Sync 1 DAGs
[2026-03-18T06:45:30.835+0000] {logging_mixin.py:190} INFO - [2026-03-18T06:45:30.834+0000] {dag.py:4180} INFO - Setting next_dagrun for example_time_delta_sensor_async to None, run_after=None
[2026-03-18T06:45:30.867+0000] {processor.py:208} INFO - Processing /home/komal/data-engineering-projects/airflow-spark-pipeline/airflow_venv/lib/python3.11/site-packages/airflow/example_dags/example_time_delta_sensor_async.py took 0.080 seconds
[2026-03-18T06:46:42.200+0000] {processor.py:186} INFO - Started process (PID=29426) to work on /home/komal/data-engineering-projects/airflow-spark-pipeline/airflow_venv/lib/python3.11/site-packages/airflow/example_dags/example_time_delta_sensor_async.py
[2026-03-18T06:46:42.202+0000] {processor.py:914} INFO - Processing file /home/komal/data-engineering-projects/airflow-spark-pipeline/airflow_venv/lib/python3.11/site-packages/airflow/example_dags/example_time_delta_sensor_async.py for tasks to queue
[2026-03-18T06:46:42.207+0000] {logging_mixin.py:190} INFO - [2026-03-18T06:46:42.206+0000] {dagbag.py:588} INFO - Filling up the DagBag from /home/komal/data-engineering-projects/airflow-spark-pipeline/airflow_venv/lib/python3.11/site-packages/airflow/example_dags/example_time_delta_sensor_async.py
[2026-03-18T06:46:42.218+0000] {processor.py:925} INFO - DAG(s) 'example_time_delta_sensor_async' retrieved from /home/komal/data-engineering-projects/airflow-spark-pipeline/airflow_venv/lib/python3.11/site-packages/airflow/example_dags/example_time_delta_sensor_async.py
[2026-03-18T06:46:42.235+0000] {logging_mixin.py:190} INFO - [2026-03-18T06:46:42.234+0000] {dag.py:3239} INFO - Sync 1 DAGs
[2026-03-18T06:46:42.248+0000] {logging_mixin.py:190} INFO - [2026-03-18T06:46:42.248+0000] {dag.py:4180} INFO - Setting next_dagrun for example_time_delta_sensor_async to None, run_after=None
[2026-03-18T06:46:42.281+0000] {processor.py:208} INFO - Processing /home/komal/data-engineering-projects/airflow-spark-pipeline/airflow_venv/lib/python3.11/site-packages/airflow/example_dags/example_time_delta_sensor_async.py took 0.101 seconds
[2026-03-18T06:47:51.615+0000] {processor.py:186} INFO - Started process (PID=29498) to work on /home/komal/data-engineering-projects/airflow-spark-pipeline/airflow_venv/lib/python3.11/site-packages/airflow/example_dags/example_time_delta_sensor_async.py
[2026-03-18T06:47:51.646+0000] {processor.py:914} INFO - Processing file /home/komal/data-engineering-projects/airflow-spark-pipeline/airflow_venv/lib/python3.11/site-packages/airflow/example_dags/example_time_delta_sensor_async.py for tasks to queue
[2026-03-18T06:47:51.650+0000] {logging_mixin.py:190} INFO - [2026-03-18T06:47:51.650+0000] {dagbag.py:588} INFO - Filling up the DagBag from /home/komal/data-engineering-projects/airflow-spark-pipeline/airflow_venv/lib/python3.11/site-packages/airflow/example_dags/example_time_delta_sensor_async.py
[2026-03-18T06:47:51.661+0000] {processor.py:925} INFO - DAG(s) 'example_time_delta_sensor_async' retrieved from /home/komal/data-engineering-projects/airflow-spark-pipeline/airflow_venv/lib/python3.11/site-packages/airflow/example_dags/example_time_delta_sensor_async.py
[2026-03-18T06:47:51.681+0000] {logging_mixin.py:190} INFO - [2026-03-18T06:47:51.681+0000] {dag.py:3239} INFO - Sync 1 DAGs
[2026-03-18T06:47:51.696+0000] {logging_mixin.py:190} INFO - [2026-03-18T06:47:51.696+0000] {dag.py:4180} INFO - Setting next_dagrun for example_time_delta_sensor_async to None, run_after=None
[2026-03-18T06:47:51.737+0000] {processor.py:208} INFO - Processing /home/komal/data-engineering-projects/airflow-spark-pipeline/airflow_venv/lib/python3.11/site-packages/airflow/example_dags/example_time_delta_sensor_async.py took 0.134 seconds
[2026-03-18T06:49:15.468+0000] {processor.py:186} INFO - Started process (PID=29653) to work on /home/komal/data-engineering-projects/airflow-spark-pipeline/airflow_venv/lib/python3.11/site-packages/airflow/example_dags/example_time_delta_sensor_async.py
[2026-03-18T06:49:15.475+0000] {processor.py:914} INFO - Processing file /home/komal/data-engineering-projects/airflow-spark-pipeline/airflow_venv/lib/python3.11/site-packages/airflow/example_dags/example_time_delta_sensor_async.py for tasks to queue
[2026-03-18T06:49:15.476+0000] {logging_mixin.py:190} INFO - [2026-03-18T06:49:15.476+0000] {dagbag.py:588} INFO - Filling up the DagBag from /home/komal/data-engineering-projects/airflow-spark-pipeline/airflow_venv/lib/python3.11/site-packages/airflow/example_dags/example_time_delta_sensor_async.py
[2026-03-18T06:49:15.481+0000] {processor.py:925} INFO - DAG(s) 'example_time_delta_sensor_async' retrieved from /home/komal/data-engineering-projects/airflow-spark-pipeline/airflow_venv/lib/python3.11/site-packages/airflow/example_dags/example_time_delta_sensor_async.py
[2026-03-18T06:49:15.494+0000] {logging_mixin.py:190} INFO - [2026-03-18T06:49:15.493+0000] {dag.py:3239} INFO - Sync 1 DAGs
[2026-03-18T06:49:15.505+0000] {logging_mixin.py:190} INFO - [2026-03-18T06:49:15.505+0000] {dag.py:4180} INFO - Setting next_dagrun for example_time_delta_sensor_async to None, run_after=None
[2026-03-18T06:49:15.524+0000] {processor.py:208} INFO - Processing /home/komal/data-engineering-projects/airflow-spark-pipeline/airflow_venv/lib/python3.11/site-packages/airflow/example_dags/example_time_delta_sensor_async.py took 0.061 seconds
[2026-03-18T06:50:31.231+0000] {processor.py:186} INFO - Started process (PID=29803) to work on /home/komal/data-engineering-projects/airflow-spark-pipeline/airflow_venv/lib/python3.11/site-packages/airflow/example_dags/example_time_delta_sensor_async.py
[2026-03-18T06:50:31.265+0000] {processor.py:914} INFO - Processing file /home/komal/data-engineering-projects/airflow-spark-pipeline/airflow_venv/lib/python3.11/site-packages/airflow/example_dags/example_time_delta_sensor_async.py for tasks to queue
[2026-03-18T06:50:31.269+0000] {logging_mixin.py:190} INFO - [2026-03-18T06:50:31.268+0000] {dagbag.py:588} INFO - Filling up the DagBag from /home/komal/data-engineering-projects/airflow-spark-pipeline/airflow_venv/lib/python3.11/site-packages/airflow/example_dags/example_time_delta_sensor_async.py
[2026-03-18T06:50:31.279+0000] {processor.py:925} INFO - DAG(s) 'example_time_delta_sensor_async' retrieved from /home/komal/data-engineering-projects/airflow-spark-pipeline/airflow_venv/lib/python3.11/site-packages/airflow/example_dags/example_time_delta_sensor_async.py
[2026-03-18T06:50:31.292+0000] {logging_mixin.py:190} INFO - [2026-03-18T06:50:31.291+0000] {dag.py:3239} INFO - Sync 1 DAGs
[2026-03-18T06:50:31.388+0000] {logging_mixin.py:190} INFO - [2026-03-18T06:50:31.388+0000] {dag.py:4180} INFO - Setting next_dagrun for example_time_delta_sensor_async to None, run_after=None
[2026-03-18T06:50:31.444+0000] {processor.py:208} INFO - Processing /home/komal/data-engineering-projects/airflow-spark-pipeline/airflow_venv/lib/python3.11/site-packages/airflow/example_dags/example_time_delta_sensor_async.py took 0.222 seconds
[2026-03-18T06:51:38.062+0000] {processor.py:186} INFO - Started process (PID=29872) to work on /home/komal/data-engineering-projects/airflow-spark-pipeline/airflow_venv/lib/python3.11/site-packages/airflow/example_dags/example_time_delta_sensor_async.py
[2026-03-18T06:51:38.097+0000] {processor.py:914} INFO - Processing file /home/komal/data-engineering-projects/airflow-spark-pipeline/airflow_venv/lib/python3.11/site-packages/airflow/example_dags/example_time_delta_sensor_async.py for tasks to queue
[2026-03-18T06:51:38.101+0000] {logging_mixin.py:190} INFO - [2026-03-18T06:51:38.101+0000] {dagbag.py:588} INFO - Filling up the DagBag from /home/komal/data-engineering-projects/airflow-spark-pipeline/airflow_venv/lib/python3.11/site-packages/airflow/example_dags/example_time_delta_sensor_async.py
[2026-03-18T06:51:38.109+0000] {processor.py:925} INFO - DAG(s) 'example_time_delta_sensor_async' retrieved from /home/komal/data-engineering-projects/airflow-spark-pipeline/airflow_venv/lib/python3.11/site-packages/airflow/example_dags/example_time_delta_sensor_async.py
[2026-03-18T06:51:38.129+0000] {logging_mixin.py:190} INFO - [2026-03-18T06:51:38.129+0000] {dag.py:3239} INFO - Sync 1 DAGs
[2026-03-18T06:51:38.145+0000] {logging_mixin.py:190} INFO - [2026-03-18T06:51:38.144+0000] {dag.py:4180} INFO - Setting next_dagrun for example_time_delta_sensor_async to None, run_after=None
[2026-03-18T06:51:38.177+0000] {processor.py:208} INFO - Processing /home/komal/data-engineering-projects/airflow-spark-pipeline/airflow_venv/lib/python3.11/site-packages/airflow/example_dags/example_time_delta_sensor_async.py took 0.120 seconds
[2026-03-18T06:52:47.263+0000] {processor.py:186} INFO - Started process (PID=30012) to work on /home/komal/data-engineering-projects/airflow-spark-pipeline/airflow_venv/lib/python3.11/site-packages/airflow/example_dags/example_time_delta_sensor_async.py
[2026-03-18T06:52:47.265+0000] {processor.py:914} INFO - Processing file /home/komal/data-engineering-projects/airflow-spark-pipeline/airflow_venv/lib/python3.11/site-packages/airflow/example_dags/example_time_delta_sensor_async.py for tasks to queue
[2026-03-18T06:52:47.267+0000] {logging_mixin.py:190} INFO - [2026-03-18T06:52:47.266+0000] {dagbag.py:588} INFO - Filling up the DagBag from /home/komal/data-engineering-projects/airflow-spark-pipeline/airflow_venv/lib/python3.11/site-packages/airflow/example_dags/example_time_delta_sensor_async.py
[2026-03-18T06:52:47.272+0000] {processor.py:925} INFO - DAG(s) 'example_time_delta_sensor_async' retrieved from /home/komal/data-engineering-projects/airflow-spark-pipeline/airflow_venv/lib/python3.11/site-packages/airflow/example_dags/example_time_delta_sensor_async.py
[2026-03-18T06:52:47.283+0000] {logging_mixin.py:190} INFO - [2026-03-18T06:52:47.283+0000] {dag.py:3239} INFO - Sync 1 DAGs
[2026-03-18T06:52:47.295+0000] {logging_mixin.py:190} INFO - [2026-03-18T06:52:47.295+0000] {dag.py:4180} INFO - Setting next_dagrun for example_time_delta_sensor_async to None, run_after=None
[2026-03-18T06:52:47.323+0000] {processor.py:208} INFO - Processing /home/komal/data-engineering-projects/airflow-spark-pipeline/airflow_venv/lib/python3.11/site-packages/airflow/example_dags/example_time_delta_sensor_async.py took 0.065 seconds
[2026-03-18T06:54:12.107+0000] {processor.py:186} INFO - Started process (PID=30159) to work on /home/komal/data-engineering-projects/airflow-spark-pipeline/airflow_venv/lib/python3.11/site-packages/airflow/example_dags/example_time_delta_sensor_async.py
[2026-03-18T06:54:12.139+0000] {processor.py:914} INFO - Processing file /home/komal/data-engineering-projects/airflow-spark-pipeline/airflow_venv/lib/python3.11/site-packages/airflow/example_dags/example_time_delta_sensor_async.py for tasks to queue
[2026-03-18T06:54:12.143+0000] {logging_mixin.py:190} INFO - [2026-03-18T06:54:12.143+0000] {dagbag.py:588} INFO - Filling up the DagBag from /home/komal/data-engineering-projects/airflow-spark-pipeline/airflow_venv/lib/python3.11/site-packages/airflow/example_dags/example_time_delta_sensor_async.py
[2026-03-18T06:54:12.157+0000] {processor.py:925} INFO - DAG(s) 'example_time_delta_sensor_async' retrieved from /home/komal/data-engineering-projects/airflow-spark-pipeline/airflow_venv/lib/python3.11/site-packages/airflow/example_dags/example_time_delta_sensor_async.py
[2026-03-18T06:54:12.178+0000] {logging_mixin.py:190} INFO - [2026-03-18T06:54:12.178+0000] {dag.py:3239} INFO - Sync 1 DAGs
[2026-03-18T06:54:12.194+0000] {logging_mixin.py:190} INFO - [2026-03-18T06:54:12.194+0000] {dag.py:4180} INFO - Setting next_dagrun for example_time_delta_sensor_async to None, run_after=None
[2026-03-18T06:54:12.228+0000] {processor.py:208} INFO - Processing /home/komal/data-engineering-projects/airflow-spark-pipeline/airflow_venv/lib/python3.11/site-packages/airflow/example_dags/example_time_delta_sensor_async.py took 0.130 seconds
[2026-03-18T06:55:02.051+0000] {processor.py:186} INFO - Started process (PID=30211) to work on /home/komal/data-engineering-projects/airflow-spark-pipeline/airflow_venv/lib/python3.11/site-packages/airflow/example_dags/example_time_delta_sensor_async.py
[2026-03-18T06:55:02.083+0000] {processor.py:914} INFO - Processing file /home/komal/data-engineering-projects/airflow-spark-pipeline/airflow_venv/lib/python3.11/site-packages/airflow/example_dags/example_time_delta_sensor_async.py for tasks to queue
[2026-03-18T06:55:02.088+0000] {logging_mixin.py:190} INFO - [2026-03-18T06:55:02.087+0000] {dagbag.py:588} INFO - Filling up the DagBag from /home/komal/data-engineering-projects/airflow-spark-pipeline/airflow_venv/lib/python3.11/site-packages/airflow/example_dags/example_time_delta_sensor_async.py
[2026-03-18T06:55:02.102+0000] {processor.py:925} INFO - DAG(s) 'example_time_delta_sensor_async' retrieved from /home/komal/data-engineering-projects/airflow-spark-pipeline/airflow_venv/lib/python3.11/site-packages/airflow/example_dags/example_time_delta_sensor_async.py
[2026-03-18T06:55:02.132+0000] {logging_mixin.py:190} INFO - [2026-03-18T06:55:02.131+0000] {dag.py:3239} INFO - Sync 1 DAGs
[2026-03-18T06:55:02.145+0000] {logging_mixin.py:190} INFO - [2026-03-18T06:55:02.144+0000] {dag.py:4180} INFO - Setting next_dagrun for example_time_delta_sensor_async to None, run_after=None
[2026-03-18T06:55:02.182+0000] {processor.py:208} INFO - Processing /home/komal/data-engineering-projects/airflow-spark-pipeline/airflow_venv/lib/python3.11/site-packages/airflow/example_dags/example_time_delta_sensor_async.py took 0.140 seconds
[2026-03-18T06:56:15.333+0000] {processor.py:186} INFO - Started process (PID=30362) to work on /home/komal/data-engineering-projects/airflow-spark-pipeline/airflow_venv/lib/python3.11/site-packages/airflow/example_dags/example_time_delta_sensor_async.py
[2026-03-18T06:56:15.366+0000] {processor.py:914} INFO - Processing file /home/komal/data-engineering-projects/airflow-spark-pipeline/airflow_venv/lib/python3.11/site-packages/airflow/example_dags/example_time_delta_sensor_async.py for tasks to queue
[2026-03-18T06:56:15.370+0000] {logging_mixin.py:190} INFO - [2026-03-18T06:56:15.370+0000] {dagbag.py:588} INFO - Filling up the DagBag from /home/komal/data-engineering-projects/airflow-spark-pipeline/airflow_venv/lib/python3.11/site-packages/airflow/example_dags/example_time_delta_sensor_async.py
[2026-03-18T06:56:15.381+0000] {processor.py:925} INFO - DAG(s) 'example_time_delta_sensor_async' retrieved from /home/komal/data-engineering-projects/airflow-spark-pipeline/airflow_venv/lib/python3.11/site-packages/airflow/example_dags/example_time_delta_sensor_async.py
[2026-03-18T06:56:15.404+0000] {logging_mixin.py:190} INFO - [2026-03-18T06:56:15.404+0000] {dag.py:3239} INFO - Sync 1 DAGs
[2026-03-18T06:56:15.414+0000] {logging_mixin.py:190} INFO - [2026-03-18T06:56:15.414+0000] {dag.py:4180} INFO - Setting next_dagrun for example_time_delta_sensor_async to None, run_after=None
[2026-03-18T06:56:15.440+0000] {processor.py:208} INFO - Processing /home/komal/data-engineering-projects/airflow-spark-pipeline/airflow_venv/lib/python3.11/site-packages/airflow/example_dags/example_time_delta_sensor_async.py took 0.118 seconds
[2026-03-18T06:57:27.717+0000] {processor.py:186} INFO - Started process (PID=30506) to work on /home/komal/data-engineering-projects/airflow-spark-pipeline/airflow_venv/lib/python3.11/site-packages/airflow/example_dags/example_time_delta_sensor_async.py
[2026-03-18T06:57:27.751+0000] {processor.py:914} INFO - Processing file /home/komal/data-engineering-projects/airflow-spark-pipeline/airflow_venv/lib/python3.11/site-packages/airflow/example_dags/example_time_delta_sensor_async.py for tasks to queue
[2026-03-18T06:57:27.756+0000] {logging_mixin.py:190} INFO - [2026-03-18T06:57:27.755+0000] {dagbag.py:588} INFO - Filling up the DagBag from /home/komal/data-engineering-projects/airflow-spark-pipeline/airflow_venv/lib/python3.11/site-packages/airflow/example_dags/example_time_delta_sensor_async.py
[2026-03-18T06:57:27.769+0000] {processor.py:925} INFO - DAG(s) 'example_time_delta_sensor_async' retrieved from /home/komal/data-engineering-projects/airflow-spark-pipeline/airflow_venv/lib/python3.11/site-packages/airflow/example_dags/example_time_delta_sensor_async.py
[2026-03-18T06:57:27.789+0000] {logging_mixin.py:190} INFO - [2026-03-18T06:57:27.789+0000] {dag.py:3239} INFO - Sync 1 DAGs
[2026-03-18T06:57:27.804+0000] {logging_mixin.py:190} INFO - [2026-03-18T06:57:27.803+0000] {dag.py:4180} INFO - Setting next_dagrun for example_time_delta_sensor_async to None, run_after=None
[2026-03-18T06:57:27.832+0000] {processor.py:208} INFO - Processing /home/komal/data-engineering-projects/airflow-spark-pipeline/airflow_venv/lib/python3.11/site-packages/airflow/example_dags/example_time_delta_sensor_async.py took 0.124 seconds
[2026-03-18T06:58:51.592+0000] {processor.py:186} INFO - Started process (PID=30658) to work on /home/komal/data-engineering-projects/airflow-spark-pipeline/airflow_venv/lib/python3.11/site-packages/airflow/example_dags/example_time_delta_sensor_async.py
[2026-03-18T06:58:51.616+0000] {processor.py:914} INFO - Processing file /home/komal/data-engineering-projects/airflow-spark-pipeline/airflow_venv/lib/python3.11/site-packages/airflow/example_dags/example_time_delta_sensor_async.py for tasks to queue
[2026-03-18T06:58:51.620+0000] {logging_mixin.py:190} INFO - [2026-03-18T06:58:51.619+0000] {dagbag.py:588} INFO - Filling up the DagBag from /home/komal/data-engineering-projects/airflow-spark-pipeline/airflow_venv/lib/python3.11/site-packages/airflow/example_dags/example_time_delta_sensor_async.py
[2026-03-18T06:58:51.632+0000] {processor.py:925} INFO - DAG(s) 'example_time_delta_sensor_async' retrieved from /home/komal/data-engineering-projects/airflow-spark-pipeline/airflow_venv/lib/python3.11/site-packages/airflow/example_dags/example_time_delta_sensor_async.py
[2026-03-18T06:58:51.651+0000] {logging_mixin.py:190} INFO - [2026-03-18T06:58:51.651+0000] {dag.py:3239} INFO - Sync 1 DAGs
[2026-03-18T06:58:51.660+0000] {logging_mixin.py:190} INFO - [2026-03-18T06:58:51.660+0000] {dag.py:4180} INFO - Setting next_dagrun for example_time_delta_sensor_async to None, run_after=None
[2026-03-18T06:58:51.683+0000] {processor.py:208} INFO - Processing /home/komal/data-engineering-projects/airflow-spark-pipeline/airflow_venv/lib/python3.11/site-packages/airflow/example_dags/example_time_delta_sensor_async.py took 0.102 seconds
[2026-03-18T07:00:01.096+0000] {processor.py:186} INFO - Started process (PID=30727) to work on /home/komal/data-engineering-projects/airflow-spark-pipeline/airflow_venv/lib/python3.11/site-packages/airflow/example_dags/example_time_delta_sensor_async.py
[2026-03-18T07:00:01.128+0000] {processor.py:914} INFO - Processing file /home/komal/data-engineering-projects/airflow-spark-pipeline/airflow_venv/lib/python3.11/site-packages/airflow/example_dags/example_time_delta_sensor_async.py for tasks to queue
[2026-03-18T07:00:01.132+0000] {logging_mixin.py:190} INFO - [2026-03-18T07:00:01.131+0000] {dagbag.py:588} INFO - Filling up the DagBag from /home/komal/data-engineering-projects/airflow-spark-pipeline/airflow_venv/lib/python3.11/site-packages/airflow/example_dags/example_time_delta_sensor_async.py
[2026-03-18T07:00:01.138+0000] {processor.py:925} INFO - DAG(s) 'example_time_delta_sensor_async' retrieved from /home/komal/data-engineering-projects/airflow-spark-pipeline/airflow_venv/lib/python3.11/site-packages/airflow/example_dags/example_time_delta_sensor_async.py
[2026-03-18T07:00:01.150+0000] {logging_mixin.py:190} INFO - [2026-03-18T07:00:01.150+0000] {dag.py:3239} INFO - Sync 1 DAGs
[2026-03-18T07:00:01.157+0000] {logging_mixin.py:190} INFO - [2026-03-18T07:00:01.157+0000] {dag.py:4180} INFO - Setting next_dagrun for example_time_delta_sensor_async to None, run_after=None
[2026-03-18T07:00:01.179+0000] {processor.py:208} INFO - Processing /home/komal/data-engineering-projects/airflow-spark-pipeline/airflow_venv/lib/python3.11/site-packages/airflow/example_dags/example_time_delta_sensor_async.py took 0.087 seconds
[2026-03-18T07:01:24.034+0000] {processor.py:186} INFO - Started process (PID=30877) to work on /home/komal/data-engineering-projects/airflow-spark-pipeline/airflow_venv/lib/python3.11/site-packages/airflow/example_dags/example_time_delta_sensor_async.py
[2026-03-18T07:01:24.066+0000] {processor.py:914} INFO - Processing file /home/komal/data-engineering-projects/airflow-spark-pipeline/airflow_venv/lib/python3.11/site-packages/airflow/example_dags/example_time_delta_sensor_async.py for tasks to queue
[2026-03-18T07:01:24.069+0000] {logging_mixin.py:190} INFO - [2026-03-18T07:01:24.069+0000] {dagbag.py:588} INFO - Filling up the DagBag from /home/komal/data-engineering-projects/airflow-spark-pipeline/airflow_venv/lib/python3.11/site-packages/airflow/example_dags/example_time_delta_sensor_async.py
[2026-03-18T07:01:24.077+0000] {processor.py:925} INFO - DAG(s) 'example_time_delta_sensor_async' retrieved from /home/komal/data-engineering-projects/airflow-spark-pipeline/airflow_venv/lib/python3.11/site-packages/airflow/example_dags/example_time_delta_sensor_async.py
[2026-03-18T07:01:24.096+0000] {logging_mixin.py:190} INFO - [2026-03-18T07:01:24.096+0000] {dag.py:3239} INFO - Sync 1 DAGs
[2026-03-18T07:01:24.221+0000] {logging_mixin.py:190} INFO - [2026-03-18T07:01:24.221+0000] {dag.py:4180} INFO - Setting next_dagrun for example_time_delta_sensor_async to None, run_after=None
[2026-03-18T07:01:24.289+0000] {processor.py:208} INFO - Processing /home/komal/data-engineering-projects/airflow-spark-pipeline/airflow_venv/lib/python3.11/site-packages/airflow/example_dags/example_time_delta_sensor_async.py took 0.262 seconds
[2026-03-18T07:02:42.891+0000] {processor.py:186} INFO - Started process (PID=30951) to work on /home/komal/data-engineering-projects/airflow-spark-pipeline/airflow_venv/lib/python3.11/site-packages/airflow/example_dags/example_time_delta_sensor_async.py
[2026-03-18T07:02:42.923+0000] {processor.py:914} INFO - Processing file /home/komal/data-engineering-projects/airflow-spark-pipeline/airflow_venv/lib/python3.11/site-packages/airflow/example_dags/example_time_delta_sensor_async.py for tasks to queue
[2026-03-18T07:02:42.925+0000] {logging_mixin.py:190} INFO - [2026-03-18T07:02:42.924+0000] {dagbag.py:588} INFO - Filling up the DagBag from /home/komal/data-engineering-projects/airflow-spark-pipeline/airflow_venv/lib/python3.11/site-packages/airflow/example_dags/example_time_delta_sensor_async.py
[2026-03-18T07:02:42.931+0000] {processor.py:925} INFO - DAG(s) 'example_time_delta_sensor_async' retrieved from /home/komal/data-engineering-projects/airflow-spark-pipeline/airflow_venv/lib/python3.11/site-packages/airflow/example_dags/example_time_delta_sensor_async.py
[2026-03-18T07:02:42.944+0000] {logging_mixin.py:190} INFO - [2026-03-18T07:02:42.943+0000] {dag.py:3239} INFO - Sync 1 DAGs
[2026-03-18T07:02:42.954+0000] {logging_mixin.py:190} INFO - [2026-03-18T07:02:42.953+0000] {dag.py:4180} INFO - Setting next_dagrun for example_time_delta_sensor_async to None, run_after=None
[2026-03-18T07:02:42.984+0000] {processor.py:208} INFO - Processing /home/komal/data-engineering-projects/airflow-spark-pipeline/airflow_venv/lib/python3.11/site-packages/airflow/example_dags/example_time_delta_sensor_async.py took 0.097 seconds
[2026-03-18T07:03:49.146+0000] {processor.py:186} INFO - Started process (PID=31072) to work on /home/komal/data-engineering-projects/airflow-spark-pipeline/airflow_venv/lib/python3.11/site-packages/airflow/example_dags/example_time_delta_sensor_async.py
[2026-03-18T07:03:49.147+0000] {processor.py:914} INFO - Processing file /home/komal/data-engineering-projects/airflow-spark-pipeline/airflow_venv/lib/python3.11/site-packages/airflow/example_dags/example_time_delta_sensor_async.py for tasks to queue
[2026-03-18T07:03:49.157+0000] {logging_mixin.py:190} INFO - [2026-03-18T07:03:49.157+0000] {dagbag.py:588} INFO - Filling up the DagBag from /home/komal/data-engineering-projects/airflow-spark-pipeline/airflow_venv/lib/python3.11/site-packages/airflow/example_dags/example_time_delta_sensor_async.py
[2026-03-18T07:03:49.163+0000] {processor.py:925} INFO - DAG(s) 'example_time_delta_sensor_async' retrieved from /home/komal/data-engineering-projects/airflow-spark-pipeline/airflow_venv/lib/python3.11/site-packages/airflow/example_dags/example_time_delta_sensor_async.py
[2026-03-18T07:03:49.193+0000] {logging_mixin.py:190} INFO - [2026-03-18T07:03:49.192+0000] {dag.py:3239} INFO - Sync 1 DAGs
[2026-03-18T07:03:49.202+0000] {logging_mixin.py:190} INFO - [2026-03-18T07:03:49.202+0000] {dag.py:4180} INFO - Setting next_dagrun for example_time_delta_sensor_async to None, run_after=None
[2026-03-18T07:03:49.225+0000] {processor.py:208} INFO - Processing /home/komal/data-engineering-projects/airflow-spark-pipeline/airflow_venv/lib/python3.11/site-packages/airflow/example_dags/example_time_delta_sensor_async.py took 0.085 seconds
[2026-03-18T07:04:46.892+0000] {processor.py:186} INFO - Started process (PID=31136) to work on /home/komal/data-engineering-projects/airflow-spark-pipeline/airflow_venv/lib/python3.11/site-packages/airflow/example_dags/example_time_delta_sensor_async.py
[2026-03-18T07:04:46.896+0000] {processor.py:914} INFO - Processing file /home/komal/data-engineering-projects/airflow-spark-pipeline/airflow_venv/lib/python3.11/site-packages/airflow/example_dags/example_time_delta_sensor_async.py for tasks to queue
[2026-03-18T07:04:46.898+0000] {logging_mixin.py:190} INFO - [2026-03-18T07:04:46.897+0000] {dagbag.py:588} INFO - Filling up the DagBag from /home/komal/data-engineering-projects/airflow-spark-pipeline/airflow_venv/lib/python3.11/site-packages/airflow/example_dags/example_time_delta_sensor_async.py
[2026-03-18T07:04:46.903+0000] {processor.py:925} INFO - DAG(s) 'example_time_delta_sensor_async' retrieved from /home/komal/data-engineering-projects/airflow-spark-pipeline/airflow_venv/lib/python3.11/site-packages/airflow/example_dags/example_time_delta_sensor_async.py
[2026-03-18T07:04:46.915+0000] {logging_mixin.py:190} INFO - [2026-03-18T07:04:46.914+0000] {dag.py:3239} INFO - Sync 1 DAGs
[2026-03-18T07:04:46.924+0000] {logging_mixin.py:190} INFO - [2026-03-18T07:04:46.924+0000] {dag.py:4180} INFO - Setting next_dagrun for example_time_delta_sensor_async to None, run_after=None
[2026-03-18T07:04:46.962+0000] {processor.py:208} INFO - Processing /home/komal/data-engineering-projects/airflow-spark-pipeline/airflow_venv/lib/python3.11/site-packages/airflow/example_dags/example_time_delta_sensor_async.py took 0.078 seconds
[2026-03-18T07:05:45.755+0000] {processor.py:186} INFO - Started process (PID=31198) to work on /home/komal/data-engineering-projects/airflow-spark-pipeline/airflow_venv/lib/python3.11/site-packages/airflow/example_dags/example_time_delta_sensor_async.py
[2026-03-18T07:05:45.757+0000] {processor.py:914} INFO - Processing file /home/komal/data-engineering-projects/airflow-spark-pipeline/airflow_venv/lib/python3.11/site-packages/airflow/example_dags/example_time_delta_sensor_async.py for tasks to queue
[2026-03-18T07:05:45.759+0000] {logging_mixin.py:190} INFO - [2026-03-18T07:05:45.758+0000] {dagbag.py:588} INFO - Filling up the DagBag from /home/komal/data-engineering-projects/airflow-spark-pipeline/airflow_venv/lib/python3.11/site-packages/airflow/example_dags/example_time_delta_sensor_async.py
[2026-03-18T07:05:45.765+0000] {processor.py:925} INFO - DAG(s) 'example_time_delta_sensor_async' retrieved from /home/komal/data-engineering-projects/airflow-spark-pipeline/airflow_venv/lib/python3.11/site-packages/airflow/example_dags/example_time_delta_sensor_async.py
[2026-03-18T07:05:45.778+0000] {logging_mixin.py:190} INFO - [2026-03-18T07:05:45.778+0000] {dag.py:3239} INFO - Sync 1 DAGs
[2026-03-18T07:05:45.789+0000] {logging_mixin.py:190} INFO - [2026-03-18T07:05:45.789+0000] {dag.py:4180} INFO - Setting next_dagrun for example_time_delta_sensor_async to None, run_after=None
[2026-03-18T07:05:45.807+0000] {processor.py:208} INFO - Processing /home/komal/data-engineering-projects/airflow-spark-pipeline/airflow_venv/lib/python3.11/site-packages/airflow/example_dags/example_time_delta_sensor_async.py took 0.056 seconds
[2026-03-18T07:09:19.466+0000] {processor.py:186} INFO - Started process (PID=31238) to work on /home/komal/data-engineering-projects/airflow-spark-pipeline/airflow_venv/lib/python3.11/site-packages/airflow/example_dags/example_time_delta_sensor_async.py
[2026-03-18T07:09:19.467+0000] {processor.py:914} INFO - Processing file /home/komal/data-engineering-projects/airflow-spark-pipeline/airflow_venv/lib/python3.11/site-packages/airflow/example_dags/example_time_delta_sensor_async.py for tasks to queue
[2026-03-18T07:09:19.469+0000] {logging_mixin.py:190} INFO - [2026-03-18T07:09:19.469+0000] {dagbag.py:588} INFO - Filling up the DagBag from /home/komal/data-engineering-projects/airflow-spark-pipeline/airflow_venv/lib/python3.11/site-packages/airflow/example_dags/example_time_delta_sensor_async.py
[2026-03-18T07:09:19.484+0000] {processor.py:925} INFO - DAG(s) 'example_time_delta_sensor_async' retrieved from /home/komal/data-engineering-projects/airflow-spark-pipeline/airflow_venv/lib/python3.11/site-packages/airflow/example_dags/example_time_delta_sensor_async.py
[2026-03-18T07:09:19.499+0000] {logging_mixin.py:190} INFO - [2026-03-18T07:09:19.499+0000] {dag.py:3239} INFO - Sync 1 DAGs
[2026-03-18T07:09:19.509+0000] {logging_mixin.py:190} INFO - [2026-03-18T07:09:19.509+0000] {dag.py:4180} INFO - Setting next_dagrun for example_time_delta_sensor_async to None, run_after=None
[2026-03-18T07:09:19.526+0000] {processor.py:208} INFO - Processing /home/komal/data-engineering-projects/airflow-spark-pipeline/airflow_venv/lib/python3.11/site-packages/airflow/example_dags/example_time_delta_sensor_async.py took 0.067 seconds
[2026-03-18T07:10:16.302+0000] {processor.py:186} INFO - Started process (PID=31299) to work on /home/komal/data-engineering-projects/airflow-spark-pipeline/airflow_venv/lib/python3.11/site-packages/airflow/example_dags/example_time_delta_sensor_async.py
[2026-03-18T07:10:16.303+0000] {processor.py:914} INFO - Processing file /home/komal/data-engineering-projects/airflow-spark-pipeline/airflow_venv/lib/python3.11/site-packages/airflow/example_dags/example_time_delta_sensor_async.py for tasks to queue
[2026-03-18T07:10:16.305+0000] {logging_mixin.py:190} INFO - [2026-03-18T07:10:16.304+0000] {dagbag.py:588} INFO - Filling up the DagBag from /home/komal/data-engineering-projects/airflow-spark-pipeline/airflow_venv/lib/python3.11/site-packages/airflow/example_dags/example_time_delta_sensor_async.py
[2026-03-18T07:10:16.311+0000] {processor.py:925} INFO - DAG(s) 'example_time_delta_sensor_async' retrieved from /home/komal/data-engineering-projects/airflow-spark-pipeline/airflow_venv/lib/python3.11/site-packages/airflow/example_dags/example_time_delta_sensor_async.py
[2026-03-18T07:10:16.328+0000] {logging_mixin.py:190} INFO - [2026-03-18T07:10:16.328+0000] {dag.py:3239} INFO - Sync 1 DAGs
[2026-03-18T07:10:16.341+0000] {logging_mixin.py:190} INFO - [2026-03-18T07:10:16.341+0000] {dag.py:4180} INFO - Setting next_dagrun for example_time_delta_sensor_async to None, run_after=None
[2026-03-18T07:10:16.362+0000] {processor.py:208} INFO - Processing /home/komal/data-engineering-projects/airflow-spark-pipeline/airflow_venv/lib/python3.11/site-packages/airflow/example_dags/example_time_delta_sensor_async.py took 0.066 seconds
[2026-03-18T07:11:20.015+0000] {processor.py:186} INFO - Started process (PID=31364) to work on /home/komal/data-engineering-projects/airflow-spark-pipeline/airflow_venv/lib/python3.11/site-packages/airflow/example_dags/example_time_delta_sensor_async.py
[2026-03-18T07:11:20.047+0000] {processor.py:914} INFO - Processing file /home/komal/data-engineering-projects/airflow-spark-pipeline/airflow_venv/lib/python3.11/site-packages/airflow/example_dags/example_time_delta_sensor_async.py for tasks to queue
[2026-03-18T07:11:20.049+0000] {logging_mixin.py:190} INFO - [2026-03-18T07:11:20.049+0000] {dagbag.py:588} INFO - Filling up the DagBag from /home/komal/data-engineering-projects/airflow-spark-pipeline/airflow_venv/lib/python3.11/site-packages/airflow/example_dags/example_time_delta_sensor_async.py
[2026-03-18T07:11:20.055+0000] {processor.py:925} INFO - DAG(s) 'example_time_delta_sensor_async' retrieved from /home/komal/data-engineering-projects/airflow-spark-pipeline/airflow_venv/lib/python3.11/site-packages/airflow/example_dags/example_time_delta_sensor_async.py
[2026-03-18T07:11:20.066+0000] {logging_mixin.py:190} INFO - [2026-03-18T07:11:20.066+0000] {dag.py:3239} INFO - Sync 1 DAGs
[2026-03-18T07:11:20.078+0000] {logging_mixin.py:190} INFO - [2026-03-18T07:11:20.077+0000] {dag.py:4180} INFO - Setting next_dagrun for example_time_delta_sensor_async to None, run_after=None
[2026-03-18T07:11:20.097+0000] {processor.py:208} INFO - Processing /home/komal/data-engineering-projects/airflow-spark-pipeline/airflow_venv/lib/python3.11/site-packages/airflow/example_dags/example_time_delta_sensor_async.py took 0.087 seconds
[2026-03-18T07:12:25.289+0000] {processor.py:186} INFO - Started process (PID=31430) to work on /home/komal/data-engineering-projects/airflow-spark-pipeline/airflow_venv/lib/python3.11/site-packages/airflow/example_dags/example_time_delta_sensor_async.py
[2026-03-18T07:12:25.291+0000] {processor.py:914} INFO - Processing file /home/komal/data-engineering-projects/airflow-spark-pipeline/airflow_venv/lib/python3.11/site-packages/airflow/example_dags/example_time_delta_sensor_async.py for tasks to queue
[2026-03-18T07:12:25.292+0000] {logging_mixin.py:190} INFO - [2026-03-18T07:12:25.292+0000] {dagbag.py:588} INFO - Filling up the DagBag from /home/komal/data-engineering-projects/airflow-spark-pipeline/airflow_venv/lib/python3.11/site-packages/airflow/example_dags/example_time_delta_sensor_async.py
[2026-03-18T07:12:25.300+0000] {processor.py:925} INFO - DAG(s) 'example_time_delta_sensor_async' retrieved from /home/komal/data-engineering-projects/airflow-spark-pipeline/airflow_venv/lib/python3.11/site-packages/airflow/example_dags/example_time_delta_sensor_async.py
[2026-03-18T07:12:25.312+0000] {logging_mixin.py:190} INFO - [2026-03-18T07:12:25.312+0000] {dag.py:3239} INFO - Sync 1 DAGs
[2026-03-18T07:12:25.320+0000] {logging_mixin.py:190} INFO - [2026-03-18T07:12:25.320+0000] {dag.py:4180} INFO - Setting next_dagrun for example_time_delta_sensor_async to None, run_after=None
[2026-03-18T07:12:25.352+0000] {processor.py:208} INFO - Processing /home/komal/data-engineering-projects/airflow-spark-pipeline/airflow_venv/lib/python3.11/site-packages/airflow/example_dags/example_time_delta_sensor_async.py took 0.069 seconds
[2026-03-18T07:13:30.486+0000] {processor.py:186} INFO - Started process (PID=31497) to work on /home/komal/data-engineering-projects/airflow-spark-pipeline/airflow_venv/lib/python3.11/site-packages/airflow/example_dags/example_time_delta_sensor_async.py
[2026-03-18T07:13:30.518+0000] {processor.py:914} INFO - Processing file /home/komal/data-engineering-projects/airflow-spark-pipeline/airflow_venv/lib/python3.11/site-packages/airflow/example_dags/example_time_delta_sensor_async.py for tasks to queue
[2026-03-18T07:13:30.520+0000] {logging_mixin.py:190} INFO - [2026-03-18T07:13:30.520+0000] {dagbag.py:588} INFO - Filling up the DagBag from /home/komal/data-engineering-projects/airflow-spark-pipeline/airflow_venv/lib/python3.11/site-packages/airflow/example_dags/example_time_delta_sensor_async.py
[2026-03-18T07:13:30.531+0000] {processor.py:925} INFO - DAG(s) 'example_time_delta_sensor_async' retrieved from /home/komal/data-engineering-projects/airflow-spark-pipeline/airflow_venv/lib/python3.11/site-packages/airflow/example_dags/example_time_delta_sensor_async.py
[2026-03-18T07:13:30.549+0000] {logging_mixin.py:190} INFO - [2026-03-18T07:13:30.549+0000] {dag.py:3239} INFO - Sync 1 DAGs
[2026-03-18T07:13:30.558+0000] {logging_mixin.py:190} INFO - [2026-03-18T07:13:30.558+0000] {dag.py:4180} INFO - Setting next_dagrun for example_time_delta_sensor_async to None, run_after=None
[2026-03-18T07:13:30.586+0000] {processor.py:208} INFO - Processing /home/komal/data-engineering-projects/airflow-spark-pipeline/airflow_venv/lib/python3.11/site-packages/airflow/example_dags/example_time_delta_sensor_async.py took 0.107 seconds
[2026-03-18T07:14:40.686+0000] {processor.py:186} INFO - Started process (PID=31562) to work on /home/komal/data-engineering-projects/airflow-spark-pipeline/airflow_venv/lib/python3.11/site-packages/airflow/example_dags/example_time_delta_sensor_async.py
[2026-03-18T07:14:40.719+0000] {processor.py:914} INFO - Processing file /home/komal/data-engineering-projects/airflow-spark-pipeline/airflow_venv/lib/python3.11/site-packages/airflow/example_dags/example_time_delta_sensor_async.py for tasks to queue
[2026-03-18T07:14:40.721+0000] {logging_mixin.py:190} INFO - [2026-03-18T07:14:40.721+0000] {dagbag.py:588} INFO - Filling up the DagBag from /home/komal/data-engineering-projects/airflow-spark-pipeline/airflow_venv/lib/python3.11/site-packages/airflow/example_dags/example_time_delta_sensor_async.py
[2026-03-18T07:14:40.733+0000] {processor.py:925} INFO - DAG(s) 'example_time_delta_sensor_async' retrieved from /home/komal/data-engineering-projects/airflow-spark-pipeline/airflow_venv/lib/python3.11/site-packages/airflow/example_dags/example_time_delta_sensor_async.py
[2026-03-18T07:14:40.750+0000] {logging_mixin.py:190} INFO - [2026-03-18T07:14:40.750+0000] {dag.py:3239} INFO - Sync 1 DAGs
[2026-03-18T07:14:40.759+0000] {logging_mixin.py:190} INFO - [2026-03-18T07:14:40.759+0000] {dag.py:4180} INFO - Setting next_dagrun for example_time_delta_sensor_async to None, run_after=None
[2026-03-18T07:14:40.790+0000] {processor.py:208} INFO - Processing /home/komal/data-engineering-projects/airflow-spark-pipeline/airflow_venv/lib/python3.11/site-packages/airflow/example_dags/example_time_delta_sensor_async.py took 0.112 seconds
[2026-03-18T07:15:45.220+0000] {processor.py:186} INFO - Started process (PID=31625) to work on /home/komal/data-engineering-projects/airflow-spark-pipeline/airflow_venv/lib/python3.11/site-packages/airflow/example_dags/example_time_delta_sensor_async.py
[2026-03-18T07:15:45.253+0000] {processor.py:914} INFO - Processing file /home/komal/data-engineering-projects/airflow-spark-pipeline/airflow_venv/lib/python3.11/site-packages/airflow/example_dags/example_time_delta_sensor_async.py for tasks to queue
[2026-03-18T07:15:45.258+0000] {logging_mixin.py:190} INFO - [2026-03-18T07:15:45.256+0000] {dagbag.py:588} INFO - Filling up the DagBag from /home/komal/data-engineering-projects/airflow-spark-pipeline/airflow_venv/lib/python3.11/site-packages/airflow/example_dags/example_time_delta_sensor_async.py
[2026-03-18T07:15:45.267+0000] {processor.py:925} INFO - DAG(s) 'example_time_delta_sensor_async' retrieved from /home/komal/data-engineering-projects/airflow-spark-pipeline/airflow_venv/lib/python3.11/site-packages/airflow/example_dags/example_time_delta_sensor_async.py
[2026-03-18T07:15:45.281+0000] {logging_mixin.py:190} INFO - [2026-03-18T07:15:45.281+0000] {dag.py:3239} INFO - Sync 1 DAGs
[2026-03-18T07:15:45.292+0000] {logging_mixin.py:190} INFO - [2026-03-18T07:15:45.292+0000] {dag.py:4180} INFO - Setting next_dagrun for example_time_delta_sensor_async to None, run_after=None
[2026-03-18T07:15:45.315+0000] {processor.py:208} INFO - Processing /home/komal/data-engineering-projects/airflow-spark-pipeline/airflow_venv/lib/python3.11/site-packages/airflow/example_dags/example_time_delta_sensor_async.py took 0.101 seconds
[2026-03-18T07:16:51.782+0000] {processor.py:186} INFO - Started process (PID=31694) to work on /home/komal/data-engineering-projects/airflow-spark-pipeline/airflow_venv/lib/python3.11/site-packages/airflow/example_dags/example_time_delta_sensor_async.py
[2026-03-18T07:16:51.785+0000] {processor.py:914} INFO - Processing file /home/komal/data-engineering-projects/airflow-spark-pipeline/airflow_venv/lib/python3.11/site-packages/airflow/example_dags/example_time_delta_sensor_async.py for tasks to queue
[2026-03-18T07:16:51.787+0000] {logging_mixin.py:190} INFO - [2026-03-18T07:16:51.786+0000] {dagbag.py:588} INFO - Filling up the DagBag from /home/komal/data-engineering-projects/airflow-spark-pipeline/airflow_venv/lib/python3.11/site-packages/airflow/example_dags/example_time_delta_sensor_async.py
[2026-03-18T07:16:51.792+0000] {processor.py:925} INFO - DAG(s) 'example_time_delta_sensor_async' retrieved from /home/komal/data-engineering-projects/airflow-spark-pipeline/airflow_venv/lib/python3.11/site-packages/airflow/example_dags/example_time_delta_sensor_async.py
[2026-03-18T07:16:51.808+0000] {logging_mixin.py:190} INFO - [2026-03-18T07:16:51.808+0000] {dag.py:3239} INFO - Sync 1 DAGs
[2026-03-18T07:16:51.826+0000] {logging_mixin.py:190} INFO - [2026-03-18T07:16:51.826+0000] {dag.py:4180} INFO - Setting next_dagrun for example_time_delta_sensor_async to None, run_after=None
[2026-03-18T07:16:51.851+0000] {processor.py:208} INFO - Processing /home/komal/data-engineering-projects/airflow-spark-pipeline/airflow_venv/lib/python3.11/site-packages/airflow/example_dags/example_time_delta_sensor_async.py took 0.075 seconds
[2026-03-18T07:17:55.222+0000] {processor.py:186} INFO - Started process (PID=31773) to work on /home/komal/data-engineering-projects/airflow-spark-pipeline/airflow_venv/lib/python3.11/site-packages/airflow/example_dags/example_time_delta_sensor_async.py
[2026-03-18T07:17:55.224+0000] {processor.py:914} INFO - Processing file /home/komal/data-engineering-projects/airflow-spark-pipeline/airflow_venv/lib/python3.11/site-packages/airflow/example_dags/example_time_delta_sensor_async.py for tasks to queue
[2026-03-18T07:17:55.225+0000] {logging_mixin.py:190} INFO - [2026-03-18T07:17:55.225+0000] {dagbag.py:588} INFO - Filling up the DagBag from /home/komal/data-engineering-projects/airflow-spark-pipeline/airflow_venv/lib/python3.11/site-packages/airflow/example_dags/example_time_delta_sensor_async.py
[2026-03-18T07:17:55.232+0000] {processor.py:925} INFO - DAG(s) 'example_time_delta_sensor_async' retrieved from /home/komal/data-engineering-projects/airflow-spark-pipeline/airflow_venv/lib/python3.11/site-packages/airflow/example_dags/example_time_delta_sensor_async.py
[2026-03-18T07:17:55.244+0000] {logging_mixin.py:190} INFO - [2026-03-18T07:17:55.243+0000] {dag.py:3239} INFO - Sync 1 DAGs
[2026-03-18T07:17:55.252+0000] {logging_mixin.py:190} INFO - [2026-03-18T07:17:55.252+0000] {dag.py:4180} INFO - Setting next_dagrun for example_time_delta_sensor_async to None, run_after=None
[2026-03-18T07:17:55.277+0000] {processor.py:208} INFO - Processing /home/komal/data-engineering-projects/airflow-spark-pipeline/airflow_venv/lib/python3.11/site-packages/airflow/example_dags/example_time_delta_sensor_async.py took 0.062 seconds
[2026-03-18T07:19:07.836+0000] {processor.py:186} INFO - Started process (PID=32019) to work on /home/komal/data-engineering-projects/airflow-spark-pipeline/airflow_venv/lib/python3.11/site-packages/airflow/example_dags/example_time_delta_sensor_async.py
[2026-03-18T07:19:07.868+0000] {processor.py:914} INFO - Processing file /home/komal/data-engineering-projects/airflow-spark-pipeline/airflow_venv/lib/python3.11/site-packages/airflow/example_dags/example_time_delta_sensor_async.py for tasks to queue
[2026-03-18T07:19:07.870+0000] {logging_mixin.py:190} INFO - [2026-03-18T07:19:07.870+0000] {dagbag.py:588} INFO - Filling up the DagBag from /home/komal/data-engineering-projects/airflow-spark-pipeline/airflow_venv/lib/python3.11/site-packages/airflow/example_dags/example_time_delta_sensor_async.py
[2026-03-18T07:19:07.883+0000] {processor.py:925} INFO - DAG(s) 'example_time_delta_sensor_async' retrieved from /home/komal/data-engineering-projects/airflow-spark-pipeline/airflow_venv/lib/python3.11/site-packages/airflow/example_dags/example_time_delta_sensor_async.py
[2026-03-18T07:19:07.903+0000] {logging_mixin.py:190} INFO - [2026-03-18T07:19:07.902+0000] {dag.py:3239} INFO - Sync 1 DAGs
[2026-03-18T07:19:07.919+0000] {logging_mixin.py:190} INFO - [2026-03-18T07:19:07.919+0000] {dag.py:4180} INFO - Setting next_dagrun for example_time_delta_sensor_async to None, run_after=None
[2026-03-18T07:19:07.979+0000] {processor.py:208} INFO - Processing /home/komal/data-engineering-projects/airflow-spark-pipeline/airflow_venv/lib/python3.11/site-packages/airflow/example_dags/example_time_delta_sensor_async.py took 0.155 seconds
[2026-03-18T07:20:20.657+0000] {processor.py:186} INFO - Started process (PID=32089) to work on /home/komal/data-engineering-projects/airflow-spark-pipeline/airflow_venv/lib/python3.11/site-packages/airflow/example_dags/example_time_delta_sensor_async.py
[2026-03-18T07:20:20.688+0000] {processor.py:914} INFO - Processing file /home/komal/data-engineering-projects/airflow-spark-pipeline/airflow_venv/lib/python3.11/site-packages/airflow/example_dags/example_time_delta_sensor_async.py for tasks to queue
[2026-03-18T07:20:20.689+0000] {logging_mixin.py:190} INFO - [2026-03-18T07:20:20.689+0000] {dagbag.py:588} INFO - Filling up the DagBag from /home/komal/data-engineering-projects/airflow-spark-pipeline/airflow_venv/lib/python3.11/site-packages/airflow/example_dags/example_time_delta_sensor_async.py
[2026-03-18T07:20:20.699+0000] {processor.py:925} INFO - DAG(s) 'example_time_delta_sensor_async' retrieved from /home/komal/data-engineering-projects/airflow-spark-pipeline/airflow_venv/lib/python3.11/site-packages/airflow/example_dags/example_time_delta_sensor_async.py
[2026-03-18T07:20:20.718+0000] {logging_mixin.py:190} INFO - [2026-03-18T07:20:20.718+0000] {dag.py:3239} INFO - Sync 1 DAGs
[2026-03-18T07:20:20.748+0000] {logging_mixin.py:190} INFO - [2026-03-18T07:20:20.747+0000] {dag.py:4180} INFO - Setting next_dagrun for example_time_delta_sensor_async to None, run_after=None
[2026-03-18T07:20:20.806+0000] {processor.py:208} INFO - Processing /home/komal/data-engineering-projects/airflow-spark-pipeline/airflow_venv/lib/python3.11/site-packages/airflow/example_dags/example_time_delta_sensor_async.py took 0.158 seconds
[2026-03-18T07:21:37.787+0000] {processor.py:186} INFO - Started process (PID=32160) to work on /home/komal/data-engineering-projects/airflow-spark-pipeline/airflow_venv/lib/python3.11/site-packages/airflow/example_dags/example_time_delta_sensor_async.py
[2026-03-18T07:21:37.822+0000] {processor.py:914} INFO - Processing file /home/komal/data-engineering-projects/airflow-spark-pipeline/airflow_venv/lib/python3.11/site-packages/airflow/example_dags/example_time_delta_sensor_async.py for tasks to queue
[2026-03-18T07:21:37.825+0000] {logging_mixin.py:190} INFO - [2026-03-18T07:21:37.824+0000] {dagbag.py:588} INFO - Filling up the DagBag from /home/komal/data-engineering-projects/airflow-spark-pipeline/airflow_venv/lib/python3.11/site-packages/airflow/example_dags/example_time_delta_sensor_async.py
[2026-03-18T07:21:37.842+0000] {processor.py:925} INFO - DAG(s) 'example_time_delta_sensor_async' retrieved from /home/komal/data-engineering-projects/airflow-spark-pipeline/airflow_venv/lib/python3.11/site-packages/airflow/example_dags/example_time_delta_sensor_async.py
[2026-03-18T07:21:37.865+0000] {logging_mixin.py:190} INFO - [2026-03-18T07:21:37.864+0000] {dag.py:3239} INFO - Sync 1 DAGs
[2026-03-18T07:21:37.889+0000] {logging_mixin.py:190} INFO - [2026-03-18T07:21:37.888+0000] {dag.py:4180} INFO - Setting next_dagrun for example_time_delta_sensor_async to None, run_after=None
[2026-03-18T07:21:37.925+0000] {processor.py:208} INFO - Processing /home/komal/data-engineering-projects/airflow-spark-pipeline/airflow_venv/lib/python3.11/site-packages/airflow/example_dags/example_time_delta_sensor_async.py took 0.147 seconds
[2026-03-18T07:22:56.068+0000] {processor.py:186} INFO - Started process (PID=32460) to work on /home/komal/data-engineering-projects/airflow-spark-pipeline/airflow_venv/lib/python3.11/site-packages/airflow/example_dags/example_time_delta_sensor_async.py
[2026-03-18T07:22:56.101+0000] {processor.py:914} INFO - Processing file /home/komal/data-engineering-projects/airflow-spark-pipeline/airflow_venv/lib/python3.11/site-packages/airflow/example_dags/example_time_delta_sensor_async.py for tasks to queue
[2026-03-18T07:22:56.105+0000] {logging_mixin.py:190} INFO - [2026-03-18T07:22:56.104+0000] {dagbag.py:588} INFO - Filling up the DagBag from /home/komal/data-engineering-projects/airflow-spark-pipeline/airflow_venv/lib/python3.11/site-packages/airflow/example_dags/example_time_delta_sensor_async.py
[2026-03-18T07:22:56.121+0000] {processor.py:925} INFO - DAG(s) 'example_time_delta_sensor_async' retrieved from /home/komal/data-engineering-projects/airflow-spark-pipeline/airflow_venv/lib/python3.11/site-packages/airflow/example_dags/example_time_delta_sensor_async.py
[2026-03-18T07:22:56.145+0000] {logging_mixin.py:190} INFO - [2026-03-18T07:22:56.145+0000] {dag.py:3239} INFO - Sync 1 DAGs
[2026-03-18T07:22:56.166+0000] {logging_mixin.py:190} INFO - [2026-03-18T07:22:56.166+0000] {dag.py:4180} INFO - Setting next_dagrun for example_time_delta_sensor_async to None, run_after=None
[2026-03-18T07:22:56.207+0000] {processor.py:208} INFO - Processing /home/komal/data-engineering-projects/airflow-spark-pipeline/airflow_venv/lib/python3.11/site-packages/airflow/example_dags/example_time_delta_sensor_async.py took 0.152 seconds
[2026-03-18T07:24:06.560+0000] {processor.py:186} INFO - Started process (PID=32531) to work on /home/komal/data-engineering-projects/airflow-spark-pipeline/airflow_venv/lib/python3.11/site-packages/airflow/example_dags/example_time_delta_sensor_async.py
[2026-03-18T07:24:06.593+0000] {processor.py:914} INFO - Processing file /home/komal/data-engineering-projects/airflow-spark-pipeline/airflow_venv/lib/python3.11/site-packages/airflow/example_dags/example_time_delta_sensor_async.py for tasks to queue
[2026-03-18T07:24:06.595+0000] {logging_mixin.py:190} INFO - [2026-03-18T07:24:06.594+0000] {dagbag.py:588} INFO - Filling up the DagBag from /home/komal/data-engineering-projects/airflow-spark-pipeline/airflow_venv/lib/python3.11/site-packages/airflow/example_dags/example_time_delta_sensor_async.py
[2026-03-18T07:24:06.604+0000] {processor.py:925} INFO - DAG(s) 'example_time_delta_sensor_async' retrieved from /home/komal/data-engineering-projects/airflow-spark-pipeline/airflow_venv/lib/python3.11/site-packages/airflow/example_dags/example_time_delta_sensor_async.py
[2026-03-18T07:24:06.622+0000] {logging_mixin.py:190} INFO - [2026-03-18T07:24:06.621+0000] {dag.py:3239} INFO - Sync 1 DAGs
[2026-03-18T07:24:06.637+0000] {logging_mixin.py:190} INFO - [2026-03-18T07:24:06.637+0000] {dag.py:4180} INFO - Setting next_dagrun for example_time_delta_sensor_async to None, run_after=None
[2026-03-18T07:24:06.678+0000] {processor.py:208} INFO - Processing /home/komal/data-engineering-projects/airflow-spark-pipeline/airflow_venv/lib/python3.11/site-packages/airflow/example_dags/example_time_delta_sensor_async.py took 0.126 seconds
[2026-03-18T07:25:18.185+0000] {processor.py:186} INFO - Started process (PID=32602) to work on /home/komal/data-engineering-projects/airflow-spark-pipeline/airflow_venv/lib/python3.11/site-packages/airflow/example_dags/example_time_delta_sensor_async.py
[2026-03-18T07:25:18.218+0000] {processor.py:914} INFO - Processing file /home/komal/data-engineering-projects/airflow-spark-pipeline/airflow_venv/lib/python3.11/site-packages/airflow/example_dags/example_time_delta_sensor_async.py for tasks to queue
[2026-03-18T07:25:18.221+0000] {logging_mixin.py:190} INFO - [2026-03-18T07:25:18.220+0000] {dagbag.py:588} INFO - Filling up the DagBag from /home/komal/data-engineering-projects/airflow-spark-pipeline/airflow_venv/lib/python3.11/site-packages/airflow/example_dags/example_time_delta_sensor_async.py
[2026-03-18T07:25:18.229+0000] {processor.py:925} INFO - DAG(s) 'example_time_delta_sensor_async' retrieved from /home/komal/data-engineering-projects/airflow-spark-pipeline/airflow_venv/lib/python3.11/site-packages/airflow/example_dags/example_time_delta_sensor_async.py
[2026-03-18T07:25:18.246+0000] {logging_mixin.py:190} INFO - [2026-03-18T07:25:18.246+0000] {dag.py:3239} INFO - Sync 1 DAGs
[2026-03-18T07:25:18.263+0000] {logging_mixin.py:190} INFO - [2026-03-18T07:25:18.263+0000] {dag.py:4180} INFO - Setting next_dagrun for example_time_delta_sensor_async to None, run_after=None
[2026-03-18T07:25:18.302+0000] {processor.py:208} INFO - Processing /home/komal/data-engineering-projects/airflow-spark-pipeline/airflow_venv/lib/python3.11/site-packages/airflow/example_dags/example_time_delta_sensor_async.py took 0.124 seconds
[2026-03-18T07:26:20.726+0000] {processor.py:186} INFO - Started process (PID=32658) to work on /home/komal/data-engineering-projects/airflow-spark-pipeline/airflow_venv/lib/python3.11/site-packages/airflow/example_dags/example_time_delta_sensor_async.py
[2026-03-18T07:26:20.730+0000] {processor.py:914} INFO - Processing file /home/komal/data-engineering-projects/airflow-spark-pipeline/airflow_venv/lib/python3.11/site-packages/airflow/example_dags/example_time_delta_sensor_async.py for tasks to queue
[2026-03-18T07:26:20.733+0000] {logging_mixin.py:190} INFO - [2026-03-18T07:26:20.732+0000] {dagbag.py:588} INFO - Filling up the DagBag from /home/komal/data-engineering-projects/airflow-spark-pipeline/airflow_venv/lib/python3.11/site-packages/airflow/example_dags/example_time_delta_sensor_async.py
[2026-03-18T07:26:20.741+0000] {processor.py:925} INFO - DAG(s) 'example_time_delta_sensor_async' retrieved from /home/komal/data-engineering-projects/airflow-spark-pipeline/airflow_venv/lib/python3.11/site-packages/airflow/example_dags/example_time_delta_sensor_async.py
[2026-03-18T07:26:20.769+0000] {logging_mixin.py:190} INFO - [2026-03-18T07:26:20.768+0000] {dag.py:3239} INFO - Sync 1 DAGs
[2026-03-18T07:26:20.786+0000] {logging_mixin.py:190} INFO - [2026-03-18T07:26:20.786+0000] {dag.py:4180} INFO - Setting next_dagrun for example_time_delta_sensor_async to None, run_after=None
[2026-03-18T07:26:20.820+0000] {processor.py:208} INFO - Processing /home/komal/data-engineering-projects/airflow-spark-pipeline/airflow_venv/lib/python3.11/site-packages/airflow/example_dags/example_time_delta_sensor_async.py took 0.103 seconds
[2026-03-18T07:27:27.908+0000] {processor.py:186} INFO - Started process (PID=32724) to work on /home/komal/data-engineering-projects/airflow-spark-pipeline/airflow_venv/lib/python3.11/site-packages/airflow/example_dags/example_time_delta_sensor_async.py
[2026-03-18T07:27:27.941+0000] {processor.py:914} INFO - Processing file /home/komal/data-engineering-projects/airflow-spark-pipeline/airflow_venv/lib/python3.11/site-packages/airflow/example_dags/example_time_delta_sensor_async.py for tasks to queue
[2026-03-18T07:27:27.944+0000] {logging_mixin.py:190} INFO - [2026-03-18T07:27:27.943+0000] {dagbag.py:588} INFO - Filling up the DagBag from /home/komal/data-engineering-projects/airflow-spark-pipeline/airflow_venv/lib/python3.11/site-packages/airflow/example_dags/example_time_delta_sensor_async.py
[2026-03-18T07:27:27.953+0000] {processor.py:925} INFO - DAG(s) 'example_time_delta_sensor_async' retrieved from /home/komal/data-engineering-projects/airflow-spark-pipeline/airflow_venv/lib/python3.11/site-packages/airflow/example_dags/example_time_delta_sensor_async.py
[2026-03-18T07:27:27.973+0000] {logging_mixin.py:190} INFO - [2026-03-18T07:27:27.973+0000] {dag.py:3239} INFO - Sync 1 DAGs
[2026-03-18T07:27:27.992+0000] {logging_mixin.py:190} INFO - [2026-03-18T07:27:27.991+0000] {dag.py:4180} INFO - Setting next_dagrun for example_time_delta_sensor_async to None, run_after=None
[2026-03-18T07:27:28.034+0000] {processor.py:208} INFO - Processing /home/komal/data-engineering-projects/airflow-spark-pipeline/airflow_venv/lib/python3.11/site-packages/airflow/example_dags/example_time_delta_sensor_async.py took 0.137 seconds
[2026-03-18T07:28:37.328+0000] {processor.py:186} INFO - Started process (PID=32789) to work on /home/komal/data-engineering-projects/airflow-spark-pipeline/airflow_venv/lib/python3.11/site-packages/airflow/example_dags/example_time_delta_sensor_async.py
[2026-03-18T07:28:37.360+0000] {processor.py:914} INFO - Processing file /home/komal/data-engineering-projects/airflow-spark-pipeline/airflow_venv/lib/python3.11/site-packages/airflow/example_dags/example_time_delta_sensor_async.py for tasks to queue
[2026-03-18T07:28:37.365+0000] {logging_mixin.py:190} INFO - [2026-03-18T07:28:37.364+0000] {dagbag.py:588} INFO - Filling up the DagBag from /home/komal/data-engineering-projects/airflow-spark-pipeline/airflow_venv/lib/python3.11/site-packages/airflow/example_dags/example_time_delta_sensor_async.py
[2026-03-18T07:28:37.375+0000] {processor.py:925} INFO - DAG(s) 'example_time_delta_sensor_async' retrieved from /home/komal/data-engineering-projects/airflow-spark-pipeline/airflow_venv/lib/python3.11/site-packages/airflow/example_dags/example_time_delta_sensor_async.py
[2026-03-18T07:28:37.399+0000] {logging_mixin.py:190} INFO - [2026-03-18T07:28:37.399+0000] {dag.py:3239} INFO - Sync 1 DAGs
[2026-03-18T07:28:37.422+0000] {logging_mixin.py:190} INFO - [2026-03-18T07:28:37.422+0000] {dag.py:4180} INFO - Setting next_dagrun for example_time_delta_sensor_async to None, run_after=None
[2026-03-18T07:28:37.452+0000] {processor.py:208} INFO - Processing /home/komal/data-engineering-projects/airflow-spark-pipeline/airflow_venv/lib/python3.11/site-packages/airflow/example_dags/example_time_delta_sensor_async.py took 0.132 seconds
[2026-03-18T07:29:46.427+0000] {processor.py:186} INFO - Started process (PID=32854) to work on /home/komal/data-engineering-projects/airflow-spark-pipeline/airflow_venv/lib/python3.11/site-packages/airflow/example_dags/example_time_delta_sensor_async.py
[2026-03-18T07:29:46.430+0000] {processor.py:914} INFO - Processing file /home/komal/data-engineering-projects/airflow-spark-pipeline/airflow_venv/lib/python3.11/site-packages/airflow/example_dags/example_time_delta_sensor_async.py for tasks to queue
[2026-03-18T07:29:46.432+0000] {logging_mixin.py:190} INFO - [2026-03-18T07:29:46.432+0000] {dagbag.py:588} INFO - Filling up the DagBag from /home/komal/data-engineering-projects/airflow-spark-pipeline/airflow_venv/lib/python3.11/site-packages/airflow/example_dags/example_time_delta_sensor_async.py
[2026-03-18T07:29:46.442+0000] {processor.py:925} INFO - DAG(s) 'example_time_delta_sensor_async' retrieved from /home/komal/data-engineering-projects/airflow-spark-pipeline/airflow_venv/lib/python3.11/site-packages/airflow/example_dags/example_time_delta_sensor_async.py
[2026-03-18T07:29:46.475+0000] {logging_mixin.py:190} INFO - [2026-03-18T07:29:46.475+0000] {dag.py:3239} INFO - Sync 1 DAGs
[2026-03-18T07:29:46.496+0000] {logging_mixin.py:190} INFO - [2026-03-18T07:29:46.495+0000] {dag.py:4180} INFO - Setting next_dagrun for example_time_delta_sensor_async to None, run_after=None
[2026-03-18T07:29:46.554+0000] {processor.py:208} INFO - Processing /home/komal/data-engineering-projects/airflow-spark-pipeline/airflow_venv/lib/python3.11/site-packages/airflow/example_dags/example_time_delta_sensor_async.py took 0.136 seconds
[2026-03-18T07:31:02.102+0000] {processor.py:186} INFO - Started process (PID=33007) to work on /home/komal/data-engineering-projects/airflow-spark-pipeline/airflow_venv/lib/python3.11/site-packages/airflow/example_dags/example_time_delta_sensor_async.py
[2026-03-18T07:31:02.106+0000] {processor.py:914} INFO - Processing file /home/komal/data-engineering-projects/airflow-spark-pipeline/airflow_venv/lib/python3.11/site-packages/airflow/example_dags/example_time_delta_sensor_async.py for tasks to queue
[2026-03-18T07:31:02.108+0000] {logging_mixin.py:190} INFO - [2026-03-18T07:31:02.108+0000] {dagbag.py:588} INFO - Filling up the DagBag from /home/komal/data-engineering-projects/airflow-spark-pipeline/airflow_venv/lib/python3.11/site-packages/airflow/example_dags/example_time_delta_sensor_async.py
[2026-03-18T07:31:02.118+0000] {processor.py:925} INFO - DAG(s) 'example_time_delta_sensor_async' retrieved from /home/komal/data-engineering-projects/airflow-spark-pipeline/airflow_venv/lib/python3.11/site-packages/airflow/example_dags/example_time_delta_sensor_async.py
[2026-03-18T07:31:02.144+0000] {logging_mixin.py:190} INFO - [2026-03-18T07:31:02.143+0000] {dag.py:3239} INFO - Sync 1 DAGs
[2026-03-18T07:31:02.165+0000] {logging_mixin.py:190} INFO - [2026-03-18T07:31:02.165+0000] {dag.py:4180} INFO - Setting next_dagrun for example_time_delta_sensor_async to None, run_after=None
[2026-03-18T07:31:02.206+0000] {processor.py:208} INFO - Processing /home/komal/data-engineering-projects/airflow-spark-pipeline/airflow_venv/lib/python3.11/site-packages/airflow/example_dags/example_time_delta_sensor_async.py took 0.113 seconds
[2026-03-18T07:32:14.629+0000] {processor.py:186} INFO - Started process (PID=33073) to work on /home/komal/data-engineering-projects/airflow-spark-pipeline/airflow_venv/lib/python3.11/site-packages/airflow/example_dags/example_time_delta_sensor_async.py
[2026-03-18T07:32:14.662+0000] {processor.py:914} INFO - Processing file /home/komal/data-engineering-projects/airflow-spark-pipeline/airflow_venv/lib/python3.11/site-packages/airflow/example_dags/example_time_delta_sensor_async.py for tasks to queue
[2026-03-18T07:32:14.666+0000] {logging_mixin.py:190} INFO - [2026-03-18T07:32:14.665+0000] {dagbag.py:588} INFO - Filling up the DagBag from /home/komal/data-engineering-projects/airflow-spark-pipeline/airflow_venv/lib/python3.11/site-packages/airflow/example_dags/example_time_delta_sensor_async.py
[2026-03-18T07:32:14.675+0000] {processor.py:925} INFO - DAG(s) 'example_time_delta_sensor_async' retrieved from /home/komal/data-engineering-projects/airflow-spark-pipeline/airflow_venv/lib/python3.11/site-packages/airflow/example_dags/example_time_delta_sensor_async.py
[2026-03-18T07:32:14.707+0000] {logging_mixin.py:190} INFO - [2026-03-18T07:32:14.707+0000] {dag.py:3239} INFO - Sync 1 DAGs
[2026-03-18T07:32:14.729+0000] {logging_mixin.py:190} INFO - [2026-03-18T07:32:14.729+0000] {dag.py:4180} INFO - Setting next_dagrun for example_time_delta_sensor_async to None, run_after=None
[2026-03-18T07:32:14.788+0000] {processor.py:208} INFO - Processing /home/komal/data-engineering-projects/airflow-spark-pipeline/airflow_venv/lib/python3.11/site-packages/airflow/example_dags/example_time_delta_sensor_async.py took 0.188 seconds
[2026-03-18T07:33:36.286+0000] {processor.py:186} INFO - Started process (PID=33148) to work on /home/komal/data-engineering-projects/airflow-spark-pipeline/airflow_venv/lib/python3.11/site-packages/airflow/example_dags/example_time_delta_sensor_async.py
[2026-03-18T07:33:36.288+0000] {processor.py:914} INFO - Processing file /home/komal/data-engineering-projects/airflow-spark-pipeline/airflow_venv/lib/python3.11/site-packages/airflow/example_dags/example_time_delta_sensor_async.py for tasks to queue
[2026-03-18T07:33:36.293+0000] {logging_mixin.py:190} INFO - [2026-03-18T07:33:36.292+0000] {dagbag.py:588} INFO - Filling up the DagBag from /home/komal/data-engineering-projects/airflow-spark-pipeline/airflow_venv/lib/python3.11/site-packages/airflow/example_dags/example_time_delta_sensor_async.py
[2026-03-18T07:33:36.303+0000] {processor.py:925} INFO - DAG(s) 'example_time_delta_sensor_async' retrieved from /home/komal/data-engineering-projects/airflow-spark-pipeline/airflow_venv/lib/python3.11/site-packages/airflow/example_dags/example_time_delta_sensor_async.py
[2026-03-18T07:33:36.324+0000] {logging_mixin.py:190} INFO - [2026-03-18T07:33:36.324+0000] {dag.py:3239} INFO - Sync 1 DAGs
[2026-03-18T07:33:36.343+0000] {logging_mixin.py:190} INFO - [2026-03-18T07:33:36.342+0000] {dag.py:4180} INFO - Setting next_dagrun for example_time_delta_sensor_async to None, run_after=None
[2026-03-18T07:33:36.377+0000] {processor.py:208} INFO - Processing /home/komal/data-engineering-projects/airflow-spark-pipeline/airflow_venv/lib/python3.11/site-packages/airflow/example_dags/example_time_delta_sensor_async.py took 0.102 seconds
[2026-03-18T07:34:25.177+0000] {processor.py:186} INFO - Started process (PID=33194) to work on /home/komal/data-engineering-projects/airflow-spark-pipeline/airflow_venv/lib/python3.11/site-packages/airflow/example_dags/example_time_delta_sensor_async.py
[2026-03-18T07:34:25.196+0000] {processor.py:914} INFO - Processing file /home/komal/data-engineering-projects/airflow-spark-pipeline/airflow_venv/lib/python3.11/site-packages/airflow/example_dags/example_time_delta_sensor_async.py for tasks to queue
[2026-03-18T07:34:25.199+0000] {logging_mixin.py:190} INFO - [2026-03-18T07:34:25.198+0000] {dagbag.py:588} INFO - Filling up the DagBag from /home/komal/data-engineering-projects/airflow-spark-pipeline/airflow_venv/lib/python3.11/site-packages/airflow/example_dags/example_time_delta_sensor_async.py
[2026-03-18T07:34:25.213+0000] {processor.py:925} INFO - DAG(s) 'example_time_delta_sensor_async' retrieved from /home/komal/data-engineering-projects/airflow-spark-pipeline/airflow_venv/lib/python3.11/site-packages/airflow/example_dags/example_time_delta_sensor_async.py
[2026-03-18T07:34:25.241+0000] {logging_mixin.py:190} INFO - [2026-03-18T07:34:25.241+0000] {dag.py:3239} INFO - Sync 1 DAGs
[2026-03-18T07:34:25.260+0000] {logging_mixin.py:190} INFO - [2026-03-18T07:34:25.260+0000] {dag.py:4180} INFO - Setting next_dagrun for example_time_delta_sensor_async to None, run_after=None
[2026-03-18T07:34:25.294+0000] {processor.py:208} INFO - Processing /home/komal/data-engineering-projects/airflow-spark-pipeline/airflow_venv/lib/python3.11/site-packages/airflow/example_dags/example_time_delta_sensor_async.py took 0.126 seconds
[2026-03-18T07:35:37.754+0000] {processor.py:186} INFO - Started process (PID=33317) to work on /home/komal/data-engineering-projects/airflow-spark-pipeline/airflow_venv/lib/python3.11/site-packages/airflow/example_dags/example_time_delta_sensor_async.py
[2026-03-18T07:35:37.758+0000] {processor.py:914} INFO - Processing file /home/komal/data-engineering-projects/airflow-spark-pipeline/airflow_venv/lib/python3.11/site-packages/airflow/example_dags/example_time_delta_sensor_async.py for tasks to queue
[2026-03-18T07:35:37.760+0000] {logging_mixin.py:190} INFO - [2026-03-18T07:35:37.760+0000] {dagbag.py:588} INFO - Filling up the DagBag from /home/komal/data-engineering-projects/airflow-spark-pipeline/airflow_venv/lib/python3.11/site-packages/airflow/example_dags/example_time_delta_sensor_async.py
[2026-03-18T07:35:37.770+0000] {processor.py:925} INFO - DAG(s) 'example_time_delta_sensor_async' retrieved from /home/komal/data-engineering-projects/airflow-spark-pipeline/airflow_venv/lib/python3.11/site-packages/airflow/example_dags/example_time_delta_sensor_async.py
[2026-03-18T07:35:37.789+0000] {logging_mixin.py:190} INFO - [2026-03-18T07:35:37.788+0000] {dag.py:3239} INFO - Sync 1 DAGs
[2026-03-18T07:35:37.806+0000] {logging_mixin.py:190} INFO - [2026-03-18T07:35:37.805+0000] {dag.py:4180} INFO - Setting next_dagrun for example_time_delta_sensor_async to None, run_after=None
[2026-03-18T07:35:37.840+0000] {processor.py:208} INFO - Processing /home/komal/data-engineering-projects/airflow-spark-pipeline/airflow_venv/lib/python3.11/site-packages/airflow/example_dags/example_time_delta_sensor_async.py took 0.093 seconds
[2026-03-18T07:36:47.047+0000] {processor.py:186} INFO - Started process (PID=33385) to work on /home/komal/data-engineering-projects/airflow-spark-pipeline/airflow_venv/lib/python3.11/site-packages/airflow/example_dags/example_time_delta_sensor_async.py
[2026-03-18T07:36:47.049+0000] {processor.py:914} INFO - Processing file /home/komal/data-engineering-projects/airflow-spark-pipeline/airflow_venv/lib/python3.11/site-packages/airflow/example_dags/example_time_delta_sensor_async.py for tasks to queue
[2026-03-18T07:36:47.052+0000] {logging_mixin.py:190} INFO - [2026-03-18T07:36:47.051+0000] {dagbag.py:588} INFO - Filling up the DagBag from /home/komal/data-engineering-projects/airflow-spark-pipeline/airflow_venv/lib/python3.11/site-packages/airflow/example_dags/example_time_delta_sensor_async.py
[2026-03-18T07:36:47.061+0000] {processor.py:925} INFO - DAG(s) 'example_time_delta_sensor_async' retrieved from /home/komal/data-engineering-projects/airflow-spark-pipeline/airflow_venv/lib/python3.11/site-packages/airflow/example_dags/example_time_delta_sensor_async.py
[2026-03-18T07:36:47.082+0000] {logging_mixin.py:190} INFO - [2026-03-18T07:36:47.081+0000] {dag.py:3239} INFO - Sync 1 DAGs
[2026-03-18T07:36:47.099+0000] {logging_mixin.py:190} INFO - [2026-03-18T07:36:47.098+0000] {dag.py:4180} INFO - Setting next_dagrun for example_time_delta_sensor_async to None, run_after=None
[2026-03-18T07:36:47.132+0000] {processor.py:208} INFO - Processing /home/komal/data-engineering-projects/airflow-spark-pipeline/airflow_venv/lib/python3.11/site-packages/airflow/example_dags/example_time_delta_sensor_async.py took 0.093 seconds
[2026-03-18T07:38:15.580+0000] {processor.py:186} INFO - Started process (PID=33534) to work on /home/komal/data-engineering-projects/airflow-spark-pipeline/airflow_venv/lib/python3.11/site-packages/airflow/example_dags/example_time_delta_sensor_async.py
[2026-03-18T07:38:15.583+0000] {processor.py:914} INFO - Processing file /home/komal/data-engineering-projects/airflow-spark-pipeline/airflow_venv/lib/python3.11/site-packages/airflow/example_dags/example_time_delta_sensor_async.py for tasks to queue
[2026-03-18T07:38:15.586+0000] {logging_mixin.py:190} INFO - [2026-03-18T07:38:15.586+0000] {dagbag.py:588} INFO - Filling up the DagBag from /home/komal/data-engineering-projects/airflow-spark-pipeline/airflow_venv/lib/python3.11/site-packages/airflow/example_dags/example_time_delta_sensor_async.py
[2026-03-18T07:38:15.594+0000] {processor.py:925} INFO - DAG(s) 'example_time_delta_sensor_async' retrieved from /home/komal/data-engineering-projects/airflow-spark-pipeline/airflow_venv/lib/python3.11/site-packages/airflow/example_dags/example_time_delta_sensor_async.py
[2026-03-18T07:38:15.615+0000] {logging_mixin.py:190} INFO - [2026-03-18T07:38:15.615+0000] {dag.py:3239} INFO - Sync 1 DAGs
[2026-03-18T07:38:15.634+0000] {logging_mixin.py:190} INFO - [2026-03-18T07:38:15.633+0000] {dag.py:4180} INFO - Setting next_dagrun for example_time_delta_sensor_async to None, run_after=None
[2026-03-18T07:38:15.664+0000] {processor.py:208} INFO - Processing /home/komal/data-engineering-projects/airflow-spark-pipeline/airflow_venv/lib/python3.11/site-packages/airflow/example_dags/example_time_delta_sensor_async.py took 0.093 seconds
[2026-03-18T07:39:19.072+0000] {processor.py:186} INFO - Started process (PID=33598) to work on /home/komal/data-engineering-projects/airflow-spark-pipeline/airflow_venv/lib/python3.11/site-packages/airflow/example_dags/example_time_delta_sensor_async.py
[2026-03-18T07:39:19.077+0000] {processor.py:914} INFO - Processing file /home/komal/data-engineering-projects/airflow-spark-pipeline/airflow_venv/lib/python3.11/site-packages/airflow/example_dags/example_time_delta_sensor_async.py for tasks to queue
[2026-03-18T07:39:19.080+0000] {logging_mixin.py:190} INFO - [2026-03-18T07:39:19.079+0000] {dagbag.py:588} INFO - Filling up the DagBag from /home/komal/data-engineering-projects/airflow-spark-pipeline/airflow_venv/lib/python3.11/site-packages/airflow/example_dags/example_time_delta_sensor_async.py
[2026-03-18T07:39:19.089+0000] {processor.py:925} INFO - DAG(s) 'example_time_delta_sensor_async' retrieved from /home/komal/data-engineering-projects/airflow-spark-pipeline/airflow_venv/lib/python3.11/site-packages/airflow/example_dags/example_time_delta_sensor_async.py
[2026-03-18T07:39:19.109+0000] {logging_mixin.py:190} INFO - [2026-03-18T07:39:19.109+0000] {dag.py:3239} INFO - Sync 1 DAGs
[2026-03-18T07:39:19.123+0000] {logging_mixin.py:190} INFO - [2026-03-18T07:39:19.122+0000] {dag.py:4180} INFO - Setting next_dagrun for example_time_delta_sensor_async to None, run_after=None
[2026-03-18T07:39:19.164+0000] {processor.py:208} INFO - Processing /home/komal/data-engineering-projects/airflow-spark-pipeline/airflow_venv/lib/python3.11/site-packages/airflow/example_dags/example_time_delta_sensor_async.py took 0.098 seconds
[2026-03-18T07:40:30.557+0000] {processor.py:186} INFO - Started process (PID=33666) to work on /home/komal/data-engineering-projects/airflow-spark-pipeline/airflow_venv/lib/python3.11/site-packages/airflow/example_dags/example_time_delta_sensor_async.py
[2026-03-18T07:40:30.589+0000] {processor.py:914} INFO - Processing file /home/komal/data-engineering-projects/airflow-spark-pipeline/airflow_venv/lib/python3.11/site-packages/airflow/example_dags/example_time_delta_sensor_async.py for tasks to queue
[2026-03-18T07:40:30.594+0000] {logging_mixin.py:190} INFO - [2026-03-18T07:40:30.593+0000] {dagbag.py:588} INFO - Filling up the DagBag from /home/komal/data-engineering-projects/airflow-spark-pipeline/airflow_venv/lib/python3.11/site-packages/airflow/example_dags/example_time_delta_sensor_async.py
[2026-03-18T07:40:30.607+0000] {processor.py:925} INFO - DAG(s) 'example_time_delta_sensor_async' retrieved from /home/komal/data-engineering-projects/airflow-spark-pipeline/airflow_venv/lib/python3.11/site-packages/airflow/example_dags/example_time_delta_sensor_async.py
[2026-03-18T07:40:30.632+0000] {logging_mixin.py:190} INFO - [2026-03-18T07:40:30.631+0000] {dag.py:3239} INFO - Sync 1 DAGs
[2026-03-18T07:40:30.650+0000] {logging_mixin.py:190} INFO - [2026-03-18T07:40:30.649+0000] {dag.py:4180} INFO - Setting next_dagrun for example_time_delta_sensor_async to None, run_after=None
[2026-03-18T07:40:30.681+0000] {processor.py:208} INFO - Processing /home/komal/data-engineering-projects/airflow-spark-pipeline/airflow_venv/lib/python3.11/site-packages/airflow/example_dags/example_time_delta_sensor_async.py took 0.135 seconds
[2026-03-18T07:41:47.013+0000] {processor.py:186} INFO - Started process (PID=33734) to work on /home/komal/data-engineering-projects/airflow-spark-pipeline/airflow_venv/lib/python3.11/site-packages/airflow/example_dags/example_time_delta_sensor_async.py
[2026-03-18T07:41:47.018+0000] {processor.py:914} INFO - Processing file /home/komal/data-engineering-projects/airflow-spark-pipeline/airflow_venv/lib/python3.11/site-packages/airflow/example_dags/example_time_delta_sensor_async.py for tasks to queue
[2026-03-18T07:41:47.020+0000] {logging_mixin.py:190} INFO - [2026-03-18T07:41:47.020+0000] {dagbag.py:588} INFO - Filling up the DagBag from /home/komal/data-engineering-projects/airflow-spark-pipeline/airflow_venv/lib/python3.11/site-packages/airflow/example_dags/example_time_delta_sensor_async.py
[2026-03-18T07:41:47.030+0000] {processor.py:925} INFO - DAG(s) 'example_time_delta_sensor_async' retrieved from /home/komal/data-engineering-projects/airflow-spark-pipeline/airflow_venv/lib/python3.11/site-packages/airflow/example_dags/example_time_delta_sensor_async.py
[2026-03-18T07:41:47.053+0000] {logging_mixin.py:190} INFO - [2026-03-18T07:41:47.053+0000] {dag.py:3239} INFO - Sync 1 DAGs
[2026-03-18T07:41:47.074+0000] {logging_mixin.py:190} INFO - [2026-03-18T07:41:47.073+0000] {dag.py:4180} INFO - Setting next_dagrun for example_time_delta_sensor_async to None, run_after=None
[2026-03-18T07:41:47.114+0000] {processor.py:208} INFO - Processing /home/komal/data-engineering-projects/airflow-spark-pipeline/airflow_venv/lib/python3.11/site-packages/airflow/example_dags/example_time_delta_sensor_async.py took 0.110 seconds
[2026-03-18T07:42:22.772+0000] {processor.py:186} INFO - Started process (PID=33767) to work on /home/komal/data-engineering-projects/airflow-spark-pipeline/airflow_venv/lib/python3.11/site-packages/airflow/example_dags/example_time_delta_sensor_async.py
[2026-03-18T07:42:22.797+0000] {processor.py:914} INFO - Processing file /home/komal/data-engineering-projects/airflow-spark-pipeline/airflow_venv/lib/python3.11/site-packages/airflow/example_dags/example_time_delta_sensor_async.py for tasks to queue
[2026-03-18T07:42:22.801+0000] {logging_mixin.py:190} INFO - [2026-03-18T07:42:22.801+0000] {dagbag.py:588} INFO - Filling up the DagBag from /home/komal/data-engineering-projects/airflow-spark-pipeline/airflow_venv/lib/python3.11/site-packages/airflow/example_dags/example_time_delta_sensor_async.py
[2026-03-18T07:42:22.814+0000] {processor.py:925} INFO - DAG(s) 'example_time_delta_sensor_async' retrieved from /home/komal/data-engineering-projects/airflow-spark-pipeline/airflow_venv/lib/python3.11/site-packages/airflow/example_dags/example_time_delta_sensor_async.py
[2026-03-18T07:42:22.834+0000] {logging_mixin.py:190} INFO - [2026-03-18T07:42:22.834+0000] {dag.py:3239} INFO - Sync 1 DAGs
[2026-03-18T07:42:22.854+0000] {logging_mixin.py:190} INFO - [2026-03-18T07:42:22.853+0000] {dag.py:4180} INFO - Setting next_dagrun for example_time_delta_sensor_async to None, run_after=None
[2026-03-18T07:42:22.888+0000] {processor.py:208} INFO - Processing /home/komal/data-engineering-projects/airflow-spark-pipeline/airflow_venv/lib/python3.11/site-packages/airflow/example_dags/example_time_delta_sensor_async.py took 0.129 seconds
[2026-03-18T07:43:35.528+0000] {processor.py:186} INFO - Started process (PID=33914) to work on /home/komal/data-engineering-projects/airflow-spark-pipeline/airflow_venv/lib/python3.11/site-packages/airflow/example_dags/example_time_delta_sensor_async.py
[2026-03-18T07:43:35.560+0000] {processor.py:914} INFO - Processing file /home/komal/data-engineering-projects/airflow-spark-pipeline/airflow_venv/lib/python3.11/site-packages/airflow/example_dags/example_time_delta_sensor_async.py for tasks to queue
[2026-03-18T07:43:35.565+0000] {logging_mixin.py:190} INFO - [2026-03-18T07:43:35.564+0000] {dagbag.py:588} INFO - Filling up the DagBag from /home/komal/data-engineering-projects/airflow-spark-pipeline/airflow_venv/lib/python3.11/site-packages/airflow/example_dags/example_time_delta_sensor_async.py
[2026-03-18T07:43:35.577+0000] {processor.py:925} INFO - DAG(s) 'example_time_delta_sensor_async' retrieved from /home/komal/data-engineering-projects/airflow-spark-pipeline/airflow_venv/lib/python3.11/site-packages/airflow/example_dags/example_time_delta_sensor_async.py
[2026-03-18T07:43:35.601+0000] {logging_mixin.py:190} INFO - [2026-03-18T07:43:35.601+0000] {dag.py:3239} INFO - Sync 1 DAGs
[2026-03-18T07:43:35.618+0000] {logging_mixin.py:190} INFO - [2026-03-18T07:43:35.618+0000] {dag.py:4180} INFO - Setting next_dagrun for example_time_delta_sensor_async to None, run_after=None
[2026-03-18T07:43:35.685+0000] {processor.py:208} INFO - Processing /home/komal/data-engineering-projects/airflow-spark-pipeline/airflow_venv/lib/python3.11/site-packages/airflow/example_dags/example_time_delta_sensor_async.py took 0.165 seconds
[2026-03-18T07:44:41.068+0000] {processor.py:186} INFO - Started process (PID=33983) to work on /home/komal/data-engineering-projects/airflow-spark-pipeline/airflow_venv/lib/python3.11/site-packages/airflow/example_dags/example_time_delta_sensor_async.py
[2026-03-18T07:44:41.097+0000] {processor.py:914} INFO - Processing file /home/komal/data-engineering-projects/airflow-spark-pipeline/airflow_venv/lib/python3.11/site-packages/airflow/example_dags/example_time_delta_sensor_async.py for tasks to queue
[2026-03-18T07:44:41.100+0000] {logging_mixin.py:190} INFO - [2026-03-18T07:44:41.099+0000] {dagbag.py:588} INFO - Filling up the DagBag from /home/komal/data-engineering-projects/airflow-spark-pipeline/airflow_venv/lib/python3.11/site-packages/airflow/example_dags/example_time_delta_sensor_async.py
[2026-03-18T07:44:41.111+0000] {processor.py:925} INFO - DAG(s) 'example_time_delta_sensor_async' retrieved from /home/komal/data-engineering-projects/airflow-spark-pipeline/airflow_venv/lib/python3.11/site-packages/airflow/example_dags/example_time_delta_sensor_async.py
[2026-03-18T07:44:41.133+0000] {logging_mixin.py:190} INFO - [2026-03-18T07:44:41.132+0000] {dag.py:3239} INFO - Sync 1 DAGs
[2026-03-18T07:44:41.152+0000] {logging_mixin.py:190} INFO - [2026-03-18T07:44:41.151+0000] {dag.py:4180} INFO - Setting next_dagrun for example_time_delta_sensor_async to None, run_after=None
[2026-03-18T07:44:41.191+0000] {processor.py:208} INFO - Processing /home/komal/data-engineering-projects/airflow-spark-pipeline/airflow_venv/lib/python3.11/site-packages/airflow/example_dags/example_time_delta_sensor_async.py took 0.131 seconds
[2026-03-18T07:45:51.843+0000] {processor.py:186} INFO - Started process (PID=34053) to work on /home/komal/data-engineering-projects/airflow-spark-pipeline/airflow_venv/lib/python3.11/site-packages/airflow/example_dags/example_time_delta_sensor_async.py
[2026-03-18T07:45:51.875+0000] {processor.py:914} INFO - Processing file /home/komal/data-engineering-projects/airflow-spark-pipeline/airflow_venv/lib/python3.11/site-packages/airflow/example_dags/example_time_delta_sensor_async.py for tasks to queue
[2026-03-18T07:45:51.880+0000] {logging_mixin.py:190} INFO - [2026-03-18T07:45:51.879+0000] {dagbag.py:588} INFO - Filling up the DagBag from /home/komal/data-engineering-projects/airflow-spark-pipeline/airflow_venv/lib/python3.11/site-packages/airflow/example_dags/example_time_delta_sensor_async.py
[2026-03-18T07:45:51.892+0000] {processor.py:925} INFO - DAG(s) 'example_time_delta_sensor_async' retrieved from /home/komal/data-engineering-projects/airflow-spark-pipeline/airflow_venv/lib/python3.11/site-packages/airflow/example_dags/example_time_delta_sensor_async.py
[2026-03-18T07:45:51.917+0000] {logging_mixin.py:190} INFO - [2026-03-18T07:45:51.917+0000] {dag.py:3239} INFO - Sync 1 DAGs
[2026-03-18T07:45:51.936+0000] {logging_mixin.py:190} INFO - [2026-03-18T07:45:51.936+0000] {dag.py:4180} INFO - Setting next_dagrun for example_time_delta_sensor_async to None, run_after=None
[2026-03-18T07:45:51.977+0000] {processor.py:208} INFO - Processing /home/komal/data-engineering-projects/airflow-spark-pipeline/airflow_venv/lib/python3.11/site-packages/airflow/example_dags/example_time_delta_sensor_async.py took 0.146 seconds
[2026-03-18T07:47:08.994+0000] {processor.py:186} INFO - Started process (PID=34124) to work on /home/komal/data-engineering-projects/airflow-spark-pipeline/airflow_venv/lib/python3.11/site-packages/airflow/example_dags/example_time_delta_sensor_async.py
[2026-03-18T07:47:09.027+0000] {processor.py:914} INFO - Processing file /home/komal/data-engineering-projects/airflow-spark-pipeline/airflow_venv/lib/python3.11/site-packages/airflow/example_dags/example_time_delta_sensor_async.py for tasks to queue
[2026-03-18T07:47:09.032+0000] {logging_mixin.py:190} INFO - [2026-03-18T07:47:09.031+0000] {dagbag.py:588} INFO - Filling up the DagBag from /home/komal/data-engineering-projects/airflow-spark-pipeline/airflow_venv/lib/python3.11/site-packages/airflow/example_dags/example_time_delta_sensor_async.py
[2026-03-18T07:47:09.047+0000] {processor.py:925} INFO - DAG(s) 'example_time_delta_sensor_async' retrieved from /home/komal/data-engineering-projects/airflow-spark-pipeline/airflow_venv/lib/python3.11/site-packages/airflow/example_dags/example_time_delta_sensor_async.py
[2026-03-18T07:47:09.069+0000] {logging_mixin.py:190} INFO - [2026-03-18T07:47:09.069+0000] {dag.py:3239} INFO - Sync 1 DAGs
[2026-03-18T07:47:09.087+0000] {logging_mixin.py:190} INFO - [2026-03-18T07:47:09.086+0000] {dag.py:4180} INFO - Setting next_dagrun for example_time_delta_sensor_async to None, run_after=None
[2026-03-18T07:47:09.332+0000] {processor.py:208} INFO - Processing /home/komal/data-engineering-projects/airflow-spark-pipeline/airflow_venv/lib/python3.11/site-packages/airflow/example_dags/example_time_delta_sensor_async.py took 0.348 seconds
[2026-03-18T07:49:17.613+0000] {processor.py:186} INFO - Started process (PID=34163) to work on /home/komal/data-engineering-projects/airflow-spark-pipeline/airflow_venv/lib/python3.11/site-packages/airflow/example_dags/example_time_delta_sensor_async.py
[2026-03-18T07:49:17.645+0000] {processor.py:914} INFO - Processing file /home/komal/data-engineering-projects/airflow-spark-pipeline/airflow_venv/lib/python3.11/site-packages/airflow/example_dags/example_time_delta_sensor_async.py for tasks to queue
[2026-03-18T07:49:17.651+0000] {logging_mixin.py:190} INFO - [2026-03-18T07:49:17.651+0000] {dagbag.py:588} INFO - Filling up the DagBag from /home/komal/data-engineering-projects/airflow-spark-pipeline/airflow_venv/lib/python3.11/site-packages/airflow/example_dags/example_time_delta_sensor_async.py
[2026-03-18T07:49:17.665+0000] {processor.py:925} INFO - DAG(s) 'example_time_delta_sensor_async' retrieved from /home/komal/data-engineering-projects/airflow-spark-pipeline/airflow_venv/lib/python3.11/site-packages/airflow/example_dags/example_time_delta_sensor_async.py
[2026-03-18T07:49:17.848+0000] {logging_mixin.py:190} INFO - [2026-03-18T07:49:17.847+0000] {dag.py:3239} INFO - Sync 1 DAGs
[2026-03-18T07:49:17.867+0000] {logging_mixin.py:190} INFO - [2026-03-18T07:49:17.867+0000] {dag.py:4180} INFO - Setting next_dagrun for example_time_delta_sensor_async to None, run_after=None
[2026-03-18T07:49:17.930+0000] {processor.py:208} INFO - Processing /home/komal/data-engineering-projects/airflow-spark-pipeline/airflow_venv/lib/python3.11/site-packages/airflow/example_dags/example_time_delta_sensor_async.py took 0.327 seconds
[2026-03-18T07:50:20.326+0000] {processor.py:186} INFO - Started process (PID=34223) to work on /home/komal/data-engineering-projects/airflow-spark-pipeline/airflow_venv/lib/python3.11/site-packages/airflow/example_dags/example_time_delta_sensor_async.py
[2026-03-18T07:50:20.357+0000] {processor.py:914} INFO - Processing file /home/komal/data-engineering-projects/airflow-spark-pipeline/airflow_venv/lib/python3.11/site-packages/airflow/example_dags/example_time_delta_sensor_async.py for tasks to queue
[2026-03-18T07:50:20.361+0000] {logging_mixin.py:190} INFO - [2026-03-18T07:50:20.360+0000] {dagbag.py:588} INFO - Filling up the DagBag from /home/komal/data-engineering-projects/airflow-spark-pipeline/airflow_venv/lib/python3.11/site-packages/airflow/example_dags/example_time_delta_sensor_async.py
[2026-03-18T07:50:20.370+0000] {processor.py:925} INFO - DAG(s) 'example_time_delta_sensor_async' retrieved from /home/komal/data-engineering-projects/airflow-spark-pipeline/airflow_venv/lib/python3.11/site-packages/airflow/example_dags/example_time_delta_sensor_async.py
[2026-03-18T07:50:20.389+0000] {logging_mixin.py:190} INFO - [2026-03-18T07:50:20.389+0000] {dag.py:3239} INFO - Sync 1 DAGs
[2026-03-18T07:50:20.408+0000] {logging_mixin.py:190} INFO - [2026-03-18T07:50:20.408+0000] {dag.py:4180} INFO - Setting next_dagrun for example_time_delta_sensor_async to None, run_after=None
[2026-03-18T07:50:20.442+0000] {processor.py:208} INFO - Processing /home/komal/data-engineering-projects/airflow-spark-pipeline/airflow_venv/lib/python3.11/site-packages/airflow/example_dags/example_time_delta_sensor_async.py took 0.123 seconds
[2026-03-18T07:51:32.070+0000] {processor.py:186} INFO - Started process (PID=34314) to work on /home/komal/data-engineering-projects/airflow-spark-pipeline/airflow_venv/lib/python3.11/site-packages/airflow/example_dags/example_time_delta_sensor_async.py
[2026-03-18T07:51:32.104+0000] {processor.py:914} INFO - Processing file /home/komal/data-engineering-projects/airflow-spark-pipeline/airflow_venv/lib/python3.11/site-packages/airflow/example_dags/example_time_delta_sensor_async.py for tasks to queue
[2026-03-18T07:51:32.107+0000] {logging_mixin.py:190} INFO - [2026-03-18T07:51:32.106+0000] {dagbag.py:588} INFO - Filling up the DagBag from /home/komal/data-engineering-projects/airflow-spark-pipeline/airflow_venv/lib/python3.11/site-packages/airflow/example_dags/example_time_delta_sensor_async.py
[2026-03-18T07:51:32.118+0000] {processor.py:925} INFO - DAG(s) 'example_time_delta_sensor_async' retrieved from /home/komal/data-engineering-projects/airflow-spark-pipeline/airflow_venv/lib/python3.11/site-packages/airflow/example_dags/example_time_delta_sensor_async.py
[2026-03-18T07:51:32.140+0000] {logging_mixin.py:190} INFO - [2026-03-18T07:51:32.139+0000] {dag.py:3239} INFO - Sync 1 DAGs
[2026-03-18T07:51:32.158+0000] {logging_mixin.py:190} INFO - [2026-03-18T07:51:32.157+0000] {dag.py:4180} INFO - Setting next_dagrun for example_time_delta_sensor_async to None, run_after=None
[2026-03-18T07:51:32.197+0000] {processor.py:208} INFO - Processing /home/komal/data-engineering-projects/airflow-spark-pipeline/airflow_venv/lib/python3.11/site-packages/airflow/example_dags/example_time_delta_sensor_async.py took 0.138 seconds
[2026-03-18T07:52:45.605+0000] {processor.py:186} INFO - Started process (PID=34381) to work on /home/komal/data-engineering-projects/airflow-spark-pipeline/airflow_venv/lib/python3.11/site-packages/airflow/example_dags/example_time_delta_sensor_async.py
[2026-03-18T07:52:45.639+0000] {processor.py:914} INFO - Processing file /home/komal/data-engineering-projects/airflow-spark-pipeline/airflow_venv/lib/python3.11/site-packages/airflow/example_dags/example_time_delta_sensor_async.py for tasks to queue
[2026-03-18T07:52:45.645+0000] {logging_mixin.py:190} INFO - [2026-03-18T07:52:45.644+0000] {dagbag.py:588} INFO - Filling up the DagBag from /home/komal/data-engineering-projects/airflow-spark-pipeline/airflow_venv/lib/python3.11/site-packages/airflow/example_dags/example_time_delta_sensor_async.py
[2026-03-18T07:52:45.658+0000] {processor.py:925} INFO - DAG(s) 'example_time_delta_sensor_async' retrieved from /home/komal/data-engineering-projects/airflow-spark-pipeline/airflow_venv/lib/python3.11/site-packages/airflow/example_dags/example_time_delta_sensor_async.py
[2026-03-18T07:52:45.680+0000] {logging_mixin.py:190} INFO - [2026-03-18T07:52:45.680+0000] {dag.py:3239} INFO - Sync 1 DAGs
[2026-03-18T07:52:45.696+0000] {logging_mixin.py:190} INFO - [2026-03-18T07:52:45.695+0000] {dag.py:4180} INFO - Setting next_dagrun for example_time_delta_sensor_async to None, run_after=None
[2026-03-18T07:52:46.235+0000] {processor.py:208} INFO - Processing /home/komal/data-engineering-projects/airflow-spark-pipeline/airflow_venv/lib/python3.11/site-packages/airflow/example_dags/example_time_delta_sensor_async.py took 0.143 seconds
[2026-03-18T07:54:11.384+0000] {processor.py:186} INFO - Started process (PID=34463) to work on /home/komal/data-engineering-projects/airflow-spark-pipeline/airflow_venv/lib/python3.11/site-packages/airflow/example_dags/example_time_delta_sensor_async.py
[2026-03-18T07:54:11.418+0000] {processor.py:914} INFO - Processing file /home/komal/data-engineering-projects/airflow-spark-pipeline/airflow_venv/lib/python3.11/site-packages/airflow/example_dags/example_time_delta_sensor_async.py for tasks to queue
[2026-03-18T07:54:11.423+0000] {logging_mixin.py:190} INFO - [2026-03-18T07:54:11.422+0000] {dagbag.py:588} INFO - Filling up the DagBag from /home/komal/data-engineering-projects/airflow-spark-pipeline/airflow_venv/lib/python3.11/site-packages/airflow/example_dags/example_time_delta_sensor_async.py
[2026-03-18T07:54:11.437+0000] {processor.py:925} INFO - DAG(s) 'example_time_delta_sensor_async' retrieved from /home/komal/data-engineering-projects/airflow-spark-pipeline/airflow_venv/lib/python3.11/site-packages/airflow/example_dags/example_time_delta_sensor_async.py
[2026-03-18T07:54:11.465+0000] {logging_mixin.py:190} INFO - [2026-03-18T07:54:11.464+0000] {dag.py:3239} INFO - Sync 1 DAGs
[2026-03-18T07:54:11.484+0000] {logging_mixin.py:190} INFO - [2026-03-18T07:54:11.484+0000] {dag.py:4180} INFO - Setting next_dagrun for example_time_delta_sensor_async to None, run_after=None
[2026-03-18T07:54:11.521+0000] {processor.py:208} INFO - Processing /home/komal/data-engineering-projects/airflow-spark-pipeline/airflow_venv/lib/python3.11/site-packages/airflow/example_dags/example_time_delta_sensor_async.py took 0.150 seconds
[2026-03-18T07:55:02.859+0000] {processor.py:186} INFO - Started process (PID=34510) to work on /home/komal/data-engineering-projects/airflow-spark-pipeline/airflow_venv/lib/python3.11/site-packages/airflow/example_dags/example_time_delta_sensor_async.py
[2026-03-18T07:55:02.891+0000] {processor.py:914} INFO - Processing file /home/komal/data-engineering-projects/airflow-spark-pipeline/airflow_venv/lib/python3.11/site-packages/airflow/example_dags/example_time_delta_sensor_async.py for tasks to queue
[2026-03-18T07:55:02.897+0000] {logging_mixin.py:190} INFO - [2026-03-18T07:55:02.896+0000] {dagbag.py:588} INFO - Filling up the DagBag from /home/komal/data-engineering-projects/airflow-spark-pipeline/airflow_venv/lib/python3.11/site-packages/airflow/example_dags/example_time_delta_sensor_async.py
[2026-03-18T07:55:02.910+0000] {processor.py:925} INFO - DAG(s) 'example_time_delta_sensor_async' retrieved from /home/komal/data-engineering-projects/airflow-spark-pipeline/airflow_venv/lib/python3.11/site-packages/airflow/example_dags/example_time_delta_sensor_async.py
[2026-03-18T07:55:02.932+0000] {logging_mixin.py:190} INFO - [2026-03-18T07:55:02.932+0000] {dag.py:3239} INFO - Sync 1 DAGs
[2026-03-18T07:55:02.949+0000] {logging_mixin.py:190} INFO - [2026-03-18T07:55:02.948+0000] {dag.py:4180} INFO - Setting next_dagrun for example_time_delta_sensor_async to None, run_after=None
[2026-03-18T07:55:02.982+0000] {processor.py:208} INFO - Processing /home/komal/data-engineering-projects/airflow-spark-pipeline/airflow_venv/lib/python3.11/site-packages/airflow/example_dags/example_time_delta_sensor_async.py took 0.131 seconds
[2026-03-18T07:56:15.394+0000] {processor.py:186} INFO - Started process (PID=34878) to work on /home/komal/data-engineering-projects/airflow-spark-pipeline/airflow_venv/lib/python3.11/site-packages/airflow/example_dags/example_time_delta_sensor_async.py
[2026-03-18T07:56:15.401+0000] {processor.py:914} INFO - Processing file /home/komal/data-engineering-projects/airflow-spark-pipeline/airflow_venv/lib/python3.11/site-packages/airflow/example_dags/example_time_delta_sensor_async.py for tasks to queue
[2026-03-18T07:56:15.405+0000] {logging_mixin.py:190} INFO - [2026-03-18T07:56:15.404+0000] {dagbag.py:588} INFO - Filling up the DagBag from /home/komal/data-engineering-projects/airflow-spark-pipeline/airflow_venv/lib/python3.11/site-packages/airflow/example_dags/example_time_delta_sensor_async.py
[2026-03-18T07:56:15.421+0000] {processor.py:925} INFO - DAG(s) 'example_time_delta_sensor_async' retrieved from /home/komal/data-engineering-projects/airflow-spark-pipeline/airflow_venv/lib/python3.11/site-packages/airflow/example_dags/example_time_delta_sensor_async.py
[2026-03-18T07:56:15.447+0000] {logging_mixin.py:190} INFO - [2026-03-18T07:56:15.446+0000] {dag.py:3239} INFO - Sync 1 DAGs
[2026-03-18T07:56:15.467+0000] {logging_mixin.py:190} INFO - [2026-03-18T07:56:15.467+0000] {dag.py:4180} INFO - Setting next_dagrun for example_time_delta_sensor_async to None, run_after=None
[2026-03-18T07:56:15.506+0000] {processor.py:208} INFO - Processing /home/komal/data-engineering-projects/airflow-spark-pipeline/airflow_venv/lib/python3.11/site-packages/airflow/example_dags/example_time_delta_sensor_async.py took 0.124 seconds
[2026-03-18T08:05:08.936+0000] {processor.py:186} INFO - Started process (PID=34952) to work on /home/komal/data-engineering-projects/airflow-spark-pipeline/airflow_venv/lib/python3.11/site-packages/airflow/example_dags/example_time_delta_sensor_async.py
[2026-03-18T08:05:08.969+0000] {processor.py:914} INFO - Processing file /home/komal/data-engineering-projects/airflow-spark-pipeline/airflow_venv/lib/python3.11/site-packages/airflow/example_dags/example_time_delta_sensor_async.py for tasks to queue
[2026-03-18T08:05:08.973+0000] {logging_mixin.py:190} INFO - [2026-03-18T08:05:08.972+0000] {dagbag.py:588} INFO - Filling up the DagBag from /home/komal/data-engineering-projects/airflow-spark-pipeline/airflow_venv/lib/python3.11/site-packages/airflow/example_dags/example_time_delta_sensor_async.py
[2026-03-18T08:05:08.984+0000] {processor.py:925} INFO - DAG(s) 'example_time_delta_sensor_async' retrieved from /home/komal/data-engineering-projects/airflow-spark-pipeline/airflow_venv/lib/python3.11/site-packages/airflow/example_dags/example_time_delta_sensor_async.py
[2026-03-18T08:05:09.009+0000] {logging_mixin.py:190} INFO - [2026-03-18T08:05:09.009+0000] {dag.py:3239} INFO - Sync 1 DAGs
[2026-03-18T08:05:09.028+0000] {logging_mixin.py:190} INFO - [2026-03-18T08:05:09.028+0000] {dag.py:4180} INFO - Setting next_dagrun for example_time_delta_sensor_async to None, run_after=None
[2026-03-18T08:05:09.060+0000] {processor.py:208} INFO - Processing /home/komal/data-engineering-projects/airflow-spark-pipeline/airflow_venv/lib/python3.11/site-packages/airflow/example_dags/example_time_delta_sensor_async.py took 0.131 seconds
[2026-03-18T08:06:16.489+0000] {processor.py:186} INFO - Started process (PID=35018) to work on /home/komal/data-engineering-projects/airflow-spark-pipeline/airflow_venv/lib/python3.11/site-packages/airflow/example_dags/example_time_delta_sensor_async.py
[2026-03-18T08:06:16.491+0000] {processor.py:914} INFO - Processing file /home/komal/data-engineering-projects/airflow-spark-pipeline/airflow_venv/lib/python3.11/site-packages/airflow/example_dags/example_time_delta_sensor_async.py for tasks to queue
[2026-03-18T08:06:16.495+0000] {logging_mixin.py:190} INFO - [2026-03-18T08:06:16.495+0000] {dagbag.py:588} INFO - Filling up the DagBag from /home/komal/data-engineering-projects/airflow-spark-pipeline/airflow_venv/lib/python3.11/site-packages/airflow/example_dags/example_time_delta_sensor_async.py
[2026-03-18T08:06:16.505+0000] {processor.py:925} INFO - DAG(s) 'example_time_delta_sensor_async' retrieved from /home/komal/data-engineering-projects/airflow-spark-pipeline/airflow_venv/lib/python3.11/site-packages/airflow/example_dags/example_time_delta_sensor_async.py
[2026-03-18T08:06:16.527+0000] {logging_mixin.py:190} INFO - [2026-03-18T08:06:16.526+0000] {dag.py:3239} INFO - Sync 1 DAGs
[2026-03-18T08:06:16.544+0000] {logging_mixin.py:190} INFO - [2026-03-18T08:06:16.544+0000] {dag.py:4180} INFO - Setting next_dagrun for example_time_delta_sensor_async to None, run_after=None
[2026-03-18T08:06:16.611+0000] {processor.py:208} INFO - Processing /home/komal/data-engineering-projects/airflow-spark-pipeline/airflow_venv/lib/python3.11/site-packages/airflow/example_dags/example_time_delta_sensor_async.py took 0.129 seconds
[2026-03-18T08:07:04.768+0000] {processor.py:186} INFO - Started process (PID=35063) to work on /home/komal/data-engineering-projects/airflow-spark-pipeline/airflow_venv/lib/python3.11/site-packages/airflow/example_dags/example_time_delta_sensor_async.py
[2026-03-18T08:07:04.800+0000] {processor.py:914} INFO - Processing file /home/komal/data-engineering-projects/airflow-spark-pipeline/airflow_venv/lib/python3.11/site-packages/airflow/example_dags/example_time_delta_sensor_async.py for tasks to queue
[2026-03-18T08:07:04.804+0000] {logging_mixin.py:190} INFO - [2026-03-18T08:07:04.803+0000] {dagbag.py:588} INFO - Filling up the DagBag from /home/komal/data-engineering-projects/airflow-spark-pipeline/airflow_venv/lib/python3.11/site-packages/airflow/example_dags/example_time_delta_sensor_async.py
[2026-03-18T08:07:04.813+0000] {processor.py:925} INFO - DAG(s) 'example_time_delta_sensor_async' retrieved from /home/komal/data-engineering-projects/airflow-spark-pipeline/airflow_venv/lib/python3.11/site-packages/airflow/example_dags/example_time_delta_sensor_async.py
[2026-03-18T08:07:04.836+0000] {logging_mixin.py:190} INFO - [2026-03-18T08:07:04.836+0000] {dag.py:3239} INFO - Sync 1 DAGs
[2026-03-18T08:07:04.854+0000] {logging_mixin.py:190} INFO - [2026-03-18T08:07:04.854+0000] {dag.py:4180} INFO - Setting next_dagrun for example_time_delta_sensor_async to None, run_after=None
[2026-03-18T08:07:04.937+0000] {processor.py:208} INFO - Processing /home/komal/data-engineering-projects/airflow-spark-pipeline/airflow_venv/lib/python3.11/site-packages/airflow/example_dags/example_time_delta_sensor_async.py took 0.178 seconds
[2026-03-18T08:08:21.113+0000] {processor.py:186} INFO - Started process (PID=35132) to work on /home/komal/data-engineering-projects/airflow-spark-pipeline/airflow_venv/lib/python3.11/site-packages/airflow/example_dags/example_time_delta_sensor_async.py
[2026-03-18T08:08:21.118+0000] {processor.py:914} INFO - Processing file /home/komal/data-engineering-projects/airflow-spark-pipeline/airflow_venv/lib/python3.11/site-packages/airflow/example_dags/example_time_delta_sensor_async.py for tasks to queue
[2026-03-18T08:08:21.121+0000] {logging_mixin.py:190} INFO - [2026-03-18T08:08:21.120+0000] {dagbag.py:588} INFO - Filling up the DagBag from /home/komal/data-engineering-projects/airflow-spark-pipeline/airflow_venv/lib/python3.11/site-packages/airflow/example_dags/example_time_delta_sensor_async.py
[2026-03-18T08:08:21.130+0000] {processor.py:925} INFO - DAG(s) 'example_time_delta_sensor_async' retrieved from /home/komal/data-engineering-projects/airflow-spark-pipeline/airflow_venv/lib/python3.11/site-packages/airflow/example_dags/example_time_delta_sensor_async.py
[2026-03-18T08:08:21.155+0000] {logging_mixin.py:190} INFO - [2026-03-18T08:08:21.154+0000] {dag.py:3239} INFO - Sync 1 DAGs
[2026-03-18T08:08:21.177+0000] {logging_mixin.py:190} INFO - [2026-03-18T08:08:21.177+0000] {dag.py:4180} INFO - Setting next_dagrun for example_time_delta_sensor_async to None, run_after=None
[2026-03-18T08:08:21.214+0000] {processor.py:208} INFO - Processing /home/komal/data-engineering-projects/airflow-spark-pipeline/airflow_venv/lib/python3.11/site-packages/airflow/example_dags/example_time_delta_sensor_async.py took 0.109 seconds
[2026-03-18T08:09:32.786+0000] {processor.py:186} INFO - Started process (PID=35198) to work on /home/komal/data-engineering-projects/airflow-spark-pipeline/airflow_venv/lib/python3.11/site-packages/airflow/example_dags/example_time_delta_sensor_async.py
[2026-03-18T08:09:32.793+0000] {processor.py:914} INFO - Processing file /home/komal/data-engineering-projects/airflow-spark-pipeline/airflow_venv/lib/python3.11/site-packages/airflow/example_dags/example_time_delta_sensor_async.py for tasks to queue
[2026-03-18T08:09:32.796+0000] {logging_mixin.py:190} INFO - [2026-03-18T08:09:32.795+0000] {dagbag.py:588} INFO - Filling up the DagBag from /home/komal/data-engineering-projects/airflow-spark-pipeline/airflow_venv/lib/python3.11/site-packages/airflow/example_dags/example_time_delta_sensor_async.py
[2026-03-18T08:09:32.811+0000] {processor.py:925} INFO - DAG(s) 'example_time_delta_sensor_async' retrieved from /home/komal/data-engineering-projects/airflow-spark-pipeline/airflow_venv/lib/python3.11/site-packages/airflow/example_dags/example_time_delta_sensor_async.py
[2026-03-18T08:09:32.839+0000] {logging_mixin.py:190} INFO - [2026-03-18T08:09:32.838+0000] {dag.py:3239} INFO - Sync 1 DAGs
[2026-03-18T08:09:32.864+0000] {logging_mixin.py:190} INFO - [2026-03-18T08:09:32.864+0000] {dag.py:4180} INFO - Setting next_dagrun for example_time_delta_sensor_async to None, run_after=None
[2026-03-18T08:09:32.904+0000] {processor.py:208} INFO - Processing /home/komal/data-engineering-projects/airflow-spark-pipeline/airflow_venv/lib/python3.11/site-packages/airflow/example_dags/example_time_delta_sensor_async.py took 0.128 seconds
[2026-03-18T08:10:46.017+0000] {processor.py:186} INFO - Started process (PID=35268) to work on /home/komal/data-engineering-projects/airflow-spark-pipeline/airflow_venv/lib/python3.11/site-packages/airflow/example_dags/example_time_delta_sensor_async.py
[2026-03-18T08:10:46.022+0000] {processor.py:914} INFO - Processing file /home/komal/data-engineering-projects/airflow-spark-pipeline/airflow_venv/lib/python3.11/site-packages/airflow/example_dags/example_time_delta_sensor_async.py for tasks to queue
[2026-03-18T08:10:46.026+0000] {logging_mixin.py:190} INFO - [2026-03-18T08:10:46.025+0000] {dagbag.py:588} INFO - Filling up the DagBag from /home/komal/data-engineering-projects/airflow-spark-pipeline/airflow_venv/lib/python3.11/site-packages/airflow/example_dags/example_time_delta_sensor_async.py
[2026-03-18T08:10:46.042+0000] {processor.py:925} INFO - DAG(s) 'example_time_delta_sensor_async' retrieved from /home/komal/data-engineering-projects/airflow-spark-pipeline/airflow_venv/lib/python3.11/site-packages/airflow/example_dags/example_time_delta_sensor_async.py
[2026-03-18T08:10:46.075+0000] {logging_mixin.py:190} INFO - [2026-03-18T08:10:46.074+0000] {dag.py:3239} INFO - Sync 1 DAGs
[2026-03-18T08:10:46.100+0000] {logging_mixin.py:190} INFO - [2026-03-18T08:10:46.100+0000] {dag.py:4180} INFO - Setting next_dagrun for example_time_delta_sensor_async to None, run_after=None
[2026-03-18T08:10:46.140+0000] {processor.py:208} INFO - Processing /home/komal/data-engineering-projects/airflow-spark-pipeline/airflow_venv/lib/python3.11/site-packages/airflow/example_dags/example_time_delta_sensor_async.py took 0.134 seconds
[2026-03-18T08:12:00.237+0000] {processor.py:186} INFO - Started process (PID=35340) to work on /home/komal/data-engineering-projects/airflow-spark-pipeline/airflow_venv/lib/python3.11/site-packages/airflow/example_dags/example_time_delta_sensor_async.py
[2026-03-18T08:12:00.241+0000] {processor.py:914} INFO - Processing file /home/komal/data-engineering-projects/airflow-spark-pipeline/airflow_venv/lib/python3.11/site-packages/airflow/example_dags/example_time_delta_sensor_async.py for tasks to queue
[2026-03-18T08:12:00.244+0000] {logging_mixin.py:190} INFO - [2026-03-18T08:12:00.243+0000] {dagbag.py:588} INFO - Filling up the DagBag from /home/komal/data-engineering-projects/airflow-spark-pipeline/airflow_venv/lib/python3.11/site-packages/airflow/example_dags/example_time_delta_sensor_async.py
[2026-03-18T08:12:00.251+0000] {processor.py:925} INFO - DAG(s) 'example_time_delta_sensor_async' retrieved from /home/komal/data-engineering-projects/airflow-spark-pipeline/airflow_venv/lib/python3.11/site-packages/airflow/example_dags/example_time_delta_sensor_async.py
[2026-03-18T08:12:00.275+0000] {logging_mixin.py:190} INFO - [2026-03-18T08:12:00.275+0000] {dag.py:3239} INFO - Sync 1 DAGs
[2026-03-18T08:12:00.298+0000] {logging_mixin.py:190} INFO - [2026-03-18T08:12:00.298+0000] {dag.py:4180} INFO - Setting next_dagrun for example_time_delta_sensor_async to None, run_after=None
[2026-03-18T08:12:00.380+0000] {processor.py:208} INFO - Processing /home/komal/data-engineering-projects/airflow-spark-pipeline/airflow_venv/lib/python3.11/site-packages/airflow/example_dags/example_time_delta_sensor_async.py took 0.151 seconds
[2026-03-18T08:14:38.639+0000] {processor.py:186} INFO - Started process (PID=35737) to work on /home/komal/data-engineering-projects/airflow-spark-pipeline/airflow_venv/lib/python3.11/site-packages/airflow/example_dags/example_time_delta_sensor_async.py
[2026-03-18T08:14:38.672+0000] {processor.py:914} INFO - Processing file /home/komal/data-engineering-projects/airflow-spark-pipeline/airflow_venv/lib/python3.11/site-packages/airflow/example_dags/example_time_delta_sensor_async.py for tasks to queue
[2026-03-18T08:14:38.677+0000] {logging_mixin.py:190} INFO - [2026-03-18T08:14:38.676+0000] {dagbag.py:588} INFO - Filling up the DagBag from /home/komal/data-engineering-projects/airflow-spark-pipeline/airflow_venv/lib/python3.11/site-packages/airflow/example_dags/example_time_delta_sensor_async.py
[2026-03-18T08:14:38.689+0000] {processor.py:925} INFO - DAG(s) 'example_time_delta_sensor_async' retrieved from /home/komal/data-engineering-projects/airflow-spark-pipeline/airflow_venv/lib/python3.11/site-packages/airflow/example_dags/example_time_delta_sensor_async.py
[2026-03-18T08:14:38.713+0000] {logging_mixin.py:190} INFO - [2026-03-18T08:14:38.713+0000] {dag.py:3239} INFO - Sync 1 DAGs
[2026-03-18T08:14:38.730+0000] {logging_mixin.py:190} INFO - [2026-03-18T08:14:38.729+0000] {dag.py:4180} INFO - Setting next_dagrun for example_time_delta_sensor_async to None, run_after=None
[2026-03-18T08:14:38.769+0000] {processor.py:208} INFO - Processing /home/komal/data-engineering-projects/airflow-spark-pipeline/airflow_venv/lib/python3.11/site-packages/airflow/example_dags/example_time_delta_sensor_async.py took 0.138 seconds
[2026-03-18T08:15:42.749+0000] {processor.py:186} INFO - Started process (PID=35798) to work on /home/komal/data-engineering-projects/airflow-spark-pipeline/airflow_venv/lib/python3.11/site-packages/airflow/example_dags/example_time_delta_sensor_async.py
[2026-03-18T08:15:42.780+0000] {processor.py:914} INFO - Processing file /home/komal/data-engineering-projects/airflow-spark-pipeline/airflow_venv/lib/python3.11/site-packages/airflow/example_dags/example_time_delta_sensor_async.py for tasks to queue
[2026-03-18T08:15:42.783+0000] {logging_mixin.py:190} INFO - [2026-03-18T08:15:42.782+0000] {dagbag.py:588} INFO - Filling up the DagBag from /home/komal/data-engineering-projects/airflow-spark-pipeline/airflow_venv/lib/python3.11/site-packages/airflow/example_dags/example_time_delta_sensor_async.py
[2026-03-18T08:15:42.792+0000] {processor.py:925} INFO - DAG(s) 'example_time_delta_sensor_async' retrieved from /home/komal/data-engineering-projects/airflow-spark-pipeline/airflow_venv/lib/python3.11/site-packages/airflow/example_dags/example_time_delta_sensor_async.py
[2026-03-18T08:15:42.810+0000] {logging_mixin.py:190} INFO - [2026-03-18T08:15:42.810+0000] {dag.py:3239} INFO - Sync 1 DAGs
[2026-03-18T08:15:42.825+0000] {logging_mixin.py:190} INFO - [2026-03-18T08:15:42.824+0000] {dag.py:4180} INFO - Setting next_dagrun for example_time_delta_sensor_async to None, run_after=None
[2026-03-18T08:15:42.855+0000] {processor.py:208} INFO - Processing /home/komal/data-engineering-projects/airflow-spark-pipeline/airflow_venv/lib/python3.11/site-packages/airflow/example_dags/example_time_delta_sensor_async.py took 0.113 seconds
[2026-03-18T08:16:54.514+0000] {processor.py:186} INFO - Started process (PID=35863) to work on /home/komal/data-engineering-projects/airflow-spark-pipeline/airflow_venv/lib/python3.11/site-packages/airflow/example_dags/example_time_delta_sensor_async.py
[2026-03-18T08:16:54.547+0000] {processor.py:914} INFO - Processing file /home/komal/data-engineering-projects/airflow-spark-pipeline/airflow_venv/lib/python3.11/site-packages/airflow/example_dags/example_time_delta_sensor_async.py for tasks to queue
[2026-03-18T08:16:54.550+0000] {logging_mixin.py:190} INFO - [2026-03-18T08:16:54.549+0000] {dagbag.py:588} INFO - Filling up the DagBag from /home/komal/data-engineering-projects/airflow-spark-pipeline/airflow_venv/lib/python3.11/site-packages/airflow/example_dags/example_time_delta_sensor_async.py
[2026-03-18T08:16:54.558+0000] {processor.py:925} INFO - DAG(s) 'example_time_delta_sensor_async' retrieved from /home/komal/data-engineering-projects/airflow-spark-pipeline/airflow_venv/lib/python3.11/site-packages/airflow/example_dags/example_time_delta_sensor_async.py
[2026-03-18T08:16:54.575+0000] {logging_mixin.py:190} INFO - [2026-03-18T08:16:54.575+0000] {dag.py:3239} INFO - Sync 1 DAGs
[2026-03-18T08:16:54.592+0000] {logging_mixin.py:190} INFO - [2026-03-18T08:16:54.592+0000] {dag.py:4180} INFO - Setting next_dagrun for example_time_delta_sensor_async to None, run_after=None
[2026-03-18T08:16:54.624+0000] {processor.py:208} INFO - Processing /home/komal/data-engineering-projects/airflow-spark-pipeline/airflow_venv/lib/python3.11/site-packages/airflow/example_dags/example_time_delta_sensor_async.py took 0.118 seconds
[2026-03-18T08:18:09.898+0000] {processor.py:186} INFO - Started process (PID=35935) to work on /home/komal/data-engineering-projects/airflow-spark-pipeline/airflow_venv/lib/python3.11/site-packages/airflow/example_dags/example_time_delta_sensor_async.py
[2026-03-18T08:18:09.931+0000] {processor.py:914} INFO - Processing file /home/komal/data-engineering-projects/airflow-spark-pipeline/airflow_venv/lib/python3.11/site-packages/airflow/example_dags/example_time_delta_sensor_async.py for tasks to queue
[2026-03-18T08:18:09.936+0000] {logging_mixin.py:190} INFO - [2026-03-18T08:18:09.935+0000] {dagbag.py:588} INFO - Filling up the DagBag from /home/komal/data-engineering-projects/airflow-spark-pipeline/airflow_venv/lib/python3.11/site-packages/airflow/example_dags/example_time_delta_sensor_async.py
[2026-03-18T08:18:09.948+0000] {processor.py:925} INFO - DAG(s) 'example_time_delta_sensor_async' retrieved from /home/komal/data-engineering-projects/airflow-spark-pipeline/airflow_venv/lib/python3.11/site-packages/airflow/example_dags/example_time_delta_sensor_async.py
[2026-03-18T08:18:09.967+0000] {logging_mixin.py:190} INFO - [2026-03-18T08:18:09.967+0000] {dag.py:3239} INFO - Sync 1 DAGs
[2026-03-18T08:18:09.983+0000] {logging_mixin.py:190} INFO - [2026-03-18T08:18:09.983+0000] {dag.py:4180} INFO - Setting next_dagrun for example_time_delta_sensor_async to None, run_after=None
[2026-03-18T08:18:10.032+0000] {processor.py:208} INFO - Processing /home/komal/data-engineering-projects/airflow-spark-pipeline/airflow_venv/lib/python3.11/site-packages/airflow/example_dags/example_time_delta_sensor_async.py took 0.144 seconds
[2026-03-18T08:19:17.879+0000] {processor.py:186} INFO - Started process (PID=36010) to work on /home/komal/data-engineering-projects/airflow-spark-pipeline/airflow_venv/lib/python3.11/site-packages/airflow/example_dags/example_time_delta_sensor_async.py
[2026-03-18T08:19:17.880+0000] {processor.py:914} INFO - Processing file /home/komal/data-engineering-projects/airflow-spark-pipeline/airflow_venv/lib/python3.11/site-packages/airflow/example_dags/example_time_delta_sensor_async.py for tasks to queue
[2026-03-18T08:19:17.882+0000] {logging_mixin.py:190} INFO - [2026-03-18T08:19:17.882+0000] {dagbag.py:588} INFO - Filling up the DagBag from /home/komal/data-engineering-projects/airflow-spark-pipeline/airflow_venv/lib/python3.11/site-packages/airflow/example_dags/example_time_delta_sensor_async.py
[2026-03-18T08:19:17.887+0000] {processor.py:925} INFO - DAG(s) 'example_time_delta_sensor_async' retrieved from /home/komal/data-engineering-projects/airflow-spark-pipeline/airflow_venv/lib/python3.11/site-packages/airflow/example_dags/example_time_delta_sensor_async.py
[2026-03-18T08:19:17.897+0000] {logging_mixin.py:190} INFO - [2026-03-18T08:19:17.896+0000] {dag.py:3239} INFO - Sync 1 DAGs
[2026-03-18T08:19:17.905+0000] {logging_mixin.py:190} INFO - [2026-03-18T08:19:17.905+0000] {dag.py:4180} INFO - Setting next_dagrun for example_time_delta_sensor_async to None, run_after=None
[2026-03-18T08:19:18.018+0000] {processor.py:208} INFO - Processing /home/komal/data-engineering-projects/airflow-spark-pipeline/airflow_venv/lib/python3.11/site-packages/airflow/example_dags/example_time_delta_sensor_async.py took 0.143 seconds
[2026-03-18T08:20:19.776+0000] {processor.py:186} INFO - Started process (PID=36075) to work on /home/komal/data-engineering-projects/airflow-spark-pipeline/airflow_venv/lib/python3.11/site-packages/airflow/example_dags/example_time_delta_sensor_async.py
[2026-03-18T08:20:19.779+0000] {processor.py:914} INFO - Processing file /home/komal/data-engineering-projects/airflow-spark-pipeline/airflow_venv/lib/python3.11/site-packages/airflow/example_dags/example_time_delta_sensor_async.py for tasks to queue
[2026-03-18T08:20:19.780+0000] {logging_mixin.py:190} INFO - [2026-03-18T08:20:19.780+0000] {dagbag.py:588} INFO - Filling up the DagBag from /home/komal/data-engineering-projects/airflow-spark-pipeline/airflow_venv/lib/python3.11/site-packages/airflow/example_dags/example_time_delta_sensor_async.py
[2026-03-18T08:20:19.787+0000] {processor.py:925} INFO - DAG(s) 'example_time_delta_sensor_async' retrieved from /home/komal/data-engineering-projects/airflow-spark-pipeline/airflow_venv/lib/python3.11/site-packages/airflow/example_dags/example_time_delta_sensor_async.py
[2026-03-18T08:20:19.802+0000] {logging_mixin.py:190} INFO - [2026-03-18T08:20:19.802+0000] {dag.py:3239} INFO - Sync 1 DAGs
[2026-03-18T08:20:19.811+0000] {logging_mixin.py:190} INFO - [2026-03-18T08:20:19.811+0000] {dag.py:4180} INFO - Setting next_dagrun for example_time_delta_sensor_async to None, run_after=None
[2026-03-18T08:20:19.830+0000] {processor.py:208} INFO - Processing /home/komal/data-engineering-projects/airflow-spark-pipeline/airflow_venv/lib/python3.11/site-packages/airflow/example_dags/example_time_delta_sensor_async.py took 0.058 seconds
[2026-03-18T13:40:59.152+0000] {processor.py:186} INFO - Started process (PID=36120) to work on /home/komal/data-engineering-projects/airflow-spark-pipeline/airflow_venv/lib/python3.11/site-packages/airflow/example_dags/example_time_delta_sensor_async.py
[2026-03-18T13:40:59.186+0000] {processor.py:914} INFO - Processing file /home/komal/data-engineering-projects/airflow-spark-pipeline/airflow_venv/lib/python3.11/site-packages/airflow/example_dags/example_time_delta_sensor_async.py for tasks to queue
[2026-03-18T13:40:59.191+0000] {logging_mixin.py:190} INFO - [2026-03-18T13:40:59.190+0000] {dagbag.py:588} INFO - Filling up the DagBag from /home/komal/data-engineering-projects/airflow-spark-pipeline/airflow_venv/lib/python3.11/site-packages/airflow/example_dags/example_time_delta_sensor_async.py
[2026-03-18T13:40:59.203+0000] {processor.py:925} INFO - DAG(s) 'example_time_delta_sensor_async' retrieved from /home/komal/data-engineering-projects/airflow-spark-pipeline/airflow_venv/lib/python3.11/site-packages/airflow/example_dags/example_time_delta_sensor_async.py
[2026-03-18T13:40:59.220+0000] {logging_mixin.py:190} INFO - [2026-03-18T13:40:59.219+0000] {dag.py:3239} INFO - Sync 1 DAGs
[2026-03-18T13:40:59.238+0000] {logging_mixin.py:190} INFO - [2026-03-18T13:40:59.237+0000] {dag.py:4180} INFO - Setting next_dagrun for example_time_delta_sensor_async to None, run_after=None
[2026-03-18T13:40:59.261+0000] {processor.py:208} INFO - Processing /home/komal/data-engineering-projects/airflow-spark-pipeline/airflow_venv/lib/python3.11/site-packages/airflow/example_dags/example_time_delta_sensor_async.py took 0.116 seconds
[2026-03-18T13:41:57.141+0000] {processor.py:186} INFO - Started process (PID=36179) to work on /home/komal/data-engineering-projects/airflow-spark-pipeline/airflow_venv/lib/python3.11/site-packages/airflow/example_dags/example_time_delta_sensor_async.py
[2026-03-18T13:41:57.159+0000] {processor.py:914} INFO - Processing file /home/komal/data-engineering-projects/airflow-spark-pipeline/airflow_venv/lib/python3.11/site-packages/airflow/example_dags/example_time_delta_sensor_async.py for tasks to queue
[2026-03-18T13:41:57.163+0000] {logging_mixin.py:190} INFO - [2026-03-18T13:41:57.163+0000] {dagbag.py:588} INFO - Filling up the DagBag from /home/komal/data-engineering-projects/airflow-spark-pipeline/airflow_venv/lib/python3.11/site-packages/airflow/example_dags/example_time_delta_sensor_async.py
[2026-03-18T13:41:57.176+0000] {processor.py:925} INFO - DAG(s) 'example_time_delta_sensor_async' retrieved from /home/komal/data-engineering-projects/airflow-spark-pipeline/airflow_venv/lib/python3.11/site-packages/airflow/example_dags/example_time_delta_sensor_async.py
[2026-03-18T13:41:57.191+0000] {logging_mixin.py:190} INFO - [2026-03-18T13:41:57.191+0000] {dag.py:3239} INFO - Sync 1 DAGs
[2026-03-18T13:41:57.200+0000] {logging_mixin.py:190} INFO - [2026-03-18T13:41:57.200+0000] {dag.py:4180} INFO - Setting next_dagrun for example_time_delta_sensor_async to None, run_after=None
[2026-03-18T13:41:57.234+0000] {processor.py:208} INFO - Processing /home/komal/data-engineering-projects/airflow-spark-pipeline/airflow_venv/lib/python3.11/site-packages/airflow/example_dags/example_time_delta_sensor_async.py took 0.106 seconds
[2026-03-18T13:42:59.292+0000] {processor.py:186} INFO - Started process (PID=36273) to work on /home/komal/data-engineering-projects/airflow-spark-pipeline/airflow_venv/lib/python3.11/site-packages/airflow/example_dags/example_time_delta_sensor_async.py
[2026-03-18T13:42:59.328+0000] {processor.py:914} INFO - Processing file /home/komal/data-engineering-projects/airflow-spark-pipeline/airflow_venv/lib/python3.11/site-packages/airflow/example_dags/example_time_delta_sensor_async.py for tasks to queue
[2026-03-18T13:42:59.331+0000] {logging_mixin.py:190} INFO - [2026-03-18T13:42:59.330+0000] {dagbag.py:588} INFO - Filling up the DagBag from /home/komal/data-engineering-projects/airflow-spark-pipeline/airflow_venv/lib/python3.11/site-packages/airflow/example_dags/example_time_delta_sensor_async.py
[2026-03-18T13:42:59.336+0000] {processor.py:925} INFO - DAG(s) 'example_time_delta_sensor_async' retrieved from /home/komal/data-engineering-projects/airflow-spark-pipeline/airflow_venv/lib/python3.11/site-packages/airflow/example_dags/example_time_delta_sensor_async.py
[2026-03-18T13:42:59.506+0000] {logging_mixin.py:190} INFO - [2026-03-18T13:42:59.505+0000] {dag.py:3239} INFO - Sync 1 DAGs
[2026-03-18T13:42:59.567+0000] {logging_mixin.py:190} INFO - [2026-03-18T13:42:59.567+0000] {dag.py:4180} INFO - Setting next_dagrun for example_time_delta_sensor_async to None, run_after=None
[2026-03-18T13:42:59.627+0000] {processor.py:208} INFO - Processing /home/komal/data-engineering-projects/airflow-spark-pipeline/airflow_venv/lib/python3.11/site-packages/airflow/example_dags/example_time_delta_sensor_async.py took 0.340 seconds
[2026-03-18T13:44:06.677+0000] {processor.py:186} INFO - Started process (PID=36339) to work on /home/komal/data-engineering-projects/airflow-spark-pipeline/airflow_venv/lib/python3.11/site-packages/airflow/example_dags/example_time_delta_sensor_async.py
[2026-03-18T13:44:06.708+0000] {processor.py:914} INFO - Processing file /home/komal/data-engineering-projects/airflow-spark-pipeline/airflow_venv/lib/python3.11/site-packages/airflow/example_dags/example_time_delta_sensor_async.py for tasks to queue
[2026-03-18T13:44:06.710+0000] {logging_mixin.py:190} INFO - [2026-03-18T13:44:06.709+0000] {dagbag.py:588} INFO - Filling up the DagBag from /home/komal/data-engineering-projects/airflow-spark-pipeline/airflow_venv/lib/python3.11/site-packages/airflow/example_dags/example_time_delta_sensor_async.py
[2026-03-18T13:44:06.716+0000] {processor.py:925} INFO - DAG(s) 'example_time_delta_sensor_async' retrieved from /home/komal/data-engineering-projects/airflow-spark-pipeline/airflow_venv/lib/python3.11/site-packages/airflow/example_dags/example_time_delta_sensor_async.py
[2026-03-18T13:44:06.732+0000] {logging_mixin.py:190} INFO - [2026-03-18T13:44:06.732+0000] {dag.py:3239} INFO - Sync 1 DAGs
[2026-03-18T13:44:06.744+0000] {logging_mixin.py:190} INFO - [2026-03-18T13:44:06.744+0000] {dag.py:4180} INFO - Setting next_dagrun for example_time_delta_sensor_async to None, run_after=None
[2026-03-18T13:44:06.771+0000] {processor.py:208} INFO - Processing /home/komal/data-engineering-projects/airflow-spark-pipeline/airflow_venv/lib/python3.11/site-packages/airflow/example_dags/example_time_delta_sensor_async.py took 0.110 seconds
[2026-03-18T13:45:14.526+0000] {processor.py:186} INFO - Started process (PID=36403) to work on /home/komal/data-engineering-projects/airflow-spark-pipeline/airflow_venv/lib/python3.11/site-packages/airflow/example_dags/example_time_delta_sensor_async.py
[2026-03-18T13:45:14.529+0000] {processor.py:914} INFO - Processing file /home/komal/data-engineering-projects/airflow-spark-pipeline/airflow_venv/lib/python3.11/site-packages/airflow/example_dags/example_time_delta_sensor_async.py for tasks to queue
[2026-03-18T13:45:14.539+0000] {logging_mixin.py:190} INFO - [2026-03-18T13:45:14.538+0000] {dagbag.py:588} INFO - Filling up the DagBag from /home/komal/data-engineering-projects/airflow-spark-pipeline/airflow_venv/lib/python3.11/site-packages/airflow/example_dags/example_time_delta_sensor_async.py
[2026-03-18T13:45:14.554+0000] {processor.py:925} INFO - DAG(s) 'example_time_delta_sensor_async' retrieved from /home/komal/data-engineering-projects/airflow-spark-pipeline/airflow_venv/lib/python3.11/site-packages/airflow/example_dags/example_time_delta_sensor_async.py
[2026-03-18T13:45:14.569+0000] {logging_mixin.py:190} INFO - [2026-03-18T13:45:14.568+0000] {dag.py:3239} INFO - Sync 1 DAGs
[2026-03-18T13:45:14.578+0000] {logging_mixin.py:190} INFO - [2026-03-18T13:45:14.578+0000] {dag.py:4180} INFO - Setting next_dagrun for example_time_delta_sensor_async to None, run_after=None
[2026-03-18T13:45:14.608+0000] {processor.py:208} INFO - Processing /home/komal/data-engineering-projects/airflow-spark-pipeline/airflow_venv/lib/python3.11/site-packages/airflow/example_dags/example_time_delta_sensor_async.py took 0.102 seconds
[2026-03-18T13:46:23.573+0000] {processor.py:186} INFO - Started process (PID=36470) to work on /home/komal/data-engineering-projects/airflow-spark-pipeline/airflow_venv/lib/python3.11/site-packages/airflow/example_dags/example_time_delta_sensor_async.py
[2026-03-18T13:46:23.606+0000] {processor.py:914} INFO - Processing file /home/komal/data-engineering-projects/airflow-spark-pipeline/airflow_venv/lib/python3.11/site-packages/airflow/example_dags/example_time_delta_sensor_async.py for tasks to queue
[2026-03-18T13:46:23.612+0000] {logging_mixin.py:190} INFO - [2026-03-18T13:46:23.611+0000] {dagbag.py:588} INFO - Filling up the DagBag from /home/komal/data-engineering-projects/airflow-spark-pipeline/airflow_venv/lib/python3.11/site-packages/airflow/example_dags/example_time_delta_sensor_async.py
[2026-03-18T13:46:23.622+0000] {processor.py:925} INFO - DAG(s) 'example_time_delta_sensor_async' retrieved from /home/komal/data-engineering-projects/airflow-spark-pipeline/airflow_venv/lib/python3.11/site-packages/airflow/example_dags/example_time_delta_sensor_async.py
[2026-03-18T13:46:23.635+0000] {logging_mixin.py:190} INFO - [2026-03-18T13:46:23.635+0000] {dag.py:3239} INFO - Sync 1 DAGs
[2026-03-18T13:46:23.643+0000] {logging_mixin.py:190} INFO - [2026-03-18T13:46:23.643+0000] {dag.py:4180} INFO - Setting next_dagrun for example_time_delta_sensor_async to None, run_after=None
[2026-03-18T13:46:23.668+0000] {processor.py:208} INFO - Processing /home/komal/data-engineering-projects/airflow-spark-pipeline/airflow_venv/lib/python3.11/site-packages/airflow/example_dags/example_time_delta_sensor_async.py took 0.107 seconds
[2026-03-18T13:47:24.720+0000] {processor.py:186} INFO - Started process (PID=36531) to work on /home/komal/data-engineering-projects/airflow-spark-pipeline/airflow_venv/lib/python3.11/site-packages/airflow/example_dags/example_time_delta_sensor_async.py
[2026-03-18T13:47:24.738+0000] {processor.py:914} INFO - Processing file /home/komal/data-engineering-projects/airflow-spark-pipeline/airflow_venv/lib/python3.11/site-packages/airflow/example_dags/example_time_delta_sensor_async.py for tasks to queue
[2026-03-18T13:47:24.743+0000] {logging_mixin.py:190} INFO - [2026-03-18T13:47:24.743+0000] {dagbag.py:588} INFO - Filling up the DagBag from /home/komal/data-engineering-projects/airflow-spark-pipeline/airflow_venv/lib/python3.11/site-packages/airflow/example_dags/example_time_delta_sensor_async.py
[2026-03-18T13:47:24.755+0000] {processor.py:925} INFO - DAG(s) 'example_time_delta_sensor_async' retrieved from /home/komal/data-engineering-projects/airflow-spark-pipeline/airflow_venv/lib/python3.11/site-packages/airflow/example_dags/example_time_delta_sensor_async.py
[2026-03-18T13:47:24.771+0000] {logging_mixin.py:190} INFO - [2026-03-18T13:47:24.771+0000] {dag.py:3239} INFO - Sync 1 DAGs
[2026-03-18T13:47:24.778+0000] {logging_mixin.py:190} INFO - [2026-03-18T13:47:24.778+0000] {dag.py:4180} INFO - Setting next_dagrun for example_time_delta_sensor_async to None, run_after=None
[2026-03-18T13:47:24.801+0000] {processor.py:208} INFO - Processing /home/komal/data-engineering-projects/airflow-spark-pipeline/airflow_venv/lib/python3.11/site-packages/airflow/example_dags/example_time_delta_sensor_async.py took 0.092 seconds
[2026-03-18T13:48:33.071+0000] {processor.py:186} INFO - Started process (PID=36594) to work on /home/komal/data-engineering-projects/airflow-spark-pipeline/airflow_venv/lib/python3.11/site-packages/airflow/example_dags/example_time_delta_sensor_async.py
[2026-03-18T13:48:33.074+0000] {processor.py:914} INFO - Processing file /home/komal/data-engineering-projects/airflow-spark-pipeline/airflow_venv/lib/python3.11/site-packages/airflow/example_dags/example_time_delta_sensor_async.py for tasks to queue
[2026-03-18T13:48:33.077+0000] {logging_mixin.py:190} INFO - [2026-03-18T13:48:33.077+0000] {dagbag.py:588} INFO - Filling up the DagBag from /home/komal/data-engineering-projects/airflow-spark-pipeline/airflow_venv/lib/python3.11/site-packages/airflow/example_dags/example_time_delta_sensor_async.py
[2026-03-18T13:48:33.087+0000] {processor.py:925} INFO - DAG(s) 'example_time_delta_sensor_async' retrieved from /home/komal/data-engineering-projects/airflow-spark-pipeline/airflow_venv/lib/python3.11/site-packages/airflow/example_dags/example_time_delta_sensor_async.py
[2026-03-18T13:48:33.100+0000] {logging_mixin.py:190} INFO - [2026-03-18T13:48:33.100+0000] {dag.py:3239} INFO - Sync 1 DAGs
[2026-03-18T13:48:33.107+0000] {logging_mixin.py:190} INFO - [2026-03-18T13:48:33.107+0000] {dag.py:4180} INFO - Setting next_dagrun for example_time_delta_sensor_async to None, run_after=None
[2026-03-18T13:48:33.138+0000] {processor.py:208} INFO - Processing /home/komal/data-engineering-projects/airflow-spark-pipeline/airflow_venv/lib/python3.11/site-packages/airflow/example_dags/example_time_delta_sensor_async.py took 0.078 seconds
[2026-03-18T13:49:36.615+0000] {processor.py:186} INFO - Started process (PID=36656) to work on /home/komal/data-engineering-projects/airflow-spark-pipeline/airflow_venv/lib/python3.11/site-packages/airflow/example_dags/example_time_delta_sensor_async.py
[2026-03-18T13:49:36.647+0000] {processor.py:914} INFO - Processing file /home/komal/data-engineering-projects/airflow-spark-pipeline/airflow_venv/lib/python3.11/site-packages/airflow/example_dags/example_time_delta_sensor_async.py for tasks to queue
[2026-03-18T13:49:36.652+0000] {logging_mixin.py:190} INFO - [2026-03-18T13:49:36.651+0000] {dagbag.py:588} INFO - Filling up the DagBag from /home/komal/data-engineering-projects/airflow-spark-pipeline/airflow_venv/lib/python3.11/site-packages/airflow/example_dags/example_time_delta_sensor_async.py
[2026-03-18T13:49:36.660+0000] {processor.py:925} INFO - DAG(s) 'example_time_delta_sensor_async' retrieved from /home/komal/data-engineering-projects/airflow-spark-pipeline/airflow_venv/lib/python3.11/site-packages/airflow/example_dags/example_time_delta_sensor_async.py
[2026-03-18T13:49:36.684+0000] {logging_mixin.py:190} INFO - [2026-03-18T13:49:36.683+0000] {dag.py:3239} INFO - Sync 1 DAGs
[2026-03-18T13:49:36.694+0000] {logging_mixin.py:190} INFO - [2026-03-18T13:49:36.694+0000] {dag.py:4180} INFO - Setting next_dagrun for example_time_delta_sensor_async to None, run_after=None
[2026-03-18T13:49:36.715+0000] {processor.py:208} INFO - Processing /home/komal/data-engineering-projects/airflow-spark-pipeline/airflow_venv/lib/python3.11/site-packages/airflow/example_dags/example_time_delta_sensor_async.py took 0.106 seconds
[2026-03-18T13:50:41.306+0000] {processor.py:186} INFO - Started process (PID=36719) to work on /home/komal/data-engineering-projects/airflow-spark-pipeline/airflow_venv/lib/python3.11/site-packages/airflow/example_dags/example_time_delta_sensor_async.py
[2026-03-18T13:50:41.308+0000] {processor.py:914} INFO - Processing file /home/komal/data-engineering-projects/airflow-spark-pipeline/airflow_venv/lib/python3.11/site-packages/airflow/example_dags/example_time_delta_sensor_async.py for tasks to queue
[2026-03-18T13:50:41.310+0000] {logging_mixin.py:190} INFO - [2026-03-18T13:50:41.309+0000] {dagbag.py:588} INFO - Filling up the DagBag from /home/komal/data-engineering-projects/airflow-spark-pipeline/airflow_venv/lib/python3.11/site-packages/airflow/example_dags/example_time_delta_sensor_async.py
[2026-03-18T13:50:41.315+0000] {processor.py:925} INFO - DAG(s) 'example_time_delta_sensor_async' retrieved from /home/komal/data-engineering-projects/airflow-spark-pipeline/airflow_venv/lib/python3.11/site-packages/airflow/example_dags/example_time_delta_sensor_async.py
[2026-03-18T13:50:41.326+0000] {logging_mixin.py:190} INFO - [2026-03-18T13:50:41.326+0000] {dag.py:3239} INFO - Sync 1 DAGs
[2026-03-18T13:50:41.335+0000] {logging_mixin.py:190} INFO - [2026-03-18T13:50:41.335+0000] {dag.py:4180} INFO - Setting next_dagrun for example_time_delta_sensor_async to None, run_after=None
[2026-03-18T13:50:41.357+0000] {processor.py:208} INFO - Processing /home/komal/data-engineering-projects/airflow-spark-pipeline/airflow_venv/lib/python3.11/site-packages/airflow/example_dags/example_time_delta_sensor_async.py took 0.056 seconds
[2026-03-18T13:51:48.723+0000] {processor.py:186} INFO - Started process (PID=36786) to work on /home/komal/data-engineering-projects/airflow-spark-pipeline/airflow_venv/lib/python3.11/site-packages/airflow/example_dags/example_time_delta_sensor_async.py
[2026-03-18T13:51:48.757+0000] {processor.py:914} INFO - Processing file /home/komal/data-engineering-projects/airflow-spark-pipeline/airflow_venv/lib/python3.11/site-packages/airflow/example_dags/example_time_delta_sensor_async.py for tasks to queue
[2026-03-18T13:51:48.760+0000] {logging_mixin.py:190} INFO - [2026-03-18T13:51:48.759+0000] {dagbag.py:588} INFO - Filling up the DagBag from /home/komal/data-engineering-projects/airflow-spark-pipeline/airflow_venv/lib/python3.11/site-packages/airflow/example_dags/example_time_delta_sensor_async.py
[2026-03-18T13:51:48.768+0000] {processor.py:925} INFO - DAG(s) 'example_time_delta_sensor_async' retrieved from /home/komal/data-engineering-projects/airflow-spark-pipeline/airflow_venv/lib/python3.11/site-packages/airflow/example_dags/example_time_delta_sensor_async.py
[2026-03-18T13:51:48.780+0000] {logging_mixin.py:190} INFO - [2026-03-18T13:51:48.780+0000] {dag.py:3239} INFO - Sync 1 DAGs
[2026-03-18T13:51:48.788+0000] {logging_mixin.py:190} INFO - [2026-03-18T13:51:48.788+0000] {dag.py:4180} INFO - Setting next_dagrun for example_time_delta_sensor_async to None, run_after=None
[2026-03-18T13:51:48.811+0000] {processor.py:208} INFO - Processing /home/komal/data-engineering-projects/airflow-spark-pipeline/airflow_venv/lib/python3.11/site-packages/airflow/example_dags/example_time_delta_sensor_async.py took 0.094 seconds
[2026-03-18T13:52:51.317+0000] {processor.py:186} INFO - Started process (PID=36848) to work on /home/komal/data-engineering-projects/airflow-spark-pipeline/airflow_venv/lib/python3.11/site-packages/airflow/example_dags/example_time_delta_sensor_async.py
[2026-03-18T13:52:51.348+0000] {processor.py:914} INFO - Processing file /home/komal/data-engineering-projects/airflow-spark-pipeline/airflow_venv/lib/python3.11/site-packages/airflow/example_dags/example_time_delta_sensor_async.py for tasks to queue
[2026-03-18T13:52:51.352+0000] {logging_mixin.py:190} INFO - [2026-03-18T13:52:51.352+0000] {dagbag.py:588} INFO - Filling up the DagBag from /home/komal/data-engineering-projects/airflow-spark-pipeline/airflow_venv/lib/python3.11/site-packages/airflow/example_dags/example_time_delta_sensor_async.py
[2026-03-18T13:52:51.360+0000] {processor.py:925} INFO - DAG(s) 'example_time_delta_sensor_async' retrieved from /home/komal/data-engineering-projects/airflow-spark-pipeline/airflow_venv/lib/python3.11/site-packages/airflow/example_dags/example_time_delta_sensor_async.py
[2026-03-18T13:52:51.370+0000] {logging_mixin.py:190} INFO - [2026-03-18T13:52:51.370+0000] {dag.py:3239} INFO - Sync 1 DAGs
[2026-03-18T13:52:51.378+0000] {logging_mixin.py:190} INFO - [2026-03-18T13:52:51.378+0000] {dag.py:4180} INFO - Setting next_dagrun for example_time_delta_sensor_async to None, run_after=None
[2026-03-18T13:52:51.414+0000] {processor.py:208} INFO - Processing /home/komal/data-engineering-projects/airflow-spark-pipeline/airflow_venv/lib/python3.11/site-packages/airflow/example_dags/example_time_delta_sensor_async.py took 0.101 seconds
[2026-03-18T13:53:59.729+0000] {processor.py:186} INFO - Started process (PID=36911) to work on /home/komal/data-engineering-projects/airflow-spark-pipeline/airflow_venv/lib/python3.11/site-packages/airflow/example_dags/example_time_delta_sensor_async.py
[2026-03-18T13:53:59.762+0000] {processor.py:914} INFO - Processing file /home/komal/data-engineering-projects/airflow-spark-pipeline/airflow_venv/lib/python3.11/site-packages/airflow/example_dags/example_time_delta_sensor_async.py for tasks to queue
[2026-03-18T13:53:59.767+0000] {logging_mixin.py:190} INFO - [2026-03-18T13:53:59.766+0000] {dagbag.py:588} INFO - Filling up the DagBag from /home/komal/data-engineering-projects/airflow-spark-pipeline/airflow_venv/lib/python3.11/site-packages/airflow/example_dags/example_time_delta_sensor_async.py
[2026-03-18T13:53:59.782+0000] {processor.py:925} INFO - DAG(s) 'example_time_delta_sensor_async' retrieved from /home/komal/data-engineering-projects/airflow-spark-pipeline/airflow_venv/lib/python3.11/site-packages/airflow/example_dags/example_time_delta_sensor_async.py
[2026-03-18T13:53:59.813+0000] {logging_mixin.py:190} INFO - [2026-03-18T13:53:59.813+0000] {dag.py:3239} INFO - Sync 1 DAGs
[2026-03-18T13:53:59.834+0000] {logging_mixin.py:190} INFO - [2026-03-18T13:53:59.834+0000] {dag.py:4180} INFO - Setting next_dagrun for example_time_delta_sensor_async to None, run_after=None
[2026-03-18T13:53:59.865+0000] {processor.py:208} INFO - Processing /home/komal/data-engineering-projects/airflow-spark-pipeline/airflow_venv/lib/python3.11/site-packages/airflow/example_dags/example_time_delta_sensor_async.py took 0.143 seconds
[2026-03-18T13:55:08.021+0000] {processor.py:186} INFO - Started process (PID=36976) to work on /home/komal/data-engineering-projects/airflow-spark-pipeline/airflow_venv/lib/python3.11/site-packages/airflow/example_dags/example_time_delta_sensor_async.py
[2026-03-18T13:55:08.023+0000] {processor.py:914} INFO - Processing file /home/komal/data-engineering-projects/airflow-spark-pipeline/airflow_venv/lib/python3.11/site-packages/airflow/example_dags/example_time_delta_sensor_async.py for tasks to queue
[2026-03-18T13:55:08.027+0000] {logging_mixin.py:190} INFO - [2026-03-18T13:55:08.026+0000] {dagbag.py:588} INFO - Filling up the DagBag from /home/komal/data-engineering-projects/airflow-spark-pipeline/airflow_venv/lib/python3.11/site-packages/airflow/example_dags/example_time_delta_sensor_async.py
[2026-03-18T13:55:08.034+0000] {processor.py:925} INFO - DAG(s) 'example_time_delta_sensor_async' retrieved from /home/komal/data-engineering-projects/airflow-spark-pipeline/airflow_venv/lib/python3.11/site-packages/airflow/example_dags/example_time_delta_sensor_async.py
[2026-03-18T13:55:08.044+0000] {logging_mixin.py:190} INFO - [2026-03-18T13:55:08.044+0000] {dag.py:3239} INFO - Sync 1 DAGs
[2026-03-18T13:55:08.051+0000] {logging_mixin.py:190} INFO - [2026-03-18T13:55:08.051+0000] {dag.py:4180} INFO - Setting next_dagrun for example_time_delta_sensor_async to None, run_after=None
[2026-03-18T13:55:08.077+0000] {processor.py:208} INFO - Processing /home/komal/data-engineering-projects/airflow-spark-pipeline/airflow_venv/lib/python3.11/site-packages/airflow/example_dags/example_time_delta_sensor_async.py took 0.066 seconds
[2026-03-18T13:56:12.781+0000] {processor.py:186} INFO - Started process (PID=37039) to work on /home/komal/data-engineering-projects/airflow-spark-pipeline/airflow_venv/lib/python3.11/site-packages/airflow/example_dags/example_time_delta_sensor_async.py
[2026-03-18T13:56:12.784+0000] {processor.py:914} INFO - Processing file /home/komal/data-engineering-projects/airflow-spark-pipeline/airflow_venv/lib/python3.11/site-packages/airflow/example_dags/example_time_delta_sensor_async.py for tasks to queue
[2026-03-18T13:56:12.786+0000] {logging_mixin.py:190} INFO - [2026-03-18T13:56:12.786+0000] {dagbag.py:588} INFO - Filling up the DagBag from /home/komal/data-engineering-projects/airflow-spark-pipeline/airflow_venv/lib/python3.11/site-packages/airflow/example_dags/example_time_delta_sensor_async.py
[2026-03-18T13:56:12.791+0000] {processor.py:925} INFO - DAG(s) 'example_time_delta_sensor_async' retrieved from /home/komal/data-engineering-projects/airflow-spark-pipeline/airflow_venv/lib/python3.11/site-packages/airflow/example_dags/example_time_delta_sensor_async.py
[2026-03-18T13:56:12.801+0000] {logging_mixin.py:190} INFO - [2026-03-18T13:56:12.801+0000] {dag.py:3239} INFO - Sync 1 DAGs
[2026-03-18T13:56:12.808+0000] {logging_mixin.py:190} INFO - [2026-03-18T13:56:12.808+0000] {dag.py:4180} INFO - Setting next_dagrun for example_time_delta_sensor_async to None, run_after=None
[2026-03-18T13:56:12.850+0000] {processor.py:208} INFO - Processing /home/komal/data-engineering-projects/airflow-spark-pipeline/airflow_venv/lib/python3.11/site-packages/airflow/example_dags/example_time_delta_sensor_async.py took 0.078 seconds
[2026-03-18T13:57:20.105+0000] {processor.py:186} INFO - Started process (PID=37105) to work on /home/komal/data-engineering-projects/airflow-spark-pipeline/airflow_venv/lib/python3.11/site-packages/airflow/example_dags/example_time_delta_sensor_async.py
[2026-03-18T13:57:20.136+0000] {processor.py:914} INFO - Processing file /home/komal/data-engineering-projects/airflow-spark-pipeline/airflow_venv/lib/python3.11/site-packages/airflow/example_dags/example_time_delta_sensor_async.py for tasks to queue
[2026-03-18T13:57:20.140+0000] {logging_mixin.py:190} INFO - [2026-03-18T13:57:20.140+0000] {dagbag.py:588} INFO - Filling up the DagBag from /home/komal/data-engineering-projects/airflow-spark-pipeline/airflow_venv/lib/python3.11/site-packages/airflow/example_dags/example_time_delta_sensor_async.py
[2026-03-18T13:57:20.153+0000] {processor.py:925} INFO - DAG(s) 'example_time_delta_sensor_async' retrieved from /home/komal/data-engineering-projects/airflow-spark-pipeline/airflow_venv/lib/python3.11/site-packages/airflow/example_dags/example_time_delta_sensor_async.py
[2026-03-18T13:57:20.166+0000] {logging_mixin.py:190} INFO - [2026-03-18T13:57:20.165+0000] {dag.py:3239} INFO - Sync 1 DAGs
[2026-03-18T13:57:20.173+0000] {logging_mixin.py:190} INFO - [2026-03-18T13:57:20.173+0000] {dag.py:4180} INFO - Setting next_dagrun for example_time_delta_sensor_async to None, run_after=None
[2026-03-18T13:57:20.354+0000] {processor.py:208} INFO - Processing /home/komal/data-engineering-projects/airflow-spark-pipeline/airflow_venv/lib/python3.11/site-packages/airflow/example_dags/example_time_delta_sensor_async.py took 0.258 seconds
[2026-03-18T13:58:31.979+0000] {processor.py:186} INFO - Started process (PID=37171) to work on /home/komal/data-engineering-projects/airflow-spark-pipeline/airflow_venv/lib/python3.11/site-packages/airflow/example_dags/example_time_delta_sensor_async.py
[2026-03-18T13:58:31.983+0000] {processor.py:914} INFO - Processing file /home/komal/data-engineering-projects/airflow-spark-pipeline/airflow_venv/lib/python3.11/site-packages/airflow/example_dags/example_time_delta_sensor_async.py for tasks to queue
[2026-03-18T13:58:31.989+0000] {logging_mixin.py:190} INFO - [2026-03-18T13:58:31.989+0000] {dagbag.py:588} INFO - Filling up the DagBag from /home/komal/data-engineering-projects/airflow-spark-pipeline/airflow_venv/lib/python3.11/site-packages/airflow/example_dags/example_time_delta_sensor_async.py
[2026-03-18T13:58:31.995+0000] {processor.py:925} INFO - DAG(s) 'example_time_delta_sensor_async' retrieved from /home/komal/data-engineering-projects/airflow-spark-pipeline/airflow_venv/lib/python3.11/site-packages/airflow/example_dags/example_time_delta_sensor_async.py
[2026-03-18T13:58:32.007+0000] {logging_mixin.py:190} INFO - [2026-03-18T13:58:32.006+0000] {dag.py:3239} INFO - Sync 1 DAGs
[2026-03-18T13:58:32.017+0000] {logging_mixin.py:190} INFO - [2026-03-18T13:58:32.016+0000] {dag.py:4180} INFO - Setting next_dagrun for example_time_delta_sensor_async to None, run_after=None
[2026-03-18T13:58:32.038+0000] {processor.py:208} INFO - Processing /home/komal/data-engineering-projects/airflow-spark-pipeline/airflow_venv/lib/python3.11/site-packages/airflow/example_dags/example_time_delta_sensor_async.py took 0.064 seconds
[2026-03-18T14:01:37.669+0000] {processor.py:186} INFO - Started process (PID=37210) to work on /home/komal/data-engineering-projects/airflow-spark-pipeline/airflow_venv/lib/python3.11/site-packages/airflow/example_dags/example_time_delta_sensor_async.py
[2026-03-18T14:01:37.690+0000] {processor.py:914} INFO - Processing file /home/komal/data-engineering-projects/airflow-spark-pipeline/airflow_venv/lib/python3.11/site-packages/airflow/example_dags/example_time_delta_sensor_async.py for tasks to queue
[2026-03-18T14:01:37.696+0000] {logging_mixin.py:190} INFO - [2026-03-18T14:01:37.695+0000] {dagbag.py:588} INFO - Filling up the DagBag from /home/komal/data-engineering-projects/airflow-spark-pipeline/airflow_venv/lib/python3.11/site-packages/airflow/example_dags/example_time_delta_sensor_async.py
[2026-03-18T14:01:37.715+0000] {processor.py:925} INFO - DAG(s) 'example_time_delta_sensor_async' retrieved from /home/komal/data-engineering-projects/airflow-spark-pipeline/airflow_venv/lib/python3.11/site-packages/airflow/example_dags/example_time_delta_sensor_async.py
[2026-03-18T14:01:37.731+0000] {logging_mixin.py:190} INFO - [2026-03-18T14:01:37.731+0000] {dag.py:3239} INFO - Sync 1 DAGs
[2026-03-18T14:01:37.739+0000] {logging_mixin.py:190} INFO - [2026-03-18T14:01:37.739+0000] {dag.py:4180} INFO - Setting next_dagrun for example_time_delta_sensor_async to None, run_after=None
[2026-03-18T14:01:37.765+0000] {processor.py:208} INFO - Processing /home/komal/data-engineering-projects/airflow-spark-pipeline/airflow_venv/lib/python3.11/site-packages/airflow/example_dags/example_time_delta_sensor_async.py took 0.106 seconds
[2026-03-18T14:02:28.754+0000] {processor.py:186} INFO - Started process (PID=37262) to work on /home/komal/data-engineering-projects/airflow-spark-pipeline/airflow_venv/lib/python3.11/site-packages/airflow/example_dags/example_time_delta_sensor_async.py
[2026-03-18T14:02:28.786+0000] {processor.py:914} INFO - Processing file /home/komal/data-engineering-projects/airflow-spark-pipeline/airflow_venv/lib/python3.11/site-packages/airflow/example_dags/example_time_delta_sensor_async.py for tasks to queue
[2026-03-18T14:02:28.788+0000] {logging_mixin.py:190} INFO - [2026-03-18T14:02:28.788+0000] {dagbag.py:588} INFO - Filling up the DagBag from /home/komal/data-engineering-projects/airflow-spark-pipeline/airflow_venv/lib/python3.11/site-packages/airflow/example_dags/example_time_delta_sensor_async.py
[2026-03-18T14:02:28.794+0000] {processor.py:925} INFO - DAG(s) 'example_time_delta_sensor_async' retrieved from /home/komal/data-engineering-projects/airflow-spark-pipeline/airflow_venv/lib/python3.11/site-packages/airflow/example_dags/example_time_delta_sensor_async.py
[2026-03-18T14:02:28.804+0000] {logging_mixin.py:190} INFO - [2026-03-18T14:02:28.804+0000] {dag.py:3239} INFO - Sync 1 DAGs
[2026-03-18T14:02:28.811+0000] {logging_mixin.py:190} INFO - [2026-03-18T14:02:28.811+0000] {dag.py:4180} INFO - Setting next_dagrun for example_time_delta_sensor_async to None, run_after=None
[2026-03-18T14:02:28.904+0000] {processor.py:208} INFO - Processing /home/komal/data-engineering-projects/airflow-spark-pipeline/airflow_venv/lib/python3.11/site-packages/airflow/example_dags/example_time_delta_sensor_async.py took 0.158 seconds
[2026-03-18T14:03:28.208+0000] {processor.py:186} INFO - Started process (PID=37366) to work on /home/komal/data-engineering-projects/airflow-spark-pipeline/airflow_venv/lib/python3.11/site-packages/airflow/example_dags/example_time_delta_sensor_async.py
[2026-03-18T14:03:28.243+0000] {processor.py:914} INFO - Processing file /home/komal/data-engineering-projects/airflow-spark-pipeline/airflow_venv/lib/python3.11/site-packages/airflow/example_dags/example_time_delta_sensor_async.py for tasks to queue
[2026-03-18T14:03:28.248+0000] {logging_mixin.py:190} INFO - [2026-03-18T14:03:28.247+0000] {dagbag.py:588} INFO - Filling up the DagBag from /home/komal/data-engineering-projects/airflow-spark-pipeline/airflow_venv/lib/python3.11/site-packages/airflow/example_dags/example_time_delta_sensor_async.py
[2026-03-18T14:03:28.257+0000] {processor.py:925} INFO - DAG(s) 'example_time_delta_sensor_async' retrieved from /home/komal/data-engineering-projects/airflow-spark-pipeline/airflow_venv/lib/python3.11/site-packages/airflow/example_dags/example_time_delta_sensor_async.py
[2026-03-18T14:03:28.269+0000] {logging_mixin.py:190} INFO - [2026-03-18T14:03:28.269+0000] {dag.py:3239} INFO - Sync 1 DAGs
[2026-03-18T14:03:28.279+0000] {logging_mixin.py:190} INFO - [2026-03-18T14:03:28.278+0000] {dag.py:4180} INFO - Setting next_dagrun for example_time_delta_sensor_async to None, run_after=None
[2026-03-18T14:03:28.303+0000] {processor.py:208} INFO - Processing /home/komal/data-engineering-projects/airflow-spark-pipeline/airflow_venv/lib/python3.11/site-packages/airflow/example_dags/example_time_delta_sensor_async.py took 0.105 seconds
[2026-03-18T14:04:29.751+0000] {processor.py:186} INFO - Started process (PID=37426) to work on /home/komal/data-engineering-projects/airflow-spark-pipeline/airflow_venv/lib/python3.11/site-packages/airflow/example_dags/example_time_delta_sensor_async.py
[2026-03-18T14:04:29.760+0000] {processor.py:914} INFO - Processing file /home/komal/data-engineering-projects/airflow-spark-pipeline/airflow_venv/lib/python3.11/site-packages/airflow/example_dags/example_time_delta_sensor_async.py for tasks to queue
[2026-03-18T14:04:29.762+0000] {logging_mixin.py:190} INFO - [2026-03-18T14:04:29.762+0000] {dagbag.py:588} INFO - Filling up the DagBag from /home/komal/data-engineering-projects/airflow-spark-pipeline/airflow_venv/lib/python3.11/site-packages/airflow/example_dags/example_time_delta_sensor_async.py
[2026-03-18T14:04:29.766+0000] {processor.py:925} INFO - DAG(s) 'example_time_delta_sensor_async' retrieved from /home/komal/data-engineering-projects/airflow-spark-pipeline/airflow_venv/lib/python3.11/site-packages/airflow/example_dags/example_time_delta_sensor_async.py
[2026-03-18T14:04:29.780+0000] {logging_mixin.py:190} INFO - [2026-03-18T14:04:29.780+0000] {dag.py:3239} INFO - Sync 1 DAGs
[2026-03-18T14:04:29.788+0000] {logging_mixin.py:190} INFO - [2026-03-18T14:04:29.788+0000] {dag.py:4180} INFO - Setting next_dagrun for example_time_delta_sensor_async to None, run_after=None
[2026-03-18T14:04:29.808+0000] {processor.py:208} INFO - Processing /home/komal/data-engineering-projects/airflow-spark-pipeline/airflow_venv/lib/python3.11/site-packages/airflow/example_dags/example_time_delta_sensor_async.py took 0.063 seconds
[2026-03-18T14:05:29.923+0000] {processor.py:186} INFO - Started process (PID=37559) to work on /home/komal/data-engineering-projects/airflow-spark-pipeline/airflow_venv/lib/python3.11/site-packages/airflow/example_dags/example_time_delta_sensor_async.py
[2026-03-18T14:05:29.955+0000] {processor.py:914} INFO - Processing file /home/komal/data-engineering-projects/airflow-spark-pipeline/airflow_venv/lib/python3.11/site-packages/airflow/example_dags/example_time_delta_sensor_async.py for tasks to queue
[2026-03-18T14:05:29.960+0000] {logging_mixin.py:190} INFO - [2026-03-18T14:05:29.959+0000] {dagbag.py:588} INFO - Filling up the DagBag from /home/komal/data-engineering-projects/airflow-spark-pipeline/airflow_venv/lib/python3.11/site-packages/airflow/example_dags/example_time_delta_sensor_async.py
[2026-03-18T14:05:29.971+0000] {processor.py:925} INFO - DAG(s) 'example_time_delta_sensor_async' retrieved from /home/komal/data-engineering-projects/airflow-spark-pipeline/airflow_venv/lib/python3.11/site-packages/airflow/example_dags/example_time_delta_sensor_async.py
[2026-03-18T14:05:29.984+0000] {logging_mixin.py:190} INFO - [2026-03-18T14:05:29.984+0000] {dag.py:3239} INFO - Sync 1 DAGs
[2026-03-18T14:05:29.992+0000] {logging_mixin.py:190} INFO - [2026-03-18T14:05:29.992+0000] {dag.py:4180} INFO - Setting next_dagrun for example_time_delta_sensor_async to None, run_after=None
[2026-03-18T14:05:30.015+0000] {processor.py:208} INFO - Processing /home/komal/data-engineering-projects/airflow-spark-pipeline/airflow_venv/lib/python3.11/site-packages/airflow/example_dags/example_time_delta_sensor_async.py took 0.097 seconds
[2026-03-18T16:34:49.096+0000] {processor.py:186} INFO - Started process (PID=37637) to work on /home/komal/data-engineering-projects/airflow-spark-pipeline/airflow_venv/lib/python3.11/site-packages/airflow/example_dags/example_time_delta_sensor_async.py
[2026-03-18T16:34:49.097+0000] {processor.py:914} INFO - Processing file /home/komal/data-engineering-projects/airflow-spark-pipeline/airflow_venv/lib/python3.11/site-packages/airflow/example_dags/example_time_delta_sensor_async.py for tasks to queue
[2026-03-18T16:34:49.100+0000] {logging_mixin.py:190} INFO - [2026-03-18T16:34:49.099+0000] {dagbag.py:588} INFO - Filling up the DagBag from /home/komal/data-engineering-projects/airflow-spark-pipeline/airflow_venv/lib/python3.11/site-packages/airflow/example_dags/example_time_delta_sensor_async.py
[2026-03-18T16:34:49.108+0000] {processor.py:925} INFO - DAG(s) 'example_time_delta_sensor_async' retrieved from /home/komal/data-engineering-projects/airflow-spark-pipeline/airflow_venv/lib/python3.11/site-packages/airflow/example_dags/example_time_delta_sensor_async.py
[2026-03-18T16:34:49.125+0000] {logging_mixin.py:190} INFO - [2026-03-18T16:34:49.125+0000] {dag.py:3239} INFO - Sync 1 DAGs
[2026-03-18T16:34:49.148+0000] {logging_mixin.py:190} INFO - [2026-03-18T16:34:49.148+0000] {dag.py:4180} INFO - Setting next_dagrun for example_time_delta_sensor_async to None, run_after=None
[2026-03-18T16:34:49.180+0000] {processor.py:208} INFO - Processing /home/komal/data-engineering-projects/airflow-spark-pipeline/airflow_venv/lib/python3.11/site-packages/airflow/example_dags/example_time_delta_sensor_async.py took 0.091 seconds
[2026-03-18T16:36:00.328+0000] {processor.py:186} INFO - Started process (PID=37710) to work on /home/komal/data-engineering-projects/airflow-spark-pipeline/airflow_venv/lib/python3.11/site-packages/airflow/example_dags/example_time_delta_sensor_async.py
[2026-03-18T16:36:00.331+0000] {processor.py:914} INFO - Processing file /home/komal/data-engineering-projects/airflow-spark-pipeline/airflow_venv/lib/python3.11/site-packages/airflow/example_dags/example_time_delta_sensor_async.py for tasks to queue
[2026-03-18T16:36:00.334+0000] {logging_mixin.py:190} INFO - [2026-03-18T16:36:00.334+0000] {dagbag.py:588} INFO - Filling up the DagBag from /home/komal/data-engineering-projects/airflow-spark-pipeline/airflow_venv/lib/python3.11/site-packages/airflow/example_dags/example_time_delta_sensor_async.py
[2026-03-18T16:36:00.341+0000] {processor.py:925} INFO - DAG(s) 'example_time_delta_sensor_async' retrieved from /home/komal/data-engineering-projects/airflow-spark-pipeline/airflow_venv/lib/python3.11/site-packages/airflow/example_dags/example_time_delta_sensor_async.py
[2026-03-18T16:36:00.357+0000] {logging_mixin.py:190} INFO - [2026-03-18T16:36:00.356+0000] {dag.py:3239} INFO - Sync 1 DAGs
[2026-03-18T16:36:00.365+0000] {logging_mixin.py:190} INFO - [2026-03-18T16:36:00.365+0000] {dag.py:4180} INFO - Setting next_dagrun for example_time_delta_sensor_async to None, run_after=None
[2026-03-18T16:36:00.387+0000] {processor.py:208} INFO - Processing /home/komal/data-engineering-projects/airflow-spark-pipeline/airflow_venv/lib/python3.11/site-packages/airflow/example_dags/example_time_delta_sensor_async.py took 0.069 seconds
[2026-03-18T16:37:08.241+0000] {processor.py:186} INFO - Started process (PID=37781) to work on /home/komal/data-engineering-projects/airflow-spark-pipeline/airflow_venv/lib/python3.11/site-packages/airflow/example_dags/example_time_delta_sensor_async.py
[2026-03-18T16:37:08.273+0000] {processor.py:914} INFO - Processing file /home/komal/data-engineering-projects/airflow-spark-pipeline/airflow_venv/lib/python3.11/site-packages/airflow/example_dags/example_time_delta_sensor_async.py for tasks to queue
[2026-03-18T16:37:08.277+0000] {logging_mixin.py:190} INFO - [2026-03-18T16:37:08.277+0000] {dagbag.py:588} INFO - Filling up the DagBag from /home/komal/data-engineering-projects/airflow-spark-pipeline/airflow_venv/lib/python3.11/site-packages/airflow/example_dags/example_time_delta_sensor_async.py
[2026-03-18T16:37:08.287+0000] {processor.py:925} INFO - DAG(s) 'example_time_delta_sensor_async' retrieved from /home/komal/data-engineering-projects/airflow-spark-pipeline/airflow_venv/lib/python3.11/site-packages/airflow/example_dags/example_time_delta_sensor_async.py
[2026-03-18T16:37:08.301+0000] {logging_mixin.py:190} INFO - [2026-03-18T16:37:08.300+0000] {dag.py:3239} INFO - Sync 1 DAGs
[2026-03-18T16:37:08.310+0000] {logging_mixin.py:190} INFO - [2026-03-18T16:37:08.310+0000] {dag.py:4180} INFO - Setting next_dagrun for example_time_delta_sensor_async to None, run_after=None
[2026-03-18T16:37:08.385+0000] {processor.py:208} INFO - Processing /home/komal/data-engineering-projects/airflow-spark-pipeline/airflow_venv/lib/python3.11/site-packages/airflow/example_dags/example_time_delta_sensor_async.py took 0.152 seconds
[2026-03-18T16:38:13.041+0000] {processor.py:186} INFO - Started process (PID=37844) to work on /home/komal/data-engineering-projects/airflow-spark-pipeline/airflow_venv/lib/python3.11/site-packages/airflow/example_dags/example_time_delta_sensor_async.py
[2026-03-18T16:38:13.074+0000] {processor.py:914} INFO - Processing file /home/komal/data-engineering-projects/airflow-spark-pipeline/airflow_venv/lib/python3.11/site-packages/airflow/example_dags/example_time_delta_sensor_async.py for tasks to queue
[2026-03-18T16:38:13.080+0000] {logging_mixin.py:190} INFO - [2026-03-18T16:38:13.079+0000] {dagbag.py:588} INFO - Filling up the DagBag from /home/komal/data-engineering-projects/airflow-spark-pipeline/airflow_venv/lib/python3.11/site-packages/airflow/example_dags/example_time_delta_sensor_async.py
[2026-03-18T16:38:13.093+0000] {processor.py:925} INFO - DAG(s) 'example_time_delta_sensor_async' retrieved from /home/komal/data-engineering-projects/airflow-spark-pipeline/airflow_venv/lib/python3.11/site-packages/airflow/example_dags/example_time_delta_sensor_async.py
[2026-03-18T16:38:13.106+0000] {logging_mixin.py:190} INFO - [2026-03-18T16:38:13.106+0000] {dag.py:3239} INFO - Sync 1 DAGs
[2026-03-18T16:38:13.114+0000] {logging_mixin.py:190} INFO - [2026-03-18T16:38:13.114+0000] {dag.py:4180} INFO - Setting next_dagrun for example_time_delta_sensor_async to None, run_after=None
[2026-03-18T16:38:13.137+0000] {processor.py:208} INFO - Processing /home/komal/data-engineering-projects/airflow-spark-pipeline/airflow_venv/lib/python3.11/site-packages/airflow/example_dags/example_time_delta_sensor_async.py took 0.103 seconds
[2026-03-18T16:39:19.658+0000] {processor.py:186} INFO - Started process (PID=37907) to work on /home/komal/data-engineering-projects/airflow-spark-pipeline/airflow_venv/lib/python3.11/site-packages/airflow/example_dags/example_time_delta_sensor_async.py
[2026-03-18T16:39:19.689+0000] {processor.py:914} INFO - Processing file /home/komal/data-engineering-projects/airflow-spark-pipeline/airflow_venv/lib/python3.11/site-packages/airflow/example_dags/example_time_delta_sensor_async.py for tasks to queue
[2026-03-18T16:39:19.693+0000] {logging_mixin.py:190} INFO - [2026-03-18T16:39:19.693+0000] {dagbag.py:588} INFO - Filling up the DagBag from /home/komal/data-engineering-projects/airflow-spark-pipeline/airflow_venv/lib/python3.11/site-packages/airflow/example_dags/example_time_delta_sensor_async.py
[2026-03-18T16:39:19.703+0000] {processor.py:925} INFO - DAG(s) 'example_time_delta_sensor_async' retrieved from /home/komal/data-engineering-projects/airflow-spark-pipeline/airflow_venv/lib/python3.11/site-packages/airflow/example_dags/example_time_delta_sensor_async.py
[2026-03-18T16:39:19.716+0000] {logging_mixin.py:190} INFO - [2026-03-18T16:39:19.716+0000] {dag.py:3239} INFO - Sync 1 DAGs
[2026-03-18T16:39:19.725+0000] {logging_mixin.py:190} INFO - [2026-03-18T16:39:19.725+0000] {dag.py:4180} INFO - Setting next_dagrun for example_time_delta_sensor_async to None, run_after=None
[2026-03-18T16:39:19.752+0000] {processor.py:208} INFO - Processing /home/komal/data-engineering-projects/airflow-spark-pipeline/airflow_venv/lib/python3.11/site-packages/airflow/example_dags/example_time_delta_sensor_async.py took 0.101 seconds
[2026-03-18T16:40:24.302+0000] {processor.py:186} INFO - Started process (PID=37970) to work on /home/komal/data-engineering-projects/airflow-spark-pipeline/airflow_venv/lib/python3.11/site-packages/airflow/example_dags/example_time_delta_sensor_async.py
[2026-03-18T16:40:24.312+0000] {processor.py:914} INFO - Processing file /home/komal/data-engineering-projects/airflow-spark-pipeline/airflow_venv/lib/python3.11/site-packages/airflow/example_dags/example_time_delta_sensor_async.py for tasks to queue
[2026-03-18T16:40:24.317+0000] {logging_mixin.py:190} INFO - [2026-03-18T16:40:24.316+0000] {dagbag.py:588} INFO - Filling up the DagBag from /home/komal/data-engineering-projects/airflow-spark-pipeline/airflow_venv/lib/python3.11/site-packages/airflow/example_dags/example_time_delta_sensor_async.py
[2026-03-18T16:40:24.327+0000] {processor.py:925} INFO - DAG(s) 'example_time_delta_sensor_async' retrieved from /home/komal/data-engineering-projects/airflow-spark-pipeline/airflow_venv/lib/python3.11/site-packages/airflow/example_dags/example_time_delta_sensor_async.py
[2026-03-18T16:40:24.337+0000] {logging_mixin.py:190} INFO - [2026-03-18T16:40:24.337+0000] {dag.py:3239} INFO - Sync 1 DAGs
[2026-03-18T16:40:24.351+0000] {logging_mixin.py:190} INFO - [2026-03-18T16:40:24.351+0000] {dag.py:4180} INFO - Setting next_dagrun for example_time_delta_sensor_async to None, run_after=None
[2026-03-18T16:40:24.384+0000] {processor.py:208} INFO - Processing /home/komal/data-engineering-projects/airflow-spark-pipeline/airflow_venv/lib/python3.11/site-packages/airflow/example_dags/example_time_delta_sensor_async.py took 0.092 seconds
[2026-03-18T16:41:29.474+0000] {processor.py:186} INFO - Started process (PID=38039) to work on /home/komal/data-engineering-projects/airflow-spark-pipeline/airflow_venv/lib/python3.11/site-packages/airflow/example_dags/example_time_delta_sensor_async.py
[2026-03-18T16:41:29.507+0000] {processor.py:914} INFO - Processing file /home/komal/data-engineering-projects/airflow-spark-pipeline/airflow_venv/lib/python3.11/site-packages/airflow/example_dags/example_time_delta_sensor_async.py for tasks to queue
[2026-03-18T16:41:29.512+0000] {logging_mixin.py:190} INFO - [2026-03-18T16:41:29.511+0000] {dagbag.py:588} INFO - Filling up the DagBag from /home/komal/data-engineering-projects/airflow-spark-pipeline/airflow_venv/lib/python3.11/site-packages/airflow/example_dags/example_time_delta_sensor_async.py
[2026-03-18T16:41:29.522+0000] {processor.py:925} INFO - DAG(s) 'example_time_delta_sensor_async' retrieved from /home/komal/data-engineering-projects/airflow-spark-pipeline/airflow_venv/lib/python3.11/site-packages/airflow/example_dags/example_time_delta_sensor_async.py
[2026-03-18T16:41:29.533+0000] {logging_mixin.py:190} INFO - [2026-03-18T16:41:29.533+0000] {dag.py:3239} INFO - Sync 1 DAGs
[2026-03-18T16:41:29.541+0000] {logging_mixin.py:190} INFO - [2026-03-18T16:41:29.541+0000] {dag.py:4180} INFO - Setting next_dagrun for example_time_delta_sensor_async to None, run_after=None
[2026-03-18T16:41:29.567+0000] {processor.py:208} INFO - Processing /home/komal/data-engineering-projects/airflow-spark-pipeline/airflow_venv/lib/python3.11/site-packages/airflow/example_dags/example_time_delta_sensor_async.py took 0.103 seconds
[2026-03-18T16:42:40.077+0000] {processor.py:186} INFO - Started process (PID=38108) to work on /home/komal/data-engineering-projects/airflow-spark-pipeline/airflow_venv/lib/python3.11/site-packages/airflow/example_dags/example_time_delta_sensor_async.py
[2026-03-18T16:42:40.108+0000] {processor.py:914} INFO - Processing file /home/komal/data-engineering-projects/airflow-spark-pipeline/airflow_venv/lib/python3.11/site-packages/airflow/example_dags/example_time_delta_sensor_async.py for tasks to queue
[2026-03-18T16:42:40.113+0000] {logging_mixin.py:190} INFO - [2026-03-18T16:42:40.113+0000] {dagbag.py:588} INFO - Filling up the DagBag from /home/komal/data-engineering-projects/airflow-spark-pipeline/airflow_venv/lib/python3.11/site-packages/airflow/example_dags/example_time_delta_sensor_async.py
[2026-03-18T16:42:40.125+0000] {processor.py:925} INFO - DAG(s) 'example_time_delta_sensor_async' retrieved from /home/komal/data-engineering-projects/airflow-spark-pipeline/airflow_venv/lib/python3.11/site-packages/airflow/example_dags/example_time_delta_sensor_async.py
[2026-03-18T16:42:40.137+0000] {logging_mixin.py:190} INFO - [2026-03-18T16:42:40.136+0000] {dag.py:3239} INFO - Sync 1 DAGs
[2026-03-18T16:42:40.144+0000] {logging_mixin.py:190} INFO - [2026-03-18T16:42:40.144+0000] {dag.py:4180} INFO - Setting next_dagrun for example_time_delta_sensor_async to None, run_after=None
[2026-03-18T16:42:40.164+0000] {processor.py:208} INFO - Processing /home/komal/data-engineering-projects/airflow-spark-pipeline/airflow_venv/lib/python3.11/site-packages/airflow/example_dags/example_time_delta_sensor_async.py took 0.093 seconds
[2026-03-18T16:43:40.859+0000] {processor.py:186} INFO - Started process (PID=38170) to work on /home/komal/data-engineering-projects/airflow-spark-pipeline/airflow_venv/lib/python3.11/site-packages/airflow/example_dags/example_time_delta_sensor_async.py
[2026-03-18T16:43:40.890+0000] {processor.py:914} INFO - Processing file /home/komal/data-engineering-projects/airflow-spark-pipeline/airflow_venv/lib/python3.11/site-packages/airflow/example_dags/example_time_delta_sensor_async.py for tasks to queue
[2026-03-18T16:43:40.894+0000] {logging_mixin.py:190} INFO - [2026-03-18T16:43:40.893+0000] {dagbag.py:588} INFO - Filling up the DagBag from /home/komal/data-engineering-projects/airflow-spark-pipeline/airflow_venv/lib/python3.11/site-packages/airflow/example_dags/example_time_delta_sensor_async.py
[2026-03-18T16:43:40.902+0000] {processor.py:925} INFO - DAG(s) 'example_time_delta_sensor_async' retrieved from /home/komal/data-engineering-projects/airflow-spark-pipeline/airflow_venv/lib/python3.11/site-packages/airflow/example_dags/example_time_delta_sensor_async.py
[2026-03-18T16:43:40.917+0000] {logging_mixin.py:190} INFO - [2026-03-18T16:43:40.917+0000] {dag.py:3239} INFO - Sync 1 DAGs
[2026-03-18T16:43:40.926+0000] {logging_mixin.py:190} INFO - [2026-03-18T16:43:40.926+0000] {dag.py:4180} INFO - Setting next_dagrun for example_time_delta_sensor_async to None, run_after=None
[2026-03-18T16:43:40.951+0000] {processor.py:208} INFO - Processing /home/komal/data-engineering-projects/airflow-spark-pipeline/airflow_venv/lib/python3.11/site-packages/airflow/example_dags/example_time_delta_sensor_async.py took 0.099 seconds
[2026-03-18T16:44:49.412+0000] {processor.py:186} INFO - Started process (PID=38236) to work on /home/komal/data-engineering-projects/airflow-spark-pipeline/airflow_venv/lib/python3.11/site-packages/airflow/example_dags/example_time_delta_sensor_async.py
[2026-03-18T16:44:49.413+0000] {processor.py:914} INFO - Processing file /home/komal/data-engineering-projects/airflow-spark-pipeline/airflow_venv/lib/python3.11/site-packages/airflow/example_dags/example_time_delta_sensor_async.py for tasks to queue
[2026-03-18T16:44:49.417+0000] {logging_mixin.py:190} INFO - [2026-03-18T16:44:49.415+0000] {dagbag.py:588} INFO - Filling up the DagBag from /home/komal/data-engineering-projects/airflow-spark-pipeline/airflow_venv/lib/python3.11/site-packages/airflow/example_dags/example_time_delta_sensor_async.py
[2026-03-18T16:44:49.427+0000] {processor.py:925} INFO - DAG(s) 'example_time_delta_sensor_async' retrieved from /home/komal/data-engineering-projects/airflow-spark-pipeline/airflow_venv/lib/python3.11/site-packages/airflow/example_dags/example_time_delta_sensor_async.py
[2026-03-18T16:44:49.441+0000] {logging_mixin.py:190} INFO - [2026-03-18T16:44:49.441+0000] {dag.py:3239} INFO - Sync 1 DAGs
[2026-03-18T16:44:49.451+0000] {logging_mixin.py:190} INFO - [2026-03-18T16:44:49.451+0000] {dag.py:4180} INFO - Setting next_dagrun for example_time_delta_sensor_async to None, run_after=None
[2026-03-18T16:44:49.489+0000] {processor.py:208} INFO - Processing /home/komal/data-engineering-projects/airflow-spark-pipeline/airflow_venv/lib/python3.11/site-packages/airflow/example_dags/example_time_delta_sensor_async.py took 0.084 seconds
[2026-03-18T16:45:56.810+0000] {processor.py:186} INFO - Started process (PID=38301) to work on /home/komal/data-engineering-projects/airflow-spark-pipeline/airflow_venv/lib/python3.11/site-packages/airflow/example_dags/example_time_delta_sensor_async.py
[2026-03-18T16:45:56.844+0000] {processor.py:914} INFO - Processing file /home/komal/data-engineering-projects/airflow-spark-pipeline/airflow_venv/lib/python3.11/site-packages/airflow/example_dags/example_time_delta_sensor_async.py for tasks to queue
[2026-03-18T16:45:56.848+0000] {logging_mixin.py:190} INFO - [2026-03-18T16:45:56.848+0000] {dagbag.py:588} INFO - Filling up the DagBag from /home/komal/data-engineering-projects/airflow-spark-pipeline/airflow_venv/lib/python3.11/site-packages/airflow/example_dags/example_time_delta_sensor_async.py
[2026-03-18T16:45:56.860+0000] {processor.py:925} INFO - DAG(s) 'example_time_delta_sensor_async' retrieved from /home/komal/data-engineering-projects/airflow-spark-pipeline/airflow_venv/lib/python3.11/site-packages/airflow/example_dags/example_time_delta_sensor_async.py
[2026-03-18T16:45:56.878+0000] {logging_mixin.py:190} INFO - [2026-03-18T16:45:56.877+0000] {dag.py:3239} INFO - Sync 1 DAGs
[2026-03-18T16:45:56.886+0000] {logging_mixin.py:190} INFO - [2026-03-18T16:45:56.886+0000] {dag.py:4180} INFO - Setting next_dagrun for example_time_delta_sensor_async to None, run_after=None
[2026-03-18T16:45:56.914+0000] {processor.py:208} INFO - Processing /home/komal/data-engineering-projects/airflow-spark-pipeline/airflow_venv/lib/python3.11/site-packages/airflow/example_dags/example_time_delta_sensor_async.py took 0.114 seconds
[2026-03-18T16:47:04.790+0000] {processor.py:186} INFO - Started process (PID=38365) to work on /home/komal/data-engineering-projects/airflow-spark-pipeline/airflow_venv/lib/python3.11/site-packages/airflow/example_dags/example_time_delta_sensor_async.py
[2026-03-18T16:47:04.824+0000] {processor.py:914} INFO - Processing file /home/komal/data-engineering-projects/airflow-spark-pipeline/airflow_venv/lib/python3.11/site-packages/airflow/example_dags/example_time_delta_sensor_async.py for tasks to queue
[2026-03-18T16:47:04.830+0000] {logging_mixin.py:190} INFO - [2026-03-18T16:47:04.829+0000] {dagbag.py:588} INFO - Filling up the DagBag from /home/komal/data-engineering-projects/airflow-spark-pipeline/airflow_venv/lib/python3.11/site-packages/airflow/example_dags/example_time_delta_sensor_async.py
[2026-03-18T16:47:04.841+0000] {processor.py:925} INFO - DAG(s) 'example_time_delta_sensor_async' retrieved from /home/komal/data-engineering-projects/airflow-spark-pipeline/airflow_venv/lib/python3.11/site-packages/airflow/example_dags/example_time_delta_sensor_async.py
[2026-03-18T16:47:04.862+0000] {logging_mixin.py:190} INFO - [2026-03-18T16:47:04.860+0000] {dag.py:3239} INFO - Sync 1 DAGs
[2026-03-18T16:47:04.878+0000] {logging_mixin.py:190} INFO - [2026-03-18T16:47:04.877+0000] {dag.py:4180} INFO - Setting next_dagrun for example_time_delta_sensor_async to None, run_after=None
[2026-03-18T16:47:04.903+0000] {processor.py:208} INFO - Processing /home/komal/data-engineering-projects/airflow-spark-pipeline/airflow_venv/lib/python3.11/site-packages/airflow/example_dags/example_time_delta_sensor_async.py took 0.123 seconds
[2026-03-18T16:48:10.292+0000] {processor.py:186} INFO - Started process (PID=38429) to work on /home/komal/data-engineering-projects/airflow-spark-pipeline/airflow_venv/lib/python3.11/site-packages/airflow/example_dags/example_time_delta_sensor_async.py
[2026-03-18T16:48:10.325+0000] {processor.py:914} INFO - Processing file /home/komal/data-engineering-projects/airflow-spark-pipeline/airflow_venv/lib/python3.11/site-packages/airflow/example_dags/example_time_delta_sensor_async.py for tasks to queue
[2026-03-18T16:48:10.330+0000] {logging_mixin.py:190} INFO - [2026-03-18T16:48:10.329+0000] {dagbag.py:588} INFO - Filling up the DagBag from /home/komal/data-engineering-projects/airflow-spark-pipeline/airflow_venv/lib/python3.11/site-packages/airflow/example_dags/example_time_delta_sensor_async.py
[2026-03-18T16:48:10.339+0000] {processor.py:925} INFO - DAG(s) 'example_time_delta_sensor_async' retrieved from /home/komal/data-engineering-projects/airflow-spark-pipeline/airflow_venv/lib/python3.11/site-packages/airflow/example_dags/example_time_delta_sensor_async.py
[2026-03-18T16:48:10.350+0000] {logging_mixin.py:190} INFO - [2026-03-18T16:48:10.350+0000] {dag.py:3239} INFO - Sync 1 DAGs
[2026-03-18T16:48:10.359+0000] {logging_mixin.py:190} INFO - [2026-03-18T16:48:10.359+0000] {dag.py:4180} INFO - Setting next_dagrun for example_time_delta_sensor_async to None, run_after=None
[2026-03-18T16:48:10.384+0000] {processor.py:208} INFO - Processing /home/komal/data-engineering-projects/airflow-spark-pipeline/airflow_venv/lib/python3.11/site-packages/airflow/example_dags/example_time_delta_sensor_async.py took 0.102 seconds
[2026-03-18T16:49:15.130+0000] {processor.py:186} INFO - Started process (PID=38494) to work on /home/komal/data-engineering-projects/airflow-spark-pipeline/airflow_venv/lib/python3.11/site-packages/airflow/example_dags/example_time_delta_sensor_async.py
[2026-03-18T16:49:15.163+0000] {processor.py:914} INFO - Processing file /home/komal/data-engineering-projects/airflow-spark-pipeline/airflow_venv/lib/python3.11/site-packages/airflow/example_dags/example_time_delta_sensor_async.py for tasks to queue
[2026-03-18T16:49:15.166+0000] {logging_mixin.py:190} INFO - [2026-03-18T16:49:15.166+0000] {dagbag.py:588} INFO - Filling up the DagBag from /home/komal/data-engineering-projects/airflow-spark-pipeline/airflow_venv/lib/python3.11/site-packages/airflow/example_dags/example_time_delta_sensor_async.py
[2026-03-18T16:49:15.183+0000] {processor.py:925} INFO - DAG(s) 'example_time_delta_sensor_async' retrieved from /home/komal/data-engineering-projects/airflow-spark-pipeline/airflow_venv/lib/python3.11/site-packages/airflow/example_dags/example_time_delta_sensor_async.py
[2026-03-18T16:49:15.208+0000] {logging_mixin.py:190} INFO - [2026-03-18T16:49:15.207+0000] {dag.py:3239} INFO - Sync 1 DAGs
[2026-03-18T16:49:15.222+0000] {logging_mixin.py:190} INFO - [2026-03-18T16:49:15.221+0000] {dag.py:4180} INFO - Setting next_dagrun for example_time_delta_sensor_async to None, run_after=None
[2026-03-18T16:49:15.255+0000] {processor.py:208} INFO - Processing /home/komal/data-engineering-projects/airflow-spark-pipeline/airflow_venv/lib/python3.11/site-packages/airflow/example_dags/example_time_delta_sensor_async.py took 0.137 seconds
[2026-03-18T16:51:41.819+0000] {processor.py:186} INFO - Started process (PID=38534) to work on /home/komal/data-engineering-projects/airflow-spark-pipeline/airflow_venv/lib/python3.11/site-packages/airflow/example_dags/example_time_delta_sensor_async.py
[2026-03-18T16:51:41.838+0000] {processor.py:914} INFO - Processing file /home/komal/data-engineering-projects/airflow-spark-pipeline/airflow_venv/lib/python3.11/site-packages/airflow/example_dags/example_time_delta_sensor_async.py for tasks to queue
[2026-03-18T16:51:41.843+0000] {logging_mixin.py:190} INFO - [2026-03-18T16:51:41.842+0000] {dagbag.py:588} INFO - Filling up the DagBag from /home/komal/data-engineering-projects/airflow-spark-pipeline/airflow_venv/lib/python3.11/site-packages/airflow/example_dags/example_time_delta_sensor_async.py
[2026-03-18T16:51:41.851+0000] {processor.py:925} INFO - DAG(s) 'example_time_delta_sensor_async' retrieved from /home/komal/data-engineering-projects/airflow-spark-pipeline/airflow_venv/lib/python3.11/site-packages/airflow/example_dags/example_time_delta_sensor_async.py
[2026-03-18T16:51:41.862+0000] {logging_mixin.py:190} INFO - [2026-03-18T16:51:41.862+0000] {dag.py:3239} INFO - Sync 1 DAGs
[2026-03-18T16:51:41.869+0000] {logging_mixin.py:190} INFO - [2026-03-18T16:51:41.869+0000] {dag.py:4180} INFO - Setting next_dagrun for example_time_delta_sensor_async to None, run_after=None
[2026-03-18T16:51:41.894+0000] {processor.py:208} INFO - Processing /home/komal/data-engineering-projects/airflow-spark-pipeline/airflow_venv/lib/python3.11/site-packages/airflow/example_dags/example_time_delta_sensor_async.py took 0.083 seconds
[2026-03-18T16:52:43.874+0000] {processor.py:186} INFO - Started process (PID=38596) to work on /home/komal/data-engineering-projects/airflow-spark-pipeline/airflow_venv/lib/python3.11/site-packages/airflow/example_dags/example_time_delta_sensor_async.py
[2026-03-18T16:52:43.904+0000] {processor.py:914} INFO - Processing file /home/komal/data-engineering-projects/airflow-spark-pipeline/airflow_venv/lib/python3.11/site-packages/airflow/example_dags/example_time_delta_sensor_async.py for tasks to queue
[2026-03-18T16:52:43.908+0000] {logging_mixin.py:190} INFO - [2026-03-18T16:52:43.907+0000] {dagbag.py:588} INFO - Filling up the DagBag from /home/komal/data-engineering-projects/airflow-spark-pipeline/airflow_venv/lib/python3.11/site-packages/airflow/example_dags/example_time_delta_sensor_async.py
[2026-03-18T16:52:43.916+0000] {processor.py:925} INFO - DAG(s) 'example_time_delta_sensor_async' retrieved from /home/komal/data-engineering-projects/airflow-spark-pipeline/airflow_venv/lib/python3.11/site-packages/airflow/example_dags/example_time_delta_sensor_async.py
[2026-03-18T16:52:43.927+0000] {logging_mixin.py:190} INFO - [2026-03-18T16:52:43.927+0000] {dag.py:3239} INFO - Sync 1 DAGs
[2026-03-18T16:52:43.936+0000] {logging_mixin.py:190} INFO - [2026-03-18T16:52:43.936+0000] {dag.py:4180} INFO - Setting next_dagrun for example_time_delta_sensor_async to None, run_after=None
[2026-03-18T16:52:43.958+0000] {processor.py:208} INFO - Processing /home/komal/data-engineering-projects/airflow-spark-pipeline/airflow_venv/lib/python3.11/site-packages/airflow/example_dags/example_time_delta_sensor_async.py took 0.089 seconds
[2026-03-18T16:53:47.357+0000] {processor.py:186} INFO - Started process (PID=38659) to work on /home/komal/data-engineering-projects/airflow-spark-pipeline/airflow_venv/lib/python3.11/site-packages/airflow/example_dags/example_time_delta_sensor_async.py
[2026-03-18T16:53:47.393+0000] {processor.py:914} INFO - Processing file /home/komal/data-engineering-projects/airflow-spark-pipeline/airflow_venv/lib/python3.11/site-packages/airflow/example_dags/example_time_delta_sensor_async.py for tasks to queue
[2026-03-18T16:53:47.398+0000] {logging_mixin.py:190} INFO - [2026-03-18T16:53:47.397+0000] {dagbag.py:588} INFO - Filling up the DagBag from /home/komal/data-engineering-projects/airflow-spark-pipeline/airflow_venv/lib/python3.11/site-packages/airflow/example_dags/example_time_delta_sensor_async.py
[2026-03-18T16:53:47.408+0000] {processor.py:925} INFO - DAG(s) 'example_time_delta_sensor_async' retrieved from /home/komal/data-engineering-projects/airflow-spark-pipeline/airflow_venv/lib/python3.11/site-packages/airflow/example_dags/example_time_delta_sensor_async.py
[2026-03-18T16:53:47.421+0000] {logging_mixin.py:190} INFO - [2026-03-18T16:53:47.421+0000] {dag.py:3239} INFO - Sync 1 DAGs
[2026-03-18T16:53:47.430+0000] {logging_mixin.py:190} INFO - [2026-03-18T16:53:47.430+0000] {dag.py:4180} INFO - Setting next_dagrun for example_time_delta_sensor_async to None, run_after=None
[2026-03-18T16:53:47.454+0000] {processor.py:208} INFO - Processing /home/komal/data-engineering-projects/airflow-spark-pipeline/airflow_venv/lib/python3.11/site-packages/airflow/example_dags/example_time_delta_sensor_async.py took 0.106 seconds
[2026-03-18T16:54:53.566+0000] {processor.py:186} INFO - Started process (PID=38727) to work on /home/komal/data-engineering-projects/airflow-spark-pipeline/airflow_venv/lib/python3.11/site-packages/airflow/example_dags/example_time_delta_sensor_async.py
[2026-03-18T16:54:53.597+0000] {processor.py:914} INFO - Processing file /home/komal/data-engineering-projects/airflow-spark-pipeline/airflow_venv/lib/python3.11/site-packages/airflow/example_dags/example_time_delta_sensor_async.py for tasks to queue
[2026-03-18T16:54:53.602+0000] {logging_mixin.py:190} INFO - [2026-03-18T16:54:53.601+0000] {dagbag.py:588} INFO - Filling up the DagBag from /home/komal/data-engineering-projects/airflow-spark-pipeline/airflow_venv/lib/python3.11/site-packages/airflow/example_dags/example_time_delta_sensor_async.py
[2026-03-18T16:54:53.615+0000] {processor.py:925} INFO - DAG(s) 'example_time_delta_sensor_async' retrieved from /home/komal/data-engineering-projects/airflow-spark-pipeline/airflow_venv/lib/python3.11/site-packages/airflow/example_dags/example_time_delta_sensor_async.py
[2026-03-18T16:54:53.631+0000] {logging_mixin.py:190} INFO - [2026-03-18T16:54:53.630+0000] {dag.py:3239} INFO - Sync 1 DAGs
[2026-03-18T16:54:53.646+0000] {logging_mixin.py:190} INFO - [2026-03-18T16:54:53.645+0000] {dag.py:4180} INFO - Setting next_dagrun for example_time_delta_sensor_async to None, run_after=None
[2026-03-18T16:54:53.680+0000] {processor.py:208} INFO - Processing /home/komal/data-engineering-projects/airflow-spark-pipeline/airflow_venv/lib/python3.11/site-packages/airflow/example_dags/example_time_delta_sensor_async.py took 0.123 seconds
[2026-03-18T16:56:02.885+0000] {processor.py:186} INFO - Started process (PID=38798) to work on /home/komal/data-engineering-projects/airflow-spark-pipeline/airflow_venv/lib/python3.11/site-packages/airflow/example_dags/example_time_delta_sensor_async.py
[2026-03-18T16:56:02.919+0000] {processor.py:914} INFO - Processing file /home/komal/data-engineering-projects/airflow-spark-pipeline/airflow_venv/lib/python3.11/site-packages/airflow/example_dags/example_time_delta_sensor_async.py for tasks to queue
[2026-03-18T16:56:02.924+0000] {logging_mixin.py:190} INFO - [2026-03-18T16:56:02.923+0000] {dagbag.py:588} INFO - Filling up the DagBag from /home/komal/data-engineering-projects/airflow-spark-pipeline/airflow_venv/lib/python3.11/site-packages/airflow/example_dags/example_time_delta_sensor_async.py
[2026-03-18T16:56:02.933+0000] {processor.py:925} INFO - DAG(s) 'example_time_delta_sensor_async' retrieved from /home/komal/data-engineering-projects/airflow-spark-pipeline/airflow_venv/lib/python3.11/site-packages/airflow/example_dags/example_time_delta_sensor_async.py
[2026-03-18T16:56:02.948+0000] {logging_mixin.py:190} INFO - [2026-03-18T16:56:02.948+0000] {dag.py:3239} INFO - Sync 1 DAGs
[2026-03-18T16:56:02.958+0000] {logging_mixin.py:190} INFO - [2026-03-18T16:56:02.957+0000] {dag.py:4180} INFO - Setting next_dagrun for example_time_delta_sensor_async to None, run_after=None
[2026-03-18T16:56:02.981+0000] {processor.py:208} INFO - Processing /home/komal/data-engineering-projects/airflow-spark-pipeline/airflow_venv/lib/python3.11/site-packages/airflow/example_dags/example_time_delta_sensor_async.py took 0.105 seconds
[2026-03-18T16:57:11.063+0000] {processor.py:186} INFO - Started process (PID=38868) to work on /home/komal/data-engineering-projects/airflow-spark-pipeline/airflow_venv/lib/python3.11/site-packages/airflow/example_dags/example_time_delta_sensor_async.py
[2026-03-18T16:57:11.066+0000] {processor.py:914} INFO - Processing file /home/komal/data-engineering-projects/airflow-spark-pipeline/airflow_venv/lib/python3.11/site-packages/airflow/example_dags/example_time_delta_sensor_async.py for tasks to queue
[2026-03-18T16:57:11.068+0000] {logging_mixin.py:190} INFO - [2026-03-18T16:57:11.068+0000] {dagbag.py:588} INFO - Filling up the DagBag from /home/komal/data-engineering-projects/airflow-spark-pipeline/airflow_venv/lib/python3.11/site-packages/airflow/example_dags/example_time_delta_sensor_async.py
[2026-03-18T16:57:11.074+0000] {processor.py:925} INFO - DAG(s) 'example_time_delta_sensor_async' retrieved from /home/komal/data-engineering-projects/airflow-spark-pipeline/airflow_venv/lib/python3.11/site-packages/airflow/example_dags/example_time_delta_sensor_async.py
[2026-03-18T16:57:11.089+0000] {logging_mixin.py:190} INFO - [2026-03-18T16:57:11.089+0000] {dag.py:3239} INFO - Sync 1 DAGs
[2026-03-18T16:57:11.099+0000] {logging_mixin.py:190} INFO - [2026-03-18T16:57:11.099+0000] {dag.py:4180} INFO - Setting next_dagrun for example_time_delta_sensor_async to None, run_after=None
[2026-03-18T16:57:11.118+0000] {processor.py:208} INFO - Processing /home/komal/data-engineering-projects/airflow-spark-pipeline/airflow_venv/lib/python3.11/site-packages/airflow/example_dags/example_time_delta_sensor_async.py took 0.060 seconds
[2026-03-18T17:45:01.780+0000] {processor.py:186} INFO - Started process (PID=38907) to work on /home/komal/data-engineering-projects/airflow-spark-pipeline/airflow_venv/lib/python3.11/site-packages/airflow/example_dags/example_time_delta_sensor_async.py
[2026-03-18T17:45:01.784+0000] {processor.py:914} INFO - Processing file /home/komal/data-engineering-projects/airflow-spark-pipeline/airflow_venv/lib/python3.11/site-packages/airflow/example_dags/example_time_delta_sensor_async.py for tasks to queue
[2026-03-18T17:45:01.795+0000] {logging_mixin.py:190} INFO - [2026-03-18T17:45:01.794+0000] {dagbag.py:588} INFO - Filling up the DagBag from /home/komal/data-engineering-projects/airflow-spark-pipeline/airflow_venv/lib/python3.11/site-packages/airflow/example_dags/example_time_delta_sensor_async.py
[2026-03-18T17:45:01.812+0000] {processor.py:925} INFO - DAG(s) 'example_time_delta_sensor_async' retrieved from /home/komal/data-engineering-projects/airflow-spark-pipeline/airflow_venv/lib/python3.11/site-packages/airflow/example_dags/example_time_delta_sensor_async.py
[2026-03-18T17:45:01.848+0000] {logging_mixin.py:190} INFO - [2026-03-18T17:45:01.847+0000] {dag.py:3239} INFO - Sync 1 DAGs
[2026-03-18T17:45:01.861+0000] {logging_mixin.py:190} INFO - [2026-03-18T17:45:01.860+0000] {dag.py:4180} INFO - Setting next_dagrun for example_time_delta_sensor_async to None, run_after=None
[2026-03-18T17:45:01.919+0000] {processor.py:208} INFO - Processing /home/komal/data-engineering-projects/airflow-spark-pipeline/airflow_venv/lib/python3.11/site-packages/airflow/example_dags/example_time_delta_sensor_async.py took 0.157 seconds
[2026-03-18T17:46:03.861+0000] {processor.py:186} INFO - Started process (PID=38972) to work on /home/komal/data-engineering-projects/airflow-spark-pipeline/airflow_venv/lib/python3.11/site-packages/airflow/example_dags/example_time_delta_sensor_async.py
[2026-03-18T17:46:03.865+0000] {processor.py:914} INFO - Processing file /home/komal/data-engineering-projects/airflow-spark-pipeline/airflow_venv/lib/python3.11/site-packages/airflow/example_dags/example_time_delta_sensor_async.py for tasks to queue
[2026-03-18T17:46:03.868+0000] {logging_mixin.py:190} INFO - [2026-03-18T17:46:03.867+0000] {dagbag.py:588} INFO - Filling up the DagBag from /home/komal/data-engineering-projects/airflow-spark-pipeline/airflow_venv/lib/python3.11/site-packages/airflow/example_dags/example_time_delta_sensor_async.py
[2026-03-18T17:46:03.876+0000] {processor.py:925} INFO - DAG(s) 'example_time_delta_sensor_async' retrieved from /home/komal/data-engineering-projects/airflow-spark-pipeline/airflow_venv/lib/python3.11/site-packages/airflow/example_dags/example_time_delta_sensor_async.py
[2026-03-18T17:46:03.896+0000] {logging_mixin.py:190} INFO - [2026-03-18T17:46:03.896+0000] {dag.py:3239} INFO - Sync 1 DAGs
[2026-03-18T17:46:03.915+0000] {logging_mixin.py:190} INFO - [2026-03-18T17:46:03.915+0000] {dag.py:4180} INFO - Setting next_dagrun for example_time_delta_sensor_async to None, run_after=None
[2026-03-18T17:46:03.957+0000] {processor.py:208} INFO - Processing /home/komal/data-engineering-projects/airflow-spark-pipeline/airflow_venv/lib/python3.11/site-packages/airflow/example_dags/example_time_delta_sensor_async.py took 0.106 seconds
[2026-03-18T17:46:51.240+0000] {processor.py:186} INFO - Started process (PID=39027) to work on /home/komal/data-engineering-projects/airflow-spark-pipeline/airflow_venv/lib/python3.11/site-packages/airflow/example_dags/example_time_delta_sensor_async.py
[2026-03-18T17:46:51.271+0000] {processor.py:914} INFO - Processing file /home/komal/data-engineering-projects/airflow-spark-pipeline/airflow_venv/lib/python3.11/site-packages/airflow/example_dags/example_time_delta_sensor_async.py for tasks to queue
[2026-03-18T17:46:51.275+0000] {logging_mixin.py:190} INFO - [2026-03-18T17:46:51.275+0000] {dagbag.py:588} INFO - Filling up the DagBag from /home/komal/data-engineering-projects/airflow-spark-pipeline/airflow_venv/lib/python3.11/site-packages/airflow/example_dags/example_time_delta_sensor_async.py
[2026-03-18T17:46:51.284+0000] {processor.py:925} INFO - DAG(s) 'example_time_delta_sensor_async' retrieved from /home/komal/data-engineering-projects/airflow-spark-pipeline/airflow_venv/lib/python3.11/site-packages/airflow/example_dags/example_time_delta_sensor_async.py
[2026-03-18T17:46:51.294+0000] {logging_mixin.py:190} INFO - [2026-03-18T17:46:51.294+0000] {dag.py:3239} INFO - Sync 1 DAGs
[2026-03-18T17:46:51.301+0000] {logging_mixin.py:190} INFO - [2026-03-18T17:46:51.301+0000] {dag.py:4180} INFO - Setting next_dagrun for example_time_delta_sensor_async to None, run_after=None
[2026-03-18T17:46:51.324+0000] {processor.py:208} INFO - Processing /home/komal/data-engineering-projects/airflow-spark-pipeline/airflow_venv/lib/python3.11/site-packages/airflow/example_dags/example_time_delta_sensor_async.py took 0.092 seconds
[2026-03-18T17:47:56.393+0000] {processor.py:186} INFO - Started process (PID=39090) to work on /home/komal/data-engineering-projects/airflow-spark-pipeline/airflow_venv/lib/python3.11/site-packages/airflow/example_dags/example_time_delta_sensor_async.py
[2026-03-18T17:47:56.422+0000] {processor.py:914} INFO - Processing file /home/komal/data-engineering-projects/airflow-spark-pipeline/airflow_venv/lib/python3.11/site-packages/airflow/example_dags/example_time_delta_sensor_async.py for tasks to queue
[2026-03-18T17:47:56.424+0000] {logging_mixin.py:190} INFO - [2026-03-18T17:47:56.424+0000] {dagbag.py:588} INFO - Filling up the DagBag from /home/komal/data-engineering-projects/airflow-spark-pipeline/airflow_venv/lib/python3.11/site-packages/airflow/example_dags/example_time_delta_sensor_async.py
[2026-03-18T17:47:56.438+0000] {processor.py:925} INFO - DAG(s) 'example_time_delta_sensor_async' retrieved from /home/komal/data-engineering-projects/airflow-spark-pipeline/airflow_venv/lib/python3.11/site-packages/airflow/example_dags/example_time_delta_sensor_async.py
[2026-03-18T17:47:56.473+0000] {logging_mixin.py:190} INFO - [2026-03-18T17:47:56.472+0000] {dag.py:3239} INFO - Sync 1 DAGs
[2026-03-18T17:47:56.549+0000] {logging_mixin.py:190} INFO - [2026-03-18T17:47:56.548+0000] {dag.py:4180} INFO - Setting next_dagrun for example_time_delta_sensor_async to None, run_after=None
[2026-03-18T17:47:56.715+0000] {processor.py:208} INFO - Processing /home/komal/data-engineering-projects/airflow-spark-pipeline/airflow_venv/lib/python3.11/site-packages/airflow/example_dags/example_time_delta_sensor_async.py took 0.327 seconds
[2026-03-18T17:49:06.744+0000] {processor.py:186} INFO - Started process (PID=39153) to work on /home/komal/data-engineering-projects/airflow-spark-pipeline/airflow_venv/lib/python3.11/site-packages/airflow/example_dags/example_time_delta_sensor_async.py
[2026-03-18T17:49:06.776+0000] {processor.py:914} INFO - Processing file /home/komal/data-engineering-projects/airflow-spark-pipeline/airflow_venv/lib/python3.11/site-packages/airflow/example_dags/example_time_delta_sensor_async.py for tasks to queue
[2026-03-18T17:49:06.782+0000] {logging_mixin.py:190} INFO - [2026-03-18T17:49:06.781+0000] {dagbag.py:588} INFO - Filling up the DagBag from /home/komal/data-engineering-projects/airflow-spark-pipeline/airflow_venv/lib/python3.11/site-packages/airflow/example_dags/example_time_delta_sensor_async.py
[2026-03-18T17:49:06.796+0000] {processor.py:925} INFO - DAG(s) 'example_time_delta_sensor_async' retrieved from /home/komal/data-engineering-projects/airflow-spark-pipeline/airflow_venv/lib/python3.11/site-packages/airflow/example_dags/example_time_delta_sensor_async.py
[2026-03-18T17:49:06.819+0000] {logging_mixin.py:190} INFO - [2026-03-18T17:49:06.819+0000] {dag.py:3239} INFO - Sync 1 DAGs
[2026-03-18T17:49:06.836+0000] {logging_mixin.py:190} INFO - [2026-03-18T17:49:06.836+0000] {dag.py:4180} INFO - Setting next_dagrun for example_time_delta_sensor_async to None, run_after=None
[2026-03-18T17:49:06.871+0000] {processor.py:208} INFO - Processing /home/komal/data-engineering-projects/airflow-spark-pipeline/airflow_venv/lib/python3.11/site-packages/airflow/example_dags/example_time_delta_sensor_async.py took 0.136 seconds
[2026-03-18T17:50:09.646+0000] {processor.py:186} INFO - Started process (PID=39215) to work on /home/komal/data-engineering-projects/airflow-spark-pipeline/airflow_venv/lib/python3.11/site-packages/airflow/example_dags/example_time_delta_sensor_async.py
[2026-03-18T17:50:09.648+0000] {processor.py:914} INFO - Processing file /home/komal/data-engineering-projects/airflow-spark-pipeline/airflow_venv/lib/python3.11/site-packages/airflow/example_dags/example_time_delta_sensor_async.py for tasks to queue
[2026-03-18T17:50:09.651+0000] {logging_mixin.py:190} INFO - [2026-03-18T17:50:09.651+0000] {dagbag.py:588} INFO - Filling up the DagBag from /home/komal/data-engineering-projects/airflow-spark-pipeline/airflow_venv/lib/python3.11/site-packages/airflow/example_dags/example_time_delta_sensor_async.py
[2026-03-18T17:50:09.659+0000] {processor.py:925} INFO - DAG(s) 'example_time_delta_sensor_async' retrieved from /home/komal/data-engineering-projects/airflow-spark-pipeline/airflow_venv/lib/python3.11/site-packages/airflow/example_dags/example_time_delta_sensor_async.py
[2026-03-18T17:50:09.671+0000] {logging_mixin.py:190} INFO - [2026-03-18T17:50:09.671+0000] {dag.py:3239} INFO - Sync 1 DAGs
[2026-03-18T17:50:09.681+0000] {logging_mixin.py:190} INFO - [2026-03-18T17:50:09.681+0000] {dag.py:4180} INFO - Setting next_dagrun for example_time_delta_sensor_async to None, run_after=None
[2026-03-18T17:50:09.753+0000] {processor.py:208} INFO - Processing /home/komal/data-engineering-projects/airflow-spark-pipeline/airflow_venv/lib/python3.11/site-packages/airflow/example_dags/example_time_delta_sensor_async.py took 0.112 seconds
[2026-03-18T17:55:32.317+0000] {processor.py:186} INFO - Started process (PID=39254) to work on /home/komal/data-engineering-projects/airflow-spark-pipeline/airflow_venv/lib/python3.11/site-packages/airflow/example_dags/example_time_delta_sensor_async.py
[2026-03-18T17:55:32.317+0000] {processor.py:914} INFO - Processing file /home/komal/data-engineering-projects/airflow-spark-pipeline/airflow_venv/lib/python3.11/site-packages/airflow/example_dags/example_time_delta_sensor_async.py for tasks to queue
[2026-03-18T17:55:32.320+0000] {logging_mixin.py:190} INFO - [2026-03-18T17:55:32.319+0000] {dagbag.py:588} INFO - Filling up the DagBag from /home/komal/data-engineering-projects/airflow-spark-pipeline/airflow_venv/lib/python3.11/site-packages/airflow/example_dags/example_time_delta_sensor_async.py
[2026-03-18T17:55:32.325+0000] {processor.py:925} INFO - DAG(s) 'example_time_delta_sensor_async' retrieved from /home/komal/data-engineering-projects/airflow-spark-pipeline/airflow_venv/lib/python3.11/site-packages/airflow/example_dags/example_time_delta_sensor_async.py
[2026-03-18T17:55:32.335+0000] {logging_mixin.py:190} INFO - [2026-03-18T17:55:32.335+0000] {dag.py:3239} INFO - Sync 1 DAGs
[2026-03-18T17:55:32.343+0000] {logging_mixin.py:190} INFO - [2026-03-18T17:55:32.343+0000] {dag.py:4180} INFO - Setting next_dagrun for example_time_delta_sensor_async to None, run_after=None
[2026-03-18T17:55:32.362+0000] {processor.py:208} INFO - Processing /home/komal/data-engineering-projects/airflow-spark-pipeline/airflow_venv/lib/python3.11/site-packages/airflow/example_dags/example_time_delta_sensor_async.py took 0.051 seconds
[2026-03-18T17:56:17.957+0000] {processor.py:186} INFO - Started process (PID=39303) to work on /home/komal/data-engineering-projects/airflow-spark-pipeline/airflow_venv/lib/python3.11/site-packages/airflow/example_dags/example_time_delta_sensor_async.py
[2026-03-18T17:56:17.960+0000] {processor.py:914} INFO - Processing file /home/komal/data-engineering-projects/airflow-spark-pipeline/airflow_venv/lib/python3.11/site-packages/airflow/example_dags/example_time_delta_sensor_async.py for tasks to queue
[2026-03-18T17:56:17.963+0000] {logging_mixin.py:190} INFO - [2026-03-18T17:56:17.963+0000] {dagbag.py:588} INFO - Filling up the DagBag from /home/komal/data-engineering-projects/airflow-spark-pipeline/airflow_venv/lib/python3.11/site-packages/airflow/example_dags/example_time_delta_sensor_async.py
[2026-03-18T17:56:17.978+0000] {processor.py:925} INFO - DAG(s) 'example_time_delta_sensor_async' retrieved from /home/komal/data-engineering-projects/airflow-spark-pipeline/airflow_venv/lib/python3.11/site-packages/airflow/example_dags/example_time_delta_sensor_async.py
[2026-03-18T17:56:17.997+0000] {logging_mixin.py:190} INFO - [2026-03-18T17:56:17.997+0000] {dag.py:3239} INFO - Sync 1 DAGs
[2026-03-18T17:56:18.006+0000] {logging_mixin.py:190} INFO - [2026-03-18T17:56:18.006+0000] {dag.py:4180} INFO - Setting next_dagrun for example_time_delta_sensor_async to None, run_after=None
[2026-03-18T17:56:18.041+0000] {processor.py:208} INFO - Processing /home/komal/data-engineering-projects/airflow-spark-pipeline/airflow_venv/lib/python3.11/site-packages/airflow/example_dags/example_time_delta_sensor_async.py took 0.094 seconds
[2026-03-18T17:57:22.273+0000] {processor.py:186} INFO - Started process (PID=39386) to work on /home/komal/data-engineering-projects/airflow-spark-pipeline/airflow_venv/lib/python3.11/site-packages/airflow/example_dags/example_time_delta_sensor_async.py
[2026-03-18T17:57:22.275+0000] {processor.py:914} INFO - Processing file /home/komal/data-engineering-projects/airflow-spark-pipeline/airflow_venv/lib/python3.11/site-packages/airflow/example_dags/example_time_delta_sensor_async.py for tasks to queue
[2026-03-18T17:57:22.277+0000] {logging_mixin.py:190} INFO - [2026-03-18T17:57:22.277+0000] {dagbag.py:588} INFO - Filling up the DagBag from /home/komal/data-engineering-projects/airflow-spark-pipeline/airflow_venv/lib/python3.11/site-packages/airflow/example_dags/example_time_delta_sensor_async.py
[2026-03-18T17:57:22.283+0000] {processor.py:925} INFO - DAG(s) 'example_time_delta_sensor_async' retrieved from /home/komal/data-engineering-projects/airflow-spark-pipeline/airflow_venv/lib/python3.11/site-packages/airflow/example_dags/example_time_delta_sensor_async.py
[2026-03-18T17:57:22.303+0000] {logging_mixin.py:190} INFO - [2026-03-18T17:57:22.303+0000] {dag.py:3239} INFO - Sync 1 DAGs
[2026-03-18T17:57:22.321+0000] {logging_mixin.py:190} INFO - [2026-03-18T17:57:22.321+0000] {dag.py:4180} INFO - Setting next_dagrun for example_time_delta_sensor_async to None, run_after=None
[2026-03-18T17:57:22.356+0000] {processor.py:208} INFO - Processing /home/komal/data-engineering-projects/airflow-spark-pipeline/airflow_venv/lib/python3.11/site-packages/airflow/example_dags/example_time_delta_sensor_async.py took 0.090 seconds
[2026-03-18T17:58:25.349+0000] {processor.py:186} INFO - Started process (PID=39448) to work on /home/komal/data-engineering-projects/airflow-spark-pipeline/airflow_venv/lib/python3.11/site-packages/airflow/example_dags/example_time_delta_sensor_async.py
[2026-03-18T17:58:25.381+0000] {processor.py:914} INFO - Processing file /home/komal/data-engineering-projects/airflow-spark-pipeline/airflow_venv/lib/python3.11/site-packages/airflow/example_dags/example_time_delta_sensor_async.py for tasks to queue
[2026-03-18T17:58:25.387+0000] {logging_mixin.py:190} INFO - [2026-03-18T17:58:25.387+0000] {dagbag.py:588} INFO - Filling up the DagBag from /home/komal/data-engineering-projects/airflow-spark-pipeline/airflow_venv/lib/python3.11/site-packages/airflow/example_dags/example_time_delta_sensor_async.py
[2026-03-18T17:58:25.401+0000] {processor.py:925} INFO - DAG(s) 'example_time_delta_sensor_async' retrieved from /home/komal/data-engineering-projects/airflow-spark-pipeline/airflow_venv/lib/python3.11/site-packages/airflow/example_dags/example_time_delta_sensor_async.py
[2026-03-18T17:58:25.419+0000] {logging_mixin.py:190} INFO - [2026-03-18T17:58:25.418+0000] {dag.py:3239} INFO - Sync 1 DAGs
[2026-03-18T17:58:25.440+0000] {logging_mixin.py:190} INFO - [2026-03-18T17:58:25.440+0000] {dag.py:4180} INFO - Setting next_dagrun for example_time_delta_sensor_async to None, run_after=None
[2026-03-18T17:58:25.475+0000] {processor.py:208} INFO - Processing /home/komal/data-engineering-projects/airflow-spark-pipeline/airflow_venv/lib/python3.11/site-packages/airflow/example_dags/example_time_delta_sensor_async.py took 0.139 seconds
[2026-03-18T17:59:29.502+0000] {processor.py:186} INFO - Started process (PID=39510) to work on /home/komal/data-engineering-projects/airflow-spark-pipeline/airflow_venv/lib/python3.11/site-packages/airflow/example_dags/example_time_delta_sensor_async.py
[2026-03-18T17:59:29.503+0000] {processor.py:914} INFO - Processing file /home/komal/data-engineering-projects/airflow-spark-pipeline/airflow_venv/lib/python3.11/site-packages/airflow/example_dags/example_time_delta_sensor_async.py for tasks to queue
[2026-03-18T17:59:29.506+0000] {logging_mixin.py:190} INFO - [2026-03-18T17:59:29.505+0000] {dagbag.py:588} INFO - Filling up the DagBag from /home/komal/data-engineering-projects/airflow-spark-pipeline/airflow_venv/lib/python3.11/site-packages/airflow/example_dags/example_time_delta_sensor_async.py
[2026-03-18T17:59:29.515+0000] {processor.py:925} INFO - DAG(s) 'example_time_delta_sensor_async' retrieved from /home/komal/data-engineering-projects/airflow-spark-pipeline/airflow_venv/lib/python3.11/site-packages/airflow/example_dags/example_time_delta_sensor_async.py
[2026-03-18T17:59:29.535+0000] {logging_mixin.py:190} INFO - [2026-03-18T17:59:29.535+0000] {dag.py:3239} INFO - Sync 1 DAGs
[2026-03-18T17:59:29.544+0000] {logging_mixin.py:190} INFO - [2026-03-18T17:59:29.544+0000] {dag.py:4180} INFO - Setting next_dagrun for example_time_delta_sensor_async to None, run_after=None
[2026-03-18T17:59:29.580+0000] {processor.py:208} INFO - Processing /home/komal/data-engineering-projects/airflow-spark-pipeline/airflow_venv/lib/python3.11/site-packages/airflow/example_dags/example_time_delta_sensor_async.py took 0.084 seconds
[2026-03-18T18:00:38.163+0000] {processor.py:186} INFO - Started process (PID=39577) to work on /home/komal/data-engineering-projects/airflow-spark-pipeline/airflow_venv/lib/python3.11/site-packages/airflow/example_dags/example_time_delta_sensor_async.py
[2026-03-18T18:00:38.165+0000] {processor.py:914} INFO - Processing file /home/komal/data-engineering-projects/airflow-spark-pipeline/airflow_venv/lib/python3.11/site-packages/airflow/example_dags/example_time_delta_sensor_async.py for tasks to queue
[2026-03-18T18:00:38.168+0000] {logging_mixin.py:190} INFO - [2026-03-18T18:00:38.168+0000] {dagbag.py:588} INFO - Filling up the DagBag from /home/komal/data-engineering-projects/airflow-spark-pipeline/airflow_venv/lib/python3.11/site-packages/airflow/example_dags/example_time_delta_sensor_async.py
[2026-03-18T18:00:38.175+0000] {processor.py:925} INFO - DAG(s) 'example_time_delta_sensor_async' retrieved from /home/komal/data-engineering-projects/airflow-spark-pipeline/airflow_venv/lib/python3.11/site-packages/airflow/example_dags/example_time_delta_sensor_async.py
[2026-03-18T18:00:38.189+0000] {logging_mixin.py:190} INFO - [2026-03-18T18:00:38.189+0000] {dag.py:3239} INFO - Sync 1 DAGs
[2026-03-18T18:00:38.202+0000] {logging_mixin.py:190} INFO - [2026-03-18T18:00:38.201+0000] {dag.py:4180} INFO - Setting next_dagrun for example_time_delta_sensor_async to None, run_after=None
[2026-03-18T18:00:38.233+0000] {processor.py:208} INFO - Processing /home/komal/data-engineering-projects/airflow-spark-pipeline/airflow_venv/lib/python3.11/site-packages/airflow/example_dags/example_time_delta_sensor_async.py took 0.078 seconds
[2026-03-18T18:01:45.681+0000] {processor.py:186} INFO - Started process (PID=39645) to work on /home/komal/data-engineering-projects/airflow-spark-pipeline/airflow_venv/lib/python3.11/site-packages/airflow/example_dags/example_time_delta_sensor_async.py
[2026-03-18T18:01:45.694+0000] {processor.py:914} INFO - Processing file /home/komal/data-engineering-projects/airflow-spark-pipeline/airflow_venv/lib/python3.11/site-packages/airflow/example_dags/example_time_delta_sensor_async.py for tasks to queue
[2026-03-18T18:01:45.699+0000] {logging_mixin.py:190} INFO - [2026-03-18T18:01:45.698+0000] {dagbag.py:588} INFO - Filling up the DagBag from /home/komal/data-engineering-projects/airflow-spark-pipeline/airflow_venv/lib/python3.11/site-packages/airflow/example_dags/example_time_delta_sensor_async.py
[2026-03-18T18:01:45.712+0000] {processor.py:925} INFO - DAG(s) 'example_time_delta_sensor_async' retrieved from /home/komal/data-engineering-projects/airflow-spark-pipeline/airflow_venv/lib/python3.11/site-packages/airflow/example_dags/example_time_delta_sensor_async.py
[2026-03-18T18:01:45.723+0000] {logging_mixin.py:190} INFO - [2026-03-18T18:01:45.723+0000] {dag.py:3239} INFO - Sync 1 DAGs
[2026-03-18T18:01:45.731+0000] {logging_mixin.py:190} INFO - [2026-03-18T18:01:45.730+0000] {dag.py:4180} INFO - Setting next_dagrun for example_time_delta_sensor_async to None, run_after=None
[2026-03-18T18:01:45.772+0000] {processor.py:208} INFO - Processing /home/komal/data-engineering-projects/airflow-spark-pipeline/airflow_venv/lib/python3.11/site-packages/airflow/example_dags/example_time_delta_sensor_async.py took 0.098 seconds
[2026-03-18T18:02:55.108+0000] {processor.py:186} INFO - Started process (PID=39710) to work on /home/komal/data-engineering-projects/airflow-spark-pipeline/airflow_venv/lib/python3.11/site-packages/airflow/example_dags/example_time_delta_sensor_async.py
[2026-03-18T18:02:55.139+0000] {processor.py:914} INFO - Processing file /home/komal/data-engineering-projects/airflow-spark-pipeline/airflow_venv/lib/python3.11/site-packages/airflow/example_dags/example_time_delta_sensor_async.py for tasks to queue
[2026-03-18T18:02:55.143+0000] {logging_mixin.py:190} INFO - [2026-03-18T18:02:55.142+0000] {dagbag.py:588} INFO - Filling up the DagBag from /home/komal/data-engineering-projects/airflow-spark-pipeline/airflow_venv/lib/python3.11/site-packages/airflow/example_dags/example_time_delta_sensor_async.py
[2026-03-18T18:02:55.149+0000] {processor.py:925} INFO - DAG(s) 'example_time_delta_sensor_async' retrieved from /home/komal/data-engineering-projects/airflow-spark-pipeline/airflow_venv/lib/python3.11/site-packages/airflow/example_dags/example_time_delta_sensor_async.py
[2026-03-18T18:02:55.161+0000] {logging_mixin.py:190} INFO - [2026-03-18T18:02:55.161+0000] {dag.py:3239} INFO - Sync 1 DAGs
[2026-03-18T18:02:55.169+0000] {logging_mixin.py:190} INFO - [2026-03-18T18:02:55.169+0000] {dag.py:4180} INFO - Setting next_dagrun for example_time_delta_sensor_async to None, run_after=None
[2026-03-18T18:02:55.192+0000] {processor.py:208} INFO - Processing /home/komal/data-engineering-projects/airflow-spark-pipeline/airflow_venv/lib/python3.11/site-packages/airflow/example_dags/example_time_delta_sensor_async.py took 0.093 seconds
[2026-03-18T18:04:01.408+0000] {processor.py:186} INFO - Started process (PID=39779) to work on /home/komal/data-engineering-projects/airflow-spark-pipeline/airflow_venv/lib/python3.11/site-packages/airflow/example_dags/example_time_delta_sensor_async.py
[2026-03-18T18:04:01.439+0000] {processor.py:914} INFO - Processing file /home/komal/data-engineering-projects/airflow-spark-pipeline/airflow_venv/lib/python3.11/site-packages/airflow/example_dags/example_time_delta_sensor_async.py for tasks to queue
[2026-03-18T18:04:01.441+0000] {logging_mixin.py:190} INFO - [2026-03-18T18:04:01.440+0000] {dagbag.py:588} INFO - Filling up the DagBag from /home/komal/data-engineering-projects/airflow-spark-pipeline/airflow_venv/lib/python3.11/site-packages/airflow/example_dags/example_time_delta_sensor_async.py
[2026-03-18T18:04:01.446+0000] {processor.py:925} INFO - DAG(s) 'example_time_delta_sensor_async' retrieved from /home/komal/data-engineering-projects/airflow-spark-pipeline/airflow_venv/lib/python3.11/site-packages/airflow/example_dags/example_time_delta_sensor_async.py
[2026-03-18T18:04:01.456+0000] {logging_mixin.py:190} INFO - [2026-03-18T18:04:01.455+0000] {dag.py:3239} INFO - Sync 1 DAGs
[2026-03-18T18:04:01.464+0000] {logging_mixin.py:190} INFO - [2026-03-18T18:04:01.464+0000] {dag.py:4180} INFO - Setting next_dagrun for example_time_delta_sensor_async to None, run_after=None
[2026-03-18T18:04:01.491+0000] {processor.py:208} INFO - Processing /home/komal/data-engineering-projects/airflow-spark-pipeline/airflow_venv/lib/python3.11/site-packages/airflow/example_dags/example_time_delta_sensor_async.py took 0.092 seconds
[2026-03-18T18:05:06.230+0000] {processor.py:186} INFO - Started process (PID=39841) to work on /home/komal/data-engineering-projects/airflow-spark-pipeline/airflow_venv/lib/python3.11/site-packages/airflow/example_dags/example_time_delta_sensor_async.py
[2026-03-18T18:05:06.233+0000] {processor.py:914} INFO - Processing file /home/komal/data-engineering-projects/airflow-spark-pipeline/airflow_venv/lib/python3.11/site-packages/airflow/example_dags/example_time_delta_sensor_async.py for tasks to queue
[2026-03-18T18:05:06.235+0000] {logging_mixin.py:190} INFO - [2026-03-18T18:05:06.235+0000] {dagbag.py:588} INFO - Filling up the DagBag from /home/komal/data-engineering-projects/airflow-spark-pipeline/airflow_venv/lib/python3.11/site-packages/airflow/example_dags/example_time_delta_sensor_async.py
[2026-03-18T18:05:06.248+0000] {processor.py:925} INFO - DAG(s) 'example_time_delta_sensor_async' retrieved from /home/komal/data-engineering-projects/airflow-spark-pipeline/airflow_venv/lib/python3.11/site-packages/airflow/example_dags/example_time_delta_sensor_async.py
[2026-03-18T18:05:06.258+0000] {logging_mixin.py:190} INFO - [2026-03-18T18:05:06.258+0000] {dag.py:3239} INFO - Sync 1 DAGs
[2026-03-18T18:05:06.266+0000] {logging_mixin.py:190} INFO - [2026-03-18T18:05:06.266+0000] {dag.py:4180} INFO - Setting next_dagrun for example_time_delta_sensor_async to None, run_after=None
[2026-03-18T18:05:06.306+0000] {processor.py:208} INFO - Processing /home/komal/data-engineering-projects/airflow-spark-pipeline/airflow_venv/lib/python3.11/site-packages/airflow/example_dags/example_time_delta_sensor_async.py took 0.091 seconds
[2026-03-18T18:06:16.656+0000] {processor.py:186} INFO - Started process (PID=39908) to work on /home/komal/data-engineering-projects/airflow-spark-pipeline/airflow_venv/lib/python3.11/site-packages/airflow/example_dags/example_time_delta_sensor_async.py
[2026-03-18T18:06:16.664+0000] {processor.py:914} INFO - Processing file /home/komal/data-engineering-projects/airflow-spark-pipeline/airflow_venv/lib/python3.11/site-packages/airflow/example_dags/example_time_delta_sensor_async.py for tasks to queue
[2026-03-18T18:06:16.668+0000] {logging_mixin.py:190} INFO - [2026-03-18T18:06:16.668+0000] {dagbag.py:588} INFO - Filling up the DagBag from /home/komal/data-engineering-projects/airflow-spark-pipeline/airflow_venv/lib/python3.11/site-packages/airflow/example_dags/example_time_delta_sensor_async.py
[2026-03-18T18:06:16.679+0000] {processor.py:925} INFO - DAG(s) 'example_time_delta_sensor_async' retrieved from /home/komal/data-engineering-projects/airflow-spark-pipeline/airflow_venv/lib/python3.11/site-packages/airflow/example_dags/example_time_delta_sensor_async.py
[2026-03-18T18:06:16.703+0000] {logging_mixin.py:190} INFO - [2026-03-18T18:06:16.703+0000] {dag.py:3239} INFO - Sync 1 DAGs
[2026-03-18T18:06:16.710+0000] {logging_mixin.py:190} INFO - [2026-03-18T18:06:16.710+0000] {dag.py:4180} INFO - Setting next_dagrun for example_time_delta_sensor_async to None, run_after=None
[2026-03-18T18:06:16.735+0000] {processor.py:208} INFO - Processing /home/komal/data-engineering-projects/airflow-spark-pipeline/airflow_venv/lib/python3.11/site-packages/airflow/example_dags/example_time_delta_sensor_async.py took 0.089 seconds
[2026-03-18T18:07:24.854+0000] {processor.py:186} INFO - Started process (PID=39975) to work on /home/komal/data-engineering-projects/airflow-spark-pipeline/airflow_venv/lib/python3.11/site-packages/airflow/example_dags/example_time_delta_sensor_async.py
[2026-03-18T18:07:24.866+0000] {processor.py:914} INFO - Processing file /home/komal/data-engineering-projects/airflow-spark-pipeline/airflow_venv/lib/python3.11/site-packages/airflow/example_dags/example_time_delta_sensor_async.py for tasks to queue
[2026-03-18T18:07:24.870+0000] {logging_mixin.py:190} INFO - [2026-03-18T18:07:24.870+0000] {dagbag.py:588} INFO - Filling up the DagBag from /home/komal/data-engineering-projects/airflow-spark-pipeline/airflow_venv/lib/python3.11/site-packages/airflow/example_dags/example_time_delta_sensor_async.py
[2026-03-18T18:07:24.880+0000] {processor.py:925} INFO - DAG(s) 'example_time_delta_sensor_async' retrieved from /home/komal/data-engineering-projects/airflow-spark-pipeline/airflow_venv/lib/python3.11/site-packages/airflow/example_dags/example_time_delta_sensor_async.py
[2026-03-18T18:07:24.900+0000] {logging_mixin.py:190} INFO - [2026-03-18T18:07:24.899+0000] {dag.py:3239} INFO - Sync 1 DAGs
[2026-03-18T18:07:24.908+0000] {logging_mixin.py:190} INFO - [2026-03-18T18:07:24.908+0000] {dag.py:4180} INFO - Setting next_dagrun for example_time_delta_sensor_async to None, run_after=None
[2026-03-18T18:07:24.953+0000] {processor.py:208} INFO - Processing /home/komal/data-engineering-projects/airflow-spark-pipeline/airflow_venv/lib/python3.11/site-packages/airflow/example_dags/example_time_delta_sensor_async.py took 0.108 seconds
[2026-03-18T18:08:32.209+0000] {processor.py:186} INFO - Started process (PID=40039) to work on /home/komal/data-engineering-projects/airflow-spark-pipeline/airflow_venv/lib/python3.11/site-packages/airflow/example_dags/example_time_delta_sensor_async.py
[2026-03-18T18:08:32.242+0000] {processor.py:914} INFO - Processing file /home/komal/data-engineering-projects/airflow-spark-pipeline/airflow_venv/lib/python3.11/site-packages/airflow/example_dags/example_time_delta_sensor_async.py for tasks to queue
[2026-03-18T18:08:32.247+0000] {logging_mixin.py:190} INFO - [2026-03-18T18:08:32.246+0000] {dagbag.py:588} INFO - Filling up the DagBag from /home/komal/data-engineering-projects/airflow-spark-pipeline/airflow_venv/lib/python3.11/site-packages/airflow/example_dags/example_time_delta_sensor_async.py
[2026-03-18T18:08:32.257+0000] {processor.py:925} INFO - DAG(s) 'example_time_delta_sensor_async' retrieved from /home/komal/data-engineering-projects/airflow-spark-pipeline/airflow_venv/lib/python3.11/site-packages/airflow/example_dags/example_time_delta_sensor_async.py
[2026-03-18T18:08:32.288+0000] {logging_mixin.py:190} INFO - [2026-03-18T18:08:32.288+0000] {dag.py:3239} INFO - Sync 1 DAGs
[2026-03-18T18:08:32.299+0000] {logging_mixin.py:190} INFO - [2026-03-18T18:08:32.299+0000] {dag.py:4180} INFO - Setting next_dagrun for example_time_delta_sensor_async to None, run_after=None
[2026-03-18T18:08:32.321+0000] {processor.py:208} INFO - Processing /home/komal/data-engineering-projects/airflow-spark-pipeline/airflow_venv/lib/python3.11/site-packages/airflow/example_dags/example_time_delta_sensor_async.py took 0.117 seconds
[2026-03-18T18:09:37.903+0000] {processor.py:186} INFO - Started process (PID=40103) to work on /home/komal/data-engineering-projects/airflow-spark-pipeline/airflow_venv/lib/python3.11/site-packages/airflow/example_dags/example_time_delta_sensor_async.py
[2026-03-18T18:09:37.909+0000] {processor.py:914} INFO - Processing file /home/komal/data-engineering-projects/airflow-spark-pipeline/airflow_venv/lib/python3.11/site-packages/airflow/example_dags/example_time_delta_sensor_async.py for tasks to queue
[2026-03-18T18:09:37.911+0000] {logging_mixin.py:190} INFO - [2026-03-18T18:09:37.911+0000] {dagbag.py:588} INFO - Filling up the DagBag from /home/komal/data-engineering-projects/airflow-spark-pipeline/airflow_venv/lib/python3.11/site-packages/airflow/example_dags/example_time_delta_sensor_async.py
[2026-03-18T18:09:37.916+0000] {processor.py:925} INFO - DAG(s) 'example_time_delta_sensor_async' retrieved from /home/komal/data-engineering-projects/airflow-spark-pipeline/airflow_venv/lib/python3.11/site-packages/airflow/example_dags/example_time_delta_sensor_async.py
[2026-03-18T18:09:37.927+0000] {logging_mixin.py:190} INFO - [2026-03-18T18:09:37.927+0000] {dag.py:3239} INFO - Sync 1 DAGs
[2026-03-18T18:09:37.935+0000] {logging_mixin.py:190} INFO - [2026-03-18T18:09:37.935+0000] {dag.py:4180} INFO - Setting next_dagrun for example_time_delta_sensor_async to None, run_after=None
[2026-03-18T18:09:37.956+0000] {processor.py:208} INFO - Processing /home/komal/data-engineering-projects/airflow-spark-pipeline/airflow_venv/lib/python3.11/site-packages/airflow/example_dags/example_time_delta_sensor_async.py took 0.057 seconds
[2026-03-18T18:10:45.756+0000] {processor.py:186} INFO - Started process (PID=40166) to work on /home/komal/data-engineering-projects/airflow-spark-pipeline/airflow_venv/lib/python3.11/site-packages/airflow/example_dags/example_time_delta_sensor_async.py
[2026-03-18T18:10:45.789+0000] {processor.py:914} INFO - Processing file /home/komal/data-engineering-projects/airflow-spark-pipeline/airflow_venv/lib/python3.11/site-packages/airflow/example_dags/example_time_delta_sensor_async.py for tasks to queue
[2026-03-18T18:10:45.794+0000] {logging_mixin.py:190} INFO - [2026-03-18T18:10:45.793+0000] {dagbag.py:588} INFO - Filling up the DagBag from /home/komal/data-engineering-projects/airflow-spark-pipeline/airflow_venv/lib/python3.11/site-packages/airflow/example_dags/example_time_delta_sensor_async.py
[2026-03-18T18:10:45.806+0000] {processor.py:925} INFO - DAG(s) 'example_time_delta_sensor_async' retrieved from /home/komal/data-engineering-projects/airflow-spark-pipeline/airflow_venv/lib/python3.11/site-packages/airflow/example_dags/example_time_delta_sensor_async.py
[2026-03-18T18:10:45.819+0000] {logging_mixin.py:190} INFO - [2026-03-18T18:10:45.819+0000] {dag.py:3239} INFO - Sync 1 DAGs
[2026-03-18T18:10:45.832+0000] {logging_mixin.py:190} INFO - [2026-03-18T18:10:45.831+0000] {dag.py:4180} INFO - Setting next_dagrun for example_time_delta_sensor_async to None, run_after=None
[2026-03-18T18:10:45.914+0000] {processor.py:208} INFO - Processing /home/komal/data-engineering-projects/airflow-spark-pipeline/airflow_venv/lib/python3.11/site-packages/airflow/example_dags/example_time_delta_sensor_async.py took 0.165 seconds
[2026-03-18T18:11:54.549+0000] {processor.py:186} INFO - Started process (PID=40232) to work on /home/komal/data-engineering-projects/airflow-spark-pipeline/airflow_venv/lib/python3.11/site-packages/airflow/example_dags/example_time_delta_sensor_async.py
[2026-03-18T18:11:54.552+0000] {processor.py:914} INFO - Processing file /home/komal/data-engineering-projects/airflow-spark-pipeline/airflow_venv/lib/python3.11/site-packages/airflow/example_dags/example_time_delta_sensor_async.py for tasks to queue
[2026-03-18T18:11:54.554+0000] {logging_mixin.py:190} INFO - [2026-03-18T18:11:54.553+0000] {dagbag.py:588} INFO - Filling up the DagBag from /home/komal/data-engineering-projects/airflow-spark-pipeline/airflow_venv/lib/python3.11/site-packages/airflow/example_dags/example_time_delta_sensor_async.py
[2026-03-18T18:11:54.560+0000] {processor.py:925} INFO - DAG(s) 'example_time_delta_sensor_async' retrieved from /home/komal/data-engineering-projects/airflow-spark-pipeline/airflow_venv/lib/python3.11/site-packages/airflow/example_dags/example_time_delta_sensor_async.py
[2026-03-18T18:11:54.572+0000] {logging_mixin.py:190} INFO - [2026-03-18T18:11:54.572+0000] {dag.py:3239} INFO - Sync 1 DAGs
[2026-03-18T18:11:54.581+0000] {logging_mixin.py:190} INFO - [2026-03-18T18:11:54.581+0000] {dag.py:4180} INFO - Setting next_dagrun for example_time_delta_sensor_async to None, run_after=None
[2026-03-18T18:11:54.605+0000] {processor.py:208} INFO - Processing /home/komal/data-engineering-projects/airflow-spark-pipeline/airflow_venv/lib/python3.11/site-packages/airflow/example_dags/example_time_delta_sensor_async.py took 0.062 seconds
[2026-03-18T18:13:01.167+0000] {processor.py:186} INFO - Started process (PID=40297) to work on /home/komal/data-engineering-projects/airflow-spark-pipeline/airflow_venv/lib/python3.11/site-packages/airflow/example_dags/example_time_delta_sensor_async.py
[2026-03-18T18:13:01.172+0000] {processor.py:914} INFO - Processing file /home/komal/data-engineering-projects/airflow-spark-pipeline/airflow_venv/lib/python3.11/site-packages/airflow/example_dags/example_time_delta_sensor_async.py for tasks to queue
[2026-03-18T18:13:01.175+0000] {logging_mixin.py:190} INFO - [2026-03-18T18:13:01.175+0000] {dagbag.py:588} INFO - Filling up the DagBag from /home/komal/data-engineering-projects/airflow-spark-pipeline/airflow_venv/lib/python3.11/site-packages/airflow/example_dags/example_time_delta_sensor_async.py
[2026-03-18T18:13:01.182+0000] {processor.py:925} INFO - DAG(s) 'example_time_delta_sensor_async' retrieved from /home/komal/data-engineering-projects/airflow-spark-pipeline/airflow_venv/lib/python3.11/site-packages/airflow/example_dags/example_time_delta_sensor_async.py
[2026-03-18T18:13:01.193+0000] {logging_mixin.py:190} INFO - [2026-03-18T18:13:01.193+0000] {dag.py:3239} INFO - Sync 1 DAGs
[2026-03-18T18:13:01.204+0000] {logging_mixin.py:190} INFO - [2026-03-18T18:13:01.204+0000] {dag.py:4180} INFO - Setting next_dagrun for example_time_delta_sensor_async to None, run_after=None
[2026-03-18T18:13:01.229+0000] {processor.py:208} INFO - Processing /home/komal/data-engineering-projects/airflow-spark-pipeline/airflow_venv/lib/python3.11/site-packages/airflow/example_dags/example_time_delta_sensor_async.py took 0.071 seconds
[2026-03-18T18:14:04.589+0000] {processor.py:186} INFO - Started process (PID=40362) to work on /home/komal/data-engineering-projects/airflow-spark-pipeline/airflow_venv/lib/python3.11/site-packages/airflow/example_dags/example_time_delta_sensor_async.py
[2026-03-18T18:14:04.622+0000] {processor.py:914} INFO - Processing file /home/komal/data-engineering-projects/airflow-spark-pipeline/airflow_venv/lib/python3.11/site-packages/airflow/example_dags/example_time_delta_sensor_async.py for tasks to queue
[2026-03-18T18:14:04.626+0000] {logging_mixin.py:190} INFO - [2026-03-18T18:14:04.626+0000] {dagbag.py:588} INFO - Filling up the DagBag from /home/komal/data-engineering-projects/airflow-spark-pipeline/airflow_venv/lib/python3.11/site-packages/airflow/example_dags/example_time_delta_sensor_async.py
[2026-03-18T18:14:04.640+0000] {processor.py:925} INFO - DAG(s) 'example_time_delta_sensor_async' retrieved from /home/komal/data-engineering-projects/airflow-spark-pipeline/airflow_venv/lib/python3.11/site-packages/airflow/example_dags/example_time_delta_sensor_async.py
[2026-03-18T18:14:04.653+0000] {logging_mixin.py:190} INFO - [2026-03-18T18:14:04.653+0000] {dag.py:3239} INFO - Sync 1 DAGs
[2026-03-18T18:14:04.661+0000] {logging_mixin.py:190} INFO - [2026-03-18T18:14:04.661+0000] {dag.py:4180} INFO - Setting next_dagrun for example_time_delta_sensor_async to None, run_after=None
[2026-03-18T18:14:04.686+0000] {processor.py:208} INFO - Processing /home/komal/data-engineering-projects/airflow-spark-pipeline/airflow_venv/lib/python3.11/site-packages/airflow/example_dags/example_time_delta_sensor_async.py took 0.109 seconds
[2026-03-18T18:15:08.764+0000] {processor.py:186} INFO - Started process (PID=40424) to work on /home/komal/data-engineering-projects/airflow-spark-pipeline/airflow_venv/lib/python3.11/site-packages/airflow/example_dags/example_time_delta_sensor_async.py
[2026-03-18T18:15:08.767+0000] {processor.py:914} INFO - Processing file /home/komal/data-engineering-projects/airflow-spark-pipeline/airflow_venv/lib/python3.11/site-packages/airflow/example_dags/example_time_delta_sensor_async.py for tasks to queue
[2026-03-18T18:15:08.768+0000] {logging_mixin.py:190} INFO - [2026-03-18T18:15:08.768+0000] {dagbag.py:588} INFO - Filling up the DagBag from /home/komal/data-engineering-projects/airflow-spark-pipeline/airflow_venv/lib/python3.11/site-packages/airflow/example_dags/example_time_delta_sensor_async.py
[2026-03-18T18:15:08.773+0000] {processor.py:925} INFO - DAG(s) 'example_time_delta_sensor_async' retrieved from /home/komal/data-engineering-projects/airflow-spark-pipeline/airflow_venv/lib/python3.11/site-packages/airflow/example_dags/example_time_delta_sensor_async.py
[2026-03-18T18:15:08.783+0000] {logging_mixin.py:190} INFO - [2026-03-18T18:15:08.783+0000] {dag.py:3239} INFO - Sync 1 DAGs
[2026-03-18T18:15:08.791+0000] {logging_mixin.py:190} INFO - [2026-03-18T18:15:08.791+0000] {dag.py:4180} INFO - Setting next_dagrun for example_time_delta_sensor_async to None, run_after=None
[2026-03-18T18:15:08.815+0000] {processor.py:208} INFO - Processing /home/komal/data-engineering-projects/airflow-spark-pipeline/airflow_venv/lib/python3.11/site-packages/airflow/example_dags/example_time_delta_sensor_async.py took 0.059 seconds
[2026-03-18T18:16:16.593+0000] {processor.py:186} INFO - Started process (PID=40491) to work on /home/komal/data-engineering-projects/airflow-spark-pipeline/airflow_venv/lib/python3.11/site-packages/airflow/example_dags/example_time_delta_sensor_async.py
[2026-03-18T18:16:16.603+0000] {processor.py:914} INFO - Processing file /home/komal/data-engineering-projects/airflow-spark-pipeline/airflow_venv/lib/python3.11/site-packages/airflow/example_dags/example_time_delta_sensor_async.py for tasks to queue
[2026-03-18T18:16:16.606+0000] {logging_mixin.py:190} INFO - [2026-03-18T18:16:16.606+0000] {dagbag.py:588} INFO - Filling up the DagBag from /home/komal/data-engineering-projects/airflow-spark-pipeline/airflow_venv/lib/python3.11/site-packages/airflow/example_dags/example_time_delta_sensor_async.py
[2026-03-18T18:16:16.611+0000] {processor.py:925} INFO - DAG(s) 'example_time_delta_sensor_async' retrieved from /home/komal/data-engineering-projects/airflow-spark-pipeline/airflow_venv/lib/python3.11/site-packages/airflow/example_dags/example_time_delta_sensor_async.py
[2026-03-18T18:16:16.625+0000] {logging_mixin.py:190} INFO - [2026-03-18T18:16:16.625+0000] {dag.py:3239} INFO - Sync 1 DAGs
[2026-03-18T18:16:16.637+0000] {logging_mixin.py:190} INFO - [2026-03-18T18:16:16.636+0000] {dag.py:4180} INFO - Setting next_dagrun for example_time_delta_sensor_async to None, run_after=None
[2026-03-18T18:16:16.666+0000] {processor.py:208} INFO - Processing /home/komal/data-engineering-projects/airflow-spark-pipeline/airflow_venv/lib/python3.11/site-packages/airflow/example_dags/example_time_delta_sensor_async.py took 0.079 seconds
[2026-03-18T18:17:21.733+0000] {processor.py:186} INFO - Started process (PID=40556) to work on /home/komal/data-engineering-projects/airflow-spark-pipeline/airflow_venv/lib/python3.11/site-packages/airflow/example_dags/example_time_delta_sensor_async.py
[2026-03-18T18:17:21.736+0000] {processor.py:914} INFO - Processing file /home/komal/data-engineering-projects/airflow-spark-pipeline/airflow_venv/lib/python3.11/site-packages/airflow/example_dags/example_time_delta_sensor_async.py for tasks to queue
[2026-03-18T18:17:21.738+0000] {logging_mixin.py:190} INFO - [2026-03-18T18:17:21.738+0000] {dagbag.py:588} INFO - Filling up the DagBag from /home/komal/data-engineering-projects/airflow-spark-pipeline/airflow_venv/lib/python3.11/site-packages/airflow/example_dags/example_time_delta_sensor_async.py
[2026-03-18T18:17:21.744+0000] {processor.py:925} INFO - DAG(s) 'example_time_delta_sensor_async' retrieved from /home/komal/data-engineering-projects/airflow-spark-pipeline/airflow_venv/lib/python3.11/site-packages/airflow/example_dags/example_time_delta_sensor_async.py
[2026-03-18T18:17:21.755+0000] {logging_mixin.py:190} INFO - [2026-03-18T18:17:21.755+0000] {dag.py:3239} INFO - Sync 1 DAGs
[2026-03-18T18:17:21.765+0000] {logging_mixin.py:190} INFO - [2026-03-18T18:17:21.764+0000] {dag.py:4180} INFO - Setting next_dagrun for example_time_delta_sensor_async to None, run_after=None
[2026-03-18T18:17:21.797+0000] {processor.py:208} INFO - Processing /home/komal/data-engineering-projects/airflow-spark-pipeline/airflow_venv/lib/python3.11/site-packages/airflow/example_dags/example_time_delta_sensor_async.py took 0.067 seconds
[2026-03-18T18:18:30.549+0000] {processor.py:186} INFO - Started process (PID=40623) to work on /home/komal/data-engineering-projects/airflow-spark-pipeline/airflow_venv/lib/python3.11/site-packages/airflow/example_dags/example_time_delta_sensor_async.py
[2026-03-18T18:18:30.552+0000] {processor.py:914} INFO - Processing file /home/komal/data-engineering-projects/airflow-spark-pipeline/airflow_venv/lib/python3.11/site-packages/airflow/example_dags/example_time_delta_sensor_async.py for tasks to queue
[2026-03-18T18:18:30.554+0000] {logging_mixin.py:190} INFO - [2026-03-18T18:18:30.553+0000] {dagbag.py:588} INFO - Filling up the DagBag from /home/komal/data-engineering-projects/airflow-spark-pipeline/airflow_venv/lib/python3.11/site-packages/airflow/example_dags/example_time_delta_sensor_async.py
[2026-03-18T18:18:30.559+0000] {processor.py:925} INFO - DAG(s) 'example_time_delta_sensor_async' retrieved from /home/komal/data-engineering-projects/airflow-spark-pipeline/airflow_venv/lib/python3.11/site-packages/airflow/example_dags/example_time_delta_sensor_async.py
[2026-03-18T18:18:30.571+0000] {logging_mixin.py:190} INFO - [2026-03-18T18:18:30.571+0000] {dag.py:3239} INFO - Sync 1 DAGs
[2026-03-18T18:18:30.582+0000] {logging_mixin.py:190} INFO - [2026-03-18T18:18:30.582+0000] {dag.py:4180} INFO - Setting next_dagrun for example_time_delta_sensor_async to None, run_after=None
[2026-03-18T18:18:30.653+0000] {processor.py:208} INFO - Processing /home/komal/data-engineering-projects/airflow-spark-pipeline/airflow_venv/lib/python3.11/site-packages/airflow/example_dags/example_time_delta_sensor_async.py took 0.109 seconds
[2026-03-18T18:19:42.781+0000] {processor.py:186} INFO - Started process (PID=40688) to work on /home/komal/data-engineering-projects/airflow-spark-pipeline/airflow_venv/lib/python3.11/site-packages/airflow/example_dags/example_time_delta_sensor_async.py
[2026-03-18T18:19:42.813+0000] {processor.py:914} INFO - Processing file /home/komal/data-engineering-projects/airflow-spark-pipeline/airflow_venv/lib/python3.11/site-packages/airflow/example_dags/example_time_delta_sensor_async.py for tasks to queue
[2026-03-18T18:19:42.816+0000] {logging_mixin.py:190} INFO - [2026-03-18T18:19:42.816+0000] {dagbag.py:588} INFO - Filling up the DagBag from /home/komal/data-engineering-projects/airflow-spark-pipeline/airflow_venv/lib/python3.11/site-packages/airflow/example_dags/example_time_delta_sensor_async.py
[2026-03-18T18:19:42.824+0000] {processor.py:925} INFO - DAG(s) 'example_time_delta_sensor_async' retrieved from /home/komal/data-engineering-projects/airflow-spark-pipeline/airflow_venv/lib/python3.11/site-packages/airflow/example_dags/example_time_delta_sensor_async.py
[2026-03-18T18:19:42.836+0000] {logging_mixin.py:190} INFO - [2026-03-18T18:19:42.836+0000] {dag.py:3239} INFO - Sync 1 DAGs
[2026-03-18T18:19:42.845+0000] {logging_mixin.py:190} INFO - [2026-03-18T18:19:42.845+0000] {dag.py:4180} INFO - Setting next_dagrun for example_time_delta_sensor_async to None, run_after=None
[2026-03-18T18:19:42.875+0000] {processor.py:208} INFO - Processing /home/komal/data-engineering-projects/airflow-spark-pipeline/airflow_venv/lib/python3.11/site-packages/airflow/example_dags/example_time_delta_sensor_async.py took 0.103 seconds
[2026-03-18T18:20:51.200+0000] {processor.py:186} INFO - Started process (PID=40755) to work on /home/komal/data-engineering-projects/airflow-spark-pipeline/airflow_venv/lib/python3.11/site-packages/airflow/example_dags/example_time_delta_sensor_async.py
[2026-03-18T18:20:51.214+0000] {processor.py:914} INFO - Processing file /home/komal/data-engineering-projects/airflow-spark-pipeline/airflow_venv/lib/python3.11/site-packages/airflow/example_dags/example_time_delta_sensor_async.py for tasks to queue
[2026-03-18T18:20:51.216+0000] {logging_mixin.py:190} INFO - [2026-03-18T18:20:51.215+0000] {dagbag.py:588} INFO - Filling up the DagBag from /home/komal/data-engineering-projects/airflow-spark-pipeline/airflow_venv/lib/python3.11/site-packages/airflow/example_dags/example_time_delta_sensor_async.py
[2026-03-18T18:20:51.221+0000] {processor.py:925} INFO - DAG(s) 'example_time_delta_sensor_async' retrieved from /home/komal/data-engineering-projects/airflow-spark-pipeline/airflow_venv/lib/python3.11/site-packages/airflow/example_dags/example_time_delta_sensor_async.py
[2026-03-18T18:20:51.234+0000] {logging_mixin.py:190} INFO - [2026-03-18T18:20:51.234+0000] {dag.py:3239} INFO - Sync 1 DAGs
[2026-03-18T18:20:51.243+0000] {logging_mixin.py:190} INFO - [2026-03-18T18:20:51.243+0000] {dag.py:4180} INFO - Setting next_dagrun for example_time_delta_sensor_async to None, run_after=None
[2026-03-18T18:20:51.280+0000] {processor.py:208} INFO - Processing /home/komal/data-engineering-projects/airflow-spark-pipeline/airflow_venv/lib/python3.11/site-packages/airflow/example_dags/example_time_delta_sensor_async.py took 0.086 seconds
[2026-03-18T18:21:58.324+0000] {processor.py:186} INFO - Started process (PID=40889) to work on /home/komal/data-engineering-projects/airflow-spark-pipeline/airflow_venv/lib/python3.11/site-packages/airflow/example_dags/example_time_delta_sensor_async.py
[2026-03-18T18:21:58.328+0000] {processor.py:914} INFO - Processing file /home/komal/data-engineering-projects/airflow-spark-pipeline/airflow_venv/lib/python3.11/site-packages/airflow/example_dags/example_time_delta_sensor_async.py for tasks to queue
[2026-03-18T18:21:58.332+0000] {logging_mixin.py:190} INFO - [2026-03-18T18:21:58.331+0000] {dagbag.py:588} INFO - Filling up the DagBag from /home/komal/data-engineering-projects/airflow-spark-pipeline/airflow_venv/lib/python3.11/site-packages/airflow/example_dags/example_time_delta_sensor_async.py
[2026-03-18T18:21:58.340+0000] {processor.py:925} INFO - DAG(s) 'example_time_delta_sensor_async' retrieved from /home/komal/data-engineering-projects/airflow-spark-pipeline/airflow_venv/lib/python3.11/site-packages/airflow/example_dags/example_time_delta_sensor_async.py
[2026-03-18T18:21:58.353+0000] {logging_mixin.py:190} INFO - [2026-03-18T18:21:58.353+0000] {dag.py:3239} INFO - Sync 1 DAGs
[2026-03-18T18:21:58.364+0000] {logging_mixin.py:190} INFO - [2026-03-18T18:21:58.364+0000] {dag.py:4180} INFO - Setting next_dagrun for example_time_delta_sensor_async to None, run_after=None
[2026-03-18T18:21:58.388+0000] {processor.py:208} INFO - Processing /home/komal/data-engineering-projects/airflow-spark-pipeline/airflow_venv/lib/python3.11/site-packages/airflow/example_dags/example_time_delta_sensor_async.py took 0.074 seconds
[2026-03-18T18:23:07.289+0000] {processor.py:186} INFO - Started process (PID=40959) to work on /home/komal/data-engineering-projects/airflow-spark-pipeline/airflow_venv/lib/python3.11/site-packages/airflow/example_dags/example_time_delta_sensor_async.py
[2026-03-18T18:23:07.290+0000] {processor.py:914} INFO - Processing file /home/komal/data-engineering-projects/airflow-spark-pipeline/airflow_venv/lib/python3.11/site-packages/airflow/example_dags/example_time_delta_sensor_async.py for tasks to queue
[2026-03-18T18:23:07.293+0000] {logging_mixin.py:190} INFO - [2026-03-18T18:23:07.292+0000] {dagbag.py:588} INFO - Filling up the DagBag from /home/komal/data-engineering-projects/airflow-spark-pipeline/airflow_venv/lib/python3.11/site-packages/airflow/example_dags/example_time_delta_sensor_async.py
[2026-03-18T18:23:07.300+0000] {processor.py:925} INFO - DAG(s) 'example_time_delta_sensor_async' retrieved from /home/komal/data-engineering-projects/airflow-spark-pipeline/airflow_venv/lib/python3.11/site-packages/airflow/example_dags/example_time_delta_sensor_async.py
[2026-03-18T18:23:07.311+0000] {logging_mixin.py:190} INFO - [2026-03-18T18:23:07.311+0000] {dag.py:3239} INFO - Sync 1 DAGs
[2026-03-18T18:23:07.320+0000] {logging_mixin.py:190} INFO - [2026-03-18T18:23:07.320+0000] {dag.py:4180} INFO - Setting next_dagrun for example_time_delta_sensor_async to None, run_after=None
[2026-03-18T18:23:07.346+0000] {processor.py:208} INFO - Processing /home/komal/data-engineering-projects/airflow-spark-pipeline/airflow_venv/lib/python3.11/site-packages/airflow/example_dags/example_time_delta_sensor_async.py took 0.064 seconds
[2026-03-18T18:24:18.070+0000] {processor.py:186} INFO - Started process (PID=41027) to work on /home/komal/data-engineering-projects/airflow-spark-pipeline/airflow_venv/lib/python3.11/site-packages/airflow/example_dags/example_time_delta_sensor_async.py
[2026-03-18T18:24:18.102+0000] {processor.py:914} INFO - Processing file /home/komal/data-engineering-projects/airflow-spark-pipeline/airflow_venv/lib/python3.11/site-packages/airflow/example_dags/example_time_delta_sensor_async.py for tasks to queue
[2026-03-18T18:24:18.107+0000] {logging_mixin.py:190} INFO - [2026-03-18T18:24:18.106+0000] {dagbag.py:588} INFO - Filling up the DagBag from /home/komal/data-engineering-projects/airflow-spark-pipeline/airflow_venv/lib/python3.11/site-packages/airflow/example_dags/example_time_delta_sensor_async.py
[2026-03-18T18:24:18.120+0000] {processor.py:925} INFO - DAG(s) 'example_time_delta_sensor_async' retrieved from /home/komal/data-engineering-projects/airflow-spark-pipeline/airflow_venv/lib/python3.11/site-packages/airflow/example_dags/example_time_delta_sensor_async.py
[2026-03-18T18:24:18.133+0000] {logging_mixin.py:190} INFO - [2026-03-18T18:24:18.133+0000] {dag.py:3239} INFO - Sync 1 DAGs
[2026-03-18T18:24:18.148+0000] {logging_mixin.py:190} INFO - [2026-03-18T18:24:18.148+0000] {dag.py:4180} INFO - Setting next_dagrun for example_time_delta_sensor_async to None, run_after=None
[2026-03-18T18:24:18.174+0000] {processor.py:208} INFO - Processing /home/komal/data-engineering-projects/airflow-spark-pipeline/airflow_venv/lib/python3.11/site-packages/airflow/example_dags/example_time_delta_sensor_async.py took 0.113 seconds
