[2026-03-18T06:16:00.279+0000] {processor.py:157} INFO - Started process (PID=27461) to work on /home/komal/data-engineering-projects/airflow-spark-pipeline/airflow_venv/lib/python3.11/site-packages/airflow/example_dags/example_local_kubernetes_executor.py
[2026-03-18T06:16:00.280+0000] {processor.py:826} INFO - Processing file /home/komal/data-engineering-projects/airflow-spark-pipeline/airflow_venv/lib/python3.11/site-packages/airflow/example_dags/example_local_kubernetes_executor.py for tasks to queue
[2026-03-18T06:16:00.281+0000] {logging_mixin.py:150} INFO - [2026-03-18T06:16:00.281+0000] {dagbag.py:541} INFO - Filling up the DagBag from /home/komal/data-engineering-projects/airflow-spark-pipeline/airflow_venv/lib/python3.11/site-packages/airflow/example_dags/example_local_kubernetes_executor.py
[2026-03-18T06:16:00.285+0000] {logging_mixin.py:150} INFO - [2026-03-18T06:16:00.284+0000] {example_local_kubernetes_executor.py:39} WARNING - Could not import DAGs in example_local_kubernetes_executor.py
Traceback (most recent call last):
  File "/home/komal/data-engineering-projects/airflow-spark-pipeline/airflow_venv/lib/python3.11/site-packages/airflow/example_dags/example_local_kubernetes_executor.py", line 37, in <module>
    from kubernetes.client import models as k8s
ModuleNotFoundError: No module named 'kubernetes'
[2026-03-18T06:16:00.285+0000] {logging_mixin.py:150} INFO - [2026-03-18T06:16:00.285+0000] {example_local_kubernetes_executor.py:40} WARNING - Install Kubernetes dependencies with: pip install apache-airflow[cncf.kubernetes]
[2026-03-18T06:16:00.286+0000] {processor.py:838} WARNING - No viable dags retrieved from /home/komal/data-engineering-projects/airflow-spark-pipeline/airflow_venv/lib/python3.11/site-packages/airflow/example_dags/example_local_kubernetes_executor.py
[2026-03-18T06:16:00.295+0000] {processor.py:179} INFO - Processing /home/komal/data-engineering-projects/airflow-spark-pipeline/airflow_venv/lib/python3.11/site-packages/airflow/example_dags/example_local_kubernetes_executor.py took 0.024 seconds
[2026-03-18T06:16:59.311+0000] {processor.py:157} INFO - Started process (PID=27511) to work on /home/komal/data-engineering-projects/airflow-spark-pipeline/airflow_venv/lib/python3.11/site-packages/airflow/example_dags/example_local_kubernetes_executor.py
[2026-03-18T06:16:59.314+0000] {processor.py:826} INFO - Processing file /home/komal/data-engineering-projects/airflow-spark-pipeline/airflow_venv/lib/python3.11/site-packages/airflow/example_dags/example_local_kubernetes_executor.py for tasks to queue
[2026-03-18T06:16:59.316+0000] {logging_mixin.py:150} INFO - [2026-03-18T06:16:59.316+0000] {dagbag.py:541} INFO - Filling up the DagBag from /home/komal/data-engineering-projects/airflow-spark-pipeline/airflow_venv/lib/python3.11/site-packages/airflow/example_dags/example_local_kubernetes_executor.py
[2026-03-18T06:16:59.322+0000] {logging_mixin.py:150} INFO - [2026-03-18T06:16:59.320+0000] {example_local_kubernetes_executor.py:39} WARNING - Could not import DAGs in example_local_kubernetes_executor.py
Traceback (most recent call last):
  File "/home/komal/data-engineering-projects/airflow-spark-pipeline/airflow_venv/lib/python3.11/site-packages/airflow/example_dags/example_local_kubernetes_executor.py", line 37, in <module>
    from kubernetes.client import models as k8s
ModuleNotFoundError: No module named 'kubernetes'
[2026-03-18T06:16:59.322+0000] {logging_mixin.py:150} INFO - [2026-03-18T06:16:59.322+0000] {example_local_kubernetes_executor.py:40} WARNING - Install Kubernetes dependencies with: pip install apache-airflow[cncf.kubernetes]
[2026-03-18T06:16:59.322+0000] {processor.py:838} WARNING - No viable dags retrieved from /home/komal/data-engineering-projects/airflow-spark-pipeline/airflow_venv/lib/python3.11/site-packages/airflow/example_dags/example_local_kubernetes_executor.py
[2026-03-18T06:16:59.337+0000] {processor.py:179} INFO - Processing /home/komal/data-engineering-projects/airflow-spark-pipeline/airflow_venv/lib/python3.11/site-packages/airflow/example_dags/example_local_kubernetes_executor.py took 0.031 seconds
[2026-03-18T06:17:43.061+0000] {processor.py:157} INFO - Started process (PID=27572) to work on /home/komal/data-engineering-projects/airflow-spark-pipeline/airflow_venv/lib/python3.11/site-packages/airflow/example_dags/example_local_kubernetes_executor.py
[2026-03-18T06:17:43.064+0000] {processor.py:826} INFO - Processing file /home/komal/data-engineering-projects/airflow-spark-pipeline/airflow_venv/lib/python3.11/site-packages/airflow/example_dags/example_local_kubernetes_executor.py for tasks to queue
[2026-03-18T06:17:43.065+0000] {logging_mixin.py:150} INFO - [2026-03-18T06:17:43.065+0000] {dagbag.py:541} INFO - Filling up the DagBag from /home/komal/data-engineering-projects/airflow-spark-pipeline/airflow_venv/lib/python3.11/site-packages/airflow/example_dags/example_local_kubernetes_executor.py
[2026-03-18T06:17:43.072+0000] {logging_mixin.py:150} INFO - [2026-03-18T06:17:43.070+0000] {example_local_kubernetes_executor.py:39} WARNING - Could not import DAGs in example_local_kubernetes_executor.py
Traceback (most recent call last):
  File "/home/komal/data-engineering-projects/airflow-spark-pipeline/airflow_venv/lib/python3.11/site-packages/airflow/example_dags/example_local_kubernetes_executor.py", line 37, in <module>
    from kubernetes.client import models as k8s
ModuleNotFoundError: No module named 'kubernetes'
[2026-03-18T06:17:43.072+0000] {logging_mixin.py:150} INFO - [2026-03-18T06:17:43.072+0000] {example_local_kubernetes_executor.py:40} WARNING - Install Kubernetes dependencies with: pip install apache-airflow[cncf.kubernetes]
[2026-03-18T06:17:43.074+0000] {processor.py:838} WARNING - No viable dags retrieved from /home/komal/data-engineering-projects/airflow-spark-pipeline/airflow_venv/lib/python3.11/site-packages/airflow/example_dags/example_local_kubernetes_executor.py
[2026-03-18T06:17:43.088+0000] {processor.py:179} INFO - Processing /home/komal/data-engineering-projects/airflow-spark-pipeline/airflow_venv/lib/python3.11/site-packages/airflow/example_dags/example_local_kubernetes_executor.py took 0.030 seconds
[2026-03-18T06:33:39.133+0000] {processor.py:186} INFO - Started process (PID=28039) to work on /home/komal/data-engineering-projects/airflow-spark-pipeline/airflow_venv/lib/python3.11/site-packages/airflow/example_dags/example_local_kubernetes_executor.py
[2026-03-18T06:33:39.137+0000] {processor.py:914} INFO - Processing file /home/komal/data-engineering-projects/airflow-spark-pipeline/airflow_venv/lib/python3.11/site-packages/airflow/example_dags/example_local_kubernetes_executor.py for tasks to queue
[2026-03-18T06:33:39.139+0000] {logging_mixin.py:190} INFO - [2026-03-18T06:33:39.138+0000] {dagbag.py:588} INFO - Filling up the DagBag from /home/komal/data-engineering-projects/airflow-spark-pipeline/airflow_venv/lib/python3.11/site-packages/airflow/example_dags/example_local_kubernetes_executor.py
[2026-03-18T06:33:39.141+0000] {logging_mixin.py:190} INFO - [2026-03-18T06:33:39.140+0000] {example_local_kubernetes_executor.py:40} WARNING - Could not import DAGs in example_local_kubernetes_executor.py
Traceback (most recent call last):
  File "/home/komal/data-engineering-projects/airflow-spark-pipeline/airflow_venv/lib/python3.11/site-packages/airflow/example_dags/example_local_kubernetes_executor.py", line 38, in <module>
    from kubernetes.client import models as k8s
ModuleNotFoundError: No module named 'kubernetes'
[2026-03-18T06:33:39.141+0000] {logging_mixin.py:190} INFO - [2026-03-18T06:33:39.141+0000] {example_local_kubernetes_executor.py:41} WARNING - Install Kubernetes dependencies with: pip install apache-airflow[cncf.kubernetes]
[2026-03-18T06:33:39.141+0000] {processor.py:927} WARNING - No viable dags retrieved from /home/komal/data-engineering-projects/airflow-spark-pipeline/airflow_venv/lib/python3.11/site-packages/airflow/example_dags/example_local_kubernetes_executor.py
[2026-03-18T06:33:39.148+0000] {processor.py:208} INFO - Processing /home/komal/data-engineering-projects/airflow-spark-pipeline/airflow_venv/lib/python3.11/site-packages/airflow/example_dags/example_local_kubernetes_executor.py took 0.027 seconds
[2026-03-18T06:34:45.697+0000] {processor.py:186} INFO - Started process (PID=28101) to work on /home/komal/data-engineering-projects/airflow-spark-pipeline/airflow_venv/lib/python3.11/site-packages/airflow/example_dags/example_local_kubernetes_executor.py
[2026-03-18T06:34:45.729+0000] {processor.py:914} INFO - Processing file /home/komal/data-engineering-projects/airflow-spark-pipeline/airflow_venv/lib/python3.11/site-packages/airflow/example_dags/example_local_kubernetes_executor.py for tasks to queue
[2026-03-18T06:34:45.732+0000] {logging_mixin.py:190} INFO - [2026-03-18T06:34:45.732+0000] {dagbag.py:588} INFO - Filling up the DagBag from /home/komal/data-engineering-projects/airflow-spark-pipeline/airflow_venv/lib/python3.11/site-packages/airflow/example_dags/example_local_kubernetes_executor.py
[2026-03-18T06:34:45.738+0000] {logging_mixin.py:190} INFO - [2026-03-18T06:34:45.737+0000] {example_local_kubernetes_executor.py:40} WARNING - Could not import DAGs in example_local_kubernetes_executor.py
Traceback (most recent call last):
  File "/home/komal/data-engineering-projects/airflow-spark-pipeline/airflow_venv/lib/python3.11/site-packages/airflow/example_dags/example_local_kubernetes_executor.py", line 38, in <module>
    from kubernetes.client import models as k8s
ModuleNotFoundError: No module named 'kubernetes'
[2026-03-18T06:34:45.738+0000] {logging_mixin.py:190} INFO - [2026-03-18T06:34:45.738+0000] {example_local_kubernetes_executor.py:41} WARNING - Install Kubernetes dependencies with: pip install apache-airflow[cncf.kubernetes]
[2026-03-18T06:34:45.738+0000] {processor.py:927} WARNING - No viable dags retrieved from /home/komal/data-engineering-projects/airflow-spark-pipeline/airflow_venv/lib/python3.11/site-packages/airflow/example_dags/example_local_kubernetes_executor.py
[2026-03-18T06:34:45.753+0000] {processor.py:208} INFO - Processing /home/komal/data-engineering-projects/airflow-spark-pipeline/airflow_venv/lib/python3.11/site-packages/airflow/example_dags/example_local_kubernetes_executor.py took 0.066 seconds
[2026-03-18T06:35:50.431+0000] {processor.py:186} INFO - Started process (PID=28173) to work on /home/komal/data-engineering-projects/airflow-spark-pipeline/airflow_venv/lib/python3.11/site-packages/airflow/example_dags/example_local_kubernetes_executor.py
[2026-03-18T06:35:50.465+0000] {processor.py:914} INFO - Processing file /home/komal/data-engineering-projects/airflow-spark-pipeline/airflow_venv/lib/python3.11/site-packages/airflow/example_dags/example_local_kubernetes_executor.py for tasks to queue
[2026-03-18T06:35:50.467+0000] {logging_mixin.py:190} INFO - [2026-03-18T06:35:50.466+0000] {dagbag.py:588} INFO - Filling up the DagBag from /home/komal/data-engineering-projects/airflow-spark-pipeline/airflow_venv/lib/python3.11/site-packages/airflow/example_dags/example_local_kubernetes_executor.py
[2026-03-18T06:35:50.472+0000] {logging_mixin.py:190} INFO - [2026-03-18T06:35:50.471+0000] {example_local_kubernetes_executor.py:40} WARNING - Could not import DAGs in example_local_kubernetes_executor.py
Traceback (most recent call last):
  File "/home/komal/data-engineering-projects/airflow-spark-pipeline/airflow_venv/lib/python3.11/site-packages/airflow/example_dags/example_local_kubernetes_executor.py", line 38, in <module>
    from kubernetes.client import models as k8s
ModuleNotFoundError: No module named 'kubernetes'
[2026-03-18T06:35:50.472+0000] {logging_mixin.py:190} INFO - [2026-03-18T06:35:50.472+0000] {example_local_kubernetes_executor.py:41} WARNING - Install Kubernetes dependencies with: pip install apache-airflow[cncf.kubernetes]
[2026-03-18T06:35:50.473+0000] {processor.py:927} WARNING - No viable dags retrieved from /home/komal/data-engineering-projects/airflow-spark-pipeline/airflow_venv/lib/python3.11/site-packages/airflow/example_dags/example_local_kubernetes_executor.py
[2026-03-18T06:35:50.489+0000] {processor.py:208} INFO - Processing /home/komal/data-engineering-projects/airflow-spark-pipeline/airflow_venv/lib/python3.11/site-packages/airflow/example_dags/example_local_kubernetes_executor.py took 0.066 seconds
[2026-03-18T06:36:58.848+0000] {processor.py:186} INFO - Started process (PID=28240) to work on /home/komal/data-engineering-projects/airflow-spark-pipeline/airflow_venv/lib/python3.11/site-packages/airflow/example_dags/example_local_kubernetes_executor.py
[2026-03-18T06:36:58.881+0000] {processor.py:914} INFO - Processing file /home/komal/data-engineering-projects/airflow-spark-pipeline/airflow_venv/lib/python3.11/site-packages/airflow/example_dags/example_local_kubernetes_executor.py for tasks to queue
[2026-03-18T06:36:58.884+0000] {logging_mixin.py:190} INFO - [2026-03-18T06:36:58.883+0000] {dagbag.py:588} INFO - Filling up the DagBag from /home/komal/data-engineering-projects/airflow-spark-pipeline/airflow_venv/lib/python3.11/site-packages/airflow/example_dags/example_local_kubernetes_executor.py
[2026-03-18T06:36:58.890+0000] {logging_mixin.py:190} INFO - [2026-03-18T06:36:58.889+0000] {example_local_kubernetes_executor.py:40} WARNING - Could not import DAGs in example_local_kubernetes_executor.py
Traceback (most recent call last):
  File "/home/komal/data-engineering-projects/airflow-spark-pipeline/airflow_venv/lib/python3.11/site-packages/airflow/example_dags/example_local_kubernetes_executor.py", line 38, in <module>
    from kubernetes.client import models as k8s
ModuleNotFoundError: No module named 'kubernetes'
[2026-03-18T06:36:58.890+0000] {logging_mixin.py:190} INFO - [2026-03-18T06:36:58.890+0000] {example_local_kubernetes_executor.py:41} WARNING - Install Kubernetes dependencies with: pip install apache-airflow[cncf.kubernetes]
[2026-03-18T06:36:58.890+0000] {processor.py:927} WARNING - No viable dags retrieved from /home/komal/data-engineering-projects/airflow-spark-pipeline/airflow_venv/lib/python3.11/site-packages/airflow/example_dags/example_local_kubernetes_executor.py
[2026-03-18T06:36:58.910+0000] {processor.py:208} INFO - Processing /home/komal/data-engineering-projects/airflow-spark-pipeline/airflow_venv/lib/python3.11/site-packages/airflow/example_dags/example_local_kubernetes_executor.py took 0.070 seconds
[2026-03-18T06:38:19.893+0000] {processor.py:186} INFO - Started process (PID=28332) to work on /home/komal/data-engineering-projects/airflow-spark-pipeline/airflow_venv/lib/python3.11/site-packages/airflow/example_dags/example_local_kubernetes_executor.py
[2026-03-18T06:38:19.924+0000] {processor.py:914} INFO - Processing file /home/komal/data-engineering-projects/airflow-spark-pipeline/airflow_venv/lib/python3.11/site-packages/airflow/example_dags/example_local_kubernetes_executor.py for tasks to queue
[2026-03-18T06:38:19.926+0000] {logging_mixin.py:190} INFO - [2026-03-18T06:38:19.926+0000] {dagbag.py:588} INFO - Filling up the DagBag from /home/komal/data-engineering-projects/airflow-spark-pipeline/airflow_venv/lib/python3.11/site-packages/airflow/example_dags/example_local_kubernetes_executor.py
[2026-03-18T06:38:19.928+0000] {logging_mixin.py:190} INFO - [2026-03-18T06:38:19.928+0000] {example_local_kubernetes_executor.py:40} WARNING - Could not import DAGs in example_local_kubernetes_executor.py
Traceback (most recent call last):
  File "/home/komal/data-engineering-projects/airflow-spark-pipeline/airflow_venv/lib/python3.11/site-packages/airflow/example_dags/example_local_kubernetes_executor.py", line 38, in <module>
    from kubernetes.client import models as k8s
ModuleNotFoundError: No module named 'kubernetes'
[2026-03-18T06:38:19.928+0000] {logging_mixin.py:190} INFO - [2026-03-18T06:38:19.928+0000] {example_local_kubernetes_executor.py:41} WARNING - Install Kubernetes dependencies with: pip install apache-airflow[cncf.kubernetes]
[2026-03-18T06:38:19.928+0000] {processor.py:927} WARNING - No viable dags retrieved from /home/komal/data-engineering-projects/airflow-spark-pipeline/airflow_venv/lib/python3.11/site-packages/airflow/example_dags/example_local_kubernetes_executor.py
[2026-03-18T06:38:20.092+0000] {processor.py:208} INFO - Processing /home/komal/data-engineering-projects/airflow-spark-pipeline/airflow_venv/lib/python3.11/site-packages/airflow/example_dags/example_local_kubernetes_executor.py took 0.203 seconds
[2026-03-18T06:39:30.516+0000] {processor.py:186} INFO - Started process (PID=28476) to work on /home/komal/data-engineering-projects/airflow-spark-pipeline/airflow_venv/lib/python3.11/site-packages/airflow/example_dags/example_local_kubernetes_executor.py
[2026-03-18T06:39:30.548+0000] {processor.py:914} INFO - Processing file /home/komal/data-engineering-projects/airflow-spark-pipeline/airflow_venv/lib/python3.11/site-packages/airflow/example_dags/example_local_kubernetes_executor.py for tasks to queue
[2026-03-18T06:39:30.551+0000] {logging_mixin.py:190} INFO - [2026-03-18T06:39:30.550+0000] {dagbag.py:588} INFO - Filling up the DagBag from /home/komal/data-engineering-projects/airflow-spark-pipeline/airflow_venv/lib/python3.11/site-packages/airflow/example_dags/example_local_kubernetes_executor.py
[2026-03-18T06:39:30.555+0000] {logging_mixin.py:190} INFO - [2026-03-18T06:39:30.554+0000] {example_local_kubernetes_executor.py:40} WARNING - Could not import DAGs in example_local_kubernetes_executor.py
Traceback (most recent call last):
  File "/home/komal/data-engineering-projects/airflow-spark-pipeline/airflow_venv/lib/python3.11/site-packages/airflow/example_dags/example_local_kubernetes_executor.py", line 38, in <module>
    from kubernetes.client import models as k8s
ModuleNotFoundError: No module named 'kubernetes'
[2026-03-18T06:39:30.555+0000] {logging_mixin.py:190} INFO - [2026-03-18T06:39:30.555+0000] {example_local_kubernetes_executor.py:41} WARNING - Install Kubernetes dependencies with: pip install apache-airflow[cncf.kubernetes]
[2026-03-18T06:39:30.555+0000] {processor.py:927} WARNING - No viable dags retrieved from /home/komal/data-engineering-projects/airflow-spark-pipeline/airflow_venv/lib/python3.11/site-packages/airflow/example_dags/example_local_kubernetes_executor.py
[2026-03-18T06:39:30.564+0000] {processor.py:208} INFO - Processing /home/komal/data-engineering-projects/airflow-spark-pipeline/airflow_venv/lib/python3.11/site-packages/airflow/example_dags/example_local_kubernetes_executor.py took 0.052 seconds
[2026-03-18T06:40:38.647+0000] {processor.py:186} INFO - Started process (PID=28546) to work on /home/komal/data-engineering-projects/airflow-spark-pipeline/airflow_venv/lib/python3.11/site-packages/airflow/example_dags/example_local_kubernetes_executor.py
[2026-03-18T06:40:38.679+0000] {processor.py:914} INFO - Processing file /home/komal/data-engineering-projects/airflow-spark-pipeline/airflow_venv/lib/python3.11/site-packages/airflow/example_dags/example_local_kubernetes_executor.py for tasks to queue
[2026-03-18T06:40:38.683+0000] {logging_mixin.py:190} INFO - [2026-03-18T06:40:38.682+0000] {dagbag.py:588} INFO - Filling up the DagBag from /home/komal/data-engineering-projects/airflow-spark-pipeline/airflow_venv/lib/python3.11/site-packages/airflow/example_dags/example_local_kubernetes_executor.py
[2026-03-18T06:40:38.688+0000] {logging_mixin.py:190} INFO - [2026-03-18T06:40:38.687+0000] {example_local_kubernetes_executor.py:40} WARNING - Could not import DAGs in example_local_kubernetes_executor.py
Traceback (most recent call last):
  File "/home/komal/data-engineering-projects/airflow-spark-pipeline/airflow_venv/lib/python3.11/site-packages/airflow/example_dags/example_local_kubernetes_executor.py", line 38, in <module>
    from kubernetes.client import models as k8s
ModuleNotFoundError: No module named 'kubernetes'
[2026-03-18T06:40:38.688+0000] {logging_mixin.py:190} INFO - [2026-03-18T06:40:38.688+0000] {example_local_kubernetes_executor.py:41} WARNING - Install Kubernetes dependencies with: pip install apache-airflow[cncf.kubernetes]
[2026-03-18T06:40:38.688+0000] {processor.py:927} WARNING - No viable dags retrieved from /home/komal/data-engineering-projects/airflow-spark-pipeline/airflow_venv/lib/python3.11/site-packages/airflow/example_dags/example_local_kubernetes_executor.py
[2026-03-18T06:40:38.703+0000] {processor.py:208} INFO - Processing /home/komal/data-engineering-projects/airflow-spark-pipeline/airflow_venv/lib/python3.11/site-packages/airflow/example_dags/example_local_kubernetes_executor.py took 0.062 seconds
[2026-03-18T06:41:47.767+0000] {processor.py:186} INFO - Started process (PID=28694) to work on /home/komal/data-engineering-projects/airflow-spark-pipeline/airflow_venv/lib/python3.11/site-packages/airflow/example_dags/example_local_kubernetes_executor.py
[2026-03-18T06:41:47.798+0000] {processor.py:914} INFO - Processing file /home/komal/data-engineering-projects/airflow-spark-pipeline/airflow_venv/lib/python3.11/site-packages/airflow/example_dags/example_local_kubernetes_executor.py for tasks to queue
[2026-03-18T06:41:47.802+0000] {logging_mixin.py:190} INFO - [2026-03-18T06:41:47.801+0000] {dagbag.py:588} INFO - Filling up the DagBag from /home/komal/data-engineering-projects/airflow-spark-pipeline/airflow_venv/lib/python3.11/site-packages/airflow/example_dags/example_local_kubernetes_executor.py
[2026-03-18T06:41:47.806+0000] {logging_mixin.py:190} INFO - [2026-03-18T06:41:47.806+0000] {example_local_kubernetes_executor.py:40} WARNING - Could not import DAGs in example_local_kubernetes_executor.py
Traceback (most recent call last):
  File "/home/komal/data-engineering-projects/airflow-spark-pipeline/airflow_venv/lib/python3.11/site-packages/airflow/example_dags/example_local_kubernetes_executor.py", line 38, in <module>
    from kubernetes.client import models as k8s
ModuleNotFoundError: No module named 'kubernetes'
[2026-03-18T06:41:47.807+0000] {logging_mixin.py:190} INFO - [2026-03-18T06:41:47.807+0000] {example_local_kubernetes_executor.py:41} WARNING - Install Kubernetes dependencies with: pip install apache-airflow[cncf.kubernetes]
[2026-03-18T06:41:47.807+0000] {processor.py:927} WARNING - No viable dags retrieved from /home/komal/data-engineering-projects/airflow-spark-pipeline/airflow_venv/lib/python3.11/site-packages/airflow/example_dags/example_local_kubernetes_executor.py
[2026-03-18T06:41:47.818+0000] {processor.py:208} INFO - Processing /home/komal/data-engineering-projects/airflow-spark-pipeline/airflow_venv/lib/python3.11/site-packages/airflow/example_dags/example_local_kubernetes_executor.py took 0.057 seconds
[2026-03-18T06:43:03.074+0000] {processor.py:186} INFO - Started process (PID=28772) to work on /home/komal/data-engineering-projects/airflow-spark-pipeline/airflow_venv/lib/python3.11/site-packages/airflow/example_dags/example_local_kubernetes_executor.py
[2026-03-18T06:43:03.107+0000] {processor.py:914} INFO - Processing file /home/komal/data-engineering-projects/airflow-spark-pipeline/airflow_venv/lib/python3.11/site-packages/airflow/example_dags/example_local_kubernetes_executor.py for tasks to queue
[2026-03-18T06:43:03.109+0000] {logging_mixin.py:190} INFO - [2026-03-18T06:43:03.108+0000] {dagbag.py:588} INFO - Filling up the DagBag from /home/komal/data-engineering-projects/airflow-spark-pipeline/airflow_venv/lib/python3.11/site-packages/airflow/example_dags/example_local_kubernetes_executor.py
[2026-03-18T06:43:03.111+0000] {logging_mixin.py:190} INFO - [2026-03-18T06:43:03.111+0000] {example_local_kubernetes_executor.py:40} WARNING - Could not import DAGs in example_local_kubernetes_executor.py
Traceback (most recent call last):
  File "/home/komal/data-engineering-projects/airflow-spark-pipeline/airflow_venv/lib/python3.11/site-packages/airflow/example_dags/example_local_kubernetes_executor.py", line 38, in <module>
    from kubernetes.client import models as k8s
ModuleNotFoundError: No module named 'kubernetes'
[2026-03-18T06:43:03.111+0000] {logging_mixin.py:190} INFO - [2026-03-18T06:43:03.111+0000] {example_local_kubernetes_executor.py:41} WARNING - Install Kubernetes dependencies with: pip install apache-airflow[cncf.kubernetes]
[2026-03-18T06:43:03.111+0000] {processor.py:927} WARNING - No viable dags retrieved from /home/komal/data-engineering-projects/airflow-spark-pipeline/airflow_venv/lib/python3.11/site-packages/airflow/example_dags/example_local_kubernetes_executor.py
[2026-03-18T06:43:03.120+0000] {processor.py:208} INFO - Processing /home/komal/data-engineering-projects/airflow-spark-pipeline/airflow_venv/lib/python3.11/site-packages/airflow/example_dags/example_local_kubernetes_executor.py took 0.051 seconds
[2026-03-18T06:44:28.159+0000] {processor.py:186} INFO - Started process (PID=28922) to work on /home/komal/data-engineering-projects/airflow-spark-pipeline/airflow_venv/lib/python3.11/site-packages/airflow/example_dags/example_local_kubernetes_executor.py
[2026-03-18T06:44:28.191+0000] {processor.py:914} INFO - Processing file /home/komal/data-engineering-projects/airflow-spark-pipeline/airflow_venv/lib/python3.11/site-packages/airflow/example_dags/example_local_kubernetes_executor.py for tasks to queue
[2026-03-18T06:44:28.194+0000] {logging_mixin.py:190} INFO - [2026-03-18T06:44:28.194+0000] {dagbag.py:588} INFO - Filling up the DagBag from /home/komal/data-engineering-projects/airflow-spark-pipeline/airflow_venv/lib/python3.11/site-packages/airflow/example_dags/example_local_kubernetes_executor.py
[2026-03-18T06:44:28.199+0000] {logging_mixin.py:190} INFO - [2026-03-18T06:44:28.198+0000] {example_local_kubernetes_executor.py:40} WARNING - Could not import DAGs in example_local_kubernetes_executor.py
Traceback (most recent call last):
  File "/home/komal/data-engineering-projects/airflow-spark-pipeline/airflow_venv/lib/python3.11/site-packages/airflow/example_dags/example_local_kubernetes_executor.py", line 38, in <module>
    from kubernetes.client import models as k8s
ModuleNotFoundError: No module named 'kubernetes'
[2026-03-18T06:44:28.199+0000] {logging_mixin.py:190} INFO - [2026-03-18T06:44:28.199+0000] {example_local_kubernetes_executor.py:41} WARNING - Install Kubernetes dependencies with: pip install apache-airflow[cncf.kubernetes]
[2026-03-18T06:44:28.200+0000] {processor.py:927} WARNING - No viable dags retrieved from /home/komal/data-engineering-projects/airflow-spark-pipeline/airflow_venv/lib/python3.11/site-packages/airflow/example_dags/example_local_kubernetes_executor.py
[2026-03-18T06:44:28.224+0000] {processor.py:208} INFO - Processing /home/komal/data-engineering-projects/airflow-spark-pipeline/airflow_venv/lib/python3.11/site-packages/airflow/example_dags/example_local_kubernetes_executor.py took 0.073 seconds
[2026-03-18T06:45:44.677+0000] {processor.py:186} INFO - Started process (PID=29123) to work on /home/komal/data-engineering-projects/airflow-spark-pipeline/airflow_venv/lib/python3.11/site-packages/airflow/example_dags/example_local_kubernetes_executor.py
[2026-03-18T06:45:44.709+0000] {processor.py:914} INFO - Processing file /home/komal/data-engineering-projects/airflow-spark-pipeline/airflow_venv/lib/python3.11/site-packages/airflow/example_dags/example_local_kubernetes_executor.py for tasks to queue
[2026-03-18T06:45:44.712+0000] {logging_mixin.py:190} INFO - [2026-03-18T06:45:44.711+0000] {dagbag.py:588} INFO - Filling up the DagBag from /home/komal/data-engineering-projects/airflow-spark-pipeline/airflow_venv/lib/python3.11/site-packages/airflow/example_dags/example_local_kubernetes_executor.py
[2026-03-18T06:45:44.724+0000] {logging_mixin.py:190} INFO - [2026-03-18T06:45:44.720+0000] {example_local_kubernetes_executor.py:40} WARNING - Could not import DAGs in example_local_kubernetes_executor.py
Traceback (most recent call last):
  File "/home/komal/data-engineering-projects/airflow-spark-pipeline/airflow_venv/lib/python3.11/site-packages/airflow/example_dags/example_local_kubernetes_executor.py", line 38, in <module>
    from kubernetes.client import models as k8s
ModuleNotFoundError: No module named 'kubernetes'
[2026-03-18T06:45:44.724+0000] {logging_mixin.py:190} INFO - [2026-03-18T06:45:44.724+0000] {example_local_kubernetes_executor.py:41} WARNING - Install Kubernetes dependencies with: pip install apache-airflow[cncf.kubernetes]
[2026-03-18T06:45:44.724+0000] {processor.py:927} WARNING - No viable dags retrieved from /home/komal/data-engineering-projects/airflow-spark-pipeline/airflow_venv/lib/python3.11/site-packages/airflow/example_dags/example_local_kubernetes_executor.py
[2026-03-18T06:45:44.735+0000] {processor.py:208} INFO - Processing /home/komal/data-engineering-projects/airflow-spark-pipeline/airflow_venv/lib/python3.11/site-packages/airflow/example_dags/example_local_kubernetes_executor.py took 0.065 seconds
[2026-03-18T06:46:51.163+0000] {processor.py:186} INFO - Started process (PID=29436) to work on /home/komal/data-engineering-projects/airflow-spark-pipeline/airflow_venv/lib/python3.11/site-packages/airflow/example_dags/example_local_kubernetes_executor.py
[2026-03-18T06:46:51.197+0000] {processor.py:914} INFO - Processing file /home/komal/data-engineering-projects/airflow-spark-pipeline/airflow_venv/lib/python3.11/site-packages/airflow/example_dags/example_local_kubernetes_executor.py for tasks to queue
[2026-03-18T06:46:51.202+0000] {logging_mixin.py:190} INFO - [2026-03-18T06:46:51.201+0000] {dagbag.py:588} INFO - Filling up the DagBag from /home/komal/data-engineering-projects/airflow-spark-pipeline/airflow_venv/lib/python3.11/site-packages/airflow/example_dags/example_local_kubernetes_executor.py
[2026-03-18T06:46:51.207+0000] {logging_mixin.py:190} INFO - [2026-03-18T06:46:51.206+0000] {example_local_kubernetes_executor.py:40} WARNING - Could not import DAGs in example_local_kubernetes_executor.py
Traceback (most recent call last):
  File "/home/komal/data-engineering-projects/airflow-spark-pipeline/airflow_venv/lib/python3.11/site-packages/airflow/example_dags/example_local_kubernetes_executor.py", line 38, in <module>
    from kubernetes.client import models as k8s
ModuleNotFoundError: No module named 'kubernetes'
[2026-03-18T06:46:51.208+0000] {logging_mixin.py:190} INFO - [2026-03-18T06:46:51.207+0000] {example_local_kubernetes_executor.py:41} WARNING - Install Kubernetes dependencies with: pip install apache-airflow[cncf.kubernetes]
[2026-03-18T06:46:51.208+0000] {processor.py:927} WARNING - No viable dags retrieved from /home/komal/data-engineering-projects/airflow-spark-pipeline/airflow_venv/lib/python3.11/site-packages/airflow/example_dags/example_local_kubernetes_executor.py
[2026-03-18T06:46:51.227+0000] {processor.py:208} INFO - Processing /home/komal/data-engineering-projects/airflow-spark-pipeline/airflow_venv/lib/python3.11/site-packages/airflow/example_dags/example_local_kubernetes_executor.py took 0.073 seconds
[2026-03-18T06:48:01.784+0000] {processor.py:186} INFO - Started process (PID=29508) to work on /home/komal/data-engineering-projects/airflow-spark-pipeline/airflow_venv/lib/python3.11/site-packages/airflow/example_dags/example_local_kubernetes_executor.py
[2026-03-18T06:48:01.786+0000] {processor.py:914} INFO - Processing file /home/komal/data-engineering-projects/airflow-spark-pipeline/airflow_venv/lib/python3.11/site-packages/airflow/example_dags/example_local_kubernetes_executor.py for tasks to queue
[2026-03-18T06:48:01.789+0000] {logging_mixin.py:190} INFO - [2026-03-18T06:48:01.788+0000] {dagbag.py:588} INFO - Filling up the DagBag from /home/komal/data-engineering-projects/airflow-spark-pipeline/airflow_venv/lib/python3.11/site-packages/airflow/example_dags/example_local_kubernetes_executor.py
[2026-03-18T06:48:01.792+0000] {logging_mixin.py:190} INFO - [2026-03-18T06:48:01.792+0000] {example_local_kubernetes_executor.py:40} WARNING - Could not import DAGs in example_local_kubernetes_executor.py
Traceback (most recent call last):
  File "/home/komal/data-engineering-projects/airflow-spark-pipeline/airflow_venv/lib/python3.11/site-packages/airflow/example_dags/example_local_kubernetes_executor.py", line 38, in <module>
    from kubernetes.client import models as k8s
ModuleNotFoundError: No module named 'kubernetes'
[2026-03-18T06:48:01.793+0000] {logging_mixin.py:190} INFO - [2026-03-18T06:48:01.793+0000] {example_local_kubernetes_executor.py:41} WARNING - Install Kubernetes dependencies with: pip install apache-airflow[cncf.kubernetes]
[2026-03-18T06:48:01.793+0000] {processor.py:927} WARNING - No viable dags retrieved from /home/komal/data-engineering-projects/airflow-spark-pipeline/airflow_venv/lib/python3.11/site-packages/airflow/example_dags/example_local_kubernetes_executor.py
[2026-03-18T06:48:01.806+0000] {processor.py:208} INFO - Processing /home/komal/data-engineering-projects/airflow-spark-pipeline/airflow_venv/lib/python3.11/site-packages/airflow/example_dags/example_local_kubernetes_executor.py took 0.031 seconds
[2026-03-18T06:49:25.659+0000] {processor.py:186} INFO - Started process (PID=29666) to work on /home/komal/data-engineering-projects/airflow-spark-pipeline/airflow_venv/lib/python3.11/site-packages/airflow/example_dags/example_local_kubernetes_executor.py
[2026-03-18T06:49:25.691+0000] {processor.py:914} INFO - Processing file /home/komal/data-engineering-projects/airflow-spark-pipeline/airflow_venv/lib/python3.11/site-packages/airflow/example_dags/example_local_kubernetes_executor.py for tasks to queue
[2026-03-18T06:49:25.694+0000] {logging_mixin.py:190} INFO - [2026-03-18T06:49:25.693+0000] {dagbag.py:588} INFO - Filling up the DagBag from /home/komal/data-engineering-projects/airflow-spark-pipeline/airflow_venv/lib/python3.11/site-packages/airflow/example_dags/example_local_kubernetes_executor.py
[2026-03-18T06:49:25.699+0000] {logging_mixin.py:190} INFO - [2026-03-18T06:49:25.698+0000] {example_local_kubernetes_executor.py:40} WARNING - Could not import DAGs in example_local_kubernetes_executor.py
Traceback (most recent call last):
  File "/home/komal/data-engineering-projects/airflow-spark-pipeline/airflow_venv/lib/python3.11/site-packages/airflow/example_dags/example_local_kubernetes_executor.py", line 38, in <module>
    from kubernetes.client import models as k8s
ModuleNotFoundError: No module named 'kubernetes'
[2026-03-18T06:49:25.699+0000] {logging_mixin.py:190} INFO - [2026-03-18T06:49:25.699+0000] {example_local_kubernetes_executor.py:41} WARNING - Install Kubernetes dependencies with: pip install apache-airflow[cncf.kubernetes]
[2026-03-18T06:49:25.700+0000] {processor.py:927} WARNING - No viable dags retrieved from /home/komal/data-engineering-projects/airflow-spark-pipeline/airflow_venv/lib/python3.11/site-packages/airflow/example_dags/example_local_kubernetes_executor.py
[2026-03-18T06:49:25.712+0000] {processor.py:208} INFO - Processing /home/komal/data-engineering-projects/airflow-spark-pipeline/airflow_venv/lib/python3.11/site-packages/airflow/example_dags/example_local_kubernetes_executor.py took 0.066 seconds
[2026-03-18T06:50:41.922+0000] {processor.py:186} INFO - Started process (PID=29813) to work on /home/komal/data-engineering-projects/airflow-spark-pipeline/airflow_venv/lib/python3.11/site-packages/airflow/example_dags/example_local_kubernetes_executor.py
[2026-03-18T06:50:41.954+0000] {processor.py:914} INFO - Processing file /home/komal/data-engineering-projects/airflow-spark-pipeline/airflow_venv/lib/python3.11/site-packages/airflow/example_dags/example_local_kubernetes_executor.py for tasks to queue
[2026-03-18T06:50:41.959+0000] {logging_mixin.py:190} INFO - [2026-03-18T06:50:41.958+0000] {dagbag.py:588} INFO - Filling up the DagBag from /home/komal/data-engineering-projects/airflow-spark-pipeline/airflow_venv/lib/python3.11/site-packages/airflow/example_dags/example_local_kubernetes_executor.py
[2026-03-18T06:50:41.965+0000] {logging_mixin.py:190} INFO - [2026-03-18T06:50:41.963+0000] {example_local_kubernetes_executor.py:40} WARNING - Could not import DAGs in example_local_kubernetes_executor.py
Traceback (most recent call last):
  File "/home/komal/data-engineering-projects/airflow-spark-pipeline/airflow_venv/lib/python3.11/site-packages/airflow/example_dags/example_local_kubernetes_executor.py", line 38, in <module>
    from kubernetes.client import models as k8s
ModuleNotFoundError: No module named 'kubernetes'
[2026-03-18T06:50:41.965+0000] {logging_mixin.py:190} INFO - [2026-03-18T06:50:41.965+0000] {example_local_kubernetes_executor.py:41} WARNING - Install Kubernetes dependencies with: pip install apache-airflow[cncf.kubernetes]
[2026-03-18T06:50:41.966+0000] {processor.py:927} WARNING - No viable dags retrieved from /home/komal/data-engineering-projects/airflow-spark-pipeline/airflow_venv/lib/python3.11/site-packages/airflow/example_dags/example_local_kubernetes_executor.py
[2026-03-18T06:50:41.981+0000] {processor.py:208} INFO - Processing /home/komal/data-engineering-projects/airflow-spark-pipeline/airflow_venv/lib/python3.11/site-packages/airflow/example_dags/example_local_kubernetes_executor.py took 0.066 seconds
[2026-03-18T06:51:52.827+0000] {processor.py:186} INFO - Started process (PID=29958) to work on /home/komal/data-engineering-projects/airflow-spark-pipeline/airflow_venv/lib/python3.11/site-packages/airflow/example_dags/example_local_kubernetes_executor.py
[2026-03-18T06:51:52.859+0000] {processor.py:914} INFO - Processing file /home/komal/data-engineering-projects/airflow-spark-pipeline/airflow_venv/lib/python3.11/site-packages/airflow/example_dags/example_local_kubernetes_executor.py for tasks to queue
[2026-03-18T06:51:52.864+0000] {logging_mixin.py:190} INFO - [2026-03-18T06:51:52.863+0000] {dagbag.py:588} INFO - Filling up the DagBag from /home/komal/data-engineering-projects/airflow-spark-pipeline/airflow_venv/lib/python3.11/site-packages/airflow/example_dags/example_local_kubernetes_executor.py
[2026-03-18T06:51:52.879+0000] {logging_mixin.py:190} INFO - [2026-03-18T06:51:52.869+0000] {example_local_kubernetes_executor.py:40} WARNING - Could not import DAGs in example_local_kubernetes_executor.py
Traceback (most recent call last):
  File "/home/komal/data-engineering-projects/airflow-spark-pipeline/airflow_venv/lib/python3.11/site-packages/airflow/example_dags/example_local_kubernetes_executor.py", line 38, in <module>
    from kubernetes.client import models as k8s
ModuleNotFoundError: No module named 'kubernetes'
[2026-03-18T06:51:52.879+0000] {logging_mixin.py:190} INFO - [2026-03-18T06:51:52.879+0000] {example_local_kubernetes_executor.py:41} WARNING - Install Kubernetes dependencies with: pip install apache-airflow[cncf.kubernetes]
[2026-03-18T06:51:52.880+0000] {processor.py:927} WARNING - No viable dags retrieved from /home/komal/data-engineering-projects/airflow-spark-pipeline/airflow_venv/lib/python3.11/site-packages/airflow/example_dags/example_local_kubernetes_executor.py
[2026-03-18T06:51:52.901+0000] {processor.py:208} INFO - Processing /home/komal/data-engineering-projects/airflow-spark-pipeline/airflow_venv/lib/python3.11/site-packages/airflow/example_dags/example_local_kubernetes_executor.py took 0.083 seconds
[2026-03-18T06:52:57.433+0000] {processor.py:186} INFO - Started process (PID=30022) to work on /home/komal/data-engineering-projects/airflow-spark-pipeline/airflow_venv/lib/python3.11/site-packages/airflow/example_dags/example_local_kubernetes_executor.py
[2026-03-18T06:52:57.466+0000] {processor.py:914} INFO - Processing file /home/komal/data-engineering-projects/airflow-spark-pipeline/airflow_venv/lib/python3.11/site-packages/airflow/example_dags/example_local_kubernetes_executor.py for tasks to queue
[2026-03-18T06:52:57.469+0000] {logging_mixin.py:190} INFO - [2026-03-18T06:52:57.468+0000] {dagbag.py:588} INFO - Filling up the DagBag from /home/komal/data-engineering-projects/airflow-spark-pipeline/airflow_venv/lib/python3.11/site-packages/airflow/example_dags/example_local_kubernetes_executor.py
[2026-03-18T06:52:57.474+0000] {logging_mixin.py:190} INFO - [2026-03-18T06:52:57.473+0000] {example_local_kubernetes_executor.py:40} WARNING - Could not import DAGs in example_local_kubernetes_executor.py
Traceback (most recent call last):
  File "/home/komal/data-engineering-projects/airflow-spark-pipeline/airflow_venv/lib/python3.11/site-packages/airflow/example_dags/example_local_kubernetes_executor.py", line 38, in <module>
    from kubernetes.client import models as k8s
ModuleNotFoundError: No module named 'kubernetes'
[2026-03-18T06:52:57.474+0000] {logging_mixin.py:190} INFO - [2026-03-18T06:52:57.474+0000] {example_local_kubernetes_executor.py:41} WARNING - Install Kubernetes dependencies with: pip install apache-airflow[cncf.kubernetes]
[2026-03-18T06:52:57.475+0000] {processor.py:927} WARNING - No viable dags retrieved from /home/komal/data-engineering-projects/airflow-spark-pipeline/airflow_venv/lib/python3.11/site-packages/airflow/example_dags/example_local_kubernetes_executor.py
[2026-03-18T06:52:57.490+0000] {processor.py:208} INFO - Processing /home/komal/data-engineering-projects/airflow-spark-pipeline/airflow_venv/lib/python3.11/site-packages/airflow/example_dags/example_local_kubernetes_executor.py took 0.060 seconds
[2026-03-18T06:54:21.090+0000] {processor.py:186} INFO - Started process (PID=30169) to work on /home/komal/data-engineering-projects/airflow-spark-pipeline/airflow_venv/lib/python3.11/site-packages/airflow/example_dags/example_local_kubernetes_executor.py
[2026-03-18T06:54:21.093+0000] {processor.py:914} INFO - Processing file /home/komal/data-engineering-projects/airflow-spark-pipeline/airflow_venv/lib/python3.11/site-packages/airflow/example_dags/example_local_kubernetes_executor.py for tasks to queue
[2026-03-18T06:54:21.094+0000] {logging_mixin.py:190} INFO - [2026-03-18T06:54:21.094+0000] {dagbag.py:588} INFO - Filling up the DagBag from /home/komal/data-engineering-projects/airflow-spark-pipeline/airflow_venv/lib/python3.11/site-packages/airflow/example_dags/example_local_kubernetes_executor.py
[2026-03-18T06:54:21.103+0000] {logging_mixin.py:190} INFO - [2026-03-18T06:54:21.103+0000] {example_local_kubernetes_executor.py:40} WARNING - Could not import DAGs in example_local_kubernetes_executor.py
Traceback (most recent call last):
  File "/home/komal/data-engineering-projects/airflow-spark-pipeline/airflow_venv/lib/python3.11/site-packages/airflow/example_dags/example_local_kubernetes_executor.py", line 38, in <module>
    from kubernetes.client import models as k8s
ModuleNotFoundError: No module named 'kubernetes'
[2026-03-18T06:54:21.103+0000] {logging_mixin.py:190} INFO - [2026-03-18T06:54:21.103+0000] {example_local_kubernetes_executor.py:41} WARNING - Install Kubernetes dependencies with: pip install apache-airflow[cncf.kubernetes]
[2026-03-18T06:54:21.104+0000] {processor.py:927} WARNING - No viable dags retrieved from /home/komal/data-engineering-projects/airflow-spark-pipeline/airflow_venv/lib/python3.11/site-packages/airflow/example_dags/example_local_kubernetes_executor.py
[2026-03-18T06:54:21.111+0000] {processor.py:208} INFO - Processing /home/komal/data-engineering-projects/airflow-spark-pipeline/airflow_venv/lib/python3.11/site-packages/airflow/example_dags/example_local_kubernetes_executor.py took 0.025 seconds
[2026-03-18T06:55:32.576+0000] {processor.py:186} INFO - Started process (PID=30239) to work on /home/komal/data-engineering-projects/airflow-spark-pipeline/airflow_venv/lib/python3.11/site-packages/airflow/example_dags/example_local_kubernetes_executor.py
[2026-03-18T06:55:32.609+0000] {processor.py:914} INFO - Processing file /home/komal/data-engineering-projects/airflow-spark-pipeline/airflow_venv/lib/python3.11/site-packages/airflow/example_dags/example_local_kubernetes_executor.py for tasks to queue
[2026-03-18T06:55:32.613+0000] {logging_mixin.py:190} INFO - [2026-03-18T06:55:32.613+0000] {dagbag.py:588} INFO - Filling up the DagBag from /home/komal/data-engineering-projects/airflow-spark-pipeline/airflow_venv/lib/python3.11/site-packages/airflow/example_dags/example_local_kubernetes_executor.py
[2026-03-18T06:55:32.618+0000] {logging_mixin.py:190} INFO - [2026-03-18T06:55:32.617+0000] {example_local_kubernetes_executor.py:40} WARNING - Could not import DAGs in example_local_kubernetes_executor.py
Traceback (most recent call last):
  File "/home/komal/data-engineering-projects/airflow-spark-pipeline/airflow_venv/lib/python3.11/site-packages/airflow/example_dags/example_local_kubernetes_executor.py", line 38, in <module>
    from kubernetes.client import models as k8s
ModuleNotFoundError: No module named 'kubernetes'
[2026-03-18T06:55:32.619+0000] {logging_mixin.py:190} INFO - [2026-03-18T06:55:32.619+0000] {example_local_kubernetes_executor.py:41} WARNING - Install Kubernetes dependencies with: pip install apache-airflow[cncf.kubernetes]
[2026-03-18T06:55:32.619+0000] {processor.py:927} WARNING - No viable dags retrieved from /home/komal/data-engineering-projects/airflow-spark-pipeline/airflow_venv/lib/python3.11/site-packages/airflow/example_dags/example_local_kubernetes_executor.py
[2026-03-18T06:55:32.636+0000] {processor.py:208} INFO - Processing /home/komal/data-engineering-projects/airflow-spark-pipeline/airflow_venv/lib/python3.11/site-packages/airflow/example_dags/example_local_kubernetes_executor.py took 0.066 seconds
[2026-03-18T06:56:30.421+0000] {processor.py:186} INFO - Started process (PID=30454) to work on /home/komal/data-engineering-projects/airflow-spark-pipeline/airflow_venv/lib/python3.11/site-packages/airflow/example_dags/example_local_kubernetes_executor.py
[2026-03-18T06:56:30.453+0000] {processor.py:914} INFO - Processing file /home/komal/data-engineering-projects/airflow-spark-pipeline/airflow_venv/lib/python3.11/site-packages/airflow/example_dags/example_local_kubernetes_executor.py for tasks to queue
[2026-03-18T06:56:30.459+0000] {logging_mixin.py:190} INFO - [2026-03-18T06:56:30.459+0000] {dagbag.py:588} INFO - Filling up the DagBag from /home/komal/data-engineering-projects/airflow-spark-pipeline/airflow_venv/lib/python3.11/site-packages/airflow/example_dags/example_local_kubernetes_executor.py
[2026-03-18T06:56:30.464+0000] {logging_mixin.py:190} INFO - [2026-03-18T06:56:30.463+0000] {example_local_kubernetes_executor.py:40} WARNING - Could not import DAGs in example_local_kubernetes_executor.py
Traceback (most recent call last):
  File "/home/komal/data-engineering-projects/airflow-spark-pipeline/airflow_venv/lib/python3.11/site-packages/airflow/example_dags/example_local_kubernetes_executor.py", line 38, in <module>
    from kubernetes.client import models as k8s
ModuleNotFoundError: No module named 'kubernetes'
[2026-03-18T06:56:30.464+0000] {logging_mixin.py:190} INFO - [2026-03-18T06:56:30.464+0000] {example_local_kubernetes_executor.py:41} WARNING - Install Kubernetes dependencies with: pip install apache-airflow[cncf.kubernetes]
[2026-03-18T06:56:30.465+0000] {processor.py:927} WARNING - No viable dags retrieved from /home/komal/data-engineering-projects/airflow-spark-pipeline/airflow_venv/lib/python3.11/site-packages/airflow/example_dags/example_local_kubernetes_executor.py
[2026-03-18T06:56:30.474+0000] {processor.py:208} INFO - Processing /home/komal/data-engineering-projects/airflow-spark-pipeline/airflow_venv/lib/python3.11/site-packages/airflow/example_dags/example_local_kubernetes_executor.py took 0.060 seconds
[2026-03-18T06:57:39.127+0000] {processor.py:186} INFO - Started process (PID=30518) to work on /home/komal/data-engineering-projects/airflow-spark-pipeline/airflow_venv/lib/python3.11/site-packages/airflow/example_dags/example_local_kubernetes_executor.py
[2026-03-18T06:57:39.159+0000] {processor.py:914} INFO - Processing file /home/komal/data-engineering-projects/airflow-spark-pipeline/airflow_venv/lib/python3.11/site-packages/airflow/example_dags/example_local_kubernetes_executor.py for tasks to queue
[2026-03-18T06:57:39.162+0000] {logging_mixin.py:190} INFO - [2026-03-18T06:57:39.162+0000] {dagbag.py:588} INFO - Filling up the DagBag from /home/komal/data-engineering-projects/airflow-spark-pipeline/airflow_venv/lib/python3.11/site-packages/airflow/example_dags/example_local_kubernetes_executor.py
[2026-03-18T06:57:39.167+0000] {logging_mixin.py:190} INFO - [2026-03-18T06:57:39.166+0000] {example_local_kubernetes_executor.py:40} WARNING - Could not import DAGs in example_local_kubernetes_executor.py
Traceback (most recent call last):
  File "/home/komal/data-engineering-projects/airflow-spark-pipeline/airflow_venv/lib/python3.11/site-packages/airflow/example_dags/example_local_kubernetes_executor.py", line 38, in <module>
    from kubernetes.client import models as k8s
ModuleNotFoundError: No module named 'kubernetes'
[2026-03-18T06:57:39.168+0000] {logging_mixin.py:190} INFO - [2026-03-18T06:57:39.167+0000] {example_local_kubernetes_executor.py:41} WARNING - Install Kubernetes dependencies with: pip install apache-airflow[cncf.kubernetes]
[2026-03-18T06:57:39.168+0000] {processor.py:927} WARNING - No viable dags retrieved from /home/komal/data-engineering-projects/airflow-spark-pipeline/airflow_venv/lib/python3.11/site-packages/airflow/example_dags/example_local_kubernetes_executor.py
[2026-03-18T06:57:39.183+0000] {processor.py:208} INFO - Processing /home/komal/data-engineering-projects/airflow-spark-pipeline/airflow_venv/lib/python3.11/site-packages/airflow/example_dags/example_local_kubernetes_executor.py took 0.068 seconds
[2026-03-18T06:59:01.901+0000] {processor.py:186} INFO - Started process (PID=30668) to work on /home/komal/data-engineering-projects/airflow-spark-pipeline/airflow_venv/lib/python3.11/site-packages/airflow/example_dags/example_local_kubernetes_executor.py
[2026-03-18T06:59:01.932+0000] {processor.py:914} INFO - Processing file /home/komal/data-engineering-projects/airflow-spark-pipeline/airflow_venv/lib/python3.11/site-packages/airflow/example_dags/example_local_kubernetes_executor.py for tasks to queue
[2026-03-18T06:59:01.935+0000] {logging_mixin.py:190} INFO - [2026-03-18T06:59:01.935+0000] {dagbag.py:588} INFO - Filling up the DagBag from /home/komal/data-engineering-projects/airflow-spark-pipeline/airflow_venv/lib/python3.11/site-packages/airflow/example_dags/example_local_kubernetes_executor.py
[2026-03-18T06:59:01.939+0000] {logging_mixin.py:190} INFO - [2026-03-18T06:59:01.938+0000] {example_local_kubernetes_executor.py:40} WARNING - Could not import DAGs in example_local_kubernetes_executor.py
Traceback (most recent call last):
  File "/home/komal/data-engineering-projects/airflow-spark-pipeline/airflow_venv/lib/python3.11/site-packages/airflow/example_dags/example_local_kubernetes_executor.py", line 38, in <module>
    from kubernetes.client import models as k8s
ModuleNotFoundError: No module named 'kubernetes'
[2026-03-18T06:59:01.939+0000] {logging_mixin.py:190} INFO - [2026-03-18T06:59:01.939+0000] {example_local_kubernetes_executor.py:41} WARNING - Install Kubernetes dependencies with: pip install apache-airflow[cncf.kubernetes]
[2026-03-18T06:59:01.939+0000] {processor.py:927} WARNING - No viable dags retrieved from /home/komal/data-engineering-projects/airflow-spark-pipeline/airflow_venv/lib/python3.11/site-packages/airflow/example_dags/example_local_kubernetes_executor.py
[2026-03-18T06:59:01.950+0000] {processor.py:208} INFO - Processing /home/komal/data-engineering-projects/airflow-spark-pipeline/airflow_venv/lib/python3.11/site-packages/airflow/example_dags/example_local_kubernetes_executor.py took 0.055 seconds
[2026-03-18T07:00:11.686+0000] {processor.py:186} INFO - Started process (PID=30739) to work on /home/komal/data-engineering-projects/airflow-spark-pipeline/airflow_venv/lib/python3.11/site-packages/airflow/example_dags/example_local_kubernetes_executor.py
[2026-03-18T07:00:11.717+0000] {processor.py:914} INFO - Processing file /home/komal/data-engineering-projects/airflow-spark-pipeline/airflow_venv/lib/python3.11/site-packages/airflow/example_dags/example_local_kubernetes_executor.py for tasks to queue
[2026-03-18T07:00:11.720+0000] {logging_mixin.py:190} INFO - [2026-03-18T07:00:11.720+0000] {dagbag.py:588} INFO - Filling up the DagBag from /home/komal/data-engineering-projects/airflow-spark-pipeline/airflow_venv/lib/python3.11/site-packages/airflow/example_dags/example_local_kubernetes_executor.py
[2026-03-18T07:00:11.728+0000] {logging_mixin.py:190} INFO - [2026-03-18T07:00:11.727+0000] {example_local_kubernetes_executor.py:40} WARNING - Could not import DAGs in example_local_kubernetes_executor.py
Traceback (most recent call last):
  File "/home/komal/data-engineering-projects/airflow-spark-pipeline/airflow_venv/lib/python3.11/site-packages/airflow/example_dags/example_local_kubernetes_executor.py", line 38, in <module>
    from kubernetes.client import models as k8s
ModuleNotFoundError: No module named 'kubernetes'
[2026-03-18T07:00:11.729+0000] {logging_mixin.py:190} INFO - [2026-03-18T07:00:11.728+0000] {example_local_kubernetes_executor.py:41} WARNING - Install Kubernetes dependencies with: pip install apache-airflow[cncf.kubernetes]
[2026-03-18T07:00:11.729+0000] {processor.py:927} WARNING - No viable dags retrieved from /home/komal/data-engineering-projects/airflow-spark-pipeline/airflow_venv/lib/python3.11/site-packages/airflow/example_dags/example_local_kubernetes_executor.py
[2026-03-18T07:00:11.740+0000] {processor.py:208} INFO - Processing /home/komal/data-engineering-projects/airflow-spark-pipeline/airflow_venv/lib/python3.11/site-packages/airflow/example_dags/example_local_kubernetes_executor.py took 0.072 seconds
[2026-03-18T07:01:36.494+0000] {processor.py:186} INFO - Started process (PID=30890) to work on /home/komal/data-engineering-projects/airflow-spark-pipeline/airflow_venv/lib/python3.11/site-packages/airflow/example_dags/example_local_kubernetes_executor.py
[2026-03-18T07:01:36.526+0000] {processor.py:914} INFO - Processing file /home/komal/data-engineering-projects/airflow-spark-pipeline/airflow_venv/lib/python3.11/site-packages/airflow/example_dags/example_local_kubernetes_executor.py for tasks to queue
[2026-03-18T07:01:36.529+0000] {logging_mixin.py:190} INFO - [2026-03-18T07:01:36.529+0000] {dagbag.py:588} INFO - Filling up the DagBag from /home/komal/data-engineering-projects/airflow-spark-pipeline/airflow_venv/lib/python3.11/site-packages/airflow/example_dags/example_local_kubernetes_executor.py
[2026-03-18T07:01:36.534+0000] {logging_mixin.py:190} INFO - [2026-03-18T07:01:36.533+0000] {example_local_kubernetes_executor.py:40} WARNING - Could not import DAGs in example_local_kubernetes_executor.py
Traceback (most recent call last):
  File "/home/komal/data-engineering-projects/airflow-spark-pipeline/airflow_venv/lib/python3.11/site-packages/airflow/example_dags/example_local_kubernetes_executor.py", line 38, in <module>
    from kubernetes.client import models as k8s
ModuleNotFoundError: No module named 'kubernetes'
[2026-03-18T07:01:36.534+0000] {logging_mixin.py:190} INFO - [2026-03-18T07:01:36.534+0000] {example_local_kubernetes_executor.py:41} WARNING - Install Kubernetes dependencies with: pip install apache-airflow[cncf.kubernetes]
[2026-03-18T07:01:36.535+0000] {processor.py:927} WARNING - No viable dags retrieved from /home/komal/data-engineering-projects/airflow-spark-pipeline/airflow_venv/lib/python3.11/site-packages/airflow/example_dags/example_local_kubernetes_executor.py
[2026-03-18T07:01:36.548+0000] {processor.py:208} INFO - Processing /home/komal/data-engineering-projects/airflow-spark-pipeline/airflow_venv/lib/python3.11/site-packages/airflow/example_dags/example_local_kubernetes_executor.py took 0.065 seconds
[2026-03-18T07:02:52.122+0000] {processor.py:186} INFO - Started process (PID=30963) to work on /home/komal/data-engineering-projects/airflow-spark-pipeline/airflow_venv/lib/python3.11/site-packages/airflow/example_dags/example_local_kubernetes_executor.py
[2026-03-18T07:02:52.125+0000] {processor.py:914} INFO - Processing file /home/komal/data-engineering-projects/airflow-spark-pipeline/airflow_venv/lib/python3.11/site-packages/airflow/example_dags/example_local_kubernetes_executor.py for tasks to queue
[2026-03-18T07:02:52.127+0000] {logging_mixin.py:190} INFO - [2026-03-18T07:02:52.127+0000] {dagbag.py:588} INFO - Filling up the DagBag from /home/komal/data-engineering-projects/airflow-spark-pipeline/airflow_venv/lib/python3.11/site-packages/airflow/example_dags/example_local_kubernetes_executor.py
[2026-03-18T07:02:52.130+0000] {logging_mixin.py:190} INFO - [2026-03-18T07:02:52.130+0000] {example_local_kubernetes_executor.py:40} WARNING - Could not import DAGs in example_local_kubernetes_executor.py
Traceback (most recent call last):
  File "/home/komal/data-engineering-projects/airflow-spark-pipeline/airflow_venv/lib/python3.11/site-packages/airflow/example_dags/example_local_kubernetes_executor.py", line 38, in <module>
    from kubernetes.client import models as k8s
ModuleNotFoundError: No module named 'kubernetes'
[2026-03-18T07:02:52.130+0000] {logging_mixin.py:190} INFO - [2026-03-18T07:02:52.130+0000] {example_local_kubernetes_executor.py:41} WARNING - Install Kubernetes dependencies with: pip install apache-airflow[cncf.kubernetes]
[2026-03-18T07:02:52.131+0000] {processor.py:927} WARNING - No viable dags retrieved from /home/komal/data-engineering-projects/airflow-spark-pipeline/airflow_venv/lib/python3.11/site-packages/airflow/example_dags/example_local_kubernetes_executor.py
[2026-03-18T07:02:52.138+0000] {processor.py:208} INFO - Processing /home/komal/data-engineering-projects/airflow-spark-pipeline/airflow_venv/lib/python3.11/site-packages/airflow/example_dags/example_local_kubernetes_executor.py took 0.025 seconds
[2026-03-18T07:03:59.299+0000] {processor.py:186} INFO - Started process (PID=31085) to work on /home/komal/data-engineering-projects/airflow-spark-pipeline/airflow_venv/lib/python3.11/site-packages/airflow/example_dags/example_local_kubernetes_executor.py
[2026-03-18T07:03:59.301+0000] {processor.py:914} INFO - Processing file /home/komal/data-engineering-projects/airflow-spark-pipeline/airflow_venv/lib/python3.11/site-packages/airflow/example_dags/example_local_kubernetes_executor.py for tasks to queue
[2026-03-18T07:03:59.303+0000] {logging_mixin.py:190} INFO - [2026-03-18T07:03:59.302+0000] {dagbag.py:588} INFO - Filling up the DagBag from /home/komal/data-engineering-projects/airflow-spark-pipeline/airflow_venv/lib/python3.11/site-packages/airflow/example_dags/example_local_kubernetes_executor.py
[2026-03-18T07:03:59.307+0000] {logging_mixin.py:190} INFO - [2026-03-18T07:03:59.307+0000] {example_local_kubernetes_executor.py:40} WARNING - Could not import DAGs in example_local_kubernetes_executor.py
Traceback (most recent call last):
  File "/home/komal/data-engineering-projects/airflow-spark-pipeline/airflow_venv/lib/python3.11/site-packages/airflow/example_dags/example_local_kubernetes_executor.py", line 38, in <module>
    from kubernetes.client import models as k8s
ModuleNotFoundError: No module named 'kubernetes'
[2026-03-18T07:03:59.308+0000] {logging_mixin.py:190} INFO - [2026-03-18T07:03:59.308+0000] {example_local_kubernetes_executor.py:41} WARNING - Install Kubernetes dependencies with: pip install apache-airflow[cncf.kubernetes]
[2026-03-18T07:03:59.308+0000] {processor.py:927} WARNING - No viable dags retrieved from /home/komal/data-engineering-projects/airflow-spark-pipeline/airflow_venv/lib/python3.11/site-packages/airflow/example_dags/example_local_kubernetes_executor.py
[2026-03-18T07:03:59.318+0000] {processor.py:208} INFO - Processing /home/komal/data-engineering-projects/airflow-spark-pipeline/airflow_venv/lib/python3.11/site-packages/airflow/example_dags/example_local_kubernetes_executor.py took 0.024 seconds
[2026-03-18T07:04:58.138+0000] {processor.py:186} INFO - Started process (PID=31146) to work on /home/komal/data-engineering-projects/airflow-spark-pipeline/airflow_venv/lib/python3.11/site-packages/airflow/example_dags/example_local_kubernetes_executor.py
[2026-03-18T07:04:58.140+0000] {processor.py:914} INFO - Processing file /home/komal/data-engineering-projects/airflow-spark-pipeline/airflow_venv/lib/python3.11/site-packages/airflow/example_dags/example_local_kubernetes_executor.py for tasks to queue
[2026-03-18T07:04:58.142+0000] {logging_mixin.py:190} INFO - [2026-03-18T07:04:58.141+0000] {dagbag.py:588} INFO - Filling up the DagBag from /home/komal/data-engineering-projects/airflow-spark-pipeline/airflow_venv/lib/python3.11/site-packages/airflow/example_dags/example_local_kubernetes_executor.py
[2026-03-18T07:04:58.145+0000] {logging_mixin.py:190} INFO - [2026-03-18T07:04:58.145+0000] {example_local_kubernetes_executor.py:40} WARNING - Could not import DAGs in example_local_kubernetes_executor.py
Traceback (most recent call last):
  File "/home/komal/data-engineering-projects/airflow-spark-pipeline/airflow_venv/lib/python3.11/site-packages/airflow/example_dags/example_local_kubernetes_executor.py", line 38, in <module>
    from kubernetes.client import models as k8s
ModuleNotFoundError: No module named 'kubernetes'
[2026-03-18T07:04:58.146+0000] {logging_mixin.py:190} INFO - [2026-03-18T07:04:58.145+0000] {example_local_kubernetes_executor.py:41} WARNING - Install Kubernetes dependencies with: pip install apache-airflow[cncf.kubernetes]
[2026-03-18T07:04:58.146+0000] {processor.py:927} WARNING - No viable dags retrieved from /home/komal/data-engineering-projects/airflow-spark-pipeline/airflow_venv/lib/python3.11/site-packages/airflow/example_dags/example_local_kubernetes_executor.py
[2026-03-18T07:04:58.154+0000] {processor.py:208} INFO - Processing /home/komal/data-engineering-projects/airflow-spark-pipeline/airflow_venv/lib/python3.11/site-packages/airflow/example_dags/example_local_kubernetes_executor.py took 0.021 seconds
[2026-03-18T07:05:56.164+0000] {processor.py:186} INFO - Started process (PID=31210) to work on /home/komal/data-engineering-projects/airflow-spark-pipeline/airflow_venv/lib/python3.11/site-packages/airflow/example_dags/example_local_kubernetes_executor.py
[2026-03-18T07:05:56.166+0000] {processor.py:914} INFO - Processing file /home/komal/data-engineering-projects/airflow-spark-pipeline/airflow_venv/lib/python3.11/site-packages/airflow/example_dags/example_local_kubernetes_executor.py for tasks to queue
[2026-03-18T07:05:56.168+0000] {logging_mixin.py:190} INFO - [2026-03-18T07:05:56.167+0000] {dagbag.py:588} INFO - Filling up the DagBag from /home/komal/data-engineering-projects/airflow-spark-pipeline/airflow_venv/lib/python3.11/site-packages/airflow/example_dags/example_local_kubernetes_executor.py
[2026-03-18T07:05:56.172+0000] {logging_mixin.py:190} INFO - [2026-03-18T07:05:56.171+0000] {example_local_kubernetes_executor.py:40} WARNING - Could not import DAGs in example_local_kubernetes_executor.py
Traceback (most recent call last):
  File "/home/komal/data-engineering-projects/airflow-spark-pipeline/airflow_venv/lib/python3.11/site-packages/airflow/example_dags/example_local_kubernetes_executor.py", line 38, in <module>
    from kubernetes.client import models as k8s
ModuleNotFoundError: No module named 'kubernetes'
[2026-03-18T07:05:56.172+0000] {logging_mixin.py:190} INFO - [2026-03-18T07:05:56.172+0000] {example_local_kubernetes_executor.py:41} WARNING - Install Kubernetes dependencies with: pip install apache-airflow[cncf.kubernetes]
[2026-03-18T07:05:56.172+0000] {processor.py:927} WARNING - No viable dags retrieved from /home/komal/data-engineering-projects/airflow-spark-pipeline/airflow_venv/lib/python3.11/site-packages/airflow/example_dags/example_local_kubernetes_executor.py
[2026-03-18T07:05:56.181+0000] {processor.py:208} INFO - Processing /home/komal/data-engineering-projects/airflow-spark-pipeline/airflow_venv/lib/python3.11/site-packages/airflow/example_dags/example_local_kubernetes_executor.py took 0.024 seconds
[2026-03-18T07:09:28.607+0000] {processor.py:186} INFO - Started process (PID=31250) to work on /home/komal/data-engineering-projects/airflow-spark-pipeline/airflow_venv/lib/python3.11/site-packages/airflow/example_dags/example_local_kubernetes_executor.py
[2026-03-18T07:09:28.608+0000] {processor.py:914} INFO - Processing file /home/komal/data-engineering-projects/airflow-spark-pipeline/airflow_venv/lib/python3.11/site-packages/airflow/example_dags/example_local_kubernetes_executor.py for tasks to queue
[2026-03-18T07:09:28.611+0000] {logging_mixin.py:190} INFO - [2026-03-18T07:09:28.611+0000] {dagbag.py:588} INFO - Filling up the DagBag from /home/komal/data-engineering-projects/airflow-spark-pipeline/airflow_venv/lib/python3.11/site-packages/airflow/example_dags/example_local_kubernetes_executor.py
[2026-03-18T07:09:28.615+0000] {logging_mixin.py:190} INFO - [2026-03-18T07:09:28.614+0000] {example_local_kubernetes_executor.py:40} WARNING - Could not import DAGs in example_local_kubernetes_executor.py
Traceback (most recent call last):
  File "/home/komal/data-engineering-projects/airflow-spark-pipeline/airflow_venv/lib/python3.11/site-packages/airflow/example_dags/example_local_kubernetes_executor.py", line 38, in <module>
    from kubernetes.client import models as k8s
ModuleNotFoundError: No module named 'kubernetes'
[2026-03-18T07:09:28.615+0000] {logging_mixin.py:190} INFO - [2026-03-18T07:09:28.615+0000] {example_local_kubernetes_executor.py:41} WARNING - Install Kubernetes dependencies with: pip install apache-airflow[cncf.kubernetes]
[2026-03-18T07:09:28.615+0000] {processor.py:927} WARNING - No viable dags retrieved from /home/komal/data-engineering-projects/airflow-spark-pipeline/airflow_venv/lib/python3.11/site-packages/airflow/example_dags/example_local_kubernetes_executor.py
[2026-03-18T07:09:28.622+0000] {processor.py:208} INFO - Processing /home/komal/data-engineering-projects/airflow-spark-pipeline/airflow_venv/lib/python3.11/site-packages/airflow/example_dags/example_local_kubernetes_executor.py took 0.024 seconds
[2026-03-18T07:10:26.312+0000] {processor.py:186} INFO - Started process (PID=31309) to work on /home/komal/data-engineering-projects/airflow-spark-pipeline/airflow_venv/lib/python3.11/site-packages/airflow/example_dags/example_local_kubernetes_executor.py
[2026-03-18T07:10:26.313+0000] {processor.py:914} INFO - Processing file /home/komal/data-engineering-projects/airflow-spark-pipeline/airflow_venv/lib/python3.11/site-packages/airflow/example_dags/example_local_kubernetes_executor.py for tasks to queue
[2026-03-18T07:10:26.314+0000] {logging_mixin.py:190} INFO - [2026-03-18T07:10:26.313+0000] {dagbag.py:588} INFO - Filling up the DagBag from /home/komal/data-engineering-projects/airflow-spark-pipeline/airflow_venv/lib/python3.11/site-packages/airflow/example_dags/example_local_kubernetes_executor.py
[2026-03-18T07:10:26.316+0000] {logging_mixin.py:190} INFO - [2026-03-18T07:10:26.316+0000] {example_local_kubernetes_executor.py:40} WARNING - Could not import DAGs in example_local_kubernetes_executor.py
Traceback (most recent call last):
  File "/home/komal/data-engineering-projects/airflow-spark-pipeline/airflow_venv/lib/python3.11/site-packages/airflow/example_dags/example_local_kubernetes_executor.py", line 38, in <module>
    from kubernetes.client import models as k8s
ModuleNotFoundError: No module named 'kubernetes'
[2026-03-18T07:10:26.316+0000] {logging_mixin.py:190} INFO - [2026-03-18T07:10:26.316+0000] {example_local_kubernetes_executor.py:41} WARNING - Install Kubernetes dependencies with: pip install apache-airflow[cncf.kubernetes]
[2026-03-18T07:10:26.316+0000] {processor.py:927} WARNING - No viable dags retrieved from /home/komal/data-engineering-projects/airflow-spark-pipeline/airflow_venv/lib/python3.11/site-packages/airflow/example_dags/example_local_kubernetes_executor.py
[2026-03-18T07:10:26.326+0000] {processor.py:208} INFO - Processing /home/komal/data-engineering-projects/airflow-spark-pipeline/airflow_venv/lib/python3.11/site-packages/airflow/example_dags/example_local_kubernetes_executor.py took 0.019 seconds
[2026-03-18T07:11:29.028+0000] {processor.py:186} INFO - Started process (PID=31374) to work on /home/komal/data-engineering-projects/airflow-spark-pipeline/airflow_venv/lib/python3.11/site-packages/airflow/example_dags/example_local_kubernetes_executor.py
[2026-03-18T07:11:29.060+0000] {processor.py:914} INFO - Processing file /home/komal/data-engineering-projects/airflow-spark-pipeline/airflow_venv/lib/python3.11/site-packages/airflow/example_dags/example_local_kubernetes_executor.py for tasks to queue
[2026-03-18T07:11:29.061+0000] {logging_mixin.py:190} INFO - [2026-03-18T07:11:29.061+0000] {dagbag.py:588} INFO - Filling up the DagBag from /home/komal/data-engineering-projects/airflow-spark-pipeline/airflow_venv/lib/python3.11/site-packages/airflow/example_dags/example_local_kubernetes_executor.py
[2026-03-18T07:11:29.065+0000] {logging_mixin.py:190} INFO - [2026-03-18T07:11:29.065+0000] {example_local_kubernetes_executor.py:40} WARNING - Could not import DAGs in example_local_kubernetes_executor.py
Traceback (most recent call last):
  File "/home/komal/data-engineering-projects/airflow-spark-pipeline/airflow_venv/lib/python3.11/site-packages/airflow/example_dags/example_local_kubernetes_executor.py", line 38, in <module>
    from kubernetes.client import models as k8s
ModuleNotFoundError: No module named 'kubernetes'
[2026-03-18T07:11:29.066+0000] {logging_mixin.py:190} INFO - [2026-03-18T07:11:29.066+0000] {example_local_kubernetes_executor.py:41} WARNING - Install Kubernetes dependencies with: pip install apache-airflow[cncf.kubernetes]
[2026-03-18T07:11:29.066+0000] {processor.py:927} WARNING - No viable dags retrieved from /home/komal/data-engineering-projects/airflow-spark-pipeline/airflow_venv/lib/python3.11/site-packages/airflow/example_dags/example_local_kubernetes_executor.py
[2026-03-18T07:11:29.076+0000] {processor.py:208} INFO - Processing /home/komal/data-engineering-projects/airflow-spark-pipeline/airflow_venv/lib/python3.11/site-packages/airflow/example_dags/example_local_kubernetes_executor.py took 0.058 seconds
[2026-03-18T07:12:35.301+0000] {processor.py:186} INFO - Started process (PID=31440) to work on /home/komal/data-engineering-projects/airflow-spark-pipeline/airflow_venv/lib/python3.11/site-packages/airflow/example_dags/example_local_kubernetes_executor.py
[2026-03-18T07:12:35.303+0000] {processor.py:914} INFO - Processing file /home/komal/data-engineering-projects/airflow-spark-pipeline/airflow_venv/lib/python3.11/site-packages/airflow/example_dags/example_local_kubernetes_executor.py for tasks to queue
[2026-03-18T07:12:35.304+0000] {logging_mixin.py:190} INFO - [2026-03-18T07:12:35.303+0000] {dagbag.py:588} INFO - Filling up the DagBag from /home/komal/data-engineering-projects/airflow-spark-pipeline/airflow_venv/lib/python3.11/site-packages/airflow/example_dags/example_local_kubernetes_executor.py
[2026-03-18T07:12:35.307+0000] {logging_mixin.py:190} INFO - [2026-03-18T07:12:35.306+0000] {example_local_kubernetes_executor.py:40} WARNING - Could not import DAGs in example_local_kubernetes_executor.py
Traceback (most recent call last):
  File "/home/komal/data-engineering-projects/airflow-spark-pipeline/airflow_venv/lib/python3.11/site-packages/airflow/example_dags/example_local_kubernetes_executor.py", line 38, in <module>
    from kubernetes.client import models as k8s
ModuleNotFoundError: No module named 'kubernetes'
[2026-03-18T07:12:35.307+0000] {logging_mixin.py:190} INFO - [2026-03-18T07:12:35.307+0000] {example_local_kubernetes_executor.py:41} WARNING - Install Kubernetes dependencies with: pip install apache-airflow[cncf.kubernetes]
[2026-03-18T07:12:35.307+0000] {processor.py:927} WARNING - No viable dags retrieved from /home/komal/data-engineering-projects/airflow-spark-pipeline/airflow_venv/lib/python3.11/site-packages/airflow/example_dags/example_local_kubernetes_executor.py
[2026-03-18T07:12:35.315+0000] {processor.py:208} INFO - Processing /home/komal/data-engineering-projects/airflow-spark-pipeline/airflow_venv/lib/python3.11/site-packages/airflow/example_dags/example_local_kubernetes_executor.py took 0.018 seconds
[2026-03-18T07:13:41.187+0000] {processor.py:186} INFO - Started process (PID=31507) to work on /home/komal/data-engineering-projects/airflow-spark-pipeline/airflow_venv/lib/python3.11/site-packages/airflow/example_dags/example_local_kubernetes_executor.py
[2026-03-18T07:13:41.219+0000] {processor.py:914} INFO - Processing file /home/komal/data-engineering-projects/airflow-spark-pipeline/airflow_venv/lib/python3.11/site-packages/airflow/example_dags/example_local_kubernetes_executor.py for tasks to queue
[2026-03-18T07:13:41.223+0000] {logging_mixin.py:190} INFO - [2026-03-18T07:13:41.222+0000] {dagbag.py:588} INFO - Filling up the DagBag from /home/komal/data-engineering-projects/airflow-spark-pipeline/airflow_venv/lib/python3.11/site-packages/airflow/example_dags/example_local_kubernetes_executor.py
[2026-03-18T07:13:41.232+0000] {logging_mixin.py:190} INFO - [2026-03-18T07:13:41.231+0000] {example_local_kubernetes_executor.py:40} WARNING - Could not import DAGs in example_local_kubernetes_executor.py
Traceback (most recent call last):
  File "/home/komal/data-engineering-projects/airflow-spark-pipeline/airflow_venv/lib/python3.11/site-packages/airflow/example_dags/example_local_kubernetes_executor.py", line 38, in <module>
    from kubernetes.client import models as k8s
ModuleNotFoundError: No module named 'kubernetes'
[2026-03-18T07:13:41.232+0000] {logging_mixin.py:190} INFO - [2026-03-18T07:13:41.232+0000] {example_local_kubernetes_executor.py:41} WARNING - Install Kubernetes dependencies with: pip install apache-airflow[cncf.kubernetes]
[2026-03-18T07:13:41.233+0000] {processor.py:927} WARNING - No viable dags retrieved from /home/komal/data-engineering-projects/airflow-spark-pipeline/airflow_venv/lib/python3.11/site-packages/airflow/example_dags/example_local_kubernetes_executor.py
[2026-03-18T07:13:41.249+0000] {processor.py:208} INFO - Processing /home/komal/data-engineering-projects/airflow-spark-pipeline/airflow_venv/lib/python3.11/site-packages/airflow/example_dags/example_local_kubernetes_executor.py took 0.070 seconds
[2026-03-18T07:14:51.046+0000] {processor.py:186} INFO - Started process (PID=31572) to work on /home/komal/data-engineering-projects/airflow-spark-pipeline/airflow_venv/lib/python3.11/site-packages/airflow/example_dags/example_local_kubernetes_executor.py
[2026-03-18T07:14:51.077+0000] {processor.py:914} INFO - Processing file /home/komal/data-engineering-projects/airflow-spark-pipeline/airflow_venv/lib/python3.11/site-packages/airflow/example_dags/example_local_kubernetes_executor.py for tasks to queue
[2026-03-18T07:14:51.080+0000] {logging_mixin.py:190} INFO - [2026-03-18T07:14:51.079+0000] {dagbag.py:588} INFO - Filling up the DagBag from /home/komal/data-engineering-projects/airflow-spark-pipeline/airflow_venv/lib/python3.11/site-packages/airflow/example_dags/example_local_kubernetes_executor.py
[2026-03-18T07:14:51.084+0000] {logging_mixin.py:190} INFO - [2026-03-18T07:14:51.084+0000] {example_local_kubernetes_executor.py:40} WARNING - Could not import DAGs in example_local_kubernetes_executor.py
Traceback (most recent call last):
  File "/home/komal/data-engineering-projects/airflow-spark-pipeline/airflow_venv/lib/python3.11/site-packages/airflow/example_dags/example_local_kubernetes_executor.py", line 38, in <module>
    from kubernetes.client import models as k8s
ModuleNotFoundError: No module named 'kubernetes'
[2026-03-18T07:14:51.085+0000] {logging_mixin.py:190} INFO - [2026-03-18T07:14:51.085+0000] {example_local_kubernetes_executor.py:41} WARNING - Install Kubernetes dependencies with: pip install apache-airflow[cncf.kubernetes]
[2026-03-18T07:14:51.085+0000] {processor.py:927} WARNING - No viable dags retrieved from /home/komal/data-engineering-projects/airflow-spark-pipeline/airflow_venv/lib/python3.11/site-packages/airflow/example_dags/example_local_kubernetes_executor.py
[2026-03-18T07:14:51.095+0000] {processor.py:208} INFO - Processing /home/komal/data-engineering-projects/airflow-spark-pipeline/airflow_venv/lib/python3.11/site-packages/airflow/example_dags/example_local_kubernetes_executor.py took 0.057 seconds
[2026-03-18T07:15:55.349+0000] {processor.py:186} INFO - Started process (PID=31637) to work on /home/komal/data-engineering-projects/airflow-spark-pipeline/airflow_venv/lib/python3.11/site-packages/airflow/example_dags/example_local_kubernetes_executor.py
[2026-03-18T07:15:55.351+0000] {processor.py:914} INFO - Processing file /home/komal/data-engineering-projects/airflow-spark-pipeline/airflow_venv/lib/python3.11/site-packages/airflow/example_dags/example_local_kubernetes_executor.py for tasks to queue
[2026-03-18T07:15:55.352+0000] {logging_mixin.py:190} INFO - [2026-03-18T07:15:55.352+0000] {dagbag.py:588} INFO - Filling up the DagBag from /home/komal/data-engineering-projects/airflow-spark-pipeline/airflow_venv/lib/python3.11/site-packages/airflow/example_dags/example_local_kubernetes_executor.py
[2026-03-18T07:15:55.356+0000] {logging_mixin.py:190} INFO - [2026-03-18T07:15:55.355+0000] {example_local_kubernetes_executor.py:40} WARNING - Could not import DAGs in example_local_kubernetes_executor.py
Traceback (most recent call last):
  File "/home/komal/data-engineering-projects/airflow-spark-pipeline/airflow_venv/lib/python3.11/site-packages/airflow/example_dags/example_local_kubernetes_executor.py", line 38, in <module>
    from kubernetes.client import models as k8s
ModuleNotFoundError: No module named 'kubernetes'
[2026-03-18T07:15:55.356+0000] {logging_mixin.py:190} INFO - [2026-03-18T07:15:55.356+0000] {example_local_kubernetes_executor.py:41} WARNING - Install Kubernetes dependencies with: pip install apache-airflow[cncf.kubernetes]
[2026-03-18T07:15:55.356+0000] {processor.py:927} WARNING - No viable dags retrieved from /home/komal/data-engineering-projects/airflow-spark-pipeline/airflow_venv/lib/python3.11/site-packages/airflow/example_dags/example_local_kubernetes_executor.py
[2026-03-18T07:15:55.365+0000] {processor.py:208} INFO - Processing /home/komal/data-engineering-projects/airflow-spark-pipeline/airflow_venv/lib/python3.11/site-packages/airflow/example_dags/example_local_kubernetes_executor.py took 0.022 seconds
[2026-03-18T07:17:01.731+0000] {processor.py:186} INFO - Started process (PID=31705) to work on /home/komal/data-engineering-projects/airflow-spark-pipeline/airflow_venv/lib/python3.11/site-packages/airflow/example_dags/example_local_kubernetes_executor.py
[2026-03-18T07:17:01.735+0000] {processor.py:914} INFO - Processing file /home/komal/data-engineering-projects/airflow-spark-pipeline/airflow_venv/lib/python3.11/site-packages/airflow/example_dags/example_local_kubernetes_executor.py for tasks to queue
[2026-03-18T07:17:01.737+0000] {logging_mixin.py:190} INFO - [2026-03-18T07:17:01.736+0000] {dagbag.py:588} INFO - Filling up the DagBag from /home/komal/data-engineering-projects/airflow-spark-pipeline/airflow_venv/lib/python3.11/site-packages/airflow/example_dags/example_local_kubernetes_executor.py
[2026-03-18T07:17:01.739+0000] {logging_mixin.py:190} INFO - [2026-03-18T07:17:01.739+0000] {example_local_kubernetes_executor.py:40} WARNING - Could not import DAGs in example_local_kubernetes_executor.py
Traceback (most recent call last):
  File "/home/komal/data-engineering-projects/airflow-spark-pipeline/airflow_venv/lib/python3.11/site-packages/airflow/example_dags/example_local_kubernetes_executor.py", line 38, in <module>
    from kubernetes.client import models as k8s
ModuleNotFoundError: No module named 'kubernetes'
[2026-03-18T07:17:01.740+0000] {logging_mixin.py:190} INFO - [2026-03-18T07:17:01.740+0000] {example_local_kubernetes_executor.py:41} WARNING - Install Kubernetes dependencies with: pip install apache-airflow[cncf.kubernetes]
[2026-03-18T07:17:01.740+0000] {processor.py:927} WARNING - No viable dags retrieved from /home/komal/data-engineering-projects/airflow-spark-pipeline/airflow_venv/lib/python3.11/site-packages/airflow/example_dags/example_local_kubernetes_executor.py
[2026-03-18T07:17:01.748+0000] {processor.py:208} INFO - Processing /home/komal/data-engineering-projects/airflow-spark-pipeline/airflow_venv/lib/python3.11/site-packages/airflow/example_dags/example_local_kubernetes_executor.py took 0.025 seconds
[2026-03-18T07:18:05.548+0000] {processor.py:186} INFO - Started process (PID=31962) to work on /home/komal/data-engineering-projects/airflow-spark-pipeline/airflow_venv/lib/python3.11/site-packages/airflow/example_dags/example_local_kubernetes_executor.py
[2026-03-18T07:18:05.552+0000] {processor.py:914} INFO - Processing file /home/komal/data-engineering-projects/airflow-spark-pipeline/airflow_venv/lib/python3.11/site-packages/airflow/example_dags/example_local_kubernetes_executor.py for tasks to queue
[2026-03-18T07:18:05.555+0000] {logging_mixin.py:190} INFO - [2026-03-18T07:18:05.554+0000] {dagbag.py:588} INFO - Filling up the DagBag from /home/komal/data-engineering-projects/airflow-spark-pipeline/airflow_venv/lib/python3.11/site-packages/airflow/example_dags/example_local_kubernetes_executor.py
[2026-03-18T07:18:05.561+0000] {logging_mixin.py:190} INFO - [2026-03-18T07:18:05.560+0000] {example_local_kubernetes_executor.py:40} WARNING - Could not import DAGs in example_local_kubernetes_executor.py
Traceback (most recent call last):
  File "/home/komal/data-engineering-projects/airflow-spark-pipeline/airflow_venv/lib/python3.11/site-packages/airflow/example_dags/example_local_kubernetes_executor.py", line 38, in <module>
    from kubernetes.client import models as k8s
ModuleNotFoundError: No module named 'kubernetes'
[2026-03-18T07:18:05.562+0000] {logging_mixin.py:190} INFO - [2026-03-18T07:18:05.562+0000] {example_local_kubernetes_executor.py:41} WARNING - Install Kubernetes dependencies with: pip install apache-airflow[cncf.kubernetes]
[2026-03-18T07:18:05.562+0000] {processor.py:927} WARNING - No viable dags retrieved from /home/komal/data-engineering-projects/airflow-spark-pipeline/airflow_venv/lib/python3.11/site-packages/airflow/example_dags/example_local_kubernetes_executor.py
[2026-03-18T07:18:05.577+0000] {processor.py:208} INFO - Processing /home/komal/data-engineering-projects/airflow-spark-pipeline/airflow_venv/lib/python3.11/site-packages/airflow/example_dags/example_local_kubernetes_executor.py took 0.041 seconds
[2026-03-18T07:19:17.982+0000] {processor.py:186} INFO - Started process (PID=32029) to work on /home/komal/data-engineering-projects/airflow-spark-pipeline/airflow_venv/lib/python3.11/site-packages/airflow/example_dags/example_local_kubernetes_executor.py
[2026-03-18T07:19:18.015+0000] {processor.py:914} INFO - Processing file /home/komal/data-engineering-projects/airflow-spark-pipeline/airflow_venv/lib/python3.11/site-packages/airflow/example_dags/example_local_kubernetes_executor.py for tasks to queue
[2026-03-18T07:19:18.017+0000] {logging_mixin.py:190} INFO - [2026-03-18T07:19:18.016+0000] {dagbag.py:588} INFO - Filling up the DagBag from /home/komal/data-engineering-projects/airflow-spark-pipeline/airflow_venv/lib/python3.11/site-packages/airflow/example_dags/example_local_kubernetes_executor.py
[2026-03-18T07:19:18.022+0000] {logging_mixin.py:190} INFO - [2026-03-18T07:19:18.021+0000] {example_local_kubernetes_executor.py:40} WARNING - Could not import DAGs in example_local_kubernetes_executor.py
Traceback (most recent call last):
  File "/home/komal/data-engineering-projects/airflow-spark-pipeline/airflow_venv/lib/python3.11/site-packages/airflow/example_dags/example_local_kubernetes_executor.py", line 38, in <module>
    from kubernetes.client import models as k8s
ModuleNotFoundError: No module named 'kubernetes'
[2026-03-18T07:19:18.023+0000] {logging_mixin.py:190} INFO - [2026-03-18T07:19:18.022+0000] {example_local_kubernetes_executor.py:41} WARNING - Install Kubernetes dependencies with: pip install apache-airflow[cncf.kubernetes]
[2026-03-18T07:19:18.023+0000] {processor.py:927} WARNING - No viable dags retrieved from /home/komal/data-engineering-projects/airflow-spark-pipeline/airflow_venv/lib/python3.11/site-packages/airflow/example_dags/example_local_kubernetes_executor.py
[2026-03-18T07:19:18.040+0000] {processor.py:208} INFO - Processing /home/komal/data-engineering-projects/airflow-spark-pipeline/airflow_venv/lib/python3.11/site-packages/airflow/example_dags/example_local_kubernetes_executor.py took 0.066 seconds
[2026-03-18T07:20:30.906+0000] {processor.py:186} INFO - Started process (PID=32099) to work on /home/komal/data-engineering-projects/airflow-spark-pipeline/airflow_venv/lib/python3.11/site-packages/airflow/example_dags/example_local_kubernetes_executor.py
[2026-03-18T07:20:30.939+0000] {processor.py:914} INFO - Processing file /home/komal/data-engineering-projects/airflow-spark-pipeline/airflow_venv/lib/python3.11/site-packages/airflow/example_dags/example_local_kubernetes_executor.py for tasks to queue
[2026-03-18T07:20:30.941+0000] {logging_mixin.py:190} INFO - [2026-03-18T07:20:30.941+0000] {dagbag.py:588} INFO - Filling up the DagBag from /home/komal/data-engineering-projects/airflow-spark-pipeline/airflow_venv/lib/python3.11/site-packages/airflow/example_dags/example_local_kubernetes_executor.py
[2026-03-18T07:20:30.948+0000] {logging_mixin.py:190} INFO - [2026-03-18T07:20:30.947+0000] {example_local_kubernetes_executor.py:40} WARNING - Could not import DAGs in example_local_kubernetes_executor.py
Traceback (most recent call last):
  File "/home/komal/data-engineering-projects/airflow-spark-pipeline/airflow_venv/lib/python3.11/site-packages/airflow/example_dags/example_local_kubernetes_executor.py", line 38, in <module>
    from kubernetes.client import models as k8s
ModuleNotFoundError: No module named 'kubernetes'
[2026-03-18T07:20:30.948+0000] {logging_mixin.py:190} INFO - [2026-03-18T07:20:30.948+0000] {example_local_kubernetes_executor.py:41} WARNING - Install Kubernetes dependencies with: pip install apache-airflow[cncf.kubernetes]
[2026-03-18T07:20:30.949+0000] {processor.py:927} WARNING - No viable dags retrieved from /home/komal/data-engineering-projects/airflow-spark-pipeline/airflow_venv/lib/python3.11/site-packages/airflow/example_dags/example_local_kubernetes_executor.py
[2026-03-18T07:20:30.965+0000] {processor.py:208} INFO - Processing /home/komal/data-engineering-projects/airflow-spark-pipeline/airflow_venv/lib/python3.11/site-packages/airflow/example_dags/example_local_kubernetes_executor.py took 0.067 seconds
[2026-03-18T07:21:49.671+0000] {processor.py:186} INFO - Started process (PID=32170) to work on /home/komal/data-engineering-projects/airflow-spark-pipeline/airflow_venv/lib/python3.11/site-packages/airflow/example_dags/example_local_kubernetes_executor.py
[2026-03-18T07:21:49.703+0000] {processor.py:914} INFO - Processing file /home/komal/data-engineering-projects/airflow-spark-pipeline/airflow_venv/lib/python3.11/site-packages/airflow/example_dags/example_local_kubernetes_executor.py for tasks to queue
[2026-03-18T07:21:49.706+0000] {logging_mixin.py:190} INFO - [2026-03-18T07:21:49.705+0000] {dagbag.py:588} INFO - Filling up the DagBag from /home/komal/data-engineering-projects/airflow-spark-pipeline/airflow_venv/lib/python3.11/site-packages/airflow/example_dags/example_local_kubernetes_executor.py
[2026-03-18T07:21:49.713+0000] {logging_mixin.py:190} INFO - [2026-03-18T07:21:49.712+0000] {example_local_kubernetes_executor.py:40} WARNING - Could not import DAGs in example_local_kubernetes_executor.py
Traceback (most recent call last):
  File "/home/komal/data-engineering-projects/airflow-spark-pipeline/airflow_venv/lib/python3.11/site-packages/airflow/example_dags/example_local_kubernetes_executor.py", line 38, in <module>
    from kubernetes.client import models as k8s
ModuleNotFoundError: No module named 'kubernetes'
[2026-03-18T07:21:49.713+0000] {logging_mixin.py:190} INFO - [2026-03-18T07:21:49.713+0000] {example_local_kubernetes_executor.py:41} WARNING - Install Kubernetes dependencies with: pip install apache-airflow[cncf.kubernetes]
[2026-03-18T07:21:49.714+0000] {processor.py:927} WARNING - No viable dags retrieved from /home/komal/data-engineering-projects/airflow-spark-pipeline/airflow_venv/lib/python3.11/site-packages/airflow/example_dags/example_local_kubernetes_executor.py
[2026-03-18T07:21:49.735+0000] {processor.py:208} INFO - Processing /home/komal/data-engineering-projects/airflow-spark-pipeline/airflow_venv/lib/python3.11/site-packages/airflow/example_dags/example_local_kubernetes_executor.py took 0.076 seconds
[2026-03-18T07:23:06.179+0000] {processor.py:186} INFO - Started process (PID=32474) to work on /home/komal/data-engineering-projects/airflow-spark-pipeline/airflow_venv/lib/python3.11/site-packages/airflow/example_dags/example_local_kubernetes_executor.py
[2026-03-18T07:23:06.211+0000] {processor.py:914} INFO - Processing file /home/komal/data-engineering-projects/airflow-spark-pipeline/airflow_venv/lib/python3.11/site-packages/airflow/example_dags/example_local_kubernetes_executor.py for tasks to queue
[2026-03-18T07:23:06.215+0000] {logging_mixin.py:190} INFO - [2026-03-18T07:23:06.213+0000] {dagbag.py:588} INFO - Filling up the DagBag from /home/komal/data-engineering-projects/airflow-spark-pipeline/airflow_venv/lib/python3.11/site-packages/airflow/example_dags/example_local_kubernetes_executor.py
[2026-03-18T07:23:06.221+0000] {logging_mixin.py:190} INFO - [2026-03-18T07:23:06.220+0000] {example_local_kubernetes_executor.py:40} WARNING - Could not import DAGs in example_local_kubernetes_executor.py
Traceback (most recent call last):
  File "/home/komal/data-engineering-projects/airflow-spark-pipeline/airflow_venv/lib/python3.11/site-packages/airflow/example_dags/example_local_kubernetes_executor.py", line 38, in <module>
    from kubernetes.client import models as k8s
ModuleNotFoundError: No module named 'kubernetes'
[2026-03-18T07:23:06.222+0000] {logging_mixin.py:190} INFO - [2026-03-18T07:23:06.221+0000] {example_local_kubernetes_executor.py:41} WARNING - Install Kubernetes dependencies with: pip install apache-airflow[cncf.kubernetes]
[2026-03-18T07:23:06.223+0000] {processor.py:927} WARNING - No viable dags retrieved from /home/komal/data-engineering-projects/airflow-spark-pipeline/airflow_venv/lib/python3.11/site-packages/airflow/example_dags/example_local_kubernetes_executor.py
[2026-03-18T07:23:06.237+0000] {processor.py:208} INFO - Processing /home/komal/data-engineering-projects/airflow-spark-pipeline/airflow_venv/lib/python3.11/site-packages/airflow/example_dags/example_local_kubernetes_executor.py took 0.070 seconds
[2026-03-18T07:24:17.006+0000] {processor.py:186} INFO - Started process (PID=32543) to work on /home/komal/data-engineering-projects/airflow-spark-pipeline/airflow_venv/lib/python3.11/site-packages/airflow/example_dags/example_local_kubernetes_executor.py
[2026-03-18T07:24:17.008+0000] {processor.py:914} INFO - Processing file /home/komal/data-engineering-projects/airflow-spark-pipeline/airflow_venv/lib/python3.11/site-packages/airflow/example_dags/example_local_kubernetes_executor.py for tasks to queue
[2026-03-18T07:24:17.009+0000] {logging_mixin.py:190} INFO - [2026-03-18T07:24:17.009+0000] {dagbag.py:588} INFO - Filling up the DagBag from /home/komal/data-engineering-projects/airflow-spark-pipeline/airflow_venv/lib/python3.11/site-packages/airflow/example_dags/example_local_kubernetes_executor.py
[2026-03-18T07:24:17.014+0000] {logging_mixin.py:190} INFO - [2026-03-18T07:24:17.013+0000] {example_local_kubernetes_executor.py:40} WARNING - Could not import DAGs in example_local_kubernetes_executor.py
Traceback (most recent call last):
  File "/home/komal/data-engineering-projects/airflow-spark-pipeline/airflow_venv/lib/python3.11/site-packages/airflow/example_dags/example_local_kubernetes_executor.py", line 38, in <module>
    from kubernetes.client import models as k8s
ModuleNotFoundError: No module named 'kubernetes'
[2026-03-18T07:24:17.015+0000] {logging_mixin.py:190} INFO - [2026-03-18T07:24:17.015+0000] {example_local_kubernetes_executor.py:41} WARNING - Install Kubernetes dependencies with: pip install apache-airflow[cncf.kubernetes]
[2026-03-18T07:24:17.016+0000] {processor.py:927} WARNING - No viable dags retrieved from /home/komal/data-engineering-projects/airflow-spark-pipeline/airflow_venv/lib/python3.11/site-packages/airflow/example_dags/example_local_kubernetes_executor.py
[2026-03-18T07:24:17.029+0000] {processor.py:208} INFO - Processing /home/komal/data-engineering-projects/airflow-spark-pipeline/airflow_venv/lib/python3.11/site-packages/airflow/example_dags/example_local_kubernetes_executor.py took 0.035 seconds
[2026-03-18T07:25:28.538+0000] {processor.py:186} INFO - Started process (PID=32612) to work on /home/komal/data-engineering-projects/airflow-spark-pipeline/airflow_venv/lib/python3.11/site-packages/airflow/example_dags/example_local_kubernetes_executor.py
[2026-03-18T07:25:28.570+0000] {processor.py:914} INFO - Processing file /home/komal/data-engineering-projects/airflow-spark-pipeline/airflow_venv/lib/python3.11/site-packages/airflow/example_dags/example_local_kubernetes_executor.py for tasks to queue
[2026-03-18T07:25:28.573+0000] {logging_mixin.py:190} INFO - [2026-03-18T07:25:28.572+0000] {dagbag.py:588} INFO - Filling up the DagBag from /home/komal/data-engineering-projects/airflow-spark-pipeline/airflow_venv/lib/python3.11/site-packages/airflow/example_dags/example_local_kubernetes_executor.py
[2026-03-18T07:25:28.579+0000] {logging_mixin.py:190} INFO - [2026-03-18T07:25:28.578+0000] {example_local_kubernetes_executor.py:40} WARNING - Could not import DAGs in example_local_kubernetes_executor.py
Traceback (most recent call last):
  File "/home/komal/data-engineering-projects/airflow-spark-pipeline/airflow_venv/lib/python3.11/site-packages/airflow/example_dags/example_local_kubernetes_executor.py", line 38, in <module>
    from kubernetes.client import models as k8s
ModuleNotFoundError: No module named 'kubernetes'
[2026-03-18T07:25:28.580+0000] {logging_mixin.py:190} INFO - [2026-03-18T07:25:28.580+0000] {example_local_kubernetes_executor.py:41} WARNING - Install Kubernetes dependencies with: pip install apache-airflow[cncf.kubernetes]
[2026-03-18T07:25:28.581+0000] {processor.py:927} WARNING - No viable dags retrieved from /home/komal/data-engineering-projects/airflow-spark-pipeline/airflow_venv/lib/python3.11/site-packages/airflow/example_dags/example_local_kubernetes_executor.py
[2026-03-18T07:25:28.596+0000] {processor.py:208} INFO - Processing /home/komal/data-engineering-projects/airflow-spark-pipeline/airflow_venv/lib/python3.11/site-packages/airflow/example_dags/example_local_kubernetes_executor.py took 0.069 seconds
[2026-03-18T07:26:31.167+0000] {processor.py:186} INFO - Started process (PID=32670) to work on /home/komal/data-engineering-projects/airflow-spark-pipeline/airflow_venv/lib/python3.11/site-packages/airflow/example_dags/example_local_kubernetes_executor.py
[2026-03-18T07:26:31.172+0000] {processor.py:914} INFO - Processing file /home/komal/data-engineering-projects/airflow-spark-pipeline/airflow_venv/lib/python3.11/site-packages/airflow/example_dags/example_local_kubernetes_executor.py for tasks to queue
[2026-03-18T07:26:31.176+0000] {logging_mixin.py:190} INFO - [2026-03-18T07:26:31.175+0000] {dagbag.py:588} INFO - Filling up the DagBag from /home/komal/data-engineering-projects/airflow-spark-pipeline/airflow_venv/lib/python3.11/site-packages/airflow/example_dags/example_local_kubernetes_executor.py
[2026-03-18T07:26:31.182+0000] {logging_mixin.py:190} INFO - [2026-03-18T07:26:31.181+0000] {example_local_kubernetes_executor.py:40} WARNING - Could not import DAGs in example_local_kubernetes_executor.py
Traceback (most recent call last):
  File "/home/komal/data-engineering-projects/airflow-spark-pipeline/airflow_venv/lib/python3.11/site-packages/airflow/example_dags/example_local_kubernetes_executor.py", line 38, in <module>
    from kubernetes.client import models as k8s
ModuleNotFoundError: No module named 'kubernetes'
[2026-03-18T07:26:31.182+0000] {logging_mixin.py:190} INFO - [2026-03-18T07:26:31.182+0000] {example_local_kubernetes_executor.py:41} WARNING - Install Kubernetes dependencies with: pip install apache-airflow[cncf.kubernetes]
[2026-03-18T07:26:31.182+0000] {processor.py:927} WARNING - No viable dags retrieved from /home/komal/data-engineering-projects/airflow-spark-pipeline/airflow_venv/lib/python3.11/site-packages/airflow/example_dags/example_local_kubernetes_executor.py
[2026-03-18T07:26:31.194+0000] {processor.py:208} INFO - Processing /home/komal/data-engineering-projects/airflow-spark-pipeline/airflow_venv/lib/python3.11/site-packages/airflow/example_dags/example_local_kubernetes_executor.py took 0.037 seconds
[2026-03-18T07:27:39.148+0000] {processor.py:186} INFO - Started process (PID=32734) to work on /home/komal/data-engineering-projects/airflow-spark-pipeline/airflow_venv/lib/python3.11/site-packages/airflow/example_dags/example_local_kubernetes_executor.py
[2026-03-18T07:27:39.153+0000] {processor.py:914} INFO - Processing file /home/komal/data-engineering-projects/airflow-spark-pipeline/airflow_venv/lib/python3.11/site-packages/airflow/example_dags/example_local_kubernetes_executor.py for tasks to queue
[2026-03-18T07:27:39.156+0000] {logging_mixin.py:190} INFO - [2026-03-18T07:27:39.155+0000] {dagbag.py:588} INFO - Filling up the DagBag from /home/komal/data-engineering-projects/airflow-spark-pipeline/airflow_venv/lib/python3.11/site-packages/airflow/example_dags/example_local_kubernetes_executor.py
[2026-03-18T07:27:39.160+0000] {logging_mixin.py:190} INFO - [2026-03-18T07:27:39.160+0000] {example_local_kubernetes_executor.py:40} WARNING - Could not import DAGs in example_local_kubernetes_executor.py
Traceback (most recent call last):
  File "/home/komal/data-engineering-projects/airflow-spark-pipeline/airflow_venv/lib/python3.11/site-packages/airflow/example_dags/example_local_kubernetes_executor.py", line 38, in <module>
    from kubernetes.client import models as k8s
ModuleNotFoundError: No module named 'kubernetes'
[2026-03-18T07:27:39.161+0000] {logging_mixin.py:190} INFO - [2026-03-18T07:27:39.161+0000] {example_local_kubernetes_executor.py:41} WARNING - Install Kubernetes dependencies with: pip install apache-airflow[cncf.kubernetes]
[2026-03-18T07:27:39.161+0000] {processor.py:927} WARNING - No viable dags retrieved from /home/komal/data-engineering-projects/airflow-spark-pipeline/airflow_venv/lib/python3.11/site-packages/airflow/example_dags/example_local_kubernetes_executor.py
[2026-03-18T07:27:39.176+0000] {processor.py:208} INFO - Processing /home/komal/data-engineering-projects/airflow-spark-pipeline/airflow_venv/lib/python3.11/site-packages/airflow/example_dags/example_local_kubernetes_executor.py took 0.036 seconds
[2026-03-18T07:28:48.809+0000] {processor.py:186} INFO - Started process (PID=32799) to work on /home/komal/data-engineering-projects/airflow-spark-pipeline/airflow_venv/lib/python3.11/site-packages/airflow/example_dags/example_local_kubernetes_executor.py
[2026-03-18T07:28:48.842+0000] {processor.py:914} INFO - Processing file /home/komal/data-engineering-projects/airflow-spark-pipeline/airflow_venv/lib/python3.11/site-packages/airflow/example_dags/example_local_kubernetes_executor.py for tasks to queue
[2026-03-18T07:28:48.847+0000] {logging_mixin.py:190} INFO - [2026-03-18T07:28:48.846+0000] {dagbag.py:588} INFO - Filling up the DagBag from /home/komal/data-engineering-projects/airflow-spark-pipeline/airflow_venv/lib/python3.11/site-packages/airflow/example_dags/example_local_kubernetes_executor.py
[2026-03-18T07:28:48.855+0000] {logging_mixin.py:190} INFO - [2026-03-18T07:28:48.853+0000] {example_local_kubernetes_executor.py:40} WARNING - Could not import DAGs in example_local_kubernetes_executor.py
Traceback (most recent call last):
  File "/home/komal/data-engineering-projects/airflow-spark-pipeline/airflow_venv/lib/python3.11/site-packages/airflow/example_dags/example_local_kubernetes_executor.py", line 38, in <module>
    from kubernetes.client import models as k8s
ModuleNotFoundError: No module named 'kubernetes'
[2026-03-18T07:28:48.856+0000] {logging_mixin.py:190} INFO - [2026-03-18T07:28:48.855+0000] {example_local_kubernetes_executor.py:41} WARNING - Install Kubernetes dependencies with: pip install apache-airflow[cncf.kubernetes]
[2026-03-18T07:28:48.856+0000] {processor.py:927} WARNING - No viable dags retrieved from /home/komal/data-engineering-projects/airflow-spark-pipeline/airflow_venv/lib/python3.11/site-packages/airflow/example_dags/example_local_kubernetes_executor.py
[2026-03-18T07:28:48.876+0000] {processor.py:208} INFO - Processing /home/komal/data-engineering-projects/airflow-spark-pipeline/airflow_venv/lib/python3.11/site-packages/airflow/example_dags/example_local_kubernetes_executor.py took 0.078 seconds
[2026-03-18T07:29:56.902+0000] {processor.py:186} INFO - Started process (PID=32871) to work on /home/komal/data-engineering-projects/airflow-spark-pipeline/airflow_venv/lib/python3.11/site-packages/airflow/example_dags/example_local_kubernetes_executor.py
[2026-03-18T07:29:57.627+0000] {processor.py:914} INFO - Processing file /home/komal/data-engineering-projects/airflow-spark-pipeline/airflow_venv/lib/python3.11/site-packages/airflow/example_dags/example_local_kubernetes_executor.py for tasks to queue
[2026-03-18T07:29:57.631+0000] {logging_mixin.py:190} INFO - [2026-03-18T07:29:57.631+0000] {dagbag.py:588} INFO - Filling up the DagBag from /home/komal/data-engineering-projects/airflow-spark-pipeline/airflow_venv/lib/python3.11/site-packages/airflow/example_dags/example_local_kubernetes_executor.py
[2026-03-18T07:29:57.637+0000] {logging_mixin.py:190} INFO - [2026-03-18T07:29:57.636+0000] {example_local_kubernetes_executor.py:40} WARNING - Could not import DAGs in example_local_kubernetes_executor.py
Traceback (most recent call last):
  File "/home/komal/data-engineering-projects/airflow-spark-pipeline/airflow_venv/lib/python3.11/site-packages/airflow/example_dags/example_local_kubernetes_executor.py", line 38, in <module>
    from kubernetes.client import models as k8s
ModuleNotFoundError: No module named 'kubernetes'
[2026-03-18T07:29:57.638+0000] {logging_mixin.py:190} INFO - [2026-03-18T07:29:57.638+0000] {example_local_kubernetes_executor.py:41} WARNING - Install Kubernetes dependencies with: pip install apache-airflow[cncf.kubernetes]
[2026-03-18T07:29:57.638+0000] {processor.py:927} WARNING - No viable dags retrieved from /home/komal/data-engineering-projects/airflow-spark-pipeline/airflow_venv/lib/python3.11/site-packages/airflow/example_dags/example_local_kubernetes_executor.py
[2026-03-18T07:29:57.654+0000] {processor.py:208} INFO - Processing /home/komal/data-engineering-projects/airflow-spark-pipeline/airflow_venv/lib/python3.11/site-packages/airflow/example_dags/example_local_kubernetes_executor.py took 0.048 seconds
[2026-03-18T07:31:14.302+0000] {processor.py:186} INFO - Started process (PID=33018) to work on /home/komal/data-engineering-projects/airflow-spark-pipeline/airflow_venv/lib/python3.11/site-packages/airflow/example_dags/example_local_kubernetes_executor.py
[2026-03-18T07:31:14.305+0000] {processor.py:914} INFO - Processing file /home/komal/data-engineering-projects/airflow-spark-pipeline/airflow_venv/lib/python3.11/site-packages/airflow/example_dags/example_local_kubernetes_executor.py for tasks to queue
[2026-03-18T07:31:14.308+0000] {logging_mixin.py:190} INFO - [2026-03-18T07:31:14.307+0000] {dagbag.py:588} INFO - Filling up the DagBag from /home/komal/data-engineering-projects/airflow-spark-pipeline/airflow_venv/lib/python3.11/site-packages/airflow/example_dags/example_local_kubernetes_executor.py
[2026-03-18T07:31:14.312+0000] {logging_mixin.py:190} INFO - [2026-03-18T07:31:14.311+0000] {example_local_kubernetes_executor.py:40} WARNING - Could not import DAGs in example_local_kubernetes_executor.py
Traceback (most recent call last):
  File "/home/komal/data-engineering-projects/airflow-spark-pipeline/airflow_venv/lib/python3.11/site-packages/airflow/example_dags/example_local_kubernetes_executor.py", line 38, in <module>
    from kubernetes.client import models as k8s
ModuleNotFoundError: No module named 'kubernetes'
[2026-03-18T07:31:14.312+0000] {logging_mixin.py:190} INFO - [2026-03-18T07:31:14.312+0000] {example_local_kubernetes_executor.py:41} WARNING - Install Kubernetes dependencies with: pip install apache-airflow[cncf.kubernetes]
[2026-03-18T07:31:14.313+0000] {processor.py:927} WARNING - No viable dags retrieved from /home/komal/data-engineering-projects/airflow-spark-pipeline/airflow_venv/lib/python3.11/site-packages/airflow/example_dags/example_local_kubernetes_executor.py
[2026-03-18T07:31:14.342+0000] {processor.py:208} INFO - Processing /home/komal/data-engineering-projects/airflow-spark-pipeline/airflow_venv/lib/python3.11/site-packages/airflow/example_dags/example_local_kubernetes_executor.py took 0.049 seconds
[2026-03-18T07:32:25.643+0000] {processor.py:186} INFO - Started process (PID=33083) to work on /home/komal/data-engineering-projects/airflow-spark-pipeline/airflow_venv/lib/python3.11/site-packages/airflow/example_dags/example_local_kubernetes_executor.py
[2026-03-18T07:32:25.678+0000] {processor.py:914} INFO - Processing file /home/komal/data-engineering-projects/airflow-spark-pipeline/airflow_venv/lib/python3.11/site-packages/airflow/example_dags/example_local_kubernetes_executor.py for tasks to queue
[2026-03-18T07:32:25.682+0000] {logging_mixin.py:190} INFO - [2026-03-18T07:32:25.681+0000] {dagbag.py:588} INFO - Filling up the DagBag from /home/komal/data-engineering-projects/airflow-spark-pipeline/airflow_venv/lib/python3.11/site-packages/airflow/example_dags/example_local_kubernetes_executor.py
[2026-03-18T07:32:25.688+0000] {logging_mixin.py:190} INFO - [2026-03-18T07:32:25.686+0000] {example_local_kubernetes_executor.py:40} WARNING - Could not import DAGs in example_local_kubernetes_executor.py
Traceback (most recent call last):
  File "/home/komal/data-engineering-projects/airflow-spark-pipeline/airflow_venv/lib/python3.11/site-packages/airflow/example_dags/example_local_kubernetes_executor.py", line 38, in <module>
    from kubernetes.client import models as k8s
ModuleNotFoundError: No module named 'kubernetes'
[2026-03-18T07:32:25.688+0000] {logging_mixin.py:190} INFO - [2026-03-18T07:32:25.688+0000] {example_local_kubernetes_executor.py:41} WARNING - Install Kubernetes dependencies with: pip install apache-airflow[cncf.kubernetes]
[2026-03-18T07:32:25.688+0000] {processor.py:927} WARNING - No viable dags retrieved from /home/komal/data-engineering-projects/airflow-spark-pipeline/airflow_venv/lib/python3.11/site-packages/airflow/example_dags/example_local_kubernetes_executor.py
[2026-03-18T07:32:25.710+0000] {processor.py:208} INFO - Processing /home/komal/data-engineering-projects/airflow-spark-pipeline/airflow_venv/lib/python3.11/site-packages/airflow/example_dags/example_local_kubernetes_executor.py took 0.076 seconds
[2026-03-18T07:33:45.904+0000] {processor.py:186} INFO - Started process (PID=33158) to work on /home/komal/data-engineering-projects/airflow-spark-pipeline/airflow_venv/lib/python3.11/site-packages/airflow/example_dags/example_local_kubernetes_executor.py
[2026-03-18T07:33:45.938+0000] {processor.py:914} INFO - Processing file /home/komal/data-engineering-projects/airflow-spark-pipeline/airflow_venv/lib/python3.11/site-packages/airflow/example_dags/example_local_kubernetes_executor.py for tasks to queue
[2026-03-18T07:33:45.943+0000] {logging_mixin.py:190} INFO - [2026-03-18T07:33:45.942+0000] {dagbag.py:588} INFO - Filling up the DagBag from /home/komal/data-engineering-projects/airflow-spark-pipeline/airflow_venv/lib/python3.11/site-packages/airflow/example_dags/example_local_kubernetes_executor.py
[2026-03-18T07:33:45.949+0000] {logging_mixin.py:190} INFO - [2026-03-18T07:33:45.948+0000] {example_local_kubernetes_executor.py:40} WARNING - Could not import DAGs in example_local_kubernetes_executor.py
Traceback (most recent call last):
  File "/home/komal/data-engineering-projects/airflow-spark-pipeline/airflow_venv/lib/python3.11/site-packages/airflow/example_dags/example_local_kubernetes_executor.py", line 38, in <module>
    from kubernetes.client import models as k8s
ModuleNotFoundError: No module named 'kubernetes'
[2026-03-18T07:33:45.949+0000] {logging_mixin.py:190} INFO - [2026-03-18T07:33:45.949+0000] {example_local_kubernetes_executor.py:41} WARNING - Install Kubernetes dependencies with: pip install apache-airflow[cncf.kubernetes]
[2026-03-18T07:33:45.949+0000] {processor.py:927} WARNING - No viable dags retrieved from /home/komal/data-engineering-projects/airflow-spark-pipeline/airflow_venv/lib/python3.11/site-packages/airflow/example_dags/example_local_kubernetes_executor.py
[2026-03-18T07:33:45.964+0000] {processor.py:208} INFO - Processing /home/komal/data-engineering-projects/airflow-spark-pipeline/airflow_venv/lib/python3.11/site-packages/airflow/example_dags/example_local_kubernetes_executor.py took 0.072 seconds
[2026-03-18T07:34:42.711+0000] {processor.py:186} INFO - Started process (PID=33264) to work on /home/komal/data-engineering-projects/airflow-spark-pipeline/airflow_venv/lib/python3.11/site-packages/airflow/example_dags/example_local_kubernetes_executor.py
[2026-03-18T07:34:42.744+0000] {processor.py:914} INFO - Processing file /home/komal/data-engineering-projects/airflow-spark-pipeline/airflow_venv/lib/python3.11/site-packages/airflow/example_dags/example_local_kubernetes_executor.py for tasks to queue
[2026-03-18T07:34:42.749+0000] {logging_mixin.py:190} INFO - [2026-03-18T07:34:42.748+0000] {dagbag.py:588} INFO - Filling up the DagBag from /home/komal/data-engineering-projects/airflow-spark-pipeline/airflow_venv/lib/python3.11/site-packages/airflow/example_dags/example_local_kubernetes_executor.py
[2026-03-18T07:34:42.755+0000] {logging_mixin.py:190} INFO - [2026-03-18T07:34:42.754+0000] {example_local_kubernetes_executor.py:40} WARNING - Could not import DAGs in example_local_kubernetes_executor.py
Traceback (most recent call last):
  File "/home/komal/data-engineering-projects/airflow-spark-pipeline/airflow_venv/lib/python3.11/site-packages/airflow/example_dags/example_local_kubernetes_executor.py", line 38, in <module>
    from kubernetes.client import models as k8s
ModuleNotFoundError: No module named 'kubernetes'
[2026-03-18T07:34:42.756+0000] {logging_mixin.py:190} INFO - [2026-03-18T07:34:42.755+0000] {example_local_kubernetes_executor.py:41} WARNING - Install Kubernetes dependencies with: pip install apache-airflow[cncf.kubernetes]
[2026-03-18T07:34:42.756+0000] {processor.py:927} WARNING - No viable dags retrieved from /home/komal/data-engineering-projects/airflow-spark-pipeline/airflow_venv/lib/python3.11/site-packages/airflow/example_dags/example_local_kubernetes_executor.py
[2026-03-18T07:34:42.774+0000] {processor.py:208} INFO - Processing /home/komal/data-engineering-projects/airflow-spark-pipeline/airflow_venv/lib/python3.11/site-packages/airflow/example_dags/example_local_kubernetes_executor.py took 0.074 seconds
[2026-03-18T07:35:46.964+0000] {processor.py:186} INFO - Started process (PID=33327) to work on /home/komal/data-engineering-projects/airflow-spark-pipeline/airflow_venv/lib/python3.11/site-packages/airflow/example_dags/example_local_kubernetes_executor.py
[2026-03-18T07:35:46.967+0000] {processor.py:914} INFO - Processing file /home/komal/data-engineering-projects/airflow-spark-pipeline/airflow_venv/lib/python3.11/site-packages/airflow/example_dags/example_local_kubernetes_executor.py for tasks to queue
[2026-03-18T07:35:46.969+0000] {logging_mixin.py:190} INFO - [2026-03-18T07:35:46.969+0000] {dagbag.py:588} INFO - Filling up the DagBag from /home/komal/data-engineering-projects/airflow-spark-pipeline/airflow_venv/lib/python3.11/site-packages/airflow/example_dags/example_local_kubernetes_executor.py
[2026-03-18T07:35:46.973+0000] {logging_mixin.py:190} INFO - [2026-03-18T07:35:46.972+0000] {example_local_kubernetes_executor.py:40} WARNING - Could not import DAGs in example_local_kubernetes_executor.py
Traceback (most recent call last):
  File "/home/komal/data-engineering-projects/airflow-spark-pipeline/airflow_venv/lib/python3.11/site-packages/airflow/example_dags/example_local_kubernetes_executor.py", line 38, in <module>
    from kubernetes.client import models as k8s
ModuleNotFoundError: No module named 'kubernetes'
[2026-03-18T07:35:46.973+0000] {logging_mixin.py:190} INFO - [2026-03-18T07:35:46.973+0000] {example_local_kubernetes_executor.py:41} WARNING - Install Kubernetes dependencies with: pip install apache-airflow[cncf.kubernetes]
[2026-03-18T07:35:46.974+0000] {processor.py:927} WARNING - No viable dags retrieved from /home/komal/data-engineering-projects/airflow-spark-pipeline/airflow_venv/lib/python3.11/site-packages/airflow/example_dags/example_local_kubernetes_executor.py
[2026-03-18T07:35:46.989+0000] {processor.py:208} INFO - Processing /home/komal/data-engineering-projects/airflow-spark-pipeline/airflow_venv/lib/python3.11/site-packages/airflow/example_dags/example_local_kubernetes_executor.py took 0.033 seconds
[2026-03-18T07:36:58.408+0000] {processor.py:186} INFO - Started process (PID=33395) to work on /home/komal/data-engineering-projects/airflow-spark-pipeline/airflow_venv/lib/python3.11/site-packages/airflow/example_dags/example_local_kubernetes_executor.py
[2026-03-18T07:36:58.442+0000] {processor.py:914} INFO - Processing file /home/komal/data-engineering-projects/airflow-spark-pipeline/airflow_venv/lib/python3.11/site-packages/airflow/example_dags/example_local_kubernetes_executor.py for tasks to queue
[2026-03-18T07:36:58.446+0000] {logging_mixin.py:190} INFO - [2026-03-18T07:36:58.446+0000] {dagbag.py:588} INFO - Filling up the DagBag from /home/komal/data-engineering-projects/airflow-spark-pipeline/airflow_venv/lib/python3.11/site-packages/airflow/example_dags/example_local_kubernetes_executor.py
[2026-03-18T07:36:58.452+0000] {logging_mixin.py:190} INFO - [2026-03-18T07:36:58.451+0000] {example_local_kubernetes_executor.py:40} WARNING - Could not import DAGs in example_local_kubernetes_executor.py
Traceback (most recent call last):
  File "/home/komal/data-engineering-projects/airflow-spark-pipeline/airflow_venv/lib/python3.11/site-packages/airflow/example_dags/example_local_kubernetes_executor.py", line 38, in <module>
    from kubernetes.client import models as k8s
ModuleNotFoundError: No module named 'kubernetes'
[2026-03-18T07:36:58.453+0000] {logging_mixin.py:190} INFO - [2026-03-18T07:36:58.452+0000] {example_local_kubernetes_executor.py:41} WARNING - Install Kubernetes dependencies with: pip install apache-airflow[cncf.kubernetes]
[2026-03-18T07:36:58.453+0000] {processor.py:927} WARNING - No viable dags retrieved from /home/komal/data-engineering-projects/airflow-spark-pipeline/airflow_venv/lib/python3.11/site-packages/airflow/example_dags/example_local_kubernetes_executor.py
[2026-03-18T07:36:58.476+0000] {processor.py:208} INFO - Processing /home/komal/data-engineering-projects/airflow-spark-pipeline/airflow_venv/lib/python3.11/site-packages/airflow/example_dags/example_local_kubernetes_executor.py took 0.081 seconds
[2026-03-18T07:38:25.766+0000] {processor.py:186} INFO - Started process (PID=33546) to work on /home/komal/data-engineering-projects/airflow-spark-pipeline/airflow_venv/lib/python3.11/site-packages/airflow/example_dags/example_local_kubernetes_executor.py
[2026-03-18T07:38:25.797+0000] {processor.py:914} INFO - Processing file /home/komal/data-engineering-projects/airflow-spark-pipeline/airflow_venv/lib/python3.11/site-packages/airflow/example_dags/example_local_kubernetes_executor.py for tasks to queue
[2026-03-18T07:38:25.802+0000] {logging_mixin.py:190} INFO - [2026-03-18T07:38:25.801+0000] {dagbag.py:588} INFO - Filling up the DagBag from /home/komal/data-engineering-projects/airflow-spark-pipeline/airflow_venv/lib/python3.11/site-packages/airflow/example_dags/example_local_kubernetes_executor.py
[2026-03-18T07:38:25.811+0000] {logging_mixin.py:190} INFO - [2026-03-18T07:38:25.810+0000] {example_local_kubernetes_executor.py:40} WARNING - Could not import DAGs in example_local_kubernetes_executor.py
Traceback (most recent call last):
  File "/home/komal/data-engineering-projects/airflow-spark-pipeline/airflow_venv/lib/python3.11/site-packages/airflow/example_dags/example_local_kubernetes_executor.py", line 38, in <module>
    from kubernetes.client import models as k8s
ModuleNotFoundError: No module named 'kubernetes'
[2026-03-18T07:38:25.811+0000] {logging_mixin.py:190} INFO - [2026-03-18T07:38:25.811+0000] {example_local_kubernetes_executor.py:41} WARNING - Install Kubernetes dependencies with: pip install apache-airflow[cncf.kubernetes]
[2026-03-18T07:38:25.811+0000] {processor.py:927} WARNING - No viable dags retrieved from /home/komal/data-engineering-projects/airflow-spark-pipeline/airflow_venv/lib/python3.11/site-packages/airflow/example_dags/example_local_kubernetes_executor.py
[2026-03-18T07:38:25.823+0000] {processor.py:208} INFO - Processing /home/komal/data-engineering-projects/airflow-spark-pipeline/airflow_venv/lib/python3.11/site-packages/airflow/example_dags/example_local_kubernetes_executor.py took 0.069 seconds
[2026-03-18T07:39:30.228+0000] {processor.py:186} INFO - Started process (PID=33610) to work on /home/komal/data-engineering-projects/airflow-spark-pipeline/airflow_venv/lib/python3.11/site-packages/airflow/example_dags/example_local_kubernetes_executor.py
[2026-03-18T07:39:30.261+0000] {processor.py:914} INFO - Processing file /home/komal/data-engineering-projects/airflow-spark-pipeline/airflow_venv/lib/python3.11/site-packages/airflow/example_dags/example_local_kubernetes_executor.py for tasks to queue
[2026-03-18T07:39:30.264+0000] {logging_mixin.py:190} INFO - [2026-03-18T07:39:30.264+0000] {dagbag.py:588} INFO - Filling up the DagBag from /home/komal/data-engineering-projects/airflow-spark-pipeline/airflow_venv/lib/python3.11/site-packages/airflow/example_dags/example_local_kubernetes_executor.py
[2026-03-18T07:39:30.269+0000] {logging_mixin.py:190} INFO - [2026-03-18T07:39:30.268+0000] {example_local_kubernetes_executor.py:40} WARNING - Could not import DAGs in example_local_kubernetes_executor.py
Traceback (most recent call last):
  File "/home/komal/data-engineering-projects/airflow-spark-pipeline/airflow_venv/lib/python3.11/site-packages/airflow/example_dags/example_local_kubernetes_executor.py", line 38, in <module>
    from kubernetes.client import models as k8s
ModuleNotFoundError: No module named 'kubernetes'
[2026-03-18T07:39:30.269+0000] {logging_mixin.py:190} INFO - [2026-03-18T07:39:30.269+0000] {example_local_kubernetes_executor.py:41} WARNING - Install Kubernetes dependencies with: pip install apache-airflow[cncf.kubernetes]
[2026-03-18T07:39:30.270+0000] {processor.py:927} WARNING - No viable dags retrieved from /home/komal/data-engineering-projects/airflow-spark-pipeline/airflow_venv/lib/python3.11/site-packages/airflow/example_dags/example_local_kubernetes_executor.py
[2026-03-18T07:39:30.283+0000] {processor.py:208} INFO - Processing /home/komal/data-engineering-projects/airflow-spark-pipeline/airflow_venv/lib/python3.11/site-packages/airflow/example_dags/example_local_kubernetes_executor.py took 0.065 seconds
[2026-03-18T07:40:41.383+0000] {processor.py:186} INFO - Started process (PID=33676) to work on /home/komal/data-engineering-projects/airflow-spark-pipeline/airflow_venv/lib/python3.11/site-packages/airflow/example_dags/example_local_kubernetes_executor.py
[2026-03-18T07:40:41.417+0000] {processor.py:914} INFO - Processing file /home/komal/data-engineering-projects/airflow-spark-pipeline/airflow_venv/lib/python3.11/site-packages/airflow/example_dags/example_local_kubernetes_executor.py for tasks to queue
[2026-03-18T07:40:41.421+0000] {logging_mixin.py:190} INFO - [2026-03-18T07:40:41.420+0000] {dagbag.py:588} INFO - Filling up the DagBag from /home/komal/data-engineering-projects/airflow-spark-pipeline/airflow_venv/lib/python3.11/site-packages/airflow/example_dags/example_local_kubernetes_executor.py
[2026-03-18T07:40:41.427+0000] {logging_mixin.py:190} INFO - [2026-03-18T07:40:41.426+0000] {example_local_kubernetes_executor.py:40} WARNING - Could not import DAGs in example_local_kubernetes_executor.py
Traceback (most recent call last):
  File "/home/komal/data-engineering-projects/airflow-spark-pipeline/airflow_venv/lib/python3.11/site-packages/airflow/example_dags/example_local_kubernetes_executor.py", line 38, in <module>
    from kubernetes.client import models as k8s
ModuleNotFoundError: No module named 'kubernetes'
[2026-03-18T07:40:41.427+0000] {logging_mixin.py:190} INFO - [2026-03-18T07:40:41.427+0000] {example_local_kubernetes_executor.py:41} WARNING - Install Kubernetes dependencies with: pip install apache-airflow[cncf.kubernetes]
[2026-03-18T07:40:41.428+0000] {processor.py:927} WARNING - No viable dags retrieved from /home/komal/data-engineering-projects/airflow-spark-pipeline/airflow_venv/lib/python3.11/site-packages/airflow/example_dags/example_local_kubernetes_executor.py
[2026-03-18T07:40:41.446+0000] {processor.py:208} INFO - Processing /home/komal/data-engineering-projects/airflow-spark-pipeline/airflow_venv/lib/python3.11/site-packages/airflow/example_dags/example_local_kubernetes_executor.py took 0.071 seconds
[2026-03-18T07:42:33.133+0000] {processor.py:186} INFO - Started process (PID=33781) to work on /home/komal/data-engineering-projects/airflow-spark-pipeline/airflow_venv/lib/python3.11/site-packages/airflow/example_dags/example_local_kubernetes_executor.py
[2026-03-18T07:42:33.138+0000] {processor.py:914} INFO - Processing file /home/komal/data-engineering-projects/airflow-spark-pipeline/airflow_venv/lib/python3.11/site-packages/airflow/example_dags/example_local_kubernetes_executor.py for tasks to queue
[2026-03-18T07:42:33.140+0000] {logging_mixin.py:190} INFO - [2026-03-18T07:42:33.140+0000] {dagbag.py:588} INFO - Filling up the DagBag from /home/komal/data-engineering-projects/airflow-spark-pipeline/airflow_venv/lib/python3.11/site-packages/airflow/example_dags/example_local_kubernetes_executor.py
[2026-03-18T07:42:33.144+0000] {logging_mixin.py:190} INFO - [2026-03-18T07:42:33.143+0000] {example_local_kubernetes_executor.py:40} WARNING - Could not import DAGs in example_local_kubernetes_executor.py
Traceback (most recent call last):
  File "/home/komal/data-engineering-projects/airflow-spark-pipeline/airflow_venv/lib/python3.11/site-packages/airflow/example_dags/example_local_kubernetes_executor.py", line 38, in <module>
    from kubernetes.client import models as k8s
ModuleNotFoundError: No module named 'kubernetes'
[2026-03-18T07:42:33.144+0000] {logging_mixin.py:190} INFO - [2026-03-18T07:42:33.144+0000] {example_local_kubernetes_executor.py:41} WARNING - Install Kubernetes dependencies with: pip install apache-airflow[cncf.kubernetes]
[2026-03-18T07:42:33.145+0000] {processor.py:927} WARNING - No viable dags retrieved from /home/komal/data-engineering-projects/airflow-spark-pipeline/airflow_venv/lib/python3.11/site-packages/airflow/example_dags/example_local_kubernetes_executor.py
[2026-03-18T07:42:33.164+0000] {processor.py:208} INFO - Processing /home/komal/data-engineering-projects/airflow-spark-pipeline/airflow_venv/lib/python3.11/site-packages/airflow/example_dags/example_local_kubernetes_executor.py took 0.038 seconds
[2026-03-18T07:43:45.993+0000] {processor.py:186} INFO - Started process (PID=33924) to work on /home/komal/data-engineering-projects/airflow-spark-pipeline/airflow_venv/lib/python3.11/site-packages/airflow/example_dags/example_local_kubernetes_executor.py
[2026-03-18T07:43:46.025+0000] {processor.py:914} INFO - Processing file /home/komal/data-engineering-projects/airflow-spark-pipeline/airflow_venv/lib/python3.11/site-packages/airflow/example_dags/example_local_kubernetes_executor.py for tasks to queue
[2026-03-18T07:43:46.029+0000] {logging_mixin.py:190} INFO - [2026-03-18T07:43:46.029+0000] {dagbag.py:588} INFO - Filling up the DagBag from /home/komal/data-engineering-projects/airflow-spark-pipeline/airflow_venv/lib/python3.11/site-packages/airflow/example_dags/example_local_kubernetes_executor.py
[2026-03-18T07:43:46.034+0000] {logging_mixin.py:190} INFO - [2026-03-18T07:43:46.033+0000] {example_local_kubernetes_executor.py:40} WARNING - Could not import DAGs in example_local_kubernetes_executor.py
Traceback (most recent call last):
  File "/home/komal/data-engineering-projects/airflow-spark-pipeline/airflow_venv/lib/python3.11/site-packages/airflow/example_dags/example_local_kubernetes_executor.py", line 38, in <module>
    from kubernetes.client import models as k8s
ModuleNotFoundError: No module named 'kubernetes'
[2026-03-18T07:43:46.035+0000] {logging_mixin.py:190} INFO - [2026-03-18T07:43:46.035+0000] {example_local_kubernetes_executor.py:41} WARNING - Install Kubernetes dependencies with: pip install apache-airflow[cncf.kubernetes]
[2026-03-18T07:43:46.035+0000] {processor.py:927} WARNING - No viable dags retrieved from /home/komal/data-engineering-projects/airflow-spark-pipeline/airflow_venv/lib/python3.11/site-packages/airflow/example_dags/example_local_kubernetes_executor.py
[2026-03-18T07:43:46.049+0000] {processor.py:208} INFO - Processing /home/komal/data-engineering-projects/airflow-spark-pipeline/airflow_venv/lib/python3.11/site-packages/airflow/example_dags/example_local_kubernetes_executor.py took 0.065 seconds
[2026-03-18T07:44:51.330+0000] {processor.py:186} INFO - Started process (PID=33995) to work on /home/komal/data-engineering-projects/airflow-spark-pipeline/airflow_venv/lib/python3.11/site-packages/airflow/example_dags/example_local_kubernetes_executor.py
[2026-03-18T07:44:51.363+0000] {processor.py:914} INFO - Processing file /home/komal/data-engineering-projects/airflow-spark-pipeline/airflow_venv/lib/python3.11/site-packages/airflow/example_dags/example_local_kubernetes_executor.py for tasks to queue
[2026-03-18T07:44:51.367+0000] {logging_mixin.py:190} INFO - [2026-03-18T07:44:51.367+0000] {dagbag.py:588} INFO - Filling up the DagBag from /home/komal/data-engineering-projects/airflow-spark-pipeline/airflow_venv/lib/python3.11/site-packages/airflow/example_dags/example_local_kubernetes_executor.py
[2026-03-18T07:44:51.373+0000] {logging_mixin.py:190} INFO - [2026-03-18T07:44:51.372+0000] {example_local_kubernetes_executor.py:40} WARNING - Could not import DAGs in example_local_kubernetes_executor.py
Traceback (most recent call last):
  File "/home/komal/data-engineering-projects/airflow-spark-pipeline/airflow_venv/lib/python3.11/site-packages/airflow/example_dags/example_local_kubernetes_executor.py", line 38, in <module>
    from kubernetes.client import models as k8s
ModuleNotFoundError: No module named 'kubernetes'
[2026-03-18T07:44:51.373+0000] {logging_mixin.py:190} INFO - [2026-03-18T07:44:51.373+0000] {example_local_kubernetes_executor.py:41} WARNING - Install Kubernetes dependencies with: pip install apache-airflow[cncf.kubernetes]
[2026-03-18T07:44:51.374+0000] {processor.py:927} WARNING - No viable dags retrieved from /home/komal/data-engineering-projects/airflow-spark-pipeline/airflow_venv/lib/python3.11/site-packages/airflow/example_dags/example_local_kubernetes_executor.py
[2026-03-18T07:44:51.388+0000] {processor.py:208} INFO - Processing /home/komal/data-engineering-projects/airflow-spark-pipeline/airflow_venv/lib/python3.11/site-packages/airflow/example_dags/example_local_kubernetes_executor.py took 0.069 seconds
[2026-03-18T07:46:03.917+0000] {processor.py:186} INFO - Started process (PID=34066) to work on /home/komal/data-engineering-projects/airflow-spark-pipeline/airflow_venv/lib/python3.11/site-packages/airflow/example_dags/example_local_kubernetes_executor.py
[2026-03-18T07:46:03.921+0000] {processor.py:914} INFO - Processing file /home/komal/data-engineering-projects/airflow-spark-pipeline/airflow_venv/lib/python3.11/site-packages/airflow/example_dags/example_local_kubernetes_executor.py for tasks to queue
[2026-03-18T07:46:03.923+0000] {logging_mixin.py:190} INFO - [2026-03-18T07:46:03.922+0000] {dagbag.py:588} INFO - Filling up the DagBag from /home/komal/data-engineering-projects/airflow-spark-pipeline/airflow_venv/lib/python3.11/site-packages/airflow/example_dags/example_local_kubernetes_executor.py
[2026-03-18T07:46:03.927+0000] {logging_mixin.py:190} INFO - [2026-03-18T07:46:03.926+0000] {example_local_kubernetes_executor.py:40} WARNING - Could not import DAGs in example_local_kubernetes_executor.py
Traceback (most recent call last):
  File "/home/komal/data-engineering-projects/airflow-spark-pipeline/airflow_venv/lib/python3.11/site-packages/airflow/example_dags/example_local_kubernetes_executor.py", line 38, in <module>
    from kubernetes.client import models as k8s
ModuleNotFoundError: No module named 'kubernetes'
[2026-03-18T07:46:03.927+0000] {logging_mixin.py:190} INFO - [2026-03-18T07:46:03.927+0000] {example_local_kubernetes_executor.py:41} WARNING - Install Kubernetes dependencies with: pip install apache-airflow[cncf.kubernetes]
[2026-03-18T07:46:03.928+0000] {processor.py:927} WARNING - No viable dags retrieved from /home/komal/data-engineering-projects/airflow-spark-pipeline/airflow_venv/lib/python3.11/site-packages/airflow/example_dags/example_local_kubernetes_executor.py
[2026-03-18T07:46:03.949+0000] {processor.py:208} INFO - Processing /home/komal/data-engineering-projects/airflow-spark-pipeline/airflow_venv/lib/python3.11/site-packages/airflow/example_dags/example_local_kubernetes_executor.py took 0.042 seconds
[2026-03-18T07:47:20.900+0000] {processor.py:186} INFO - Started process (PID=34134) to work on /home/komal/data-engineering-projects/airflow-spark-pipeline/airflow_venv/lib/python3.11/site-packages/airflow/example_dags/example_local_kubernetes_executor.py
[2026-03-18T07:47:20.934+0000] {processor.py:914} INFO - Processing file /home/komal/data-engineering-projects/airflow-spark-pipeline/airflow_venv/lib/python3.11/site-packages/airflow/example_dags/example_local_kubernetes_executor.py for tasks to queue
[2026-03-18T07:47:20.939+0000] {logging_mixin.py:190} INFO - [2026-03-18T07:47:20.939+0000] {dagbag.py:588} INFO - Filling up the DagBag from /home/komal/data-engineering-projects/airflow-spark-pipeline/airflow_venv/lib/python3.11/site-packages/airflow/example_dags/example_local_kubernetes_executor.py
[2026-03-18T07:47:20.946+0000] {logging_mixin.py:190} INFO - [2026-03-18T07:47:20.945+0000] {example_local_kubernetes_executor.py:40} WARNING - Could not import DAGs in example_local_kubernetes_executor.py
Traceback (most recent call last):
  File "/home/komal/data-engineering-projects/airflow-spark-pipeline/airflow_venv/lib/python3.11/site-packages/airflow/example_dags/example_local_kubernetes_executor.py", line 38, in <module>
    from kubernetes.client import models as k8s
ModuleNotFoundError: No module named 'kubernetes'
[2026-03-18T07:47:20.947+0000] {logging_mixin.py:190} INFO - [2026-03-18T07:47:20.946+0000] {example_local_kubernetes_executor.py:41} WARNING - Install Kubernetes dependencies with: pip install apache-airflow[cncf.kubernetes]
[2026-03-18T07:47:20.948+0000] {processor.py:927} WARNING - No viable dags retrieved from /home/komal/data-engineering-projects/airflow-spark-pipeline/airflow_venv/lib/python3.11/site-packages/airflow/example_dags/example_local_kubernetes_executor.py
[2026-03-18T07:47:20.969+0000] {processor.py:208} INFO - Processing /home/komal/data-engineering-projects/airflow-spark-pipeline/airflow_venv/lib/python3.11/site-packages/airflow/example_dags/example_local_kubernetes_executor.py took 0.080 seconds
[2026-03-18T07:49:28.118+0000] {processor.py:186} INFO - Started process (PID=34175) to work on /home/komal/data-engineering-projects/airflow-spark-pipeline/airflow_venv/lib/python3.11/site-packages/airflow/example_dags/example_local_kubernetes_executor.py
[2026-03-18T07:49:28.151+0000] {processor.py:914} INFO - Processing file /home/komal/data-engineering-projects/airflow-spark-pipeline/airflow_venv/lib/python3.11/site-packages/airflow/example_dags/example_local_kubernetes_executor.py for tasks to queue
[2026-03-18T07:49:28.155+0000] {logging_mixin.py:190} INFO - [2026-03-18T07:49:28.154+0000] {dagbag.py:588} INFO - Filling up the DagBag from /home/komal/data-engineering-projects/airflow-spark-pipeline/airflow_venv/lib/python3.11/site-packages/airflow/example_dags/example_local_kubernetes_executor.py
[2026-03-18T07:49:28.161+0000] {logging_mixin.py:190} INFO - [2026-03-18T07:49:28.160+0000] {example_local_kubernetes_executor.py:40} WARNING - Could not import DAGs in example_local_kubernetes_executor.py
Traceback (most recent call last):
  File "/home/komal/data-engineering-projects/airflow-spark-pipeline/airflow_venv/lib/python3.11/site-packages/airflow/example_dags/example_local_kubernetes_executor.py", line 38, in <module>
    from kubernetes.client import models as k8s
ModuleNotFoundError: No module named 'kubernetes'
[2026-03-18T07:49:28.161+0000] {logging_mixin.py:190} INFO - [2026-03-18T07:49:28.161+0000] {example_local_kubernetes_executor.py:41} WARNING - Install Kubernetes dependencies with: pip install apache-airflow[cncf.kubernetes]
[2026-03-18T07:49:28.162+0000] {processor.py:927} WARNING - No viable dags retrieved from /home/komal/data-engineering-projects/airflow-spark-pipeline/airflow_venv/lib/python3.11/site-packages/airflow/example_dags/example_local_kubernetes_executor.py
[2026-03-18T07:49:28.352+0000] {processor.py:208} INFO - Processing /home/komal/data-engineering-projects/airflow-spark-pipeline/airflow_venv/lib/python3.11/site-packages/airflow/example_dags/example_local_kubernetes_executor.py took 0.244 seconds
[2026-03-18T07:50:30.776+0000] {processor.py:186} INFO - Started process (PID=34252) to work on /home/komal/data-engineering-projects/airflow-spark-pipeline/airflow_venv/lib/python3.11/site-packages/airflow/example_dags/example_local_kubernetes_executor.py
[2026-03-18T07:50:30.779+0000] {processor.py:914} INFO - Processing file /home/komal/data-engineering-projects/airflow-spark-pipeline/airflow_venv/lib/python3.11/site-packages/airflow/example_dags/example_local_kubernetes_executor.py for tasks to queue
[2026-03-18T07:50:30.783+0000] {logging_mixin.py:190} INFO - [2026-03-18T07:50:30.782+0000] {dagbag.py:588} INFO - Filling up the DagBag from /home/komal/data-engineering-projects/airflow-spark-pipeline/airflow_venv/lib/python3.11/site-packages/airflow/example_dags/example_local_kubernetes_executor.py
[2026-03-18T07:50:30.789+0000] {logging_mixin.py:190} INFO - [2026-03-18T07:50:30.787+0000] {example_local_kubernetes_executor.py:40} WARNING - Could not import DAGs in example_local_kubernetes_executor.py
Traceback (most recent call last):
  File "/home/komal/data-engineering-projects/airflow-spark-pipeline/airflow_venv/lib/python3.11/site-packages/airflow/example_dags/example_local_kubernetes_executor.py", line 38, in <module>
    from kubernetes.client import models as k8s
ModuleNotFoundError: No module named 'kubernetes'
[2026-03-18T07:50:30.789+0000] {logging_mixin.py:190} INFO - [2026-03-18T07:50:30.789+0000] {example_local_kubernetes_executor.py:41} WARNING - Install Kubernetes dependencies with: pip install apache-airflow[cncf.kubernetes]
[2026-03-18T07:50:30.789+0000] {processor.py:927} WARNING - No viable dags retrieved from /home/komal/data-engineering-projects/airflow-spark-pipeline/airflow_venv/lib/python3.11/site-packages/airflow/example_dags/example_local_kubernetes_executor.py
[2026-03-18T07:50:30.807+0000] {processor.py:208} INFO - Processing /home/komal/data-engineering-projects/airflow-spark-pipeline/airflow_venv/lib/python3.11/site-packages/airflow/example_dags/example_local_kubernetes_executor.py took 0.043 seconds
[2026-03-18T07:51:43.584+0000] {processor.py:186} INFO - Started process (PID=34324) to work on /home/komal/data-engineering-projects/airflow-spark-pipeline/airflow_venv/lib/python3.11/site-packages/airflow/example_dags/example_local_kubernetes_executor.py
[2026-03-18T07:51:43.617+0000] {processor.py:914} INFO - Processing file /home/komal/data-engineering-projects/airflow-spark-pipeline/airflow_venv/lib/python3.11/site-packages/airflow/example_dags/example_local_kubernetes_executor.py for tasks to queue
[2026-03-18T07:51:43.621+0000] {logging_mixin.py:190} INFO - [2026-03-18T07:51:43.620+0000] {dagbag.py:588} INFO - Filling up the DagBag from /home/komal/data-engineering-projects/airflow-spark-pipeline/airflow_venv/lib/python3.11/site-packages/airflow/example_dags/example_local_kubernetes_executor.py
[2026-03-18T07:51:43.628+0000] {logging_mixin.py:190} INFO - [2026-03-18T07:51:43.627+0000] {example_local_kubernetes_executor.py:40} WARNING - Could not import DAGs in example_local_kubernetes_executor.py
Traceback (most recent call last):
  File "/home/komal/data-engineering-projects/airflow-spark-pipeline/airflow_venv/lib/python3.11/site-packages/airflow/example_dags/example_local_kubernetes_executor.py", line 38, in <module>
    from kubernetes.client import models as k8s
ModuleNotFoundError: No module named 'kubernetes'
[2026-03-18T07:51:43.628+0000] {logging_mixin.py:190} INFO - [2026-03-18T07:51:43.628+0000] {example_local_kubernetes_executor.py:41} WARNING - Install Kubernetes dependencies with: pip install apache-airflow[cncf.kubernetes]
[2026-03-18T07:51:43.629+0000] {processor.py:927} WARNING - No viable dags retrieved from /home/komal/data-engineering-projects/airflow-spark-pipeline/airflow_venv/lib/python3.11/site-packages/airflow/example_dags/example_local_kubernetes_executor.py
[2026-03-18T07:51:43.643+0000] {processor.py:208} INFO - Processing /home/komal/data-engineering-projects/airflow-spark-pipeline/airflow_venv/lib/python3.11/site-packages/airflow/example_dags/example_local_kubernetes_executor.py took 0.069 seconds
[2026-03-18T07:53:03.688+0000] {processor.py:186} INFO - Started process (PID=34395) to work on /home/komal/data-engineering-projects/airflow-spark-pipeline/airflow_venv/lib/python3.11/site-packages/airflow/example_dags/example_local_kubernetes_executor.py
[2026-03-18T07:53:03.692+0000] {processor.py:914} INFO - Processing file /home/komal/data-engineering-projects/airflow-spark-pipeline/airflow_venv/lib/python3.11/site-packages/airflow/example_dags/example_local_kubernetes_executor.py for tasks to queue
[2026-03-18T07:53:03.695+0000] {logging_mixin.py:190} INFO - [2026-03-18T07:53:03.694+0000] {dagbag.py:588} INFO - Filling up the DagBag from /home/komal/data-engineering-projects/airflow-spark-pipeline/airflow_venv/lib/python3.11/site-packages/airflow/example_dags/example_local_kubernetes_executor.py
[2026-03-18T07:53:03.699+0000] {logging_mixin.py:190} INFO - [2026-03-18T07:53:03.698+0000] {example_local_kubernetes_executor.py:40} WARNING - Could not import DAGs in example_local_kubernetes_executor.py
Traceback (most recent call last):
  File "/home/komal/data-engineering-projects/airflow-spark-pipeline/airflow_venv/lib/python3.11/site-packages/airflow/example_dags/example_local_kubernetes_executor.py", line 38, in <module>
    from kubernetes.client import models as k8s
ModuleNotFoundError: No module named 'kubernetes'
[2026-03-18T07:53:03.699+0000] {logging_mixin.py:190} INFO - [2026-03-18T07:53:03.699+0000] {example_local_kubernetes_executor.py:41} WARNING - Install Kubernetes dependencies with: pip install apache-airflow[cncf.kubernetes]
[2026-03-18T07:53:03.700+0000] {processor.py:927} WARNING - No viable dags retrieved from /home/komal/data-engineering-projects/airflow-spark-pipeline/airflow_venv/lib/python3.11/site-packages/airflow/example_dags/example_local_kubernetes_executor.py
[2026-03-18T07:53:03.714+0000] {processor.py:208} INFO - Processing /home/komal/data-engineering-projects/airflow-spark-pipeline/airflow_venv/lib/python3.11/site-packages/airflow/example_dags/example_local_kubernetes_executor.py took 0.033 seconds
[2026-03-18T07:54:23.023+0000] {processor.py:186} INFO - Started process (PID=34473) to work on /home/komal/data-engineering-projects/airflow-spark-pipeline/airflow_venv/lib/python3.11/site-packages/airflow/example_dags/example_local_kubernetes_executor.py
[2026-03-18T07:54:23.058+0000] {processor.py:914} INFO - Processing file /home/komal/data-engineering-projects/airflow-spark-pipeline/airflow_venv/lib/python3.11/site-packages/airflow/example_dags/example_local_kubernetes_executor.py for tasks to queue
[2026-03-18T07:54:23.063+0000] {logging_mixin.py:190} INFO - [2026-03-18T07:54:23.062+0000] {dagbag.py:588} INFO - Filling up the DagBag from /home/komal/data-engineering-projects/airflow-spark-pipeline/airflow_venv/lib/python3.11/site-packages/airflow/example_dags/example_local_kubernetes_executor.py
[2026-03-18T07:54:23.069+0000] {logging_mixin.py:190} INFO - [2026-03-18T07:54:23.067+0000] {example_local_kubernetes_executor.py:40} WARNING - Could not import DAGs in example_local_kubernetes_executor.py
Traceback (most recent call last):
  File "/home/komal/data-engineering-projects/airflow-spark-pipeline/airflow_venv/lib/python3.11/site-packages/airflow/example_dags/example_local_kubernetes_executor.py", line 38, in <module>
    from kubernetes.client import models as k8s
ModuleNotFoundError: No module named 'kubernetes'
[2026-03-18T07:54:23.070+0000] {logging_mixin.py:190} INFO - [2026-03-18T07:54:23.070+0000] {example_local_kubernetes_executor.py:41} WARNING - Install Kubernetes dependencies with: pip install apache-airflow[cncf.kubernetes]
[2026-03-18T07:54:23.071+0000] {processor.py:927} WARNING - No viable dags retrieved from /home/komal/data-engineering-projects/airflow-spark-pipeline/airflow_venv/lib/python3.11/site-packages/airflow/example_dags/example_local_kubernetes_executor.py
[2026-03-18T07:54:23.092+0000] {processor.py:208} INFO - Processing /home/komal/data-engineering-projects/airflow-spark-pipeline/airflow_venv/lib/python3.11/site-packages/airflow/example_dags/example_local_kubernetes_executor.py took 0.079 seconds
[2026-03-18T07:55:19.196+0000] {processor.py:186} INFO - Started process (PID=34597) to work on /home/komal/data-engineering-projects/airflow-spark-pipeline/airflow_venv/lib/python3.11/site-packages/airflow/example_dags/example_local_kubernetes_executor.py
[2026-03-18T07:55:19.230+0000] {processor.py:914} INFO - Processing file /home/komal/data-engineering-projects/airflow-spark-pipeline/airflow_venv/lib/python3.11/site-packages/airflow/example_dags/example_local_kubernetes_executor.py for tasks to queue
[2026-03-18T07:55:19.235+0000] {logging_mixin.py:190} INFO - [2026-03-18T07:55:19.234+0000] {dagbag.py:588} INFO - Filling up the DagBag from /home/komal/data-engineering-projects/airflow-spark-pipeline/airflow_venv/lib/python3.11/site-packages/airflow/example_dags/example_local_kubernetes_executor.py
[2026-03-18T07:55:19.242+0000] {logging_mixin.py:190} INFO - [2026-03-18T07:55:19.241+0000] {example_local_kubernetes_executor.py:40} WARNING - Could not import DAGs in example_local_kubernetes_executor.py
Traceback (most recent call last):
  File "/home/komal/data-engineering-projects/airflow-spark-pipeline/airflow_venv/lib/python3.11/site-packages/airflow/example_dags/example_local_kubernetes_executor.py", line 38, in <module>
    from kubernetes.client import models as k8s
ModuleNotFoundError: No module named 'kubernetes'
[2026-03-18T07:55:19.243+0000] {logging_mixin.py:190} INFO - [2026-03-18T07:55:19.243+0000] {example_local_kubernetes_executor.py:41} WARNING - Install Kubernetes dependencies with: pip install apache-airflow[cncf.kubernetes]
[2026-03-18T07:55:19.244+0000] {processor.py:927} WARNING - No viable dags retrieved from /home/komal/data-engineering-projects/airflow-spark-pipeline/airflow_venv/lib/python3.11/site-packages/airflow/example_dags/example_local_kubernetes_executor.py
[2026-03-18T07:55:19.261+0000] {processor.py:208} INFO - Processing /home/komal/data-engineering-projects/airflow-spark-pipeline/airflow_venv/lib/python3.11/site-packages/airflow/example_dags/example_local_kubernetes_executor.py took 0.076 seconds
[2026-03-18T07:56:26.180+0000] {processor.py:186} INFO - Started process (PID=34888) to work on /home/komal/data-engineering-projects/airflow-spark-pipeline/airflow_venv/lib/python3.11/site-packages/airflow/example_dags/example_local_kubernetes_executor.py
[2026-03-18T07:56:26.184+0000] {processor.py:914} INFO - Processing file /home/komal/data-engineering-projects/airflow-spark-pipeline/airflow_venv/lib/python3.11/site-packages/airflow/example_dags/example_local_kubernetes_executor.py for tasks to queue
[2026-03-18T07:56:26.187+0000] {logging_mixin.py:190} INFO - [2026-03-18T07:56:26.187+0000] {dagbag.py:588} INFO - Filling up the DagBag from /home/komal/data-engineering-projects/airflow-spark-pipeline/airflow_venv/lib/python3.11/site-packages/airflow/example_dags/example_local_kubernetes_executor.py
[2026-03-18T07:56:26.191+0000] {logging_mixin.py:190} INFO - [2026-03-18T07:56:26.190+0000] {example_local_kubernetes_executor.py:40} WARNING - Could not import DAGs in example_local_kubernetes_executor.py
Traceback (most recent call last):
  File "/home/komal/data-engineering-projects/airflow-spark-pipeline/airflow_venv/lib/python3.11/site-packages/airflow/example_dags/example_local_kubernetes_executor.py", line 38, in <module>
    from kubernetes.client import models as k8s
ModuleNotFoundError: No module named 'kubernetes'
[2026-03-18T07:56:26.192+0000] {logging_mixin.py:190} INFO - [2026-03-18T07:56:26.191+0000] {example_local_kubernetes_executor.py:41} WARNING - Install Kubernetes dependencies with: pip install apache-airflow[cncf.kubernetes]
[2026-03-18T07:56:26.192+0000] {processor.py:927} WARNING - No viable dags retrieved from /home/komal/data-engineering-projects/airflow-spark-pipeline/airflow_venv/lib/python3.11/site-packages/airflow/example_dags/example_local_kubernetes_executor.py
[2026-03-18T07:56:26.204+0000] {processor.py:208} INFO - Processing /home/komal/data-engineering-projects/airflow-spark-pipeline/airflow_venv/lib/python3.11/site-packages/airflow/example_dags/example_local_kubernetes_executor.py took 0.034 seconds
[2026-03-18T08:05:19.286+0000] {processor.py:186} INFO - Started process (PID=34962) to work on /home/komal/data-engineering-projects/airflow-spark-pipeline/airflow_venv/lib/python3.11/site-packages/airflow/example_dags/example_local_kubernetes_executor.py
[2026-03-18T08:05:19.320+0000] {processor.py:914} INFO - Processing file /home/komal/data-engineering-projects/airflow-spark-pipeline/airflow_venv/lib/python3.11/site-packages/airflow/example_dags/example_local_kubernetes_executor.py for tasks to queue
[2026-03-18T08:05:19.324+0000] {logging_mixin.py:190} INFO - [2026-03-18T08:05:19.324+0000] {dagbag.py:588} INFO - Filling up the DagBag from /home/komal/data-engineering-projects/airflow-spark-pipeline/airflow_venv/lib/python3.11/site-packages/airflow/example_dags/example_local_kubernetes_executor.py
[2026-03-18T08:05:19.330+0000] {logging_mixin.py:190} INFO - [2026-03-18T08:05:19.328+0000] {example_local_kubernetes_executor.py:40} WARNING - Could not import DAGs in example_local_kubernetes_executor.py
Traceback (most recent call last):
  File "/home/komal/data-engineering-projects/airflow-spark-pipeline/airflow_venv/lib/python3.11/site-packages/airflow/example_dags/example_local_kubernetes_executor.py", line 38, in <module>
    from kubernetes.client import models as k8s
ModuleNotFoundError: No module named 'kubernetes'
[2026-03-18T08:05:19.330+0000] {logging_mixin.py:190} INFO - [2026-03-18T08:05:19.330+0000] {example_local_kubernetes_executor.py:41} WARNING - Install Kubernetes dependencies with: pip install apache-airflow[cncf.kubernetes]
[2026-03-18T08:05:19.331+0000] {processor.py:927} WARNING - No viable dags retrieved from /home/komal/data-engineering-projects/airflow-spark-pipeline/airflow_venv/lib/python3.11/site-packages/airflow/example_dags/example_local_kubernetes_executor.py
[2026-03-18T08:05:19.348+0000] {processor.py:208} INFO - Processing /home/komal/data-engineering-projects/airflow-spark-pipeline/airflow_venv/lib/python3.11/site-packages/airflow/example_dags/example_local_kubernetes_executor.py took 0.072 seconds
[2026-03-18T08:06:25.918+0000] {processor.py:186} INFO - Started process (PID=35028) to work on /home/komal/data-engineering-projects/airflow-spark-pipeline/airflow_venv/lib/python3.11/site-packages/airflow/example_dags/example_local_kubernetes_executor.py
[2026-03-18T08:06:25.951+0000] {processor.py:914} INFO - Processing file /home/komal/data-engineering-projects/airflow-spark-pipeline/airflow_venv/lib/python3.11/site-packages/airflow/example_dags/example_local_kubernetes_executor.py for tasks to queue
[2026-03-18T08:06:25.954+0000] {logging_mixin.py:190} INFO - [2026-03-18T08:06:25.954+0000] {dagbag.py:588} INFO - Filling up the DagBag from /home/komal/data-engineering-projects/airflow-spark-pipeline/airflow_venv/lib/python3.11/site-packages/airflow/example_dags/example_local_kubernetes_executor.py
[2026-03-18T08:06:25.959+0000] {logging_mixin.py:190} INFO - [2026-03-18T08:06:25.958+0000] {example_local_kubernetes_executor.py:40} WARNING - Could not import DAGs in example_local_kubernetes_executor.py
Traceback (most recent call last):
  File "/home/komal/data-engineering-projects/airflow-spark-pipeline/airflow_venv/lib/python3.11/site-packages/airflow/example_dags/example_local_kubernetes_executor.py", line 38, in <module>
    from kubernetes.client import models as k8s
ModuleNotFoundError: No module named 'kubernetes'
[2026-03-18T08:06:25.959+0000] {logging_mixin.py:190} INFO - [2026-03-18T08:06:25.959+0000] {example_local_kubernetes_executor.py:41} WARNING - Install Kubernetes dependencies with: pip install apache-airflow[cncf.kubernetes]
[2026-03-18T08:06:25.959+0000] {processor.py:927} WARNING - No viable dags retrieved from /home/komal/data-engineering-projects/airflow-spark-pipeline/airflow_venv/lib/python3.11/site-packages/airflow/example_dags/example_local_kubernetes_executor.py
[2026-03-18T08:06:25.973+0000] {processor.py:208} INFO - Processing /home/komal/data-engineering-projects/airflow-spark-pipeline/airflow_venv/lib/python3.11/site-packages/airflow/example_dags/example_local_kubernetes_executor.py took 0.064 seconds
[2026-03-18T08:07:44.751+0000] {processor.py:186} INFO - Started process (PID=35098) to work on /home/komal/data-engineering-projects/airflow-spark-pipeline/airflow_venv/lib/python3.11/site-packages/airflow/example_dags/example_local_kubernetes_executor.py
[2026-03-18T08:07:44.783+0000] {processor.py:914} INFO - Processing file /home/komal/data-engineering-projects/airflow-spark-pipeline/airflow_venv/lib/python3.11/site-packages/airflow/example_dags/example_local_kubernetes_executor.py for tasks to queue
[2026-03-18T08:07:44.787+0000] {logging_mixin.py:190} INFO - [2026-03-18T08:07:44.787+0000] {dagbag.py:588} INFO - Filling up the DagBag from /home/komal/data-engineering-projects/airflow-spark-pipeline/airflow_venv/lib/python3.11/site-packages/airflow/example_dags/example_local_kubernetes_executor.py
[2026-03-18T08:07:44.793+0000] {logging_mixin.py:190} INFO - [2026-03-18T08:07:44.792+0000] {example_local_kubernetes_executor.py:40} WARNING - Could not import DAGs in example_local_kubernetes_executor.py
Traceback (most recent call last):
  File "/home/komal/data-engineering-projects/airflow-spark-pipeline/airflow_venv/lib/python3.11/site-packages/airflow/example_dags/example_local_kubernetes_executor.py", line 38, in <module>
    from kubernetes.client import models as k8s
ModuleNotFoundError: No module named 'kubernetes'
[2026-03-18T08:07:44.793+0000] {logging_mixin.py:190} INFO - [2026-03-18T08:07:44.793+0000] {example_local_kubernetes_executor.py:41} WARNING - Install Kubernetes dependencies with: pip install apache-airflow[cncf.kubernetes]
[2026-03-18T08:07:44.794+0000] {processor.py:927} WARNING - No viable dags retrieved from /home/komal/data-engineering-projects/airflow-spark-pipeline/airflow_venv/lib/python3.11/site-packages/airflow/example_dags/example_local_kubernetes_executor.py
[2026-03-18T08:07:44.810+0000] {processor.py:208} INFO - Processing /home/komal/data-engineering-projects/airflow-spark-pipeline/airflow_venv/lib/python3.11/site-packages/airflow/example_dags/example_local_kubernetes_executor.py took 0.067 seconds
[2026-03-18T08:08:56.649+0000] {processor.py:186} INFO - Started process (PID=35166) to work on /home/komal/data-engineering-projects/airflow-spark-pipeline/airflow_venv/lib/python3.11/site-packages/airflow/example_dags/example_local_kubernetes_executor.py
[2026-03-18T08:08:56.683+0000] {processor.py:914} INFO - Processing file /home/komal/data-engineering-projects/airflow-spark-pipeline/airflow_venv/lib/python3.11/site-packages/airflow/example_dags/example_local_kubernetes_executor.py for tasks to queue
[2026-03-18T08:08:56.688+0000] {logging_mixin.py:190} INFO - [2026-03-18T08:08:56.687+0000] {dagbag.py:588} INFO - Filling up the DagBag from /home/komal/data-engineering-projects/airflow-spark-pipeline/airflow_venv/lib/python3.11/site-packages/airflow/example_dags/example_local_kubernetes_executor.py
[2026-03-18T08:08:56.694+0000] {logging_mixin.py:190} INFO - [2026-03-18T08:08:56.693+0000] {example_local_kubernetes_executor.py:40} WARNING - Could not import DAGs in example_local_kubernetes_executor.py
Traceback (most recent call last):
  File "/home/komal/data-engineering-projects/airflow-spark-pipeline/airflow_venv/lib/python3.11/site-packages/airflow/example_dags/example_local_kubernetes_executor.py", line 38, in <module>
    from kubernetes.client import models as k8s
ModuleNotFoundError: No module named 'kubernetes'
[2026-03-18T08:08:56.694+0000] {logging_mixin.py:190} INFO - [2026-03-18T08:08:56.694+0000] {example_local_kubernetes_executor.py:41} WARNING - Install Kubernetes dependencies with: pip install apache-airflow[cncf.kubernetes]
[2026-03-18T08:08:56.695+0000] {processor.py:927} WARNING - No viable dags retrieved from /home/komal/data-engineering-projects/airflow-spark-pipeline/airflow_venv/lib/python3.11/site-packages/airflow/example_dags/example_local_kubernetes_executor.py
[2026-03-18T08:08:56.711+0000] {processor.py:208} INFO - Processing /home/komal/data-engineering-projects/airflow-spark-pipeline/airflow_venv/lib/python3.11/site-packages/airflow/example_dags/example_local_kubernetes_executor.py took 0.072 seconds
[2026-03-18T08:10:10.803+0000] {processor.py:186} INFO - Started process (PID=35234) to work on /home/komal/data-engineering-projects/airflow-spark-pipeline/airflow_venv/lib/python3.11/site-packages/airflow/example_dags/example_local_kubernetes_executor.py
[2026-03-18T08:10:10.823+0000] {processor.py:914} INFO - Processing file /home/komal/data-engineering-projects/airflow-spark-pipeline/airflow_venv/lib/python3.11/site-packages/airflow/example_dags/example_local_kubernetes_executor.py for tasks to queue
[2026-03-18T08:10:10.826+0000] {logging_mixin.py:190} INFO - [2026-03-18T08:10:10.825+0000] {dagbag.py:588} INFO - Filling up the DagBag from /home/komal/data-engineering-projects/airflow-spark-pipeline/airflow_venv/lib/python3.11/site-packages/airflow/example_dags/example_local_kubernetes_executor.py
[2026-03-18T08:10:10.830+0000] {logging_mixin.py:190} INFO - [2026-03-18T08:10:10.829+0000] {example_local_kubernetes_executor.py:40} WARNING - Could not import DAGs in example_local_kubernetes_executor.py
Traceback (most recent call last):
  File "/home/komal/data-engineering-projects/airflow-spark-pipeline/airflow_venv/lib/python3.11/site-packages/airflow/example_dags/example_local_kubernetes_executor.py", line 38, in <module>
    from kubernetes.client import models as k8s
ModuleNotFoundError: No module named 'kubernetes'
[2026-03-18T08:10:10.830+0000] {logging_mixin.py:190} INFO - [2026-03-18T08:10:10.830+0000] {example_local_kubernetes_executor.py:41} WARNING - Install Kubernetes dependencies with: pip install apache-airflow[cncf.kubernetes]
[2026-03-18T08:10:10.831+0000] {processor.py:927} WARNING - No viable dags retrieved from /home/komal/data-engineering-projects/airflow-spark-pipeline/airflow_venv/lib/python3.11/site-packages/airflow/example_dags/example_local_kubernetes_executor.py
[2026-03-18T08:10:10.846+0000] {processor.py:208} INFO - Processing /home/komal/data-engineering-projects/airflow-spark-pipeline/airflow_venv/lib/python3.11/site-packages/airflow/example_dags/example_local_kubernetes_executor.py took 0.053 seconds
[2026-03-18T08:11:24.155+0000] {processor.py:186} INFO - Started process (PID=35305) to work on /home/komal/data-engineering-projects/airflow-spark-pipeline/airflow_venv/lib/python3.11/site-packages/airflow/example_dags/example_local_kubernetes_executor.py
[2026-03-18T08:11:24.188+0000] {processor.py:914} INFO - Processing file /home/komal/data-engineering-projects/airflow-spark-pipeline/airflow_venv/lib/python3.11/site-packages/airflow/example_dags/example_local_kubernetes_executor.py for tasks to queue
[2026-03-18T08:11:24.193+0000] {logging_mixin.py:190} INFO - [2026-03-18T08:11:24.192+0000] {dagbag.py:588} INFO - Filling up the DagBag from /home/komal/data-engineering-projects/airflow-spark-pipeline/airflow_venv/lib/python3.11/site-packages/airflow/example_dags/example_local_kubernetes_executor.py
[2026-03-18T08:11:24.199+0000] {logging_mixin.py:190} INFO - [2026-03-18T08:11:24.198+0000] {example_local_kubernetes_executor.py:40} WARNING - Could not import DAGs in example_local_kubernetes_executor.py
Traceback (most recent call last):
  File "/home/komal/data-engineering-projects/airflow-spark-pipeline/airflow_venv/lib/python3.11/site-packages/airflow/example_dags/example_local_kubernetes_executor.py", line 38, in <module>
    from kubernetes.client import models as k8s
ModuleNotFoundError: No module named 'kubernetes'
[2026-03-18T08:11:24.200+0000] {logging_mixin.py:190} INFO - [2026-03-18T08:11:24.200+0000] {example_local_kubernetes_executor.py:41} WARNING - Install Kubernetes dependencies with: pip install apache-airflow[cncf.kubernetes]
[2026-03-18T08:11:24.200+0000] {processor.py:927} WARNING - No viable dags retrieved from /home/komal/data-engineering-projects/airflow-spark-pipeline/airflow_venv/lib/python3.11/site-packages/airflow/example_dags/example_local_kubernetes_executor.py
[2026-03-18T08:11:24.218+0000] {processor.py:208} INFO - Processing /home/komal/data-engineering-projects/airflow-spark-pipeline/airflow_venv/lib/python3.11/site-packages/airflow/example_dags/example_local_kubernetes_executor.py took 0.074 seconds
[2026-03-18T08:12:36.483+0000] {processor.py:186} INFO - Started process (PID=35438) to work on /home/komal/data-engineering-projects/airflow-spark-pipeline/airflow_venv/lib/python3.11/site-packages/airflow/example_dags/example_local_kubernetes_executor.py
[2026-03-18T08:12:36.517+0000] {processor.py:914} INFO - Processing file /home/komal/data-engineering-projects/airflow-spark-pipeline/airflow_venv/lib/python3.11/site-packages/airflow/example_dags/example_local_kubernetes_executor.py for tasks to queue
[2026-03-18T08:12:36.521+0000] {logging_mixin.py:190} INFO - [2026-03-18T08:12:36.520+0000] {dagbag.py:588} INFO - Filling up the DagBag from /home/komal/data-engineering-projects/airflow-spark-pipeline/airflow_venv/lib/python3.11/site-packages/airflow/example_dags/example_local_kubernetes_executor.py
[2026-03-18T08:12:36.527+0000] {logging_mixin.py:190} INFO - [2026-03-18T08:12:36.526+0000] {example_local_kubernetes_executor.py:40} WARNING - Could not import DAGs in example_local_kubernetes_executor.py
Traceback (most recent call last):
  File "/home/komal/data-engineering-projects/airflow-spark-pipeline/airflow_venv/lib/python3.11/site-packages/airflow/example_dags/example_local_kubernetes_executor.py", line 38, in <module>
    from kubernetes.client import models as k8s
ModuleNotFoundError: No module named 'kubernetes'
[2026-03-18T08:12:36.530+0000] {logging_mixin.py:190} INFO - [2026-03-18T08:12:36.529+0000] {example_local_kubernetes_executor.py:41} WARNING - Install Kubernetes dependencies with: pip install apache-airflow[cncf.kubernetes]
[2026-03-18T08:12:36.530+0000] {processor.py:927} WARNING - No viable dags retrieved from /home/komal/data-engineering-projects/airflow-spark-pipeline/airflow_venv/lib/python3.11/site-packages/airflow/example_dags/example_local_kubernetes_executor.py
[2026-03-18T08:12:36.546+0000] {processor.py:208} INFO - Processing /home/komal/data-engineering-projects/airflow-spark-pipeline/airflow_venv/lib/python3.11/site-packages/airflow/example_dags/example_local_kubernetes_executor.py took 0.075 seconds
[2026-03-18T08:14:48.635+0000] {processor.py:186} INFO - Started process (PID=35748) to work on /home/komal/data-engineering-projects/airflow-spark-pipeline/airflow_venv/lib/python3.11/site-packages/airflow/example_dags/example_local_kubernetes_executor.py
[2026-03-18T08:14:48.668+0000] {processor.py:914} INFO - Processing file /home/komal/data-engineering-projects/airflow-spark-pipeline/airflow_venv/lib/python3.11/site-packages/airflow/example_dags/example_local_kubernetes_executor.py for tasks to queue
[2026-03-18T08:14:48.672+0000] {logging_mixin.py:190} INFO - [2026-03-18T08:14:48.671+0000] {dagbag.py:588} INFO - Filling up the DagBag from /home/komal/data-engineering-projects/airflow-spark-pipeline/airflow_venv/lib/python3.11/site-packages/airflow/example_dags/example_local_kubernetes_executor.py
[2026-03-18T08:14:48.676+0000] {logging_mixin.py:190} INFO - [2026-03-18T08:14:48.675+0000] {example_local_kubernetes_executor.py:40} WARNING - Could not import DAGs in example_local_kubernetes_executor.py
Traceback (most recent call last):
  File "/home/komal/data-engineering-projects/airflow-spark-pipeline/airflow_venv/lib/python3.11/site-packages/airflow/example_dags/example_local_kubernetes_executor.py", line 38, in <module>
    from kubernetes.client import models as k8s
ModuleNotFoundError: No module named 'kubernetes'
[2026-03-18T08:14:48.676+0000] {logging_mixin.py:190} INFO - [2026-03-18T08:14:48.676+0000] {example_local_kubernetes_executor.py:41} WARNING - Install Kubernetes dependencies with: pip install apache-airflow[cncf.kubernetes]
[2026-03-18T08:14:48.676+0000] {processor.py:927} WARNING - No viable dags retrieved from /home/komal/data-engineering-projects/airflow-spark-pipeline/airflow_venv/lib/python3.11/site-packages/airflow/example_dags/example_local_kubernetes_executor.py
[2026-03-18T08:14:48.690+0000] {processor.py:208} INFO - Processing /home/komal/data-engineering-projects/airflow-spark-pipeline/airflow_venv/lib/python3.11/site-packages/airflow/example_dags/example_local_kubernetes_executor.py took 0.063 seconds
[2026-03-18T08:15:53.228+0000] {processor.py:186} INFO - Started process (PID=35808) to work on /home/komal/data-engineering-projects/airflow-spark-pipeline/airflow_venv/lib/python3.11/site-packages/airflow/example_dags/example_local_kubernetes_executor.py
[2026-03-18T08:15:53.263+0000] {processor.py:914} INFO - Processing file /home/komal/data-engineering-projects/airflow-spark-pipeline/airflow_venv/lib/python3.11/site-packages/airflow/example_dags/example_local_kubernetes_executor.py for tasks to queue
[2026-03-18T08:15:53.267+0000] {logging_mixin.py:190} INFO - [2026-03-18T08:15:53.267+0000] {dagbag.py:588} INFO - Filling up the DagBag from /home/komal/data-engineering-projects/airflow-spark-pipeline/airflow_venv/lib/python3.11/site-packages/airflow/example_dags/example_local_kubernetes_executor.py
[2026-03-18T08:15:53.273+0000] {logging_mixin.py:190} INFO - [2026-03-18T08:15:53.272+0000] {example_local_kubernetes_executor.py:40} WARNING - Could not import DAGs in example_local_kubernetes_executor.py
Traceback (most recent call last):
  File "/home/komal/data-engineering-projects/airflow-spark-pipeline/airflow_venv/lib/python3.11/site-packages/airflow/example_dags/example_local_kubernetes_executor.py", line 38, in <module>
    from kubernetes.client import models as k8s
ModuleNotFoundError: No module named 'kubernetes'
[2026-03-18T08:15:53.274+0000] {logging_mixin.py:190} INFO - [2026-03-18T08:15:53.274+0000] {example_local_kubernetes_executor.py:41} WARNING - Install Kubernetes dependencies with: pip install apache-airflow[cncf.kubernetes]
[2026-03-18T08:15:53.274+0000] {processor.py:927} WARNING - No viable dags retrieved from /home/komal/data-engineering-projects/airflow-spark-pipeline/airflow_venv/lib/python3.11/site-packages/airflow/example_dags/example_local_kubernetes_executor.py
[2026-03-18T08:15:53.289+0000] {processor.py:208} INFO - Processing /home/komal/data-engineering-projects/airflow-spark-pipeline/airflow_venv/lib/python3.11/site-packages/airflow/example_dags/example_local_kubernetes_executor.py took 0.071 seconds
[2026-03-18T08:17:06.235+0000] {processor.py:186} INFO - Started process (PID=35876) to work on /home/komal/data-engineering-projects/airflow-spark-pipeline/airflow_venv/lib/python3.11/site-packages/airflow/example_dags/example_local_kubernetes_executor.py
[2026-03-18T08:17:06.268+0000] {processor.py:914} INFO - Processing file /home/komal/data-engineering-projects/airflow-spark-pipeline/airflow_venv/lib/python3.11/site-packages/airflow/example_dags/example_local_kubernetes_executor.py for tasks to queue
[2026-03-18T08:17:06.272+0000] {logging_mixin.py:190} INFO - [2026-03-18T08:17:06.271+0000] {dagbag.py:588} INFO - Filling up the DagBag from /home/komal/data-engineering-projects/airflow-spark-pipeline/airflow_venv/lib/python3.11/site-packages/airflow/example_dags/example_local_kubernetes_executor.py
[2026-03-18T08:17:06.276+0000] {logging_mixin.py:190} INFO - [2026-03-18T08:17:06.275+0000] {example_local_kubernetes_executor.py:40} WARNING - Could not import DAGs in example_local_kubernetes_executor.py
Traceback (most recent call last):
  File "/home/komal/data-engineering-projects/airflow-spark-pipeline/airflow_venv/lib/python3.11/site-packages/airflow/example_dags/example_local_kubernetes_executor.py", line 38, in <module>
    from kubernetes.client import models as k8s
ModuleNotFoundError: No module named 'kubernetes'
[2026-03-18T08:17:06.276+0000] {logging_mixin.py:190} INFO - [2026-03-18T08:17:06.276+0000] {example_local_kubernetes_executor.py:41} WARNING - Install Kubernetes dependencies with: pip install apache-airflow[cncf.kubernetes]
[2026-03-18T08:17:06.277+0000] {processor.py:927} WARNING - No viable dags retrieved from /home/komal/data-engineering-projects/airflow-spark-pipeline/airflow_venv/lib/python3.11/site-packages/airflow/example_dags/example_local_kubernetes_executor.py
[2026-03-18T08:17:06.290+0000] {processor.py:208} INFO - Processing /home/komal/data-engineering-projects/airflow-spark-pipeline/airflow_venv/lib/python3.11/site-packages/airflow/example_dags/example_local_kubernetes_executor.py took 0.062 seconds
[2026-03-18T08:18:21.765+0000] {processor.py:186} INFO - Started process (PID=35947) to work on /home/komal/data-engineering-projects/airflow-spark-pipeline/airflow_venv/lib/python3.11/site-packages/airflow/example_dags/example_local_kubernetes_executor.py
[2026-03-18T08:18:21.769+0000] {processor.py:914} INFO - Processing file /home/komal/data-engineering-projects/airflow-spark-pipeline/airflow_venv/lib/python3.11/site-packages/airflow/example_dags/example_local_kubernetes_executor.py for tasks to queue
[2026-03-18T08:18:21.774+0000] {logging_mixin.py:190} INFO - [2026-03-18T08:18:21.773+0000] {dagbag.py:588} INFO - Filling up the DagBag from /home/komal/data-engineering-projects/airflow-spark-pipeline/airflow_venv/lib/python3.11/site-packages/airflow/example_dags/example_local_kubernetes_executor.py
[2026-03-18T08:18:21.784+0000] {logging_mixin.py:190} INFO - [2026-03-18T08:18:21.783+0000] {example_local_kubernetes_executor.py:40} WARNING - Could not import DAGs in example_local_kubernetes_executor.py
Traceback (most recent call last):
  File "/home/komal/data-engineering-projects/airflow-spark-pipeline/airflow_venv/lib/python3.11/site-packages/airflow/example_dags/example_local_kubernetes_executor.py", line 38, in <module>
    from kubernetes.client import models as k8s
ModuleNotFoundError: No module named 'kubernetes'
[2026-03-18T08:18:21.785+0000] {logging_mixin.py:190} INFO - [2026-03-18T08:18:21.785+0000] {example_local_kubernetes_executor.py:41} WARNING - Install Kubernetes dependencies with: pip install apache-airflow[cncf.kubernetes]
[2026-03-18T08:18:21.785+0000] {processor.py:927} WARNING - No viable dags retrieved from /home/komal/data-engineering-projects/airflow-spark-pipeline/airflow_venv/lib/python3.11/site-packages/airflow/example_dags/example_local_kubernetes_executor.py
[2026-03-18T08:18:21.818+0000] {processor.py:208} INFO - Processing /home/komal/data-engineering-projects/airflow-spark-pipeline/airflow_venv/lib/python3.11/site-packages/airflow/example_dags/example_local_kubernetes_executor.py took 0.065 seconds
[2026-03-18T08:19:28.955+0000] {processor.py:186} INFO - Started process (PID=36020) to work on /home/komal/data-engineering-projects/airflow-spark-pipeline/airflow_venv/lib/python3.11/site-packages/airflow/example_dags/example_local_kubernetes_executor.py
[2026-03-18T08:19:28.956+0000] {processor.py:914} INFO - Processing file /home/komal/data-engineering-projects/airflow-spark-pipeline/airflow_venv/lib/python3.11/site-packages/airflow/example_dags/example_local_kubernetes_executor.py for tasks to queue
[2026-03-18T08:19:28.957+0000] {logging_mixin.py:190} INFO - [2026-03-18T08:19:28.957+0000] {dagbag.py:588} INFO - Filling up the DagBag from /home/komal/data-engineering-projects/airflow-spark-pipeline/airflow_venv/lib/python3.11/site-packages/airflow/example_dags/example_local_kubernetes_executor.py
[2026-03-18T08:19:28.960+0000] {logging_mixin.py:190} INFO - [2026-03-18T08:19:28.959+0000] {example_local_kubernetes_executor.py:40} WARNING - Could not import DAGs in example_local_kubernetes_executor.py
Traceback (most recent call last):
  File "/home/komal/data-engineering-projects/airflow-spark-pipeline/airflow_venv/lib/python3.11/site-packages/airflow/example_dags/example_local_kubernetes_executor.py", line 38, in <module>
    from kubernetes.client import models as k8s
ModuleNotFoundError: No module named 'kubernetes'
[2026-03-18T08:19:28.960+0000] {logging_mixin.py:190} INFO - [2026-03-18T08:19:28.960+0000] {example_local_kubernetes_executor.py:41} WARNING - Install Kubernetes dependencies with: pip install apache-airflow[cncf.kubernetes]
[2026-03-18T08:19:28.960+0000] {processor.py:927} WARNING - No viable dags retrieved from /home/komal/data-engineering-projects/airflow-spark-pipeline/airflow_venv/lib/python3.11/site-packages/airflow/example_dags/example_local_kubernetes_executor.py
[2026-03-18T08:19:28.968+0000] {processor.py:208} INFO - Processing /home/komal/data-engineering-projects/airflow-spark-pipeline/airflow_venv/lib/python3.11/site-packages/airflow/example_dags/example_local_kubernetes_executor.py took 0.017 seconds
[2026-03-18T10:06:03.892+0000] {processor.py:186} INFO - Started process (PID=36089) to work on /home/komal/data-engineering-projects/airflow-spark-pipeline/airflow_venv/lib/python3.11/site-packages/airflow/example_dags/example_local_kubernetes_executor.py
[2026-03-18T10:06:03.894+0000] {processor.py:914} INFO - Processing file /home/komal/data-engineering-projects/airflow-spark-pipeline/airflow_venv/lib/python3.11/site-packages/airflow/example_dags/example_local_kubernetes_executor.py for tasks to queue
[2026-03-18T10:06:03.898+0000] {logging_mixin.py:190} INFO - [2026-03-18T10:06:03.897+0000] {dagbag.py:588} INFO - Filling up the DagBag from /home/komal/data-engineering-projects/airflow-spark-pipeline/airflow_venv/lib/python3.11/site-packages/airflow/example_dags/example_local_kubernetes_executor.py
[2026-03-18T10:06:03.903+0000] {logging_mixin.py:190} INFO - [2026-03-18T10:06:03.902+0000] {example_local_kubernetes_executor.py:40} WARNING - Could not import DAGs in example_local_kubernetes_executor.py
Traceback (most recent call last):
  File "/home/komal/data-engineering-projects/airflow-spark-pipeline/airflow_venv/lib/python3.11/site-packages/airflow/example_dags/example_local_kubernetes_executor.py", line 38, in <module>
    from kubernetes.client import models as k8s
ModuleNotFoundError: No module named 'kubernetes'
[2026-03-18T10:06:03.904+0000] {logging_mixin.py:190} INFO - [2026-03-18T10:06:03.904+0000] {example_local_kubernetes_executor.py:41} WARNING - Install Kubernetes dependencies with: pip install apache-airflow[cncf.kubernetes]
[2026-03-18T10:06:03.904+0000] {processor.py:927} WARNING - No viable dags retrieved from /home/komal/data-engineering-projects/airflow-spark-pipeline/airflow_venv/lib/python3.11/site-packages/airflow/example_dags/example_local_kubernetes_executor.py
[2026-03-18T10:06:03.913+0000] {processor.py:208} INFO - Processing /home/komal/data-engineering-projects/airflow-spark-pipeline/airflow_venv/lib/python3.11/site-packages/airflow/example_dags/example_local_kubernetes_executor.py took 0.033 seconds
[2026-03-18T13:41:10.397+0000] {processor.py:186} INFO - Started process (PID=36132) to work on /home/komal/data-engineering-projects/airflow-spark-pipeline/airflow_venv/lib/python3.11/site-packages/airflow/example_dags/example_local_kubernetes_executor.py
[2026-03-18T13:41:10.399+0000] {processor.py:914} INFO - Processing file /home/komal/data-engineering-projects/airflow-spark-pipeline/airflow_venv/lib/python3.11/site-packages/airflow/example_dags/example_local_kubernetes_executor.py for tasks to queue
[2026-03-18T13:41:10.401+0000] {logging_mixin.py:190} INFO - [2026-03-18T13:41:10.400+0000] {dagbag.py:588} INFO - Filling up the DagBag from /home/komal/data-engineering-projects/airflow-spark-pipeline/airflow_venv/lib/python3.11/site-packages/airflow/example_dags/example_local_kubernetes_executor.py
[2026-03-18T13:41:10.403+0000] {logging_mixin.py:190} INFO - [2026-03-18T13:41:10.403+0000] {example_local_kubernetes_executor.py:40} WARNING - Could not import DAGs in example_local_kubernetes_executor.py
Traceback (most recent call last):
  File "/home/komal/data-engineering-projects/airflow-spark-pipeline/airflow_venv/lib/python3.11/site-packages/airflow/example_dags/example_local_kubernetes_executor.py", line 38, in <module>
    from kubernetes.client import models as k8s
ModuleNotFoundError: No module named 'kubernetes'
[2026-03-18T13:41:10.403+0000] {logging_mixin.py:190} INFO - [2026-03-18T13:41:10.403+0000] {example_local_kubernetes_executor.py:41} WARNING - Install Kubernetes dependencies with: pip install apache-airflow[cncf.kubernetes]
[2026-03-18T13:41:10.403+0000] {processor.py:927} WARNING - No viable dags retrieved from /home/komal/data-engineering-projects/airflow-spark-pipeline/airflow_venv/lib/python3.11/site-packages/airflow/example_dags/example_local_kubernetes_executor.py
[2026-03-18T13:41:10.410+0000] {processor.py:208} INFO - Processing /home/komal/data-engineering-projects/airflow-spark-pipeline/airflow_venv/lib/python3.11/site-packages/airflow/example_dags/example_local_kubernetes_executor.py took 0.019 seconds
[2026-03-18T13:42:08.649+0000] {processor.py:186} INFO - Started process (PID=36189) to work on /home/komal/data-engineering-projects/airflow-spark-pipeline/airflow_venv/lib/python3.11/site-packages/airflow/example_dags/example_local_kubernetes_executor.py
[2026-03-18T13:42:08.682+0000] {processor.py:914} INFO - Processing file /home/komal/data-engineering-projects/airflow-spark-pipeline/airflow_venv/lib/python3.11/site-packages/airflow/example_dags/example_local_kubernetes_executor.py for tasks to queue
[2026-03-18T13:42:08.685+0000] {logging_mixin.py:190} INFO - [2026-03-18T13:42:08.685+0000] {dagbag.py:588} INFO - Filling up the DagBag from /home/komal/data-engineering-projects/airflow-spark-pipeline/airflow_venv/lib/python3.11/site-packages/airflow/example_dags/example_local_kubernetes_executor.py
[2026-03-18T13:42:08.690+0000] {logging_mixin.py:190} INFO - [2026-03-18T13:42:08.689+0000] {example_local_kubernetes_executor.py:40} WARNING - Could not import DAGs in example_local_kubernetes_executor.py
Traceback (most recent call last):
  File "/home/komal/data-engineering-projects/airflow-spark-pipeline/airflow_venv/lib/python3.11/site-packages/airflow/example_dags/example_local_kubernetes_executor.py", line 38, in <module>
    from kubernetes.client import models as k8s
ModuleNotFoundError: No module named 'kubernetes'
[2026-03-18T13:42:08.691+0000] {logging_mixin.py:190} INFO - [2026-03-18T13:42:08.691+0000] {example_local_kubernetes_executor.py:41} WARNING - Install Kubernetes dependencies with: pip install apache-airflow[cncf.kubernetes]
[2026-03-18T13:42:08.691+0000] {processor.py:927} WARNING - No viable dags retrieved from /home/komal/data-engineering-projects/airflow-spark-pipeline/airflow_venv/lib/python3.11/site-packages/airflow/example_dags/example_local_kubernetes_executor.py
[2026-03-18T13:42:08.707+0000] {processor.py:208} INFO - Processing /home/komal/data-engineering-projects/airflow-spark-pipeline/airflow_venv/lib/python3.11/site-packages/airflow/example_dags/example_local_kubernetes_executor.py took 0.063 seconds
[2026-03-18T13:43:10.610+0000] {processor.py:186} INFO - Started process (PID=36283) to work on /home/komal/data-engineering-projects/airflow-spark-pipeline/airflow_venv/lib/python3.11/site-packages/airflow/example_dags/example_local_kubernetes_executor.py
[2026-03-18T13:43:10.611+0000] {processor.py:914} INFO - Processing file /home/komal/data-engineering-projects/airflow-spark-pipeline/airflow_venv/lib/python3.11/site-packages/airflow/example_dags/example_local_kubernetes_executor.py for tasks to queue
[2026-03-18T13:43:10.613+0000] {logging_mixin.py:190} INFO - [2026-03-18T13:43:10.613+0000] {dagbag.py:588} INFO - Filling up the DagBag from /home/komal/data-engineering-projects/airflow-spark-pipeline/airflow_venv/lib/python3.11/site-packages/airflow/example_dags/example_local_kubernetes_executor.py
[2026-03-18T13:43:10.616+0000] {logging_mixin.py:190} INFO - [2026-03-18T13:43:10.615+0000] {example_local_kubernetes_executor.py:40} WARNING - Could not import DAGs in example_local_kubernetes_executor.py
Traceback (most recent call last):
  File "/home/komal/data-engineering-projects/airflow-spark-pipeline/airflow_venv/lib/python3.11/site-packages/airflow/example_dags/example_local_kubernetes_executor.py", line 38, in <module>
    from kubernetes.client import models as k8s
ModuleNotFoundError: No module named 'kubernetes'
[2026-03-18T13:43:10.616+0000] {logging_mixin.py:190} INFO - [2026-03-18T13:43:10.616+0000] {example_local_kubernetes_executor.py:41} WARNING - Install Kubernetes dependencies with: pip install apache-airflow[cncf.kubernetes]
[2026-03-18T13:43:10.616+0000] {processor.py:927} WARNING - No viable dags retrieved from /home/komal/data-engineering-projects/airflow-spark-pipeline/airflow_venv/lib/python3.11/site-packages/airflow/example_dags/example_local_kubernetes_executor.py
[2026-03-18T13:43:10.628+0000] {processor.py:208} INFO - Processing /home/komal/data-engineering-projects/airflow-spark-pipeline/airflow_venv/lib/python3.11/site-packages/airflow/example_dags/example_local_kubernetes_executor.py took 0.023 seconds
[2026-03-18T13:44:17.681+0000] {processor.py:186} INFO - Started process (PID=36349) to work on /home/komal/data-engineering-projects/airflow-spark-pipeline/airflow_venv/lib/python3.11/site-packages/airflow/example_dags/example_local_kubernetes_executor.py
[2026-03-18T13:44:17.683+0000] {processor.py:914} INFO - Processing file /home/komal/data-engineering-projects/airflow-spark-pipeline/airflow_venv/lib/python3.11/site-packages/airflow/example_dags/example_local_kubernetes_executor.py for tasks to queue
[2026-03-18T13:44:17.685+0000] {logging_mixin.py:190} INFO - [2026-03-18T13:44:17.685+0000] {dagbag.py:588} INFO - Filling up the DagBag from /home/komal/data-engineering-projects/airflow-spark-pipeline/airflow_venv/lib/python3.11/site-packages/airflow/example_dags/example_local_kubernetes_executor.py
[2026-03-18T13:44:17.687+0000] {logging_mixin.py:190} INFO - [2026-03-18T13:44:17.687+0000] {example_local_kubernetes_executor.py:40} WARNING - Could not import DAGs in example_local_kubernetes_executor.py
Traceback (most recent call last):
  File "/home/komal/data-engineering-projects/airflow-spark-pipeline/airflow_venv/lib/python3.11/site-packages/airflow/example_dags/example_local_kubernetes_executor.py", line 38, in <module>
    from kubernetes.client import models as k8s
ModuleNotFoundError: No module named 'kubernetes'
[2026-03-18T13:44:17.687+0000] {logging_mixin.py:190} INFO - [2026-03-18T13:44:17.687+0000] {example_local_kubernetes_executor.py:41} WARNING - Install Kubernetes dependencies with: pip install apache-airflow[cncf.kubernetes]
[2026-03-18T13:44:17.687+0000] {processor.py:927} WARNING - No viable dags retrieved from /home/komal/data-engineering-projects/airflow-spark-pipeline/airflow_venv/lib/python3.11/site-packages/airflow/example_dags/example_local_kubernetes_executor.py
[2026-03-18T13:44:17.695+0000] {processor.py:208} INFO - Processing /home/komal/data-engineering-projects/airflow-spark-pipeline/airflow_venv/lib/python3.11/site-packages/airflow/example_dags/example_local_kubernetes_executor.py took 0.018 seconds
[2026-03-18T13:45:26.989+0000] {processor.py:186} INFO - Started process (PID=36415) to work on /home/komal/data-engineering-projects/airflow-spark-pipeline/airflow_venv/lib/python3.11/site-packages/airflow/example_dags/example_local_kubernetes_executor.py
[2026-03-18T13:45:26.996+0000] {processor.py:914} INFO - Processing file /home/komal/data-engineering-projects/airflow-spark-pipeline/airflow_venv/lib/python3.11/site-packages/airflow/example_dags/example_local_kubernetes_executor.py for tasks to queue
[2026-03-18T13:45:26.999+0000] {logging_mixin.py:190} INFO - [2026-03-18T13:45:26.998+0000] {dagbag.py:588} INFO - Filling up the DagBag from /home/komal/data-engineering-projects/airflow-spark-pipeline/airflow_venv/lib/python3.11/site-packages/airflow/example_dags/example_local_kubernetes_executor.py
[2026-03-18T13:45:27.004+0000] {logging_mixin.py:190} INFO - [2026-03-18T13:45:27.004+0000] {example_local_kubernetes_executor.py:40} WARNING - Could not import DAGs in example_local_kubernetes_executor.py
Traceback (most recent call last):
  File "/home/komal/data-engineering-projects/airflow-spark-pipeline/airflow_venv/lib/python3.11/site-packages/airflow/example_dags/example_local_kubernetes_executor.py", line 38, in <module>
    from kubernetes.client import models as k8s
ModuleNotFoundError: No module named 'kubernetes'
[2026-03-18T13:45:27.005+0000] {logging_mixin.py:190} INFO - [2026-03-18T13:45:27.005+0000] {example_local_kubernetes_executor.py:41} WARNING - Install Kubernetes dependencies with: pip install apache-airflow[cncf.kubernetes]
[2026-03-18T13:45:27.006+0000] {processor.py:927} WARNING - No viable dags retrieved from /home/komal/data-engineering-projects/airflow-spark-pipeline/airflow_venv/lib/python3.11/site-packages/airflow/example_dags/example_local_kubernetes_executor.py
[2026-03-18T13:45:27.014+0000] {processor.py:208} INFO - Processing /home/komal/data-engineering-projects/airflow-spark-pipeline/airflow_venv/lib/python3.11/site-packages/airflow/example_dags/example_local_kubernetes_executor.py took 0.035 seconds
[2026-03-18T13:46:33.995+0000] {processor.py:186} INFO - Started process (PID=36480) to work on /home/komal/data-engineering-projects/airflow-spark-pipeline/airflow_venv/lib/python3.11/site-packages/airflow/example_dags/example_local_kubernetes_executor.py
[2026-03-18T13:46:33.999+0000] {processor.py:914} INFO - Processing file /home/komal/data-engineering-projects/airflow-spark-pipeline/airflow_venv/lib/python3.11/site-packages/airflow/example_dags/example_local_kubernetes_executor.py for tasks to queue
[2026-03-18T13:46:34.001+0000] {logging_mixin.py:190} INFO - [2026-03-18T13:46:34.001+0000] {dagbag.py:588} INFO - Filling up the DagBag from /home/komal/data-engineering-projects/airflow-spark-pipeline/airflow_venv/lib/python3.11/site-packages/airflow/example_dags/example_local_kubernetes_executor.py
[2026-03-18T13:46:34.004+0000] {logging_mixin.py:190} INFO - [2026-03-18T13:46:34.003+0000] {example_local_kubernetes_executor.py:40} WARNING - Could not import DAGs in example_local_kubernetes_executor.py
Traceback (most recent call last):
  File "/home/komal/data-engineering-projects/airflow-spark-pipeline/airflow_venv/lib/python3.11/site-packages/airflow/example_dags/example_local_kubernetes_executor.py", line 38, in <module>
    from kubernetes.client import models as k8s
ModuleNotFoundError: No module named 'kubernetes'
[2026-03-18T13:46:34.004+0000] {logging_mixin.py:190} INFO - [2026-03-18T13:46:34.004+0000] {example_local_kubernetes_executor.py:41} WARNING - Install Kubernetes dependencies with: pip install apache-airflow[cncf.kubernetes]
[2026-03-18T13:46:34.004+0000] {processor.py:927} WARNING - No viable dags retrieved from /home/komal/data-engineering-projects/airflow-spark-pipeline/airflow_venv/lib/python3.11/site-packages/airflow/example_dags/example_local_kubernetes_executor.py
[2026-03-18T13:46:34.013+0000] {processor.py:208} INFO - Processing /home/komal/data-engineering-projects/airflow-spark-pipeline/airflow_venv/lib/python3.11/site-packages/airflow/example_dags/example_local_kubernetes_executor.py took 0.023 seconds
[2026-03-18T13:47:34.912+0000] {processor.py:186} INFO - Started process (PID=36541) to work on /home/komal/data-engineering-projects/airflow-spark-pipeline/airflow_venv/lib/python3.11/site-packages/airflow/example_dags/example_local_kubernetes_executor.py
[2026-03-18T13:47:34.944+0000] {processor.py:914} INFO - Processing file /home/komal/data-engineering-projects/airflow-spark-pipeline/airflow_venv/lib/python3.11/site-packages/airflow/example_dags/example_local_kubernetes_executor.py for tasks to queue
[2026-03-18T13:47:34.948+0000] {logging_mixin.py:190} INFO - [2026-03-18T13:47:34.947+0000] {dagbag.py:588} INFO - Filling up the DagBag from /home/komal/data-engineering-projects/airflow-spark-pipeline/airflow_venv/lib/python3.11/site-packages/airflow/example_dags/example_local_kubernetes_executor.py
[2026-03-18T13:47:34.953+0000] {logging_mixin.py:190} INFO - [2026-03-18T13:47:34.952+0000] {example_local_kubernetes_executor.py:40} WARNING - Could not import DAGs in example_local_kubernetes_executor.py
Traceback (most recent call last):
  File "/home/komal/data-engineering-projects/airflow-spark-pipeline/airflow_venv/lib/python3.11/site-packages/airflow/example_dags/example_local_kubernetes_executor.py", line 38, in <module>
    from kubernetes.client import models as k8s
ModuleNotFoundError: No module named 'kubernetes'
[2026-03-18T13:47:34.954+0000] {logging_mixin.py:190} INFO - [2026-03-18T13:47:34.954+0000] {example_local_kubernetes_executor.py:41} WARNING - Install Kubernetes dependencies with: pip install apache-airflow[cncf.kubernetes]
[2026-03-18T13:47:34.954+0000] {processor.py:927} WARNING - No viable dags retrieved from /home/komal/data-engineering-projects/airflow-spark-pipeline/airflow_venv/lib/python3.11/site-packages/airflow/example_dags/example_local_kubernetes_executor.py
[2026-03-18T13:47:34.965+0000] {processor.py:208} INFO - Processing /home/komal/data-engineering-projects/airflow-spark-pipeline/airflow_venv/lib/python3.11/site-packages/airflow/example_dags/example_local_kubernetes_executor.py took 0.063 seconds
[2026-03-18T13:48:43.230+0000] {processor.py:186} INFO - Started process (PID=36606) to work on /home/komal/data-engineering-projects/airflow-spark-pipeline/airflow_venv/lib/python3.11/site-packages/airflow/example_dags/example_local_kubernetes_executor.py
[2026-03-18T13:48:43.232+0000] {processor.py:914} INFO - Processing file /home/komal/data-engineering-projects/airflow-spark-pipeline/airflow_venv/lib/python3.11/site-packages/airflow/example_dags/example_local_kubernetes_executor.py for tasks to queue
[2026-03-18T13:48:43.233+0000] {logging_mixin.py:190} INFO - [2026-03-18T13:48:43.233+0000] {dagbag.py:588} INFO - Filling up the DagBag from /home/komal/data-engineering-projects/airflow-spark-pipeline/airflow_venv/lib/python3.11/site-packages/airflow/example_dags/example_local_kubernetes_executor.py
[2026-03-18T13:48:43.236+0000] {logging_mixin.py:190} INFO - [2026-03-18T13:48:43.235+0000] {example_local_kubernetes_executor.py:40} WARNING - Could not import DAGs in example_local_kubernetes_executor.py
Traceback (most recent call last):
  File "/home/komal/data-engineering-projects/airflow-spark-pipeline/airflow_venv/lib/python3.11/site-packages/airflow/example_dags/example_local_kubernetes_executor.py", line 38, in <module>
    from kubernetes.client import models as k8s
ModuleNotFoundError: No module named 'kubernetes'
[2026-03-18T13:48:43.236+0000] {logging_mixin.py:190} INFO - [2026-03-18T13:48:43.236+0000] {example_local_kubernetes_executor.py:41} WARNING - Install Kubernetes dependencies with: pip install apache-airflow[cncf.kubernetes]
[2026-03-18T13:48:43.236+0000] {processor.py:927} WARNING - No viable dags retrieved from /home/komal/data-engineering-projects/airflow-spark-pipeline/airflow_venv/lib/python3.11/site-packages/airflow/example_dags/example_local_kubernetes_executor.py
[2026-03-18T13:48:43.245+0000] {processor.py:208} INFO - Processing /home/komal/data-engineering-projects/airflow-spark-pipeline/airflow_venv/lib/python3.11/site-packages/airflow/example_dags/example_local_kubernetes_executor.py took 0.019 seconds
[2026-03-18T13:49:47.576+0000] {processor.py:186} INFO - Started process (PID=36668) to work on /home/komal/data-engineering-projects/airflow-spark-pipeline/airflow_venv/lib/python3.11/site-packages/airflow/example_dags/example_local_kubernetes_executor.py
[2026-03-18T13:49:47.607+0000] {processor.py:914} INFO - Processing file /home/komal/data-engineering-projects/airflow-spark-pipeline/airflow_venv/lib/python3.11/site-packages/airflow/example_dags/example_local_kubernetes_executor.py for tasks to queue
[2026-03-18T13:49:47.612+0000] {logging_mixin.py:190} INFO - [2026-03-18T13:49:47.611+0000] {dagbag.py:588} INFO - Filling up the DagBag from /home/komal/data-engineering-projects/airflow-spark-pipeline/airflow_venv/lib/python3.11/site-packages/airflow/example_dags/example_local_kubernetes_executor.py
[2026-03-18T13:49:47.617+0000] {logging_mixin.py:190} INFO - [2026-03-18T13:49:47.616+0000] {example_local_kubernetes_executor.py:40} WARNING - Could not import DAGs in example_local_kubernetes_executor.py
Traceback (most recent call last):
  File "/home/komal/data-engineering-projects/airflow-spark-pipeline/airflow_venv/lib/python3.11/site-packages/airflow/example_dags/example_local_kubernetes_executor.py", line 38, in <module>
    from kubernetes.client import models as k8s
ModuleNotFoundError: No module named 'kubernetes'
[2026-03-18T13:49:47.618+0000] {logging_mixin.py:190} INFO - [2026-03-18T13:49:47.618+0000] {example_local_kubernetes_executor.py:41} WARNING - Install Kubernetes dependencies with: pip install apache-airflow[cncf.kubernetes]
[2026-03-18T13:49:47.618+0000] {processor.py:927} WARNING - No viable dags retrieved from /home/komal/data-engineering-projects/airflow-spark-pipeline/airflow_venv/lib/python3.11/site-packages/airflow/example_dags/example_local_kubernetes_executor.py
[2026-03-18T13:49:47.629+0000] {processor.py:208} INFO - Processing /home/komal/data-engineering-projects/airflow-spark-pipeline/airflow_venv/lib/python3.11/site-packages/airflow/example_dags/example_local_kubernetes_executor.py took 0.061 seconds
[2026-03-18T13:50:51.470+0000] {processor.py:186} INFO - Started process (PID=36731) to work on /home/komal/data-engineering-projects/airflow-spark-pipeline/airflow_venv/lib/python3.11/site-packages/airflow/example_dags/example_local_kubernetes_executor.py
[2026-03-18T13:50:51.504+0000] {processor.py:914} INFO - Processing file /home/komal/data-engineering-projects/airflow-spark-pipeline/airflow_venv/lib/python3.11/site-packages/airflow/example_dags/example_local_kubernetes_executor.py for tasks to queue
[2026-03-18T13:50:51.508+0000] {logging_mixin.py:190} INFO - [2026-03-18T13:50:51.508+0000] {dagbag.py:588} INFO - Filling up the DagBag from /home/komal/data-engineering-projects/airflow-spark-pipeline/airflow_venv/lib/python3.11/site-packages/airflow/example_dags/example_local_kubernetes_executor.py
[2026-03-18T13:50:51.514+0000] {logging_mixin.py:190} INFO - [2026-03-18T13:50:51.513+0000] {example_local_kubernetes_executor.py:40} WARNING - Could not import DAGs in example_local_kubernetes_executor.py
Traceback (most recent call last):
  File "/home/komal/data-engineering-projects/airflow-spark-pipeline/airflow_venv/lib/python3.11/site-packages/airflow/example_dags/example_local_kubernetes_executor.py", line 38, in <module>
    from kubernetes.client import models as k8s
ModuleNotFoundError: No module named 'kubernetes'
[2026-03-18T13:50:51.514+0000] {logging_mixin.py:190} INFO - [2026-03-18T13:50:51.514+0000] {example_local_kubernetes_executor.py:41} WARNING - Install Kubernetes dependencies with: pip install apache-airflow[cncf.kubernetes]
[2026-03-18T13:50:51.515+0000] {processor.py:927} WARNING - No viable dags retrieved from /home/komal/data-engineering-projects/airflow-spark-pipeline/airflow_venv/lib/python3.11/site-packages/airflow/example_dags/example_local_kubernetes_executor.py
[2026-03-18T13:50:51.528+0000] {processor.py:208} INFO - Processing /home/komal/data-engineering-projects/airflow-spark-pipeline/airflow_venv/lib/python3.11/site-packages/airflow/example_dags/example_local_kubernetes_executor.py took 0.068 seconds
[2026-03-18T13:51:59.662+0000] {processor.py:186} INFO - Started process (PID=36796) to work on /home/komal/data-engineering-projects/airflow-spark-pipeline/airflow_venv/lib/python3.11/site-packages/airflow/example_dags/example_local_kubernetes_executor.py
[2026-03-18T13:51:59.694+0000] {processor.py:914} INFO - Processing file /home/komal/data-engineering-projects/airflow-spark-pipeline/airflow_venv/lib/python3.11/site-packages/airflow/example_dags/example_local_kubernetes_executor.py for tasks to queue
[2026-03-18T13:51:59.698+0000] {logging_mixin.py:190} INFO - [2026-03-18T13:51:59.698+0000] {dagbag.py:588} INFO - Filling up the DagBag from /home/komal/data-engineering-projects/airflow-spark-pipeline/airflow_venv/lib/python3.11/site-packages/airflow/example_dags/example_local_kubernetes_executor.py
[2026-03-18T13:51:59.704+0000] {logging_mixin.py:190} INFO - [2026-03-18T13:51:59.703+0000] {example_local_kubernetes_executor.py:40} WARNING - Could not import DAGs in example_local_kubernetes_executor.py
Traceback (most recent call last):
  File "/home/komal/data-engineering-projects/airflow-spark-pipeline/airflow_venv/lib/python3.11/site-packages/airflow/example_dags/example_local_kubernetes_executor.py", line 38, in <module>
    from kubernetes.client import models as k8s
ModuleNotFoundError: No module named 'kubernetes'
[2026-03-18T13:51:59.705+0000] {logging_mixin.py:190} INFO - [2026-03-18T13:51:59.704+0000] {example_local_kubernetes_executor.py:41} WARNING - Install Kubernetes dependencies with: pip install apache-airflow[cncf.kubernetes]
[2026-03-18T13:51:59.706+0000] {processor.py:927} WARNING - No viable dags retrieved from /home/komal/data-engineering-projects/airflow-spark-pipeline/airflow_venv/lib/python3.11/site-packages/airflow/example_dags/example_local_kubernetes_executor.py
[2026-03-18T13:51:59.717+0000] {processor.py:208} INFO - Processing /home/komal/data-engineering-projects/airflow-spark-pipeline/airflow_venv/lib/python3.11/site-packages/airflow/example_dags/example_local_kubernetes_executor.py took 0.063 seconds
[2026-03-18T13:53:01.533+0000] {processor.py:186} INFO - Started process (PID=36858) to work on /home/komal/data-engineering-projects/airflow-spark-pipeline/airflow_venv/lib/python3.11/site-packages/airflow/example_dags/example_local_kubernetes_executor.py
[2026-03-18T13:53:01.564+0000] {processor.py:914} INFO - Processing file /home/komal/data-engineering-projects/airflow-spark-pipeline/airflow_venv/lib/python3.11/site-packages/airflow/example_dags/example_local_kubernetes_executor.py for tasks to queue
[2026-03-18T13:53:01.568+0000] {logging_mixin.py:190} INFO - [2026-03-18T13:53:01.567+0000] {dagbag.py:588} INFO - Filling up the DagBag from /home/komal/data-engineering-projects/airflow-spark-pipeline/airflow_venv/lib/python3.11/site-packages/airflow/example_dags/example_local_kubernetes_executor.py
[2026-03-18T13:53:01.575+0000] {logging_mixin.py:190} INFO - [2026-03-18T13:53:01.573+0000] {example_local_kubernetes_executor.py:40} WARNING - Could not import DAGs in example_local_kubernetes_executor.py
Traceback (most recent call last):
  File "/home/komal/data-engineering-projects/airflow-spark-pipeline/airflow_venv/lib/python3.11/site-packages/airflow/example_dags/example_local_kubernetes_executor.py", line 38, in <module>
    from kubernetes.client import models as k8s
ModuleNotFoundError: No module named 'kubernetes'
[2026-03-18T13:53:01.576+0000] {logging_mixin.py:190} INFO - [2026-03-18T13:53:01.575+0000] {example_local_kubernetes_executor.py:41} WARNING - Install Kubernetes dependencies with: pip install apache-airflow[cncf.kubernetes]
[2026-03-18T13:53:01.576+0000] {processor.py:927} WARNING - No viable dags retrieved from /home/komal/data-engineering-projects/airflow-spark-pipeline/airflow_venv/lib/python3.11/site-packages/airflow/example_dags/example_local_kubernetes_executor.py
[2026-03-18T13:53:01.588+0000] {processor.py:208} INFO - Processing /home/komal/data-engineering-projects/airflow-spark-pipeline/airflow_venv/lib/python3.11/site-packages/airflow/example_dags/example_local_kubernetes_executor.py took 0.060 seconds
[2026-03-18T13:54:09.998+0000] {processor.py:186} INFO - Started process (PID=36921) to work on /home/komal/data-engineering-projects/airflow-spark-pipeline/airflow_venv/lib/python3.11/site-packages/airflow/example_dags/example_local_kubernetes_executor.py
[2026-03-18T13:54:10.022+0000] {processor.py:914} INFO - Processing file /home/komal/data-engineering-projects/airflow-spark-pipeline/airflow_venv/lib/python3.11/site-packages/airflow/example_dags/example_local_kubernetes_executor.py for tasks to queue
[2026-03-18T13:54:10.026+0000] {logging_mixin.py:190} INFO - [2026-03-18T13:54:10.025+0000] {dagbag.py:588} INFO - Filling up the DagBag from /home/komal/data-engineering-projects/airflow-spark-pipeline/airflow_venv/lib/python3.11/site-packages/airflow/example_dags/example_local_kubernetes_executor.py
[2026-03-18T13:54:10.032+0000] {logging_mixin.py:190} INFO - [2026-03-18T13:54:10.031+0000] {example_local_kubernetes_executor.py:40} WARNING - Could not import DAGs in example_local_kubernetes_executor.py
Traceback (most recent call last):
  File "/home/komal/data-engineering-projects/airflow-spark-pipeline/airflow_venv/lib/python3.11/site-packages/airflow/example_dags/example_local_kubernetes_executor.py", line 38, in <module>
    from kubernetes.client import models as k8s
ModuleNotFoundError: No module named 'kubernetes'
[2026-03-18T13:54:10.032+0000] {logging_mixin.py:190} INFO - [2026-03-18T13:54:10.032+0000] {example_local_kubernetes_executor.py:41} WARNING - Install Kubernetes dependencies with: pip install apache-airflow[cncf.kubernetes]
[2026-03-18T13:54:10.032+0000] {processor.py:927} WARNING - No viable dags retrieved from /home/komal/data-engineering-projects/airflow-spark-pipeline/airflow_venv/lib/python3.11/site-packages/airflow/example_dags/example_local_kubernetes_executor.py
[2026-03-18T13:54:10.047+0000] {processor.py:208} INFO - Processing /home/komal/data-engineering-projects/airflow-spark-pipeline/airflow_venv/lib/python3.11/site-packages/airflow/example_dags/example_local_kubernetes_executor.py took 0.063 seconds
[2026-03-18T13:55:17.251+0000] {processor.py:186} INFO - Started process (PID=36986) to work on /home/komal/data-engineering-projects/airflow-spark-pipeline/airflow_venv/lib/python3.11/site-packages/airflow/example_dags/example_local_kubernetes_executor.py
[2026-03-18T13:55:17.282+0000] {processor.py:914} INFO - Processing file /home/komal/data-engineering-projects/airflow-spark-pipeline/airflow_venv/lib/python3.11/site-packages/airflow/example_dags/example_local_kubernetes_executor.py for tasks to queue
[2026-03-18T13:55:17.283+0000] {logging_mixin.py:190} INFO - [2026-03-18T13:55:17.283+0000] {dagbag.py:588} INFO - Filling up the DagBag from /home/komal/data-engineering-projects/airflow-spark-pipeline/airflow_venv/lib/python3.11/site-packages/airflow/example_dags/example_local_kubernetes_executor.py
[2026-03-18T13:55:17.286+0000] {logging_mixin.py:190} INFO - [2026-03-18T13:55:17.285+0000] {example_local_kubernetes_executor.py:40} WARNING - Could not import DAGs in example_local_kubernetes_executor.py
Traceback (most recent call last):
  File "/home/komal/data-engineering-projects/airflow-spark-pipeline/airflow_venv/lib/python3.11/site-packages/airflow/example_dags/example_local_kubernetes_executor.py", line 38, in <module>
    from kubernetes.client import models as k8s
ModuleNotFoundError: No module named 'kubernetes'
[2026-03-18T13:55:17.286+0000] {logging_mixin.py:190} INFO - [2026-03-18T13:55:17.286+0000] {example_local_kubernetes_executor.py:41} WARNING - Install Kubernetes dependencies with: pip install apache-airflow[cncf.kubernetes]
[2026-03-18T13:55:17.286+0000] {processor.py:927} WARNING - No viable dags retrieved from /home/komal/data-engineering-projects/airflow-spark-pipeline/airflow_venv/lib/python3.11/site-packages/airflow/example_dags/example_local_kubernetes_executor.py
[2026-03-18T13:55:17.294+0000] {processor.py:208} INFO - Processing /home/komal/data-engineering-projects/airflow-spark-pipeline/airflow_venv/lib/python3.11/site-packages/airflow/example_dags/example_local_kubernetes_executor.py took 0.049 seconds
[2026-03-18T13:56:23.106+0000] {processor.py:186} INFO - Started process (PID=37049) to work on /home/komal/data-engineering-projects/airflow-spark-pipeline/airflow_venv/lib/python3.11/site-packages/airflow/example_dags/example_local_kubernetes_executor.py
[2026-03-18T13:56:23.139+0000] {processor.py:914} INFO - Processing file /home/komal/data-engineering-projects/airflow-spark-pipeline/airflow_venv/lib/python3.11/site-packages/airflow/example_dags/example_local_kubernetes_executor.py for tasks to queue
[2026-03-18T13:56:23.143+0000] {logging_mixin.py:190} INFO - [2026-03-18T13:56:23.143+0000] {dagbag.py:588} INFO - Filling up the DagBag from /home/komal/data-engineering-projects/airflow-spark-pipeline/airflow_venv/lib/python3.11/site-packages/airflow/example_dags/example_local_kubernetes_executor.py
[2026-03-18T13:56:23.149+0000] {logging_mixin.py:190} INFO - [2026-03-18T13:56:23.148+0000] {example_local_kubernetes_executor.py:40} WARNING - Could not import DAGs in example_local_kubernetes_executor.py
Traceback (most recent call last):
  File "/home/komal/data-engineering-projects/airflow-spark-pipeline/airflow_venv/lib/python3.11/site-packages/airflow/example_dags/example_local_kubernetes_executor.py", line 38, in <module>
    from kubernetes.client import models as k8s
ModuleNotFoundError: No module named 'kubernetes'
[2026-03-18T13:56:23.149+0000] {logging_mixin.py:190} INFO - [2026-03-18T13:56:23.149+0000] {example_local_kubernetes_executor.py:41} WARNING - Install Kubernetes dependencies with: pip install apache-airflow[cncf.kubernetes]
[2026-03-18T13:56:23.149+0000] {processor.py:927} WARNING - No viable dags retrieved from /home/komal/data-engineering-projects/airflow-spark-pipeline/airflow_venv/lib/python3.11/site-packages/airflow/example_dags/example_local_kubernetes_executor.py
[2026-03-18T13:56:23.169+0000] {processor.py:208} INFO - Processing /home/komal/data-engineering-projects/airflow-spark-pipeline/airflow_venv/lib/python3.11/site-packages/airflow/example_dags/example_local_kubernetes_executor.py took 0.074 seconds
[2026-03-18T13:57:30.258+0000] {processor.py:186} INFO - Started process (PID=37115) to work on /home/komal/data-engineering-projects/airflow-spark-pipeline/airflow_venv/lib/python3.11/site-packages/airflow/example_dags/example_local_kubernetes_executor.py
[2026-03-18T13:57:30.290+0000] {processor.py:914} INFO - Processing file /home/komal/data-engineering-projects/airflow-spark-pipeline/airflow_venv/lib/python3.11/site-packages/airflow/example_dags/example_local_kubernetes_executor.py for tasks to queue
[2026-03-18T13:57:30.293+0000] {logging_mixin.py:190} INFO - [2026-03-18T13:57:30.293+0000] {dagbag.py:588} INFO - Filling up the DagBag from /home/komal/data-engineering-projects/airflow-spark-pipeline/airflow_venv/lib/python3.11/site-packages/airflow/example_dags/example_local_kubernetes_executor.py
[2026-03-18T13:57:30.300+0000] {logging_mixin.py:190} INFO - [2026-03-18T13:57:30.298+0000] {example_local_kubernetes_executor.py:40} WARNING - Could not import DAGs in example_local_kubernetes_executor.py
Traceback (most recent call last):
  File "/home/komal/data-engineering-projects/airflow-spark-pipeline/airflow_venv/lib/python3.11/site-packages/airflow/example_dags/example_local_kubernetes_executor.py", line 38, in <module>
    from kubernetes.client import models as k8s
ModuleNotFoundError: No module named 'kubernetes'
[2026-03-18T13:57:30.300+0000] {logging_mixin.py:190} INFO - [2026-03-18T13:57:30.300+0000] {example_local_kubernetes_executor.py:41} WARNING - Install Kubernetes dependencies with: pip install apache-airflow[cncf.kubernetes]
[2026-03-18T13:57:30.301+0000] {processor.py:927} WARNING - No viable dags retrieved from /home/komal/data-engineering-projects/airflow-spark-pipeline/airflow_venv/lib/python3.11/site-packages/airflow/example_dags/example_local_kubernetes_executor.py
[2026-03-18T13:57:30.312+0000] {processor.py:208} INFO - Processing /home/komal/data-engineering-projects/airflow-spark-pipeline/airflow_venv/lib/python3.11/site-packages/airflow/example_dags/example_local_kubernetes_executor.py took 0.063 seconds
[2026-03-18T14:01:14.119+0000] {processor.py:186} INFO - Started process (PID=37185) to work on /home/komal/data-engineering-projects/airflow-spark-pipeline/airflow_venv/lib/python3.11/site-packages/airflow/example_dags/example_local_kubernetes_executor.py
[2026-03-18T14:01:14.122+0000] {processor.py:914} INFO - Processing file /home/komal/data-engineering-projects/airflow-spark-pipeline/airflow_venv/lib/python3.11/site-packages/airflow/example_dags/example_local_kubernetes_executor.py for tasks to queue
[2026-03-18T14:01:14.123+0000] {logging_mixin.py:190} INFO - [2026-03-18T14:01:14.123+0000] {dagbag.py:588} INFO - Filling up the DagBag from /home/komal/data-engineering-projects/airflow-spark-pipeline/airflow_venv/lib/python3.11/site-packages/airflow/example_dags/example_local_kubernetes_executor.py
[2026-03-18T14:01:14.134+0000] {logging_mixin.py:190} INFO - [2026-03-18T14:01:14.133+0000] {example_local_kubernetes_executor.py:40} WARNING - Could not import DAGs in example_local_kubernetes_executor.py
Traceback (most recent call last):
  File "/home/komal/data-engineering-projects/airflow-spark-pipeline/airflow_venv/lib/python3.11/site-packages/airflow/example_dags/example_local_kubernetes_executor.py", line 38, in <module>
    from kubernetes.client import models as k8s
ModuleNotFoundError: No module named 'kubernetes'
[2026-03-18T14:01:14.135+0000] {logging_mixin.py:190} INFO - [2026-03-18T14:01:14.135+0000] {example_local_kubernetes_executor.py:41} WARNING - Install Kubernetes dependencies with: pip install apache-airflow[cncf.kubernetes]
[2026-03-18T14:01:14.135+0000] {processor.py:927} WARNING - No viable dags retrieved from /home/komal/data-engineering-projects/airflow-spark-pipeline/airflow_venv/lib/python3.11/site-packages/airflow/example_dags/example_local_kubernetes_executor.py
[2026-03-18T14:01:14.154+0000] {processor.py:208} INFO - Processing /home/komal/data-engineering-projects/airflow-spark-pipeline/airflow_venv/lib/python3.11/site-packages/airflow/example_dags/example_local_kubernetes_executor.py took 0.039 seconds
[2026-03-18T14:02:35.358+0000] {processor.py:186} INFO - Started process (PID=37268) to work on /home/komal/data-engineering-projects/airflow-spark-pipeline/airflow_venv/lib/python3.11/site-packages/airflow/example_dags/example_local_kubernetes_executor.py
[2026-03-18T14:02:35.390+0000] {processor.py:914} INFO - Processing file /home/komal/data-engineering-projects/airflow-spark-pipeline/airflow_venv/lib/python3.11/site-packages/airflow/example_dags/example_local_kubernetes_executor.py for tasks to queue
[2026-03-18T14:02:35.394+0000] {logging_mixin.py:190} INFO - [2026-03-18T14:02:35.394+0000] {dagbag.py:588} INFO - Filling up the DagBag from /home/komal/data-engineering-projects/airflow-spark-pipeline/airflow_venv/lib/python3.11/site-packages/airflow/example_dags/example_local_kubernetes_executor.py
[2026-03-18T14:02:35.400+0000] {logging_mixin.py:190} INFO - [2026-03-18T14:02:35.399+0000] {example_local_kubernetes_executor.py:40} WARNING - Could not import DAGs in example_local_kubernetes_executor.py
Traceback (most recent call last):
  File "/home/komal/data-engineering-projects/airflow-spark-pipeline/airflow_venv/lib/python3.11/site-packages/airflow/example_dags/example_local_kubernetes_executor.py", line 38, in <module>
    from kubernetes.client import models as k8s
ModuleNotFoundError: No module named 'kubernetes'
[2026-03-18T14:02:35.400+0000] {logging_mixin.py:190} INFO - [2026-03-18T14:02:35.400+0000] {example_local_kubernetes_executor.py:41} WARNING - Install Kubernetes dependencies with: pip install apache-airflow[cncf.kubernetes]
[2026-03-18T14:02:35.401+0000] {processor.py:927} WARNING - No viable dags retrieved from /home/komal/data-engineering-projects/airflow-spark-pipeline/airflow_venv/lib/python3.11/site-packages/airflow/example_dags/example_local_kubernetes_executor.py
[2026-03-18T14:02:35.416+0000] {processor.py:208} INFO - Processing /home/komal/data-engineering-projects/airflow-spark-pipeline/airflow_venv/lib/python3.11/site-packages/airflow/example_dags/example_local_kubernetes_executor.py took 0.071 seconds
