[2026-03-18T06:16:41.370+0000] {processor.py:157} INFO - Started process (PID=27495) to work on /home/komal/data-engineering-projects/airflow-spark-pipeline/airflow_venv/lib/python3.11/site-packages/airflow/example_dags/example_nested_branch_dag.py
[2026-03-18T06:16:41.370+0000] {processor.py:826} INFO - Processing file /home/komal/data-engineering-projects/airflow-spark-pipeline/airflow_venv/lib/python3.11/site-packages/airflow/example_dags/example_nested_branch_dag.py for tasks to queue
[2026-03-18T06:16:41.371+0000] {logging_mixin.py:150} INFO - [2026-03-18T06:16:41.371+0000] {dagbag.py:541} INFO - Filling up the DagBag from /home/komal/data-engineering-projects/airflow-spark-pipeline/airflow_venv/lib/python3.11/site-packages/airflow/example_dags/example_nested_branch_dag.py
[2026-03-18T06:16:41.378+0000] {processor.py:836} INFO - DAG(s) dict_keys(['example_nested_branch_dag']) retrieved from /home/komal/data-engineering-projects/airflow-spark-pipeline/airflow_venv/lib/python3.11/site-packages/airflow/example_dags/example_nested_branch_dag.py
[2026-03-18T06:16:41.518+0000] {logging_mixin.py:150} INFO - [2026-03-18T06:16:41.517+0000] {manager.py:504} INFO - Created Permission View: can delete on DAG:example_nested_branch_dag
[2026-03-18T06:16:41.538+0000] {logging_mixin.py:150} INFO - [2026-03-18T06:16:41.538+0000] {manager.py:504} INFO - Created Permission View: can read on DAG:example_nested_branch_dag
[2026-03-18T06:16:41.550+0000] {logging_mixin.py:150} INFO - [2026-03-18T06:16:41.550+0000] {manager.py:504} INFO - Created Permission View: can edit on DAG:example_nested_branch_dag
[2026-03-18T06:16:41.560+0000] {logging_mixin.py:150} INFO - [2026-03-18T06:16:41.559+0000] {dag.py:2742} INFO - Sync 1 DAGs
[2026-03-18T06:16:41.568+0000] {logging_mixin.py:150} INFO - [2026-03-18T06:16:41.568+0000] {dag.py:2763} INFO - Creating ORM DAG for example_nested_branch_dag
[2026-03-18T06:16:41.579+0000] {logging_mixin.py:150} INFO - [2026-03-18T06:16:41.579+0000] {dag.py:3504} INFO - Setting next_dagrun for example_nested_branch_dag to 2026-03-17T00:00:00+00:00, run_after=2026-03-18T00:00:00+00:00
[2026-03-18T06:16:41.601+0000] {processor.py:179} INFO - Processing /home/komal/data-engineering-projects/airflow-spark-pipeline/airflow_venv/lib/python3.11/site-packages/airflow/example_dags/example_nested_branch_dag.py took 0.235 seconds
[2026-03-18T06:17:31.443+0000] {processor.py:157} INFO - Started process (PID=27558) to work on /home/komal/data-engineering-projects/airflow-spark-pipeline/airflow_venv/lib/python3.11/site-packages/airflow/example_dags/example_nested_branch_dag.py
[2026-03-18T06:17:31.445+0000] {processor.py:826} INFO - Processing file /home/komal/data-engineering-projects/airflow-spark-pipeline/airflow_venv/lib/python3.11/site-packages/airflow/example_dags/example_nested_branch_dag.py for tasks to queue
[2026-03-18T06:17:31.446+0000] {logging_mixin.py:150} INFO - [2026-03-18T06:17:31.445+0000] {dagbag.py:541} INFO - Filling up the DagBag from /home/komal/data-engineering-projects/airflow-spark-pipeline/airflow_venv/lib/python3.11/site-packages/airflow/example_dags/example_nested_branch_dag.py
[2026-03-18T06:17:31.457+0000] {processor.py:836} INFO - DAG(s) dict_keys(['example_nested_branch_dag']) retrieved from /home/komal/data-engineering-projects/airflow-spark-pipeline/airflow_venv/lib/python3.11/site-packages/airflow/example_dags/example_nested_branch_dag.py
[2026-03-18T06:17:31.468+0000] {logging_mixin.py:150} INFO - [2026-03-18T06:17:31.468+0000] {dag.py:2742} INFO - Sync 1 DAGs
[2026-03-18T06:17:31.479+0000] {logging_mixin.py:150} INFO - [2026-03-18T06:17:31.479+0000] {dag.py:3504} INFO - Setting next_dagrun for example_nested_branch_dag to 2026-03-17T00:00:00+00:00, run_after=2026-03-18T00:00:00+00:00
[2026-03-18T06:17:31.499+0000] {processor.py:179} INFO - Processing /home/komal/data-engineering-projects/airflow-spark-pipeline/airflow_venv/lib/python3.11/site-packages/airflow/example_dags/example_nested_branch_dag.py took 0.061 seconds
[2026-03-18T06:34:17.320+0000] {processor.py:186} INFO - Started process (PID=28072) to work on /home/komal/data-engineering-projects/airflow-spark-pipeline/airflow_venv/lib/python3.11/site-packages/airflow/example_dags/example_nested_branch_dag.py
[2026-03-18T06:34:17.353+0000] {processor.py:914} INFO - Processing file /home/komal/data-engineering-projects/airflow-spark-pipeline/airflow_venv/lib/python3.11/site-packages/airflow/example_dags/example_nested_branch_dag.py for tasks to queue
[2026-03-18T06:34:17.355+0000] {logging_mixin.py:190} INFO - [2026-03-18T06:34:17.355+0000] {dagbag.py:588} INFO - Filling up the DagBag from /home/komal/data-engineering-projects/airflow-spark-pipeline/airflow_venv/lib/python3.11/site-packages/airflow/example_dags/example_nested_branch_dag.py
[2026-03-18T06:34:17.370+0000] {processor.py:925} INFO - DAG(s) 'example_nested_branch_dag' retrieved from /home/komal/data-engineering-projects/airflow-spark-pipeline/airflow_venv/lib/python3.11/site-packages/airflow/example_dags/example_nested_branch_dag.py
[2026-03-18T06:34:17.427+0000] {logging_mixin.py:190} INFO - [2026-03-18T06:34:17.427+0000] {dag.py:3239} INFO - Sync 1 DAGs
[2026-03-18T06:34:17.440+0000] {logging_mixin.py:190} INFO - [2026-03-18T06:34:17.440+0000] {dag.py:4180} INFO - Setting next_dagrun for example_nested_branch_dag to 2026-03-17 00:00:00+00:00, run_after=2026-03-18 00:00:00+00:00
[2026-03-18T06:34:17.459+0000] {processor.py:208} INFO - Processing /home/komal/data-engineering-projects/airflow-spark-pipeline/airflow_venv/lib/python3.11/site-packages/airflow/example_dags/example_nested_branch_dag.py took 0.147 seconds
[2026-03-18T06:35:25.893+0000] {processor.py:186} INFO - Started process (PID=28142) to work on /home/komal/data-engineering-projects/airflow-spark-pipeline/airflow_venv/lib/python3.11/site-packages/airflow/example_dags/example_nested_branch_dag.py
[2026-03-18T06:35:25.925+0000] {processor.py:914} INFO - Processing file /home/komal/data-engineering-projects/airflow-spark-pipeline/airflow_venv/lib/python3.11/site-packages/airflow/example_dags/example_nested_branch_dag.py for tasks to queue
[2026-03-18T06:35:25.927+0000] {logging_mixin.py:190} INFO - [2026-03-18T06:35:25.926+0000] {dagbag.py:588} INFO - Filling up the DagBag from /home/komal/data-engineering-projects/airflow-spark-pipeline/airflow_venv/lib/python3.11/site-packages/airflow/example_dags/example_nested_branch_dag.py
[2026-03-18T06:35:25.943+0000] {processor.py:925} INFO - DAG(s) 'example_nested_branch_dag' retrieved from /home/komal/data-engineering-projects/airflow-spark-pipeline/airflow_venv/lib/python3.11/site-packages/airflow/example_dags/example_nested_branch_dag.py
[2026-03-18T06:35:25.956+0000] {logging_mixin.py:190} INFO - [2026-03-18T06:35:25.956+0000] {dag.py:3239} INFO - Sync 1 DAGs
[2026-03-18T06:35:25.971+0000] {logging_mixin.py:190} INFO - [2026-03-18T06:35:25.971+0000] {dag.py:4180} INFO - Setting next_dagrun for example_nested_branch_dag to 2026-03-17 00:00:00+00:00, run_after=2026-03-18 00:00:00+00:00
[2026-03-18T06:35:25.994+0000] {processor.py:208} INFO - Processing /home/komal/data-engineering-projects/airflow-spark-pipeline/airflow_venv/lib/python3.11/site-packages/airflow/example_dags/example_nested_branch_dag.py took 0.110 seconds
[2026-03-18T06:36:31.894+0000] {processor.py:186} INFO - Started process (PID=28213) to work on /home/komal/data-engineering-projects/airflow-spark-pipeline/airflow_venv/lib/python3.11/site-packages/airflow/example_dags/example_nested_branch_dag.py
[2026-03-18T06:36:31.926+0000] {processor.py:914} INFO - Processing file /home/komal/data-engineering-projects/airflow-spark-pipeline/airflow_venv/lib/python3.11/site-packages/airflow/example_dags/example_nested_branch_dag.py for tasks to queue
[2026-03-18T06:36:31.928+0000] {logging_mixin.py:190} INFO - [2026-03-18T06:36:31.927+0000] {dagbag.py:588} INFO - Filling up the DagBag from /home/komal/data-engineering-projects/airflow-spark-pipeline/airflow_venv/lib/python3.11/site-packages/airflow/example_dags/example_nested_branch_dag.py
[2026-03-18T06:36:31.941+0000] {processor.py:925} INFO - DAG(s) 'example_nested_branch_dag' retrieved from /home/komal/data-engineering-projects/airflow-spark-pipeline/airflow_venv/lib/python3.11/site-packages/airflow/example_dags/example_nested_branch_dag.py
[2026-03-18T06:36:31.965+0000] {logging_mixin.py:190} INFO - [2026-03-18T06:36:31.965+0000] {dag.py:3239} INFO - Sync 1 DAGs
[2026-03-18T06:36:31.989+0000] {logging_mixin.py:190} INFO - [2026-03-18T06:36:31.989+0000] {dag.py:4180} INFO - Setting next_dagrun for example_nested_branch_dag to 2026-03-17 00:00:00+00:00, run_after=2026-03-18 00:00:00+00:00
[2026-03-18T06:36:32.015+0000] {processor.py:208} INFO - Processing /home/komal/data-engineering-projects/airflow-spark-pipeline/airflow_venv/lib/python3.11/site-packages/airflow/example_dags/example_nested_branch_dag.py took 0.129 seconds
[2026-03-18T06:37:36.736+0000] {processor.py:186} INFO - Started process (PID=28279) to work on /home/komal/data-engineering-projects/airflow-spark-pipeline/airflow_venv/lib/python3.11/site-packages/airflow/example_dags/example_nested_branch_dag.py
[2026-03-18T06:37:36.767+0000] {processor.py:914} INFO - Processing file /home/komal/data-engineering-projects/airflow-spark-pipeline/airflow_venv/lib/python3.11/site-packages/airflow/example_dags/example_nested_branch_dag.py for tasks to queue
[2026-03-18T06:37:36.769+0000] {logging_mixin.py:190} INFO - [2026-03-18T06:37:36.768+0000] {dagbag.py:588} INFO - Filling up the DagBag from /home/komal/data-engineering-projects/airflow-spark-pipeline/airflow_venv/lib/python3.11/site-packages/airflow/example_dags/example_nested_branch_dag.py
[2026-03-18T06:37:36.781+0000] {processor.py:925} INFO - DAG(s) 'example_nested_branch_dag' retrieved from /home/komal/data-engineering-projects/airflow-spark-pipeline/airflow_venv/lib/python3.11/site-packages/airflow/example_dags/example_nested_branch_dag.py
[2026-03-18T06:37:36.795+0000] {logging_mixin.py:190} INFO - [2026-03-18T06:37:36.795+0000] {dag.py:3239} INFO - Sync 1 DAGs
[2026-03-18T06:37:36.810+0000] {logging_mixin.py:190} INFO - [2026-03-18T06:37:36.810+0000] {dag.py:4180} INFO - Setting next_dagrun for example_nested_branch_dag to 2026-03-17 00:00:00+00:00, run_after=2026-03-18 00:00:00+00:00
[2026-03-18T06:37:36.977+0000] {processor.py:208} INFO - Processing /home/komal/data-engineering-projects/airflow-spark-pipeline/airflow_venv/lib/python3.11/site-packages/airflow/example_dags/example_nested_branch_dag.py took 0.246 seconds
[2026-03-18T06:38:59.584+0000] {processor.py:186} INFO - Started process (PID=28443) to work on /home/komal/data-engineering-projects/airflow-spark-pipeline/airflow_venv/lib/python3.11/site-packages/airflow/example_dags/example_nested_branch_dag.py
[2026-03-18T06:38:59.615+0000] {processor.py:914} INFO - Processing file /home/komal/data-engineering-projects/airflow-spark-pipeline/airflow_venv/lib/python3.11/site-packages/airflow/example_dags/example_nested_branch_dag.py for tasks to queue
[2026-03-18T06:38:59.617+0000] {logging_mixin.py:190} INFO - [2026-03-18T06:38:59.616+0000] {dagbag.py:588} INFO - Filling up the DagBag from /home/komal/data-engineering-projects/airflow-spark-pipeline/airflow_venv/lib/python3.11/site-packages/airflow/example_dags/example_nested_branch_dag.py
[2026-03-18T06:38:59.625+0000] {processor.py:925} INFO - DAG(s) 'example_nested_branch_dag' retrieved from /home/komal/data-engineering-projects/airflow-spark-pipeline/airflow_venv/lib/python3.11/site-packages/airflow/example_dags/example_nested_branch_dag.py
[2026-03-18T06:38:59.637+0000] {logging_mixin.py:190} INFO - [2026-03-18T06:38:59.636+0000] {dag.py:3239} INFO - Sync 1 DAGs
[2026-03-18T06:38:59.655+0000] {logging_mixin.py:190} INFO - [2026-03-18T06:38:59.655+0000] {dag.py:4180} INFO - Setting next_dagrun for example_nested_branch_dag to 2026-03-17 00:00:00+00:00, run_after=2026-03-18 00:00:00+00:00
[2026-03-18T06:38:59.673+0000] {processor.py:208} INFO - Processing /home/komal/data-engineering-projects/airflow-spark-pipeline/airflow_venv/lib/python3.11/site-packages/airflow/example_dags/example_nested_branch_dag.py took 0.093 seconds
[2026-03-18T06:40:15.566+0000] {processor.py:186} INFO - Started process (PID=28521) to work on /home/komal/data-engineering-projects/airflow-spark-pipeline/airflow_venv/lib/python3.11/site-packages/airflow/example_dags/example_nested_branch_dag.py
[2026-03-18T06:40:15.599+0000] {processor.py:914} INFO - Processing file /home/komal/data-engineering-projects/airflow-spark-pipeline/airflow_venv/lib/python3.11/site-packages/airflow/example_dags/example_nested_branch_dag.py for tasks to queue
[2026-03-18T06:40:15.603+0000] {logging_mixin.py:190} INFO - [2026-03-18T06:40:15.602+0000] {dagbag.py:588} INFO - Filling up the DagBag from /home/komal/data-engineering-projects/airflow-spark-pipeline/airflow_venv/lib/python3.11/site-packages/airflow/example_dags/example_nested_branch_dag.py
[2026-03-18T06:40:15.619+0000] {processor.py:925} INFO - DAG(s) 'example_nested_branch_dag' retrieved from /home/komal/data-engineering-projects/airflow-spark-pipeline/airflow_venv/lib/python3.11/site-packages/airflow/example_dags/example_nested_branch_dag.py
[2026-03-18T06:40:15.632+0000] {logging_mixin.py:190} INFO - [2026-03-18T06:40:15.632+0000] {dag.py:3239} INFO - Sync 1 DAGs
[2026-03-18T06:40:15.645+0000] {logging_mixin.py:190} INFO - [2026-03-18T06:40:15.645+0000] {dag.py:4180} INFO - Setting next_dagrun for example_nested_branch_dag to 2026-03-17 00:00:00+00:00, run_after=2026-03-18 00:00:00+00:00
[2026-03-18T06:40:15.671+0000] {processor.py:208} INFO - Processing /home/komal/data-engineering-projects/airflow-spark-pipeline/airflow_venv/lib/python3.11/site-packages/airflow/example_dags/example_nested_branch_dag.py took 0.113 seconds
[2026-03-18T06:41:19.913+0000] {processor.py:186} INFO - Started process (PID=28589) to work on /home/komal/data-engineering-projects/airflow-spark-pipeline/airflow_venv/lib/python3.11/site-packages/airflow/example_dags/example_nested_branch_dag.py
[2026-03-18T06:41:19.946+0000] {processor.py:914} INFO - Processing file /home/komal/data-engineering-projects/airflow-spark-pipeline/airflow_venv/lib/python3.11/site-packages/airflow/example_dags/example_nested_branch_dag.py for tasks to queue
[2026-03-18T06:41:19.949+0000] {logging_mixin.py:190} INFO - [2026-03-18T06:41:19.949+0000] {dagbag.py:588} INFO - Filling up the DagBag from /home/komal/data-engineering-projects/airflow-spark-pipeline/airflow_venv/lib/python3.11/site-packages/airflow/example_dags/example_nested_branch_dag.py
[2026-03-18T06:41:19.964+0000] {processor.py:925} INFO - DAG(s) 'example_nested_branch_dag' retrieved from /home/komal/data-engineering-projects/airflow-spark-pipeline/airflow_venv/lib/python3.11/site-packages/airflow/example_dags/example_nested_branch_dag.py
[2026-03-18T06:41:19.978+0000] {logging_mixin.py:190} INFO - [2026-03-18T06:41:19.978+0000] {dag.py:3239} INFO - Sync 1 DAGs
[2026-03-18T06:41:19.995+0000] {logging_mixin.py:190} INFO - [2026-03-18T06:41:19.995+0000] {dag.py:4180} INFO - Setting next_dagrun for example_nested_branch_dag to 2026-03-17 00:00:00+00:00, run_after=2026-03-18 00:00:00+00:00
[2026-03-18T06:41:20.019+0000] {processor.py:208} INFO - Processing /home/komal/data-engineering-projects/airflow-spark-pipeline/airflow_venv/lib/python3.11/site-packages/airflow/example_dags/example_nested_branch_dag.py took 0.117 seconds
[2026-03-18T06:42:35.725+0000] {processor.py:186} INFO - Started process (PID=28740) to work on /home/komal/data-engineering-projects/airflow-spark-pipeline/airflow_venv/lib/python3.11/site-packages/airflow/example_dags/example_nested_branch_dag.py
[2026-03-18T06:42:35.728+0000] {processor.py:914} INFO - Processing file /home/komal/data-engineering-projects/airflow-spark-pipeline/airflow_venv/lib/python3.11/site-packages/airflow/example_dags/example_nested_branch_dag.py for tasks to queue
[2026-03-18T06:42:35.729+0000] {logging_mixin.py:190} INFO - [2026-03-18T06:42:35.729+0000] {dagbag.py:588} INFO - Filling up the DagBag from /home/komal/data-engineering-projects/airflow-spark-pipeline/airflow_venv/lib/python3.11/site-packages/airflow/example_dags/example_nested_branch_dag.py
[2026-03-18T06:42:35.739+0000] {processor.py:925} INFO - DAG(s) 'example_nested_branch_dag' retrieved from /home/komal/data-engineering-projects/airflow-spark-pipeline/airflow_venv/lib/python3.11/site-packages/airflow/example_dags/example_nested_branch_dag.py
[2026-03-18T06:42:35.753+0000] {logging_mixin.py:190} INFO - [2026-03-18T06:42:35.752+0000] {dag.py:3239} INFO - Sync 1 DAGs
[2026-03-18T06:42:35.954+0000] {logging_mixin.py:190} INFO - [2026-03-18T06:42:35.954+0000] {dag.py:4180} INFO - Setting next_dagrun for example_nested_branch_dag to 2026-03-17 00:00:00+00:00, run_after=2026-03-18 00:00:00+00:00
[2026-03-18T06:42:36.052+0000] {processor.py:208} INFO - Processing /home/komal/data-engineering-projects/airflow-spark-pipeline/airflow_venv/lib/python3.11/site-packages/airflow/example_dags/example_nested_branch_dag.py took 0.333 seconds
[2026-03-18T06:43:59.186+0000] {processor.py:186} INFO - Started process (PID=28896) to work on /home/komal/data-engineering-projects/airflow-spark-pipeline/airflow_venv/lib/python3.11/site-packages/airflow/example_dags/example_nested_branch_dag.py
[2026-03-18T06:43:59.218+0000] {processor.py:914} INFO - Processing file /home/komal/data-engineering-projects/airflow-spark-pipeline/airflow_venv/lib/python3.11/site-packages/airflow/example_dags/example_nested_branch_dag.py for tasks to queue
[2026-03-18T06:43:59.221+0000] {logging_mixin.py:190} INFO - [2026-03-18T06:43:59.221+0000] {dagbag.py:588} INFO - Filling up the DagBag from /home/komal/data-engineering-projects/airflow-spark-pipeline/airflow_venv/lib/python3.11/site-packages/airflow/example_dags/example_nested_branch_dag.py
[2026-03-18T06:43:59.235+0000] {processor.py:925} INFO - DAG(s) 'example_nested_branch_dag' retrieved from /home/komal/data-engineering-projects/airflow-spark-pipeline/airflow_venv/lib/python3.11/site-packages/airflow/example_dags/example_nested_branch_dag.py
[2026-03-18T06:43:59.248+0000] {logging_mixin.py:190} INFO - [2026-03-18T06:43:59.248+0000] {dag.py:3239} INFO - Sync 1 DAGs
[2026-03-18T06:43:59.264+0000] {logging_mixin.py:190} INFO - [2026-03-18T06:43:59.264+0000] {dag.py:4180} INFO - Setting next_dagrun for example_nested_branch_dag to 2026-03-17 00:00:00+00:00, run_after=2026-03-18 00:00:00+00:00
[2026-03-18T06:43:59.285+0000] {processor.py:208} INFO - Processing /home/komal/data-engineering-projects/airflow-spark-pipeline/airflow_venv/lib/python3.11/site-packages/airflow/example_dags/example_nested_branch_dag.py took 0.104 seconds
[2026-03-18T06:46:22.408+0000] {processor.py:186} INFO - Started process (PID=29407) to work on /home/komal/data-engineering-projects/airflow-spark-pipeline/airflow_venv/lib/python3.11/site-packages/airflow/example_dags/example_nested_branch_dag.py
[2026-03-18T06:46:22.439+0000] {processor.py:914} INFO - Processing file /home/komal/data-engineering-projects/airflow-spark-pipeline/airflow_venv/lib/python3.11/site-packages/airflow/example_dags/example_nested_branch_dag.py for tasks to queue
[2026-03-18T06:46:22.442+0000] {logging_mixin.py:190} INFO - [2026-03-18T06:46:22.442+0000] {dagbag.py:588} INFO - Filling up the DagBag from /home/komal/data-engineering-projects/airflow-spark-pipeline/airflow_venv/lib/python3.11/site-packages/airflow/example_dags/example_nested_branch_dag.py
[2026-03-18T06:46:22.460+0000] {processor.py:925} INFO - DAG(s) 'example_nested_branch_dag' retrieved from /home/komal/data-engineering-projects/airflow-spark-pipeline/airflow_venv/lib/python3.11/site-packages/airflow/example_dags/example_nested_branch_dag.py
[2026-03-18T06:46:22.475+0000] {logging_mixin.py:190} INFO - [2026-03-18T06:46:22.475+0000] {dag.py:3239} INFO - Sync 1 DAGs
[2026-03-18T06:46:22.494+0000] {logging_mixin.py:190} INFO - [2026-03-18T06:46:22.494+0000] {dag.py:4180} INFO - Setting next_dagrun for example_nested_branch_dag to 2026-03-17 00:00:00+00:00, run_after=2026-03-18 00:00:00+00:00
[2026-03-18T06:46:22.520+0000] {processor.py:208} INFO - Processing /home/komal/data-engineering-projects/airflow-spark-pipeline/airflow_venv/lib/python3.11/site-packages/airflow/example_dags/example_nested_branch_dag.py took 0.122 seconds
[2026-03-18T06:47:35.746+0000] {processor.py:186} INFO - Started process (PID=29479) to work on /home/komal/data-engineering-projects/airflow-spark-pipeline/airflow_venv/lib/python3.11/site-packages/airflow/example_dags/example_nested_branch_dag.py
[2026-03-18T06:47:35.749+0000] {processor.py:914} INFO - Processing file /home/komal/data-engineering-projects/airflow-spark-pipeline/airflow_venv/lib/python3.11/site-packages/airflow/example_dags/example_nested_branch_dag.py for tasks to queue
[2026-03-18T06:47:35.751+0000] {logging_mixin.py:190} INFO - [2026-03-18T06:47:35.751+0000] {dagbag.py:588} INFO - Filling up the DagBag from /home/komal/data-engineering-projects/airflow-spark-pipeline/airflow_venv/lib/python3.11/site-packages/airflow/example_dags/example_nested_branch_dag.py
[2026-03-18T06:47:35.763+0000] {processor.py:925} INFO - DAG(s) 'example_nested_branch_dag' retrieved from /home/komal/data-engineering-projects/airflow-spark-pipeline/airflow_venv/lib/python3.11/site-packages/airflow/example_dags/example_nested_branch_dag.py
[2026-03-18T06:47:35.778+0000] {logging_mixin.py:190} INFO - [2026-03-18T06:47:35.777+0000] {dag.py:3239} INFO - Sync 1 DAGs
[2026-03-18T06:47:35.794+0000] {logging_mixin.py:190} INFO - [2026-03-18T06:47:35.794+0000] {dag.py:4180} INFO - Setting next_dagrun for example_nested_branch_dag to 2026-03-17 00:00:00+00:00, run_after=2026-03-18 00:00:00+00:00
[2026-03-18T06:47:35.829+0000] {processor.py:208} INFO - Processing /home/komal/data-engineering-projects/airflow-spark-pipeline/airflow_venv/lib/python3.11/site-packages/airflow/example_dags/example_nested_branch_dag.py took 0.090 seconds
[2026-03-18T06:48:58.703+0000] {processor.py:186} INFO - Started process (PID=29638) to work on /home/komal/data-engineering-projects/airflow-spark-pipeline/airflow_venv/lib/python3.11/site-packages/airflow/example_dags/example_nested_branch_dag.py
[2026-03-18T06:48:58.735+0000] {processor.py:914} INFO - Processing file /home/komal/data-engineering-projects/airflow-spark-pipeline/airflow_venv/lib/python3.11/site-packages/airflow/example_dags/example_nested_branch_dag.py for tasks to queue
[2026-03-18T06:48:58.739+0000] {logging_mixin.py:190} INFO - [2026-03-18T06:48:58.738+0000] {dagbag.py:588} INFO - Filling up the DagBag from /home/komal/data-engineering-projects/airflow-spark-pipeline/airflow_venv/lib/python3.11/site-packages/airflow/example_dags/example_nested_branch_dag.py
[2026-03-18T06:48:58.761+0000] {processor.py:925} INFO - DAG(s) 'example_nested_branch_dag' retrieved from /home/komal/data-engineering-projects/airflow-spark-pipeline/airflow_venv/lib/python3.11/site-packages/airflow/example_dags/example_nested_branch_dag.py
[2026-03-18T06:48:58.791+0000] {logging_mixin.py:190} INFO - [2026-03-18T06:48:58.790+0000] {dag.py:3239} INFO - Sync 1 DAGs
[2026-03-18T06:48:58.816+0000] {logging_mixin.py:190} INFO - [2026-03-18T06:48:58.815+0000] {dag.py:4180} INFO - Setting next_dagrun for example_nested_branch_dag to 2026-03-17 00:00:00+00:00, run_after=2026-03-18 00:00:00+00:00
[2026-03-18T06:48:58.841+0000] {processor.py:208} INFO - Processing /home/komal/data-engineering-projects/airflow-spark-pipeline/airflow_venv/lib/python3.11/site-packages/airflow/example_dags/example_nested_branch_dag.py took 0.144 seconds
[2026-03-18T06:50:09.114+0000] {processor.py:186} INFO - Started process (PID=29708) to work on /home/komal/data-engineering-projects/airflow-spark-pipeline/airflow_venv/lib/python3.11/site-packages/airflow/example_dags/example_nested_branch_dag.py
[2026-03-18T06:50:09.148+0000] {processor.py:914} INFO - Processing file /home/komal/data-engineering-projects/airflow-spark-pipeline/airflow_venv/lib/python3.11/site-packages/airflow/example_dags/example_nested_branch_dag.py for tasks to queue
[2026-03-18T06:50:09.152+0000] {logging_mixin.py:190} INFO - [2026-03-18T06:50:09.151+0000] {dagbag.py:588} INFO - Filling up the DagBag from /home/komal/data-engineering-projects/airflow-spark-pipeline/airflow_venv/lib/python3.11/site-packages/airflow/example_dags/example_nested_branch_dag.py
[2026-03-18T06:50:09.167+0000] {processor.py:925} INFO - DAG(s) 'example_nested_branch_dag' retrieved from /home/komal/data-engineering-projects/airflow-spark-pipeline/airflow_venv/lib/python3.11/site-packages/airflow/example_dags/example_nested_branch_dag.py
[2026-03-18T06:50:09.188+0000] {logging_mixin.py:190} INFO - [2026-03-18T06:50:09.188+0000] {dag.py:3239} INFO - Sync 1 DAGs
[2026-03-18T06:50:09.317+0000] {logging_mixin.py:190} INFO - [2026-03-18T06:50:09.317+0000] {dag.py:4180} INFO - Setting next_dagrun for example_nested_branch_dag to 2026-03-17 00:00:00+00:00, run_after=2026-03-18 00:00:00+00:00
[2026-03-18T06:50:09.379+0000] {processor.py:208} INFO - Processing /home/komal/data-engineering-projects/airflow-spark-pipeline/airflow_venv/lib/python3.11/site-packages/airflow/example_dags/example_nested_branch_dag.py took 0.274 seconds
[2026-03-18T06:52:28.781+0000] {processor.py:186} INFO - Started process (PID=29993) to work on /home/komal/data-engineering-projects/airflow-spark-pipeline/airflow_venv/lib/python3.11/site-packages/airflow/example_dags/example_nested_branch_dag.py
[2026-03-18T06:52:28.814+0000] {processor.py:914} INFO - Processing file /home/komal/data-engineering-projects/airflow-spark-pipeline/airflow_venv/lib/python3.11/site-packages/airflow/example_dags/example_nested_branch_dag.py for tasks to queue
[2026-03-18T06:52:28.816+0000] {logging_mixin.py:190} INFO - [2026-03-18T06:52:28.815+0000] {dagbag.py:588} INFO - Filling up the DagBag from /home/komal/data-engineering-projects/airflow-spark-pipeline/airflow_venv/lib/python3.11/site-packages/airflow/example_dags/example_nested_branch_dag.py
[2026-03-18T06:52:28.831+0000] {processor.py:925} INFO - DAG(s) 'example_nested_branch_dag' retrieved from /home/komal/data-engineering-projects/airflow-spark-pipeline/airflow_venv/lib/python3.11/site-packages/airflow/example_dags/example_nested_branch_dag.py
[2026-03-18T06:52:28.857+0000] {logging_mixin.py:190} INFO - [2026-03-18T06:52:28.857+0000] {dag.py:3239} INFO - Sync 1 DAGs
[2026-03-18T06:52:28.875+0000] {logging_mixin.py:190} INFO - [2026-03-18T06:52:28.875+0000] {dag.py:4180} INFO - Setting next_dagrun for example_nested_branch_dag to 2026-03-17 00:00:00+00:00, run_after=2026-03-18 00:00:00+00:00
[2026-03-18T06:52:28.939+0000] {processor.py:208} INFO - Processing /home/komal/data-engineering-projects/airflow-spark-pipeline/airflow_venv/lib/python3.11/site-packages/airflow/example_dags/example_nested_branch_dag.py took 0.165 seconds
[2026-03-18T06:53:41.712+0000] {processor.py:186} INFO - Started process (PID=30064) to work on /home/komal/data-engineering-projects/airflow-spark-pipeline/airflow_venv/lib/python3.11/site-packages/airflow/example_dags/example_nested_branch_dag.py
[2026-03-18T06:53:41.713+0000] {processor.py:914} INFO - Processing file /home/komal/data-engineering-projects/airflow-spark-pipeline/airflow_venv/lib/python3.11/site-packages/airflow/example_dags/example_nested_branch_dag.py for tasks to queue
[2026-03-18T06:53:41.716+0000] {logging_mixin.py:190} INFO - [2026-03-18T06:53:41.715+0000] {dagbag.py:588} INFO - Filling up the DagBag from /home/komal/data-engineering-projects/airflow-spark-pipeline/airflow_venv/lib/python3.11/site-packages/airflow/example_dags/example_nested_branch_dag.py
[2026-03-18T06:53:41.726+0000] {processor.py:925} INFO - DAG(s) 'example_nested_branch_dag' retrieved from /home/komal/data-engineering-projects/airflow-spark-pipeline/airflow_venv/lib/python3.11/site-packages/airflow/example_dags/example_nested_branch_dag.py
[2026-03-18T06:53:41.741+0000] {logging_mixin.py:190} INFO - [2026-03-18T06:53:41.741+0000] {dag.py:3239} INFO - Sync 1 DAGs
[2026-03-18T06:53:41.757+0000] {logging_mixin.py:190} INFO - [2026-03-18T06:53:41.757+0000] {dag.py:4180} INFO - Setting next_dagrun for example_nested_branch_dag to 2026-03-17 00:00:00+00:00, run_after=2026-03-18 00:00:00+00:00
[2026-03-18T06:53:41.777+0000] {processor.py:208} INFO - Processing /home/komal/data-engineering-projects/airflow-spark-pipeline/airflow_venv/lib/python3.11/site-packages/airflow/example_dags/example_nested_branch_dag.py took 0.070 seconds
[2026-03-18T06:55:16.658+0000] {processor.py:186} INFO - Started process (PID=30224) to work on /home/komal/data-engineering-projects/airflow-spark-pipeline/airflow_venv/lib/python3.11/site-packages/airflow/example_dags/example_nested_branch_dag.py
[2026-03-18T06:55:16.690+0000] {processor.py:914} INFO - Processing file /home/komal/data-engineering-projects/airflow-spark-pipeline/airflow_venv/lib/python3.11/site-packages/airflow/example_dags/example_nested_branch_dag.py for tasks to queue
[2026-03-18T06:55:16.694+0000] {logging_mixin.py:190} INFO - [2026-03-18T06:55:16.693+0000] {dagbag.py:588} INFO - Filling up the DagBag from /home/komal/data-engineering-projects/airflow-spark-pipeline/airflow_venv/lib/python3.11/site-packages/airflow/example_dags/example_nested_branch_dag.py
[2026-03-18T06:55:16.710+0000] {processor.py:925} INFO - DAG(s) 'example_nested_branch_dag' retrieved from /home/komal/data-engineering-projects/airflow-spark-pipeline/airflow_venv/lib/python3.11/site-packages/airflow/example_dags/example_nested_branch_dag.py
[2026-03-18T06:55:16.723+0000] {logging_mixin.py:190} INFO - [2026-03-18T06:55:16.723+0000] {dag.py:3239} INFO - Sync 1 DAGs
[2026-03-18T06:55:16.735+0000] {logging_mixin.py:190} INFO - [2026-03-18T06:55:16.735+0000] {dag.py:4180} INFO - Setting next_dagrun for example_nested_branch_dag to 2026-03-17 00:00:00+00:00, run_after=2026-03-18 00:00:00+00:00
[2026-03-18T06:55:16.760+0000] {processor.py:208} INFO - Processing /home/komal/data-engineering-projects/airflow-spark-pipeline/airflow_venv/lib/python3.11/site-packages/airflow/example_dags/example_nested_branch_dag.py took 0.109 seconds
[2026-03-18T06:57:09.230+0000] {processor.py:186} INFO - Started process (PID=30488) to work on /home/komal/data-engineering-projects/airflow-spark-pipeline/airflow_venv/lib/python3.11/site-packages/airflow/example_dags/example_nested_branch_dag.py
[2026-03-18T06:57:09.241+0000] {processor.py:914} INFO - Processing file /home/komal/data-engineering-projects/airflow-spark-pipeline/airflow_venv/lib/python3.11/site-packages/airflow/example_dags/example_nested_branch_dag.py for tasks to queue
[2026-03-18T06:57:09.243+0000] {logging_mixin.py:190} INFO - [2026-03-18T06:57:09.243+0000] {dagbag.py:588} INFO - Filling up the DagBag from /home/komal/data-engineering-projects/airflow-spark-pipeline/airflow_venv/lib/python3.11/site-packages/airflow/example_dags/example_nested_branch_dag.py
[2026-03-18T06:57:09.252+0000] {processor.py:925} INFO - DAG(s) 'example_nested_branch_dag' retrieved from /home/komal/data-engineering-projects/airflow-spark-pipeline/airflow_venv/lib/python3.11/site-packages/airflow/example_dags/example_nested_branch_dag.py
[2026-03-18T06:57:09.272+0000] {logging_mixin.py:190} INFO - [2026-03-18T06:57:09.272+0000] {dag.py:3239} INFO - Sync 1 DAGs
[2026-03-18T06:57:09.294+0000] {logging_mixin.py:190} INFO - [2026-03-18T06:57:09.293+0000] {dag.py:4180} INFO - Setting next_dagrun for example_nested_branch_dag to 2026-03-17 00:00:00+00:00, run_after=2026-03-18 00:00:00+00:00
[2026-03-18T06:57:09.315+0000] {processor.py:208} INFO - Processing /home/komal/data-engineering-projects/airflow-spark-pipeline/airflow_venv/lib/python3.11/site-packages/airflow/example_dags/example_nested_branch_dag.py took 0.090 seconds
[2026-03-18T06:58:26.632+0000] {processor.py:186} INFO - Started process (PID=30564) to work on /home/komal/data-engineering-projects/airflow-spark-pipeline/airflow_venv/lib/python3.11/site-packages/airflow/example_dags/example_nested_branch_dag.py
[2026-03-18T06:58:26.719+0000] {processor.py:914} INFO - Processing file /home/komal/data-engineering-projects/airflow-spark-pipeline/airflow_venv/lib/python3.11/site-packages/airflow/example_dags/example_nested_branch_dag.py for tasks to queue
[2026-03-18T06:58:26.722+0000] {logging_mixin.py:190} INFO - [2026-03-18T06:58:26.721+0000] {dagbag.py:588} INFO - Filling up the DagBag from /home/komal/data-engineering-projects/airflow-spark-pipeline/airflow_venv/lib/python3.11/site-packages/airflow/example_dags/example_nested_branch_dag.py
[2026-03-18T06:58:26.741+0000] {processor.py:925} INFO - DAG(s) 'example_nested_branch_dag' retrieved from /home/komal/data-engineering-projects/airflow-spark-pipeline/airflow_venv/lib/python3.11/site-packages/airflow/example_dags/example_nested_branch_dag.py
[2026-03-18T06:58:26.760+0000] {logging_mixin.py:190} INFO - [2026-03-18T06:58:26.760+0000] {dag.py:3239} INFO - Sync 1 DAGs
[2026-03-18T06:58:26.777+0000] {logging_mixin.py:190} INFO - [2026-03-18T06:58:26.777+0000] {dag.py:4180} INFO - Setting next_dagrun for example_nested_branch_dag to 2026-03-17 00:00:00+00:00, run_after=2026-03-18 00:00:00+00:00
[2026-03-18T06:58:26.840+0000] {processor.py:208} INFO - Processing /home/komal/data-engineering-projects/airflow-spark-pipeline/airflow_venv/lib/python3.11/site-packages/airflow/example_dags/example_nested_branch_dag.py took 0.217 seconds
[2026-03-18T06:59:45.875+0000] {processor.py:186} INFO - Started process (PID=30714) to work on /home/komal/data-engineering-projects/airflow-spark-pipeline/airflow_venv/lib/python3.11/site-packages/airflow/example_dags/example_nested_branch_dag.py
[2026-03-18T06:59:45.907+0000] {processor.py:914} INFO - Processing file /home/komal/data-engineering-projects/airflow-spark-pipeline/airflow_venv/lib/python3.11/site-packages/airflow/example_dags/example_nested_branch_dag.py for tasks to queue
[2026-03-18T06:59:45.910+0000] {logging_mixin.py:190} INFO - [2026-03-18T06:59:45.909+0000] {dagbag.py:588} INFO - Filling up the DagBag from /home/komal/data-engineering-projects/airflow-spark-pipeline/airflow_venv/lib/python3.11/site-packages/airflow/example_dags/example_nested_branch_dag.py
[2026-03-18T06:59:45.928+0000] {processor.py:925} INFO - DAG(s) 'example_nested_branch_dag' retrieved from /home/komal/data-engineering-projects/airflow-spark-pipeline/airflow_venv/lib/python3.11/site-packages/airflow/example_dags/example_nested_branch_dag.py
[2026-03-18T06:59:45.942+0000] {logging_mixin.py:190} INFO - [2026-03-18T06:59:45.942+0000] {dag.py:3239} INFO - Sync 1 DAGs
[2026-03-18T06:59:45.956+0000] {logging_mixin.py:190} INFO - [2026-03-18T06:59:45.956+0000] {dag.py:4180} INFO - Setting next_dagrun for example_nested_branch_dag to 2026-03-17 00:00:00+00:00, run_after=2026-03-18 00:00:00+00:00
[2026-03-18T06:59:45.981+0000] {processor.py:208} INFO - Processing /home/komal/data-engineering-projects/airflow-spark-pipeline/airflow_venv/lib/python3.11/site-packages/airflow/example_dags/example_nested_branch_dag.py took 0.118 seconds
[2026-03-18T07:01:04.589+0000] {processor.py:186} INFO - Started process (PID=30860) to work on /home/komal/data-engineering-projects/airflow-spark-pipeline/airflow_venv/lib/python3.11/site-packages/airflow/example_dags/example_nested_branch_dag.py
[2026-03-18T07:01:04.622+0000] {processor.py:914} INFO - Processing file /home/komal/data-engineering-projects/airflow-spark-pipeline/airflow_venv/lib/python3.11/site-packages/airflow/example_dags/example_nested_branch_dag.py for tasks to queue
[2026-03-18T07:01:04.626+0000] {logging_mixin.py:190} INFO - [2026-03-18T07:01:04.625+0000] {dagbag.py:588} INFO - Filling up the DagBag from /home/komal/data-engineering-projects/airflow-spark-pipeline/airflow_venv/lib/python3.11/site-packages/airflow/example_dags/example_nested_branch_dag.py
[2026-03-18T07:01:04.641+0000] {processor.py:925} INFO - DAG(s) 'example_nested_branch_dag' retrieved from /home/komal/data-engineering-projects/airflow-spark-pipeline/airflow_venv/lib/python3.11/site-packages/airflow/example_dags/example_nested_branch_dag.py
[2026-03-18T07:01:04.652+0000] {logging_mixin.py:190} INFO - [2026-03-18T07:01:04.652+0000] {dag.py:3239} INFO - Sync 1 DAGs
[2026-03-18T07:01:04.801+0000] {logging_mixin.py:190} INFO - [2026-03-18T07:01:04.801+0000] {dag.py:4180} INFO - Setting next_dagrun for example_nested_branch_dag to 2026-03-17 00:00:00+00:00, run_after=2026-03-18 00:00:00+00:00
[2026-03-18T07:01:04.881+0000] {processor.py:208} INFO - Processing /home/komal/data-engineering-projects/airflow-spark-pipeline/airflow_venv/lib/python3.11/site-packages/airflow/example_dags/example_nested_branch_dag.py took 0.296 seconds
[2026-03-18T07:02:28.847+0000] {processor.py:186} INFO - Started process (PID=30938) to work on /home/komal/data-engineering-projects/airflow-spark-pipeline/airflow_venv/lib/python3.11/site-packages/airflow/example_dags/example_nested_branch_dag.py
[2026-03-18T07:02:28.868+0000] {processor.py:914} INFO - Processing file /home/komal/data-engineering-projects/airflow-spark-pipeline/airflow_venv/lib/python3.11/site-packages/airflow/example_dags/example_nested_branch_dag.py for tasks to queue
[2026-03-18T07:02:28.871+0000] {logging_mixin.py:190} INFO - [2026-03-18T07:02:28.871+0000] {dagbag.py:588} INFO - Filling up the DagBag from /home/komal/data-engineering-projects/airflow-spark-pipeline/airflow_venv/lib/python3.11/site-packages/airflow/example_dags/example_nested_branch_dag.py
[2026-03-18T07:02:28.887+0000] {processor.py:925} INFO - DAG(s) 'example_nested_branch_dag' retrieved from /home/komal/data-engineering-projects/airflow-spark-pipeline/airflow_venv/lib/python3.11/site-packages/airflow/example_dags/example_nested_branch_dag.py
[2026-03-18T07:02:28.906+0000] {logging_mixin.py:190} INFO - [2026-03-18T07:02:28.906+0000] {dag.py:3239} INFO - Sync 1 DAGs
[2026-03-18T07:02:28.933+0000] {logging_mixin.py:190} INFO - [2026-03-18T07:02:28.933+0000] {dag.py:4180} INFO - Setting next_dagrun for example_nested_branch_dag to 2026-03-17 00:00:00+00:00, run_after=2026-03-18 00:00:00+00:00
[2026-03-18T07:02:28.964+0000] {processor.py:208} INFO - Processing /home/komal/data-engineering-projects/airflow-spark-pipeline/airflow_venv/lib/python3.11/site-packages/airflow/example_dags/example_nested_branch_dag.py took 0.133 seconds
[2026-03-18T07:03:36.017+0000] {processor.py:186} INFO - Started process (PID=31058) to work on /home/komal/data-engineering-projects/airflow-spark-pipeline/airflow_venv/lib/python3.11/site-packages/airflow/example_dags/example_nested_branch_dag.py
[2026-03-18T07:03:36.049+0000] {processor.py:914} INFO - Processing file /home/komal/data-engineering-projects/airflow-spark-pipeline/airflow_venv/lib/python3.11/site-packages/airflow/example_dags/example_nested_branch_dag.py for tasks to queue
[2026-03-18T07:03:36.052+0000] {logging_mixin.py:190} INFO - [2026-03-18T07:03:36.051+0000] {dagbag.py:588} INFO - Filling up the DagBag from /home/komal/data-engineering-projects/airflow-spark-pipeline/airflow_venv/lib/python3.11/site-packages/airflow/example_dags/example_nested_branch_dag.py
[2026-03-18T07:03:36.071+0000] {processor.py:925} INFO - DAG(s) 'example_nested_branch_dag' retrieved from /home/komal/data-engineering-projects/airflow-spark-pipeline/airflow_venv/lib/python3.11/site-packages/airflow/example_dags/example_nested_branch_dag.py
[2026-03-18T07:03:36.093+0000] {logging_mixin.py:190} INFO - [2026-03-18T07:03:36.092+0000] {dag.py:3239} INFO - Sync 1 DAGs
[2026-03-18T07:03:36.108+0000] {logging_mixin.py:190} INFO - [2026-03-18T07:03:36.108+0000] {dag.py:4180} INFO - Setting next_dagrun for example_nested_branch_dag to 2026-03-17 00:00:00+00:00, run_after=2026-03-18 00:00:00+00:00
[2026-03-18T07:03:36.135+0000] {processor.py:208} INFO - Processing /home/komal/data-engineering-projects/airflow-spark-pipeline/airflow_venv/lib/python3.11/site-packages/airflow/example_dags/example_nested_branch_dag.py took 0.124 seconds
[2026-03-18T07:04:33.143+0000] {processor.py:186} INFO - Started process (PID=31123) to work on /home/komal/data-engineering-projects/airflow-spark-pipeline/airflow_venv/lib/python3.11/site-packages/airflow/example_dags/example_nested_branch_dag.py
[2026-03-18T07:04:33.161+0000] {processor.py:914} INFO - Processing file /home/komal/data-engineering-projects/airflow-spark-pipeline/airflow_venv/lib/python3.11/site-packages/airflow/example_dags/example_nested_branch_dag.py for tasks to queue
[2026-03-18T07:04:33.162+0000] {logging_mixin.py:190} INFO - [2026-03-18T07:04:33.161+0000] {dagbag.py:588} INFO - Filling up the DagBag from /home/komal/data-engineering-projects/airflow-spark-pipeline/airflow_venv/lib/python3.11/site-packages/airflow/example_dags/example_nested_branch_dag.py
[2026-03-18T07:04:33.170+0000] {processor.py:925} INFO - DAG(s) 'example_nested_branch_dag' retrieved from /home/komal/data-engineering-projects/airflow-spark-pipeline/airflow_venv/lib/python3.11/site-packages/airflow/example_dags/example_nested_branch_dag.py
[2026-03-18T07:04:33.188+0000] {logging_mixin.py:190} INFO - [2026-03-18T07:04:33.188+0000] {dag.py:3239} INFO - Sync 1 DAGs
[2026-03-18T07:04:33.205+0000] {logging_mixin.py:190} INFO - [2026-03-18T07:04:33.205+0000] {dag.py:4180} INFO - Setting next_dagrun for example_nested_branch_dag to 2026-03-17 00:00:00+00:00, run_after=2026-03-18 00:00:00+00:00
[2026-03-18T07:04:33.223+0000] {processor.py:208} INFO - Processing /home/komal/data-engineering-projects/airflow-spark-pipeline/airflow_venv/lib/python3.11/site-packages/airflow/example_dags/example_nested_branch_dag.py took 0.084 seconds
[2026-03-18T07:05:32.774+0000] {processor.py:186} INFO - Started process (PID=31183) to work on /home/komal/data-engineering-projects/airflow-spark-pipeline/airflow_venv/lib/python3.11/site-packages/airflow/example_dags/example_nested_branch_dag.py
[2026-03-18T07:05:32.776+0000] {processor.py:914} INFO - Processing file /home/komal/data-engineering-projects/airflow-spark-pipeline/airflow_venv/lib/python3.11/site-packages/airflow/example_dags/example_nested_branch_dag.py for tasks to queue
[2026-03-18T07:05:32.778+0000] {logging_mixin.py:190} INFO - [2026-03-18T07:05:32.778+0000] {dagbag.py:588} INFO - Filling up the DagBag from /home/komal/data-engineering-projects/airflow-spark-pipeline/airflow_venv/lib/python3.11/site-packages/airflow/example_dags/example_nested_branch_dag.py
[2026-03-18T07:05:32.792+0000] {processor.py:925} INFO - DAG(s) 'example_nested_branch_dag' retrieved from /home/komal/data-engineering-projects/airflow-spark-pipeline/airflow_venv/lib/python3.11/site-packages/airflow/example_dags/example_nested_branch_dag.py
[2026-03-18T07:05:32.814+0000] {logging_mixin.py:190} INFO - [2026-03-18T07:05:32.814+0000] {dag.py:3239} INFO - Sync 1 DAGs
[2026-03-18T07:05:32.840+0000] {logging_mixin.py:190} INFO - [2026-03-18T07:05:32.839+0000] {dag.py:4180} INFO - Setting next_dagrun for example_nested_branch_dag to 2026-03-17 00:00:00+00:00, run_after=2026-03-18 00:00:00+00:00
[2026-03-18T07:05:32.856+0000] {processor.py:208} INFO - Processing /home/komal/data-engineering-projects/airflow-spark-pipeline/airflow_venv/lib/python3.11/site-packages/airflow/example_dags/example_nested_branch_dag.py took 0.088 seconds
[2026-03-18T07:09:57.909+0000] {processor.py:186} INFO - Started process (PID=31278) to work on /home/komal/data-engineering-projects/airflow-spark-pipeline/airflow_venv/lib/python3.11/site-packages/airflow/example_dags/example_nested_branch_dag.py
[2026-03-18T07:09:57.911+0000] {processor.py:914} INFO - Processing file /home/komal/data-engineering-projects/airflow-spark-pipeline/airflow_venv/lib/python3.11/site-packages/airflow/example_dags/example_nested_branch_dag.py for tasks to queue
[2026-03-18T07:09:57.913+0000] {logging_mixin.py:190} INFO - [2026-03-18T07:09:57.912+0000] {dagbag.py:588} INFO - Filling up the DagBag from /home/komal/data-engineering-projects/airflow-spark-pipeline/airflow_venv/lib/python3.11/site-packages/airflow/example_dags/example_nested_branch_dag.py
[2026-03-18T07:09:57.923+0000] {processor.py:925} INFO - DAG(s) 'example_nested_branch_dag' retrieved from /home/komal/data-engineering-projects/airflow-spark-pipeline/airflow_venv/lib/python3.11/site-packages/airflow/example_dags/example_nested_branch_dag.py
[2026-03-18T07:09:57.940+0000] {logging_mixin.py:190} INFO - [2026-03-18T07:09:57.940+0000] {dag.py:3239} INFO - Sync 1 DAGs
[2026-03-18T07:09:57.962+0000] {logging_mixin.py:190} INFO - [2026-03-18T07:09:57.961+0000] {dag.py:4180} INFO - Setting next_dagrun for example_nested_branch_dag to 2026-03-17 00:00:00+00:00, run_after=2026-03-18 00:00:00+00:00
[2026-03-18T07:09:57.995+0000] {processor.py:208} INFO - Processing /home/komal/data-engineering-projects/airflow-spark-pipeline/airflow_venv/lib/python3.11/site-packages/airflow/example_dags/example_nested_branch_dag.py took 0.094 seconds
[2026-03-18T07:11:01.142+0000] {processor.py:186} INFO - Started process (PID=31345) to work on /home/komal/data-engineering-projects/airflow-spark-pipeline/airflow_venv/lib/python3.11/site-packages/airflow/example_dags/example_nested_branch_dag.py
[2026-03-18T07:11:01.175+0000] {processor.py:914} INFO - Processing file /home/komal/data-engineering-projects/airflow-spark-pipeline/airflow_venv/lib/python3.11/site-packages/airflow/example_dags/example_nested_branch_dag.py for tasks to queue
[2026-03-18T07:11:01.178+0000] {logging_mixin.py:190} INFO - [2026-03-18T07:11:01.177+0000] {dagbag.py:588} INFO - Filling up the DagBag from /home/komal/data-engineering-projects/airflow-spark-pipeline/airflow_venv/lib/python3.11/site-packages/airflow/example_dags/example_nested_branch_dag.py
[2026-03-18T07:11:01.196+0000] {processor.py:925} INFO - DAG(s) 'example_nested_branch_dag' retrieved from /home/komal/data-engineering-projects/airflow-spark-pipeline/airflow_venv/lib/python3.11/site-packages/airflow/example_dags/example_nested_branch_dag.py
[2026-03-18T07:11:01.212+0000] {logging_mixin.py:190} INFO - [2026-03-18T07:11:01.212+0000] {dag.py:3239} INFO - Sync 1 DAGs
[2026-03-18T07:11:01.232+0000] {logging_mixin.py:190} INFO - [2026-03-18T07:11:01.232+0000] {dag.py:4180} INFO - Setting next_dagrun for example_nested_branch_dag to 2026-03-17 00:00:00+00:00, run_after=2026-03-18 00:00:00+00:00
[2026-03-18T07:11:01.251+0000] {processor.py:208} INFO - Processing /home/komal/data-engineering-projects/airflow-spark-pipeline/airflow_venv/lib/python3.11/site-packages/airflow/example_dags/example_nested_branch_dag.py took 0.118 seconds
[2026-03-18T07:12:06.604+0000] {processor.py:186} INFO - Started process (PID=31412) to work on /home/komal/data-engineering-projects/airflow-spark-pipeline/airflow_venv/lib/python3.11/site-packages/airflow/example_dags/example_nested_branch_dag.py
[2026-03-18T07:12:06.605+0000] {processor.py:914} INFO - Processing file /home/komal/data-engineering-projects/airflow-spark-pipeline/airflow_venv/lib/python3.11/site-packages/airflow/example_dags/example_nested_branch_dag.py for tasks to queue
[2026-03-18T07:12:06.606+0000] {logging_mixin.py:190} INFO - [2026-03-18T07:12:06.606+0000] {dagbag.py:588} INFO - Filling up the DagBag from /home/komal/data-engineering-projects/airflow-spark-pipeline/airflow_venv/lib/python3.11/site-packages/airflow/example_dags/example_nested_branch_dag.py
[2026-03-18T07:12:06.621+0000] {processor.py:925} INFO - DAG(s) 'example_nested_branch_dag' retrieved from /home/komal/data-engineering-projects/airflow-spark-pipeline/airflow_venv/lib/python3.11/site-packages/airflow/example_dags/example_nested_branch_dag.py
[2026-03-18T07:12:06.635+0000] {logging_mixin.py:190} INFO - [2026-03-18T07:12:06.635+0000] {dag.py:3239} INFO - Sync 1 DAGs
[2026-03-18T07:12:06.659+0000] {logging_mixin.py:190} INFO - [2026-03-18T07:12:06.658+0000] {dag.py:4180} INFO - Setting next_dagrun for example_nested_branch_dag to 2026-03-17 00:00:00+00:00, run_after=2026-03-18 00:00:00+00:00
[2026-03-18T07:12:06.682+0000] {processor.py:208} INFO - Processing /home/komal/data-engineering-projects/airflow-spark-pipeline/airflow_venv/lib/python3.11/site-packages/airflow/example_dags/example_nested_branch_dag.py took 0.082 seconds
[2026-03-18T07:13:13.053+0000] {processor.py:186} INFO - Started process (PID=31478) to work on /home/komal/data-engineering-projects/airflow-spark-pipeline/airflow_venv/lib/python3.11/site-packages/airflow/example_dags/example_nested_branch_dag.py
[2026-03-18T07:13:13.085+0000] {processor.py:914} INFO - Processing file /home/komal/data-engineering-projects/airflow-spark-pipeline/airflow_venv/lib/python3.11/site-packages/airflow/example_dags/example_nested_branch_dag.py for tasks to queue
[2026-03-18T07:13:13.088+0000] {logging_mixin.py:190} INFO - [2026-03-18T07:13:13.087+0000] {dagbag.py:588} INFO - Filling up the DagBag from /home/komal/data-engineering-projects/airflow-spark-pipeline/airflow_venv/lib/python3.11/site-packages/airflow/example_dags/example_nested_branch_dag.py
[2026-03-18T07:13:13.104+0000] {processor.py:925} INFO - DAG(s) 'example_nested_branch_dag' retrieved from /home/komal/data-engineering-projects/airflow-spark-pipeline/airflow_venv/lib/python3.11/site-packages/airflow/example_dags/example_nested_branch_dag.py
[2026-03-18T07:13:13.115+0000] {logging_mixin.py:190} INFO - [2026-03-18T07:13:13.115+0000] {dag.py:3239} INFO - Sync 1 DAGs
[2026-03-18T07:13:13.129+0000] {logging_mixin.py:190} INFO - [2026-03-18T07:13:13.129+0000] {dag.py:4180} INFO - Setting next_dagrun for example_nested_branch_dag to 2026-03-17 00:00:00+00:00, run_after=2026-03-18 00:00:00+00:00
[2026-03-18T07:13:13.153+0000] {processor.py:208} INFO - Processing /home/komal/data-engineering-projects/airflow-spark-pipeline/airflow_venv/lib/python3.11/site-packages/airflow/example_dags/example_nested_branch_dag.py took 0.109 seconds
[2026-03-18T07:14:21.700+0000] {processor.py:186} INFO - Started process (PID=31544) to work on /home/komal/data-engineering-projects/airflow-spark-pipeline/airflow_venv/lib/python3.11/site-packages/airflow/example_dags/example_nested_branch_dag.py
[2026-03-18T07:14:21.733+0000] {processor.py:914} INFO - Processing file /home/komal/data-engineering-projects/airflow-spark-pipeline/airflow_venv/lib/python3.11/site-packages/airflow/example_dags/example_nested_branch_dag.py for tasks to queue
[2026-03-18T07:14:21.735+0000] {logging_mixin.py:190} INFO - [2026-03-18T07:14:21.734+0000] {dagbag.py:588} INFO - Filling up the DagBag from /home/komal/data-engineering-projects/airflow-spark-pipeline/airflow_venv/lib/python3.11/site-packages/airflow/example_dags/example_nested_branch_dag.py
[2026-03-18T07:14:21.753+0000] {processor.py:925} INFO - DAG(s) 'example_nested_branch_dag' retrieved from /home/komal/data-engineering-projects/airflow-spark-pipeline/airflow_venv/lib/python3.11/site-packages/airflow/example_dags/example_nested_branch_dag.py
[2026-03-18T07:14:21.767+0000] {logging_mixin.py:190} INFO - [2026-03-18T07:14:21.767+0000] {dag.py:3239} INFO - Sync 1 DAGs
[2026-03-18T07:14:21.783+0000] {logging_mixin.py:190} INFO - [2026-03-18T07:14:21.783+0000] {dag.py:4180} INFO - Setting next_dagrun for example_nested_branch_dag to 2026-03-17 00:00:00+00:00, run_after=2026-03-18 00:00:00+00:00
[2026-03-18T07:14:21.834+0000] {processor.py:208} INFO - Processing /home/komal/data-engineering-projects/airflow-spark-pipeline/airflow_venv/lib/python3.11/site-packages/airflow/example_dags/example_nested_branch_dag.py took 0.141 seconds
[2026-03-18T07:15:29.223+0000] {processor.py:186} INFO - Started process (PID=31611) to work on /home/komal/data-engineering-projects/airflow-spark-pipeline/airflow_venv/lib/python3.11/site-packages/airflow/example_dags/example_nested_branch_dag.py
[2026-03-18T07:15:29.255+0000] {processor.py:914} INFO - Processing file /home/komal/data-engineering-projects/airflow-spark-pipeline/airflow_venv/lib/python3.11/site-packages/airflow/example_dags/example_nested_branch_dag.py for tasks to queue
[2026-03-18T07:15:29.257+0000] {logging_mixin.py:190} INFO - [2026-03-18T07:15:29.257+0000] {dagbag.py:588} INFO - Filling up the DagBag from /home/komal/data-engineering-projects/airflow-spark-pipeline/airflow_venv/lib/python3.11/site-packages/airflow/example_dags/example_nested_branch_dag.py
[2026-03-18T07:15:29.274+0000] {processor.py:925} INFO - DAG(s) 'example_nested_branch_dag' retrieved from /home/komal/data-engineering-projects/airflow-spark-pipeline/airflow_venv/lib/python3.11/site-packages/airflow/example_dags/example_nested_branch_dag.py
[2026-03-18T07:15:29.288+0000] {logging_mixin.py:190} INFO - [2026-03-18T07:15:29.288+0000] {dag.py:3239} INFO - Sync 1 DAGs
[2026-03-18T07:15:29.302+0000] {logging_mixin.py:190} INFO - [2026-03-18T07:15:29.302+0000] {dag.py:4180} INFO - Setting next_dagrun for example_nested_branch_dag to 2026-03-17 00:00:00+00:00, run_after=2026-03-18 00:00:00+00:00
[2026-03-18T07:15:29.334+0000] {processor.py:208} INFO - Processing /home/komal/data-engineering-projects/airflow-spark-pipeline/airflow_venv/lib/python3.11/site-packages/airflow/example_dags/example_nested_branch_dag.py took 0.116 seconds
[2026-03-18T07:16:35.285+0000] {processor.py:186} INFO - Started process (PID=31678) to work on /home/komal/data-engineering-projects/airflow-spark-pipeline/airflow_venv/lib/python3.11/site-packages/airflow/example_dags/example_nested_branch_dag.py
[2026-03-18T07:16:35.317+0000] {processor.py:914} INFO - Processing file /home/komal/data-engineering-projects/airflow-spark-pipeline/airflow_venv/lib/python3.11/site-packages/airflow/example_dags/example_nested_branch_dag.py for tasks to queue
[2026-03-18T07:16:35.319+0000] {logging_mixin.py:190} INFO - [2026-03-18T07:16:35.318+0000] {dagbag.py:588} INFO - Filling up the DagBag from /home/komal/data-engineering-projects/airflow-spark-pipeline/airflow_venv/lib/python3.11/site-packages/airflow/example_dags/example_nested_branch_dag.py
[2026-03-18T07:16:35.330+0000] {processor.py:925} INFO - DAG(s) 'example_nested_branch_dag' retrieved from /home/komal/data-engineering-projects/airflow-spark-pipeline/airflow_venv/lib/python3.11/site-packages/airflow/example_dags/example_nested_branch_dag.py
[2026-03-18T07:16:35.342+0000] {logging_mixin.py:190} INFO - [2026-03-18T07:16:35.341+0000] {dag.py:3239} INFO - Sync 1 DAGs
[2026-03-18T07:16:35.359+0000] {logging_mixin.py:190} INFO - [2026-03-18T07:16:35.359+0000] {dag.py:4180} INFO - Setting next_dagrun for example_nested_branch_dag to 2026-03-17 00:00:00+00:00, run_after=2026-03-18 00:00:00+00:00
[2026-03-18T07:16:35.379+0000] {processor.py:208} INFO - Processing /home/komal/data-engineering-projects/airflow-spark-pipeline/airflow_venv/lib/python3.11/site-packages/airflow/example_dags/example_nested_branch_dag.py took 0.098 seconds
[2026-03-18T07:17:40.228+0000] {processor.py:186} INFO - Started process (PID=31758) to work on /home/komal/data-engineering-projects/airflow-spark-pipeline/airflow_venv/lib/python3.11/site-packages/airflow/example_dags/example_nested_branch_dag.py
[2026-03-18T07:17:40.230+0000] {processor.py:914} INFO - Processing file /home/komal/data-engineering-projects/airflow-spark-pipeline/airflow_venv/lib/python3.11/site-packages/airflow/example_dags/example_nested_branch_dag.py for tasks to queue
[2026-03-18T07:17:40.231+0000] {logging_mixin.py:190} INFO - [2026-03-18T07:17:40.230+0000] {dagbag.py:588} INFO - Filling up the DagBag from /home/komal/data-engineering-projects/airflow-spark-pipeline/airflow_venv/lib/python3.11/site-packages/airflow/example_dags/example_nested_branch_dag.py
[2026-03-18T07:17:40.242+0000] {processor.py:925} INFO - DAG(s) 'example_nested_branch_dag' retrieved from /home/komal/data-engineering-projects/airflow-spark-pipeline/airflow_venv/lib/python3.11/site-packages/airflow/example_dags/example_nested_branch_dag.py
[2026-03-18T07:17:40.267+0000] {logging_mixin.py:190} INFO - [2026-03-18T07:17:40.266+0000] {dag.py:3239} INFO - Sync 1 DAGs
[2026-03-18T07:17:40.285+0000] {logging_mixin.py:190} INFO - [2026-03-18T07:17:40.285+0000] {dag.py:4180} INFO - Setting next_dagrun for example_nested_branch_dag to 2026-03-17 00:00:00+00:00, run_after=2026-03-18 00:00:00+00:00
[2026-03-18T07:17:40.307+0000] {processor.py:208} INFO - Processing /home/komal/data-engineering-projects/airflow-spark-pipeline/airflow_venv/lib/python3.11/site-packages/airflow/example_dags/example_nested_branch_dag.py took 0.086 seconds
[2026-03-18T07:18:47.988+0000] {processor.py:186} INFO - Started process (PID=31998) to work on /home/komal/data-engineering-projects/airflow-spark-pipeline/airflow_venv/lib/python3.11/site-packages/airflow/example_dags/example_nested_branch_dag.py
[2026-03-18T07:18:48.021+0000] {processor.py:914} INFO - Processing file /home/komal/data-engineering-projects/airflow-spark-pipeline/airflow_venv/lib/python3.11/site-packages/airflow/example_dags/example_nested_branch_dag.py for tasks to queue
[2026-03-18T07:18:48.023+0000] {logging_mixin.py:190} INFO - [2026-03-18T07:18:48.023+0000] {dagbag.py:588} INFO - Filling up the DagBag from /home/komal/data-engineering-projects/airflow-spark-pipeline/airflow_venv/lib/python3.11/site-packages/airflow/example_dags/example_nested_branch_dag.py
[2026-03-18T07:18:48.043+0000] {processor.py:925} INFO - DAG(s) 'example_nested_branch_dag' retrieved from /home/komal/data-engineering-projects/airflow-spark-pipeline/airflow_venv/lib/python3.11/site-packages/airflow/example_dags/example_nested_branch_dag.py
[2026-03-18T07:18:48.064+0000] {logging_mixin.py:190} INFO - [2026-03-18T07:18:48.064+0000] {dag.py:3239} INFO - Sync 1 DAGs
[2026-03-18T07:18:48.092+0000] {logging_mixin.py:190} INFO - [2026-03-18T07:18:48.092+0000] {dag.py:4180} INFO - Setting next_dagrun for example_nested_branch_dag to 2026-03-17 00:00:00+00:00, run_after=2026-03-18 00:00:00+00:00
[2026-03-18T07:18:48.130+0000] {processor.py:208} INFO - Processing /home/komal/data-engineering-projects/airflow-spark-pipeline/airflow_venv/lib/python3.11/site-packages/airflow/example_dags/example_nested_branch_dag.py took 0.150 seconds
[2026-03-18T07:20:00.679+0000] {processor.py:186} INFO - Started process (PID=32071) to work on /home/komal/data-engineering-projects/airflow-spark-pipeline/airflow_venv/lib/python3.11/site-packages/airflow/example_dags/example_nested_branch_dag.py
[2026-03-18T07:20:00.712+0000] {processor.py:914} INFO - Processing file /home/komal/data-engineering-projects/airflow-spark-pipeline/airflow_venv/lib/python3.11/site-packages/airflow/example_dags/example_nested_branch_dag.py for tasks to queue
[2026-03-18T07:20:00.714+0000] {logging_mixin.py:190} INFO - [2026-03-18T07:20:00.713+0000] {dagbag.py:588} INFO - Filling up the DagBag from /home/komal/data-engineering-projects/airflow-spark-pipeline/airflow_venv/lib/python3.11/site-packages/airflow/example_dags/example_nested_branch_dag.py
[2026-03-18T07:20:00.732+0000] {processor.py:925} INFO - DAG(s) 'example_nested_branch_dag' retrieved from /home/komal/data-engineering-projects/airflow-spark-pipeline/airflow_venv/lib/python3.11/site-packages/airflow/example_dags/example_nested_branch_dag.py
[2026-03-18T07:20:00.760+0000] {logging_mixin.py:190} INFO - [2026-03-18T07:20:00.759+0000] {dag.py:3239} INFO - Sync 1 DAGs
[2026-03-18T07:20:00.798+0000] {logging_mixin.py:190} INFO - [2026-03-18T07:20:00.797+0000] {dag.py:4180} INFO - Setting next_dagrun for example_nested_branch_dag to 2026-03-17 00:00:00+00:00, run_after=2026-03-18 00:00:00+00:00
[2026-03-18T07:20:00.830+0000] {processor.py:208} INFO - Processing /home/komal/data-engineering-projects/airflow-spark-pipeline/airflow_venv/lib/python3.11/site-packages/airflow/example_dags/example_nested_branch_dag.py took 0.164 seconds
[2026-03-18T07:21:19.521+0000] {processor.py:186} INFO - Started process (PID=32142) to work on /home/komal/data-engineering-projects/airflow-spark-pipeline/airflow_venv/lib/python3.11/site-packages/airflow/example_dags/example_nested_branch_dag.py
[2026-03-18T07:21:19.554+0000] {processor.py:914} INFO - Processing file /home/komal/data-engineering-projects/airflow-spark-pipeline/airflow_venv/lib/python3.11/site-packages/airflow/example_dags/example_nested_branch_dag.py for tasks to queue
[2026-03-18T07:21:19.557+0000] {logging_mixin.py:190} INFO - [2026-03-18T07:21:19.556+0000] {dagbag.py:588} INFO - Filling up the DagBag from /home/komal/data-engineering-projects/airflow-spark-pipeline/airflow_venv/lib/python3.11/site-packages/airflow/example_dags/example_nested_branch_dag.py
[2026-03-18T07:21:19.581+0000] {processor.py:925} INFO - DAG(s) 'example_nested_branch_dag' retrieved from /home/komal/data-engineering-projects/airflow-spark-pipeline/airflow_venv/lib/python3.11/site-packages/airflow/example_dags/example_nested_branch_dag.py
[2026-03-18T07:21:19.603+0000] {logging_mixin.py:190} INFO - [2026-03-18T07:21:19.603+0000] {dag.py:3239} INFO - Sync 1 DAGs
[2026-03-18T07:21:19.633+0000] {logging_mixin.py:190} INFO - [2026-03-18T07:21:19.633+0000] {dag.py:4180} INFO - Setting next_dagrun for example_nested_branch_dag to 2026-03-17 00:00:00+00:00, run_after=2026-03-18 00:00:00+00:00
[2026-03-18T07:21:19.673+0000] {processor.py:208} INFO - Processing /home/komal/data-engineering-projects/airflow-spark-pipeline/airflow_venv/lib/python3.11/site-packages/airflow/example_dags/example_nested_branch_dag.py took 0.164 seconds
[2026-03-18T07:22:36.398+0000] {processor.py:186} INFO - Started process (PID=32236) to work on /home/komal/data-engineering-projects/airflow-spark-pipeline/airflow_venv/lib/python3.11/site-packages/airflow/example_dags/example_nested_branch_dag.py
[2026-03-18T07:22:36.401+0000] {processor.py:914} INFO - Processing file /home/komal/data-engineering-projects/airflow-spark-pipeline/airflow_venv/lib/python3.11/site-packages/airflow/example_dags/example_nested_branch_dag.py for tasks to queue
[2026-03-18T07:22:36.404+0000] {logging_mixin.py:190} INFO - [2026-03-18T07:22:36.403+0000] {dagbag.py:588} INFO - Filling up the DagBag from /home/komal/data-engineering-projects/airflow-spark-pipeline/airflow_venv/lib/python3.11/site-packages/airflow/example_dags/example_nested_branch_dag.py
[2026-03-18T07:22:36.434+0000] {processor.py:925} INFO - DAG(s) 'example_nested_branch_dag' retrieved from /home/komal/data-engineering-projects/airflow-spark-pipeline/airflow_venv/lib/python3.11/site-packages/airflow/example_dags/example_nested_branch_dag.py
[2026-03-18T07:22:36.462+0000] {logging_mixin.py:190} INFO - [2026-03-18T07:22:36.462+0000] {dag.py:3239} INFO - Sync 1 DAGs
[2026-03-18T07:22:36.505+0000] {logging_mixin.py:190} INFO - [2026-03-18T07:22:36.504+0000] {dag.py:4180} INFO - Setting next_dagrun for example_nested_branch_dag to 2026-03-17 00:00:00+00:00, run_after=2026-03-18 00:00:00+00:00
[2026-03-18T07:22:36.548+0000] {processor.py:208} INFO - Processing /home/komal/data-engineering-projects/airflow-spark-pipeline/airflow_venv/lib/python3.11/site-packages/airflow/example_dags/example_nested_branch_dag.py took 0.165 seconds
[2026-03-18T07:23:52.005+0000] {processor.py:186} INFO - Started process (PID=32516) to work on /home/komal/data-engineering-projects/airflow-spark-pipeline/airflow_venv/lib/python3.11/site-packages/airflow/example_dags/example_nested_branch_dag.py
[2026-03-18T07:23:52.008+0000] {processor.py:914} INFO - Processing file /home/komal/data-engineering-projects/airflow-spark-pipeline/airflow_venv/lib/python3.11/site-packages/airflow/example_dags/example_nested_branch_dag.py for tasks to queue
[2026-03-18T07:23:52.010+0000] {logging_mixin.py:190} INFO - [2026-03-18T07:23:52.009+0000] {dagbag.py:588} INFO - Filling up the DagBag from /home/komal/data-engineering-projects/airflow-spark-pipeline/airflow_venv/lib/python3.11/site-packages/airflow/example_dags/example_nested_branch_dag.py
[2026-03-18T07:23:52.023+0000] {processor.py:925} INFO - DAG(s) 'example_nested_branch_dag' retrieved from /home/komal/data-engineering-projects/airflow-spark-pipeline/airflow_venv/lib/python3.11/site-packages/airflow/example_dags/example_nested_branch_dag.py
[2026-03-18T07:23:52.042+0000] {logging_mixin.py:190} INFO - [2026-03-18T07:23:52.042+0000] {dag.py:3239} INFO - Sync 1 DAGs
[2026-03-18T07:23:52.070+0000] {logging_mixin.py:190} INFO - [2026-03-18T07:23:52.069+0000] {dag.py:4180} INFO - Setting next_dagrun for example_nested_branch_dag to 2026-03-17 00:00:00+00:00, run_after=2026-03-18 00:00:00+00:00
[2026-03-18T07:23:52.105+0000] {processor.py:208} INFO - Processing /home/komal/data-engineering-projects/airflow-spark-pipeline/airflow_venv/lib/python3.11/site-packages/airflow/example_dags/example_nested_branch_dag.py took 0.107 seconds
[2026-03-18T07:25:01.679+0000] {processor.py:186} INFO - Started process (PID=32585) to work on /home/komal/data-engineering-projects/airflow-spark-pipeline/airflow_venv/lib/python3.11/site-packages/airflow/example_dags/example_nested_branch_dag.py
[2026-03-18T07:25:01.713+0000] {processor.py:914} INFO - Processing file /home/komal/data-engineering-projects/airflow-spark-pipeline/airflow_venv/lib/python3.11/site-packages/airflow/example_dags/example_nested_branch_dag.py for tasks to queue
[2026-03-18T07:25:01.716+0000] {logging_mixin.py:190} INFO - [2026-03-18T07:25:01.715+0000] {dagbag.py:588} INFO - Filling up the DagBag from /home/komal/data-engineering-projects/airflow-spark-pipeline/airflow_venv/lib/python3.11/site-packages/airflow/example_dags/example_nested_branch_dag.py
[2026-03-18T07:25:01.740+0000] {processor.py:925} INFO - DAG(s) 'example_nested_branch_dag' retrieved from /home/komal/data-engineering-projects/airflow-spark-pipeline/airflow_venv/lib/python3.11/site-packages/airflow/example_dags/example_nested_branch_dag.py
[2026-03-18T07:25:01.765+0000] {logging_mixin.py:190} INFO - [2026-03-18T07:25:01.765+0000] {dag.py:3239} INFO - Sync 1 DAGs
[2026-03-18T07:25:01.801+0000] {logging_mixin.py:190} INFO - [2026-03-18T07:25:01.801+0000] {dag.py:4180} INFO - Setting next_dagrun for example_nested_branch_dag to 2026-03-17 00:00:00+00:00, run_after=2026-03-18 00:00:00+00:00
[2026-03-18T07:25:01.859+0000] {processor.py:208} INFO - Processing /home/komal/data-engineering-projects/airflow-spark-pipeline/airflow_venv/lib/python3.11/site-packages/airflow/example_dags/example_nested_branch_dag.py took 0.191 seconds
[2026-03-18T07:27:09.650+0000] {processor.py:186} INFO - Started process (PID=32707) to work on /home/komal/data-engineering-projects/airflow-spark-pipeline/airflow_venv/lib/python3.11/site-packages/airflow/example_dags/example_nested_branch_dag.py
[2026-03-18T07:27:09.682+0000] {processor.py:914} INFO - Processing file /home/komal/data-engineering-projects/airflow-spark-pipeline/airflow_venv/lib/python3.11/site-packages/airflow/example_dags/example_nested_branch_dag.py for tasks to queue
[2026-03-18T07:27:09.685+0000] {logging_mixin.py:190} INFO - [2026-03-18T07:27:09.685+0000] {dagbag.py:588} INFO - Filling up the DagBag from /home/komal/data-engineering-projects/airflow-spark-pipeline/airflow_venv/lib/python3.11/site-packages/airflow/example_dags/example_nested_branch_dag.py
[2026-03-18T07:27:09.702+0000] {processor.py:925} INFO - DAG(s) 'example_nested_branch_dag' retrieved from /home/komal/data-engineering-projects/airflow-spark-pipeline/airflow_venv/lib/python3.11/site-packages/airflow/example_dags/example_nested_branch_dag.py
[2026-03-18T07:27:09.722+0000] {logging_mixin.py:190} INFO - [2026-03-18T07:27:09.722+0000] {dag.py:3239} INFO - Sync 1 DAGs
[2026-03-18T07:27:09.750+0000] {logging_mixin.py:190} INFO - [2026-03-18T07:27:09.749+0000] {dag.py:4180} INFO - Setting next_dagrun for example_nested_branch_dag to 2026-03-17 00:00:00+00:00, run_after=2026-03-18 00:00:00+00:00
[2026-03-18T07:27:09.782+0000] {processor.py:208} INFO - Processing /home/komal/data-engineering-projects/airflow-spark-pipeline/airflow_venv/lib/python3.11/site-packages/airflow/example_dags/example_nested_branch_dag.py took 0.140 seconds
[2026-03-18T07:28:23.063+0000] {processor.py:186} INFO - Started process (PID=32775) to work on /home/komal/data-engineering-projects/airflow-spark-pipeline/airflow_venv/lib/python3.11/site-packages/airflow/example_dags/example_nested_branch_dag.py
[2026-03-18T07:28:23.067+0000] {processor.py:914} INFO - Processing file /home/komal/data-engineering-projects/airflow-spark-pipeline/airflow_venv/lib/python3.11/site-packages/airflow/example_dags/example_nested_branch_dag.py for tasks to queue
[2026-03-18T07:28:23.070+0000] {logging_mixin.py:190} INFO - [2026-03-18T07:28:23.069+0000] {dagbag.py:588} INFO - Filling up the DagBag from /home/komal/data-engineering-projects/airflow-spark-pipeline/airflow_venv/lib/python3.11/site-packages/airflow/example_dags/example_nested_branch_dag.py
[2026-03-18T07:28:23.085+0000] {processor.py:925} INFO - DAG(s) 'example_nested_branch_dag' retrieved from /home/komal/data-engineering-projects/airflow-spark-pipeline/airflow_venv/lib/python3.11/site-packages/airflow/example_dags/example_nested_branch_dag.py
[2026-03-18T07:28:23.109+0000] {logging_mixin.py:190} INFO - [2026-03-18T07:28:23.109+0000] {dag.py:3239} INFO - Sync 1 DAGs
[2026-03-18T07:28:23.138+0000] {logging_mixin.py:190} INFO - [2026-03-18T07:28:23.137+0000] {dag.py:4180} INFO - Setting next_dagrun for example_nested_branch_dag to 2026-03-17 00:00:00+00:00, run_after=2026-03-18 00:00:00+00:00
[2026-03-18T07:28:23.178+0000] {processor.py:208} INFO - Processing /home/komal/data-engineering-projects/airflow-spark-pipeline/airflow_venv/lib/python3.11/site-packages/airflow/example_dags/example_nested_branch_dag.py took 0.124 seconds
[2026-03-18T07:30:43.467+0000] {processor.py:186} INFO - Started process (PID=32986) to work on /home/komal/data-engineering-projects/airflow-spark-pipeline/airflow_venv/lib/python3.11/site-packages/airflow/example_dags/example_nested_branch_dag.py
[2026-03-18T07:30:43.500+0000] {processor.py:914} INFO - Processing file /home/komal/data-engineering-projects/airflow-spark-pipeline/airflow_venv/lib/python3.11/site-packages/airflow/example_dags/example_nested_branch_dag.py for tasks to queue
[2026-03-18T07:30:43.505+0000] {logging_mixin.py:190} INFO - [2026-03-18T07:30:43.505+0000] {dagbag.py:588} INFO - Filling up the DagBag from /home/komal/data-engineering-projects/airflow-spark-pipeline/airflow_venv/lib/python3.11/site-packages/airflow/example_dags/example_nested_branch_dag.py
[2026-03-18T07:30:43.523+0000] {processor.py:925} INFO - DAG(s) 'example_nested_branch_dag' retrieved from /home/komal/data-engineering-projects/airflow-spark-pipeline/airflow_venv/lib/python3.11/site-packages/airflow/example_dags/example_nested_branch_dag.py
[2026-03-18T07:30:43.554+0000] {logging_mixin.py:190} INFO - [2026-03-18T07:30:43.552+0000] {dag.py:3239} INFO - Sync 1 DAGs
[2026-03-18T07:30:43.600+0000] {logging_mixin.py:190} INFO - [2026-03-18T07:30:43.597+0000] {dag.py:4180} INFO - Setting next_dagrun for example_nested_branch_dag to 2026-03-17 00:00:00+00:00, run_after=2026-03-18 00:00:00+00:00
[2026-03-18T07:30:43.639+0000] {processor.py:208} INFO - Processing /home/komal/data-engineering-projects/airflow-spark-pipeline/airflow_venv/lib/python3.11/site-packages/airflow/example_dags/example_nested_branch_dag.py took 0.179 seconds
[2026-03-18T07:32:04.743+0000] {processor.py:186} INFO - Started process (PID=33065) to work on /home/komal/data-engineering-projects/airflow-spark-pipeline/airflow_venv/lib/python3.11/site-packages/airflow/example_dags/example_nested_branch_dag.py
[2026-03-18T07:32:04.747+0000] {processor.py:914} INFO - Processing file /home/komal/data-engineering-projects/airflow-spark-pipeline/airflow_venv/lib/python3.11/site-packages/airflow/example_dags/example_nested_branch_dag.py for tasks to queue
[2026-03-18T07:32:04.750+0000] {logging_mixin.py:190} INFO - [2026-03-18T07:32:04.749+0000] {dagbag.py:588} INFO - Filling up the DagBag from /home/komal/data-engineering-projects/airflow-spark-pipeline/airflow_venv/lib/python3.11/site-packages/airflow/example_dags/example_nested_branch_dag.py
[2026-03-18T07:32:04.766+0000] {processor.py:925} INFO - DAG(s) 'example_nested_branch_dag' retrieved from /home/komal/data-engineering-projects/airflow-spark-pipeline/airflow_venv/lib/python3.11/site-packages/airflow/example_dags/example_nested_branch_dag.py
[2026-03-18T07:32:04.792+0000] {logging_mixin.py:190} INFO - [2026-03-18T07:32:04.792+0000] {dag.py:3239} INFO - Sync 1 DAGs
[2026-03-18T07:32:04.823+0000] {logging_mixin.py:190} INFO - [2026-03-18T07:32:04.823+0000] {dag.py:4180} INFO - Setting next_dagrun for example_nested_branch_dag to 2026-03-17 00:00:00+00:00, run_after=2026-03-18 00:00:00+00:00
[2026-03-18T07:32:04.882+0000] {processor.py:208} INFO - Processing /home/komal/data-engineering-projects/airflow-spark-pipeline/airflow_venv/lib/python3.11/site-packages/airflow/example_dags/example_nested_branch_dag.py took 0.147 seconds
[2026-03-18T07:33:24.120+0000] {processor.py:186} INFO - Started process (PID=33136) to work on /home/komal/data-engineering-projects/airflow-spark-pipeline/airflow_venv/lib/python3.11/site-packages/airflow/example_dags/example_nested_branch_dag.py
[2026-03-18T07:33:24.154+0000] {processor.py:914} INFO - Processing file /home/komal/data-engineering-projects/airflow-spark-pipeline/airflow_venv/lib/python3.11/site-packages/airflow/example_dags/example_nested_branch_dag.py for tasks to queue
[2026-03-18T07:33:24.158+0000] {logging_mixin.py:190} INFO - [2026-03-18T07:33:24.157+0000] {dagbag.py:588} INFO - Filling up the DagBag from /home/komal/data-engineering-projects/airflow-spark-pipeline/airflow_venv/lib/python3.11/site-packages/airflow/example_dags/example_nested_branch_dag.py
[2026-03-18T07:33:24.180+0000] {processor.py:925} INFO - DAG(s) 'example_nested_branch_dag' retrieved from /home/komal/data-engineering-projects/airflow-spark-pipeline/airflow_venv/lib/python3.11/site-packages/airflow/example_dags/example_nested_branch_dag.py
[2026-03-18T07:33:24.204+0000] {logging_mixin.py:190} INFO - [2026-03-18T07:33:24.204+0000] {dag.py:3239} INFO - Sync 1 DAGs
[2026-03-18T07:33:24.230+0000] {logging_mixin.py:190} INFO - [2026-03-18T07:33:24.229+0000] {dag.py:4180} INFO - Setting next_dagrun for example_nested_branch_dag to 2026-03-17 00:00:00+00:00, run_after=2026-03-18 00:00:00+00:00
[2026-03-18T07:33:24.260+0000] {processor.py:208} INFO - Processing /home/komal/data-engineering-projects/airflow-spark-pipeline/airflow_venv/lib/python3.11/site-packages/airflow/example_dags/example_nested_branch_dag.py took 0.150 seconds
[2026-03-18T07:35:17.478+0000] {processor.py:186} INFO - Started process (PID=33300) to work on /home/komal/data-engineering-projects/airflow-spark-pipeline/airflow_venv/lib/python3.11/site-packages/airflow/example_dags/example_nested_branch_dag.py
[2026-03-18T07:35:17.487+0000] {processor.py:914} INFO - Processing file /home/komal/data-engineering-projects/airflow-spark-pipeline/airflow_venv/lib/python3.11/site-packages/airflow/example_dags/example_nested_branch_dag.py for tasks to queue
[2026-03-18T07:35:17.489+0000] {logging_mixin.py:190} INFO - [2026-03-18T07:35:17.489+0000] {dagbag.py:588} INFO - Filling up the DagBag from /home/komal/data-engineering-projects/airflow-spark-pipeline/airflow_venv/lib/python3.11/site-packages/airflow/example_dags/example_nested_branch_dag.py
[2026-03-18T07:35:17.507+0000] {processor.py:925} INFO - DAG(s) 'example_nested_branch_dag' retrieved from /home/komal/data-engineering-projects/airflow-spark-pipeline/airflow_venv/lib/python3.11/site-packages/airflow/example_dags/example_nested_branch_dag.py
[2026-03-18T07:35:17.530+0000] {logging_mixin.py:190} INFO - [2026-03-18T07:35:17.529+0000] {dag.py:3239} INFO - Sync 1 DAGs
[2026-03-18T07:35:17.566+0000] {logging_mixin.py:190} INFO - [2026-03-18T07:35:17.565+0000] {dag.py:4180} INFO - Setting next_dagrun for example_nested_branch_dag to 2026-03-17 00:00:00+00:00, run_after=2026-03-18 00:00:00+00:00
[2026-03-18T07:35:17.614+0000] {processor.py:208} INFO - Processing /home/komal/data-engineering-projects/airflow-spark-pipeline/airflow_venv/lib/python3.11/site-packages/airflow/example_dags/example_nested_branch_dag.py took 0.143 seconds
[2026-03-18T07:36:26.902+0000] {processor.py:186} INFO - Started process (PID=33366) to work on /home/komal/data-engineering-projects/airflow-spark-pipeline/airflow_venv/lib/python3.11/site-packages/airflow/example_dags/example_nested_branch_dag.py
[2026-03-18T07:36:26.921+0000] {processor.py:914} INFO - Processing file /home/komal/data-engineering-projects/airflow-spark-pipeline/airflow_venv/lib/python3.11/site-packages/airflow/example_dags/example_nested_branch_dag.py for tasks to queue
[2026-03-18T07:36:26.924+0000] {logging_mixin.py:190} INFO - [2026-03-18T07:36:26.923+0000] {dagbag.py:588} INFO - Filling up the DagBag from /home/komal/data-engineering-projects/airflow-spark-pipeline/airflow_venv/lib/python3.11/site-packages/airflow/example_dags/example_nested_branch_dag.py
[2026-03-18T07:36:26.943+0000] {processor.py:925} INFO - DAG(s) 'example_nested_branch_dag' retrieved from /home/komal/data-engineering-projects/airflow-spark-pipeline/airflow_venv/lib/python3.11/site-packages/airflow/example_dags/example_nested_branch_dag.py
[2026-03-18T07:36:26.964+0000] {logging_mixin.py:190} INFO - [2026-03-18T07:36:26.964+0000] {dag.py:3239} INFO - Sync 1 DAGs
[2026-03-18T07:36:26.990+0000] {logging_mixin.py:190} INFO - [2026-03-18T07:36:26.990+0000] {dag.py:4180} INFO - Setting next_dagrun for example_nested_branch_dag to 2026-03-17 00:00:00+00:00, run_after=2026-03-18 00:00:00+00:00
[2026-03-18T07:36:27.023+0000] {processor.py:208} INFO - Processing /home/komal/data-engineering-projects/airflow-spark-pipeline/airflow_venv/lib/python3.11/site-packages/airflow/example_dags/example_nested_branch_dag.py took 0.132 seconds
[2026-03-18T07:37:40.298+0000] {processor.py:186} INFO - Started process (PID=33435) to work on /home/komal/data-engineering-projects/airflow-spark-pipeline/airflow_venv/lib/python3.11/site-packages/airflow/example_dags/example_nested_branch_dag.py
[2026-03-18T07:37:40.331+0000] {processor.py:914} INFO - Processing file /home/komal/data-engineering-projects/airflow-spark-pipeline/airflow_venv/lib/python3.11/site-packages/airflow/example_dags/example_nested_branch_dag.py for tasks to queue
[2026-03-18T07:37:40.337+0000] {logging_mixin.py:190} INFO - [2026-03-18T07:37:40.336+0000] {dagbag.py:588} INFO - Filling up the DagBag from /home/komal/data-engineering-projects/airflow-spark-pipeline/airflow_venv/lib/python3.11/site-packages/airflow/example_dags/example_nested_branch_dag.py
[2026-03-18T07:37:40.358+0000] {processor.py:925} INFO - DAG(s) 'example_nested_branch_dag' retrieved from /home/komal/data-engineering-projects/airflow-spark-pipeline/airflow_venv/lib/python3.11/site-packages/airflow/example_dags/example_nested_branch_dag.py
[2026-03-18T07:37:40.389+0000] {logging_mixin.py:190} INFO - [2026-03-18T07:37:40.388+0000] {dag.py:3239} INFO - Sync 1 DAGs
[2026-03-18T07:37:40.442+0000] {logging_mixin.py:190} INFO - [2026-03-18T07:37:40.442+0000] {dag.py:4180} INFO - Setting next_dagrun for example_nested_branch_dag to 2026-03-17 00:00:00+00:00, run_after=2026-03-18 00:00:00+00:00
[2026-03-18T07:37:40.513+0000] {processor.py:208} INFO - Processing /home/komal/data-engineering-projects/airflow-spark-pipeline/airflow_venv/lib/python3.11/site-packages/airflow/example_dags/example_nested_branch_dag.py took 0.225 seconds
[2026-03-18T07:39:00.660+0000] {processor.py:186} INFO - Started process (PID=33577) to work on /home/komal/data-engineering-projects/airflow-spark-pipeline/airflow_venv/lib/python3.11/site-packages/airflow/example_dags/example_nested_branch_dag.py
[2026-03-18T07:39:00.665+0000] {processor.py:914} INFO - Processing file /home/komal/data-engineering-projects/airflow-spark-pipeline/airflow_venv/lib/python3.11/site-packages/airflow/example_dags/example_nested_branch_dag.py for tasks to queue
[2026-03-18T07:39:00.668+0000] {logging_mixin.py:190} INFO - [2026-03-18T07:39:00.667+0000] {dagbag.py:588} INFO - Filling up the DagBag from /home/komal/data-engineering-projects/airflow-spark-pipeline/airflow_venv/lib/python3.11/site-packages/airflow/example_dags/example_nested_branch_dag.py
[2026-03-18T07:39:00.683+0000] {processor.py:925} INFO - DAG(s) 'example_nested_branch_dag' retrieved from /home/komal/data-engineering-projects/airflow-spark-pipeline/airflow_venv/lib/python3.11/site-packages/airflow/example_dags/example_nested_branch_dag.py
[2026-03-18T07:39:00.703+0000] {logging_mixin.py:190} INFO - [2026-03-18T07:39:00.703+0000] {dag.py:3239} INFO - Sync 1 DAGs
[2026-03-18T07:39:00.729+0000] {logging_mixin.py:190} INFO - [2026-03-18T07:39:00.729+0000] {dag.py:4180} INFO - Setting next_dagrun for example_nested_branch_dag to 2026-03-17 00:00:00+00:00, run_after=2026-03-18 00:00:00+00:00
[2026-03-18T07:39:00.769+0000] {processor.py:208} INFO - Processing /home/komal/data-engineering-projects/airflow-spark-pipeline/airflow_venv/lib/python3.11/site-packages/airflow/example_dags/example_nested_branch_dag.py took 0.119 seconds
[2026-03-18T07:40:10.855+0000] {processor.py:186} INFO - Started process (PID=33649) to work on /home/komal/data-engineering-projects/airflow-spark-pipeline/airflow_venv/lib/python3.11/site-packages/airflow/example_dags/example_nested_branch_dag.py
[2026-03-18T07:40:10.887+0000] {processor.py:914} INFO - Processing file /home/komal/data-engineering-projects/airflow-spark-pipeline/airflow_venv/lib/python3.11/site-packages/airflow/example_dags/example_nested_branch_dag.py for tasks to queue
[2026-03-18T07:40:10.892+0000] {logging_mixin.py:190} INFO - [2026-03-18T07:40:10.891+0000] {dagbag.py:588} INFO - Filling up the DagBag from /home/komal/data-engineering-projects/airflow-spark-pipeline/airflow_venv/lib/python3.11/site-packages/airflow/example_dags/example_nested_branch_dag.py
[2026-03-18T07:40:10.910+0000] {processor.py:925} INFO - DAG(s) 'example_nested_branch_dag' retrieved from /home/komal/data-engineering-projects/airflow-spark-pipeline/airflow_venv/lib/python3.11/site-packages/airflow/example_dags/example_nested_branch_dag.py
[2026-03-18T07:40:10.932+0000] {logging_mixin.py:190} INFO - [2026-03-18T07:40:10.932+0000] {dag.py:3239} INFO - Sync 1 DAGs
[2026-03-18T07:40:10.959+0000] {logging_mixin.py:190} INFO - [2026-03-18T07:40:10.959+0000] {dag.py:4180} INFO - Setting next_dagrun for example_nested_branch_dag to 2026-03-17 00:00:00+00:00, run_after=2026-03-18 00:00:00+00:00
[2026-03-18T07:40:10.991+0000] {processor.py:208} INFO - Processing /home/komal/data-engineering-projects/airflow-spark-pipeline/airflow_venv/lib/python3.11/site-packages/airflow/example_dags/example_nested_branch_dag.py took 0.148 seconds
[2026-03-18T07:41:24.510+0000] {processor.py:186} INFO - Started process (PID=33717) to work on /home/komal/data-engineering-projects/airflow-spark-pipeline/airflow_venv/lib/python3.11/site-packages/airflow/example_dags/example_nested_branch_dag.py
[2026-03-18T07:41:24.512+0000] {processor.py:914} INFO - Processing file /home/komal/data-engineering-projects/airflow-spark-pipeline/airflow_venv/lib/python3.11/site-packages/airflow/example_dags/example_nested_branch_dag.py for tasks to queue
[2026-03-18T07:41:24.514+0000] {logging_mixin.py:190} INFO - [2026-03-18T07:41:24.514+0000] {dagbag.py:588} INFO - Filling up the DagBag from /home/komal/data-engineering-projects/airflow-spark-pipeline/airflow_venv/lib/python3.11/site-packages/airflow/example_dags/example_nested_branch_dag.py
[2026-03-18T07:41:24.537+0000] {processor.py:925} INFO - DAG(s) 'example_nested_branch_dag' retrieved from /home/komal/data-engineering-projects/airflow-spark-pipeline/airflow_venv/lib/python3.11/site-packages/airflow/example_dags/example_nested_branch_dag.py
[2026-03-18T07:41:24.624+0000] {logging_mixin.py:190} INFO - [2026-03-18T07:41:24.624+0000] {dag.py:3239} INFO - Sync 1 DAGs
[2026-03-18T07:41:24.659+0000] {logging_mixin.py:190} INFO - [2026-03-18T07:41:24.659+0000] {dag.py:4180} INFO - Setting next_dagrun for example_nested_branch_dag to 2026-03-17 00:00:00+00:00, run_after=2026-03-18 00:00:00+00:00
[2026-03-18T07:41:24.756+0000] {processor.py:208} INFO - Processing /home/komal/data-engineering-projects/airflow-spark-pipeline/airflow_venv/lib/python3.11/site-packages/airflow/example_dags/example_nested_branch_dag.py took 0.256 seconds
[2026-03-18T07:43:17.222+0000] {processor.py:186} INFO - Started process (PID=33897) to work on /home/komal/data-engineering-projects/airflow-spark-pipeline/airflow_venv/lib/python3.11/site-packages/airflow/example_dags/example_nested_branch_dag.py
[2026-03-18T07:43:17.225+0000] {processor.py:914} INFO - Processing file /home/komal/data-engineering-projects/airflow-spark-pipeline/airflow_venv/lib/python3.11/site-packages/airflow/example_dags/example_nested_branch_dag.py for tasks to queue
[2026-03-18T07:43:17.228+0000] {logging_mixin.py:190} INFO - [2026-03-18T07:43:17.227+0000] {dagbag.py:588} INFO - Filling up the DagBag from /home/komal/data-engineering-projects/airflow-spark-pipeline/airflow_venv/lib/python3.11/site-packages/airflow/example_dags/example_nested_branch_dag.py
[2026-03-18T07:43:17.248+0000] {processor.py:925} INFO - DAG(s) 'example_nested_branch_dag' retrieved from /home/komal/data-engineering-projects/airflow-spark-pipeline/airflow_venv/lib/python3.11/site-packages/airflow/example_dags/example_nested_branch_dag.py
[2026-03-18T07:43:17.283+0000] {logging_mixin.py:190} INFO - [2026-03-18T07:43:17.282+0000] {dag.py:3239} INFO - Sync 1 DAGs
[2026-03-18T07:43:17.316+0000] {logging_mixin.py:190} INFO - [2026-03-18T07:43:17.316+0000] {dag.py:4180} INFO - Setting next_dagrun for example_nested_branch_dag to 2026-03-17 00:00:00+00:00, run_after=2026-03-18 00:00:00+00:00
[2026-03-18T07:43:17.350+0000] {processor.py:208} INFO - Processing /home/komal/data-engineering-projects/airflow-spark-pipeline/airflow_venv/lib/python3.11/site-packages/airflow/example_dags/example_nested_branch_dag.py took 0.137 seconds
[2026-03-18T07:44:26.280+0000] {processor.py:186} INFO - Started process (PID=33963) to work on /home/komal/data-engineering-projects/airflow-spark-pipeline/airflow_venv/lib/python3.11/site-packages/airflow/example_dags/example_nested_branch_dag.py
[2026-03-18T07:44:26.313+0000] {processor.py:914} INFO - Processing file /home/komal/data-engineering-projects/airflow-spark-pipeline/airflow_venv/lib/python3.11/site-packages/airflow/example_dags/example_nested_branch_dag.py for tasks to queue
[2026-03-18T07:44:26.317+0000] {logging_mixin.py:190} INFO - [2026-03-18T07:44:26.317+0000] {dagbag.py:588} INFO - Filling up the DagBag from /home/komal/data-engineering-projects/airflow-spark-pipeline/airflow_venv/lib/python3.11/site-packages/airflow/example_dags/example_nested_branch_dag.py
[2026-03-18T07:44:26.347+0000] {processor.py:925} INFO - DAG(s) 'example_nested_branch_dag' retrieved from /home/komal/data-engineering-projects/airflow-spark-pipeline/airflow_venv/lib/python3.11/site-packages/airflow/example_dags/example_nested_branch_dag.py
[2026-03-18T07:44:26.379+0000] {logging_mixin.py:190} INFO - [2026-03-18T07:44:26.378+0000] {dag.py:3239} INFO - Sync 1 DAGs
[2026-03-18T07:44:26.426+0000] {logging_mixin.py:190} INFO - [2026-03-18T07:44:26.426+0000] {dag.py:4180} INFO - Setting next_dagrun for example_nested_branch_dag to 2026-03-17 00:00:00+00:00, run_after=2026-03-18 00:00:00+00:00
[2026-03-18T07:44:26.574+0000] {processor.py:208} INFO - Processing /home/komal/data-engineering-projects/airflow-spark-pipeline/airflow_venv/lib/python3.11/site-packages/airflow/example_dags/example_nested_branch_dag.py took 0.303 seconds
[2026-03-18T07:45:34.153+0000] {processor.py:186} INFO - Started process (PID=34037) to work on /home/komal/data-engineering-projects/airflow-spark-pipeline/airflow_venv/lib/python3.11/site-packages/airflow/example_dags/example_nested_branch_dag.py
[2026-03-18T07:45:34.186+0000] {processor.py:914} INFO - Processing file /home/komal/data-engineering-projects/airflow-spark-pipeline/airflow_venv/lib/python3.11/site-packages/airflow/example_dags/example_nested_branch_dag.py for tasks to queue
[2026-03-18T07:45:34.190+0000] {logging_mixin.py:190} INFO - [2026-03-18T07:45:34.190+0000] {dagbag.py:588} INFO - Filling up the DagBag from /home/komal/data-engineering-projects/airflow-spark-pipeline/airflow_venv/lib/python3.11/site-packages/airflow/example_dags/example_nested_branch_dag.py
[2026-03-18T07:45:34.209+0000] {processor.py:925} INFO - DAG(s) 'example_nested_branch_dag' retrieved from /home/komal/data-engineering-projects/airflow-spark-pipeline/airflow_venv/lib/python3.11/site-packages/airflow/example_dags/example_nested_branch_dag.py
[2026-03-18T07:45:34.234+0000] {logging_mixin.py:190} INFO - [2026-03-18T07:45:34.234+0000] {dag.py:3239} INFO - Sync 1 DAGs
[2026-03-18T07:45:34.261+0000] {logging_mixin.py:190} INFO - [2026-03-18T07:45:34.261+0000] {dag.py:4180} INFO - Setting next_dagrun for example_nested_branch_dag to 2026-03-17 00:00:00+00:00, run_after=2026-03-18 00:00:00+00:00
[2026-03-18T07:45:34.296+0000] {processor.py:208} INFO - Processing /home/komal/data-engineering-projects/airflow-spark-pipeline/airflow_venv/lib/python3.11/site-packages/airflow/example_dags/example_nested_branch_dag.py took 0.154 seconds
[2026-03-18T07:46:46.483+0000] {processor.py:186} INFO - Started process (PID=34103) to work on /home/komal/data-engineering-projects/airflow-spark-pipeline/airflow_venv/lib/python3.11/site-packages/airflow/example_dags/example_nested_branch_dag.py
[2026-03-18T07:46:46.516+0000] {processor.py:914} INFO - Processing file /home/komal/data-engineering-projects/airflow-spark-pipeline/airflow_venv/lib/python3.11/site-packages/airflow/example_dags/example_nested_branch_dag.py for tasks to queue
[2026-03-18T07:46:46.520+0000] {logging_mixin.py:190} INFO - [2026-03-18T07:46:46.519+0000] {dagbag.py:588} INFO - Filling up the DagBag from /home/komal/data-engineering-projects/airflow-spark-pipeline/airflow_venv/lib/python3.11/site-packages/airflow/example_dags/example_nested_branch_dag.py
[2026-03-18T07:46:46.539+0000] {processor.py:925} INFO - DAG(s) 'example_nested_branch_dag' retrieved from /home/komal/data-engineering-projects/airflow-spark-pipeline/airflow_venv/lib/python3.11/site-packages/airflow/example_dags/example_nested_branch_dag.py
[2026-03-18T07:46:46.564+0000] {logging_mixin.py:190} INFO - [2026-03-18T07:46:46.563+0000] {dag.py:3239} INFO - Sync 1 DAGs
[2026-03-18T07:46:46.716+0000] {logging_mixin.py:190} INFO - [2026-03-18T07:46:46.716+0000] {dag.py:4180} INFO - Setting next_dagrun for example_nested_branch_dag to 2026-03-17 00:00:00+00:00, run_after=2026-03-18 00:00:00+00:00
[2026-03-18T07:46:46.782+0000] {processor.py:208} INFO - Processing /home/komal/data-engineering-projects/airflow-spark-pipeline/airflow_venv/lib/python3.11/site-packages/airflow/example_dags/example_nested_branch_dag.py took 0.308 seconds
[2026-03-18T07:50:01.188+0000] {processor.py:186} INFO - Started process (PID=34206) to work on /home/komal/data-engineering-projects/airflow-spark-pipeline/airflow_venv/lib/python3.11/site-packages/airflow/example_dags/example_nested_branch_dag.py
[2026-03-18T07:50:01.223+0000] {processor.py:914} INFO - Processing file /home/komal/data-engineering-projects/airflow-spark-pipeline/airflow_venv/lib/python3.11/site-packages/airflow/example_dags/example_nested_branch_dag.py for tasks to queue
[2026-03-18T07:50:01.227+0000] {logging_mixin.py:190} INFO - [2026-03-18T07:50:01.226+0000] {dagbag.py:588} INFO - Filling up the DagBag from /home/komal/data-engineering-projects/airflow-spark-pipeline/airflow_venv/lib/python3.11/site-packages/airflow/example_dags/example_nested_branch_dag.py
[2026-03-18T07:50:01.249+0000] {processor.py:925} INFO - DAG(s) 'example_nested_branch_dag' retrieved from /home/komal/data-engineering-projects/airflow-spark-pipeline/airflow_venv/lib/python3.11/site-packages/airflow/example_dags/example_nested_branch_dag.py
[2026-03-18T07:50:01.276+0000] {logging_mixin.py:190} INFO - [2026-03-18T07:50:01.276+0000] {dag.py:3239} INFO - Sync 1 DAGs
[2026-03-18T07:50:01.784+0000] {logging_mixin.py:190} INFO - [2026-03-18T07:50:01.783+0000] {dag.py:4180} INFO - Setting next_dagrun for example_nested_branch_dag to 2026-03-17 00:00:00+00:00, run_after=2026-03-18 00:00:00+00:00
[2026-03-18T07:50:01.819+0000] {processor.py:208} INFO - Processing /home/komal/data-engineering-projects/airflow-spark-pipeline/airflow_venv/lib/python3.11/site-packages/airflow/example_dags/example_nested_branch_dag.py took 0.173 seconds
[2026-03-18T07:51:12.611+0000] {processor.py:186} INFO - Started process (PID=34295) to work on /home/komal/data-engineering-projects/airflow-spark-pipeline/airflow_venv/lib/python3.11/site-packages/airflow/example_dags/example_nested_branch_dag.py
[2026-03-18T07:51:12.616+0000] {processor.py:914} INFO - Processing file /home/komal/data-engineering-projects/airflow-spark-pipeline/airflow_venv/lib/python3.11/site-packages/airflow/example_dags/example_nested_branch_dag.py for tasks to queue
[2026-03-18T07:51:12.623+0000] {logging_mixin.py:190} INFO - [2026-03-18T07:51:12.621+0000] {dagbag.py:588} INFO - Filling up the DagBag from /home/komal/data-engineering-projects/airflow-spark-pipeline/airflow_venv/lib/python3.11/site-packages/airflow/example_dags/example_nested_branch_dag.py
[2026-03-18T07:51:12.645+0000] {processor.py:925} INFO - DAG(s) 'example_nested_branch_dag' retrieved from /home/komal/data-engineering-projects/airflow-spark-pipeline/airflow_venv/lib/python3.11/site-packages/airflow/example_dags/example_nested_branch_dag.py
[2026-03-18T07:51:12.671+0000] {logging_mixin.py:190} INFO - [2026-03-18T07:51:12.671+0000] {dag.py:3239} INFO - Sync 1 DAGs
[2026-03-18T07:51:12.705+0000] {logging_mixin.py:190} INFO - [2026-03-18T07:51:12.705+0000] {dag.py:4180} INFO - Setting next_dagrun for example_nested_branch_dag to 2026-03-17 00:00:00+00:00, run_after=2026-03-18 00:00:00+00:00
[2026-03-18T07:51:12.781+0000] {processor.py:208} INFO - Processing /home/komal/data-engineering-projects/airflow-spark-pipeline/airflow_venv/lib/python3.11/site-packages/airflow/example_dags/example_nested_branch_dag.py took 0.182 seconds
[2026-03-18T07:52:25.918+0000] {processor.py:186} INFO - Started process (PID=34364) to work on /home/komal/data-engineering-projects/airflow-spark-pipeline/airflow_venv/lib/python3.11/site-packages/airflow/example_dags/example_nested_branch_dag.py
[2026-03-18T07:52:25.953+0000] {processor.py:914} INFO - Processing file /home/komal/data-engineering-projects/airflow-spark-pipeline/airflow_venv/lib/python3.11/site-packages/airflow/example_dags/example_nested_branch_dag.py for tasks to queue
[2026-03-18T07:52:25.957+0000] {logging_mixin.py:190} INFO - [2026-03-18T07:52:25.957+0000] {dagbag.py:588} INFO - Filling up the DagBag from /home/komal/data-engineering-projects/airflow-spark-pipeline/airflow_venv/lib/python3.11/site-packages/airflow/example_dags/example_nested_branch_dag.py
[2026-03-18T07:52:25.979+0000] {processor.py:925} INFO - DAG(s) 'example_nested_branch_dag' retrieved from /home/komal/data-engineering-projects/airflow-spark-pipeline/airflow_venv/lib/python3.11/site-packages/airflow/example_dags/example_nested_branch_dag.py
[2026-03-18T07:52:26.006+0000] {logging_mixin.py:190} INFO - [2026-03-18T07:52:26.006+0000] {dag.py:3239} INFO - Sync 1 DAGs
[2026-03-18T07:52:26.036+0000] {logging_mixin.py:190} INFO - [2026-03-18T07:52:26.035+0000] {dag.py:4180} INFO - Setting next_dagrun for example_nested_branch_dag to 2026-03-17 00:00:00+00:00, run_after=2026-03-18 00:00:00+00:00
[2026-03-18T07:52:26.071+0000] {processor.py:208} INFO - Processing /home/komal/data-engineering-projects/airflow-spark-pipeline/airflow_venv/lib/python3.11/site-packages/airflow/example_dags/example_nested_branch_dag.py took 0.162 seconds
[2026-03-18T07:53:52.010+0000] {processor.py:186} INFO - Started process (PID=34444) to work on /home/komal/data-engineering-projects/airflow-spark-pipeline/airflow_venv/lib/python3.11/site-packages/airflow/example_dags/example_nested_branch_dag.py
[2026-03-18T07:53:52.014+0000] {processor.py:914} INFO - Processing file /home/komal/data-engineering-projects/airflow-spark-pipeline/airflow_venv/lib/python3.11/site-packages/airflow/example_dags/example_nested_branch_dag.py for tasks to queue
[2026-03-18T07:53:52.017+0000] {logging_mixin.py:190} INFO - [2026-03-18T07:53:52.017+0000] {dagbag.py:588} INFO - Filling up the DagBag from /home/komal/data-engineering-projects/airflow-spark-pipeline/airflow_venv/lib/python3.11/site-packages/airflow/example_dags/example_nested_branch_dag.py
[2026-03-18T07:53:52.033+0000] {processor.py:925} INFO - DAG(s) 'example_nested_branch_dag' retrieved from /home/komal/data-engineering-projects/airflow-spark-pipeline/airflow_venv/lib/python3.11/site-packages/airflow/example_dags/example_nested_branch_dag.py
[2026-03-18T07:53:52.055+0000] {logging_mixin.py:190} INFO - [2026-03-18T07:53:52.054+0000] {dag.py:3239} INFO - Sync 1 DAGs
[2026-03-18T07:53:52.081+0000] {logging_mixin.py:190} INFO - [2026-03-18T07:53:52.081+0000] {dag.py:4180} INFO - Setting next_dagrun for example_nested_branch_dag to 2026-03-17 00:00:00+00:00, run_after=2026-03-18 00:00:00+00:00
[2026-03-18T07:53:52.128+0000] {processor.py:208} INFO - Processing /home/komal/data-engineering-projects/airflow-spark-pipeline/airflow_venv/lib/python3.11/site-packages/airflow/example_dags/example_nested_branch_dag.py took 0.129 seconds
[2026-03-18T07:55:55.828+0000] {processor.py:186} INFO - Started process (PID=34859) to work on /home/komal/data-engineering-projects/airflow-spark-pipeline/airflow_venv/lib/python3.11/site-packages/airflow/example_dags/example_nested_branch_dag.py
[2026-03-18T07:55:55.861+0000] {processor.py:914} INFO - Processing file /home/komal/data-engineering-projects/airflow-spark-pipeline/airflow_venv/lib/python3.11/site-packages/airflow/example_dags/example_nested_branch_dag.py for tasks to queue
[2026-03-18T07:55:55.865+0000] {logging_mixin.py:190} INFO - [2026-03-18T07:55:55.865+0000] {dagbag.py:588} INFO - Filling up the DagBag from /home/komal/data-engineering-projects/airflow-spark-pipeline/airflow_venv/lib/python3.11/site-packages/airflow/example_dags/example_nested_branch_dag.py
[2026-03-18T07:55:55.886+0000] {processor.py:925} INFO - DAG(s) 'example_nested_branch_dag' retrieved from /home/komal/data-engineering-projects/airflow-spark-pipeline/airflow_venv/lib/python3.11/site-packages/airflow/example_dags/example_nested_branch_dag.py
[2026-03-18T07:55:55.907+0000] {logging_mixin.py:190} INFO - [2026-03-18T07:55:55.907+0000] {dag.py:3239} INFO - Sync 1 DAGs
[2026-03-18T07:55:55.935+0000] {logging_mixin.py:190} INFO - [2026-03-18T07:55:55.934+0000] {dag.py:4180} INFO - Setting next_dagrun for example_nested_branch_dag to 2026-03-17 00:00:00+00:00, run_after=2026-03-18 00:00:00+00:00
[2026-03-18T07:55:55.986+0000] {processor.py:208} INFO - Processing /home/komal/data-engineering-projects/airflow-spark-pipeline/airflow_venv/lib/python3.11/site-packages/airflow/example_dags/example_nested_branch_dag.py took 0.167 seconds
[2026-03-18T08:04:50.108+0000] {processor.py:186} INFO - Started process (PID=34934) to work on /home/komal/data-engineering-projects/airflow-spark-pipeline/airflow_venv/lib/python3.11/site-packages/airflow/example_dags/example_nested_branch_dag.py
[2026-03-18T08:04:50.112+0000] {processor.py:914} INFO - Processing file /home/komal/data-engineering-projects/airflow-spark-pipeline/airflow_venv/lib/python3.11/site-packages/airflow/example_dags/example_nested_branch_dag.py for tasks to queue
[2026-03-18T08:04:50.115+0000] {logging_mixin.py:190} INFO - [2026-03-18T08:04:50.114+0000] {dagbag.py:588} INFO - Filling up the DagBag from /home/komal/data-engineering-projects/airflow-spark-pipeline/airflow_venv/lib/python3.11/site-packages/airflow/example_dags/example_nested_branch_dag.py
[2026-03-18T08:04:50.131+0000] {processor.py:925} INFO - DAG(s) 'example_nested_branch_dag' retrieved from /home/komal/data-engineering-projects/airflow-spark-pipeline/airflow_venv/lib/python3.11/site-packages/airflow/example_dags/example_nested_branch_dag.py
[2026-03-18T08:04:50.160+0000] {logging_mixin.py:190} INFO - [2026-03-18T08:04:50.160+0000] {dag.py:3239} INFO - Sync 1 DAGs
[2026-03-18T08:04:50.187+0000] {logging_mixin.py:190} INFO - [2026-03-18T08:04:50.186+0000] {dag.py:4180} INFO - Setting next_dagrun for example_nested_branch_dag to 2026-03-17 00:00:00+00:00, run_after=2026-03-18 00:00:00+00:00
[2026-03-18T08:04:50.220+0000] {processor.py:208} INFO - Processing /home/komal/data-engineering-projects/airflow-spark-pipeline/airflow_venv/lib/python3.11/site-packages/airflow/example_dags/example_nested_branch_dag.py took 0.120 seconds
[2026-03-18T08:06:09.946+0000] {processor.py:186} INFO - Started process (PID=35011) to work on /home/komal/data-engineering-projects/airflow-spark-pipeline/airflow_venv/lib/python3.11/site-packages/airflow/example_dags/example_nested_branch_dag.py
[2026-03-18T08:06:09.950+0000] {processor.py:914} INFO - Processing file /home/komal/data-engineering-projects/airflow-spark-pipeline/airflow_venv/lib/python3.11/site-packages/airflow/example_dags/example_nested_branch_dag.py for tasks to queue
[2026-03-18T08:06:09.953+0000] {logging_mixin.py:190} INFO - [2026-03-18T08:06:09.953+0000] {dagbag.py:588} INFO - Filling up the DagBag from /home/komal/data-engineering-projects/airflow-spark-pipeline/airflow_venv/lib/python3.11/site-packages/airflow/example_dags/example_nested_branch_dag.py
[2026-03-18T08:06:09.970+0000] {processor.py:925} INFO - DAG(s) 'example_nested_branch_dag' retrieved from /home/komal/data-engineering-projects/airflow-spark-pipeline/airflow_venv/lib/python3.11/site-packages/airflow/example_dags/example_nested_branch_dag.py
[2026-03-18T08:06:10.000+0000] {logging_mixin.py:190} INFO - [2026-03-18T08:06:10.000+0000] {dag.py:3239} INFO - Sync 1 DAGs
[2026-03-18T08:06:10.030+0000] {logging_mixin.py:190} INFO - [2026-03-18T08:06:10.030+0000] {dag.py:4180} INFO - Setting next_dagrun for example_nested_branch_dag to 2026-03-17 00:00:00+00:00, run_after=2026-03-18 00:00:00+00:00
[2026-03-18T08:06:10.072+0000] {processor.py:208} INFO - Processing /home/komal/data-engineering-projects/airflow-spark-pipeline/airflow_venv/lib/python3.11/site-packages/airflow/example_dags/example_nested_branch_dag.py took 0.133 seconds
[2026-03-18T08:07:23.289+0000] {processor.py:186} INFO - Started process (PID=35078) to work on /home/komal/data-engineering-projects/airflow-spark-pipeline/airflow_venv/lib/python3.11/site-packages/airflow/example_dags/example_nested_branch_dag.py
[2026-03-18T08:07:23.322+0000] {processor.py:914} INFO - Processing file /home/komal/data-engineering-projects/airflow-spark-pipeline/airflow_venv/lib/python3.11/site-packages/airflow/example_dags/example_nested_branch_dag.py for tasks to queue
[2026-03-18T08:07:23.325+0000] {logging_mixin.py:190} INFO - [2026-03-18T08:07:23.325+0000] {dagbag.py:588} INFO - Filling up the DagBag from /home/komal/data-engineering-projects/airflow-spark-pipeline/airflow_venv/lib/python3.11/site-packages/airflow/example_dags/example_nested_branch_dag.py
[2026-03-18T08:07:23.342+0000] {processor.py:925} INFO - DAG(s) 'example_nested_branch_dag' retrieved from /home/komal/data-engineering-projects/airflow-spark-pipeline/airflow_venv/lib/python3.11/site-packages/airflow/example_dags/example_nested_branch_dag.py
[2026-03-18T08:07:23.367+0000] {logging_mixin.py:190} INFO - [2026-03-18T08:07:23.367+0000] {dag.py:3239} INFO - Sync 1 DAGs
[2026-03-18T08:07:23.533+0000] {logging_mixin.py:190} INFO - [2026-03-18T08:07:23.533+0000] {dag.py:4180} INFO - Setting next_dagrun for example_nested_branch_dag to 2026-03-17 00:00:00+00:00, run_after=2026-03-18 00:00:00+00:00
[2026-03-18T08:07:23.601+0000] {processor.py:208} INFO - Processing /home/komal/data-engineering-projects/airflow-spark-pipeline/airflow_venv/lib/python3.11/site-packages/airflow/example_dags/example_nested_branch_dag.py took 0.320 seconds
[2026-03-18T08:08:37.074+0000] {processor.py:186} INFO - Started process (PID=35149) to work on /home/komal/data-engineering-projects/airflow-spark-pipeline/airflow_venv/lib/python3.11/site-packages/airflow/example_dags/example_nested_branch_dag.py
[2026-03-18T08:08:37.107+0000] {processor.py:914} INFO - Processing file /home/komal/data-engineering-projects/airflow-spark-pipeline/airflow_venv/lib/python3.11/site-packages/airflow/example_dags/example_nested_branch_dag.py for tasks to queue
[2026-03-18T08:08:37.111+0000] {logging_mixin.py:190} INFO - [2026-03-18T08:08:37.110+0000] {dagbag.py:588} INFO - Filling up the DagBag from /home/komal/data-engineering-projects/airflow-spark-pipeline/airflow_venv/lib/python3.11/site-packages/airflow/example_dags/example_nested_branch_dag.py
[2026-03-18T08:08:37.131+0000] {processor.py:925} INFO - DAG(s) 'example_nested_branch_dag' retrieved from /home/komal/data-engineering-projects/airflow-spark-pipeline/airflow_venv/lib/python3.11/site-packages/airflow/example_dags/example_nested_branch_dag.py
[2026-03-18T08:08:37.156+0000] {logging_mixin.py:190} INFO - [2026-03-18T08:08:37.155+0000] {dag.py:3239} INFO - Sync 1 DAGs
[2026-03-18T08:08:37.182+0000] {logging_mixin.py:190} INFO - [2026-03-18T08:08:37.182+0000] {dag.py:4180} INFO - Setting next_dagrun for example_nested_branch_dag to 2026-03-17 00:00:00+00:00, run_after=2026-03-18 00:00:00+00:00
[2026-03-18T08:08:37.252+0000] {processor.py:208} INFO - Processing /home/komal/data-engineering-projects/airflow-spark-pipeline/airflow_venv/lib/python3.11/site-packages/airflow/example_dags/example_nested_branch_dag.py took 0.189 seconds
[2026-03-18T08:09:49.826+0000] {processor.py:186} INFO - Started process (PID=35216) to work on /home/komal/data-engineering-projects/airflow-spark-pipeline/airflow_venv/lib/python3.11/site-packages/airflow/example_dags/example_nested_branch_dag.py
[2026-03-18T08:09:49.861+0000] {processor.py:914} INFO - Processing file /home/komal/data-engineering-projects/airflow-spark-pipeline/airflow_venv/lib/python3.11/site-packages/airflow/example_dags/example_nested_branch_dag.py for tasks to queue
[2026-03-18T08:09:49.864+0000] {logging_mixin.py:190} INFO - [2026-03-18T08:09:49.863+0000] {dagbag.py:588} INFO - Filling up the DagBag from /home/komal/data-engineering-projects/airflow-spark-pipeline/airflow_venv/lib/python3.11/site-packages/airflow/example_dags/example_nested_branch_dag.py
[2026-03-18T08:09:49.880+0000] {processor.py:925} INFO - DAG(s) 'example_nested_branch_dag' retrieved from /home/komal/data-engineering-projects/airflow-spark-pipeline/airflow_venv/lib/python3.11/site-packages/airflow/example_dags/example_nested_branch_dag.py
[2026-03-18T08:09:49.904+0000] {logging_mixin.py:190} INFO - [2026-03-18T08:09:49.903+0000] {dag.py:3239} INFO - Sync 1 DAGs
[2026-03-18T08:09:49.936+0000] {logging_mixin.py:190} INFO - [2026-03-18T08:09:49.936+0000] {dag.py:4180} INFO - Setting next_dagrun for example_nested_branch_dag to 2026-03-17 00:00:00+00:00, run_after=2026-03-18 00:00:00+00:00
[2026-03-18T08:09:49.971+0000] {processor.py:208} INFO - Processing /home/komal/data-engineering-projects/airflow-spark-pipeline/airflow_venv/lib/python3.11/site-packages/airflow/example_dags/example_nested_branch_dag.py took 0.152 seconds
[2026-03-18T08:11:04.523+0000] {processor.py:186} INFO - Started process (PID=35284) to work on /home/komal/data-engineering-projects/airflow-spark-pipeline/airflow_venv/lib/python3.11/site-packages/airflow/example_dags/example_nested_branch_dag.py
[2026-03-18T08:11:04.526+0000] {processor.py:914} INFO - Processing file /home/komal/data-engineering-projects/airflow-spark-pipeline/airflow_venv/lib/python3.11/site-packages/airflow/example_dags/example_nested_branch_dag.py for tasks to queue
[2026-03-18T08:11:04.529+0000] {logging_mixin.py:190} INFO - [2026-03-18T08:11:04.529+0000] {dagbag.py:588} INFO - Filling up the DagBag from /home/komal/data-engineering-projects/airflow-spark-pipeline/airflow_venv/lib/python3.11/site-packages/airflow/example_dags/example_nested_branch_dag.py
[2026-03-18T08:11:04.545+0000] {processor.py:925} INFO - DAG(s) 'example_nested_branch_dag' retrieved from /home/komal/data-engineering-projects/airflow-spark-pipeline/airflow_venv/lib/python3.11/site-packages/airflow/example_dags/example_nested_branch_dag.py
[2026-03-18T08:11:04.571+0000] {logging_mixin.py:190} INFO - [2026-03-18T08:11:04.571+0000] {dag.py:3239} INFO - Sync 1 DAGs
[2026-03-18T08:11:04.603+0000] {logging_mixin.py:190} INFO - [2026-03-18T08:11:04.603+0000] {dag.py:4180} INFO - Setting next_dagrun for example_nested_branch_dag to 2026-03-17 00:00:00+00:00, run_after=2026-03-18 00:00:00+00:00
[2026-03-18T08:11:04.645+0000] {processor.py:208} INFO - Processing /home/komal/data-engineering-projects/airflow-spark-pipeline/airflow_venv/lib/python3.11/site-packages/airflow/example_dags/example_nested_branch_dag.py took 0.128 seconds
[2026-03-18T08:12:18.010+0000] {processor.py:186} INFO - Started process (PID=35363) to work on /home/komal/data-engineering-projects/airflow-spark-pipeline/airflow_venv/lib/python3.11/site-packages/airflow/example_dags/example_nested_branch_dag.py
[2026-03-18T08:12:18.014+0000] {processor.py:914} INFO - Processing file /home/komal/data-engineering-projects/airflow-spark-pipeline/airflow_venv/lib/python3.11/site-packages/airflow/example_dags/example_nested_branch_dag.py for tasks to queue
[2026-03-18T08:12:18.017+0000] {logging_mixin.py:190} INFO - [2026-03-18T08:12:18.016+0000] {dagbag.py:588} INFO - Filling up the DagBag from /home/komal/data-engineering-projects/airflow-spark-pipeline/airflow_venv/lib/python3.11/site-packages/airflow/example_dags/example_nested_branch_dag.py
[2026-03-18T08:12:18.035+0000] {processor.py:925} INFO - DAG(s) 'example_nested_branch_dag' retrieved from /home/komal/data-engineering-projects/airflow-spark-pipeline/airflow_venv/lib/python3.11/site-packages/airflow/example_dags/example_nested_branch_dag.py
[2026-03-18T08:12:18.068+0000] {logging_mixin.py:190} INFO - [2026-03-18T08:12:18.067+0000] {dag.py:3239} INFO - Sync 1 DAGs
[2026-03-18T08:12:18.099+0000] {logging_mixin.py:190} INFO - [2026-03-18T08:12:18.098+0000] {dag.py:4180} INFO - Setting next_dagrun for example_nested_branch_dag to 2026-03-17 00:00:00+00:00, run_after=2026-03-18 00:00:00+00:00
[2026-03-18T08:12:18.130+0000] {processor.py:208} INFO - Processing /home/komal/data-engineering-projects/airflow-spark-pipeline/airflow_venv/lib/python3.11/site-packages/airflow/example_dags/example_nested_branch_dag.py took 0.133 seconds
[2026-03-18T08:15:23.807+0000] {processor.py:186} INFO - Started process (PID=35779) to work on /home/komal/data-engineering-projects/airflow-spark-pipeline/airflow_venv/lib/python3.11/site-packages/airflow/example_dags/example_nested_branch_dag.py
[2026-03-18T08:15:23.838+0000] {processor.py:914} INFO - Processing file /home/komal/data-engineering-projects/airflow-spark-pipeline/airflow_venv/lib/python3.11/site-packages/airflow/example_dags/example_nested_branch_dag.py for tasks to queue
[2026-03-18T08:15:23.841+0000] {logging_mixin.py:190} INFO - [2026-03-18T08:15:23.840+0000] {dagbag.py:588} INFO - Filling up the DagBag from /home/komal/data-engineering-projects/airflow-spark-pipeline/airflow_venv/lib/python3.11/site-packages/airflow/example_dags/example_nested_branch_dag.py
[2026-03-18T08:15:23.854+0000] {processor.py:925} INFO - DAG(s) 'example_nested_branch_dag' retrieved from /home/komal/data-engineering-projects/airflow-spark-pipeline/airflow_venv/lib/python3.11/site-packages/airflow/example_dags/example_nested_branch_dag.py
[2026-03-18T08:15:23.872+0000] {logging_mixin.py:190} INFO - [2026-03-18T08:15:23.872+0000] {dag.py:3239} INFO - Sync 1 DAGs
[2026-03-18T08:15:23.902+0000] {logging_mixin.py:190} INFO - [2026-03-18T08:15:23.902+0000] {dag.py:4180} INFO - Setting next_dagrun for example_nested_branch_dag to 2026-03-17 00:00:00+00:00, run_after=2026-03-18 00:00:00+00:00
[2026-03-18T08:15:23.939+0000] {processor.py:208} INFO - Processing /home/komal/data-engineering-projects/airflow-spark-pipeline/airflow_venv/lib/python3.11/site-packages/airflow/example_dags/example_nested_branch_dag.py took 0.141 seconds
[2026-03-18T08:16:35.689+0000] {processor.py:186} INFO - Started process (PID=35846) to work on /home/komal/data-engineering-projects/airflow-spark-pipeline/airflow_venv/lib/python3.11/site-packages/airflow/example_dags/example_nested_branch_dag.py
[2026-03-18T08:16:35.723+0000] {processor.py:914} INFO - Processing file /home/komal/data-engineering-projects/airflow-spark-pipeline/airflow_venv/lib/python3.11/site-packages/airflow/example_dags/example_nested_branch_dag.py for tasks to queue
[2026-03-18T08:16:35.727+0000] {logging_mixin.py:190} INFO - [2026-03-18T08:16:35.726+0000] {dagbag.py:588} INFO - Filling up the DagBag from /home/komal/data-engineering-projects/airflow-spark-pipeline/airflow_venv/lib/python3.11/site-packages/airflow/example_dags/example_nested_branch_dag.py
[2026-03-18T08:16:35.743+0000] {processor.py:925} INFO - DAG(s) 'example_nested_branch_dag' retrieved from /home/komal/data-engineering-projects/airflow-spark-pipeline/airflow_venv/lib/python3.11/site-packages/airflow/example_dags/example_nested_branch_dag.py
[2026-03-18T08:16:35.769+0000] {logging_mixin.py:190} INFO - [2026-03-18T08:16:35.768+0000] {dag.py:3239} INFO - Sync 1 DAGs
[2026-03-18T08:16:35.803+0000] {logging_mixin.py:190} INFO - [2026-03-18T08:16:35.802+0000] {dag.py:4180} INFO - Setting next_dagrun for example_nested_branch_dag to 2026-03-17 00:00:00+00:00, run_after=2026-03-18 00:00:00+00:00
[2026-03-18T08:16:35.888+0000] {processor.py:208} INFO - Processing /home/komal/data-engineering-projects/airflow-spark-pipeline/airflow_venv/lib/python3.11/site-packages/airflow/example_dags/example_nested_branch_dag.py took 0.207 seconds
[2026-03-18T08:17:51.909+0000] {processor.py:186} INFO - Started process (PID=35919) to work on /home/komal/data-engineering-projects/airflow-spark-pipeline/airflow_venv/lib/python3.11/site-packages/airflow/example_dags/example_nested_branch_dag.py
[2026-03-18T08:17:51.942+0000] {processor.py:914} INFO - Processing file /home/komal/data-engineering-projects/airflow-spark-pipeline/airflow_venv/lib/python3.11/site-packages/airflow/example_dags/example_nested_branch_dag.py for tasks to queue
[2026-03-18T08:17:51.946+0000] {logging_mixin.py:190} INFO - [2026-03-18T08:17:51.945+0000] {dagbag.py:588} INFO - Filling up the DagBag from /home/komal/data-engineering-projects/airflow-spark-pipeline/airflow_venv/lib/python3.11/site-packages/airflow/example_dags/example_nested_branch_dag.py
[2026-03-18T08:17:51.964+0000] {processor.py:925} INFO - DAG(s) 'example_nested_branch_dag' retrieved from /home/komal/data-engineering-projects/airflow-spark-pipeline/airflow_venv/lib/python3.11/site-packages/airflow/example_dags/example_nested_branch_dag.py
[2026-03-18T08:17:51.992+0000] {logging_mixin.py:190} INFO - [2026-03-18T08:17:51.992+0000] {dag.py:3239} INFO - Sync 1 DAGs
[2026-03-18T08:17:52.030+0000] {logging_mixin.py:190} INFO - [2026-03-18T08:17:52.030+0000] {dag.py:4180} INFO - Setting next_dagrun for example_nested_branch_dag to 2026-03-17 00:00:00+00:00, run_after=2026-03-18 00:00:00+00:00
[2026-03-18T08:17:52.073+0000] {processor.py:208} INFO - Processing /home/komal/data-engineering-projects/airflow-spark-pipeline/airflow_venv/lib/python3.11/site-packages/airflow/example_dags/example_nested_branch_dag.py took 0.170 seconds
[2026-03-18T08:19:02.273+0000] {processor.py:186} INFO - Started process (PID=35995) to work on /home/komal/data-engineering-projects/airflow-spark-pipeline/airflow_venv/lib/python3.11/site-packages/airflow/example_dags/example_nested_branch_dag.py
[2026-03-18T08:19:02.274+0000] {processor.py:914} INFO - Processing file /home/komal/data-engineering-projects/airflow-spark-pipeline/airflow_venv/lib/python3.11/site-packages/airflow/example_dags/example_nested_branch_dag.py for tasks to queue
[2026-03-18T08:19:02.277+0000] {logging_mixin.py:190} INFO - [2026-03-18T08:19:02.277+0000] {dagbag.py:588} INFO - Filling up the DagBag from /home/komal/data-engineering-projects/airflow-spark-pipeline/airflow_venv/lib/python3.11/site-packages/airflow/example_dags/example_nested_branch_dag.py
[2026-03-18T08:19:02.287+0000] {processor.py:925} INFO - DAG(s) 'example_nested_branch_dag' retrieved from /home/komal/data-engineering-projects/airflow-spark-pipeline/airflow_venv/lib/python3.11/site-packages/airflow/example_dags/example_nested_branch_dag.py
[2026-03-18T08:19:02.299+0000] {logging_mixin.py:190} INFO - [2026-03-18T08:19:02.299+0000] {dag.py:3239} INFO - Sync 1 DAGs
[2026-03-18T08:19:02.314+0000] {logging_mixin.py:190} INFO - [2026-03-18T08:19:02.314+0000] {dag.py:4180} INFO - Setting next_dagrun for example_nested_branch_dag to 2026-03-17 00:00:00+00:00, run_after=2026-03-18 00:00:00+00:00
[2026-03-18T08:19:02.434+0000] {processor.py:208} INFO - Processing /home/komal/data-engineering-projects/airflow-spark-pipeline/airflow_venv/lib/python3.11/site-packages/airflow/example_dags/example_nested_branch_dag.py took 0.165 seconds
[2026-03-18T08:20:08.946+0000] {processor.py:186} INFO - Started process (PID=36062) to work on /home/komal/data-engineering-projects/airflow-spark-pipeline/airflow_venv/lib/python3.11/site-packages/airflow/example_dags/example_nested_branch_dag.py
[2026-03-18T08:20:08.952+0000] {processor.py:914} INFO - Processing file /home/komal/data-engineering-projects/airflow-spark-pipeline/airflow_venv/lib/python3.11/site-packages/airflow/example_dags/example_nested_branch_dag.py for tasks to queue
[2026-03-18T08:20:08.954+0000] {logging_mixin.py:190} INFO - [2026-03-18T08:20:08.953+0000] {dagbag.py:588} INFO - Filling up the DagBag from /home/komal/data-engineering-projects/airflow-spark-pipeline/airflow_venv/lib/python3.11/site-packages/airflow/example_dags/example_nested_branch_dag.py
[2026-03-18T08:20:08.962+0000] {processor.py:925} INFO - DAG(s) 'example_nested_branch_dag' retrieved from /home/komal/data-engineering-projects/airflow-spark-pipeline/airflow_venv/lib/python3.11/site-packages/airflow/example_dags/example_nested_branch_dag.py
[2026-03-18T08:20:08.972+0000] {logging_mixin.py:190} INFO - [2026-03-18T08:20:08.972+0000] {dag.py:3239} INFO - Sync 1 DAGs
[2026-03-18T08:20:08.987+0000] {logging_mixin.py:190} INFO - [2026-03-18T08:20:08.987+0000] {dag.py:4180} INFO - Setting next_dagrun for example_nested_branch_dag to 2026-03-17 00:00:00+00:00, run_after=2026-03-18 00:00:00+00:00
[2026-03-18T08:20:09.011+0000] {processor.py:208} INFO - Processing /home/komal/data-engineering-projects/airflow-spark-pipeline/airflow_venv/lib/python3.11/site-packages/airflow/example_dags/example_nested_branch_dag.py took 0.069 seconds
[2026-03-18T13:41:39.552+0000] {processor.py:186} INFO - Started process (PID=36158) to work on /home/komal/data-engineering-projects/airflow-spark-pipeline/airflow_venv/lib/python3.11/site-packages/airflow/example_dags/example_nested_branch_dag.py
[2026-03-18T13:41:39.555+0000] {processor.py:914} INFO - Processing file /home/komal/data-engineering-projects/airflow-spark-pipeline/airflow_venv/lib/python3.11/site-packages/airflow/example_dags/example_nested_branch_dag.py for tasks to queue
[2026-03-18T13:41:39.559+0000] {logging_mixin.py:190} INFO - [2026-03-18T13:41:39.558+0000] {dagbag.py:588} INFO - Filling up the DagBag from /home/komal/data-engineering-projects/airflow-spark-pipeline/airflow_venv/lib/python3.11/site-packages/airflow/example_dags/example_nested_branch_dag.py
[2026-03-18T13:41:39.575+0000] {processor.py:925} INFO - DAG(s) 'example_nested_branch_dag' retrieved from /home/komal/data-engineering-projects/airflow-spark-pipeline/airflow_venv/lib/python3.11/site-packages/airflow/example_dags/example_nested_branch_dag.py
[2026-03-18T13:41:39.588+0000] {logging_mixin.py:190} INFO - [2026-03-18T13:41:39.588+0000] {dag.py:3239} INFO - Sync 1 DAGs
[2026-03-18T13:41:39.604+0000] {logging_mixin.py:190} INFO - [2026-03-18T13:41:39.604+0000] {dag.py:4180} INFO - Setting next_dagrun for example_nested_branch_dag to 2026-03-17 00:00:00+00:00, run_after=2026-03-18 00:00:00+00:00
[2026-03-18T13:41:39.629+0000] {processor.py:208} INFO - Processing /home/komal/data-engineering-projects/airflow-spark-pipeline/airflow_venv/lib/python3.11/site-packages/airflow/example_dags/example_nested_branch_dag.py took 0.086 seconds
[2026-03-18T13:42:43.051+0000] {processor.py:186} INFO - Started process (PID=36258) to work on /home/komal/data-engineering-projects/airflow-spark-pipeline/airflow_venv/lib/python3.11/site-packages/airflow/example_dags/example_nested_branch_dag.py
[2026-03-18T13:42:43.053+0000] {processor.py:914} INFO - Processing file /home/komal/data-engineering-projects/airflow-spark-pipeline/airflow_venv/lib/python3.11/site-packages/airflow/example_dags/example_nested_branch_dag.py for tasks to queue
[2026-03-18T13:42:43.054+0000] {logging_mixin.py:190} INFO - [2026-03-18T13:42:43.054+0000] {dagbag.py:588} INFO - Filling up the DagBag from /home/komal/data-engineering-projects/airflow-spark-pipeline/airflow_venv/lib/python3.11/site-packages/airflow/example_dags/example_nested_branch_dag.py
[2026-03-18T13:42:43.063+0000] {processor.py:925} INFO - DAG(s) 'example_nested_branch_dag' retrieved from /home/komal/data-engineering-projects/airflow-spark-pipeline/airflow_venv/lib/python3.11/site-packages/airflow/example_dags/example_nested_branch_dag.py
[2026-03-18T13:42:43.075+0000] {logging_mixin.py:190} INFO - [2026-03-18T13:42:43.075+0000] {dag.py:3239} INFO - Sync 1 DAGs
[2026-03-18T13:42:43.091+0000] {logging_mixin.py:190} INFO - [2026-03-18T13:42:43.091+0000] {dag.py:4180} INFO - Setting next_dagrun for example_nested_branch_dag to 2026-03-17 00:00:00+00:00, run_after=2026-03-18 00:00:00+00:00
[2026-03-18T13:42:43.114+0000] {processor.py:208} INFO - Processing /home/komal/data-engineering-projects/airflow-spark-pipeline/airflow_venv/lib/python3.11/site-packages/airflow/example_dags/example_nested_branch_dag.py took 0.068 seconds
[2026-03-18T13:43:49.685+0000] {processor.py:186} INFO - Started process (PID=36322) to work on /home/komal/data-engineering-projects/airflow-spark-pipeline/airflow_venv/lib/python3.11/site-packages/airflow/example_dags/example_nested_branch_dag.py
[2026-03-18T13:43:49.716+0000] {processor.py:914} INFO - Processing file /home/komal/data-engineering-projects/airflow-spark-pipeline/airflow_venv/lib/python3.11/site-packages/airflow/example_dags/example_nested_branch_dag.py for tasks to queue
[2026-03-18T13:43:49.718+0000] {logging_mixin.py:190} INFO - [2026-03-18T13:43:49.718+0000] {dagbag.py:588} INFO - Filling up the DagBag from /home/komal/data-engineering-projects/airflow-spark-pipeline/airflow_venv/lib/python3.11/site-packages/airflow/example_dags/example_nested_branch_dag.py
[2026-03-18T13:43:49.727+0000] {processor.py:925} INFO - DAG(s) 'example_nested_branch_dag' retrieved from /home/komal/data-engineering-projects/airflow-spark-pipeline/airflow_venv/lib/python3.11/site-packages/airflow/example_dags/example_nested_branch_dag.py
[2026-03-18T13:43:49.741+0000] {logging_mixin.py:190} INFO - [2026-03-18T13:43:49.741+0000] {dag.py:3239} INFO - Sync 1 DAGs
[2026-03-18T13:43:49.757+0000] {logging_mixin.py:190} INFO - [2026-03-18T13:43:49.757+0000] {dag.py:4180} INFO - Setting next_dagrun for example_nested_branch_dag to 2026-03-17 00:00:00+00:00, run_after=2026-03-18 00:00:00+00:00
[2026-03-18T13:43:49.786+0000] {processor.py:208} INFO - Processing /home/komal/data-engineering-projects/airflow-spark-pipeline/airflow_venv/lib/python3.11/site-packages/airflow/example_dags/example_nested_branch_dag.py took 0.110 seconds
[2026-03-18T13:44:56.148+0000] {processor.py:186} INFO - Started process (PID=36385) to work on /home/komal/data-engineering-projects/airflow-spark-pipeline/airflow_venv/lib/python3.11/site-packages/airflow/example_dags/example_nested_branch_dag.py
[2026-03-18T13:44:56.150+0000] {processor.py:914} INFO - Processing file /home/komal/data-engineering-projects/airflow-spark-pipeline/airflow_venv/lib/python3.11/site-packages/airflow/example_dags/example_nested_branch_dag.py for tasks to queue
[2026-03-18T13:44:56.152+0000] {logging_mixin.py:190} INFO - [2026-03-18T13:44:56.152+0000] {dagbag.py:588} INFO - Filling up the DagBag from /home/komal/data-engineering-projects/airflow-spark-pipeline/airflow_venv/lib/python3.11/site-packages/airflow/example_dags/example_nested_branch_dag.py
[2026-03-18T13:44:56.167+0000] {processor.py:925} INFO - DAG(s) 'example_nested_branch_dag' retrieved from /home/komal/data-engineering-projects/airflow-spark-pipeline/airflow_venv/lib/python3.11/site-packages/airflow/example_dags/example_nested_branch_dag.py
[2026-03-18T13:44:56.185+0000] {logging_mixin.py:190} INFO - [2026-03-18T13:44:56.185+0000] {dag.py:3239} INFO - Sync 1 DAGs
[2026-03-18T13:44:56.205+0000] {logging_mixin.py:190} INFO - [2026-03-18T13:44:56.205+0000] {dag.py:4180} INFO - Setting next_dagrun for example_nested_branch_dag to 2026-03-17 00:00:00+00:00, run_after=2026-03-18 00:00:00+00:00
[2026-03-18T13:44:56.232+0000] {processor.py:208} INFO - Processing /home/komal/data-engineering-projects/airflow-spark-pipeline/airflow_venv/lib/python3.11/site-packages/airflow/example_dags/example_nested_branch_dag.py took 0.094 seconds
[2026-03-18T13:46:08.283+0000] {processor.py:186} INFO - Started process (PID=36455) to work on /home/komal/data-engineering-projects/airflow-spark-pipeline/airflow_venv/lib/python3.11/site-packages/airflow/example_dags/example_nested_branch_dag.py
[2026-03-18T13:46:08.313+0000] {processor.py:914} INFO - Processing file /home/komal/data-engineering-projects/airflow-spark-pipeline/airflow_venv/lib/python3.11/site-packages/airflow/example_dags/example_nested_branch_dag.py for tasks to queue
[2026-03-18T13:46:08.317+0000] {logging_mixin.py:190} INFO - [2026-03-18T13:46:08.316+0000] {dagbag.py:588} INFO - Filling up the DagBag from /home/komal/data-engineering-projects/airflow-spark-pipeline/airflow_venv/lib/python3.11/site-packages/airflow/example_dags/example_nested_branch_dag.py
[2026-03-18T13:46:08.331+0000] {processor.py:925} INFO - DAG(s) 'example_nested_branch_dag' retrieved from /home/komal/data-engineering-projects/airflow-spark-pipeline/airflow_venv/lib/python3.11/site-packages/airflow/example_dags/example_nested_branch_dag.py
[2026-03-18T13:46:08.342+0000] {logging_mixin.py:190} INFO - [2026-03-18T13:46:08.342+0000] {dag.py:3239} INFO - Sync 1 DAGs
[2026-03-18T13:46:08.354+0000] {logging_mixin.py:190} INFO - [2026-03-18T13:46:08.354+0000] {dag.py:4180} INFO - Setting next_dagrun for example_nested_branch_dag to 2026-03-17 00:00:00+00:00, run_after=2026-03-18 00:00:00+00:00
[2026-03-18T13:46:08.372+0000] {processor.py:208} INFO - Processing /home/komal/data-engineering-projects/airflow-spark-pipeline/airflow_venv/lib/python3.11/site-packages/airflow/example_dags/example_nested_branch_dag.py took 0.096 seconds
[2026-03-18T13:47:10.049+0000] {processor.py:186} INFO - Started process (PID=36517) to work on /home/komal/data-engineering-projects/airflow-spark-pipeline/airflow_venv/lib/python3.11/site-packages/airflow/example_dags/example_nested_branch_dag.py
[2026-03-18T13:47:10.051+0000] {processor.py:914} INFO - Processing file /home/komal/data-engineering-projects/airflow-spark-pipeline/airflow_venv/lib/python3.11/site-packages/airflow/example_dags/example_nested_branch_dag.py for tasks to queue
[2026-03-18T13:47:10.054+0000] {logging_mixin.py:190} INFO - [2026-03-18T13:47:10.053+0000] {dagbag.py:588} INFO - Filling up the DagBag from /home/komal/data-engineering-projects/airflow-spark-pipeline/airflow_venv/lib/python3.11/site-packages/airflow/example_dags/example_nested_branch_dag.py
[2026-03-18T13:47:10.071+0000] {processor.py:925} INFO - DAG(s) 'example_nested_branch_dag' retrieved from /home/komal/data-engineering-projects/airflow-spark-pipeline/airflow_venv/lib/python3.11/site-packages/airflow/example_dags/example_nested_branch_dag.py
[2026-03-18T13:47:10.088+0000] {logging_mixin.py:190} INFO - [2026-03-18T13:47:10.087+0000] {dag.py:3239} INFO - Sync 1 DAGs
[2026-03-18T13:47:10.106+0000] {logging_mixin.py:190} INFO - [2026-03-18T13:47:10.106+0000] {dag.py:4180} INFO - Setting next_dagrun for example_nested_branch_dag to 2026-03-17 00:00:00+00:00, run_after=2026-03-18 00:00:00+00:00
[2026-03-18T13:47:10.135+0000] {processor.py:208} INFO - Processing /home/komal/data-engineering-projects/airflow-spark-pipeline/airflow_venv/lib/python3.11/site-packages/airflow/example_dags/example_nested_branch_dag.py took 0.094 seconds
[2026-03-18T13:48:17.293+0000] {processor.py:186} INFO - Started process (PID=36579) to work on /home/komal/data-engineering-projects/airflow-spark-pipeline/airflow_venv/lib/python3.11/site-packages/airflow/example_dags/example_nested_branch_dag.py
[2026-03-18T13:48:17.324+0000] {processor.py:914} INFO - Processing file /home/komal/data-engineering-projects/airflow-spark-pipeline/airflow_venv/lib/python3.11/site-packages/airflow/example_dags/example_nested_branch_dag.py for tasks to queue
[2026-03-18T13:48:17.328+0000] {logging_mixin.py:190} INFO - [2026-03-18T13:48:17.328+0000] {dagbag.py:588} INFO - Filling up the DagBag from /home/komal/data-engineering-projects/airflow-spark-pipeline/airflow_venv/lib/python3.11/site-packages/airflow/example_dags/example_nested_branch_dag.py
[2026-03-18T13:48:17.343+0000] {processor.py:925} INFO - DAG(s) 'example_nested_branch_dag' retrieved from /home/komal/data-engineering-projects/airflow-spark-pipeline/airflow_venv/lib/python3.11/site-packages/airflow/example_dags/example_nested_branch_dag.py
[2026-03-18T13:48:17.360+0000] {logging_mixin.py:190} INFO - [2026-03-18T13:48:17.360+0000] {dag.py:3239} INFO - Sync 1 DAGs
[2026-03-18T13:48:17.381+0000] {logging_mixin.py:190} INFO - [2026-03-18T13:48:17.381+0000] {dag.py:4180} INFO - Setting next_dagrun for example_nested_branch_dag to 2026-03-17 00:00:00+00:00, run_after=2026-03-18 00:00:00+00:00
[2026-03-18T13:48:17.419+0000] {processor.py:208} INFO - Processing /home/komal/data-engineering-projects/airflow-spark-pipeline/airflow_venv/lib/python3.11/site-packages/airflow/example_dags/example_nested_branch_dag.py took 0.131 seconds
[2026-03-18T13:49:21.652+0000] {processor.py:186} INFO - Started process (PID=36641) to work on /home/komal/data-engineering-projects/airflow-spark-pipeline/airflow_venv/lib/python3.11/site-packages/airflow/example_dags/example_nested_branch_dag.py
[2026-03-18T13:49:21.684+0000] {processor.py:914} INFO - Processing file /home/komal/data-engineering-projects/airflow-spark-pipeline/airflow_venv/lib/python3.11/site-packages/airflow/example_dags/example_nested_branch_dag.py for tasks to queue
[2026-03-18T13:49:21.687+0000] {logging_mixin.py:190} INFO - [2026-03-18T13:49:21.686+0000] {dagbag.py:588} INFO - Filling up the DagBag from /home/komal/data-engineering-projects/airflow-spark-pipeline/airflow_venv/lib/python3.11/site-packages/airflow/example_dags/example_nested_branch_dag.py
[2026-03-18T13:49:21.697+0000] {processor.py:925} INFO - DAG(s) 'example_nested_branch_dag' retrieved from /home/komal/data-engineering-projects/airflow-spark-pipeline/airflow_venv/lib/python3.11/site-packages/airflow/example_dags/example_nested_branch_dag.py
[2026-03-18T13:49:21.711+0000] {logging_mixin.py:190} INFO - [2026-03-18T13:49:21.710+0000] {dag.py:3239} INFO - Sync 1 DAGs
[2026-03-18T13:49:21.724+0000] {logging_mixin.py:190} INFO - [2026-03-18T13:49:21.724+0000] {dag.py:4180} INFO - Setting next_dagrun for example_nested_branch_dag to 2026-03-17 00:00:00+00:00, run_after=2026-03-18 00:00:00+00:00
[2026-03-18T13:49:21.745+0000] {processor.py:208} INFO - Processing /home/komal/data-engineering-projects/airflow-spark-pipeline/airflow_venv/lib/python3.11/site-packages/airflow/example_dags/example_nested_branch_dag.py took 0.100 seconds
[2026-03-18T13:50:25.985+0000] {processor.py:186} INFO - Started process (PID=36704) to work on /home/komal/data-engineering-projects/airflow-spark-pipeline/airflow_venv/lib/python3.11/site-packages/airflow/example_dags/example_nested_branch_dag.py
[2026-03-18T13:50:25.988+0000] {processor.py:914} INFO - Processing file /home/komal/data-engineering-projects/airflow-spark-pipeline/airflow_venv/lib/python3.11/site-packages/airflow/example_dags/example_nested_branch_dag.py for tasks to queue
[2026-03-18T13:50:25.989+0000] {logging_mixin.py:190} INFO - [2026-03-18T13:50:25.989+0000] {dagbag.py:588} INFO - Filling up the DagBag from /home/komal/data-engineering-projects/airflow-spark-pipeline/airflow_venv/lib/python3.11/site-packages/airflow/example_dags/example_nested_branch_dag.py
[2026-03-18T13:50:26.004+0000] {processor.py:925} INFO - DAG(s) 'example_nested_branch_dag' retrieved from /home/komal/data-engineering-projects/airflow-spark-pipeline/airflow_venv/lib/python3.11/site-packages/airflow/example_dags/example_nested_branch_dag.py
[2026-03-18T13:50:26.022+0000] {logging_mixin.py:190} INFO - [2026-03-18T13:50:26.022+0000] {dag.py:3239} INFO - Sync 1 DAGs
[2026-03-18T13:50:26.042+0000] {logging_mixin.py:190} INFO - [2026-03-18T13:50:26.041+0000] {dag.py:4180} INFO - Setting next_dagrun for example_nested_branch_dag to 2026-03-17 00:00:00+00:00, run_after=2026-03-18 00:00:00+00:00
[2026-03-18T13:50:26.066+0000] {processor.py:208} INFO - Processing /home/komal/data-engineering-projects/airflow-spark-pipeline/airflow_venv/lib/python3.11/site-packages/airflow/example_dags/example_nested_branch_dag.py took 0.085 seconds
[2026-03-18T13:51:32.134+0000] {processor.py:186} INFO - Started process (PID=36767) to work on /home/komal/data-engineering-projects/airflow-spark-pipeline/airflow_venv/lib/python3.11/site-packages/airflow/example_dags/example_nested_branch_dag.py
[2026-03-18T13:51:32.138+0000] {processor.py:914} INFO - Processing file /home/komal/data-engineering-projects/airflow-spark-pipeline/airflow_venv/lib/python3.11/site-packages/airflow/example_dags/example_nested_branch_dag.py for tasks to queue
[2026-03-18T13:51:32.141+0000] {logging_mixin.py:190} INFO - [2026-03-18T13:51:32.140+0000] {dagbag.py:588} INFO - Filling up the DagBag from /home/komal/data-engineering-projects/airflow-spark-pipeline/airflow_venv/lib/python3.11/site-packages/airflow/example_dags/example_nested_branch_dag.py
[2026-03-18T13:51:32.152+0000] {processor.py:925} INFO - DAG(s) 'example_nested_branch_dag' retrieved from /home/komal/data-engineering-projects/airflow-spark-pipeline/airflow_venv/lib/python3.11/site-packages/airflow/example_dags/example_nested_branch_dag.py
[2026-03-18T13:51:32.163+0000] {logging_mixin.py:190} INFO - [2026-03-18T13:51:32.163+0000] {dag.py:3239} INFO - Sync 1 DAGs
[2026-03-18T13:51:32.176+0000] {logging_mixin.py:190} INFO - [2026-03-18T13:51:32.176+0000] {dag.py:4180} INFO - Setting next_dagrun for example_nested_branch_dag to 2026-03-17 00:00:00+00:00, run_after=2026-03-18 00:00:00+00:00
[2026-03-18T13:51:32.200+0000] {processor.py:208} INFO - Processing /home/komal/data-engineering-projects/airflow-spark-pipeline/airflow_venv/lib/python3.11/site-packages/airflow/example_dags/example_nested_branch_dag.py took 0.077 seconds
[2026-03-18T13:52:38.708+0000] {processor.py:186} INFO - Started process (PID=36833) to work on /home/komal/data-engineering-projects/airflow-spark-pipeline/airflow_venv/lib/python3.11/site-packages/airflow/example_dags/example_nested_branch_dag.py
[2026-03-18T13:52:38.711+0000] {processor.py:914} INFO - Processing file /home/komal/data-engineering-projects/airflow-spark-pipeline/airflow_venv/lib/python3.11/site-packages/airflow/example_dags/example_nested_branch_dag.py for tasks to queue
[2026-03-18T13:52:38.714+0000] {logging_mixin.py:190} INFO - [2026-03-18T13:52:38.714+0000] {dagbag.py:588} INFO - Filling up the DagBag from /home/komal/data-engineering-projects/airflow-spark-pipeline/airflow_venv/lib/python3.11/site-packages/airflow/example_dags/example_nested_branch_dag.py
[2026-03-18T13:52:38.730+0000] {processor.py:925} INFO - DAG(s) 'example_nested_branch_dag' retrieved from /home/komal/data-engineering-projects/airflow-spark-pipeline/airflow_venv/lib/python3.11/site-packages/airflow/example_dags/example_nested_branch_dag.py
[2026-03-18T13:52:38.745+0000] {logging_mixin.py:190} INFO - [2026-03-18T13:52:38.745+0000] {dag.py:3239} INFO - Sync 1 DAGs
[2026-03-18T13:52:38.766+0000] {logging_mixin.py:190} INFO - [2026-03-18T13:52:38.765+0000] {dag.py:4180} INFO - Setting next_dagrun for example_nested_branch_dag to 2026-03-17 00:00:00+00:00, run_after=2026-03-18 00:00:00+00:00
[2026-03-18T13:52:38.794+0000] {processor.py:208} INFO - Processing /home/komal/data-engineering-projects/airflow-spark-pipeline/airflow_venv/lib/python3.11/site-packages/airflow/example_dags/example_nested_branch_dag.py took 0.095 seconds
[2026-03-18T13:53:43.403+0000] {processor.py:186} INFO - Started process (PID=36896) to work on /home/komal/data-engineering-projects/airflow-spark-pipeline/airflow_venv/lib/python3.11/site-packages/airflow/example_dags/example_nested_branch_dag.py
[2026-03-18T13:53:43.436+0000] {processor.py:914} INFO - Processing file /home/komal/data-engineering-projects/airflow-spark-pipeline/airflow_venv/lib/python3.11/site-packages/airflow/example_dags/example_nested_branch_dag.py for tasks to queue
[2026-03-18T13:53:43.441+0000] {logging_mixin.py:190} INFO - [2026-03-18T13:53:43.440+0000] {dagbag.py:588} INFO - Filling up the DagBag from /home/komal/data-engineering-projects/airflow-spark-pipeline/airflow_venv/lib/python3.11/site-packages/airflow/example_dags/example_nested_branch_dag.py
[2026-03-18T13:53:43.463+0000] {processor.py:925} INFO - DAG(s) 'example_nested_branch_dag' retrieved from /home/komal/data-engineering-projects/airflow-spark-pipeline/airflow_venv/lib/python3.11/site-packages/airflow/example_dags/example_nested_branch_dag.py
[2026-03-18T13:53:43.488+0000] {logging_mixin.py:190} INFO - [2026-03-18T13:53:43.488+0000] {dag.py:3239} INFO - Sync 1 DAGs
[2026-03-18T13:53:43.506+0000] {logging_mixin.py:190} INFO - [2026-03-18T13:53:43.506+0000] {dag.py:4180} INFO - Setting next_dagrun for example_nested_branch_dag to 2026-03-17 00:00:00+00:00, run_after=2026-03-18 00:00:00+00:00
[2026-03-18T13:53:43.535+0000] {processor.py:208} INFO - Processing /home/komal/data-engineering-projects/airflow-spark-pipeline/airflow_venv/lib/python3.11/site-packages/airflow/example_dags/example_nested_branch_dag.py took 0.142 seconds
[2026-03-18T13:54:51.326+0000] {processor.py:186} INFO - Started process (PID=36959) to work on /home/komal/data-engineering-projects/airflow-spark-pipeline/airflow_venv/lib/python3.11/site-packages/airflow/example_dags/example_nested_branch_dag.py
[2026-03-18T13:54:51.347+0000] {processor.py:914} INFO - Processing file /home/komal/data-engineering-projects/airflow-spark-pipeline/airflow_venv/lib/python3.11/site-packages/airflow/example_dags/example_nested_branch_dag.py for tasks to queue
[2026-03-18T13:54:51.351+0000] {logging_mixin.py:190} INFO - [2026-03-18T13:54:51.351+0000] {dagbag.py:588} INFO - Filling up the DagBag from /home/komal/data-engineering-projects/airflow-spark-pipeline/airflow_venv/lib/python3.11/site-packages/airflow/example_dags/example_nested_branch_dag.py
[2026-03-18T13:54:51.365+0000] {processor.py:925} INFO - DAG(s) 'example_nested_branch_dag' retrieved from /home/komal/data-engineering-projects/airflow-spark-pipeline/airflow_venv/lib/python3.11/site-packages/airflow/example_dags/example_nested_branch_dag.py
[2026-03-18T13:54:51.376+0000] {logging_mixin.py:190} INFO - [2026-03-18T13:54:51.376+0000] {dag.py:3239} INFO - Sync 1 DAGs
[2026-03-18T13:54:51.388+0000] {logging_mixin.py:190} INFO - [2026-03-18T13:54:51.388+0000] {dag.py:4180} INFO - Setting next_dagrun for example_nested_branch_dag to 2026-03-17 00:00:00+00:00, run_after=2026-03-18 00:00:00+00:00
[2026-03-18T13:54:51.415+0000] {processor.py:208} INFO - Processing /home/komal/data-engineering-projects/airflow-spark-pipeline/airflow_venv/lib/python3.11/site-packages/airflow/example_dags/example_nested_branch_dag.py took 0.098 seconds
[2026-03-18T13:55:56.542+0000] {processor.py:186} INFO - Started process (PID=37024) to work on /home/komal/data-engineering-projects/airflow-spark-pipeline/airflow_venv/lib/python3.11/site-packages/airflow/example_dags/example_nested_branch_dag.py
[2026-03-18T13:55:56.574+0000] {processor.py:914} INFO - Processing file /home/komal/data-engineering-projects/airflow-spark-pipeline/airflow_venv/lib/python3.11/site-packages/airflow/example_dags/example_nested_branch_dag.py for tasks to queue
[2026-03-18T13:55:56.578+0000] {logging_mixin.py:190} INFO - [2026-03-18T13:55:56.577+0000] {dagbag.py:588} INFO - Filling up the DagBag from /home/komal/data-engineering-projects/airflow-spark-pipeline/airflow_venv/lib/python3.11/site-packages/airflow/example_dags/example_nested_branch_dag.py
[2026-03-18T13:55:56.596+0000] {processor.py:925} INFO - DAG(s) 'example_nested_branch_dag' retrieved from /home/komal/data-engineering-projects/airflow-spark-pipeline/airflow_venv/lib/python3.11/site-packages/airflow/example_dags/example_nested_branch_dag.py
[2026-03-18T13:55:56.622+0000] {logging_mixin.py:190} INFO - [2026-03-18T13:55:56.622+0000] {dag.py:3239} INFO - Sync 1 DAGs
[2026-03-18T13:55:56.644+0000] {logging_mixin.py:190} INFO - [2026-03-18T13:55:56.644+0000] {dag.py:4180} INFO - Setting next_dagrun for example_nested_branch_dag to 2026-03-17 00:00:00+00:00, run_after=2026-03-18 00:00:00+00:00
[2026-03-18T13:55:56.718+0000] {processor.py:208} INFO - Processing /home/komal/data-engineering-projects/airflow-spark-pipeline/airflow_venv/lib/python3.11/site-packages/airflow/example_dags/example_nested_branch_dag.py took 0.184 seconds
[2026-03-18T13:57:03.752+0000] {processor.py:186} INFO - Started process (PID=37089) to work on /home/komal/data-engineering-projects/airflow-spark-pipeline/airflow_venv/lib/python3.11/site-packages/airflow/example_dags/example_nested_branch_dag.py
[2026-03-18T13:57:03.784+0000] {processor.py:914} INFO - Processing file /home/komal/data-engineering-projects/airflow-spark-pipeline/airflow_venv/lib/python3.11/site-packages/airflow/example_dags/example_nested_branch_dag.py for tasks to queue
[2026-03-18T13:57:03.786+0000] {logging_mixin.py:190} INFO - [2026-03-18T13:57:03.786+0000] {dagbag.py:588} INFO - Filling up the DagBag from /home/komal/data-engineering-projects/airflow-spark-pipeline/airflow_venv/lib/python3.11/site-packages/airflow/example_dags/example_nested_branch_dag.py
[2026-03-18T13:57:03.801+0000] {processor.py:925} INFO - DAG(s) 'example_nested_branch_dag' retrieved from /home/komal/data-engineering-projects/airflow-spark-pipeline/airflow_venv/lib/python3.11/site-packages/airflow/example_dags/example_nested_branch_dag.py
[2026-03-18T13:57:03.818+0000] {logging_mixin.py:190} INFO - [2026-03-18T13:57:03.818+0000] {dag.py:3239} INFO - Sync 1 DAGs
[2026-03-18T13:57:03.834+0000] {logging_mixin.py:190} INFO - [2026-03-18T13:57:03.834+0000] {dag.py:4180} INFO - Setting next_dagrun for example_nested_branch_dag to 2026-03-17 00:00:00+00:00, run_after=2026-03-18 00:00:00+00:00
[2026-03-18T13:57:03.895+0000] {processor.py:208} INFO - Processing /home/komal/data-engineering-projects/airflow-spark-pipeline/airflow_venv/lib/python3.11/site-packages/airflow/example_dags/example_nested_branch_dag.py took 0.147 seconds
[2026-03-18T13:58:15.321+0000] {processor.py:186} INFO - Started process (PID=37155) to work on /home/komal/data-engineering-projects/airflow-spark-pipeline/airflow_venv/lib/python3.11/site-packages/airflow/example_dags/example_nested_branch_dag.py
[2026-03-18T13:58:15.331+0000] {processor.py:914} INFO - Processing file /home/komal/data-engineering-projects/airflow-spark-pipeline/airflow_venv/lib/python3.11/site-packages/airflow/example_dags/example_nested_branch_dag.py for tasks to queue
[2026-03-18T13:58:15.333+0000] {logging_mixin.py:190} INFO - [2026-03-18T13:58:15.333+0000] {dagbag.py:588} INFO - Filling up the DagBag from /home/komal/data-engineering-projects/airflow-spark-pipeline/airflow_venv/lib/python3.11/site-packages/airflow/example_dags/example_nested_branch_dag.py
[2026-03-18T13:58:15.358+0000] {processor.py:925} INFO - DAG(s) 'example_nested_branch_dag' retrieved from /home/komal/data-engineering-projects/airflow-spark-pipeline/airflow_venv/lib/python3.11/site-packages/airflow/example_dags/example_nested_branch_dag.py
[2026-03-18T13:58:15.369+0000] {logging_mixin.py:190} INFO - [2026-03-18T13:58:15.369+0000] {dag.py:3239} INFO - Sync 1 DAGs
[2026-03-18T13:58:15.393+0000] {logging_mixin.py:190} INFO - [2026-03-18T13:58:15.393+0000] {dag.py:4180} INFO - Setting next_dagrun for example_nested_branch_dag to 2026-03-17 00:00:00+00:00, run_after=2026-03-18 00:00:00+00:00
[2026-03-18T13:58:15.434+0000] {processor.py:208} INFO - Processing /home/komal/data-engineering-projects/airflow-spark-pipeline/airflow_venv/lib/python3.11/site-packages/airflow/example_dags/example_nested_branch_dag.py took 0.117 seconds
[2026-03-18T14:02:10.758+0000] {processor.py:186} INFO - Started process (PID=37243) to work on /home/komal/data-engineering-projects/airflow-spark-pipeline/airflow_venv/lib/python3.11/site-packages/airflow/example_dags/example_nested_branch_dag.py
[2026-03-18T14:02:10.759+0000] {processor.py:914} INFO - Processing file /home/komal/data-engineering-projects/airflow-spark-pipeline/airflow_venv/lib/python3.11/site-packages/airflow/example_dags/example_nested_branch_dag.py for tasks to queue
[2026-03-18T14:02:10.761+0000] {logging_mixin.py:190} INFO - [2026-03-18T14:02:10.760+0000] {dagbag.py:588} INFO - Filling up the DagBag from /home/komal/data-engineering-projects/airflow-spark-pipeline/airflow_venv/lib/python3.11/site-packages/airflow/example_dags/example_nested_branch_dag.py
[2026-03-18T14:02:10.769+0000] {processor.py:925} INFO - DAG(s) 'example_nested_branch_dag' retrieved from /home/komal/data-engineering-projects/airflow-spark-pipeline/airflow_venv/lib/python3.11/site-packages/airflow/example_dags/example_nested_branch_dag.py
[2026-03-18T14:02:10.783+0000] {logging_mixin.py:190} INFO - [2026-03-18T14:02:10.783+0000] {dag.py:3239} INFO - Sync 1 DAGs
[2026-03-18T14:02:10.798+0000] {logging_mixin.py:190} INFO - [2026-03-18T14:02:10.798+0000] {dag.py:4180} INFO - Setting next_dagrun for example_nested_branch_dag to 2026-03-17 00:00:00+00:00, run_after=2026-03-18 00:00:00+00:00
[2026-03-18T14:02:10.825+0000] {processor.py:208} INFO - Processing /home/komal/data-engineering-projects/airflow-spark-pipeline/airflow_venv/lib/python3.11/site-packages/airflow/example_dags/example_nested_branch_dag.py took 0.073 seconds
