[2026-03-18T06:16:40.237+0000] {processor.py:157} INFO - Started process (PID=27494) to work on /home/komal/data-engineering-projects/airflow-spark-pipeline/airflow_venv/lib/python3.11/site-packages/airflow/example_dags/example_kubernetes_executor.py
[2026-03-18T06:16:40.238+0000] {processor.py:826} INFO - Processing file /home/komal/data-engineering-projects/airflow-spark-pipeline/airflow_venv/lib/python3.11/site-packages/airflow/example_dags/example_kubernetes_executor.py for tasks to queue
[2026-03-18T06:16:40.239+0000] {logging_mixin.py:150} INFO - [2026-03-18T06:16:40.238+0000] {dagbag.py:541} INFO - Filling up the DagBag from /home/komal/data-engineering-projects/airflow-spark-pipeline/airflow_venv/lib/python3.11/site-packages/airflow/example_dags/example_kubernetes_executor.py
[2026-03-18T06:16:40.242+0000] {logging_mixin.py:150} INFO - [2026-03-18T06:16:40.242+0000] {example_kubernetes_executor.py:41} WARNING - The example_kubernetes_executor example DAG requires the kubernetes provider. Please install it with: pip install apache-airflow[cncf.kubernetes]
[2026-03-18T06:16:40.243+0000] {processor.py:838} WARNING - No viable dags retrieved from /home/komal/data-engineering-projects/airflow-spark-pipeline/airflow_venv/lib/python3.11/site-packages/airflow/example_dags/example_kubernetes_executor.py
[2026-03-18T06:16:40.252+0000] {processor.py:179} INFO - Processing /home/komal/data-engineering-projects/airflow-spark-pipeline/airflow_venv/lib/python3.11/site-packages/airflow/example_dags/example_kubernetes_executor.py took 0.019 seconds
[2026-03-18T06:17:30.215+0000] {processor.py:157} INFO - Started process (PID=27557) to work on /home/komal/data-engineering-projects/airflow-spark-pipeline/airflow_venv/lib/python3.11/site-packages/airflow/example_dags/example_kubernetes_executor.py
[2026-03-18T06:17:30.217+0000] {processor.py:826} INFO - Processing file /home/komal/data-engineering-projects/airflow-spark-pipeline/airflow_venv/lib/python3.11/site-packages/airflow/example_dags/example_kubernetes_executor.py for tasks to queue
[2026-03-18T06:17:30.219+0000] {logging_mixin.py:150} INFO - [2026-03-18T06:17:30.218+0000] {dagbag.py:541} INFO - Filling up the DagBag from /home/komal/data-engineering-projects/airflow-spark-pipeline/airflow_venv/lib/python3.11/site-packages/airflow/example_dags/example_kubernetes_executor.py
[2026-03-18T06:17:30.224+0000] {logging_mixin.py:150} INFO - [2026-03-18T06:17:30.224+0000] {example_kubernetes_executor.py:41} WARNING - The example_kubernetes_executor example DAG requires the kubernetes provider. Please install it with: pip install apache-airflow[cncf.kubernetes]
[2026-03-18T06:17:30.224+0000] {processor.py:838} WARNING - No viable dags retrieved from /home/komal/data-engineering-projects/airflow-spark-pipeline/airflow_venv/lib/python3.11/site-packages/airflow/example_dags/example_kubernetes_executor.py
[2026-03-18T06:17:30.237+0000] {processor.py:179} INFO - Processing /home/komal/data-engineering-projects/airflow-spark-pipeline/airflow_venv/lib/python3.11/site-packages/airflow/example_dags/example_kubernetes_executor.py took 0.027 seconds
[2026-03-18T06:34:16.165+0000] {processor.py:186} INFO - Started process (PID=28071) to work on /home/komal/data-engineering-projects/airflow-spark-pipeline/airflow_venv/lib/python3.11/site-packages/airflow/example_dags/example_kubernetes_executor.py
[2026-03-18T06:34:16.191+0000] {processor.py:914} INFO - Processing file /home/komal/data-engineering-projects/airflow-spark-pipeline/airflow_venv/lib/python3.11/site-packages/airflow/example_dags/example_kubernetes_executor.py for tasks to queue
[2026-03-18T06:34:16.192+0000] {logging_mixin.py:190} INFO - [2026-03-18T06:34:16.191+0000] {dagbag.py:588} INFO - Filling up the DagBag from /home/komal/data-engineering-projects/airflow-spark-pipeline/airflow_venv/lib/python3.11/site-packages/airflow/example_dags/example_kubernetes_executor.py
[2026-03-18T06:34:16.194+0000] {logging_mixin.py:190} INFO - [2026-03-18T06:34:16.194+0000] {example_kubernetes_executor.py:39} WARNING - The example_kubernetes_executor example DAG requires the kubernetes provider. Please install it with: pip install apache-airflow[cncf.kubernetes]
[2026-03-18T06:34:16.194+0000] {processor.py:927} WARNING - No viable dags retrieved from /home/komal/data-engineering-projects/airflow-spark-pipeline/airflow_venv/lib/python3.11/site-packages/airflow/example_dags/example_kubernetes_executor.py
[2026-03-18T06:34:16.204+0000] {processor.py:208} INFO - Processing /home/komal/data-engineering-projects/airflow-spark-pipeline/airflow_venv/lib/python3.11/site-packages/airflow/example_dags/example_kubernetes_executor.py took 0.044 seconds
[2026-03-18T06:35:24.754+0000] {processor.py:186} INFO - Started process (PID=28138) to work on /home/komal/data-engineering-projects/airflow-spark-pipeline/airflow_venv/lib/python3.11/site-packages/airflow/example_dags/example_kubernetes_executor.py
[2026-03-18T06:35:24.774+0000] {processor.py:914} INFO - Processing file /home/komal/data-engineering-projects/airflow-spark-pipeline/airflow_venv/lib/python3.11/site-packages/airflow/example_dags/example_kubernetes_executor.py for tasks to queue
[2026-03-18T06:35:24.777+0000] {logging_mixin.py:190} INFO - [2026-03-18T06:35:24.776+0000] {dagbag.py:588} INFO - Filling up the DagBag from /home/komal/data-engineering-projects/airflow-spark-pipeline/airflow_venv/lib/python3.11/site-packages/airflow/example_dags/example_kubernetes_executor.py
[2026-03-18T06:35:24.783+0000] {logging_mixin.py:190} INFO - [2026-03-18T06:35:24.782+0000] {example_kubernetes_executor.py:39} WARNING - The example_kubernetes_executor example DAG requires the kubernetes provider. Please install it with: pip install apache-airflow[cncf.kubernetes]
[2026-03-18T06:35:24.783+0000] {processor.py:927} WARNING - No viable dags retrieved from /home/komal/data-engineering-projects/airflow-spark-pipeline/airflow_venv/lib/python3.11/site-packages/airflow/example_dags/example_kubernetes_executor.py
[2026-03-18T06:35:24.795+0000] {processor.py:208} INFO - Processing /home/komal/data-engineering-projects/airflow-spark-pipeline/airflow_venv/lib/python3.11/site-packages/airflow/example_dags/example_kubernetes_executor.py took 0.051 seconds
[2026-03-18T06:36:30.751+0000] {processor.py:186} INFO - Started process (PID=28212) to work on /home/komal/data-engineering-projects/airflow-spark-pipeline/airflow_venv/lib/python3.11/site-packages/airflow/example_dags/example_kubernetes_executor.py
[2026-03-18T06:36:30.779+0000] {processor.py:914} INFO - Processing file /home/komal/data-engineering-projects/airflow-spark-pipeline/airflow_venv/lib/python3.11/site-packages/airflow/example_dags/example_kubernetes_executor.py for tasks to queue
[2026-03-18T06:36:30.781+0000] {logging_mixin.py:190} INFO - [2026-03-18T06:36:30.780+0000] {dagbag.py:588} INFO - Filling up the DagBag from /home/komal/data-engineering-projects/airflow-spark-pipeline/airflow_venv/lib/python3.11/site-packages/airflow/example_dags/example_kubernetes_executor.py
[2026-03-18T06:36:30.784+0000] {logging_mixin.py:190} INFO - [2026-03-18T06:36:30.784+0000] {example_kubernetes_executor.py:39} WARNING - The example_kubernetes_executor example DAG requires the kubernetes provider. Please install it with: pip install apache-airflow[cncf.kubernetes]
[2026-03-18T06:36:30.784+0000] {processor.py:927} WARNING - No viable dags retrieved from /home/komal/data-engineering-projects/airflow-spark-pipeline/airflow_venv/lib/python3.11/site-packages/airflow/example_dags/example_kubernetes_executor.py
[2026-03-18T06:36:30.793+0000] {processor.py:208} INFO - Processing /home/komal/data-engineering-projects/airflow-spark-pipeline/airflow_venv/lib/python3.11/site-packages/airflow/example_dags/example_kubernetes_executor.py took 0.057 seconds
[2026-03-18T06:37:36.451+0000] {processor.py:186} INFO - Started process (PID=28278) to work on /home/komal/data-engineering-projects/airflow-spark-pipeline/airflow_venv/lib/python3.11/site-packages/airflow/example_dags/example_kubernetes_executor.py
[2026-03-18T06:37:36.484+0000] {processor.py:914} INFO - Processing file /home/komal/data-engineering-projects/airflow-spark-pipeline/airflow_venv/lib/python3.11/site-packages/airflow/example_dags/example_kubernetes_executor.py for tasks to queue
[2026-03-18T06:37:36.487+0000] {logging_mixin.py:190} INFO - [2026-03-18T06:37:36.486+0000] {dagbag.py:588} INFO - Filling up the DagBag from /home/komal/data-engineering-projects/airflow-spark-pipeline/airflow_venv/lib/python3.11/site-packages/airflow/example_dags/example_kubernetes_executor.py
[2026-03-18T06:37:36.492+0000] {logging_mixin.py:190} INFO - [2026-03-18T06:37:36.492+0000] {example_kubernetes_executor.py:39} WARNING - The example_kubernetes_executor example DAG requires the kubernetes provider. Please install it with: pip install apache-airflow[cncf.kubernetes]
[2026-03-18T06:37:36.493+0000] {processor.py:927} WARNING - No viable dags retrieved from /home/komal/data-engineering-projects/airflow-spark-pipeline/airflow_venv/lib/python3.11/site-packages/airflow/example_dags/example_kubernetes_executor.py
[2026-03-18T06:37:36.505+0000] {processor.py:208} INFO - Processing /home/komal/data-engineering-projects/airflow-spark-pipeline/airflow_venv/lib/python3.11/site-packages/airflow/example_dags/example_kubernetes_executor.py took 0.059 seconds
[2026-03-18T06:38:59.413+0000] {processor.py:186} INFO - Started process (PID=28442) to work on /home/komal/data-engineering-projects/airflow-spark-pipeline/airflow_venv/lib/python3.11/site-packages/airflow/example_dags/example_kubernetes_executor.py
[2026-03-18T06:38:59.416+0000] {processor.py:914} INFO - Processing file /home/komal/data-engineering-projects/airflow-spark-pipeline/airflow_venv/lib/python3.11/site-packages/airflow/example_dags/example_kubernetes_executor.py for tasks to queue
[2026-03-18T06:38:59.418+0000] {logging_mixin.py:190} INFO - [2026-03-18T06:38:59.417+0000] {dagbag.py:588} INFO - Filling up the DagBag from /home/komal/data-engineering-projects/airflow-spark-pipeline/airflow_venv/lib/python3.11/site-packages/airflow/example_dags/example_kubernetes_executor.py
[2026-03-18T06:38:59.420+0000] {logging_mixin.py:190} INFO - [2026-03-18T06:38:59.420+0000] {example_kubernetes_executor.py:39} WARNING - The example_kubernetes_executor example DAG requires the kubernetes provider. Please install it with: pip install apache-airflow[cncf.kubernetes]
[2026-03-18T06:38:59.420+0000] {processor.py:927} WARNING - No viable dags retrieved from /home/komal/data-engineering-projects/airflow-spark-pipeline/airflow_venv/lib/python3.11/site-packages/airflow/example_dags/example_kubernetes_executor.py
[2026-03-18T06:38:59.431+0000] {processor.py:208} INFO - Processing /home/komal/data-engineering-projects/airflow-spark-pipeline/airflow_venv/lib/python3.11/site-packages/airflow/example_dags/example_kubernetes_executor.py took 0.024 seconds
[2026-03-18T06:40:14.393+0000] {processor.py:186} INFO - Started process (PID=28520) to work on /home/komal/data-engineering-projects/airflow-spark-pipeline/airflow_venv/lib/python3.11/site-packages/airflow/example_dags/example_kubernetes_executor.py
[2026-03-18T06:40:14.396+0000] {processor.py:914} INFO - Processing file /home/komal/data-engineering-projects/airflow-spark-pipeline/airflow_venv/lib/python3.11/site-packages/airflow/example_dags/example_kubernetes_executor.py for tasks to queue
[2026-03-18T06:40:14.400+0000] {logging_mixin.py:190} INFO - [2026-03-18T06:40:14.400+0000] {dagbag.py:588} INFO - Filling up the DagBag from /home/komal/data-engineering-projects/airflow-spark-pipeline/airflow_venv/lib/python3.11/site-packages/airflow/example_dags/example_kubernetes_executor.py
[2026-03-18T06:40:14.402+0000] {logging_mixin.py:190} INFO - [2026-03-18T06:40:14.402+0000] {example_kubernetes_executor.py:39} WARNING - The example_kubernetes_executor example DAG requires the kubernetes provider. Please install it with: pip install apache-airflow[cncf.kubernetes]
[2026-03-18T06:40:14.402+0000] {processor.py:927} WARNING - No viable dags retrieved from /home/komal/data-engineering-projects/airflow-spark-pipeline/airflow_venv/lib/python3.11/site-packages/airflow/example_dags/example_kubernetes_executor.py
[2026-03-18T06:40:14.410+0000] {processor.py:208} INFO - Processing /home/komal/data-engineering-projects/airflow-spark-pipeline/airflow_venv/lib/python3.11/site-packages/airflow/example_dags/example_kubernetes_executor.py took 0.020 seconds
[2026-03-18T06:41:18.746+0000] {processor.py:186} INFO - Started process (PID=28588) to work on /home/komal/data-engineering-projects/airflow-spark-pipeline/airflow_venv/lib/python3.11/site-packages/airflow/example_dags/example_kubernetes_executor.py
[2026-03-18T06:41:18.779+0000] {processor.py:914} INFO - Processing file /home/komal/data-engineering-projects/airflow-spark-pipeline/airflow_venv/lib/python3.11/site-packages/airflow/example_dags/example_kubernetes_executor.py for tasks to queue
[2026-03-18T06:41:18.782+0000] {logging_mixin.py:190} INFO - [2026-03-18T06:41:18.781+0000] {dagbag.py:588} INFO - Filling up the DagBag from /home/komal/data-engineering-projects/airflow-spark-pipeline/airflow_venv/lib/python3.11/site-packages/airflow/example_dags/example_kubernetes_executor.py
[2026-03-18T06:41:18.784+0000] {logging_mixin.py:190} INFO - [2026-03-18T06:41:18.784+0000] {example_kubernetes_executor.py:39} WARNING - The example_kubernetes_executor example DAG requires the kubernetes provider. Please install it with: pip install apache-airflow[cncf.kubernetes]
[2026-03-18T06:41:18.784+0000] {processor.py:927} WARNING - No viable dags retrieved from /home/komal/data-engineering-projects/airflow-spark-pipeline/airflow_venv/lib/python3.11/site-packages/airflow/example_dags/example_kubernetes_executor.py
[2026-03-18T06:41:18.808+0000] {processor.py:208} INFO - Processing /home/komal/data-engineering-projects/airflow-spark-pipeline/airflow_venv/lib/python3.11/site-packages/airflow/example_dags/example_kubernetes_executor.py took 0.067 seconds
[2026-03-18T06:42:34.478+0000] {processor.py:186} INFO - Started process (PID=28737) to work on /home/komal/data-engineering-projects/airflow-spark-pipeline/airflow_venv/lib/python3.11/site-packages/airflow/example_dags/example_kubernetes_executor.py
[2026-03-18T06:42:34.510+0000] {processor.py:914} INFO - Processing file /home/komal/data-engineering-projects/airflow-spark-pipeline/airflow_venv/lib/python3.11/site-packages/airflow/example_dags/example_kubernetes_executor.py for tasks to queue
[2026-03-18T06:42:34.514+0000] {logging_mixin.py:190} INFO - [2026-03-18T06:42:34.513+0000] {dagbag.py:588} INFO - Filling up the DagBag from /home/komal/data-engineering-projects/airflow-spark-pipeline/airflow_venv/lib/python3.11/site-packages/airflow/example_dags/example_kubernetes_executor.py
[2026-03-18T06:42:34.519+0000] {logging_mixin.py:190} INFO - [2026-03-18T06:42:34.519+0000] {example_kubernetes_executor.py:39} WARNING - The example_kubernetes_executor example DAG requires the kubernetes provider. Please install it with: pip install apache-airflow[cncf.kubernetes]
[2026-03-18T06:42:34.520+0000] {processor.py:927} WARNING - No viable dags retrieved from /home/komal/data-engineering-projects/airflow-spark-pipeline/airflow_venv/lib/python3.11/site-packages/airflow/example_dags/example_kubernetes_executor.py
[2026-03-18T06:42:34.537+0000] {processor.py:208} INFO - Processing /home/komal/data-engineering-projects/airflow-spark-pipeline/airflow_venv/lib/python3.11/site-packages/airflow/example_dags/example_kubernetes_executor.py took 0.064 seconds
[2026-03-18T06:43:57.999+0000] {processor.py:186} INFO - Started process (PID=28895) to work on /home/komal/data-engineering-projects/airflow-spark-pipeline/airflow_venv/lib/python3.11/site-packages/airflow/example_dags/example_kubernetes_executor.py
[2026-03-18T06:43:58.032+0000] {processor.py:914} INFO - Processing file /home/komal/data-engineering-projects/airflow-spark-pipeline/airflow_venv/lib/python3.11/site-packages/airflow/example_dags/example_kubernetes_executor.py for tasks to queue
[2026-03-18T06:43:58.037+0000] {logging_mixin.py:190} INFO - [2026-03-18T06:43:58.036+0000] {dagbag.py:588} INFO - Filling up the DagBag from /home/komal/data-engineering-projects/airflow-spark-pipeline/airflow_venv/lib/python3.11/site-packages/airflow/example_dags/example_kubernetes_executor.py
[2026-03-18T06:43:58.044+0000] {logging_mixin.py:190} INFO - [2026-03-18T06:43:58.044+0000] {example_kubernetes_executor.py:39} WARNING - The example_kubernetes_executor example DAG requires the kubernetes provider. Please install it with: pip install apache-airflow[cncf.kubernetes]
[2026-03-18T06:43:58.045+0000] {processor.py:927} WARNING - No viable dags retrieved from /home/komal/data-engineering-projects/airflow-spark-pipeline/airflow_venv/lib/python3.11/site-packages/airflow/example_dags/example_kubernetes_executor.py
[2026-03-18T06:43:58.059+0000] {processor.py:208} INFO - Processing /home/komal/data-engineering-projects/airflow-spark-pipeline/airflow_venv/lib/python3.11/site-packages/airflow/example_dags/example_kubernetes_executor.py took 0.067 seconds
[2026-03-18T06:46:21.245+0000] {processor.py:186} INFO - Started process (PID=29406) to work on /home/komal/data-engineering-projects/airflow-spark-pipeline/airflow_venv/lib/python3.11/site-packages/airflow/example_dags/example_kubernetes_executor.py
[2026-03-18T06:46:21.278+0000] {processor.py:914} INFO - Processing file /home/komal/data-engineering-projects/airflow-spark-pipeline/airflow_venv/lib/python3.11/site-packages/airflow/example_dags/example_kubernetes_executor.py for tasks to queue
[2026-03-18T06:46:21.282+0000] {logging_mixin.py:190} INFO - [2026-03-18T06:46:21.281+0000] {dagbag.py:588} INFO - Filling up the DagBag from /home/komal/data-engineering-projects/airflow-spark-pipeline/airflow_venv/lib/python3.11/site-packages/airflow/example_dags/example_kubernetes_executor.py
[2026-03-18T06:46:21.286+0000] {logging_mixin.py:190} INFO - [2026-03-18T06:46:21.286+0000] {example_kubernetes_executor.py:39} WARNING - The example_kubernetes_executor example DAG requires the kubernetes provider. Please install it with: pip install apache-airflow[cncf.kubernetes]
[2026-03-18T06:46:21.287+0000] {processor.py:927} WARNING - No viable dags retrieved from /home/komal/data-engineering-projects/airflow-spark-pipeline/airflow_venv/lib/python3.11/site-packages/airflow/example_dags/example_kubernetes_executor.py
[2026-03-18T06:46:21.299+0000] {processor.py:208} INFO - Processing /home/komal/data-engineering-projects/airflow-spark-pipeline/airflow_venv/lib/python3.11/site-packages/airflow/example_dags/example_kubernetes_executor.py took 0.066 seconds
[2026-03-18T06:47:34.543+0000] {processor.py:186} INFO - Started process (PID=29478) to work on /home/komal/data-engineering-projects/airflow-spark-pipeline/airflow_venv/lib/python3.11/site-packages/airflow/example_dags/example_kubernetes_executor.py
[2026-03-18T06:47:34.545+0000] {processor.py:914} INFO - Processing file /home/komal/data-engineering-projects/airflow-spark-pipeline/airflow_venv/lib/python3.11/site-packages/airflow/example_dags/example_kubernetes_executor.py for tasks to queue
[2026-03-18T06:47:34.546+0000] {logging_mixin.py:190} INFO - [2026-03-18T06:47:34.546+0000] {dagbag.py:588} INFO - Filling up the DagBag from /home/komal/data-engineering-projects/airflow-spark-pipeline/airflow_venv/lib/python3.11/site-packages/airflow/example_dags/example_kubernetes_executor.py
[2026-03-18T06:47:34.548+0000] {logging_mixin.py:190} INFO - [2026-03-18T06:47:34.548+0000] {example_kubernetes_executor.py:39} WARNING - The example_kubernetes_executor example DAG requires the kubernetes provider. Please install it with: pip install apache-airflow[cncf.kubernetes]
[2026-03-18T06:47:34.549+0000] {processor.py:927} WARNING - No viable dags retrieved from /home/komal/data-engineering-projects/airflow-spark-pipeline/airflow_venv/lib/python3.11/site-packages/airflow/example_dags/example_kubernetes_executor.py
[2026-03-18T06:47:34.556+0000] {processor.py:208} INFO - Processing /home/komal/data-engineering-projects/airflow-spark-pipeline/airflow_venv/lib/python3.11/site-packages/airflow/example_dags/example_kubernetes_executor.py took 0.018 seconds
[2026-03-18T06:48:57.486+0000] {processor.py:186} INFO - Started process (PID=29637) to work on /home/komal/data-engineering-projects/airflow-spark-pipeline/airflow_venv/lib/python3.11/site-packages/airflow/example_dags/example_kubernetes_executor.py
[2026-03-18T06:48:57.487+0000] {processor.py:914} INFO - Processing file /home/komal/data-engineering-projects/airflow-spark-pipeline/airflow_venv/lib/python3.11/site-packages/airflow/example_dags/example_kubernetes_executor.py for tasks to queue
[2026-03-18T06:48:57.489+0000] {logging_mixin.py:190} INFO - [2026-03-18T06:48:57.489+0000] {dagbag.py:588} INFO - Filling up the DagBag from /home/komal/data-engineering-projects/airflow-spark-pipeline/airflow_venv/lib/python3.11/site-packages/airflow/example_dags/example_kubernetes_executor.py
[2026-03-18T06:48:57.492+0000] {logging_mixin.py:190} INFO - [2026-03-18T06:48:57.491+0000] {example_kubernetes_executor.py:39} WARNING - The example_kubernetes_executor example DAG requires the kubernetes provider. Please install it with: pip install apache-airflow[cncf.kubernetes]
[2026-03-18T06:48:57.492+0000] {processor.py:927} WARNING - No viable dags retrieved from /home/komal/data-engineering-projects/airflow-spark-pipeline/airflow_venv/lib/python3.11/site-packages/airflow/example_dags/example_kubernetes_executor.py
[2026-03-18T06:48:57.500+0000] {processor.py:208} INFO - Processing /home/komal/data-engineering-projects/airflow-spark-pipeline/airflow_venv/lib/python3.11/site-packages/airflow/example_dags/example_kubernetes_executor.py took 0.018 seconds
[2026-03-18T06:50:07.928+0000] {processor.py:186} INFO - Started process (PID=29706) to work on /home/komal/data-engineering-projects/airflow-spark-pipeline/airflow_venv/lib/python3.11/site-packages/airflow/example_dags/example_kubernetes_executor.py
[2026-03-18T06:50:07.959+0000] {processor.py:914} INFO - Processing file /home/komal/data-engineering-projects/airflow-spark-pipeline/airflow_venv/lib/python3.11/site-packages/airflow/example_dags/example_kubernetes_executor.py for tasks to queue
[2026-03-18T06:50:07.964+0000] {logging_mixin.py:190} INFO - [2026-03-18T06:50:07.963+0000] {dagbag.py:588} INFO - Filling up the DagBag from /home/komal/data-engineering-projects/airflow-spark-pipeline/airflow_venv/lib/python3.11/site-packages/airflow/example_dags/example_kubernetes_executor.py
[2026-03-18T06:50:07.969+0000] {logging_mixin.py:190} INFO - [2026-03-18T06:50:07.969+0000] {example_kubernetes_executor.py:39} WARNING - The example_kubernetes_executor example DAG requires the kubernetes provider. Please install it with: pip install apache-airflow[cncf.kubernetes]
[2026-03-18T06:50:07.970+0000] {processor.py:927} WARNING - No viable dags retrieved from /home/komal/data-engineering-projects/airflow-spark-pipeline/airflow_venv/lib/python3.11/site-packages/airflow/example_dags/example_kubernetes_executor.py
[2026-03-18T06:50:07.991+0000] {processor.py:208} INFO - Processing /home/komal/data-engineering-projects/airflow-spark-pipeline/airflow_venv/lib/python3.11/site-packages/airflow/example_dags/example_kubernetes_executor.py took 0.071 seconds
[2026-03-18T06:52:27.577+0000] {processor.py:186} INFO - Started process (PID=29992) to work on /home/komal/data-engineering-projects/airflow-spark-pipeline/airflow_venv/lib/python3.11/site-packages/airflow/example_dags/example_kubernetes_executor.py
[2026-03-18T06:52:27.579+0000] {processor.py:914} INFO - Processing file /home/komal/data-engineering-projects/airflow-spark-pipeline/airflow_venv/lib/python3.11/site-packages/airflow/example_dags/example_kubernetes_executor.py for tasks to queue
[2026-03-18T06:52:27.580+0000] {logging_mixin.py:190} INFO - [2026-03-18T06:52:27.580+0000] {dagbag.py:588} INFO - Filling up the DagBag from /home/komal/data-engineering-projects/airflow-spark-pipeline/airflow_venv/lib/python3.11/site-packages/airflow/example_dags/example_kubernetes_executor.py
[2026-03-18T06:52:27.582+0000] {logging_mixin.py:190} INFO - [2026-03-18T06:52:27.582+0000] {example_kubernetes_executor.py:39} WARNING - The example_kubernetes_executor example DAG requires the kubernetes provider. Please install it with: pip install apache-airflow[cncf.kubernetes]
[2026-03-18T06:52:27.583+0000] {processor.py:927} WARNING - No viable dags retrieved from /home/komal/data-engineering-projects/airflow-spark-pipeline/airflow_venv/lib/python3.11/site-packages/airflow/example_dags/example_kubernetes_executor.py
[2026-03-18T06:52:27.590+0000] {processor.py:208} INFO - Processing /home/komal/data-engineering-projects/airflow-spark-pipeline/airflow_venv/lib/python3.11/site-packages/airflow/example_dags/example_kubernetes_executor.py took 0.018 seconds
[2026-03-18T06:53:41.164+0000] {processor.py:186} INFO - Started process (PID=30063) to work on /home/komal/data-engineering-projects/airflow-spark-pipeline/airflow_venv/lib/python3.11/site-packages/airflow/example_dags/example_kubernetes_executor.py
[2026-03-18T06:53:41.166+0000] {processor.py:914} INFO - Processing file /home/komal/data-engineering-projects/airflow-spark-pipeline/airflow_venv/lib/python3.11/site-packages/airflow/example_dags/example_kubernetes_executor.py for tasks to queue
[2026-03-18T06:53:41.168+0000] {logging_mixin.py:190} INFO - [2026-03-18T06:53:41.167+0000] {dagbag.py:588} INFO - Filling up the DagBag from /home/komal/data-engineering-projects/airflow-spark-pipeline/airflow_venv/lib/python3.11/site-packages/airflow/example_dags/example_kubernetes_executor.py
[2026-03-18T06:53:41.170+0000] {logging_mixin.py:190} INFO - [2026-03-18T06:53:41.170+0000] {example_kubernetes_executor.py:39} WARNING - The example_kubernetes_executor example DAG requires the kubernetes provider. Please install it with: pip install apache-airflow[cncf.kubernetes]
[2026-03-18T06:53:41.170+0000] {processor.py:927} WARNING - No viable dags retrieved from /home/komal/data-engineering-projects/airflow-spark-pipeline/airflow_venv/lib/python3.11/site-packages/airflow/example_dags/example_kubernetes_executor.py
[2026-03-18T06:53:41.182+0000] {processor.py:208} INFO - Processing /home/komal/data-engineering-projects/airflow-spark-pipeline/airflow_venv/lib/python3.11/site-packages/airflow/example_dags/example_kubernetes_executor.py took 0.023 seconds
[2026-03-18T06:55:16.039+0000] {processor.py:186} INFO - Started process (PID=30223) to work on /home/komal/data-engineering-projects/airflow-spark-pipeline/airflow_venv/lib/python3.11/site-packages/airflow/example_dags/example_kubernetes_executor.py
[2026-03-18T06:55:16.071+0000] {processor.py:914} INFO - Processing file /home/komal/data-engineering-projects/airflow-spark-pipeline/airflow_venv/lib/python3.11/site-packages/airflow/example_dags/example_kubernetes_executor.py for tasks to queue
[2026-03-18T06:55:16.075+0000] {logging_mixin.py:190} INFO - [2026-03-18T06:55:16.075+0000] {dagbag.py:588} INFO - Filling up the DagBag from /home/komal/data-engineering-projects/airflow-spark-pipeline/airflow_venv/lib/python3.11/site-packages/airflow/example_dags/example_kubernetes_executor.py
[2026-03-18T06:55:16.080+0000] {logging_mixin.py:190} INFO - [2026-03-18T06:55:16.080+0000] {example_kubernetes_executor.py:39} WARNING - The example_kubernetes_executor example DAG requires the kubernetes provider. Please install it with: pip install apache-airflow[cncf.kubernetes]
[2026-03-18T06:55:16.080+0000] {processor.py:927} WARNING - No viable dags retrieved from /home/komal/data-engineering-projects/airflow-spark-pipeline/airflow_venv/lib/python3.11/site-packages/airflow/example_dags/example_kubernetes_executor.py
[2026-03-18T06:55:16.089+0000] {processor.py:208} INFO - Processing /home/komal/data-engineering-projects/airflow-spark-pipeline/airflow_venv/lib/python3.11/site-packages/airflow/example_dags/example_kubernetes_executor.py took 0.055 seconds
[2026-03-18T06:57:07.521+0000] {processor.py:186} INFO - Started process (PID=30487) to work on /home/komal/data-engineering-projects/airflow-spark-pipeline/airflow_venv/lib/python3.11/site-packages/airflow/example_dags/example_kubernetes_executor.py
[2026-03-18T06:57:07.524+0000] {processor.py:914} INFO - Processing file /home/komal/data-engineering-projects/airflow-spark-pipeline/airflow_venv/lib/python3.11/site-packages/airflow/example_dags/example_kubernetes_executor.py for tasks to queue
[2026-03-18T06:57:07.526+0000] {logging_mixin.py:190} INFO - [2026-03-18T06:57:07.525+0000] {dagbag.py:588} INFO - Filling up the DagBag from /home/komal/data-engineering-projects/airflow-spark-pipeline/airflow_venv/lib/python3.11/site-packages/airflow/example_dags/example_kubernetes_executor.py
[2026-03-18T06:57:07.528+0000] {logging_mixin.py:190} INFO - [2026-03-18T06:57:07.528+0000] {example_kubernetes_executor.py:39} WARNING - The example_kubernetes_executor example DAG requires the kubernetes provider. Please install it with: pip install apache-airflow[cncf.kubernetes]
[2026-03-18T06:57:07.528+0000] {processor.py:927} WARNING - No viable dags retrieved from /home/komal/data-engineering-projects/airflow-spark-pipeline/airflow_venv/lib/python3.11/site-packages/airflow/example_dags/example_kubernetes_executor.py
[2026-03-18T06:57:07.542+0000] {processor.py:208} INFO - Processing /home/komal/data-engineering-projects/airflow-spark-pipeline/airflow_venv/lib/python3.11/site-packages/airflow/example_dags/example_kubernetes_executor.py took 0.032 seconds
[2026-03-18T06:58:25.468+0000] {processor.py:186} INFO - Started process (PID=30563) to work on /home/komal/data-engineering-projects/airflow-spark-pipeline/airflow_venv/lib/python3.11/site-packages/airflow/example_dags/example_kubernetes_executor.py
[2026-03-18T06:58:25.471+0000] {processor.py:914} INFO - Processing file /home/komal/data-engineering-projects/airflow-spark-pipeline/airflow_venv/lib/python3.11/site-packages/airflow/example_dags/example_kubernetes_executor.py for tasks to queue
[2026-03-18T06:58:25.474+0000] {logging_mixin.py:190} INFO - [2026-03-18T06:58:25.474+0000] {dagbag.py:588} INFO - Filling up the DagBag from /home/komal/data-engineering-projects/airflow-spark-pipeline/airflow_venv/lib/python3.11/site-packages/airflow/example_dags/example_kubernetes_executor.py
[2026-03-18T06:58:25.478+0000] {logging_mixin.py:190} INFO - [2026-03-18T06:58:25.478+0000] {example_kubernetes_executor.py:39} WARNING - The example_kubernetes_executor example DAG requires the kubernetes provider. Please install it with: pip install apache-airflow[cncf.kubernetes]
[2026-03-18T06:58:25.478+0000] {processor.py:927} WARNING - No viable dags retrieved from /home/komal/data-engineering-projects/airflow-spark-pipeline/airflow_venv/lib/python3.11/site-packages/airflow/example_dags/example_kubernetes_executor.py
[2026-03-18T06:58:25.490+0000] {processor.py:208} INFO - Processing /home/komal/data-engineering-projects/airflow-spark-pipeline/airflow_venv/lib/python3.11/site-packages/airflow/example_dags/example_kubernetes_executor.py took 0.030 seconds
[2026-03-18T06:59:44.693+0000] {processor.py:186} INFO - Started process (PID=30713) to work on /home/komal/data-engineering-projects/airflow-spark-pipeline/airflow_venv/lib/python3.11/site-packages/airflow/example_dags/example_kubernetes_executor.py
[2026-03-18T06:59:44.727+0000] {processor.py:914} INFO - Processing file /home/komal/data-engineering-projects/airflow-spark-pipeline/airflow_venv/lib/python3.11/site-packages/airflow/example_dags/example_kubernetes_executor.py for tasks to queue
[2026-03-18T06:59:44.732+0000] {logging_mixin.py:190} INFO - [2026-03-18T06:59:44.731+0000] {dagbag.py:588} INFO - Filling up the DagBag from /home/komal/data-engineering-projects/airflow-spark-pipeline/airflow_venv/lib/python3.11/site-packages/airflow/example_dags/example_kubernetes_executor.py
[2026-03-18T06:59:44.740+0000] {logging_mixin.py:190} INFO - [2026-03-18T06:59:44.740+0000] {example_kubernetes_executor.py:39} WARNING - The example_kubernetes_executor example DAG requires the kubernetes provider. Please install it with: pip install apache-airflow[cncf.kubernetes]
[2026-03-18T06:59:44.740+0000] {processor.py:927} WARNING - No viable dags retrieved from /home/komal/data-engineering-projects/airflow-spark-pipeline/airflow_venv/lib/python3.11/site-packages/airflow/example_dags/example_kubernetes_executor.py
[2026-03-18T06:59:44.756+0000] {processor.py:208} INFO - Processing /home/komal/data-engineering-projects/airflow-spark-pipeline/airflow_venv/lib/python3.11/site-packages/airflow/example_dags/example_kubernetes_executor.py took 0.069 seconds
[2026-03-18T07:01:03.420+0000] {processor.py:186} INFO - Started process (PID=30859) to work on /home/komal/data-engineering-projects/airflow-spark-pipeline/airflow_venv/lib/python3.11/site-packages/airflow/example_dags/example_kubernetes_executor.py
[2026-03-18T07:01:03.423+0000] {processor.py:914} INFO - Processing file /home/komal/data-engineering-projects/airflow-spark-pipeline/airflow_venv/lib/python3.11/site-packages/airflow/example_dags/example_kubernetes_executor.py for tasks to queue
[2026-03-18T07:01:03.424+0000] {logging_mixin.py:190} INFO - [2026-03-18T07:01:03.424+0000] {dagbag.py:588} INFO - Filling up the DagBag from /home/komal/data-engineering-projects/airflow-spark-pipeline/airflow_venv/lib/python3.11/site-packages/airflow/example_dags/example_kubernetes_executor.py
[2026-03-18T07:01:03.426+0000] {logging_mixin.py:190} INFO - [2026-03-18T07:01:03.426+0000] {example_kubernetes_executor.py:39} WARNING - The example_kubernetes_executor example DAG requires the kubernetes provider. Please install it with: pip install apache-airflow[cncf.kubernetes]
[2026-03-18T07:01:03.427+0000] {processor.py:927} WARNING - No viable dags retrieved from /home/komal/data-engineering-projects/airflow-spark-pipeline/airflow_venv/lib/python3.11/site-packages/airflow/example_dags/example_kubernetes_executor.py
[2026-03-18T07:01:03.433+0000] {processor.py:208} INFO - Processing /home/komal/data-engineering-projects/airflow-spark-pipeline/airflow_venv/lib/python3.11/site-packages/airflow/example_dags/example_kubernetes_executor.py took 0.019 seconds
[2026-03-18T07:02:27.679+0000] {processor.py:186} INFO - Started process (PID=30937) to work on /home/komal/data-engineering-projects/airflow-spark-pipeline/airflow_venv/lib/python3.11/site-packages/airflow/example_dags/example_kubernetes_executor.py
[2026-03-18T07:02:27.712+0000] {processor.py:914} INFO - Processing file /home/komal/data-engineering-projects/airflow-spark-pipeline/airflow_venv/lib/python3.11/site-packages/airflow/example_dags/example_kubernetes_executor.py for tasks to queue
[2026-03-18T07:02:27.716+0000] {logging_mixin.py:190} INFO - [2026-03-18T07:02:27.715+0000] {dagbag.py:588} INFO - Filling up the DagBag from /home/komal/data-engineering-projects/airflow-spark-pipeline/airflow_venv/lib/python3.11/site-packages/airflow/example_dags/example_kubernetes_executor.py
[2026-03-18T07:02:27.721+0000] {logging_mixin.py:190} INFO - [2026-03-18T07:02:27.721+0000] {example_kubernetes_executor.py:39} WARNING - The example_kubernetes_executor example DAG requires the kubernetes provider. Please install it with: pip install apache-airflow[cncf.kubernetes]
[2026-03-18T07:02:27.722+0000] {processor.py:927} WARNING - No viable dags retrieved from /home/komal/data-engineering-projects/airflow-spark-pipeline/airflow_venv/lib/python3.11/site-packages/airflow/example_dags/example_kubernetes_executor.py
[2026-03-18T07:02:27.743+0000] {processor.py:208} INFO - Processing /home/komal/data-engineering-projects/airflow-spark-pipeline/airflow_venv/lib/python3.11/site-packages/airflow/example_dags/example_kubernetes_executor.py took 0.073 seconds
[2026-03-18T07:03:35.505+0000] {processor.py:186} INFO - Started process (PID=31057) to work on /home/komal/data-engineering-projects/airflow-spark-pipeline/airflow_venv/lib/python3.11/site-packages/airflow/example_dags/example_kubernetes_executor.py
[2026-03-18T07:03:35.537+0000] {processor.py:914} INFO - Processing file /home/komal/data-engineering-projects/airflow-spark-pipeline/airflow_venv/lib/python3.11/site-packages/airflow/example_dags/example_kubernetes_executor.py for tasks to queue
[2026-03-18T07:03:35.540+0000] {logging_mixin.py:190} INFO - [2026-03-18T07:03:35.540+0000] {dagbag.py:588} INFO - Filling up the DagBag from /home/komal/data-engineering-projects/airflow-spark-pipeline/airflow_venv/lib/python3.11/site-packages/airflow/example_dags/example_kubernetes_executor.py
[2026-03-18T07:03:35.545+0000] {logging_mixin.py:190} INFO - [2026-03-18T07:03:35.545+0000] {example_kubernetes_executor.py:39} WARNING - The example_kubernetes_executor example DAG requires the kubernetes provider. Please install it with: pip install apache-airflow[cncf.kubernetes]
[2026-03-18T07:03:35.546+0000] {processor.py:927} WARNING - No viable dags retrieved from /home/komal/data-engineering-projects/airflow-spark-pipeline/airflow_venv/lib/python3.11/site-packages/airflow/example_dags/example_kubernetes_executor.py
[2026-03-18T07:03:35.568+0000] {processor.py:208} INFO - Processing /home/komal/data-engineering-projects/airflow-spark-pipeline/airflow_venv/lib/python3.11/site-packages/airflow/example_dags/example_kubernetes_executor.py took 0.072 seconds
[2026-03-18T07:04:31.972+0000] {processor.py:186} INFO - Started process (PID=31122) to work on /home/komal/data-engineering-projects/airflow-spark-pipeline/airflow_venv/lib/python3.11/site-packages/airflow/example_dags/example_kubernetes_executor.py
[2026-03-18T07:04:31.978+0000] {processor.py:914} INFO - Processing file /home/komal/data-engineering-projects/airflow-spark-pipeline/airflow_venv/lib/python3.11/site-packages/airflow/example_dags/example_kubernetes_executor.py for tasks to queue
[2026-03-18T07:04:31.979+0000] {logging_mixin.py:190} INFO - [2026-03-18T07:04:31.979+0000] {dagbag.py:588} INFO - Filling up the DagBag from /home/komal/data-engineering-projects/airflow-spark-pipeline/airflow_venv/lib/python3.11/site-packages/airflow/example_dags/example_kubernetes_executor.py
[2026-03-18T07:04:31.982+0000] {logging_mixin.py:190} INFO - [2026-03-18T07:04:31.982+0000] {example_kubernetes_executor.py:39} WARNING - The example_kubernetes_executor example DAG requires the kubernetes provider. Please install it with: pip install apache-airflow[cncf.kubernetes]
[2026-03-18T07:04:31.982+0000] {processor.py:927} WARNING - No viable dags retrieved from /home/komal/data-engineering-projects/airflow-spark-pipeline/airflow_venv/lib/python3.11/site-packages/airflow/example_dags/example_kubernetes_executor.py
[2026-03-18T07:04:31.989+0000] {processor.py:208} INFO - Processing /home/komal/data-engineering-projects/airflow-spark-pipeline/airflow_venv/lib/python3.11/site-packages/airflow/example_dags/example_kubernetes_executor.py took 0.021 seconds
[2026-03-18T07:05:31.643+0000] {processor.py:186} INFO - Started process (PID=31182) to work on /home/komal/data-engineering-projects/airflow-spark-pipeline/airflow_venv/lib/python3.11/site-packages/airflow/example_dags/example_kubernetes_executor.py
[2026-03-18T07:05:31.644+0000] {processor.py:914} INFO - Processing file /home/komal/data-engineering-projects/airflow-spark-pipeline/airflow_venv/lib/python3.11/site-packages/airflow/example_dags/example_kubernetes_executor.py for tasks to queue
[2026-03-18T07:05:31.646+0000] {logging_mixin.py:190} INFO - [2026-03-18T07:05:31.645+0000] {dagbag.py:588} INFO - Filling up the DagBag from /home/komal/data-engineering-projects/airflow-spark-pipeline/airflow_venv/lib/python3.11/site-packages/airflow/example_dags/example_kubernetes_executor.py
[2026-03-18T07:05:31.650+0000] {logging_mixin.py:190} INFO - [2026-03-18T07:05:31.650+0000] {example_kubernetes_executor.py:39} WARNING - The example_kubernetes_executor example DAG requires the kubernetes provider. Please install it with: pip install apache-airflow[cncf.kubernetes]
[2026-03-18T07:05:31.650+0000] {processor.py:927} WARNING - No viable dags retrieved from /home/komal/data-engineering-projects/airflow-spark-pipeline/airflow_venv/lib/python3.11/site-packages/airflow/example_dags/example_kubernetes_executor.py
[2026-03-18T07:05:31.658+0000] {processor.py:208} INFO - Processing /home/komal/data-engineering-projects/airflow-spark-pipeline/airflow_venv/lib/python3.11/site-packages/airflow/example_dags/example_kubernetes_executor.py took 0.022 seconds
[2026-03-18T07:09:56.747+0000] {processor.py:186} INFO - Started process (PID=31277) to work on /home/komal/data-engineering-projects/airflow-spark-pipeline/airflow_venv/lib/python3.11/site-packages/airflow/example_dags/example_kubernetes_executor.py
[2026-03-18T07:09:56.750+0000] {processor.py:914} INFO - Processing file /home/komal/data-engineering-projects/airflow-spark-pipeline/airflow_venv/lib/python3.11/site-packages/airflow/example_dags/example_kubernetes_executor.py for tasks to queue
[2026-03-18T07:09:56.750+0000] {logging_mixin.py:190} INFO - [2026-03-18T07:09:56.750+0000] {dagbag.py:588} INFO - Filling up the DagBag from /home/komal/data-engineering-projects/airflow-spark-pipeline/airflow_venv/lib/python3.11/site-packages/airflow/example_dags/example_kubernetes_executor.py
[2026-03-18T07:09:56.753+0000] {logging_mixin.py:190} INFO - [2026-03-18T07:09:56.753+0000] {example_kubernetes_executor.py:39} WARNING - The example_kubernetes_executor example DAG requires the kubernetes provider. Please install it with: pip install apache-airflow[cncf.kubernetes]
[2026-03-18T07:09:56.754+0000] {processor.py:927} WARNING - No viable dags retrieved from /home/komal/data-engineering-projects/airflow-spark-pipeline/airflow_venv/lib/python3.11/site-packages/airflow/example_dags/example_kubernetes_executor.py
[2026-03-18T07:09:56.767+0000] {processor.py:208} INFO - Processing /home/komal/data-engineering-projects/airflow-spark-pipeline/airflow_venv/lib/python3.11/site-packages/airflow/example_dags/example_kubernetes_executor.py took 0.024 seconds
[2026-03-18T07:10:59.971+0000] {processor.py:186} INFO - Started process (PID=31342) to work on /home/komal/data-engineering-projects/airflow-spark-pipeline/airflow_venv/lib/python3.11/site-packages/airflow/example_dags/example_kubernetes_executor.py
[2026-03-18T07:11:00.003+0000] {processor.py:914} INFO - Processing file /home/komal/data-engineering-projects/airflow-spark-pipeline/airflow_venv/lib/python3.11/site-packages/airflow/example_dags/example_kubernetes_executor.py for tasks to queue
[2026-03-18T07:11:00.006+0000] {logging_mixin.py:190} INFO - [2026-03-18T07:11:00.005+0000] {dagbag.py:588} INFO - Filling up the DagBag from /home/komal/data-engineering-projects/airflow-spark-pipeline/airflow_venv/lib/python3.11/site-packages/airflow/example_dags/example_kubernetes_executor.py
[2026-03-18T07:11:00.011+0000] {logging_mixin.py:190} INFO - [2026-03-18T07:11:00.010+0000] {example_kubernetes_executor.py:39} WARNING - The example_kubernetes_executor example DAG requires the kubernetes provider. Please install it with: pip install apache-airflow[cncf.kubernetes]
[2026-03-18T07:11:00.011+0000] {processor.py:927} WARNING - No viable dags retrieved from /home/komal/data-engineering-projects/airflow-spark-pipeline/airflow_venv/lib/python3.11/site-packages/airflow/example_dags/example_kubernetes_executor.py
[2026-03-18T07:11:00.024+0000] {processor.py:208} INFO - Processing /home/komal/data-engineering-projects/airflow-spark-pipeline/airflow_venv/lib/python3.11/site-packages/airflow/example_dags/example_kubernetes_executor.py took 0.066 seconds
[2026-03-18T07:12:05.434+0000] {processor.py:186} INFO - Started process (PID=31411) to work on /home/komal/data-engineering-projects/airflow-spark-pipeline/airflow_venv/lib/python3.11/site-packages/airflow/example_dags/example_kubernetes_executor.py
[2026-03-18T07:12:05.436+0000] {processor.py:914} INFO - Processing file /home/komal/data-engineering-projects/airflow-spark-pipeline/airflow_venv/lib/python3.11/site-packages/airflow/example_dags/example_kubernetes_executor.py for tasks to queue
[2026-03-18T07:12:05.437+0000] {logging_mixin.py:190} INFO - [2026-03-18T07:12:05.437+0000] {dagbag.py:588} INFO - Filling up the DagBag from /home/komal/data-engineering-projects/airflow-spark-pipeline/airflow_venv/lib/python3.11/site-packages/airflow/example_dags/example_kubernetes_executor.py
[2026-03-18T07:12:05.443+0000] {logging_mixin.py:190} INFO - [2026-03-18T07:12:05.443+0000] {example_kubernetes_executor.py:39} WARNING - The example_kubernetes_executor example DAG requires the kubernetes provider. Please install it with: pip install apache-airflow[cncf.kubernetes]
[2026-03-18T07:12:05.444+0000] {processor.py:927} WARNING - No viable dags retrieved from /home/komal/data-engineering-projects/airflow-spark-pipeline/airflow_venv/lib/python3.11/site-packages/airflow/example_dags/example_kubernetes_executor.py
[2026-03-18T07:12:05.458+0000] {processor.py:208} INFO - Processing /home/komal/data-engineering-projects/airflow-spark-pipeline/airflow_venv/lib/python3.11/site-packages/airflow/example_dags/example_kubernetes_executor.py took 0.029 seconds
[2026-03-18T07:13:11.911+0000] {processor.py:186} INFO - Started process (PID=31477) to work on /home/komal/data-engineering-projects/airflow-spark-pipeline/airflow_venv/lib/python3.11/site-packages/airflow/example_dags/example_kubernetes_executor.py
[2026-03-18T07:13:11.915+0000] {processor.py:914} INFO - Processing file /home/komal/data-engineering-projects/airflow-spark-pipeline/airflow_venv/lib/python3.11/site-packages/airflow/example_dags/example_kubernetes_executor.py for tasks to queue
[2026-03-18T07:13:11.917+0000] {logging_mixin.py:190} INFO - [2026-03-18T07:13:11.916+0000] {dagbag.py:588} INFO - Filling up the DagBag from /home/komal/data-engineering-projects/airflow-spark-pipeline/airflow_venv/lib/python3.11/site-packages/airflow/example_dags/example_kubernetes_executor.py
[2026-03-18T07:13:11.919+0000] {logging_mixin.py:190} INFO - [2026-03-18T07:13:11.919+0000] {example_kubernetes_executor.py:39} WARNING - The example_kubernetes_executor example DAG requires the kubernetes provider. Please install it with: pip install apache-airflow[cncf.kubernetes]
[2026-03-18T07:13:11.919+0000] {processor.py:927} WARNING - No viable dags retrieved from /home/komal/data-engineering-projects/airflow-spark-pipeline/airflow_venv/lib/python3.11/site-packages/airflow/example_dags/example_kubernetes_executor.py
[2026-03-18T07:13:11.926+0000] {processor.py:208} INFO - Processing /home/komal/data-engineering-projects/airflow-spark-pipeline/airflow_venv/lib/python3.11/site-packages/airflow/example_dags/example_kubernetes_executor.py took 0.021 seconds
[2026-03-18T07:14:20.547+0000] {processor.py:186} INFO - Started process (PID=31543) to work on /home/komal/data-engineering-projects/airflow-spark-pipeline/airflow_venv/lib/python3.11/site-packages/airflow/example_dags/example_kubernetes_executor.py
[2026-03-18T07:14:20.578+0000] {processor.py:914} INFO - Processing file /home/komal/data-engineering-projects/airflow-spark-pipeline/airflow_venv/lib/python3.11/site-packages/airflow/example_dags/example_kubernetes_executor.py for tasks to queue
[2026-03-18T07:14:20.581+0000] {logging_mixin.py:190} INFO - [2026-03-18T07:14:20.580+0000] {dagbag.py:588} INFO - Filling up the DagBag from /home/komal/data-engineering-projects/airflow-spark-pipeline/airflow_venv/lib/python3.11/site-packages/airflow/example_dags/example_kubernetes_executor.py
[2026-03-18T07:14:20.586+0000] {logging_mixin.py:190} INFO - [2026-03-18T07:14:20.585+0000] {example_kubernetes_executor.py:39} WARNING - The example_kubernetes_executor example DAG requires the kubernetes provider. Please install it with: pip install apache-airflow[cncf.kubernetes]
[2026-03-18T07:14:20.586+0000] {processor.py:927} WARNING - No viable dags retrieved from /home/komal/data-engineering-projects/airflow-spark-pipeline/airflow_venv/lib/python3.11/site-packages/airflow/example_dags/example_kubernetes_executor.py
[2026-03-18T07:14:20.600+0000] {processor.py:208} INFO - Processing /home/komal/data-engineering-projects/airflow-spark-pipeline/airflow_venv/lib/python3.11/site-packages/airflow/example_dags/example_kubernetes_executor.py took 0.058 seconds
[2026-03-18T07:15:28.080+0000] {processor.py:186} INFO - Started process (PID=31610) to work on /home/komal/data-engineering-projects/airflow-spark-pipeline/airflow_venv/lib/python3.11/site-packages/airflow/example_dags/example_kubernetes_executor.py
[2026-03-18T07:15:28.111+0000] {processor.py:914} INFO - Processing file /home/komal/data-engineering-projects/airflow-spark-pipeline/airflow_venv/lib/python3.11/site-packages/airflow/example_dags/example_kubernetes_executor.py for tasks to queue
[2026-03-18T07:15:28.113+0000] {logging_mixin.py:190} INFO - [2026-03-18T07:15:28.113+0000] {dagbag.py:588} INFO - Filling up the DagBag from /home/komal/data-engineering-projects/airflow-spark-pipeline/airflow_venv/lib/python3.11/site-packages/airflow/example_dags/example_kubernetes_executor.py
[2026-03-18T07:15:28.119+0000] {logging_mixin.py:190} INFO - [2026-03-18T07:15:28.118+0000] {example_kubernetes_executor.py:39} WARNING - The example_kubernetes_executor example DAG requires the kubernetes provider. Please install it with: pip install apache-airflow[cncf.kubernetes]
[2026-03-18T07:15:28.119+0000] {processor.py:927} WARNING - No viable dags retrieved from /home/komal/data-engineering-projects/airflow-spark-pipeline/airflow_venv/lib/python3.11/site-packages/airflow/example_dags/example_kubernetes_executor.py
[2026-03-18T07:15:28.138+0000] {processor.py:208} INFO - Processing /home/komal/data-engineering-projects/airflow-spark-pipeline/airflow_venv/lib/python3.11/site-packages/airflow/example_dags/example_kubernetes_executor.py took 0.066 seconds
[2026-03-18T07:16:34.622+0000] {processor.py:186} INFO - Started process (PID=31677) to work on /home/komal/data-engineering-projects/airflow-spark-pipeline/airflow_venv/lib/python3.11/site-packages/airflow/example_dags/example_kubernetes_executor.py
[2026-03-18T07:16:34.654+0000] {processor.py:914} INFO - Processing file /home/komal/data-engineering-projects/airflow-spark-pipeline/airflow_venv/lib/python3.11/site-packages/airflow/example_dags/example_kubernetes_executor.py for tasks to queue
[2026-03-18T07:16:34.656+0000] {logging_mixin.py:190} INFO - [2026-03-18T07:16:34.656+0000] {dagbag.py:588} INFO - Filling up the DagBag from /home/komal/data-engineering-projects/airflow-spark-pipeline/airflow_venv/lib/python3.11/site-packages/airflow/example_dags/example_kubernetes_executor.py
[2026-03-18T07:16:34.662+0000] {logging_mixin.py:190} INFO - [2026-03-18T07:16:34.661+0000] {example_kubernetes_executor.py:39} WARNING - The example_kubernetes_executor example DAG requires the kubernetes provider. Please install it with: pip install apache-airflow[cncf.kubernetes]
[2026-03-18T07:16:34.662+0000] {processor.py:927} WARNING - No viable dags retrieved from /home/komal/data-engineering-projects/airflow-spark-pipeline/airflow_venv/lib/python3.11/site-packages/airflow/example_dags/example_kubernetes_executor.py
[2026-03-18T07:16:34.679+0000] {processor.py:208} INFO - Processing /home/komal/data-engineering-projects/airflow-spark-pipeline/airflow_venv/lib/python3.11/site-packages/airflow/example_dags/example_kubernetes_executor.py took 0.066 seconds
[2026-03-18T07:17:39.057+0000] {processor.py:186} INFO - Started process (PID=31757) to work on /home/komal/data-engineering-projects/airflow-spark-pipeline/airflow_venv/lib/python3.11/site-packages/airflow/example_dags/example_kubernetes_executor.py
[2026-03-18T07:17:39.060+0000] {processor.py:914} INFO - Processing file /home/komal/data-engineering-projects/airflow-spark-pipeline/airflow_venv/lib/python3.11/site-packages/airflow/example_dags/example_kubernetes_executor.py for tasks to queue
[2026-03-18T07:17:39.062+0000] {logging_mixin.py:190} INFO - [2026-03-18T07:17:39.061+0000] {dagbag.py:588} INFO - Filling up the DagBag from /home/komal/data-engineering-projects/airflow-spark-pipeline/airflow_venv/lib/python3.11/site-packages/airflow/example_dags/example_kubernetes_executor.py
[2026-03-18T07:17:39.069+0000] {logging_mixin.py:190} INFO - [2026-03-18T07:17:39.068+0000] {example_kubernetes_executor.py:39} WARNING - The example_kubernetes_executor example DAG requires the kubernetes provider. Please install it with: pip install apache-airflow[cncf.kubernetes]
[2026-03-18T07:17:39.069+0000] {processor.py:927} WARNING - No viable dags retrieved from /home/komal/data-engineering-projects/airflow-spark-pipeline/airflow_venv/lib/python3.11/site-packages/airflow/example_dags/example_kubernetes_executor.py
[2026-03-18T07:17:39.080+0000] {processor.py:208} INFO - Processing /home/komal/data-engineering-projects/airflow-spark-pipeline/airflow_venv/lib/python3.11/site-packages/airflow/example_dags/example_kubernetes_executor.py took 0.033 seconds
[2026-03-18T07:18:46.840+0000] {processor.py:186} INFO - Started process (PID=31997) to work on /home/komal/data-engineering-projects/airflow-spark-pipeline/airflow_venv/lib/python3.11/site-packages/airflow/example_dags/example_kubernetes_executor.py
[2026-03-18T07:18:46.873+0000] {processor.py:914} INFO - Processing file /home/komal/data-engineering-projects/airflow-spark-pipeline/airflow_venv/lib/python3.11/site-packages/airflow/example_dags/example_kubernetes_executor.py for tasks to queue
[2026-03-18T07:18:46.875+0000] {logging_mixin.py:190} INFO - [2026-03-18T07:18:46.875+0000] {dagbag.py:588} INFO - Filling up the DagBag from /home/komal/data-engineering-projects/airflow-spark-pipeline/airflow_venv/lib/python3.11/site-packages/airflow/example_dags/example_kubernetes_executor.py
[2026-03-18T07:18:46.881+0000] {logging_mixin.py:190} INFO - [2026-03-18T07:18:46.881+0000] {example_kubernetes_executor.py:39} WARNING - The example_kubernetes_executor example DAG requires the kubernetes provider. Please install it with: pip install apache-airflow[cncf.kubernetes]
[2026-03-18T07:18:46.882+0000] {processor.py:927} WARNING - No viable dags retrieved from /home/komal/data-engineering-projects/airflow-spark-pipeline/airflow_venv/lib/python3.11/site-packages/airflow/example_dags/example_kubernetes_executor.py
[2026-03-18T07:18:46.898+0000] {processor.py:208} INFO - Processing /home/komal/data-engineering-projects/airflow-spark-pipeline/airflow_venv/lib/python3.11/site-packages/airflow/example_dags/example_kubernetes_executor.py took 0.066 seconds
[2026-03-18T07:19:59.526+0000] {processor.py:186} INFO - Started process (PID=32068) to work on /home/komal/data-engineering-projects/airflow-spark-pipeline/airflow_venv/lib/python3.11/site-packages/airflow/example_dags/example_kubernetes_executor.py
[2026-03-18T07:19:59.559+0000] {processor.py:914} INFO - Processing file /home/komal/data-engineering-projects/airflow-spark-pipeline/airflow_venv/lib/python3.11/site-packages/airflow/example_dags/example_kubernetes_executor.py for tasks to queue
[2026-03-18T07:19:59.562+0000] {logging_mixin.py:190} INFO - [2026-03-18T07:19:59.561+0000] {dagbag.py:588} INFO - Filling up the DagBag from /home/komal/data-engineering-projects/airflow-spark-pipeline/airflow_venv/lib/python3.11/site-packages/airflow/example_dags/example_kubernetes_executor.py
[2026-03-18T07:19:59.567+0000] {logging_mixin.py:190} INFO - [2026-03-18T07:19:59.567+0000] {example_kubernetes_executor.py:39} WARNING - The example_kubernetes_executor example DAG requires the kubernetes provider. Please install it with: pip install apache-airflow[cncf.kubernetes]
[2026-03-18T07:19:59.568+0000] {processor.py:927} WARNING - No viable dags retrieved from /home/komal/data-engineering-projects/airflow-spark-pipeline/airflow_venv/lib/python3.11/site-packages/airflow/example_dags/example_kubernetes_executor.py
[2026-03-18T07:19:59.584+0000] {processor.py:208} INFO - Processing /home/komal/data-engineering-projects/airflow-spark-pipeline/airflow_venv/lib/python3.11/site-packages/airflow/example_dags/example_kubernetes_executor.py took 0.069 seconds
[2026-03-18T07:21:18.350+0000] {processor.py:186} INFO - Started process (PID=32141) to work on /home/komal/data-engineering-projects/airflow-spark-pipeline/airflow_venv/lib/python3.11/site-packages/airflow/example_dags/example_kubernetes_executor.py
[2026-03-18T07:21:18.384+0000] {processor.py:914} INFO - Processing file /home/komal/data-engineering-projects/airflow-spark-pipeline/airflow_venv/lib/python3.11/site-packages/airflow/example_dags/example_kubernetes_executor.py for tasks to queue
[2026-03-18T07:21:18.388+0000] {logging_mixin.py:190} INFO - [2026-03-18T07:21:18.387+0000] {dagbag.py:588} INFO - Filling up the DagBag from /home/komal/data-engineering-projects/airflow-spark-pipeline/airflow_venv/lib/python3.11/site-packages/airflow/example_dags/example_kubernetes_executor.py
[2026-03-18T07:21:18.394+0000] {logging_mixin.py:190} INFO - [2026-03-18T07:21:18.394+0000] {example_kubernetes_executor.py:39} WARNING - The example_kubernetes_executor example DAG requires the kubernetes provider. Please install it with: pip install apache-airflow[cncf.kubernetes]
[2026-03-18T07:21:18.395+0000] {processor.py:927} WARNING - No viable dags retrieved from /home/komal/data-engineering-projects/airflow-spark-pipeline/airflow_venv/lib/python3.11/site-packages/airflow/example_dags/example_kubernetes_executor.py
[2026-03-18T07:21:18.410+0000] {processor.py:208} INFO - Processing /home/komal/data-engineering-projects/airflow-spark-pipeline/airflow_venv/lib/python3.11/site-packages/airflow/example_dags/example_kubernetes_executor.py took 0.071 seconds
[2026-03-18T07:22:35.237+0000] {processor.py:186} INFO - Started process (PID=32211) to work on /home/komal/data-engineering-projects/airflow-spark-pipeline/airflow_venv/lib/python3.11/site-packages/airflow/example_dags/example_kubernetes_executor.py
[2026-03-18T07:22:35.273+0000] {processor.py:914} INFO - Processing file /home/komal/data-engineering-projects/airflow-spark-pipeline/airflow_venv/lib/python3.11/site-packages/airflow/example_dags/example_kubernetes_executor.py for tasks to queue
[2026-03-18T07:22:35.277+0000] {logging_mixin.py:190} INFO - [2026-03-18T07:22:35.276+0000] {dagbag.py:588} INFO - Filling up the DagBag from /home/komal/data-engineering-projects/airflow-spark-pipeline/airflow_venv/lib/python3.11/site-packages/airflow/example_dags/example_kubernetes_executor.py
[2026-03-18T07:22:35.284+0000] {logging_mixin.py:190} INFO - [2026-03-18T07:22:35.283+0000] {example_kubernetes_executor.py:39} WARNING - The example_kubernetes_executor example DAG requires the kubernetes provider. Please install it with: pip install apache-airflow[cncf.kubernetes]
[2026-03-18T07:22:35.284+0000] {processor.py:927} WARNING - No viable dags retrieved from /home/komal/data-engineering-projects/airflow-spark-pipeline/airflow_venv/lib/python3.11/site-packages/airflow/example_dags/example_kubernetes_executor.py
[2026-03-18T07:22:35.303+0000] {processor.py:208} INFO - Processing /home/komal/data-engineering-projects/airflow-spark-pipeline/airflow_venv/lib/python3.11/site-packages/airflow/example_dags/example_kubernetes_executor.py took 0.078 seconds
[2026-03-18T07:23:50.858+0000] {processor.py:186} INFO - Started process (PID=32515) to work on /home/komal/data-engineering-projects/airflow-spark-pipeline/airflow_venv/lib/python3.11/site-packages/airflow/example_dags/example_kubernetes_executor.py
[2026-03-18T07:23:50.890+0000] {processor.py:914} INFO - Processing file /home/komal/data-engineering-projects/airflow-spark-pipeline/airflow_venv/lib/python3.11/site-packages/airflow/example_dags/example_kubernetes_executor.py for tasks to queue
[2026-03-18T07:23:50.893+0000] {logging_mixin.py:190} INFO - [2026-03-18T07:23:50.892+0000] {dagbag.py:588} INFO - Filling up the DagBag from /home/komal/data-engineering-projects/airflow-spark-pipeline/airflow_venv/lib/python3.11/site-packages/airflow/example_dags/example_kubernetes_executor.py
[2026-03-18T07:23:50.899+0000] {logging_mixin.py:190} INFO - [2026-03-18T07:23:50.898+0000] {example_kubernetes_executor.py:39} WARNING - The example_kubernetes_executor example DAG requires the kubernetes provider. Please install it with: pip install apache-airflow[cncf.kubernetes]
[2026-03-18T07:23:50.899+0000] {processor.py:927} WARNING - No viable dags retrieved from /home/komal/data-engineering-projects/airflow-spark-pipeline/airflow_venv/lib/python3.11/site-packages/airflow/example_dags/example_kubernetes_executor.py
[2026-03-18T07:23:50.922+0000] {processor.py:208} INFO - Processing /home/komal/data-engineering-projects/airflow-spark-pipeline/airflow_venv/lib/python3.11/site-packages/airflow/example_dags/example_kubernetes_executor.py took 0.075 seconds
[2026-03-18T07:25:00.530+0000] {processor.py:186} INFO - Started process (PID=32582) to work on /home/komal/data-engineering-projects/airflow-spark-pipeline/airflow_venv/lib/python3.11/site-packages/airflow/example_dags/example_kubernetes_executor.py
[2026-03-18T07:25:00.533+0000] {processor.py:914} INFO - Processing file /home/komal/data-engineering-projects/airflow-spark-pipeline/airflow_venv/lib/python3.11/site-packages/airflow/example_dags/example_kubernetes_executor.py for tasks to queue
[2026-03-18T07:25:00.536+0000] {logging_mixin.py:190} INFO - [2026-03-18T07:25:00.536+0000] {dagbag.py:588} INFO - Filling up the DagBag from /home/komal/data-engineering-projects/airflow-spark-pipeline/airflow_venv/lib/python3.11/site-packages/airflow/example_dags/example_kubernetes_executor.py
[2026-03-18T07:25:00.542+0000] {logging_mixin.py:190} INFO - [2026-03-18T07:25:00.541+0000] {example_kubernetes_executor.py:39} WARNING - The example_kubernetes_executor example DAG requires the kubernetes provider. Please install it with: pip install apache-airflow[cncf.kubernetes]
[2026-03-18T07:25:00.542+0000] {processor.py:927} WARNING - No viable dags retrieved from /home/komal/data-engineering-projects/airflow-spark-pipeline/airflow_venv/lib/python3.11/site-packages/airflow/example_dags/example_kubernetes_executor.py
[2026-03-18T07:25:00.556+0000] {processor.py:208} INFO - Processing /home/komal/data-engineering-projects/airflow-spark-pipeline/airflow_venv/lib/python3.11/site-packages/airflow/example_dags/example_kubernetes_executor.py took 0.032 seconds
[2026-03-18T07:27:08.499+0000] {processor.py:186} INFO - Started process (PID=32706) to work on /home/komal/data-engineering-projects/airflow-spark-pipeline/airflow_venv/lib/python3.11/site-packages/airflow/example_dags/example_kubernetes_executor.py
[2026-03-18T07:27:08.503+0000] {processor.py:914} INFO - Processing file /home/komal/data-engineering-projects/airflow-spark-pipeline/airflow_venv/lib/python3.11/site-packages/airflow/example_dags/example_kubernetes_executor.py for tasks to queue
[2026-03-18T07:27:08.505+0000] {logging_mixin.py:190} INFO - [2026-03-18T07:27:08.505+0000] {dagbag.py:588} INFO - Filling up the DagBag from /home/komal/data-engineering-projects/airflow-spark-pipeline/airflow_venv/lib/python3.11/site-packages/airflow/example_dags/example_kubernetes_executor.py
[2026-03-18T07:27:08.509+0000] {logging_mixin.py:190} INFO - [2026-03-18T07:27:08.509+0000] {example_kubernetes_executor.py:39} WARNING - The example_kubernetes_executor example DAG requires the kubernetes provider. Please install it with: pip install apache-airflow[cncf.kubernetes]
[2026-03-18T07:27:08.510+0000] {processor.py:927} WARNING - No viable dags retrieved from /home/komal/data-engineering-projects/airflow-spark-pipeline/airflow_venv/lib/python3.11/site-packages/airflow/example_dags/example_kubernetes_executor.py
[2026-03-18T07:27:08.529+0000] {processor.py:208} INFO - Processing /home/komal/data-engineering-projects/airflow-spark-pipeline/airflow_venv/lib/python3.11/site-packages/airflow/example_dags/example_kubernetes_executor.py took 0.038 seconds
[2026-03-18T07:28:22.869+0000] {processor.py:186} INFO - Started process (PID=32774) to work on /home/komal/data-engineering-projects/airflow-spark-pipeline/airflow_venv/lib/python3.11/site-packages/airflow/example_dags/example_kubernetes_executor.py
[2026-03-18T07:28:22.886+0000] {processor.py:914} INFO - Processing file /home/komal/data-engineering-projects/airflow-spark-pipeline/airflow_venv/lib/python3.11/site-packages/airflow/example_dags/example_kubernetes_executor.py for tasks to queue
[2026-03-18T07:28:22.891+0000] {logging_mixin.py:190} INFO - [2026-03-18T07:28:22.890+0000] {dagbag.py:588} INFO - Filling up the DagBag from /home/komal/data-engineering-projects/airflow-spark-pipeline/airflow_venv/lib/python3.11/site-packages/airflow/example_dags/example_kubernetes_executor.py
[2026-03-18T07:28:22.897+0000] {logging_mixin.py:190} INFO - [2026-03-18T07:28:22.896+0000] {example_kubernetes_executor.py:39} WARNING - The example_kubernetes_executor example DAG requires the kubernetes provider. Please install it with: pip install apache-airflow[cncf.kubernetes]
[2026-03-18T07:28:22.897+0000] {processor.py:927} WARNING - No viable dags retrieved from /home/komal/data-engineering-projects/airflow-spark-pipeline/airflow_venv/lib/python3.11/site-packages/airflow/example_dags/example_kubernetes_executor.py
[2026-03-18T07:28:22.916+0000] {processor.py:208} INFO - Processing /home/komal/data-engineering-projects/airflow-spark-pipeline/airflow_venv/lib/python3.11/site-packages/airflow/example_dags/example_kubernetes_executor.py took 0.055 seconds
[2026-03-18T07:30:42.322+0000] {processor.py:186} INFO - Started process (PID=32985) to work on /home/komal/data-engineering-projects/airflow-spark-pipeline/airflow_venv/lib/python3.11/site-packages/airflow/example_dags/example_kubernetes_executor.py
[2026-03-18T07:30:42.336+0000] {processor.py:914} INFO - Processing file /home/komal/data-engineering-projects/airflow-spark-pipeline/airflow_venv/lib/python3.11/site-packages/airflow/example_dags/example_kubernetes_executor.py for tasks to queue
[2026-03-18T07:30:42.340+0000] {logging_mixin.py:190} INFO - [2026-03-18T07:30:42.339+0000] {dagbag.py:588} INFO - Filling up the DagBag from /home/komal/data-engineering-projects/airflow-spark-pipeline/airflow_venv/lib/python3.11/site-packages/airflow/example_dags/example_kubernetes_executor.py
[2026-03-18T07:30:42.345+0000] {logging_mixin.py:190} INFO - [2026-03-18T07:30:42.344+0000] {example_kubernetes_executor.py:39} WARNING - The example_kubernetes_executor example DAG requires the kubernetes provider. Please install it with: pip install apache-airflow[cncf.kubernetes]
[2026-03-18T07:30:42.346+0000] {processor.py:927} WARNING - No viable dags retrieved from /home/komal/data-engineering-projects/airflow-spark-pipeline/airflow_venv/lib/python3.11/site-packages/airflow/example_dags/example_kubernetes_executor.py
[2026-03-18T07:30:42.363+0000] {processor.py:208} INFO - Processing /home/komal/data-engineering-projects/airflow-spark-pipeline/airflow_venv/lib/python3.11/site-packages/airflow/example_dags/example_kubernetes_executor.py took 0.052 seconds
[2026-03-18T07:32:03.601+0000] {processor.py:186} INFO - Started process (PID=33064) to work on /home/komal/data-engineering-projects/airflow-spark-pipeline/airflow_venv/lib/python3.11/site-packages/airflow/example_dags/example_kubernetes_executor.py
[2026-03-18T07:32:03.633+0000] {processor.py:914} INFO - Processing file /home/komal/data-engineering-projects/airflow-spark-pipeline/airflow_venv/lib/python3.11/site-packages/airflow/example_dags/example_kubernetes_executor.py for tasks to queue
[2026-03-18T07:32:03.637+0000] {logging_mixin.py:190} INFO - [2026-03-18T07:32:03.636+0000] {dagbag.py:588} INFO - Filling up the DagBag from /home/komal/data-engineering-projects/airflow-spark-pipeline/airflow_venv/lib/python3.11/site-packages/airflow/example_dags/example_kubernetes_executor.py
[2026-03-18T07:32:03.640+0000] {logging_mixin.py:190} INFO - [2026-03-18T07:32:03.640+0000] {example_kubernetes_executor.py:39} WARNING - The example_kubernetes_executor example DAG requires the kubernetes provider. Please install it with: pip install apache-airflow[cncf.kubernetes]
[2026-03-18T07:32:03.640+0000] {processor.py:927} WARNING - No viable dags retrieved from /home/komal/data-engineering-projects/airflow-spark-pipeline/airflow_venv/lib/python3.11/site-packages/airflow/example_dags/example_kubernetes_executor.py
[2026-03-18T07:32:03.656+0000] {processor.py:208} INFO - Processing /home/komal/data-engineering-projects/airflow-spark-pipeline/airflow_venv/lib/python3.11/site-packages/airflow/example_dags/example_kubernetes_executor.py took 0.064 seconds
[2026-03-18T07:33:22.962+0000] {processor.py:186} INFO - Started process (PID=33135) to work on /home/komal/data-engineering-projects/airflow-spark-pipeline/airflow_venv/lib/python3.11/site-packages/airflow/example_dags/example_kubernetes_executor.py
[2026-03-18T07:33:22.994+0000] {processor.py:914} INFO - Processing file /home/komal/data-engineering-projects/airflow-spark-pipeline/airflow_venv/lib/python3.11/site-packages/airflow/example_dags/example_kubernetes_executor.py for tasks to queue
[2026-03-18T07:33:23.000+0000] {logging_mixin.py:190} INFO - [2026-03-18T07:33:22.999+0000] {dagbag.py:588} INFO - Filling up the DagBag from /home/komal/data-engineering-projects/airflow-spark-pipeline/airflow_venv/lib/python3.11/site-packages/airflow/example_dags/example_kubernetes_executor.py
[2026-03-18T07:33:23.007+0000] {logging_mixin.py:190} INFO - [2026-03-18T07:33:23.006+0000] {example_kubernetes_executor.py:39} WARNING - The example_kubernetes_executor example DAG requires the kubernetes provider. Please install it with: pip install apache-airflow[cncf.kubernetes]
[2026-03-18T07:33:23.007+0000] {processor.py:927} WARNING - No viable dags retrieved from /home/komal/data-engineering-projects/airflow-spark-pipeline/airflow_venv/lib/python3.11/site-packages/airflow/example_dags/example_kubernetes_executor.py
[2026-03-18T07:33:23.029+0000] {processor.py:208} INFO - Processing /home/komal/data-engineering-projects/airflow-spark-pipeline/airflow_venv/lib/python3.11/site-packages/airflow/example_dags/example_kubernetes_executor.py took 0.076 seconds
[2026-03-18T07:35:16.332+0000] {processor.py:186} INFO - Started process (PID=33299) to work on /home/komal/data-engineering-projects/airflow-spark-pipeline/airflow_venv/lib/python3.11/site-packages/airflow/example_dags/example_kubernetes_executor.py
[2026-03-18T07:35:16.340+0000] {processor.py:914} INFO - Processing file /home/komal/data-engineering-projects/airflow-spark-pipeline/airflow_venv/lib/python3.11/site-packages/airflow/example_dags/example_kubernetes_executor.py for tasks to queue
[2026-03-18T07:35:16.343+0000] {logging_mixin.py:190} INFO - [2026-03-18T07:35:16.342+0000] {dagbag.py:588} INFO - Filling up the DagBag from /home/komal/data-engineering-projects/airflow-spark-pipeline/airflow_venv/lib/python3.11/site-packages/airflow/example_dags/example_kubernetes_executor.py
[2026-03-18T07:35:16.347+0000] {logging_mixin.py:190} INFO - [2026-03-18T07:35:16.347+0000] {example_kubernetes_executor.py:39} WARNING - The example_kubernetes_executor example DAG requires the kubernetes provider. Please install it with: pip install apache-airflow[cncf.kubernetes]
[2026-03-18T07:35:16.347+0000] {processor.py:927} WARNING - No viable dags retrieved from /home/komal/data-engineering-projects/airflow-spark-pipeline/airflow_venv/lib/python3.11/site-packages/airflow/example_dags/example_kubernetes_executor.py
[2026-03-18T07:35:16.362+0000] {processor.py:208} INFO - Processing /home/komal/data-engineering-projects/airflow-spark-pipeline/airflow_venv/lib/python3.11/site-packages/airflow/example_dags/example_kubernetes_executor.py took 0.037 seconds
[2026-03-18T07:36:25.755+0000] {processor.py:186} INFO - Started process (PID=33365) to work on /home/komal/data-engineering-projects/airflow-spark-pipeline/airflow_venv/lib/python3.11/site-packages/airflow/example_dags/example_kubernetes_executor.py
[2026-03-18T07:36:25.788+0000] {processor.py:914} INFO - Processing file /home/komal/data-engineering-projects/airflow-spark-pipeline/airflow_venv/lib/python3.11/site-packages/airflow/example_dags/example_kubernetes_executor.py for tasks to queue
[2026-03-18T07:36:25.791+0000] {logging_mixin.py:190} INFO - [2026-03-18T07:36:25.791+0000] {dagbag.py:588} INFO - Filling up the DagBag from /home/komal/data-engineering-projects/airflow-spark-pipeline/airflow_venv/lib/python3.11/site-packages/airflow/example_dags/example_kubernetes_executor.py
[2026-03-18T07:36:25.796+0000] {logging_mixin.py:190} INFO - [2026-03-18T07:36:25.796+0000] {example_kubernetes_executor.py:39} WARNING - The example_kubernetes_executor example DAG requires the kubernetes provider. Please install it with: pip install apache-airflow[cncf.kubernetes]
[2026-03-18T07:36:25.797+0000] {processor.py:927} WARNING - No viable dags retrieved from /home/komal/data-engineering-projects/airflow-spark-pipeline/airflow_venv/lib/python3.11/site-packages/airflow/example_dags/example_kubernetes_executor.py
[2026-03-18T07:36:25.810+0000] {processor.py:208} INFO - Processing /home/komal/data-engineering-projects/airflow-spark-pipeline/airflow_venv/lib/python3.11/site-packages/airflow/example_dags/example_kubernetes_executor.py took 0.064 seconds
[2026-03-18T07:37:39.137+0000] {processor.py:186} INFO - Started process (PID=33434) to work on /home/komal/data-engineering-projects/airflow-spark-pipeline/airflow_venv/lib/python3.11/site-packages/airflow/example_dags/example_kubernetes_executor.py
[2026-03-18T07:37:39.141+0000] {processor.py:914} INFO - Processing file /home/komal/data-engineering-projects/airflow-spark-pipeline/airflow_venv/lib/python3.11/site-packages/airflow/example_dags/example_kubernetes_executor.py for tasks to queue
[2026-03-18T07:37:39.145+0000] {logging_mixin.py:190} INFO - [2026-03-18T07:37:39.145+0000] {dagbag.py:588} INFO - Filling up the DagBag from /home/komal/data-engineering-projects/airflow-spark-pipeline/airflow_venv/lib/python3.11/site-packages/airflow/example_dags/example_kubernetes_executor.py
[2026-03-18T07:37:39.151+0000] {logging_mixin.py:190} INFO - [2026-03-18T07:37:39.151+0000] {example_kubernetes_executor.py:39} WARNING - The example_kubernetes_executor example DAG requires the kubernetes provider. Please install it with: pip install apache-airflow[cncf.kubernetes]
[2026-03-18T07:37:39.152+0000] {processor.py:927} WARNING - No viable dags retrieved from /home/komal/data-engineering-projects/airflow-spark-pipeline/airflow_venv/lib/python3.11/site-packages/airflow/example_dags/example_kubernetes_executor.py
[2026-03-18T07:37:39.166+0000] {processor.py:208} INFO - Processing /home/komal/data-engineering-projects/airflow-spark-pipeline/airflow_venv/lib/python3.11/site-packages/airflow/example_dags/example_kubernetes_executor.py took 0.040 seconds
[2026-03-18T07:38:59.518+0000] {processor.py:186} INFO - Started process (PID=33576) to work on /home/komal/data-engineering-projects/airflow-spark-pipeline/airflow_venv/lib/python3.11/site-packages/airflow/example_dags/example_kubernetes_executor.py
[2026-03-18T07:38:59.550+0000] {processor.py:914} INFO - Processing file /home/komal/data-engineering-projects/airflow-spark-pipeline/airflow_venv/lib/python3.11/site-packages/airflow/example_dags/example_kubernetes_executor.py for tasks to queue
[2026-03-18T07:38:59.553+0000] {logging_mixin.py:190} INFO - [2026-03-18T07:38:59.553+0000] {dagbag.py:588} INFO - Filling up the DagBag from /home/komal/data-engineering-projects/airflow-spark-pipeline/airflow_venv/lib/python3.11/site-packages/airflow/example_dags/example_kubernetes_executor.py
[2026-03-18T07:38:59.559+0000] {logging_mixin.py:190} INFO - [2026-03-18T07:38:59.559+0000] {example_kubernetes_executor.py:39} WARNING - The example_kubernetes_executor example DAG requires the kubernetes provider. Please install it with: pip install apache-airflow[cncf.kubernetes]
[2026-03-18T07:38:59.560+0000] {processor.py:927} WARNING - No viable dags retrieved from /home/komal/data-engineering-projects/airflow-spark-pipeline/airflow_venv/lib/python3.11/site-packages/airflow/example_dags/example_kubernetes_executor.py
[2026-03-18T07:38:59.575+0000] {processor.py:208} INFO - Processing /home/komal/data-engineering-projects/airflow-spark-pipeline/airflow_venv/lib/python3.11/site-packages/airflow/example_dags/example_kubernetes_executor.py took 0.064 seconds
[2026-03-18T07:40:10.349+0000] {processor.py:186} INFO - Started process (PID=33648) to work on /home/komal/data-engineering-projects/airflow-spark-pipeline/airflow_venv/lib/python3.11/site-packages/airflow/example_dags/example_kubernetes_executor.py
[2026-03-18T07:40:10.382+0000] {processor.py:914} INFO - Processing file /home/komal/data-engineering-projects/airflow-spark-pipeline/airflow_venv/lib/python3.11/site-packages/airflow/example_dags/example_kubernetes_executor.py for tasks to queue
[2026-03-18T07:40:10.386+0000] {logging_mixin.py:190} INFO - [2026-03-18T07:40:10.385+0000] {dagbag.py:588} INFO - Filling up the DagBag from /home/komal/data-engineering-projects/airflow-spark-pipeline/airflow_venv/lib/python3.11/site-packages/airflow/example_dags/example_kubernetes_executor.py
[2026-03-18T07:40:10.393+0000] {logging_mixin.py:190} INFO - [2026-03-18T07:40:10.393+0000] {example_kubernetes_executor.py:39} WARNING - The example_kubernetes_executor example DAG requires the kubernetes provider. Please install it with: pip install apache-airflow[cncf.kubernetes]
[2026-03-18T07:40:10.394+0000] {processor.py:927} WARNING - No viable dags retrieved from /home/komal/data-engineering-projects/airflow-spark-pipeline/airflow_venv/lib/python3.11/site-packages/airflow/example_dags/example_kubernetes_executor.py
[2026-03-18T07:40:10.408+0000] {processor.py:208} INFO - Processing /home/komal/data-engineering-projects/airflow-spark-pipeline/airflow_venv/lib/python3.11/site-packages/airflow/example_dags/example_kubernetes_executor.py took 0.069 seconds
[2026-03-18T07:41:23.347+0000] {processor.py:186} INFO - Started process (PID=33716) to work on /home/komal/data-engineering-projects/airflow-spark-pipeline/airflow_venv/lib/python3.11/site-packages/airflow/example_dags/example_kubernetes_executor.py
[2026-03-18T07:41:23.380+0000] {processor.py:914} INFO - Processing file /home/komal/data-engineering-projects/airflow-spark-pipeline/airflow_venv/lib/python3.11/site-packages/airflow/example_dags/example_kubernetes_executor.py for tasks to queue
[2026-03-18T07:41:23.383+0000] {logging_mixin.py:190} INFO - [2026-03-18T07:41:23.382+0000] {dagbag.py:588} INFO - Filling up the DagBag from /home/komal/data-engineering-projects/airflow-spark-pipeline/airflow_venv/lib/python3.11/site-packages/airflow/example_dags/example_kubernetes_executor.py
[2026-03-18T07:41:23.387+0000] {logging_mixin.py:190} INFO - [2026-03-18T07:41:23.386+0000] {example_kubernetes_executor.py:39} WARNING - The example_kubernetes_executor example DAG requires the kubernetes provider. Please install it with: pip install apache-airflow[cncf.kubernetes]
[2026-03-18T07:41:23.387+0000] {processor.py:927} WARNING - No viable dags retrieved from /home/komal/data-engineering-projects/airflow-spark-pipeline/airflow_venv/lib/python3.11/site-packages/airflow/example_dags/example_kubernetes_executor.py
[2026-03-18T07:41:23.401+0000] {processor.py:208} INFO - Processing /home/komal/data-engineering-projects/airflow-spark-pipeline/airflow_venv/lib/python3.11/site-packages/airflow/example_dags/example_kubernetes_executor.py took 0.062 seconds
[2026-03-18T07:43:16.078+0000] {processor.py:186} INFO - Started process (PID=33896) to work on /home/komal/data-engineering-projects/airflow-spark-pipeline/airflow_venv/lib/python3.11/site-packages/airflow/example_dags/example_kubernetes_executor.py
[2026-03-18T07:43:16.111+0000] {processor.py:914} INFO - Processing file /home/komal/data-engineering-projects/airflow-spark-pipeline/airflow_venv/lib/python3.11/site-packages/airflow/example_dags/example_kubernetes_executor.py for tasks to queue
[2026-03-18T07:43:16.115+0000] {logging_mixin.py:190} INFO - [2026-03-18T07:43:16.114+0000] {dagbag.py:588} INFO - Filling up the DagBag from /home/komal/data-engineering-projects/airflow-spark-pipeline/airflow_venv/lib/python3.11/site-packages/airflow/example_dags/example_kubernetes_executor.py
[2026-03-18T07:43:16.120+0000] {logging_mixin.py:190} INFO - [2026-03-18T07:43:16.120+0000] {example_kubernetes_executor.py:39} WARNING - The example_kubernetes_executor example DAG requires the kubernetes provider. Please install it with: pip install apache-airflow[cncf.kubernetes]
[2026-03-18T07:43:16.120+0000] {processor.py:927} WARNING - No viable dags retrieved from /home/komal/data-engineering-projects/airflow-spark-pipeline/airflow_venv/lib/python3.11/site-packages/airflow/example_dags/example_kubernetes_executor.py
[2026-03-18T07:43:16.138+0000] {processor.py:208} INFO - Processing /home/komal/data-engineering-projects/airflow-spark-pipeline/airflow_venv/lib/python3.11/site-packages/airflow/example_dags/example_kubernetes_executor.py took 0.067 seconds
[2026-03-18T07:44:25.135+0000] {processor.py:186} INFO - Started process (PID=33962) to work on /home/komal/data-engineering-projects/airflow-spark-pipeline/airflow_venv/lib/python3.11/site-packages/airflow/example_dags/example_kubernetes_executor.py
[2026-03-18T07:44:25.167+0000] {processor.py:914} INFO - Processing file /home/komal/data-engineering-projects/airflow-spark-pipeline/airflow_venv/lib/python3.11/site-packages/airflow/example_dags/example_kubernetes_executor.py for tasks to queue
[2026-03-18T07:44:25.171+0000] {logging_mixin.py:190} INFO - [2026-03-18T07:44:25.170+0000] {dagbag.py:588} INFO - Filling up the DagBag from /home/komal/data-engineering-projects/airflow-spark-pipeline/airflow_venv/lib/python3.11/site-packages/airflow/example_dags/example_kubernetes_executor.py
[2026-03-18T07:44:25.175+0000] {logging_mixin.py:190} INFO - [2026-03-18T07:44:25.175+0000] {example_kubernetes_executor.py:39} WARNING - The example_kubernetes_executor example DAG requires the kubernetes provider. Please install it with: pip install apache-airflow[cncf.kubernetes]
[2026-03-18T07:44:25.175+0000] {processor.py:927} WARNING - No viable dags retrieved from /home/komal/data-engineering-projects/airflow-spark-pipeline/airflow_venv/lib/python3.11/site-packages/airflow/example_dags/example_kubernetes_executor.py
[2026-03-18T07:44:25.196+0000] {processor.py:208} INFO - Processing /home/komal/data-engineering-projects/airflow-spark-pipeline/airflow_venv/lib/python3.11/site-packages/airflow/example_dags/example_kubernetes_executor.py took 0.069 seconds
[2026-03-18T07:45:33.398+0000] {processor.py:186} INFO - Started process (PID=34036) to work on /home/komal/data-engineering-projects/airflow-spark-pipeline/airflow_venv/lib/python3.11/site-packages/airflow/example_dags/example_kubernetes_executor.py
[2026-03-18T07:45:33.403+0000] {processor.py:914} INFO - Processing file /home/komal/data-engineering-projects/airflow-spark-pipeline/airflow_venv/lib/python3.11/site-packages/airflow/example_dags/example_kubernetes_executor.py for tasks to queue
[2026-03-18T07:45:33.407+0000] {logging_mixin.py:190} INFO - [2026-03-18T07:45:33.407+0000] {dagbag.py:588} INFO - Filling up the DagBag from /home/komal/data-engineering-projects/airflow-spark-pipeline/airflow_venv/lib/python3.11/site-packages/airflow/example_dags/example_kubernetes_executor.py
[2026-03-18T07:45:33.412+0000] {logging_mixin.py:190} INFO - [2026-03-18T07:45:33.412+0000] {example_kubernetes_executor.py:39} WARNING - The example_kubernetes_executor example DAG requires the kubernetes provider. Please install it with: pip install apache-airflow[cncf.kubernetes]
[2026-03-18T07:45:33.413+0000] {processor.py:927} WARNING - No viable dags retrieved from /home/komal/data-engineering-projects/airflow-spark-pipeline/airflow_venv/lib/python3.11/site-packages/airflow/example_dags/example_kubernetes_executor.py
[2026-03-18T07:45:33.426+0000] {processor.py:208} INFO - Processing /home/komal/data-engineering-projects/airflow-spark-pipeline/airflow_venv/lib/python3.11/site-packages/airflow/example_dags/example_kubernetes_executor.py took 0.038 seconds
[2026-03-18T07:46:45.323+0000] {processor.py:186} INFO - Started process (PID=34102) to work on /home/komal/data-engineering-projects/airflow-spark-pipeline/airflow_venv/lib/python3.11/site-packages/airflow/example_dags/example_kubernetes_executor.py
[2026-03-18T07:46:45.328+0000] {processor.py:914} INFO - Processing file /home/komal/data-engineering-projects/airflow-spark-pipeline/airflow_venv/lib/python3.11/site-packages/airflow/example_dags/example_kubernetes_executor.py for tasks to queue
[2026-03-18T07:46:45.331+0000] {logging_mixin.py:190} INFO - [2026-03-18T07:46:45.330+0000] {dagbag.py:588} INFO - Filling up the DagBag from /home/komal/data-engineering-projects/airflow-spark-pipeline/airflow_venv/lib/python3.11/site-packages/airflow/example_dags/example_kubernetes_executor.py
[2026-03-18T07:46:45.335+0000] {logging_mixin.py:190} INFO - [2026-03-18T07:46:45.335+0000] {example_kubernetes_executor.py:39} WARNING - The example_kubernetes_executor example DAG requires the kubernetes provider. Please install it with: pip install apache-airflow[cncf.kubernetes]
[2026-03-18T07:46:45.335+0000] {processor.py:927} WARNING - No viable dags retrieved from /home/komal/data-engineering-projects/airflow-spark-pipeline/airflow_venv/lib/python3.11/site-packages/airflow/example_dags/example_kubernetes_executor.py
[2026-03-18T07:46:45.347+0000] {processor.py:208} INFO - Processing /home/komal/data-engineering-projects/airflow-spark-pipeline/airflow_venv/lib/python3.11/site-packages/airflow/example_dags/example_kubernetes_executor.py took 0.034 seconds
[2026-03-18T07:50:00.052+0000] {processor.py:186} INFO - Started process (PID=34205) to work on /home/komal/data-engineering-projects/airflow-spark-pipeline/airflow_venv/lib/python3.11/site-packages/airflow/example_dags/example_kubernetes_executor.py
[2026-03-18T07:50:00.055+0000] {processor.py:914} INFO - Processing file /home/komal/data-engineering-projects/airflow-spark-pipeline/airflow_venv/lib/python3.11/site-packages/airflow/example_dags/example_kubernetes_executor.py for tasks to queue
[2026-03-18T07:50:00.058+0000] {logging_mixin.py:190} INFO - [2026-03-18T07:50:00.057+0000] {dagbag.py:588} INFO - Filling up the DagBag from /home/komal/data-engineering-projects/airflow-spark-pipeline/airflow_venv/lib/python3.11/site-packages/airflow/example_dags/example_kubernetes_executor.py
[2026-03-18T07:50:00.061+0000] {logging_mixin.py:190} INFO - [2026-03-18T07:50:00.061+0000] {example_kubernetes_executor.py:39} WARNING - The example_kubernetes_executor example DAG requires the kubernetes provider. Please install it with: pip install apache-airflow[cncf.kubernetes]
[2026-03-18T07:50:00.061+0000] {processor.py:927} WARNING - No viable dags retrieved from /home/komal/data-engineering-projects/airflow-spark-pipeline/airflow_venv/lib/python3.11/site-packages/airflow/example_dags/example_kubernetes_executor.py
[2026-03-18T07:50:00.079+0000] {processor.py:208} INFO - Processing /home/komal/data-engineering-projects/airflow-spark-pipeline/airflow_venv/lib/python3.11/site-packages/airflow/example_dags/example_kubernetes_executor.py took 0.040 seconds
[2026-03-18T07:51:11.449+0000] {processor.py:186} INFO - Started process (PID=34294) to work on /home/komal/data-engineering-projects/airflow-spark-pipeline/airflow_venv/lib/python3.11/site-packages/airflow/example_dags/example_kubernetes_executor.py
[2026-03-18T07:51:11.481+0000] {processor.py:914} INFO - Processing file /home/komal/data-engineering-projects/airflow-spark-pipeline/airflow_venv/lib/python3.11/site-packages/airflow/example_dags/example_kubernetes_executor.py for tasks to queue
[2026-03-18T07:51:11.486+0000] {logging_mixin.py:190} INFO - [2026-03-18T07:51:11.486+0000] {dagbag.py:588} INFO - Filling up the DagBag from /home/komal/data-engineering-projects/airflow-spark-pipeline/airflow_venv/lib/python3.11/site-packages/airflow/example_dags/example_kubernetes_executor.py
[2026-03-18T07:51:11.492+0000] {logging_mixin.py:190} INFO - [2026-03-18T07:51:11.491+0000] {example_kubernetes_executor.py:39} WARNING - The example_kubernetes_executor example DAG requires the kubernetes provider. Please install it with: pip install apache-airflow[cncf.kubernetes]
[2026-03-18T07:51:11.492+0000] {processor.py:927} WARNING - No viable dags retrieved from /home/komal/data-engineering-projects/airflow-spark-pipeline/airflow_venv/lib/python3.11/site-packages/airflow/example_dags/example_kubernetes_executor.py
[2026-03-18T07:51:11.521+0000] {processor.py:208} INFO - Processing /home/komal/data-engineering-projects/airflow-spark-pipeline/airflow_venv/lib/python3.11/site-packages/airflow/example_dags/example_kubernetes_executor.py took 0.084 seconds
[2026-03-18T07:52:25.730+0000] {processor.py:186} INFO - Started process (PID=34363) to work on /home/komal/data-engineering-projects/airflow-spark-pipeline/airflow_venv/lib/python3.11/site-packages/airflow/example_dags/example_kubernetes_executor.py
[2026-03-18T07:52:25.754+0000] {processor.py:914} INFO - Processing file /home/komal/data-engineering-projects/airflow-spark-pipeline/airflow_venv/lib/python3.11/site-packages/airflow/example_dags/example_kubernetes_executor.py for tasks to queue
[2026-03-18T07:52:25.758+0000] {logging_mixin.py:190} INFO - [2026-03-18T07:52:25.757+0000] {dagbag.py:588} INFO - Filling up the DagBag from /home/komal/data-engineering-projects/airflow-spark-pipeline/airflow_venv/lib/python3.11/site-packages/airflow/example_dags/example_kubernetes_executor.py
[2026-03-18T07:52:25.764+0000] {logging_mixin.py:190} INFO - [2026-03-18T07:52:25.763+0000] {example_kubernetes_executor.py:39} WARNING - The example_kubernetes_executor example DAG requires the kubernetes provider. Please install it with: pip install apache-airflow[cncf.kubernetes]
[2026-03-18T07:52:25.764+0000] {processor.py:927} WARNING - No viable dags retrieved from /home/komal/data-engineering-projects/airflow-spark-pipeline/airflow_venv/lib/python3.11/site-packages/airflow/example_dags/example_kubernetes_executor.py
[2026-03-18T07:52:25.782+0000] {processor.py:208} INFO - Processing /home/komal/data-engineering-projects/airflow-spark-pipeline/airflow_venv/lib/python3.11/site-packages/airflow/example_dags/example_kubernetes_executor.py took 0.064 seconds
[2026-03-18T07:53:51.230+0000] {processor.py:186} INFO - Started process (PID=34443) to work on /home/komal/data-engineering-projects/airflow-spark-pipeline/airflow_venv/lib/python3.11/site-packages/airflow/example_dags/example_kubernetes_executor.py
[2026-03-18T07:53:51.262+0000] {processor.py:914} INFO - Processing file /home/komal/data-engineering-projects/airflow-spark-pipeline/airflow_venv/lib/python3.11/site-packages/airflow/example_dags/example_kubernetes_executor.py for tasks to queue
[2026-03-18T07:53:51.268+0000] {logging_mixin.py:190} INFO - [2026-03-18T07:53:51.267+0000] {dagbag.py:588} INFO - Filling up the DagBag from /home/komal/data-engineering-projects/airflow-spark-pipeline/airflow_venv/lib/python3.11/site-packages/airflow/example_dags/example_kubernetes_executor.py
[2026-03-18T07:53:51.273+0000] {logging_mixin.py:190} INFO - [2026-03-18T07:53:51.273+0000] {example_kubernetes_executor.py:39} WARNING - The example_kubernetes_executor example DAG requires the kubernetes provider. Please install it with: pip install apache-airflow[cncf.kubernetes]
[2026-03-18T07:53:51.274+0000] {processor.py:927} WARNING - No viable dags retrieved from /home/komal/data-engineering-projects/airflow-spark-pipeline/airflow_venv/lib/python3.11/site-packages/airflow/example_dags/example_kubernetes_executor.py
[2026-03-18T07:53:51.292+0000] {processor.py:208} INFO - Processing /home/komal/data-engineering-projects/airflow-spark-pipeline/airflow_venv/lib/python3.11/site-packages/airflow/example_dags/example_kubernetes_executor.py took 0.072 seconds
[2026-03-18T07:55:54.720+0000] {processor.py:186} INFO - Started process (PID=34858) to work on /home/komal/data-engineering-projects/airflow-spark-pipeline/airflow_venv/lib/python3.11/site-packages/airflow/example_dags/example_kubernetes_executor.py
[2026-03-18T07:55:54.723+0000] {processor.py:914} INFO - Processing file /home/komal/data-engineering-projects/airflow-spark-pipeline/airflow_venv/lib/python3.11/site-packages/airflow/example_dags/example_kubernetes_executor.py for tasks to queue
[2026-03-18T07:55:54.726+0000] {logging_mixin.py:190} INFO - [2026-03-18T07:55:54.726+0000] {dagbag.py:588} INFO - Filling up the DagBag from /home/komal/data-engineering-projects/airflow-spark-pipeline/airflow_venv/lib/python3.11/site-packages/airflow/example_dags/example_kubernetes_executor.py
[2026-03-18T07:55:54.730+0000] {logging_mixin.py:190} INFO - [2026-03-18T07:55:54.730+0000] {example_kubernetes_executor.py:39} WARNING - The example_kubernetes_executor example DAG requires the kubernetes provider. Please install it with: pip install apache-airflow[cncf.kubernetes]
[2026-03-18T07:55:54.730+0000] {processor.py:927} WARNING - No viable dags retrieved from /home/komal/data-engineering-projects/airflow-spark-pipeline/airflow_venv/lib/python3.11/site-packages/airflow/example_dags/example_kubernetes_executor.py
[2026-03-18T07:55:54.744+0000] {processor.py:208} INFO - Processing /home/komal/data-engineering-projects/airflow-spark-pipeline/airflow_venv/lib/python3.11/site-packages/airflow/example_dags/example_kubernetes_executor.py took 0.034 seconds
[2026-03-18T08:04:48.958+0000] {processor.py:186} INFO - Started process (PID=34933) to work on /home/komal/data-engineering-projects/airflow-spark-pipeline/airflow_venv/lib/python3.11/site-packages/airflow/example_dags/example_kubernetes_executor.py
[2026-03-18T08:04:48.992+0000] {processor.py:914} INFO - Processing file /home/komal/data-engineering-projects/airflow-spark-pipeline/airflow_venv/lib/python3.11/site-packages/airflow/example_dags/example_kubernetes_executor.py for tasks to queue
[2026-03-18T08:04:48.995+0000] {logging_mixin.py:190} INFO - [2026-03-18T08:04:48.995+0000] {dagbag.py:588} INFO - Filling up the DagBag from /home/komal/data-engineering-projects/airflow-spark-pipeline/airflow_venv/lib/python3.11/site-packages/airflow/example_dags/example_kubernetes_executor.py
[2026-03-18T08:04:48.999+0000] {logging_mixin.py:190} INFO - [2026-03-18T08:04:48.999+0000] {example_kubernetes_executor.py:39} WARNING - The example_kubernetes_executor example DAG requires the kubernetes provider. Please install it with: pip install apache-airflow[cncf.kubernetes]
[2026-03-18T08:04:48.999+0000] {processor.py:927} WARNING - No viable dags retrieved from /home/komal/data-engineering-projects/airflow-spark-pipeline/airflow_venv/lib/python3.11/site-packages/airflow/example_dags/example_kubernetes_executor.py
[2026-03-18T08:04:49.015+0000] {processor.py:208} INFO - Processing /home/komal/data-engineering-projects/airflow-spark-pipeline/airflow_venv/lib/python3.11/site-packages/airflow/example_dags/example_kubernetes_executor.py took 0.065 seconds
[2026-03-18T08:06:08.753+0000] {processor.py:186} INFO - Started process (PID=35010) to work on /home/komal/data-engineering-projects/airflow-spark-pipeline/airflow_venv/lib/python3.11/site-packages/airflow/example_dags/example_kubernetes_executor.py
[2026-03-18T08:06:08.786+0000] {processor.py:914} INFO - Processing file /home/komal/data-engineering-projects/airflow-spark-pipeline/airflow_venv/lib/python3.11/site-packages/airflow/example_dags/example_kubernetes_executor.py for tasks to queue
[2026-03-18T08:06:08.789+0000] {logging_mixin.py:190} INFO - [2026-03-18T08:06:08.788+0000] {dagbag.py:588} INFO - Filling up the DagBag from /home/komal/data-engineering-projects/airflow-spark-pipeline/airflow_venv/lib/python3.11/site-packages/airflow/example_dags/example_kubernetes_executor.py
[2026-03-18T08:06:08.792+0000] {logging_mixin.py:190} INFO - [2026-03-18T08:06:08.792+0000] {example_kubernetes_executor.py:39} WARNING - The example_kubernetes_executor example DAG requires the kubernetes provider. Please install it with: pip install apache-airflow[cncf.kubernetes]
[2026-03-18T08:06:08.793+0000] {processor.py:927} WARNING - No viable dags retrieved from /home/komal/data-engineering-projects/airflow-spark-pipeline/airflow_venv/lib/python3.11/site-packages/airflow/example_dags/example_kubernetes_executor.py
[2026-03-18T08:06:08.809+0000] {processor.py:208} INFO - Processing /home/komal/data-engineering-projects/airflow-spark-pipeline/airflow_venv/lib/python3.11/site-packages/airflow/example_dags/example_kubernetes_executor.py took 0.067 seconds
[2026-03-18T08:07:22.915+0000] {processor.py:186} INFO - Started process (PID=35077) to work on /home/komal/data-engineering-projects/airflow-spark-pipeline/airflow_venv/lib/python3.11/site-packages/airflow/example_dags/example_kubernetes_executor.py
[2026-03-18T08:07:22.948+0000] {processor.py:914} INFO - Processing file /home/komal/data-engineering-projects/airflow-spark-pipeline/airflow_venv/lib/python3.11/site-packages/airflow/example_dags/example_kubernetes_executor.py for tasks to queue
[2026-03-18T08:07:22.952+0000] {logging_mixin.py:190} INFO - [2026-03-18T08:07:22.951+0000] {dagbag.py:588} INFO - Filling up the DagBag from /home/komal/data-engineering-projects/airflow-spark-pipeline/airflow_venv/lib/python3.11/site-packages/airflow/example_dags/example_kubernetes_executor.py
[2026-03-18T08:07:22.955+0000] {logging_mixin.py:190} INFO - [2026-03-18T08:07:22.955+0000] {example_kubernetes_executor.py:39} WARNING - The example_kubernetes_executor example DAG requires the kubernetes provider. Please install it with: pip install apache-airflow[cncf.kubernetes]
[2026-03-18T08:07:22.956+0000] {processor.py:927} WARNING - No viable dags retrieved from /home/komal/data-engineering-projects/airflow-spark-pipeline/airflow_venv/lib/python3.11/site-packages/airflow/example_dags/example_kubernetes_executor.py
[2026-03-18T08:07:22.970+0000] {processor.py:208} INFO - Processing /home/komal/data-engineering-projects/airflow-spark-pipeline/airflow_venv/lib/python3.11/site-packages/airflow/example_dags/example_kubernetes_executor.py took 0.062 seconds
[2026-03-18T08:08:35.931+0000] {processor.py:186} INFO - Started process (PID=35148) to work on /home/komal/data-engineering-projects/airflow-spark-pipeline/airflow_venv/lib/python3.11/site-packages/airflow/example_dags/example_kubernetes_executor.py
[2026-03-18T08:08:35.964+0000] {processor.py:914} INFO - Processing file /home/komal/data-engineering-projects/airflow-spark-pipeline/airflow_venv/lib/python3.11/site-packages/airflow/example_dags/example_kubernetes_executor.py for tasks to queue
[2026-03-18T08:08:35.969+0000] {logging_mixin.py:190} INFO - [2026-03-18T08:08:35.968+0000] {dagbag.py:588} INFO - Filling up the DagBag from /home/komal/data-engineering-projects/airflow-spark-pipeline/airflow_venv/lib/python3.11/site-packages/airflow/example_dags/example_kubernetes_executor.py
[2026-03-18T08:08:35.974+0000] {logging_mixin.py:190} INFO - [2026-03-18T08:08:35.973+0000] {example_kubernetes_executor.py:39} WARNING - The example_kubernetes_executor example DAG requires the kubernetes provider. Please install it with: pip install apache-airflow[cncf.kubernetes]
[2026-03-18T08:08:35.974+0000] {processor.py:927} WARNING - No viable dags retrieved from /home/komal/data-engineering-projects/airflow-spark-pipeline/airflow_venv/lib/python3.11/site-packages/airflow/example_dags/example_kubernetes_executor.py
[2026-03-18T08:08:35.989+0000] {processor.py:208} INFO - Processing /home/komal/data-engineering-projects/airflow-spark-pipeline/airflow_venv/lib/python3.11/site-packages/airflow/example_dags/example_kubernetes_executor.py took 0.069 seconds
[2026-03-18T08:09:49.673+0000] {processor.py:186} INFO - Started process (PID=35215) to work on /home/komal/data-engineering-projects/airflow-spark-pipeline/airflow_venv/lib/python3.11/site-packages/airflow/example_dags/example_kubernetes_executor.py
[2026-03-18T08:09:49.706+0000] {processor.py:914} INFO - Processing file /home/komal/data-engineering-projects/airflow-spark-pipeline/airflow_venv/lib/python3.11/site-packages/airflow/example_dags/example_kubernetes_executor.py for tasks to queue
[2026-03-18T08:09:49.710+0000] {logging_mixin.py:190} INFO - [2026-03-18T08:09:49.709+0000] {dagbag.py:588} INFO - Filling up the DagBag from /home/komal/data-engineering-projects/airflow-spark-pipeline/airflow_venv/lib/python3.11/site-packages/airflow/example_dags/example_kubernetes_executor.py
[2026-03-18T08:09:49.715+0000] {logging_mixin.py:190} INFO - [2026-03-18T08:09:49.715+0000] {example_kubernetes_executor.py:39} WARNING - The example_kubernetes_executor example DAG requires the kubernetes provider. Please install it with: pip install apache-airflow[cncf.kubernetes]
[2026-03-18T08:09:49.716+0000] {processor.py:927} WARNING - No viable dags retrieved from /home/komal/data-engineering-projects/airflow-spark-pipeline/airflow_venv/lib/python3.11/site-packages/airflow/example_dags/example_kubernetes_executor.py
[2026-03-18T08:09:49.732+0000] {processor.py:208} INFO - Processing /home/komal/data-engineering-projects/airflow-spark-pipeline/airflow_venv/lib/python3.11/site-packages/airflow/example_dags/example_kubernetes_executor.py took 0.066 seconds
[2026-03-18T08:11:03.382+0000] {processor.py:186} INFO - Started process (PID=35283) to work on /home/komal/data-engineering-projects/airflow-spark-pipeline/airflow_venv/lib/python3.11/site-packages/airflow/example_dags/example_kubernetes_executor.py
[2026-03-18T08:11:03.386+0000] {processor.py:914} INFO - Processing file /home/komal/data-engineering-projects/airflow-spark-pipeline/airflow_venv/lib/python3.11/site-packages/airflow/example_dags/example_kubernetes_executor.py for tasks to queue
[2026-03-18T08:11:03.391+0000] {logging_mixin.py:190} INFO - [2026-03-18T08:11:03.390+0000] {dagbag.py:588} INFO - Filling up the DagBag from /home/komal/data-engineering-projects/airflow-spark-pipeline/airflow_venv/lib/python3.11/site-packages/airflow/example_dags/example_kubernetes_executor.py
[2026-03-18T08:11:03.396+0000] {logging_mixin.py:190} INFO - [2026-03-18T08:11:03.396+0000] {example_kubernetes_executor.py:39} WARNING - The example_kubernetes_executor example DAG requires the kubernetes provider. Please install it with: pip install apache-airflow[cncf.kubernetes]
[2026-03-18T08:11:03.397+0000] {processor.py:927} WARNING - No viable dags retrieved from /home/komal/data-engineering-projects/airflow-spark-pipeline/airflow_venv/lib/python3.11/site-packages/airflow/example_dags/example_kubernetes_executor.py
[2026-03-18T08:11:03.417+0000] {processor.py:208} INFO - Processing /home/komal/data-engineering-projects/airflow-spark-pipeline/airflow_venv/lib/python3.11/site-packages/airflow/example_dags/example_kubernetes_executor.py took 0.046 seconds
[2026-03-18T08:12:16.836+0000] {processor.py:186} INFO - Started process (PID=35356) to work on /home/komal/data-engineering-projects/airflow-spark-pipeline/airflow_venv/lib/python3.11/site-packages/airflow/example_dags/example_kubernetes_executor.py
[2026-03-18T08:12:16.840+0000] {processor.py:914} INFO - Processing file /home/komal/data-engineering-projects/airflow-spark-pipeline/airflow_venv/lib/python3.11/site-packages/airflow/example_dags/example_kubernetes_executor.py for tasks to queue
[2026-03-18T08:12:16.844+0000] {logging_mixin.py:190} INFO - [2026-03-18T08:12:16.843+0000] {dagbag.py:588} INFO - Filling up the DagBag from /home/komal/data-engineering-projects/airflow-spark-pipeline/airflow_venv/lib/python3.11/site-packages/airflow/example_dags/example_kubernetes_executor.py
[2026-03-18T08:12:16.849+0000] {logging_mixin.py:190} INFO - [2026-03-18T08:12:16.849+0000] {example_kubernetes_executor.py:39} WARNING - The example_kubernetes_executor example DAG requires the kubernetes provider. Please install it with: pip install apache-airflow[cncf.kubernetes]
[2026-03-18T08:12:16.849+0000] {processor.py:927} WARNING - No viable dags retrieved from /home/komal/data-engineering-projects/airflow-spark-pipeline/airflow_venv/lib/python3.11/site-packages/airflow/example_dags/example_kubernetes_executor.py
[2026-03-18T08:12:16.868+0000] {processor.py:208} INFO - Processing /home/komal/data-engineering-projects/airflow-spark-pipeline/airflow_venv/lib/python3.11/site-packages/airflow/example_dags/example_kubernetes_executor.py took 0.042 seconds
[2026-03-18T08:15:22.668+0000] {processor.py:186} INFO - Started process (PID=35778) to work on /home/komal/data-engineering-projects/airflow-spark-pipeline/airflow_venv/lib/python3.11/site-packages/airflow/example_dags/example_kubernetes_executor.py
[2026-03-18T08:15:22.672+0000] {processor.py:914} INFO - Processing file /home/komal/data-engineering-projects/airflow-spark-pipeline/airflow_venv/lib/python3.11/site-packages/airflow/example_dags/example_kubernetes_executor.py for tasks to queue
[2026-03-18T08:15:22.675+0000] {logging_mixin.py:190} INFO - [2026-03-18T08:15:22.674+0000] {dagbag.py:588} INFO - Filling up the DagBag from /home/komal/data-engineering-projects/airflow-spark-pipeline/airflow_venv/lib/python3.11/site-packages/airflow/example_dags/example_kubernetes_executor.py
[2026-03-18T08:15:22.682+0000] {logging_mixin.py:190} INFO - [2026-03-18T08:15:22.682+0000] {example_kubernetes_executor.py:39} WARNING - The example_kubernetes_executor example DAG requires the kubernetes provider. Please install it with: pip install apache-airflow[cncf.kubernetes]
[2026-03-18T08:15:22.683+0000] {processor.py:927} WARNING - No viable dags retrieved from /home/komal/data-engineering-projects/airflow-spark-pipeline/airflow_venv/lib/python3.11/site-packages/airflow/example_dags/example_kubernetes_executor.py
[2026-03-18T08:15:22.694+0000] {processor.py:208} INFO - Processing /home/komal/data-engineering-projects/airflow-spark-pipeline/airflow_venv/lib/python3.11/site-packages/airflow/example_dags/example_kubernetes_executor.py took 0.036 seconds
[2026-03-18T08:16:34.524+0000] {processor.py:186} INFO - Started process (PID=35845) to work on /home/komal/data-engineering-projects/airflow-spark-pipeline/airflow_venv/lib/python3.11/site-packages/airflow/example_dags/example_kubernetes_executor.py
[2026-03-18T08:16:34.527+0000] {processor.py:914} INFO - Processing file /home/komal/data-engineering-projects/airflow-spark-pipeline/airflow_venv/lib/python3.11/site-packages/airflow/example_dags/example_kubernetes_executor.py for tasks to queue
[2026-03-18T08:16:34.530+0000] {logging_mixin.py:190} INFO - [2026-03-18T08:16:34.529+0000] {dagbag.py:588} INFO - Filling up the DagBag from /home/komal/data-engineering-projects/airflow-spark-pipeline/airflow_venv/lib/python3.11/site-packages/airflow/example_dags/example_kubernetes_executor.py
[2026-03-18T08:16:34.535+0000] {logging_mixin.py:190} INFO - [2026-03-18T08:16:34.535+0000] {example_kubernetes_executor.py:39} WARNING - The example_kubernetes_executor example DAG requires the kubernetes provider. Please install it with: pip install apache-airflow[cncf.kubernetes]
[2026-03-18T08:16:34.536+0000] {processor.py:927} WARNING - No viable dags retrieved from /home/komal/data-engineering-projects/airflow-spark-pipeline/airflow_venv/lib/python3.11/site-packages/airflow/example_dags/example_kubernetes_executor.py
[2026-03-18T08:16:34.550+0000] {processor.py:208} INFO - Processing /home/komal/data-engineering-projects/airflow-spark-pipeline/airflow_venv/lib/python3.11/site-packages/airflow/example_dags/example_kubernetes_executor.py took 0.035 seconds
[2026-03-18T08:17:51.111+0000] {processor.py:186} INFO - Started process (PID=35918) to work on /home/komal/data-engineering-projects/airflow-spark-pipeline/airflow_venv/lib/python3.11/site-packages/airflow/example_dags/example_kubernetes_executor.py
[2026-03-18T08:17:51.143+0000] {processor.py:914} INFO - Processing file /home/komal/data-engineering-projects/airflow-spark-pipeline/airflow_venv/lib/python3.11/site-packages/airflow/example_dags/example_kubernetes_executor.py for tasks to queue
[2026-03-18T08:17:51.145+0000] {logging_mixin.py:190} INFO - [2026-03-18T08:17:51.145+0000] {dagbag.py:588} INFO - Filling up the DagBag from /home/komal/data-engineering-projects/airflow-spark-pipeline/airflow_venv/lib/python3.11/site-packages/airflow/example_dags/example_kubernetes_executor.py
[2026-03-18T08:17:51.149+0000] {logging_mixin.py:190} INFO - [2026-03-18T08:17:51.149+0000] {example_kubernetes_executor.py:39} WARNING - The example_kubernetes_executor example DAG requires the kubernetes provider. Please install it with: pip install apache-airflow[cncf.kubernetes]
[2026-03-18T08:17:51.149+0000] {processor.py:927} WARNING - No viable dags retrieved from /home/komal/data-engineering-projects/airflow-spark-pipeline/airflow_venv/lib/python3.11/site-packages/airflow/example_dags/example_kubernetes_executor.py
[2026-03-18T08:17:51.162+0000] {processor.py:208} INFO - Processing /home/komal/data-engineering-projects/airflow-spark-pipeline/airflow_venv/lib/python3.11/site-packages/airflow/example_dags/example_kubernetes_executor.py took 0.061 seconds
[2026-03-18T08:19:01.135+0000] {processor.py:186} INFO - Started process (PID=35994) to work on /home/komal/data-engineering-projects/airflow-spark-pipeline/airflow_venv/lib/python3.11/site-packages/airflow/example_dags/example_kubernetes_executor.py
[2026-03-18T08:19:01.137+0000] {processor.py:914} INFO - Processing file /home/komal/data-engineering-projects/airflow-spark-pipeline/airflow_venv/lib/python3.11/site-packages/airflow/example_dags/example_kubernetes_executor.py for tasks to queue
[2026-03-18T08:19:01.138+0000] {logging_mixin.py:190} INFO - [2026-03-18T08:19:01.138+0000] {dagbag.py:588} INFO - Filling up the DagBag from /home/komal/data-engineering-projects/airflow-spark-pipeline/airflow_venv/lib/python3.11/site-packages/airflow/example_dags/example_kubernetes_executor.py
[2026-03-18T08:19:01.140+0000] {logging_mixin.py:190} INFO - [2026-03-18T08:19:01.140+0000] {example_kubernetes_executor.py:39} WARNING - The example_kubernetes_executor example DAG requires the kubernetes provider. Please install it with: pip install apache-airflow[cncf.kubernetes]
[2026-03-18T08:19:01.140+0000] {processor.py:927} WARNING - No viable dags retrieved from /home/komal/data-engineering-projects/airflow-spark-pipeline/airflow_venv/lib/python3.11/site-packages/airflow/example_dags/example_kubernetes_executor.py
[2026-03-18T08:19:01.148+0000] {processor.py:208} INFO - Processing /home/komal/data-engineering-projects/airflow-spark-pipeline/airflow_venv/lib/python3.11/site-packages/airflow/example_dags/example_kubernetes_executor.py took 0.017 seconds
[2026-03-18T08:20:07.815+0000] {processor.py:186} INFO - Started process (PID=36061) to work on /home/komal/data-engineering-projects/airflow-spark-pipeline/airflow_venv/lib/python3.11/site-packages/airflow/example_dags/example_kubernetes_executor.py
[2026-03-18T08:20:07.821+0000] {processor.py:914} INFO - Processing file /home/komal/data-engineering-projects/airflow-spark-pipeline/airflow_venv/lib/python3.11/site-packages/airflow/example_dags/example_kubernetes_executor.py for tasks to queue
[2026-03-18T08:20:07.823+0000] {logging_mixin.py:190} INFO - [2026-03-18T08:20:07.822+0000] {dagbag.py:588} INFO - Filling up the DagBag from /home/komal/data-engineering-projects/airflow-spark-pipeline/airflow_venv/lib/python3.11/site-packages/airflow/example_dags/example_kubernetes_executor.py
[2026-03-18T08:20:07.825+0000] {logging_mixin.py:190} INFO - [2026-03-18T08:20:07.825+0000] {example_kubernetes_executor.py:39} WARNING - The example_kubernetes_executor example DAG requires the kubernetes provider. Please install it with: pip install apache-airflow[cncf.kubernetes]
[2026-03-18T08:20:07.825+0000] {processor.py:927} WARNING - No viable dags retrieved from /home/komal/data-engineering-projects/airflow-spark-pipeline/airflow_venv/lib/python3.11/site-packages/airflow/example_dags/example_kubernetes_executor.py
[2026-03-18T08:20:07.832+0000] {processor.py:208} INFO - Processing /home/komal/data-engineering-projects/airflow-spark-pipeline/airflow_venv/lib/python3.11/site-packages/airflow/example_dags/example_kubernetes_executor.py took 0.022 seconds
[2026-03-18T13:41:38.382+0000] {processor.py:186} INFO - Started process (PID=36157) to work on /home/komal/data-engineering-projects/airflow-spark-pipeline/airflow_venv/lib/python3.11/site-packages/airflow/example_dags/example_kubernetes_executor.py
[2026-03-18T13:41:38.386+0000] {processor.py:914} INFO - Processing file /home/komal/data-engineering-projects/airflow-spark-pipeline/airflow_venv/lib/python3.11/site-packages/airflow/example_dags/example_kubernetes_executor.py for tasks to queue
[2026-03-18T13:41:38.390+0000] {logging_mixin.py:190} INFO - [2026-03-18T13:41:38.390+0000] {dagbag.py:588} INFO - Filling up the DagBag from /home/komal/data-engineering-projects/airflow-spark-pipeline/airflow_venv/lib/python3.11/site-packages/airflow/example_dags/example_kubernetes_executor.py
[2026-03-18T13:41:38.393+0000] {logging_mixin.py:190} INFO - [2026-03-18T13:41:38.393+0000] {example_kubernetes_executor.py:39} WARNING - The example_kubernetes_executor example DAG requires the kubernetes provider. Please install it with: pip install apache-airflow[cncf.kubernetes]
[2026-03-18T13:41:38.394+0000] {processor.py:927} WARNING - No viable dags retrieved from /home/komal/data-engineering-projects/airflow-spark-pipeline/airflow_venv/lib/python3.11/site-packages/airflow/example_dags/example_kubernetes_executor.py
[2026-03-18T13:41:38.401+0000] {processor.py:208} INFO - Processing /home/komal/data-engineering-projects/airflow-spark-pipeline/airflow_venv/lib/python3.11/site-packages/airflow/example_dags/example_kubernetes_executor.py took 0.027 seconds
[2026-03-18T13:42:42.614+0000] {processor.py:186} INFO - Started process (PID=36257) to work on /home/komal/data-engineering-projects/airflow-spark-pipeline/airflow_venv/lib/python3.11/site-packages/airflow/example_dags/example_kubernetes_executor.py
[2026-03-18T13:42:42.618+0000] {processor.py:914} INFO - Processing file /home/komal/data-engineering-projects/airflow-spark-pipeline/airflow_venv/lib/python3.11/site-packages/airflow/example_dags/example_kubernetes_executor.py for tasks to queue
[2026-03-18T13:42:42.621+0000] {logging_mixin.py:190} INFO - [2026-03-18T13:42:42.621+0000] {dagbag.py:588} INFO - Filling up the DagBag from /home/komal/data-engineering-projects/airflow-spark-pipeline/airflow_venv/lib/python3.11/site-packages/airflow/example_dags/example_kubernetes_executor.py
[2026-03-18T13:42:42.625+0000] {logging_mixin.py:190} INFO - [2026-03-18T13:42:42.625+0000] {example_kubernetes_executor.py:39} WARNING - The example_kubernetes_executor example DAG requires the kubernetes provider. Please install it with: pip install apache-airflow[cncf.kubernetes]
[2026-03-18T13:42:42.625+0000] {processor.py:927} WARNING - No viable dags retrieved from /home/komal/data-engineering-projects/airflow-spark-pipeline/airflow_venv/lib/python3.11/site-packages/airflow/example_dags/example_kubernetes_executor.py
[2026-03-18T13:42:42.635+0000] {processor.py:208} INFO - Processing /home/komal/data-engineering-projects/airflow-spark-pipeline/airflow_venv/lib/python3.11/site-packages/airflow/example_dags/example_kubernetes_executor.py took 0.034 seconds
[2026-03-18T13:43:48.954+0000] {processor.py:186} INFO - Started process (PID=36321) to work on /home/komal/data-engineering-projects/airflow-spark-pipeline/airflow_venv/lib/python3.11/site-packages/airflow/example_dags/example_kubernetes_executor.py
[2026-03-18T13:43:48.985+0000] {processor.py:914} INFO - Processing file /home/komal/data-engineering-projects/airflow-spark-pipeline/airflow_venv/lib/python3.11/site-packages/airflow/example_dags/example_kubernetes_executor.py for tasks to queue
[2026-03-18T13:43:48.987+0000] {logging_mixin.py:190} INFO - [2026-03-18T13:43:48.986+0000] {dagbag.py:588} INFO - Filling up the DagBag from /home/komal/data-engineering-projects/airflow-spark-pipeline/airflow_venv/lib/python3.11/site-packages/airflow/example_dags/example_kubernetes_executor.py
[2026-03-18T13:43:48.989+0000] {logging_mixin.py:190} INFO - [2026-03-18T13:43:48.989+0000] {example_kubernetes_executor.py:39} WARNING - The example_kubernetes_executor example DAG requires the kubernetes provider. Please install it with: pip install apache-airflow[cncf.kubernetes]
[2026-03-18T13:43:48.989+0000] {processor.py:927} WARNING - No viable dags retrieved from /home/komal/data-engineering-projects/airflow-spark-pipeline/airflow_venv/lib/python3.11/site-packages/airflow/example_dags/example_kubernetes_executor.py
[2026-03-18T13:43:48.998+0000] {processor.py:208} INFO - Processing /home/komal/data-engineering-projects/airflow-spark-pipeline/airflow_venv/lib/python3.11/site-packages/airflow/example_dags/example_kubernetes_executor.py took 0.053 seconds
[2026-03-18T13:44:54.951+0000] {processor.py:186} INFO - Started process (PID=36384) to work on /home/komal/data-engineering-projects/airflow-spark-pipeline/airflow_venv/lib/python3.11/site-packages/airflow/example_dags/example_kubernetes_executor.py
[2026-03-18T13:44:54.963+0000] {processor.py:914} INFO - Processing file /home/komal/data-engineering-projects/airflow-spark-pipeline/airflow_venv/lib/python3.11/site-packages/airflow/example_dags/example_kubernetes_executor.py for tasks to queue
[2026-03-18T13:44:54.966+0000] {logging_mixin.py:190} INFO - [2026-03-18T13:44:54.966+0000] {dagbag.py:588} INFO - Filling up the DagBag from /home/komal/data-engineering-projects/airflow-spark-pipeline/airflow_venv/lib/python3.11/site-packages/airflow/example_dags/example_kubernetes_executor.py
[2026-03-18T13:44:54.970+0000] {logging_mixin.py:190} INFO - [2026-03-18T13:44:54.970+0000] {example_kubernetes_executor.py:39} WARNING - The example_kubernetes_executor example DAG requires the kubernetes provider. Please install it with: pip install apache-airflow[cncf.kubernetes]
[2026-03-18T13:44:54.970+0000] {processor.py:927} WARNING - No viable dags retrieved from /home/komal/data-engineering-projects/airflow-spark-pipeline/airflow_venv/lib/python3.11/site-packages/airflow/example_dags/example_kubernetes_executor.py
[2026-03-18T13:44:54.979+0000] {processor.py:208} INFO - Processing /home/komal/data-engineering-projects/airflow-spark-pipeline/airflow_venv/lib/python3.11/site-packages/airflow/example_dags/example_kubernetes_executor.py took 0.035 seconds
[2026-03-18T13:46:07.137+0000] {processor.py:186} INFO - Started process (PID=36454) to work on /home/komal/data-engineering-projects/airflow-spark-pipeline/airflow_venv/lib/python3.11/site-packages/airflow/example_dags/example_kubernetes_executor.py
[2026-03-18T13:46:07.166+0000] {processor.py:914} INFO - Processing file /home/komal/data-engineering-projects/airflow-spark-pipeline/airflow_venv/lib/python3.11/site-packages/airflow/example_dags/example_kubernetes_executor.py for tasks to queue
[2026-03-18T13:46:07.169+0000] {logging_mixin.py:190} INFO - [2026-03-18T13:46:07.169+0000] {dagbag.py:588} INFO - Filling up the DagBag from /home/komal/data-engineering-projects/airflow-spark-pipeline/airflow_venv/lib/python3.11/site-packages/airflow/example_dags/example_kubernetes_executor.py
[2026-03-18T13:46:07.174+0000] {logging_mixin.py:190} INFO - [2026-03-18T13:46:07.174+0000] {example_kubernetes_executor.py:39} WARNING - The example_kubernetes_executor example DAG requires the kubernetes provider. Please install it with: pip install apache-airflow[cncf.kubernetes]
[2026-03-18T13:46:07.174+0000] {processor.py:927} WARNING - No viable dags retrieved from /home/komal/data-engineering-projects/airflow-spark-pipeline/airflow_venv/lib/python3.11/site-packages/airflow/example_dags/example_kubernetes_executor.py
[2026-03-18T13:46:07.187+0000] {processor.py:208} INFO - Processing /home/komal/data-engineering-projects/airflow-spark-pipeline/airflow_venv/lib/python3.11/site-packages/airflow/example_dags/example_kubernetes_executor.py took 0.056 seconds
[2026-03-18T13:47:08.908+0000] {processor.py:186} INFO - Started process (PID=36516) to work on /home/komal/data-engineering-projects/airflow-spark-pipeline/airflow_venv/lib/python3.11/site-packages/airflow/example_dags/example_kubernetes_executor.py
[2026-03-18T13:47:08.937+0000] {processor.py:914} INFO - Processing file /home/komal/data-engineering-projects/airflow-spark-pipeline/airflow_venv/lib/python3.11/site-packages/airflow/example_dags/example_kubernetes_executor.py for tasks to queue
[2026-03-18T13:47:08.941+0000] {logging_mixin.py:190} INFO - [2026-03-18T13:47:08.941+0000] {dagbag.py:588} INFO - Filling up the DagBag from /home/komal/data-engineering-projects/airflow-spark-pipeline/airflow_venv/lib/python3.11/site-packages/airflow/example_dags/example_kubernetes_executor.py
[2026-03-18T13:47:08.946+0000] {logging_mixin.py:190} INFO - [2026-03-18T13:47:08.946+0000] {example_kubernetes_executor.py:39} WARNING - The example_kubernetes_executor example DAG requires the kubernetes provider. Please install it with: pip install apache-airflow[cncf.kubernetes]
[2026-03-18T13:47:08.946+0000] {processor.py:927} WARNING - No viable dags retrieved from /home/komal/data-engineering-projects/airflow-spark-pipeline/airflow_venv/lib/python3.11/site-packages/airflow/example_dags/example_kubernetes_executor.py
[2026-03-18T13:47:08.959+0000] {processor.py:208} INFO - Processing /home/komal/data-engineering-projects/airflow-spark-pipeline/airflow_venv/lib/python3.11/site-packages/airflow/example_dags/example_kubernetes_executor.py took 0.061 seconds
[2026-03-18T13:48:16.516+0000] {processor.py:186} INFO - Started process (PID=36578) to work on /home/komal/data-engineering-projects/airflow-spark-pipeline/airflow_venv/lib/python3.11/site-packages/airflow/example_dags/example_kubernetes_executor.py
[2026-03-18T13:48:16.541+0000] {processor.py:914} INFO - Processing file /home/komal/data-engineering-projects/airflow-spark-pipeline/airflow_venv/lib/python3.11/site-packages/airflow/example_dags/example_kubernetes_executor.py for tasks to queue
[2026-03-18T13:48:16.545+0000] {logging_mixin.py:190} INFO - [2026-03-18T13:48:16.544+0000] {dagbag.py:588} INFO - Filling up the DagBag from /home/komal/data-engineering-projects/airflow-spark-pipeline/airflow_venv/lib/python3.11/site-packages/airflow/example_dags/example_kubernetes_executor.py
[2026-03-18T13:48:16.550+0000] {logging_mixin.py:190} INFO - [2026-03-18T13:48:16.550+0000] {example_kubernetes_executor.py:39} WARNING - The example_kubernetes_executor example DAG requires the kubernetes provider. Please install it with: pip install apache-airflow[cncf.kubernetes]
[2026-03-18T13:48:16.551+0000] {processor.py:927} WARNING - No viable dags retrieved from /home/komal/data-engineering-projects/airflow-spark-pipeline/airflow_venv/lib/python3.11/site-packages/airflow/example_dags/example_kubernetes_executor.py
[2026-03-18T13:48:16.566+0000] {processor.py:208} INFO - Processing /home/komal/data-engineering-projects/airflow-spark-pipeline/airflow_venv/lib/python3.11/site-packages/airflow/example_dags/example_kubernetes_executor.py took 0.060 seconds
[2026-03-18T13:49:20.708+0000] {processor.py:186} INFO - Started process (PID=36640) to work on /home/komal/data-engineering-projects/airflow-spark-pipeline/airflow_venv/lib/python3.11/site-packages/airflow/example_dags/example_kubernetes_executor.py
[2026-03-18T13:49:20.741+0000] {processor.py:914} INFO - Processing file /home/komal/data-engineering-projects/airflow-spark-pipeline/airflow_venv/lib/python3.11/site-packages/airflow/example_dags/example_kubernetes_executor.py for tasks to queue
[2026-03-18T13:49:20.748+0000] {logging_mixin.py:190} INFO - [2026-03-18T13:49:20.747+0000] {dagbag.py:588} INFO - Filling up the DagBag from /home/komal/data-engineering-projects/airflow-spark-pipeline/airflow_venv/lib/python3.11/site-packages/airflow/example_dags/example_kubernetes_executor.py
[2026-03-18T13:49:20.754+0000] {logging_mixin.py:190} INFO - [2026-03-18T13:49:20.753+0000] {example_kubernetes_executor.py:39} WARNING - The example_kubernetes_executor example DAG requires the kubernetes provider. Please install it with: pip install apache-airflow[cncf.kubernetes]
[2026-03-18T13:49:20.754+0000] {processor.py:927} WARNING - No viable dags retrieved from /home/komal/data-engineering-projects/airflow-spark-pipeline/airflow_venv/lib/python3.11/site-packages/airflow/example_dags/example_kubernetes_executor.py
[2026-03-18T13:49:20.770+0000] {processor.py:208} INFO - Processing /home/komal/data-engineering-projects/airflow-spark-pipeline/airflow_venv/lib/python3.11/site-packages/airflow/example_dags/example_kubernetes_executor.py took 0.073 seconds
[2026-03-18T13:50:25.020+0000] {processor.py:186} INFO - Started process (PID=36703) to work on /home/komal/data-engineering-projects/airflow-spark-pipeline/airflow_venv/lib/python3.11/site-packages/airflow/example_dags/example_kubernetes_executor.py
[2026-03-18T13:50:25.052+0000] {processor.py:914} INFO - Processing file /home/komal/data-engineering-projects/airflow-spark-pipeline/airflow_venv/lib/python3.11/site-packages/airflow/example_dags/example_kubernetes_executor.py for tasks to queue
[2026-03-18T13:50:25.055+0000] {logging_mixin.py:190} INFO - [2026-03-18T13:50:25.054+0000] {dagbag.py:588} INFO - Filling up the DagBag from /home/komal/data-engineering-projects/airflow-spark-pipeline/airflow_venv/lib/python3.11/site-packages/airflow/example_dags/example_kubernetes_executor.py
[2026-03-18T13:50:25.060+0000] {logging_mixin.py:190} INFO - [2026-03-18T13:50:25.059+0000] {example_kubernetes_executor.py:39} WARNING - The example_kubernetes_executor example DAG requires the kubernetes provider. Please install it with: pip install apache-airflow[cncf.kubernetes]
[2026-03-18T13:50:25.060+0000] {processor.py:927} WARNING - No viable dags retrieved from /home/komal/data-engineering-projects/airflow-spark-pipeline/airflow_venv/lib/python3.11/site-packages/airflow/example_dags/example_kubernetes_executor.py
[2026-03-18T13:50:25.073+0000] {processor.py:208} INFO - Processing /home/komal/data-engineering-projects/airflow-spark-pipeline/airflow_venv/lib/python3.11/site-packages/airflow/example_dags/example_kubernetes_executor.py took 0.063 seconds
[2026-03-18T13:51:31.160+0000] {processor.py:186} INFO - Started process (PID=36766) to work on /home/komal/data-engineering-projects/airflow-spark-pipeline/airflow_venv/lib/python3.11/site-packages/airflow/example_dags/example_kubernetes_executor.py
[2026-03-18T13:51:31.193+0000] {processor.py:914} INFO - Processing file /home/komal/data-engineering-projects/airflow-spark-pipeline/airflow_venv/lib/python3.11/site-packages/airflow/example_dags/example_kubernetes_executor.py for tasks to queue
[2026-03-18T13:51:31.197+0000] {logging_mixin.py:190} INFO - [2026-03-18T13:51:31.196+0000] {dagbag.py:588} INFO - Filling up the DagBag from /home/komal/data-engineering-projects/airflow-spark-pipeline/airflow_venv/lib/python3.11/site-packages/airflow/example_dags/example_kubernetes_executor.py
[2026-03-18T13:51:31.201+0000] {logging_mixin.py:190} INFO - [2026-03-18T13:51:31.201+0000] {example_kubernetes_executor.py:39} WARNING - The example_kubernetes_executor example DAG requires the kubernetes provider. Please install it with: pip install apache-airflow[cncf.kubernetes]
[2026-03-18T13:51:31.202+0000] {processor.py:927} WARNING - No viable dags retrieved from /home/komal/data-engineering-projects/airflow-spark-pipeline/airflow_venv/lib/python3.11/site-packages/airflow/example_dags/example_kubernetes_executor.py
[2026-03-18T13:51:31.212+0000] {processor.py:208} INFO - Processing /home/komal/data-engineering-projects/airflow-spark-pipeline/airflow_venv/lib/python3.11/site-packages/airflow/example_dags/example_kubernetes_executor.py took 0.060 seconds
[2026-03-18T13:52:37.555+0000] {processor.py:186} INFO - Started process (PID=36832) to work on /home/komal/data-engineering-projects/airflow-spark-pipeline/airflow_venv/lib/python3.11/site-packages/airflow/example_dags/example_kubernetes_executor.py
[2026-03-18T13:52:37.587+0000] {processor.py:914} INFO - Processing file /home/komal/data-engineering-projects/airflow-spark-pipeline/airflow_venv/lib/python3.11/site-packages/airflow/example_dags/example_kubernetes_executor.py for tasks to queue
[2026-03-18T13:52:37.590+0000] {logging_mixin.py:190} INFO - [2026-03-18T13:52:37.589+0000] {dagbag.py:588} INFO - Filling up the DagBag from /home/komal/data-engineering-projects/airflow-spark-pipeline/airflow_venv/lib/python3.11/site-packages/airflow/example_dags/example_kubernetes_executor.py
[2026-03-18T13:52:37.594+0000] {logging_mixin.py:190} INFO - [2026-03-18T13:52:37.594+0000] {example_kubernetes_executor.py:39} WARNING - The example_kubernetes_executor example DAG requires the kubernetes provider. Please install it with: pip install apache-airflow[cncf.kubernetes]
[2026-03-18T13:52:37.594+0000] {processor.py:927} WARNING - No viable dags retrieved from /home/komal/data-engineering-projects/airflow-spark-pipeline/airflow_venv/lib/python3.11/site-packages/airflow/example_dags/example_kubernetes_executor.py
[2026-03-18T13:52:37.607+0000] {processor.py:208} INFO - Processing /home/komal/data-engineering-projects/airflow-spark-pipeline/airflow_venv/lib/python3.11/site-packages/airflow/example_dags/example_kubernetes_executor.py took 0.059 seconds
[2026-03-18T13:53:42.376+0000] {processor.py:186} INFO - Started process (PID=36894) to work on /home/komal/data-engineering-projects/airflow-spark-pipeline/airflow_venv/lib/python3.11/site-packages/airflow/example_dags/example_kubernetes_executor.py
[2026-03-18T13:53:42.408+0000] {processor.py:914} INFO - Processing file /home/komal/data-engineering-projects/airflow-spark-pipeline/airflow_venv/lib/python3.11/site-packages/airflow/example_dags/example_kubernetes_executor.py for tasks to queue
[2026-03-18T13:53:42.412+0000] {logging_mixin.py:190} INFO - [2026-03-18T13:53:42.412+0000] {dagbag.py:588} INFO - Filling up the DagBag from /home/komal/data-engineering-projects/airflow-spark-pipeline/airflow_venv/lib/python3.11/site-packages/airflow/example_dags/example_kubernetes_executor.py
[2026-03-18T13:53:42.428+0000] {logging_mixin.py:190} INFO - [2026-03-18T13:53:42.428+0000] {example_kubernetes_executor.py:39} WARNING - The example_kubernetes_executor example DAG requires the kubernetes provider. Please install it with: pip install apache-airflow[cncf.kubernetes]
[2026-03-18T13:53:42.429+0000] {processor.py:927} WARNING - No viable dags retrieved from /home/komal/data-engineering-projects/airflow-spark-pipeline/airflow_venv/lib/python3.11/site-packages/airflow/example_dags/example_kubernetes_executor.py
[2026-03-18T13:53:42.447+0000] {processor.py:208} INFO - Processing /home/komal/data-engineering-projects/airflow-spark-pipeline/airflow_venv/lib/python3.11/site-packages/airflow/example_dags/example_kubernetes_executor.py took 0.079 seconds
[2026-03-18T13:54:50.174+0000] {processor.py:186} INFO - Started process (PID=36958) to work on /home/komal/data-engineering-projects/airflow-spark-pipeline/airflow_venv/lib/python3.11/site-packages/airflow/example_dags/example_kubernetes_executor.py
[2026-03-18T13:54:50.207+0000] {processor.py:914} INFO - Processing file /home/komal/data-engineering-projects/airflow-spark-pipeline/airflow_venv/lib/python3.11/site-packages/airflow/example_dags/example_kubernetes_executor.py for tasks to queue
[2026-03-18T13:54:50.210+0000] {logging_mixin.py:190} INFO - [2026-03-18T13:54:50.210+0000] {dagbag.py:588} INFO - Filling up the DagBag from /home/komal/data-engineering-projects/airflow-spark-pipeline/airflow_venv/lib/python3.11/site-packages/airflow/example_dags/example_kubernetes_executor.py
[2026-03-18T13:54:50.215+0000] {logging_mixin.py:190} INFO - [2026-03-18T13:54:50.215+0000] {example_kubernetes_executor.py:39} WARNING - The example_kubernetes_executor example DAG requires the kubernetes provider. Please install it with: pip install apache-airflow[cncf.kubernetes]
[2026-03-18T13:54:50.215+0000] {processor.py:927} WARNING - No viable dags retrieved from /home/komal/data-engineering-projects/airflow-spark-pipeline/airflow_venv/lib/python3.11/site-packages/airflow/example_dags/example_kubernetes_executor.py
[2026-03-18T13:54:50.224+0000] {processor.py:208} INFO - Processing /home/komal/data-engineering-projects/airflow-spark-pipeline/airflow_venv/lib/python3.11/site-packages/airflow/example_dags/example_kubernetes_executor.py took 0.054 seconds
[2026-03-18T13:55:55.392+0000] {processor.py:186} INFO - Started process (PID=37023) to work on /home/komal/data-engineering-projects/airflow-spark-pipeline/airflow_venv/lib/python3.11/site-packages/airflow/example_dags/example_kubernetes_executor.py
[2026-03-18T13:55:55.424+0000] {processor.py:914} INFO - Processing file /home/komal/data-engineering-projects/airflow-spark-pipeline/airflow_venv/lib/python3.11/site-packages/airflow/example_dags/example_kubernetes_executor.py for tasks to queue
[2026-03-18T13:55:55.427+0000] {logging_mixin.py:190} INFO - [2026-03-18T13:55:55.427+0000] {dagbag.py:588} INFO - Filling up the DagBag from /home/komal/data-engineering-projects/airflow-spark-pipeline/airflow_venv/lib/python3.11/site-packages/airflow/example_dags/example_kubernetes_executor.py
[2026-03-18T13:55:55.432+0000] {logging_mixin.py:190} INFO - [2026-03-18T13:55:55.432+0000] {example_kubernetes_executor.py:39} WARNING - The example_kubernetes_executor example DAG requires the kubernetes provider. Please install it with: pip install apache-airflow[cncf.kubernetes]
[2026-03-18T13:55:55.432+0000] {processor.py:927} WARNING - No viable dags retrieved from /home/komal/data-engineering-projects/airflow-spark-pipeline/airflow_venv/lib/python3.11/site-packages/airflow/example_dags/example_kubernetes_executor.py
[2026-03-18T13:55:55.444+0000] {processor.py:208} INFO - Processing /home/komal/data-engineering-projects/airflow-spark-pipeline/airflow_venv/lib/python3.11/site-packages/airflow/example_dags/example_kubernetes_executor.py took 0.059 seconds
[2026-03-18T13:57:02.599+0000] {processor.py:186} INFO - Started process (PID=37088) to work on /home/komal/data-engineering-projects/airflow-spark-pipeline/airflow_venv/lib/python3.11/site-packages/airflow/example_dags/example_kubernetes_executor.py
[2026-03-18T13:57:02.631+0000] {processor.py:914} INFO - Processing file /home/komal/data-engineering-projects/airflow-spark-pipeline/airflow_venv/lib/python3.11/site-packages/airflow/example_dags/example_kubernetes_executor.py for tasks to queue
[2026-03-18T13:57:02.634+0000] {logging_mixin.py:190} INFO - [2026-03-18T13:57:02.634+0000] {dagbag.py:588} INFO - Filling up the DagBag from /home/komal/data-engineering-projects/airflow-spark-pipeline/airflow_venv/lib/python3.11/site-packages/airflow/example_dags/example_kubernetes_executor.py
[2026-03-18T13:57:02.638+0000] {logging_mixin.py:190} INFO - [2026-03-18T13:57:02.638+0000] {example_kubernetes_executor.py:39} WARNING - The example_kubernetes_executor example DAG requires the kubernetes provider. Please install it with: pip install apache-airflow[cncf.kubernetes]
[2026-03-18T13:57:02.639+0000] {processor.py:927} WARNING - No viable dags retrieved from /home/komal/data-engineering-projects/airflow-spark-pipeline/airflow_venv/lib/python3.11/site-packages/airflow/example_dags/example_kubernetes_executor.py
[2026-03-18T13:57:02.655+0000] {processor.py:208} INFO - Processing /home/komal/data-engineering-projects/airflow-spark-pipeline/airflow_venv/lib/python3.11/site-packages/airflow/example_dags/example_kubernetes_executor.py took 0.061 seconds
[2026-03-18T13:58:14.178+0000] {processor.py:186} INFO - Started process (PID=37154) to work on /home/komal/data-engineering-projects/airflow-spark-pipeline/airflow_venv/lib/python3.11/site-packages/airflow/example_dags/example_kubernetes_executor.py
[2026-03-18T13:58:14.180+0000] {processor.py:914} INFO - Processing file /home/komal/data-engineering-projects/airflow-spark-pipeline/airflow_venv/lib/python3.11/site-packages/airflow/example_dags/example_kubernetes_executor.py for tasks to queue
[2026-03-18T13:58:14.182+0000] {logging_mixin.py:190} INFO - [2026-03-18T13:58:14.181+0000] {dagbag.py:588} INFO - Filling up the DagBag from /home/komal/data-engineering-projects/airflow-spark-pipeline/airflow_venv/lib/python3.11/site-packages/airflow/example_dags/example_kubernetes_executor.py
[2026-03-18T13:58:14.184+0000] {logging_mixin.py:190} INFO - [2026-03-18T13:58:14.184+0000] {example_kubernetes_executor.py:39} WARNING - The example_kubernetes_executor example DAG requires the kubernetes provider. Please install it with: pip install apache-airflow[cncf.kubernetes]
[2026-03-18T13:58:14.185+0000] {processor.py:927} WARNING - No viable dags retrieved from /home/komal/data-engineering-projects/airflow-spark-pipeline/airflow_venv/lib/python3.11/site-packages/airflow/example_dags/example_kubernetes_executor.py
[2026-03-18T13:58:14.191+0000] {processor.py:208} INFO - Processing /home/komal/data-engineering-projects/airflow-spark-pipeline/airflow_venv/lib/python3.11/site-packages/airflow/example_dags/example_kubernetes_executor.py took 0.018 seconds
[2026-03-18T14:02:09.618+0000] {processor.py:186} INFO - Started process (PID=37242) to work on /home/komal/data-engineering-projects/airflow-spark-pipeline/airflow_venv/lib/python3.11/site-packages/airflow/example_dags/example_kubernetes_executor.py
[2026-03-18T14:02:09.621+0000] {processor.py:914} INFO - Processing file /home/komal/data-engineering-projects/airflow-spark-pipeline/airflow_venv/lib/python3.11/site-packages/airflow/example_dags/example_kubernetes_executor.py for tasks to queue
[2026-03-18T14:02:09.624+0000] {logging_mixin.py:190} INFO - [2026-03-18T14:02:09.623+0000] {dagbag.py:588} INFO - Filling up the DagBag from /home/komal/data-engineering-projects/airflow-spark-pipeline/airflow_venv/lib/python3.11/site-packages/airflow/example_dags/example_kubernetes_executor.py
[2026-03-18T14:02:09.629+0000] {logging_mixin.py:190} INFO - [2026-03-18T14:02:09.629+0000] {example_kubernetes_executor.py:39} WARNING - The example_kubernetes_executor example DAG requires the kubernetes provider. Please install it with: pip install apache-airflow[cncf.kubernetes]
[2026-03-18T14:02:09.630+0000] {processor.py:927} WARNING - No viable dags retrieved from /home/komal/data-engineering-projects/airflow-spark-pipeline/airflow_venv/lib/python3.11/site-packages/airflow/example_dags/example_kubernetes_executor.py
[2026-03-18T14:02:09.639+0000] {processor.py:208} INFO - Processing /home/komal/data-engineering-projects/airflow-spark-pipeline/airflow_venv/lib/python3.11/site-packages/airflow/example_dags/example_kubernetes_executor.py took 0.032 seconds
