[2026-03-18T06:16:48.844+0000] {processor.py:157} INFO - Started process (PID=27500) to work on /home/komal/data-engineering-projects/airflow-spark-pipeline/airflow_venv/lib/python3.11/site-packages/airflow/example_dags/tutorial_taskflow_api_virtualenv.py
[2026-03-18T06:16:48.845+0000] {processor.py:826} INFO - Processing file /home/komal/data-engineering-projects/airflow-spark-pipeline/airflow_venv/lib/python3.11/site-packages/airflow/example_dags/tutorial_taskflow_api_virtualenv.py for tasks to queue
[2026-03-18T06:16:48.847+0000] {logging_mixin.py:150} INFO - [2026-03-18T06:16:48.846+0000] {dagbag.py:541} INFO - Filling up the DagBag from /home/komal/data-engineering-projects/airflow-spark-pipeline/airflow_venv/lib/python3.11/site-packages/airflow/example_dags/tutorial_taskflow_api_virtualenv.py
[2026-03-18T06:16:49.022+0000] {logging_mixin.py:150} INFO - [2026-03-18T06:16:49.021+0000] {tutorial_taskflow_api_virtualenv.py:29} WARNING - The tutorial_taskflow_api_virtualenv example DAG requires virtualenv, please install it.
[2026-03-18T06:16:49.022+0000] {processor.py:838} WARNING - No viable dags retrieved from /home/komal/data-engineering-projects/airflow-spark-pipeline/airflow_venv/lib/python3.11/site-packages/airflow/example_dags/tutorial_taskflow_api_virtualenv.py
[2026-03-18T06:16:49.034+0000] {processor.py:179} INFO - Processing /home/komal/data-engineering-projects/airflow-spark-pipeline/airflow_venv/lib/python3.11/site-packages/airflow/example_dags/tutorial_taskflow_api_virtualenv.py took 0.195 seconds
[2026-03-18T06:17:51.155+0000] {processor.py:157} INFO - Started process (PID=27596) to work on /home/komal/data-engineering-projects/airflow-spark-pipeline/airflow_venv/lib/python3.11/site-packages/airflow/example_dags/tutorial_taskflow_api_virtualenv.py
[2026-03-18T06:17:51.156+0000] {processor.py:826} INFO - Processing file /home/komal/data-engineering-projects/airflow-spark-pipeline/airflow_venv/lib/python3.11/site-packages/airflow/example_dags/tutorial_taskflow_api_virtualenv.py for tasks to queue
[2026-03-18T06:17:51.158+0000] {logging_mixin.py:150} INFO - [2026-03-18T06:17:51.157+0000] {dagbag.py:541} INFO - Filling up the DagBag from /home/komal/data-engineering-projects/airflow-spark-pipeline/airflow_venv/lib/python3.11/site-packages/airflow/example_dags/tutorial_taskflow_api_virtualenv.py
[2026-03-18T06:17:51.310+0000] {logging_mixin.py:150} INFO - [2026-03-18T06:17:51.310+0000] {tutorial_taskflow_api_virtualenv.py:29} WARNING - The tutorial_taskflow_api_virtualenv example DAG requires virtualenv, please install it.
[2026-03-18T06:17:51.310+0000] {processor.py:838} WARNING - No viable dags retrieved from /home/komal/data-engineering-projects/airflow-spark-pipeline/airflow_venv/lib/python3.11/site-packages/airflow/example_dags/tutorial_taskflow_api_virtualenv.py
[2026-03-18T06:17:51.318+0000] {processor.py:179} INFO - Processing /home/komal/data-engineering-projects/airflow-spark-pipeline/airflow_venv/lib/python3.11/site-packages/airflow/example_dags/tutorial_taskflow_api_virtualenv.py took 0.171 seconds
[2026-03-18T06:33:28.042+0000] {processor.py:186} INFO - Started process (PID=28025) to work on /home/komal/data-engineering-projects/airflow-spark-pipeline/airflow_venv/lib/python3.11/site-packages/airflow/example_dags/tutorial_taskflow_api_virtualenv.py
[2026-03-18T06:33:28.075+0000] {processor.py:914} INFO - Processing file /home/komal/data-engineering-projects/airflow-spark-pipeline/airflow_venv/lib/python3.11/site-packages/airflow/example_dags/tutorial_taskflow_api_virtualenv.py for tasks to queue
[2026-03-18T06:33:28.078+0000] {logging_mixin.py:190} INFO - [2026-03-18T06:33:28.078+0000] {dagbag.py:588} INFO - Filling up the DagBag from /home/komal/data-engineering-projects/airflow-spark-pipeline/airflow_venv/lib/python3.11/site-packages/airflow/example_dags/tutorial_taskflow_api_virtualenv.py
[2026-03-18T06:33:28.314+0000] {logging_mixin.py:190} INFO - [2026-03-18T06:33:28.314+0000] {tutorial_taskflow_api_virtualenv.py:29} WARNING - The tutorial_taskflow_api_virtualenv example DAG requires virtualenv, please install it.
[2026-03-18T06:33:28.314+0000] {processor.py:927} WARNING - No viable dags retrieved from /home/komal/data-engineering-projects/airflow-spark-pipeline/airflow_venv/lib/python3.11/site-packages/airflow/example_dags/tutorial_taskflow_api_virtualenv.py
[2026-03-18T06:33:28.323+0000] {processor.py:208} INFO - Processing /home/komal/data-engineering-projects/airflow-spark-pipeline/airflow_venv/lib/python3.11/site-packages/airflow/example_dags/tutorial_taskflow_api_virtualenv.py took 0.289 seconds
[2026-03-18T06:34:34.890+0000] {processor.py:186} INFO - Started process (PID=28090) to work on /home/komal/data-engineering-projects/airflow-spark-pipeline/airflow_venv/lib/python3.11/site-packages/airflow/example_dags/tutorial_taskflow_api_virtualenv.py
[2026-03-18T06:34:34.921+0000] {processor.py:914} INFO - Processing file /home/komal/data-engineering-projects/airflow-spark-pipeline/airflow_venv/lib/python3.11/site-packages/airflow/example_dags/tutorial_taskflow_api_virtualenv.py for tasks to queue
[2026-03-18T06:34:34.922+0000] {logging_mixin.py:190} INFO - [2026-03-18T06:34:34.922+0000] {dagbag.py:588} INFO - Filling up the DagBag from /home/komal/data-engineering-projects/airflow-spark-pipeline/airflow_venv/lib/python3.11/site-packages/airflow/example_dags/tutorial_taskflow_api_virtualenv.py
[2026-03-18T06:34:35.075+0000] {logging_mixin.py:190} INFO - [2026-03-18T06:34:35.075+0000] {tutorial_taskflow_api_virtualenv.py:29} WARNING - The tutorial_taskflow_api_virtualenv example DAG requires virtualenv, please install it.
[2026-03-18T06:34:35.075+0000] {processor.py:927} WARNING - No viable dags retrieved from /home/komal/data-engineering-projects/airflow-spark-pipeline/airflow_venv/lib/python3.11/site-packages/airflow/example_dags/tutorial_taskflow_api_virtualenv.py
[2026-03-18T06:34:35.086+0000] {processor.py:208} INFO - Processing /home/komal/data-engineering-projects/airflow-spark-pipeline/airflow_venv/lib/python3.11/site-packages/airflow/example_dags/tutorial_taskflow_api_virtualenv.py took 0.213 seconds
[2026-03-18T06:35:38.920+0000] {processor.py:186} INFO - Started process (PID=28158) to work on /home/komal/data-engineering-projects/airflow-spark-pipeline/airflow_venv/lib/python3.11/site-packages/airflow/example_dags/tutorial_taskflow_api_virtualenv.py
[2026-03-18T06:35:38.922+0000] {processor.py:914} INFO - Processing file /home/komal/data-engineering-projects/airflow-spark-pipeline/airflow_venv/lib/python3.11/site-packages/airflow/example_dags/tutorial_taskflow_api_virtualenv.py for tasks to queue
[2026-03-18T06:35:38.923+0000] {logging_mixin.py:190} INFO - [2026-03-18T06:35:38.923+0000] {dagbag.py:588} INFO - Filling up the DagBag from /home/komal/data-engineering-projects/airflow-spark-pipeline/airflow_venv/lib/python3.11/site-packages/airflow/example_dags/tutorial_taskflow_api_virtualenv.py
[2026-03-18T06:35:39.066+0000] {logging_mixin.py:190} INFO - [2026-03-18T06:35:39.066+0000] {tutorial_taskflow_api_virtualenv.py:29} WARNING - The tutorial_taskflow_api_virtualenv example DAG requires virtualenv, please install it.
[2026-03-18T06:35:39.067+0000] {processor.py:927} WARNING - No viable dags retrieved from /home/komal/data-engineering-projects/airflow-spark-pipeline/airflow_venv/lib/python3.11/site-packages/airflow/example_dags/tutorial_taskflow_api_virtualenv.py
[2026-03-18T06:35:39.080+0000] {processor.py:208} INFO - Processing /home/komal/data-engineering-projects/airflow-spark-pipeline/airflow_venv/lib/python3.11/site-packages/airflow/example_dags/tutorial_taskflow_api_virtualenv.py took 0.167 seconds
[2026-03-18T06:36:47.095+0000] {processor.py:186} INFO - Started process (PID=28229) to work on /home/komal/data-engineering-projects/airflow-spark-pipeline/airflow_venv/lib/python3.11/site-packages/airflow/example_dags/tutorial_taskflow_api_virtualenv.py
[2026-03-18T06:36:47.098+0000] {processor.py:914} INFO - Processing file /home/komal/data-engineering-projects/airflow-spark-pipeline/airflow_venv/lib/python3.11/site-packages/airflow/example_dags/tutorial_taskflow_api_virtualenv.py for tasks to queue
[2026-03-18T06:36:47.099+0000] {logging_mixin.py:190} INFO - [2026-03-18T06:36:47.099+0000] {dagbag.py:588} INFO - Filling up the DagBag from /home/komal/data-engineering-projects/airflow-spark-pipeline/airflow_venv/lib/python3.11/site-packages/airflow/example_dags/tutorial_taskflow_api_virtualenv.py
[2026-03-18T06:36:47.211+0000] {logging_mixin.py:190} INFO - [2026-03-18T06:36:47.210+0000] {tutorial_taskflow_api_virtualenv.py:29} WARNING - The tutorial_taskflow_api_virtualenv example DAG requires virtualenv, please install it.
[2026-03-18T06:36:47.211+0000] {processor.py:927} WARNING - No viable dags retrieved from /home/komal/data-engineering-projects/airflow-spark-pipeline/airflow_venv/lib/python3.11/site-packages/airflow/example_dags/tutorial_taskflow_api_virtualenv.py
[2026-03-18T06:36:47.218+0000] {processor.py:208} INFO - Processing /home/komal/data-engineering-projects/airflow-spark-pipeline/airflow_venv/lib/python3.11/site-packages/airflow/example_dags/tutorial_taskflow_api_virtualenv.py took 0.138 seconds
[2026-03-18T06:38:07.417+0000] {processor.py:186} INFO - Started process (PID=28321) to work on /home/komal/data-engineering-projects/airflow-spark-pipeline/airflow_venv/lib/python3.11/site-packages/airflow/example_dags/tutorial_taskflow_api_virtualenv.py
[2026-03-18T06:38:07.420+0000] {processor.py:914} INFO - Processing file /home/komal/data-engineering-projects/airflow-spark-pipeline/airflow_venv/lib/python3.11/site-packages/airflow/example_dags/tutorial_taskflow_api_virtualenv.py for tasks to queue
[2026-03-18T06:38:07.422+0000] {logging_mixin.py:190} INFO - [2026-03-18T06:38:07.421+0000] {dagbag.py:588} INFO - Filling up the DagBag from /home/komal/data-engineering-projects/airflow-spark-pipeline/airflow_venv/lib/python3.11/site-packages/airflow/example_dags/tutorial_taskflow_api_virtualenv.py
[2026-03-18T06:38:07.591+0000] {logging_mixin.py:190} INFO - [2026-03-18T06:38:07.591+0000] {tutorial_taskflow_api_virtualenv.py:29} WARNING - The tutorial_taskflow_api_virtualenv example DAG requires virtualenv, please install it.
[2026-03-18T06:38:07.592+0000] {processor.py:927} WARNING - No viable dags retrieved from /home/komal/data-engineering-projects/airflow-spark-pipeline/airflow_venv/lib/python3.11/site-packages/airflow/example_dags/tutorial_taskflow_api_virtualenv.py
[2026-03-18T06:38:07.607+0000] {processor.py:208} INFO - Processing /home/komal/data-engineering-projects/airflow-spark-pipeline/airflow_venv/lib/python3.11/site-packages/airflow/example_dags/tutorial_taskflow_api_virtualenv.py took 0.195 seconds
[2026-03-18T06:39:17.234+0000] {processor.py:186} INFO - Started process (PID=28461) to work on /home/komal/data-engineering-projects/airflow-spark-pipeline/airflow_venv/lib/python3.11/site-packages/airflow/example_dags/tutorial_taskflow_api_virtualenv.py
[2026-03-18T06:39:17.267+0000] {processor.py:914} INFO - Processing file /home/komal/data-engineering-projects/airflow-spark-pipeline/airflow_venv/lib/python3.11/site-packages/airflow/example_dags/tutorial_taskflow_api_virtualenv.py for tasks to queue
[2026-03-18T06:39:17.271+0000] {logging_mixin.py:190} INFO - [2026-03-18T06:39:17.270+0000] {dagbag.py:588} INFO - Filling up the DagBag from /home/komal/data-engineering-projects/airflow-spark-pipeline/airflow_venv/lib/python3.11/site-packages/airflow/example_dags/tutorial_taskflow_api_virtualenv.py
[2026-03-18T06:39:17.474+0000] {logging_mixin.py:190} INFO - [2026-03-18T06:39:17.473+0000] {tutorial_taskflow_api_virtualenv.py:29} WARNING - The tutorial_taskflow_api_virtualenv example DAG requires virtualenv, please install it.
[2026-03-18T06:39:17.475+0000] {processor.py:927} WARNING - No viable dags retrieved from /home/komal/data-engineering-projects/airflow-spark-pipeline/airflow_venv/lib/python3.11/site-packages/airflow/example_dags/tutorial_taskflow_api_virtualenv.py
[2026-03-18T06:39:17.488+0000] {processor.py:208} INFO - Processing /home/komal/data-engineering-projects/airflow-spark-pipeline/airflow_venv/lib/python3.11/site-packages/airflow/example_dags/tutorial_taskflow_api_virtualenv.py took 0.262 seconds
[2026-03-18T06:40:26.248+0000] {processor.py:186} INFO - Started process (PID=28534) to work on /home/komal/data-engineering-projects/airflow-spark-pipeline/airflow_venv/lib/python3.11/site-packages/airflow/example_dags/tutorial_taskflow_api_virtualenv.py
[2026-03-18T06:40:26.256+0000] {processor.py:914} INFO - Processing file /home/komal/data-engineering-projects/airflow-spark-pipeline/airflow_venv/lib/python3.11/site-packages/airflow/example_dags/tutorial_taskflow_api_virtualenv.py for tasks to queue
[2026-03-18T06:40:26.259+0000] {logging_mixin.py:190} INFO - [2026-03-18T06:40:26.259+0000] {dagbag.py:588} INFO - Filling up the DagBag from /home/komal/data-engineering-projects/airflow-spark-pipeline/airflow_venv/lib/python3.11/site-packages/airflow/example_dags/tutorial_taskflow_api_virtualenv.py
[2026-03-18T06:40:26.440+0000] {logging_mixin.py:190} INFO - [2026-03-18T06:40:26.439+0000] {tutorial_taskflow_api_virtualenv.py:29} WARNING - The tutorial_taskflow_api_virtualenv example DAG requires virtualenv, please install it.
[2026-03-18T06:40:26.440+0000] {processor.py:927} WARNING - No viable dags retrieved from /home/komal/data-engineering-projects/airflow-spark-pipeline/airflow_venv/lib/python3.11/site-packages/airflow/example_dags/tutorial_taskflow_api_virtualenv.py
[2026-03-18T06:40:26.454+0000] {processor.py:208} INFO - Processing /home/komal/data-engineering-projects/airflow-spark-pipeline/airflow_venv/lib/python3.11/site-packages/airflow/example_dags/tutorial_taskflow_api_virtualenv.py took 0.217 seconds
[2026-03-18T06:41:35.122+0000] {processor.py:186} INFO - Started process (PID=28677) to work on /home/komal/data-engineering-projects/airflow-spark-pipeline/airflow_venv/lib/python3.11/site-packages/airflow/example_dags/tutorial_taskflow_api_virtualenv.py
[2026-03-18T06:41:35.154+0000] {processor.py:914} INFO - Processing file /home/komal/data-engineering-projects/airflow-spark-pipeline/airflow_venv/lib/python3.11/site-packages/airflow/example_dags/tutorial_taskflow_api_virtualenv.py for tasks to queue
[2026-03-18T06:41:35.158+0000] {logging_mixin.py:190} INFO - [2026-03-18T06:41:35.157+0000] {dagbag.py:588} INFO - Filling up the DagBag from /home/komal/data-engineering-projects/airflow-spark-pipeline/airflow_venv/lib/python3.11/site-packages/airflow/example_dags/tutorial_taskflow_api_virtualenv.py
[2026-03-18T06:41:35.427+0000] {logging_mixin.py:190} INFO - [2026-03-18T06:41:35.426+0000] {tutorial_taskflow_api_virtualenv.py:29} WARNING - The tutorial_taskflow_api_virtualenv example DAG requires virtualenv, please install it.
[2026-03-18T06:41:35.427+0000] {processor.py:927} WARNING - No viable dags retrieved from /home/komal/data-engineering-projects/airflow-spark-pipeline/airflow_venv/lib/python3.11/site-packages/airflow/example_dags/tutorial_taskflow_api_virtualenv.py
[2026-03-18T06:41:35.440+0000] {processor.py:208} INFO - Processing /home/komal/data-engineering-projects/airflow-spark-pipeline/airflow_venv/lib/python3.11/site-packages/airflow/example_dags/tutorial_taskflow_api_virtualenv.py took 0.324 seconds
[2026-03-18T06:42:52.036+0000] {processor.py:186} INFO - Started process (PID=28757) to work on /home/komal/data-engineering-projects/airflow-spark-pipeline/airflow_venv/lib/python3.11/site-packages/airflow/example_dags/tutorial_taskflow_api_virtualenv.py
[2026-03-18T06:42:52.068+0000] {processor.py:914} INFO - Processing file /home/komal/data-engineering-projects/airflow-spark-pipeline/airflow_venv/lib/python3.11/site-packages/airflow/example_dags/tutorial_taskflow_api_virtualenv.py for tasks to queue
[2026-03-18T06:42:52.071+0000] {logging_mixin.py:190} INFO - [2026-03-18T06:42:52.071+0000] {dagbag.py:588} INFO - Filling up the DagBag from /home/komal/data-engineering-projects/airflow-spark-pipeline/airflow_venv/lib/python3.11/site-packages/airflow/example_dags/tutorial_taskflow_api_virtualenv.py
[2026-03-18T06:42:52.277+0000] {logging_mixin.py:190} INFO - [2026-03-18T06:42:52.277+0000] {tutorial_taskflow_api_virtualenv.py:29} WARNING - The tutorial_taskflow_api_virtualenv example DAG requires virtualenv, please install it.
[2026-03-18T06:42:52.278+0000] {processor.py:927} WARNING - No viable dags retrieved from /home/komal/data-engineering-projects/airflow-spark-pipeline/airflow_venv/lib/python3.11/site-packages/airflow/example_dags/tutorial_taskflow_api_virtualenv.py
[2026-03-18T06:42:52.293+0000] {processor.py:208} INFO - Processing /home/komal/data-engineering-projects/airflow-spark-pipeline/airflow_venv/lib/python3.11/site-packages/airflow/example_dags/tutorial_taskflow_api_virtualenv.py took 0.261 seconds
[2026-03-18T06:44:14.539+0000] {processor.py:186} INFO - Started process (PID=28910) to work on /home/komal/data-engineering-projects/airflow-spark-pipeline/airflow_venv/lib/python3.11/site-packages/airflow/example_dags/tutorial_taskflow_api_virtualenv.py
[2026-03-18T06:44:14.542+0000] {processor.py:914} INFO - Processing file /home/komal/data-engineering-projects/airflow-spark-pipeline/airflow_venv/lib/python3.11/site-packages/airflow/example_dags/tutorial_taskflow_api_virtualenv.py for tasks to queue
[2026-03-18T06:44:14.544+0000] {logging_mixin.py:190} INFO - [2026-03-18T06:44:14.544+0000] {dagbag.py:588} INFO - Filling up the DagBag from /home/komal/data-engineering-projects/airflow-spark-pipeline/airflow_venv/lib/python3.11/site-packages/airflow/example_dags/tutorial_taskflow_api_virtualenv.py
[2026-03-18T06:44:14.763+0000] {logging_mixin.py:190} INFO - [2026-03-18T06:44:14.763+0000] {tutorial_taskflow_api_virtualenv.py:29} WARNING - The tutorial_taskflow_api_virtualenv example DAG requires virtualenv, please install it.
[2026-03-18T06:44:14.763+0000] {processor.py:927} WARNING - No viable dags retrieved from /home/komal/data-engineering-projects/airflow-spark-pipeline/airflow_venv/lib/python3.11/site-packages/airflow/example_dags/tutorial_taskflow_api_virtualenv.py
[2026-03-18T06:44:14.779+0000] {processor.py:208} INFO - Processing /home/komal/data-engineering-projects/airflow-spark-pipeline/airflow_venv/lib/python3.11/site-packages/airflow/example_dags/tutorial_taskflow_api_virtualenv.py took 0.254 seconds
[2026-03-18T06:45:29.466+0000] {processor.py:186} INFO - Started process (PID=28991) to work on /home/komal/data-engineering-projects/airflow-spark-pipeline/airflow_venv/lib/python3.11/site-packages/airflow/example_dags/tutorial_taskflow_api_virtualenv.py
[2026-03-18T06:45:29.498+0000] {processor.py:914} INFO - Processing file /home/komal/data-engineering-projects/airflow-spark-pipeline/airflow_venv/lib/python3.11/site-packages/airflow/example_dags/tutorial_taskflow_api_virtualenv.py for tasks to queue
[2026-03-18T06:45:29.506+0000] {logging_mixin.py:190} INFO - [2026-03-18T06:45:29.505+0000] {dagbag.py:588} INFO - Filling up the DagBag from /home/komal/data-engineering-projects/airflow-spark-pipeline/airflow_venv/lib/python3.11/site-packages/airflow/example_dags/tutorial_taskflow_api_virtualenv.py
[2026-03-18T06:45:29.626+0000] {logging_mixin.py:190} INFO - [2026-03-18T06:45:29.626+0000] {tutorial_taskflow_api_virtualenv.py:29} WARNING - The tutorial_taskflow_api_virtualenv example DAG requires virtualenv, please install it.
[2026-03-18T06:45:29.627+0000] {processor.py:927} WARNING - No viable dags retrieved from /home/komal/data-engineering-projects/airflow-spark-pipeline/airflow_venv/lib/python3.11/site-packages/airflow/example_dags/tutorial_taskflow_api_virtualenv.py
[2026-03-18T06:45:29.638+0000] {processor.py:208} INFO - Processing /home/komal/data-engineering-projects/airflow-spark-pipeline/airflow_venv/lib/python3.11/site-packages/airflow/example_dags/tutorial_taskflow_api_virtualenv.py took 0.186 seconds
[2026-03-18T06:46:40.691+0000] {processor.py:186} INFO - Started process (PID=29425) to work on /home/komal/data-engineering-projects/airflow-spark-pipeline/airflow_venv/lib/python3.11/site-packages/airflow/example_dags/tutorial_taskflow_api_virtualenv.py
[2026-03-18T06:46:40.724+0000] {processor.py:914} INFO - Processing file /home/komal/data-engineering-projects/airflow-spark-pipeline/airflow_venv/lib/python3.11/site-packages/airflow/example_dags/tutorial_taskflow_api_virtualenv.py for tasks to queue
[2026-03-18T06:46:40.729+0000] {logging_mixin.py:190} INFO - [2026-03-18T06:46:40.728+0000] {dagbag.py:588} INFO - Filling up the DagBag from /home/komal/data-engineering-projects/airflow-spark-pipeline/airflow_venv/lib/python3.11/site-packages/airflow/example_dags/tutorial_taskflow_api_virtualenv.py
[2026-03-18T06:46:40.978+0000] {logging_mixin.py:190} INFO - [2026-03-18T06:46:40.977+0000] {tutorial_taskflow_api_virtualenv.py:29} WARNING - The tutorial_taskflow_api_virtualenv example DAG requires virtualenv, please install it.
[2026-03-18T06:46:40.978+0000] {processor.py:927} WARNING - No viable dags retrieved from /home/komal/data-engineering-projects/airflow-spark-pipeline/airflow_venv/lib/python3.11/site-packages/airflow/example_dags/tutorial_taskflow_api_virtualenv.py
[2026-03-18T06:46:40.994+0000] {processor.py:208} INFO - Processing /home/komal/data-engineering-projects/airflow-spark-pipeline/airflow_venv/lib/python3.11/site-packages/airflow/example_dags/tutorial_taskflow_api_virtualenv.py took 0.313 seconds
[2026-03-18T06:47:49.767+0000] {processor.py:186} INFO - Started process (PID=29497) to work on /home/komal/data-engineering-projects/airflow-spark-pipeline/airflow_venv/lib/python3.11/site-packages/airflow/example_dags/tutorial_taskflow_api_virtualenv.py
[2026-03-18T06:47:49.769+0000] {processor.py:914} INFO - Processing file /home/komal/data-engineering-projects/airflow-spark-pipeline/airflow_venv/lib/python3.11/site-packages/airflow/example_dags/tutorial_taskflow_api_virtualenv.py for tasks to queue
[2026-03-18T06:47:49.774+0000] {logging_mixin.py:190} INFO - [2026-03-18T06:47:49.773+0000] {dagbag.py:588} INFO - Filling up the DagBag from /home/komal/data-engineering-projects/airflow-spark-pipeline/airflow_venv/lib/python3.11/site-packages/airflow/example_dags/tutorial_taskflow_api_virtualenv.py
[2026-03-18T06:47:50.389+0000] {logging_mixin.py:190} INFO - [2026-03-18T06:47:50.389+0000] {tutorial_taskflow_api_virtualenv.py:29} WARNING - The tutorial_taskflow_api_virtualenv example DAG requires virtualenv, please install it.
[2026-03-18T06:47:50.389+0000] {processor.py:927} WARNING - No viable dags retrieved from /home/komal/data-engineering-projects/airflow-spark-pipeline/airflow_venv/lib/python3.11/site-packages/airflow/example_dags/tutorial_taskflow_api_virtualenv.py
[2026-03-18T06:47:50.402+0000] {processor.py:208} INFO - Processing /home/komal/data-engineering-projects/airflow-spark-pipeline/airflow_venv/lib/python3.11/site-packages/airflow/example_dags/tutorial_taskflow_api_virtualenv.py took 0.639 seconds
[2026-03-18T06:49:14.170+0000] {processor.py:186} INFO - Started process (PID=29652) to work on /home/komal/data-engineering-projects/airflow-spark-pipeline/airflow_venv/lib/python3.11/site-packages/airflow/example_dags/tutorial_taskflow_api_virtualenv.py
[2026-03-18T06:49:14.192+0000] {processor.py:914} INFO - Processing file /home/komal/data-engineering-projects/airflow-spark-pipeline/airflow_venv/lib/python3.11/site-packages/airflow/example_dags/tutorial_taskflow_api_virtualenv.py for tasks to queue
[2026-03-18T06:49:14.195+0000] {logging_mixin.py:190} INFO - [2026-03-18T06:49:14.194+0000] {dagbag.py:588} INFO - Filling up the DagBag from /home/komal/data-engineering-projects/airflow-spark-pipeline/airflow_venv/lib/python3.11/site-packages/airflow/example_dags/tutorial_taskflow_api_virtualenv.py
[2026-03-18T06:49:14.317+0000] {logging_mixin.py:190} INFO - [2026-03-18T06:49:14.317+0000] {tutorial_taskflow_api_virtualenv.py:29} WARNING - The tutorial_taskflow_api_virtualenv example DAG requires virtualenv, please install it.
[2026-03-18T06:49:14.317+0000] {processor.py:927} WARNING - No viable dags retrieved from /home/komal/data-engineering-projects/airflow-spark-pipeline/airflow_venv/lib/python3.11/site-packages/airflow/example_dags/tutorial_taskflow_api_virtualenv.py
[2026-03-18T06:49:14.327+0000] {processor.py:208} INFO - Processing /home/komal/data-engineering-projects/airflow-spark-pipeline/airflow_venv/lib/python3.11/site-packages/airflow/example_dags/tutorial_taskflow_api_virtualenv.py took 0.164 seconds
[2026-03-18T06:50:29.867+0000] {processor.py:186} INFO - Started process (PID=29802) to work on /home/komal/data-engineering-projects/airflow-spark-pipeline/airflow_venv/lib/python3.11/site-packages/airflow/example_dags/tutorial_taskflow_api_virtualenv.py
[2026-03-18T06:50:29.899+0000] {processor.py:914} INFO - Processing file /home/komal/data-engineering-projects/airflow-spark-pipeline/airflow_venv/lib/python3.11/site-packages/airflow/example_dags/tutorial_taskflow_api_virtualenv.py for tasks to queue
[2026-03-18T06:50:29.903+0000] {logging_mixin.py:190} INFO - [2026-03-18T06:50:29.902+0000] {dagbag.py:588} INFO - Filling up the DagBag from /home/komal/data-engineering-projects/airflow-spark-pipeline/airflow_venv/lib/python3.11/site-packages/airflow/example_dags/tutorial_taskflow_api_virtualenv.py
[2026-03-18T06:50:30.097+0000] {logging_mixin.py:190} INFO - [2026-03-18T06:50:30.097+0000] {tutorial_taskflow_api_virtualenv.py:29} WARNING - The tutorial_taskflow_api_virtualenv example DAG requires virtualenv, please install it.
[2026-03-18T06:50:30.098+0000] {processor.py:927} WARNING - No viable dags retrieved from /home/komal/data-engineering-projects/airflow-spark-pipeline/airflow_venv/lib/python3.11/site-packages/airflow/example_dags/tutorial_taskflow_api_virtualenv.py
[2026-03-18T06:50:30.111+0000] {processor.py:208} INFO - Processing /home/komal/data-engineering-projects/airflow-spark-pipeline/airflow_venv/lib/python3.11/site-packages/airflow/example_dags/tutorial_taskflow_api_virtualenv.py took 0.248 seconds
[2026-03-18T06:51:36.717+0000] {processor.py:186} INFO - Started process (PID=29871) to work on /home/komal/data-engineering-projects/airflow-spark-pipeline/airflow_venv/lib/python3.11/site-packages/airflow/example_dags/tutorial_taskflow_api_virtualenv.py
[2026-03-18T06:51:36.721+0000] {processor.py:914} INFO - Processing file /home/komal/data-engineering-projects/airflow-spark-pipeline/airflow_venv/lib/python3.11/site-packages/airflow/example_dags/tutorial_taskflow_api_virtualenv.py for tasks to queue
[2026-03-18T06:51:36.725+0000] {logging_mixin.py:190} INFO - [2026-03-18T06:51:36.724+0000] {dagbag.py:588} INFO - Filling up the DagBag from /home/komal/data-engineering-projects/airflow-spark-pipeline/airflow_venv/lib/python3.11/site-packages/airflow/example_dags/tutorial_taskflow_api_virtualenv.py
[2026-03-18T06:51:36.941+0000] {logging_mixin.py:190} INFO - [2026-03-18T06:51:36.941+0000] {tutorial_taskflow_api_virtualenv.py:29} WARNING - The tutorial_taskflow_api_virtualenv example DAG requires virtualenv, please install it.
[2026-03-18T06:51:36.942+0000] {processor.py:927} WARNING - No viable dags retrieved from /home/komal/data-engineering-projects/airflow-spark-pipeline/airflow_venv/lib/python3.11/site-packages/airflow/example_dags/tutorial_taskflow_api_virtualenv.py
[2026-03-18T06:51:36.954+0000] {processor.py:208} INFO - Processing /home/komal/data-engineering-projects/airflow-spark-pipeline/airflow_venv/lib/python3.11/site-packages/airflow/example_dags/tutorial_taskflow_api_virtualenv.py took 0.246 seconds
[2026-03-18T06:52:46.875+0000] {processor.py:186} INFO - Started process (PID=30011) to work on /home/komal/data-engineering-projects/airflow-spark-pipeline/airflow_venv/lib/python3.11/site-packages/airflow/example_dags/tutorial_taskflow_api_virtualenv.py
[2026-03-18T06:52:46.909+0000] {processor.py:914} INFO - Processing file /home/komal/data-engineering-projects/airflow-spark-pipeline/airflow_venv/lib/python3.11/site-packages/airflow/example_dags/tutorial_taskflow_api_virtualenv.py for tasks to queue
[2026-03-18T06:52:46.913+0000] {logging_mixin.py:190} INFO - [2026-03-18T06:52:46.912+0000] {dagbag.py:588} INFO - Filling up the DagBag from /home/komal/data-engineering-projects/airflow-spark-pipeline/airflow_venv/lib/python3.11/site-packages/airflow/example_dags/tutorial_taskflow_api_virtualenv.py
[2026-03-18T06:52:46.991+0000] {logging_mixin.py:190} INFO - [2026-03-18T06:52:46.991+0000] {tutorial_taskflow_api_virtualenv.py:29} WARNING - The tutorial_taskflow_api_virtualenv example DAG requires virtualenv, please install it.
[2026-03-18T06:52:46.991+0000] {processor.py:927} WARNING - No viable dags retrieved from /home/komal/data-engineering-projects/airflow-spark-pipeline/airflow_venv/lib/python3.11/site-packages/airflow/example_dags/tutorial_taskflow_api_virtualenv.py
[2026-03-18T06:52:47.002+0000] {processor.py:208} INFO - Processing /home/komal/data-engineering-projects/airflow-spark-pipeline/airflow_venv/lib/python3.11/site-packages/airflow/example_dags/tutorial_taskflow_api_virtualenv.py took 0.137 seconds
[2026-03-18T06:54:10.714+0000] {processor.py:186} INFO - Started process (PID=30158) to work on /home/komal/data-engineering-projects/airflow-spark-pipeline/airflow_venv/lib/python3.11/site-packages/airflow/example_dags/tutorial_taskflow_api_virtualenv.py
[2026-03-18T06:54:10.720+0000] {processor.py:914} INFO - Processing file /home/komal/data-engineering-projects/airflow-spark-pipeline/airflow_venv/lib/python3.11/site-packages/airflow/example_dags/tutorial_taskflow_api_virtualenv.py for tasks to queue
[2026-03-18T06:54:10.722+0000] {logging_mixin.py:190} INFO - [2026-03-18T06:54:10.722+0000] {dagbag.py:588} INFO - Filling up the DagBag from /home/komal/data-engineering-projects/airflow-spark-pipeline/airflow_venv/lib/python3.11/site-packages/airflow/example_dags/tutorial_taskflow_api_virtualenv.py
[2026-03-18T06:54:10.965+0000] {logging_mixin.py:190} INFO - [2026-03-18T06:54:10.965+0000] {tutorial_taskflow_api_virtualenv.py:29} WARNING - The tutorial_taskflow_api_virtualenv example DAG requires virtualenv, please install it.
[2026-03-18T06:54:10.965+0000] {processor.py:927} WARNING - No viable dags retrieved from /home/komal/data-engineering-projects/airflow-spark-pipeline/airflow_venv/lib/python3.11/site-packages/airflow/example_dags/tutorial_taskflow_api_virtualenv.py
[2026-03-18T06:54:10.973+0000] {processor.py:208} INFO - Processing /home/komal/data-engineering-projects/airflow-spark-pipeline/airflow_venv/lib/python3.11/site-packages/airflow/example_dags/tutorial_taskflow_api_virtualenv.py took 0.268 seconds
[2026-03-18T06:55:00.572+0000] {processor.py:186} INFO - Started process (PID=30210) to work on /home/komal/data-engineering-projects/airflow-spark-pipeline/airflow_venv/lib/python3.11/site-packages/airflow/example_dags/tutorial_taskflow_api_virtualenv.py
[2026-03-18T06:55:00.575+0000] {processor.py:914} INFO - Processing file /home/komal/data-engineering-projects/airflow-spark-pipeline/airflow_venv/lib/python3.11/site-packages/airflow/example_dags/tutorial_taskflow_api_virtualenv.py for tasks to queue
[2026-03-18T06:55:00.578+0000] {logging_mixin.py:190} INFO - [2026-03-18T06:55:00.577+0000] {dagbag.py:588} INFO - Filling up the DagBag from /home/komal/data-engineering-projects/airflow-spark-pipeline/airflow_venv/lib/python3.11/site-packages/airflow/example_dags/tutorial_taskflow_api_virtualenv.py
[2026-03-18T06:55:00.892+0000] {logging_mixin.py:190} INFO - [2026-03-18T06:55:00.892+0000] {tutorial_taskflow_api_virtualenv.py:29} WARNING - The tutorial_taskflow_api_virtualenv example DAG requires virtualenv, please install it.
[2026-03-18T06:55:00.892+0000] {processor.py:927} WARNING - No viable dags retrieved from /home/komal/data-engineering-projects/airflow-spark-pipeline/airflow_venv/lib/python3.11/site-packages/airflow/example_dags/tutorial_taskflow_api_virtualenv.py
[2026-03-18T06:55:00.900+0000] {processor.py:208} INFO - Processing /home/komal/data-engineering-projects/airflow-spark-pipeline/airflow_venv/lib/python3.11/site-packages/airflow/example_dags/tutorial_taskflow_api_virtualenv.py took 0.337 seconds
[2026-03-18T06:56:13.968+0000] {processor.py:186} INFO - Started process (PID=30361) to work on /home/komal/data-engineering-projects/airflow-spark-pipeline/airflow_venv/lib/python3.11/site-packages/airflow/example_dags/tutorial_taskflow_api_virtualenv.py
[2026-03-18T06:56:13.972+0000] {processor.py:914} INFO - Processing file /home/komal/data-engineering-projects/airflow-spark-pipeline/airflow_venv/lib/python3.11/site-packages/airflow/example_dags/tutorial_taskflow_api_virtualenv.py for tasks to queue
[2026-03-18T06:56:13.975+0000] {logging_mixin.py:190} INFO - [2026-03-18T06:56:13.974+0000] {dagbag.py:588} INFO - Filling up the DagBag from /home/komal/data-engineering-projects/airflow-spark-pipeline/airflow_venv/lib/python3.11/site-packages/airflow/example_dags/tutorial_taskflow_api_virtualenv.py
[2026-03-18T06:56:14.199+0000] {logging_mixin.py:190} INFO - [2026-03-18T06:56:14.198+0000] {tutorial_taskflow_api_virtualenv.py:29} WARNING - The tutorial_taskflow_api_virtualenv example DAG requires virtualenv, please install it.
[2026-03-18T06:56:14.199+0000] {processor.py:927} WARNING - No viable dags retrieved from /home/komal/data-engineering-projects/airflow-spark-pipeline/airflow_venv/lib/python3.11/site-packages/airflow/example_dags/tutorial_taskflow_api_virtualenv.py
[2026-03-18T06:56:14.213+0000] {processor.py:208} INFO - Processing /home/komal/data-engineering-projects/airflow-spark-pipeline/airflow_venv/lib/python3.11/site-packages/airflow/example_dags/tutorial_taskflow_api_virtualenv.py took 0.252 seconds
[2026-03-18T06:57:26.341+0000] {processor.py:186} INFO - Started process (PID=30505) to work on /home/komal/data-engineering-projects/airflow-spark-pipeline/airflow_venv/lib/python3.11/site-packages/airflow/example_dags/tutorial_taskflow_api_virtualenv.py
[2026-03-18T06:57:26.372+0000] {processor.py:914} INFO - Processing file /home/komal/data-engineering-projects/airflow-spark-pipeline/airflow_venv/lib/python3.11/site-packages/airflow/example_dags/tutorial_taskflow_api_virtualenv.py for tasks to queue
[2026-03-18T06:57:26.378+0000] {logging_mixin.py:190} INFO - [2026-03-18T06:57:26.377+0000] {dagbag.py:588} INFO - Filling up the DagBag from /home/komal/data-engineering-projects/airflow-spark-pipeline/airflow_venv/lib/python3.11/site-packages/airflow/example_dags/tutorial_taskflow_api_virtualenv.py
[2026-03-18T06:57:26.542+0000] {logging_mixin.py:190} INFO - [2026-03-18T06:57:26.542+0000] {tutorial_taskflow_api_virtualenv.py:29} WARNING - The tutorial_taskflow_api_virtualenv example DAG requires virtualenv, please install it.
[2026-03-18T06:57:26.546+0000] {processor.py:927} WARNING - No viable dags retrieved from /home/komal/data-engineering-projects/airflow-spark-pipeline/airflow_venv/lib/python3.11/site-packages/airflow/example_dags/tutorial_taskflow_api_virtualenv.py
[2026-03-18T06:57:26.570+0000] {processor.py:208} INFO - Processing /home/komal/data-engineering-projects/airflow-spark-pipeline/airflow_venv/lib/python3.11/site-packages/airflow/example_dags/tutorial_taskflow_api_virtualenv.py took 0.235 seconds
[2026-03-18T06:58:50.182+0000] {processor.py:186} INFO - Started process (PID=30657) to work on /home/komal/data-engineering-projects/airflow-spark-pipeline/airflow_venv/lib/python3.11/site-packages/airflow/example_dags/tutorial_taskflow_api_virtualenv.py
[2026-03-18T06:58:50.215+0000] {processor.py:914} INFO - Processing file /home/komal/data-engineering-projects/airflow-spark-pipeline/airflow_venv/lib/python3.11/site-packages/airflow/example_dags/tutorial_taskflow_api_virtualenv.py for tasks to queue
[2026-03-18T06:58:50.218+0000] {logging_mixin.py:190} INFO - [2026-03-18T06:58:50.218+0000] {dagbag.py:588} INFO - Filling up the DagBag from /home/komal/data-engineering-projects/airflow-spark-pipeline/airflow_venv/lib/python3.11/site-packages/airflow/example_dags/tutorial_taskflow_api_virtualenv.py
[2026-03-18T06:58:50.432+0000] {logging_mixin.py:190} INFO - [2026-03-18T06:58:50.432+0000] {tutorial_taskflow_api_virtualenv.py:29} WARNING - The tutorial_taskflow_api_virtualenv example DAG requires virtualenv, please install it.
[2026-03-18T06:58:50.433+0000] {processor.py:927} WARNING - No viable dags retrieved from /home/komal/data-engineering-projects/airflow-spark-pipeline/airflow_venv/lib/python3.11/site-packages/airflow/example_dags/tutorial_taskflow_api_virtualenv.py
[2026-03-18T06:58:50.446+0000] {processor.py:208} INFO - Processing /home/komal/data-engineering-projects/airflow-spark-pipeline/airflow_venv/lib/python3.11/site-packages/airflow/example_dags/tutorial_taskflow_api_virtualenv.py took 0.273 seconds
[2026-03-18T06:59:59.751+0000] {processor.py:186} INFO - Started process (PID=30726) to work on /home/komal/data-engineering-projects/airflow-spark-pipeline/airflow_venv/lib/python3.11/site-packages/airflow/example_dags/tutorial_taskflow_api_virtualenv.py
[2026-03-18T06:59:59.783+0000] {processor.py:914} INFO - Processing file /home/komal/data-engineering-projects/airflow-spark-pipeline/airflow_venv/lib/python3.11/site-packages/airflow/example_dags/tutorial_taskflow_api_virtualenv.py for tasks to queue
[2026-03-18T06:59:59.786+0000] {logging_mixin.py:190} INFO - [2026-03-18T06:59:59.785+0000] {dagbag.py:588} INFO - Filling up the DagBag from /home/komal/data-engineering-projects/airflow-spark-pipeline/airflow_venv/lib/python3.11/site-packages/airflow/example_dags/tutorial_taskflow_api_virtualenv.py
[2026-03-18T06:59:59.976+0000] {logging_mixin.py:190} INFO - [2026-03-18T06:59:59.976+0000] {tutorial_taskflow_api_virtualenv.py:29} WARNING - The tutorial_taskflow_api_virtualenv example DAG requires virtualenv, please install it.
[2026-03-18T06:59:59.976+0000] {processor.py:927} WARNING - No viable dags retrieved from /home/komal/data-engineering-projects/airflow-spark-pipeline/airflow_venv/lib/python3.11/site-packages/airflow/example_dags/tutorial_taskflow_api_virtualenv.py
[2026-03-18T06:59:59.984+0000] {processor.py:208} INFO - Processing /home/komal/data-engineering-projects/airflow-spark-pipeline/airflow_venv/lib/python3.11/site-packages/airflow/example_dags/tutorial_taskflow_api_virtualenv.py took 0.244 seconds
[2026-03-18T07:01:22.782+0000] {processor.py:186} INFO - Started process (PID=30876) to work on /home/komal/data-engineering-projects/airflow-spark-pipeline/airflow_venv/lib/python3.11/site-packages/airflow/example_dags/tutorial_taskflow_api_virtualenv.py
[2026-03-18T07:01:22.784+0000] {processor.py:914} INFO - Processing file /home/komal/data-engineering-projects/airflow-spark-pipeline/airflow_venv/lib/python3.11/site-packages/airflow/example_dags/tutorial_taskflow_api_virtualenv.py for tasks to queue
[2026-03-18T07:01:22.786+0000] {logging_mixin.py:190} INFO - [2026-03-18T07:01:22.786+0000] {dagbag.py:588} INFO - Filling up the DagBag from /home/komal/data-engineering-projects/airflow-spark-pipeline/airflow_venv/lib/python3.11/site-packages/airflow/example_dags/tutorial_taskflow_api_virtualenv.py
[2026-03-18T07:01:22.926+0000] {logging_mixin.py:190} INFO - [2026-03-18T07:01:22.925+0000] {tutorial_taskflow_api_virtualenv.py:29} WARNING - The tutorial_taskflow_api_virtualenv example DAG requires virtualenv, please install it.
[2026-03-18T07:01:22.926+0000] {processor.py:927} WARNING - No viable dags retrieved from /home/komal/data-engineering-projects/airflow-spark-pipeline/airflow_venv/lib/python3.11/site-packages/airflow/example_dags/tutorial_taskflow_api_virtualenv.py
[2026-03-18T07:01:22.933+0000] {processor.py:208} INFO - Processing /home/komal/data-engineering-projects/airflow-spark-pipeline/airflow_venv/lib/python3.11/site-packages/airflow/example_dags/tutorial_taskflow_api_virtualenv.py took 0.156 seconds
[2026-03-18T07:02:41.619+0000] {processor.py:186} INFO - Started process (PID=30950) to work on /home/komal/data-engineering-projects/airflow-spark-pipeline/airflow_venv/lib/python3.11/site-packages/airflow/example_dags/tutorial_taskflow_api_virtualenv.py
[2026-03-18T07:02:41.650+0000] {processor.py:914} INFO - Processing file /home/komal/data-engineering-projects/airflow-spark-pipeline/airflow_venv/lib/python3.11/site-packages/airflow/example_dags/tutorial_taskflow_api_virtualenv.py for tasks to queue
[2026-03-18T07:02:41.652+0000] {logging_mixin.py:190} INFO - [2026-03-18T07:02:41.652+0000] {dagbag.py:588} INFO - Filling up the DagBag from /home/komal/data-engineering-projects/airflow-spark-pipeline/airflow_venv/lib/python3.11/site-packages/airflow/example_dags/tutorial_taskflow_api_virtualenv.py
[2026-03-18T07:02:41.795+0000] {logging_mixin.py:190} INFO - [2026-03-18T07:02:41.795+0000] {tutorial_taskflow_api_virtualenv.py:29} WARNING - The tutorial_taskflow_api_virtualenv example DAG requires virtualenv, please install it.
[2026-03-18T07:02:41.796+0000] {processor.py:927} WARNING - No viable dags retrieved from /home/komal/data-engineering-projects/airflow-spark-pipeline/airflow_venv/lib/python3.11/site-packages/airflow/example_dags/tutorial_taskflow_api_virtualenv.py
[2026-03-18T07:02:41.806+0000] {processor.py:208} INFO - Processing /home/komal/data-engineering-projects/airflow-spark-pipeline/airflow_venv/lib/python3.11/site-packages/airflow/example_dags/tutorial_taskflow_api_virtualenv.py took 0.194 seconds
[2026-03-18T07:03:48.016+0000] {processor.py:186} INFO - Started process (PID=31071) to work on /home/komal/data-engineering-projects/airflow-spark-pipeline/airflow_venv/lib/python3.11/site-packages/airflow/example_dags/tutorial_taskflow_api_virtualenv.py
[2026-03-18T07:03:48.017+0000] {processor.py:914} INFO - Processing file /home/komal/data-engineering-projects/airflow-spark-pipeline/airflow_venv/lib/python3.11/site-packages/airflow/example_dags/tutorial_taskflow_api_virtualenv.py for tasks to queue
[2026-03-18T07:03:48.019+0000] {logging_mixin.py:190} INFO - [2026-03-18T07:03:48.019+0000] {dagbag.py:588} INFO - Filling up the DagBag from /home/komal/data-engineering-projects/airflow-spark-pipeline/airflow_venv/lib/python3.11/site-packages/airflow/example_dags/tutorial_taskflow_api_virtualenv.py
[2026-03-18T07:03:48.070+0000] {logging_mixin.py:190} INFO - [2026-03-18T07:03:48.070+0000] {tutorial_taskflow_api_virtualenv.py:29} WARNING - The tutorial_taskflow_api_virtualenv example DAG requires virtualenv, please install it.
[2026-03-18T07:03:48.070+0000] {processor.py:927} WARNING - No viable dags retrieved from /home/komal/data-engineering-projects/airflow-spark-pipeline/airflow_venv/lib/python3.11/site-packages/airflow/example_dags/tutorial_taskflow_api_virtualenv.py
[2026-03-18T07:03:48.078+0000] {processor.py:208} INFO - Processing /home/komal/data-engineering-projects/airflow-spark-pipeline/airflow_venv/lib/python3.11/site-packages/airflow/example_dags/tutorial_taskflow_api_virtualenv.py took 0.070 seconds
[2026-03-18T07:04:45.920+0000] {processor.py:186} INFO - Started process (PID=31135) to work on /home/komal/data-engineering-projects/airflow-spark-pipeline/airflow_venv/lib/python3.11/site-packages/airflow/example_dags/tutorial_taskflow_api_virtualenv.py
[2026-03-18T07:04:45.921+0000] {processor.py:914} INFO - Processing file /home/komal/data-engineering-projects/airflow-spark-pipeline/airflow_venv/lib/python3.11/site-packages/airflow/example_dags/tutorial_taskflow_api_virtualenv.py for tasks to queue
[2026-03-18T07:04:45.923+0000] {logging_mixin.py:190} INFO - [2026-03-18T07:04:45.923+0000] {dagbag.py:588} INFO - Filling up the DagBag from /home/komal/data-engineering-projects/airflow-spark-pipeline/airflow_venv/lib/python3.11/site-packages/airflow/example_dags/tutorial_taskflow_api_virtualenv.py
[2026-03-18T07:04:45.964+0000] {logging_mixin.py:190} INFO - [2026-03-18T07:04:45.964+0000] {tutorial_taskflow_api_virtualenv.py:29} WARNING - The tutorial_taskflow_api_virtualenv example DAG requires virtualenv, please install it.
[2026-03-18T07:04:45.965+0000] {processor.py:927} WARNING - No viable dags retrieved from /home/komal/data-engineering-projects/airflow-spark-pipeline/airflow_venv/lib/python3.11/site-packages/airflow/example_dags/tutorial_taskflow_api_virtualenv.py
[2026-03-18T07:04:45.972+0000] {processor.py:208} INFO - Processing /home/komal/data-engineering-projects/airflow-spark-pipeline/airflow_venv/lib/python3.11/site-packages/airflow/example_dags/tutorial_taskflow_api_virtualenv.py took 0.056 seconds
[2026-03-18T07:05:45.162+0000] {processor.py:186} INFO - Started process (PID=31197) to work on /home/komal/data-engineering-projects/airflow-spark-pipeline/airflow_venv/lib/python3.11/site-packages/airflow/example_dags/tutorial_taskflow_api_virtualenv.py
[2026-03-18T07:05:45.164+0000] {processor.py:914} INFO - Processing file /home/komal/data-engineering-projects/airflow-spark-pipeline/airflow_venv/lib/python3.11/site-packages/airflow/example_dags/tutorial_taskflow_api_virtualenv.py for tasks to queue
[2026-03-18T07:05:45.167+0000] {logging_mixin.py:190} INFO - [2026-03-18T07:05:45.166+0000] {dagbag.py:588} INFO - Filling up the DagBag from /home/komal/data-engineering-projects/airflow-spark-pipeline/airflow_venv/lib/python3.11/site-packages/airflow/example_dags/tutorial_taskflow_api_virtualenv.py
[2026-03-18T07:05:45.220+0000] {logging_mixin.py:190} INFO - [2026-03-18T07:05:45.220+0000] {tutorial_taskflow_api_virtualenv.py:29} WARNING - The tutorial_taskflow_api_virtualenv example DAG requires virtualenv, please install it.
[2026-03-18T07:05:45.220+0000] {processor.py:927} WARNING - No viable dags retrieved from /home/komal/data-engineering-projects/airflow-spark-pipeline/airflow_venv/lib/python3.11/site-packages/airflow/example_dags/tutorial_taskflow_api_virtualenv.py
[2026-03-18T07:05:45.228+0000] {processor.py:208} INFO - Processing /home/komal/data-engineering-projects/airflow-spark-pipeline/airflow_venv/lib/python3.11/site-packages/airflow/example_dags/tutorial_taskflow_api_virtualenv.py took 0.072 seconds
[2026-03-18T07:09:18.334+0000] {processor.py:186} INFO - Started process (PID=31237) to work on /home/komal/data-engineering-projects/airflow-spark-pipeline/airflow_venv/lib/python3.11/site-packages/airflow/example_dags/tutorial_taskflow_api_virtualenv.py
[2026-03-18T07:09:18.336+0000] {processor.py:914} INFO - Processing file /home/komal/data-engineering-projects/airflow-spark-pipeline/airflow_venv/lib/python3.11/site-packages/airflow/example_dags/tutorial_taskflow_api_virtualenv.py for tasks to queue
[2026-03-18T07:09:18.339+0000] {logging_mixin.py:190} INFO - [2026-03-18T07:09:18.338+0000] {dagbag.py:588} INFO - Filling up the DagBag from /home/komal/data-engineering-projects/airflow-spark-pipeline/airflow_venv/lib/python3.11/site-packages/airflow/example_dags/tutorial_taskflow_api_virtualenv.py
[2026-03-18T07:09:18.393+0000] {logging_mixin.py:190} INFO - [2026-03-18T07:09:18.393+0000] {tutorial_taskflow_api_virtualenv.py:29} WARNING - The tutorial_taskflow_api_virtualenv example DAG requires virtualenv, please install it.
[2026-03-18T07:09:18.393+0000] {processor.py:927} WARNING - No viable dags retrieved from /home/komal/data-engineering-projects/airflow-spark-pipeline/airflow_venv/lib/python3.11/site-packages/airflow/example_dags/tutorial_taskflow_api_virtualenv.py
[2026-03-18T07:09:18.401+0000] {processor.py:208} INFO - Processing /home/komal/data-engineering-projects/airflow-spark-pipeline/airflow_venv/lib/python3.11/site-packages/airflow/example_dags/tutorial_taskflow_api_virtualenv.py took 0.073 seconds
[2026-03-18T07:10:15.166+0000] {processor.py:186} INFO - Started process (PID=31298) to work on /home/komal/data-engineering-projects/airflow-spark-pipeline/airflow_venv/lib/python3.11/site-packages/airflow/example_dags/tutorial_taskflow_api_virtualenv.py
[2026-03-18T07:10:15.167+0000] {processor.py:914} INFO - Processing file /home/komal/data-engineering-projects/airflow-spark-pipeline/airflow_venv/lib/python3.11/site-packages/airflow/example_dags/tutorial_taskflow_api_virtualenv.py for tasks to queue
[2026-03-18T07:10:15.168+0000] {logging_mixin.py:190} INFO - [2026-03-18T07:10:15.167+0000] {dagbag.py:588} INFO - Filling up the DagBag from /home/komal/data-engineering-projects/airflow-spark-pipeline/airflow_venv/lib/python3.11/site-packages/airflow/example_dags/tutorial_taskflow_api_virtualenv.py
[2026-03-18T07:10:15.228+0000] {logging_mixin.py:190} INFO - [2026-03-18T07:10:15.228+0000] {tutorial_taskflow_api_virtualenv.py:29} WARNING - The tutorial_taskflow_api_virtualenv example DAG requires virtualenv, please install it.
[2026-03-18T07:10:15.229+0000] {processor.py:927} WARNING - No viable dags retrieved from /home/komal/data-engineering-projects/airflow-spark-pipeline/airflow_venv/lib/python3.11/site-packages/airflow/example_dags/tutorial_taskflow_api_virtualenv.py
[2026-03-18T07:10:15.241+0000] {processor.py:208} INFO - Processing /home/komal/data-engineering-projects/airflow-spark-pipeline/airflow_venv/lib/python3.11/site-packages/airflow/example_dags/tutorial_taskflow_api_virtualenv.py took 0.080 seconds
[2026-03-18T07:11:18.655+0000] {processor.py:186} INFO - Started process (PID=31363) to work on /home/komal/data-engineering-projects/airflow-spark-pipeline/airflow_venv/lib/python3.11/site-packages/airflow/example_dags/tutorial_taskflow_api_virtualenv.py
[2026-03-18T07:11:18.658+0000] {processor.py:914} INFO - Processing file /home/komal/data-engineering-projects/airflow-spark-pipeline/airflow_venv/lib/python3.11/site-packages/airflow/example_dags/tutorial_taskflow_api_virtualenv.py for tasks to queue
[2026-03-18T07:11:18.660+0000] {logging_mixin.py:190} INFO - [2026-03-18T07:11:18.660+0000] {dagbag.py:588} INFO - Filling up the DagBag from /home/komal/data-engineering-projects/airflow-spark-pipeline/airflow_venv/lib/python3.11/site-packages/airflow/example_dags/tutorial_taskflow_api_virtualenv.py
[2026-03-18T07:11:18.860+0000] {logging_mixin.py:190} INFO - [2026-03-18T07:11:18.860+0000] {tutorial_taskflow_api_virtualenv.py:29} WARNING - The tutorial_taskflow_api_virtualenv example DAG requires virtualenv, please install it.
[2026-03-18T07:11:18.861+0000] {processor.py:927} WARNING - No viable dags retrieved from /home/komal/data-engineering-projects/airflow-spark-pipeline/airflow_venv/lib/python3.11/site-packages/airflow/example_dags/tutorial_taskflow_api_virtualenv.py
[2026-03-18T07:11:18.871+0000] {processor.py:208} INFO - Processing /home/komal/data-engineering-projects/airflow-spark-pipeline/airflow_venv/lib/python3.11/site-packages/airflow/example_dags/tutorial_taskflow_api_virtualenv.py took 0.221 seconds
[2026-03-18T07:12:24.012+0000] {processor.py:186} INFO - Started process (PID=31429) to work on /home/komal/data-engineering-projects/airflow-spark-pipeline/airflow_venv/lib/python3.11/site-packages/airflow/example_dags/tutorial_taskflow_api_virtualenv.py
[2026-03-18T07:12:24.013+0000] {processor.py:914} INFO - Processing file /home/komal/data-engineering-projects/airflow-spark-pipeline/airflow_venv/lib/python3.11/site-packages/airflow/example_dags/tutorial_taskflow_api_virtualenv.py for tasks to queue
[2026-03-18T07:12:24.014+0000] {logging_mixin.py:190} INFO - [2026-03-18T07:12:24.013+0000] {dagbag.py:588} INFO - Filling up the DagBag from /home/komal/data-engineering-projects/airflow-spark-pipeline/airflow_venv/lib/python3.11/site-packages/airflow/example_dags/tutorial_taskflow_api_virtualenv.py
[2026-03-18T07:12:24.107+0000] {logging_mixin.py:190} INFO - [2026-03-18T07:12:24.106+0000] {tutorial_taskflow_api_virtualenv.py:29} WARNING - The tutorial_taskflow_api_virtualenv example DAG requires virtualenv, please install it.
[2026-03-18T07:12:24.107+0000] {processor.py:927} WARNING - No viable dags retrieved from /home/komal/data-engineering-projects/airflow-spark-pipeline/airflow_venv/lib/python3.11/site-packages/airflow/example_dags/tutorial_taskflow_api_virtualenv.py
[2026-03-18T07:12:24.115+0000] {processor.py:208} INFO - Processing /home/komal/data-engineering-projects/airflow-spark-pipeline/airflow_venv/lib/python3.11/site-packages/airflow/example_dags/tutorial_taskflow_api_virtualenv.py took 0.108 seconds
[2026-03-18T07:13:29.421+0000] {processor.py:186} INFO - Started process (PID=31496) to work on /home/komal/data-engineering-projects/airflow-spark-pipeline/airflow_venv/lib/python3.11/site-packages/airflow/example_dags/tutorial_taskflow_api_virtualenv.py
[2026-03-18T07:13:29.453+0000] {processor.py:914} INFO - Processing file /home/komal/data-engineering-projects/airflow-spark-pipeline/airflow_venv/lib/python3.11/site-packages/airflow/example_dags/tutorial_taskflow_api_virtualenv.py for tasks to queue
[2026-03-18T07:13:29.455+0000] {logging_mixin.py:190} INFO - [2026-03-18T07:13:29.455+0000] {dagbag.py:588} INFO - Filling up the DagBag from /home/komal/data-engineering-projects/airflow-spark-pipeline/airflow_venv/lib/python3.11/site-packages/airflow/example_dags/tutorial_taskflow_api_virtualenv.py
[2026-03-18T07:13:29.611+0000] {logging_mixin.py:190} INFO - [2026-03-18T07:13:29.611+0000] {tutorial_taskflow_api_virtualenv.py:29} WARNING - The tutorial_taskflow_api_virtualenv example DAG requires virtualenv, please install it.
[2026-03-18T07:13:29.612+0000] {processor.py:927} WARNING - No viable dags retrieved from /home/komal/data-engineering-projects/airflow-spark-pipeline/airflow_venv/lib/python3.11/site-packages/airflow/example_dags/tutorial_taskflow_api_virtualenv.py
[2026-03-18T07:13:29.620+0000] {processor.py:208} INFO - Processing /home/komal/data-engineering-projects/airflow-spark-pipeline/airflow_venv/lib/python3.11/site-packages/airflow/example_dags/tutorial_taskflow_api_virtualenv.py took 0.207 seconds
[2026-03-18T07:14:39.341+0000] {processor.py:186} INFO - Started process (PID=31561) to work on /home/komal/data-engineering-projects/airflow-spark-pipeline/airflow_venv/lib/python3.11/site-packages/airflow/example_dags/tutorial_taskflow_api_virtualenv.py
[2026-03-18T07:14:39.373+0000] {processor.py:914} INFO - Processing file /home/komal/data-engineering-projects/airflow-spark-pipeline/airflow_venv/lib/python3.11/site-packages/airflow/example_dags/tutorial_taskflow_api_virtualenv.py for tasks to queue
[2026-03-18T07:14:39.376+0000] {logging_mixin.py:190} INFO - [2026-03-18T07:14:39.375+0000] {dagbag.py:588} INFO - Filling up the DagBag from /home/komal/data-engineering-projects/airflow-spark-pipeline/airflow_venv/lib/python3.11/site-packages/airflow/example_dags/tutorial_taskflow_api_virtualenv.py
[2026-03-18T07:14:39.577+0000] {logging_mixin.py:190} INFO - [2026-03-18T07:14:39.576+0000] {tutorial_taskflow_api_virtualenv.py:29} WARNING - The tutorial_taskflow_api_virtualenv example DAG requires virtualenv, please install it.
[2026-03-18T07:14:39.577+0000] {processor.py:927} WARNING - No viable dags retrieved from /home/komal/data-engineering-projects/airflow-spark-pipeline/airflow_venv/lib/python3.11/site-packages/airflow/example_dags/tutorial_taskflow_api_virtualenv.py
[2026-03-18T07:14:39.589+0000] {processor.py:208} INFO - Processing /home/komal/data-engineering-projects/airflow-spark-pipeline/airflow_venv/lib/python3.11/site-packages/airflow/example_dags/tutorial_taskflow_api_virtualenv.py took 0.256 seconds
[2026-03-18T07:15:43.774+0000] {processor.py:186} INFO - Started process (PID=31624) to work on /home/komal/data-engineering-projects/airflow-spark-pipeline/airflow_venv/lib/python3.11/site-packages/airflow/example_dags/tutorial_taskflow_api_virtualenv.py
[2026-03-18T07:15:43.806+0000] {processor.py:914} INFO - Processing file /home/komal/data-engineering-projects/airflow-spark-pipeline/airflow_venv/lib/python3.11/site-packages/airflow/example_dags/tutorial_taskflow_api_virtualenv.py for tasks to queue
[2026-03-18T07:15:43.809+0000] {logging_mixin.py:190} INFO - [2026-03-18T07:15:43.809+0000] {dagbag.py:588} INFO - Filling up the DagBag from /home/komal/data-engineering-projects/airflow-spark-pipeline/airflow_venv/lib/python3.11/site-packages/airflow/example_dags/tutorial_taskflow_api_virtualenv.py
[2026-03-18T07:15:44.113+0000] {logging_mixin.py:190} INFO - [2026-03-18T07:15:44.112+0000] {tutorial_taskflow_api_virtualenv.py:29} WARNING - The tutorial_taskflow_api_virtualenv example DAG requires virtualenv, please install it.
[2026-03-18T07:15:44.113+0000] {processor.py:927} WARNING - No viable dags retrieved from /home/komal/data-engineering-projects/airflow-spark-pipeline/airflow_venv/lib/python3.11/site-packages/airflow/example_dags/tutorial_taskflow_api_virtualenv.py
[2026-03-18T07:15:44.125+0000] {processor.py:208} INFO - Processing /home/komal/data-engineering-projects/airflow-spark-pipeline/airflow_venv/lib/python3.11/site-packages/airflow/example_dags/tutorial_taskflow_api_virtualenv.py took 0.358 seconds
[2026-03-18T07:16:51.125+0000] {processor.py:186} INFO - Started process (PID=31693) to work on /home/komal/data-engineering-projects/airflow-spark-pipeline/airflow_venv/lib/python3.11/site-packages/airflow/example_dags/tutorial_taskflow_api_virtualenv.py
[2026-03-18T07:16:51.159+0000] {processor.py:914} INFO - Processing file /home/komal/data-engineering-projects/airflow-spark-pipeline/airflow_venv/lib/python3.11/site-packages/airflow/example_dags/tutorial_taskflow_api_virtualenv.py for tasks to queue
[2026-03-18T07:16:51.166+0000] {logging_mixin.py:190} INFO - [2026-03-18T07:16:51.165+0000] {dagbag.py:588} INFO - Filling up the DagBag from /home/komal/data-engineering-projects/airflow-spark-pipeline/airflow_venv/lib/python3.11/site-packages/airflow/example_dags/tutorial_taskflow_api_virtualenv.py
[2026-03-18T07:16:51.365+0000] {logging_mixin.py:190} INFO - [2026-03-18T07:16:51.365+0000] {tutorial_taskflow_api_virtualenv.py:29} WARNING - The tutorial_taskflow_api_virtualenv example DAG requires virtualenv, please install it.
[2026-03-18T07:16:51.365+0000] {processor.py:927} WARNING - No viable dags retrieved from /home/komal/data-engineering-projects/airflow-spark-pipeline/airflow_venv/lib/python3.11/site-packages/airflow/example_dags/tutorial_taskflow_api_virtualenv.py
[2026-03-18T07:16:51.377+0000] {processor.py:208} INFO - Processing /home/komal/data-engineering-projects/airflow-spark-pipeline/airflow_venv/lib/python3.11/site-packages/airflow/example_dags/tutorial_taskflow_api_virtualenv.py took 0.259 seconds
[2026-03-18T07:17:54.755+0000] {processor.py:186} INFO - Started process (PID=31772) to work on /home/komal/data-engineering-projects/airflow-spark-pipeline/airflow_venv/lib/python3.11/site-packages/airflow/example_dags/tutorial_taskflow_api_virtualenv.py
[2026-03-18T07:17:54.759+0000] {processor.py:914} INFO - Processing file /home/komal/data-engineering-projects/airflow-spark-pipeline/airflow_venv/lib/python3.11/site-packages/airflow/example_dags/tutorial_taskflow_api_virtualenv.py for tasks to queue
[2026-03-18T07:17:54.761+0000] {logging_mixin.py:190} INFO - [2026-03-18T07:17:54.761+0000] {dagbag.py:588} INFO - Filling up the DagBag from /home/komal/data-engineering-projects/airflow-spark-pipeline/airflow_venv/lib/python3.11/site-packages/airflow/example_dags/tutorial_taskflow_api_virtualenv.py
[2026-03-18T07:17:54.911+0000] {logging_mixin.py:190} INFO - [2026-03-18T07:17:54.911+0000] {tutorial_taskflow_api_virtualenv.py:29} WARNING - The tutorial_taskflow_api_virtualenv example DAG requires virtualenv, please install it.
[2026-03-18T07:17:54.911+0000] {processor.py:927} WARNING - No viable dags retrieved from /home/komal/data-engineering-projects/airflow-spark-pipeline/airflow_venv/lib/python3.11/site-packages/airflow/example_dags/tutorial_taskflow_api_virtualenv.py
[2026-03-18T07:17:54.923+0000] {processor.py:208} INFO - Processing /home/komal/data-engineering-projects/airflow-spark-pipeline/airflow_venv/lib/python3.11/site-packages/airflow/example_dags/tutorial_taskflow_api_virtualenv.py took 0.179 seconds
[2026-03-18T07:19:06.283+0000] {processor.py:186} INFO - Started process (PID=32018) to work on /home/komal/data-engineering-projects/airflow-spark-pipeline/airflow_venv/lib/python3.11/site-packages/airflow/example_dags/tutorial_taskflow_api_virtualenv.py
[2026-03-18T07:19:06.315+0000] {processor.py:914} INFO - Processing file /home/komal/data-engineering-projects/airflow-spark-pipeline/airflow_venv/lib/python3.11/site-packages/airflow/example_dags/tutorial_taskflow_api_virtualenv.py for tasks to queue
[2026-03-18T07:19:06.319+0000] {logging_mixin.py:190} INFO - [2026-03-18T07:19:06.318+0000] {dagbag.py:588} INFO - Filling up the DagBag from /home/komal/data-engineering-projects/airflow-spark-pipeline/airflow_venv/lib/python3.11/site-packages/airflow/example_dags/tutorial_taskflow_api_virtualenv.py
[2026-03-18T07:19:06.691+0000] {logging_mixin.py:190} INFO - [2026-03-18T07:19:06.690+0000] {tutorial_taskflow_api_virtualenv.py:29} WARNING - The tutorial_taskflow_api_virtualenv example DAG requires virtualenv, please install it.
[2026-03-18T07:19:06.691+0000] {processor.py:927} WARNING - No viable dags retrieved from /home/komal/data-engineering-projects/airflow-spark-pipeline/airflow_venv/lib/python3.11/site-packages/airflow/example_dags/tutorial_taskflow_api_virtualenv.py
[2026-03-18T07:19:06.715+0000] {processor.py:208} INFO - Processing /home/komal/data-engineering-projects/airflow-spark-pipeline/airflow_venv/lib/python3.11/site-packages/airflow/example_dags/tutorial_taskflow_api_virtualenv.py took 0.446 seconds
[2026-03-18T07:20:19.602+0000] {processor.py:186} INFO - Started process (PID=32088) to work on /home/komal/data-engineering-projects/airflow-spark-pipeline/airflow_venv/lib/python3.11/site-packages/airflow/example_dags/tutorial_taskflow_api_virtualenv.py
[2026-03-18T07:20:19.634+0000] {processor.py:914} INFO - Processing file /home/komal/data-engineering-projects/airflow-spark-pipeline/airflow_venv/lib/python3.11/site-packages/airflow/example_dags/tutorial_taskflow_api_virtualenv.py for tasks to queue
[2026-03-18T07:20:19.637+0000] {logging_mixin.py:190} INFO - [2026-03-18T07:20:19.636+0000] {dagbag.py:588} INFO - Filling up the DagBag from /home/komal/data-engineering-projects/airflow-spark-pipeline/airflow_venv/lib/python3.11/site-packages/airflow/example_dags/tutorial_taskflow_api_virtualenv.py
[2026-03-18T07:20:19.798+0000] {logging_mixin.py:190} INFO - [2026-03-18T07:20:19.797+0000] {tutorial_taskflow_api_virtualenv.py:29} WARNING - The tutorial_taskflow_api_virtualenv example DAG requires virtualenv, please install it.
[2026-03-18T07:20:19.798+0000] {processor.py:927} WARNING - No viable dags retrieved from /home/komal/data-engineering-projects/airflow-spark-pipeline/airflow_venv/lib/python3.11/site-packages/airflow/example_dags/tutorial_taskflow_api_virtualenv.py
[2026-03-18T07:20:19.814+0000] {processor.py:208} INFO - Processing /home/komal/data-engineering-projects/airflow-spark-pipeline/airflow_venv/lib/python3.11/site-packages/airflow/example_dags/tutorial_taskflow_api_virtualenv.py took 0.223 seconds
[2026-03-18T07:21:36.424+0000] {processor.py:186} INFO - Started process (PID=32159) to work on /home/komal/data-engineering-projects/airflow-spark-pipeline/airflow_venv/lib/python3.11/site-packages/airflow/example_dags/tutorial_taskflow_api_virtualenv.py
[2026-03-18T07:21:36.439+0000] {processor.py:914} INFO - Processing file /home/komal/data-engineering-projects/airflow-spark-pipeline/airflow_venv/lib/python3.11/site-packages/airflow/example_dags/tutorial_taskflow_api_virtualenv.py for tasks to queue
[2026-03-18T07:21:36.442+0000] {logging_mixin.py:190} INFO - [2026-03-18T07:21:36.442+0000] {dagbag.py:588} INFO - Filling up the DagBag from /home/komal/data-engineering-projects/airflow-spark-pipeline/airflow_venv/lib/python3.11/site-packages/airflow/example_dags/tutorial_taskflow_api_virtualenv.py
[2026-03-18T07:21:36.639+0000] {logging_mixin.py:190} INFO - [2026-03-18T07:21:36.639+0000] {tutorial_taskflow_api_virtualenv.py:29} WARNING - The tutorial_taskflow_api_virtualenv example DAG requires virtualenv, please install it.
[2026-03-18T07:21:36.640+0000] {processor.py:927} WARNING - No viable dags retrieved from /home/komal/data-engineering-projects/airflow-spark-pipeline/airflow_venv/lib/python3.11/site-packages/airflow/example_dags/tutorial_taskflow_api_virtualenv.py
[2026-03-18T07:21:36.657+0000] {processor.py:208} INFO - Processing /home/komal/data-engineering-projects/airflow-spark-pipeline/airflow_venv/lib/python3.11/site-packages/airflow/example_dags/tutorial_taskflow_api_virtualenv.py took 0.241 seconds
[2026-03-18T07:22:54.684+0000] {processor.py:186} INFO - Started process (PID=32459) to work on /home/komal/data-engineering-projects/airflow-spark-pipeline/airflow_venv/lib/python3.11/site-packages/airflow/example_dags/tutorial_taskflow_api_virtualenv.py
[2026-03-18T07:22:54.721+0000] {processor.py:914} INFO - Processing file /home/komal/data-engineering-projects/airflow-spark-pipeline/airflow_venv/lib/python3.11/site-packages/airflow/example_dags/tutorial_taskflow_api_virtualenv.py for tasks to queue
[2026-03-18T07:22:54.725+0000] {logging_mixin.py:190} INFO - [2026-03-18T07:22:54.724+0000] {dagbag.py:588} INFO - Filling up the DagBag from /home/komal/data-engineering-projects/airflow-spark-pipeline/airflow_venv/lib/python3.11/site-packages/airflow/example_dags/tutorial_taskflow_api_virtualenv.py
[2026-03-18T07:22:54.902+0000] {logging_mixin.py:190} INFO - [2026-03-18T07:22:54.901+0000] {tutorial_taskflow_api_virtualenv.py:29} WARNING - The tutorial_taskflow_api_virtualenv example DAG requires virtualenv, please install it.
[2026-03-18T07:22:54.903+0000] {processor.py:927} WARNING - No viable dags retrieved from /home/komal/data-engineering-projects/airflow-spark-pipeline/airflow_venv/lib/python3.11/site-packages/airflow/example_dags/tutorial_taskflow_api_virtualenv.py
[2026-03-18T07:22:54.921+0000] {processor.py:208} INFO - Processing /home/komal/data-engineering-projects/airflow-spark-pipeline/airflow_venv/lib/python3.11/site-packages/airflow/example_dags/tutorial_taskflow_api_virtualenv.py took 0.249 seconds
[2026-03-18T07:24:05.293+0000] {processor.py:186} INFO - Started process (PID=32530) to work on /home/komal/data-engineering-projects/airflow-spark-pipeline/airflow_venv/lib/python3.11/site-packages/airflow/example_dags/tutorial_taskflow_api_virtualenv.py
[2026-03-18T07:24:05.296+0000] {processor.py:914} INFO - Processing file /home/komal/data-engineering-projects/airflow-spark-pipeline/airflow_venv/lib/python3.11/site-packages/airflow/example_dags/tutorial_taskflow_api_virtualenv.py for tasks to queue
[2026-03-18T07:24:05.302+0000] {logging_mixin.py:190} INFO - [2026-03-18T07:24:05.301+0000] {dagbag.py:588} INFO - Filling up the DagBag from /home/komal/data-engineering-projects/airflow-spark-pipeline/airflow_venv/lib/python3.11/site-packages/airflow/example_dags/tutorial_taskflow_api_virtualenv.py
[2026-03-18T07:24:05.388+0000] {logging_mixin.py:190} INFO - [2026-03-18T07:24:05.388+0000] {tutorial_taskflow_api_virtualenv.py:29} WARNING - The tutorial_taskflow_api_virtualenv example DAG requires virtualenv, please install it.
[2026-03-18T07:24:05.388+0000] {processor.py:927} WARNING - No viable dags retrieved from /home/komal/data-engineering-projects/airflow-spark-pipeline/airflow_venv/lib/python3.11/site-packages/airflow/example_dags/tutorial_taskflow_api_virtualenv.py
[2026-03-18T07:24:05.404+0000] {processor.py:208} INFO - Processing /home/komal/data-engineering-projects/airflow-spark-pipeline/airflow_venv/lib/python3.11/site-packages/airflow/example_dags/tutorial_taskflow_api_virtualenv.py took 0.118 seconds
[2026-03-18T07:25:16.947+0000] {processor.py:186} INFO - Started process (PID=32601) to work on /home/komal/data-engineering-projects/airflow-spark-pipeline/airflow_venv/lib/python3.11/site-packages/airflow/example_dags/tutorial_taskflow_api_virtualenv.py
[2026-03-18T07:25:16.971+0000] {processor.py:914} INFO - Processing file /home/komal/data-engineering-projects/airflow-spark-pipeline/airflow_venv/lib/python3.11/site-packages/airflow/example_dags/tutorial_taskflow_api_virtualenv.py for tasks to queue
[2026-03-18T07:25:16.973+0000] {logging_mixin.py:190} INFO - [2026-03-18T07:25:16.972+0000] {dagbag.py:588} INFO - Filling up the DagBag from /home/komal/data-engineering-projects/airflow-spark-pipeline/airflow_venv/lib/python3.11/site-packages/airflow/example_dags/tutorial_taskflow_api_virtualenv.py
[2026-03-18T07:25:17.074+0000] {logging_mixin.py:190} INFO - [2026-03-18T07:25:17.072+0000] {tutorial_taskflow_api_virtualenv.py:29} WARNING - The tutorial_taskflow_api_virtualenv example DAG requires virtualenv, please install it.
[2026-03-18T07:25:17.074+0000] {processor.py:927} WARNING - No viable dags retrieved from /home/komal/data-engineering-projects/airflow-spark-pipeline/airflow_venv/lib/python3.11/site-packages/airflow/example_dags/tutorial_taskflow_api_virtualenv.py
[2026-03-18T07:25:17.088+0000] {processor.py:208} INFO - Processing /home/komal/data-engineering-projects/airflow-spark-pipeline/airflow_venv/lib/python3.11/site-packages/airflow/example_dags/tutorial_taskflow_api_virtualenv.py took 0.152 seconds
[2026-03-18T07:26:19.309+0000] {processor.py:186} INFO - Started process (PID=32657) to work on /home/komal/data-engineering-projects/airflow-spark-pipeline/airflow_venv/lib/python3.11/site-packages/airflow/example_dags/tutorial_taskflow_api_virtualenv.py
[2026-03-18T07:26:19.341+0000] {processor.py:914} INFO - Processing file /home/komal/data-engineering-projects/airflow-spark-pipeline/airflow_venv/lib/python3.11/site-packages/airflow/example_dags/tutorial_taskflow_api_virtualenv.py for tasks to queue
[2026-03-18T07:26:19.347+0000] {logging_mixin.py:190} INFO - [2026-03-18T07:26:19.346+0000] {dagbag.py:588} INFO - Filling up the DagBag from /home/komal/data-engineering-projects/airflow-spark-pipeline/airflow_venv/lib/python3.11/site-packages/airflow/example_dags/tutorial_taskflow_api_virtualenv.py
[2026-03-18T07:26:19.538+0000] {logging_mixin.py:190} INFO - [2026-03-18T07:26:19.537+0000] {tutorial_taskflow_api_virtualenv.py:29} WARNING - The tutorial_taskflow_api_virtualenv example DAG requires virtualenv, please install it.
[2026-03-18T07:26:19.538+0000] {processor.py:927} WARNING - No viable dags retrieved from /home/komal/data-engineering-projects/airflow-spark-pipeline/airflow_venv/lib/python3.11/site-packages/airflow/example_dags/tutorial_taskflow_api_virtualenv.py
[2026-03-18T07:26:19.553+0000] {processor.py:208} INFO - Processing /home/komal/data-engineering-projects/airflow-spark-pipeline/airflow_venv/lib/python3.11/site-packages/airflow/example_dags/tutorial_taskflow_api_virtualenv.py took 0.254 seconds
[2026-03-18T07:27:26.648+0000] {processor.py:186} INFO - Started process (PID=32723) to work on /home/komal/data-engineering-projects/airflow-spark-pipeline/airflow_venv/lib/python3.11/site-packages/airflow/example_dags/tutorial_taskflow_api_virtualenv.py
[2026-03-18T07:27:26.680+0000] {processor.py:914} INFO - Processing file /home/komal/data-engineering-projects/airflow-spark-pipeline/airflow_venv/lib/python3.11/site-packages/airflow/example_dags/tutorial_taskflow_api_virtualenv.py for tasks to queue
[2026-03-18T07:27:26.683+0000] {logging_mixin.py:190} INFO - [2026-03-18T07:27:26.683+0000] {dagbag.py:588} INFO - Filling up the DagBag from /home/komal/data-engineering-projects/airflow-spark-pipeline/airflow_venv/lib/python3.11/site-packages/airflow/example_dags/tutorial_taskflow_api_virtualenv.py
[2026-03-18T07:27:26.796+0000] {logging_mixin.py:190} INFO - [2026-03-18T07:27:26.796+0000] {tutorial_taskflow_api_virtualenv.py:29} WARNING - The tutorial_taskflow_api_virtualenv example DAG requires virtualenv, please install it.
[2026-03-18T07:27:26.797+0000] {processor.py:927} WARNING - No viable dags retrieved from /home/komal/data-engineering-projects/airflow-spark-pipeline/airflow_venv/lib/python3.11/site-packages/airflow/example_dags/tutorial_taskflow_api_virtualenv.py
[2026-03-18T07:27:26.810+0000] {processor.py:208} INFO - Processing /home/komal/data-engineering-projects/airflow-spark-pipeline/airflow_venv/lib/python3.11/site-packages/airflow/example_dags/tutorial_taskflow_api_virtualenv.py took 0.171 seconds
[2026-03-18T07:28:36.082+0000] {processor.py:186} INFO - Started process (PID=32788) to work on /home/komal/data-engineering-projects/airflow-spark-pipeline/airflow_venv/lib/python3.11/site-packages/airflow/example_dags/tutorial_taskflow_api_virtualenv.py
[2026-03-18T07:28:36.090+0000] {processor.py:914} INFO - Processing file /home/komal/data-engineering-projects/airflow-spark-pipeline/airflow_venv/lib/python3.11/site-packages/airflow/example_dags/tutorial_taskflow_api_virtualenv.py for tasks to queue
[2026-03-18T07:28:36.093+0000] {logging_mixin.py:190} INFO - [2026-03-18T07:28:36.093+0000] {dagbag.py:588} INFO - Filling up the DagBag from /home/komal/data-engineering-projects/airflow-spark-pipeline/airflow_venv/lib/python3.11/site-packages/airflow/example_dags/tutorial_taskflow_api_virtualenv.py
[2026-03-18T07:28:36.182+0000] {logging_mixin.py:190} INFO - [2026-03-18T07:28:36.181+0000] {tutorial_taskflow_api_virtualenv.py:29} WARNING - The tutorial_taskflow_api_virtualenv example DAG requires virtualenv, please install it.
[2026-03-18T07:28:36.182+0000] {processor.py:927} WARNING - No viable dags retrieved from /home/komal/data-engineering-projects/airflow-spark-pipeline/airflow_venv/lib/python3.11/site-packages/airflow/example_dags/tutorial_taskflow_api_virtualenv.py
[2026-03-18T07:28:36.202+0000] {processor.py:208} INFO - Processing /home/komal/data-engineering-projects/airflow-spark-pipeline/airflow_venv/lib/python3.11/site-packages/airflow/example_dags/tutorial_taskflow_api_virtualenv.py took 0.127 seconds
[2026-03-18T07:29:45.180+0000] {processor.py:186} INFO - Started process (PID=32851) to work on /home/komal/data-engineering-projects/airflow-spark-pipeline/airflow_venv/lib/python3.11/site-packages/airflow/example_dags/tutorial_taskflow_api_virtualenv.py
[2026-03-18T07:29:45.212+0000] {processor.py:914} INFO - Processing file /home/komal/data-engineering-projects/airflow-spark-pipeline/airflow_venv/lib/python3.11/site-packages/airflow/example_dags/tutorial_taskflow_api_virtualenv.py for tasks to queue
[2026-03-18T07:29:45.216+0000] {logging_mixin.py:190} INFO - [2026-03-18T07:29:45.216+0000] {dagbag.py:588} INFO - Filling up the DagBag from /home/komal/data-engineering-projects/airflow-spark-pipeline/airflow_venv/lib/python3.11/site-packages/airflow/example_dags/tutorial_taskflow_api_virtualenv.py
[2026-03-18T07:29:45.322+0000] {logging_mixin.py:190} INFO - [2026-03-18T07:29:45.322+0000] {tutorial_taskflow_api_virtualenv.py:29} WARNING - The tutorial_taskflow_api_virtualenv example DAG requires virtualenv, please install it.
[2026-03-18T07:29:45.323+0000] {processor.py:927} WARNING - No viable dags retrieved from /home/komal/data-engineering-projects/airflow-spark-pipeline/airflow_venv/lib/python3.11/site-packages/airflow/example_dags/tutorial_taskflow_api_virtualenv.py
[2026-03-18T07:29:45.339+0000] {processor.py:208} INFO - Processing /home/komal/data-engineering-projects/airflow-spark-pipeline/airflow_venv/lib/python3.11/site-packages/airflow/example_dags/tutorial_taskflow_api_virtualenv.py took 0.167 seconds
[2026-03-18T07:31:00.647+0000] {processor.py:186} INFO - Started process (PID=33006) to work on /home/komal/data-engineering-projects/airflow-spark-pipeline/airflow_venv/lib/python3.11/site-packages/airflow/example_dags/tutorial_taskflow_api_virtualenv.py
[2026-03-18T07:31:00.653+0000] {processor.py:914} INFO - Processing file /home/komal/data-engineering-projects/airflow-spark-pipeline/airflow_venv/lib/python3.11/site-packages/airflow/example_dags/tutorial_taskflow_api_virtualenv.py for tasks to queue
[2026-03-18T07:31:00.658+0000] {logging_mixin.py:190} INFO - [2026-03-18T07:31:00.657+0000] {dagbag.py:588} INFO - Filling up the DagBag from /home/komal/data-engineering-projects/airflow-spark-pipeline/airflow_venv/lib/python3.11/site-packages/airflow/example_dags/tutorial_taskflow_api_virtualenv.py
[2026-03-18T07:31:00.919+0000] {logging_mixin.py:190} INFO - [2026-03-18T07:31:00.918+0000] {tutorial_taskflow_api_virtualenv.py:29} WARNING - The tutorial_taskflow_api_virtualenv example DAG requires virtualenv, please install it.
[2026-03-18T07:31:00.920+0000] {processor.py:927} WARNING - No viable dags retrieved from /home/komal/data-engineering-projects/airflow-spark-pipeline/airflow_venv/lib/python3.11/site-packages/airflow/example_dags/tutorial_taskflow_api_virtualenv.py
[2026-03-18T07:31:00.943+0000] {processor.py:208} INFO - Processing /home/komal/data-engineering-projects/airflow-spark-pipeline/airflow_venv/lib/python3.11/site-packages/airflow/example_dags/tutorial_taskflow_api_virtualenv.py took 0.307 seconds
[2026-03-18T07:32:13.253+0000] {processor.py:186} INFO - Started process (PID=33072) to work on /home/komal/data-engineering-projects/airflow-spark-pipeline/airflow_venv/lib/python3.11/site-packages/airflow/example_dags/tutorial_taskflow_api_virtualenv.py
[2026-03-18T07:32:13.255+0000] {processor.py:914} INFO - Processing file /home/komal/data-engineering-projects/airflow-spark-pipeline/airflow_venv/lib/python3.11/site-packages/airflow/example_dags/tutorial_taskflow_api_virtualenv.py for tasks to queue
[2026-03-18T07:32:13.258+0000] {logging_mixin.py:190} INFO - [2026-03-18T07:32:13.257+0000] {dagbag.py:588} INFO - Filling up the DagBag from /home/komal/data-engineering-projects/airflow-spark-pipeline/airflow_venv/lib/python3.11/site-packages/airflow/example_dags/tutorial_taskflow_api_virtualenv.py
[2026-03-18T07:32:13.452+0000] {logging_mixin.py:190} INFO - [2026-03-18T07:32:13.451+0000] {tutorial_taskflow_api_virtualenv.py:29} WARNING - The tutorial_taskflow_api_virtualenv example DAG requires virtualenv, please install it.
[2026-03-18T07:32:13.453+0000] {processor.py:927} WARNING - No viable dags retrieved from /home/komal/data-engineering-projects/airflow-spark-pipeline/airflow_venv/lib/python3.11/site-packages/airflow/example_dags/tutorial_taskflow_api_virtualenv.py
[2026-03-18T07:32:13.466+0000] {processor.py:208} INFO - Processing /home/komal/data-engineering-projects/airflow-spark-pipeline/airflow_venv/lib/python3.11/site-packages/airflow/example_dags/tutorial_taskflow_api_virtualenv.py took 0.221 seconds
[2026-03-18T07:33:01.818+0000] {processor.py:186} INFO - Started process (PID=33116) to work on /home/komal/data-engineering-projects/airflow-spark-pipeline/airflow_venv/lib/python3.11/site-packages/airflow/example_dags/tutorial_taskflow_api_virtualenv.py
[2026-03-18T07:33:01.839+0000] {processor.py:914} INFO - Processing file /home/komal/data-engineering-projects/airflow-spark-pipeline/airflow_venv/lib/python3.11/site-packages/airflow/example_dags/tutorial_taskflow_api_virtualenv.py for tasks to queue
[2026-03-18T07:33:01.843+0000] {logging_mixin.py:190} INFO - [2026-03-18T07:33:01.843+0000] {dagbag.py:588} INFO - Filling up the DagBag from /home/komal/data-engineering-projects/airflow-spark-pipeline/airflow_venv/lib/python3.11/site-packages/airflow/example_dags/tutorial_taskflow_api_virtualenv.py
[2026-03-18T07:33:02.057+0000] {logging_mixin.py:190} INFO - [2026-03-18T07:33:02.056+0000] {tutorial_taskflow_api_virtualenv.py:29} WARNING - The tutorial_taskflow_api_virtualenv example DAG requires virtualenv, please install it.
[2026-03-18T07:33:02.057+0000] {processor.py:927} WARNING - No viable dags retrieved from /home/komal/data-engineering-projects/airflow-spark-pipeline/airflow_venv/lib/python3.11/site-packages/airflow/example_dags/tutorial_taskflow_api_virtualenv.py
[2026-03-18T07:33:02.079+0000] {processor.py:208} INFO - Processing /home/komal/data-engineering-projects/airflow-spark-pipeline/airflow_venv/lib/python3.11/site-packages/airflow/example_dags/tutorial_taskflow_api_virtualenv.py took 0.273 seconds
[2026-03-18T07:34:23.834+0000] {processor.py:186} INFO - Started process (PID=33193) to work on /home/komal/data-engineering-projects/airflow-spark-pipeline/airflow_venv/lib/python3.11/site-packages/airflow/example_dags/tutorial_taskflow_api_virtualenv.py
[2026-03-18T07:34:23.868+0000] {processor.py:914} INFO - Processing file /home/komal/data-engineering-projects/airflow-spark-pipeline/airflow_venv/lib/python3.11/site-packages/airflow/example_dags/tutorial_taskflow_api_virtualenv.py for tasks to queue
[2026-03-18T07:34:23.873+0000] {logging_mixin.py:190} INFO - [2026-03-18T07:34:23.872+0000] {dagbag.py:588} INFO - Filling up the DagBag from /home/komal/data-engineering-projects/airflow-spark-pipeline/airflow_venv/lib/python3.11/site-packages/airflow/example_dags/tutorial_taskflow_api_virtualenv.py
[2026-03-18T07:34:24.097+0000] {logging_mixin.py:190} INFO - [2026-03-18T07:34:24.096+0000] {tutorial_taskflow_api_virtualenv.py:29} WARNING - The tutorial_taskflow_api_virtualenv example DAG requires virtualenv, please install it.
[2026-03-18T07:34:24.097+0000] {processor.py:927} WARNING - No viable dags retrieved from /home/komal/data-engineering-projects/airflow-spark-pipeline/airflow_venv/lib/python3.11/site-packages/airflow/example_dags/tutorial_taskflow_api_virtualenv.py
[2026-03-18T07:34:24.115+0000] {processor.py:208} INFO - Processing /home/komal/data-engineering-projects/airflow-spark-pipeline/airflow_venv/lib/python3.11/site-packages/airflow/example_dags/tutorial_taskflow_api_virtualenv.py took 0.291 seconds
[2026-03-18T07:35:36.510+0000] {processor.py:186} INFO - Started process (PID=33316) to work on /home/komal/data-engineering-projects/airflow-spark-pipeline/airflow_venv/lib/python3.11/site-packages/airflow/example_dags/tutorial_taskflow_api_virtualenv.py
[2026-03-18T07:35:36.533+0000] {processor.py:914} INFO - Processing file /home/komal/data-engineering-projects/airflow-spark-pipeline/airflow_venv/lib/python3.11/site-packages/airflow/example_dags/tutorial_taskflow_api_virtualenv.py for tasks to queue
[2026-03-18T07:35:36.536+0000] {logging_mixin.py:190} INFO - [2026-03-18T07:35:36.536+0000] {dagbag.py:588} INFO - Filling up the DagBag from /home/komal/data-engineering-projects/airflow-spark-pipeline/airflow_venv/lib/python3.11/site-packages/airflow/example_dags/tutorial_taskflow_api_virtualenv.py
[2026-03-18T07:35:36.638+0000] {logging_mixin.py:190} INFO - [2026-03-18T07:35:36.637+0000] {tutorial_taskflow_api_virtualenv.py:29} WARNING - The tutorial_taskflow_api_virtualenv example DAG requires virtualenv, please install it.
[2026-03-18T07:35:36.638+0000] {processor.py:927} WARNING - No viable dags retrieved from /home/komal/data-engineering-projects/airflow-spark-pipeline/airflow_venv/lib/python3.11/site-packages/airflow/example_dags/tutorial_taskflow_api_virtualenv.py
[2026-03-18T07:35:36.654+0000] {processor.py:208} INFO - Processing /home/komal/data-engineering-projects/airflow-spark-pipeline/airflow_venv/lib/python3.11/site-packages/airflow/example_dags/tutorial_taskflow_api_virtualenv.py took 0.154 seconds
[2026-03-18T07:36:45.811+0000] {processor.py:186} INFO - Started process (PID=33384) to work on /home/komal/data-engineering-projects/airflow-spark-pipeline/airflow_venv/lib/python3.11/site-packages/airflow/example_dags/tutorial_taskflow_api_virtualenv.py
[2026-03-18T07:36:45.815+0000] {processor.py:914} INFO - Processing file /home/komal/data-engineering-projects/airflow-spark-pipeline/airflow_venv/lib/python3.11/site-packages/airflow/example_dags/tutorial_taskflow_api_virtualenv.py for tasks to queue
[2026-03-18T07:36:45.817+0000] {logging_mixin.py:190} INFO - [2026-03-18T07:36:45.817+0000] {dagbag.py:588} INFO - Filling up the DagBag from /home/komal/data-engineering-projects/airflow-spark-pipeline/airflow_venv/lib/python3.11/site-packages/airflow/example_dags/tutorial_taskflow_api_virtualenv.py
[2026-03-18T07:36:45.915+0000] {logging_mixin.py:190} INFO - [2026-03-18T07:36:45.914+0000] {tutorial_taskflow_api_virtualenv.py:29} WARNING - The tutorial_taskflow_api_virtualenv example DAG requires virtualenv, please install it.
[2026-03-18T07:36:45.916+0000] {processor.py:927} WARNING - No viable dags retrieved from /home/komal/data-engineering-projects/airflow-spark-pipeline/airflow_venv/lib/python3.11/site-packages/airflow/example_dags/tutorial_taskflow_api_virtualenv.py
[2026-03-18T07:36:45.929+0000] {processor.py:208} INFO - Processing /home/komal/data-engineering-projects/airflow-spark-pipeline/airflow_venv/lib/python3.11/site-packages/airflow/example_dags/tutorial_taskflow_api_virtualenv.py took 0.124 seconds
[2026-03-18T07:38:07.450+0000] {processor.py:186} INFO - Started process (PID=33459) to work on /home/komal/data-engineering-projects/airflow-spark-pipeline/airflow_venv/lib/python3.11/site-packages/airflow/example_dags/tutorial_taskflow_api_virtualenv.py
[2026-03-18T07:38:07.454+0000] {processor.py:914} INFO - Processing file /home/komal/data-engineering-projects/airflow-spark-pipeline/airflow_venv/lib/python3.11/site-packages/airflow/example_dags/tutorial_taskflow_api_virtualenv.py for tasks to queue
[2026-03-18T07:38:07.461+0000] {logging_mixin.py:190} INFO - [2026-03-18T07:38:07.460+0000] {dagbag.py:588} INFO - Filling up the DagBag from /home/komal/data-engineering-projects/airflow-spark-pipeline/airflow_venv/lib/python3.11/site-packages/airflow/example_dags/tutorial_taskflow_api_virtualenv.py
[2026-03-18T07:38:07.778+0000] {logging_mixin.py:190} INFO - [2026-03-18T07:38:07.778+0000] {tutorial_taskflow_api_virtualenv.py:29} WARNING - The tutorial_taskflow_api_virtualenv example DAG requires virtualenv, please install it.
[2026-03-18T07:38:07.779+0000] {processor.py:927} WARNING - No viable dags retrieved from /home/komal/data-engineering-projects/airflow-spark-pipeline/airflow_venv/lib/python3.11/site-packages/airflow/example_dags/tutorial_taskflow_api_virtualenv.py
[2026-03-18T07:38:07.806+0000] {processor.py:208} INFO - Processing /home/komal/data-engineering-projects/airflow-spark-pipeline/airflow_venv/lib/python3.11/site-packages/airflow/example_dags/tutorial_taskflow_api_virtualenv.py took 0.369 seconds
[2026-03-18T07:39:18.648+0000] {processor.py:186} INFO - Started process (PID=33597) to work on /home/komal/data-engineering-projects/airflow-spark-pipeline/airflow_venv/lib/python3.11/site-packages/airflow/example_dags/tutorial_taskflow_api_virtualenv.py
[2026-03-18T07:39:18.680+0000] {processor.py:914} INFO - Processing file /home/komal/data-engineering-projects/airflow-spark-pipeline/airflow_venv/lib/python3.11/site-packages/airflow/example_dags/tutorial_taskflow_api_virtualenv.py for tasks to queue
[2026-03-18T07:39:18.684+0000] {logging_mixin.py:190} INFO - [2026-03-18T07:39:18.683+0000] {dagbag.py:588} INFO - Filling up the DagBag from /home/komal/data-engineering-projects/airflow-spark-pipeline/airflow_venv/lib/python3.11/site-packages/airflow/example_dags/tutorial_taskflow_api_virtualenv.py
[2026-03-18T07:39:18.839+0000] {logging_mixin.py:190} INFO - [2026-03-18T07:39:18.839+0000] {tutorial_taskflow_api_virtualenv.py:29} WARNING - The tutorial_taskflow_api_virtualenv example DAG requires virtualenv, please install it.
[2026-03-18T07:39:18.840+0000] {processor.py:927} WARNING - No viable dags retrieved from /home/komal/data-engineering-projects/airflow-spark-pipeline/airflow_venv/lib/python3.11/site-packages/airflow/example_dags/tutorial_taskflow_api_virtualenv.py
[2026-03-18T07:39:18.856+0000] {processor.py:208} INFO - Processing /home/komal/data-engineering-projects/airflow-spark-pipeline/airflow_venv/lib/python3.11/site-packages/airflow/example_dags/tutorial_taskflow_api_virtualenv.py took 0.215 seconds
[2026-03-18T07:40:29.098+0000] {processor.py:186} INFO - Started process (PID=33665) to work on /home/komal/data-engineering-projects/airflow-spark-pipeline/airflow_venv/lib/python3.11/site-packages/airflow/example_dags/tutorial_taskflow_api_virtualenv.py
[2026-03-18T07:40:29.130+0000] {processor.py:914} INFO - Processing file /home/komal/data-engineering-projects/airflow-spark-pipeline/airflow_venv/lib/python3.11/site-packages/airflow/example_dags/tutorial_taskflow_api_virtualenv.py for tasks to queue
[2026-03-18T07:40:29.135+0000] {logging_mixin.py:190} INFO - [2026-03-18T07:40:29.134+0000] {dagbag.py:588} INFO - Filling up the DagBag from /home/komal/data-engineering-projects/airflow-spark-pipeline/airflow_venv/lib/python3.11/site-packages/airflow/example_dags/tutorial_taskflow_api_virtualenv.py
[2026-03-18T07:40:29.367+0000] {logging_mixin.py:190} INFO - [2026-03-18T07:40:29.367+0000] {tutorial_taskflow_api_virtualenv.py:29} WARNING - The tutorial_taskflow_api_virtualenv example DAG requires virtualenv, please install it.
[2026-03-18T07:40:29.368+0000] {processor.py:927} WARNING - No viable dags retrieved from /home/komal/data-engineering-projects/airflow-spark-pipeline/airflow_venv/lib/python3.11/site-packages/airflow/example_dags/tutorial_taskflow_api_virtualenv.py
[2026-03-18T07:40:29.394+0000] {processor.py:208} INFO - Processing /home/komal/data-engineering-projects/airflow-spark-pipeline/airflow_venv/lib/python3.11/site-packages/airflow/example_dags/tutorial_taskflow_api_virtualenv.py took 0.309 seconds
[2026-03-18T07:41:45.657+0000] {processor.py:186} INFO - Started process (PID=33733) to work on /home/komal/data-engineering-projects/airflow-spark-pipeline/airflow_venv/lib/python3.11/site-packages/airflow/example_dags/tutorial_taskflow_api_virtualenv.py
[2026-03-18T07:41:45.661+0000] {processor.py:914} INFO - Processing file /home/komal/data-engineering-projects/airflow-spark-pipeline/airflow_venv/lib/python3.11/site-packages/airflow/example_dags/tutorial_taskflow_api_virtualenv.py for tasks to queue
[2026-03-18T07:41:45.663+0000] {logging_mixin.py:190} INFO - [2026-03-18T07:41:45.663+0000] {dagbag.py:588} INFO - Filling up the DagBag from /home/komal/data-engineering-projects/airflow-spark-pipeline/airflow_venv/lib/python3.11/site-packages/airflow/example_dags/tutorial_taskflow_api_virtualenv.py
[2026-03-18T07:41:45.890+0000] {logging_mixin.py:190} INFO - [2026-03-18T07:41:45.889+0000] {tutorial_taskflow_api_virtualenv.py:29} WARNING - The tutorial_taskflow_api_virtualenv example DAG requires virtualenv, please install it.
[2026-03-18T07:41:45.891+0000] {processor.py:927} WARNING - No viable dags retrieved from /home/komal/data-engineering-projects/airflow-spark-pipeline/airflow_venv/lib/python3.11/site-packages/airflow/example_dags/tutorial_taskflow_api_virtualenv.py
[2026-03-18T07:41:45.909+0000] {processor.py:208} INFO - Processing /home/komal/data-engineering-projects/airflow-spark-pipeline/airflow_venv/lib/python3.11/site-packages/airflow/example_dags/tutorial_taskflow_api_virtualenv.py took 0.267 seconds
[2026-03-18T07:42:21.312+0000] {processor.py:186} INFO - Started process (PID=33766) to work on /home/komal/data-engineering-projects/airflow-spark-pipeline/airflow_venv/lib/python3.11/site-packages/airflow/example_dags/tutorial_taskflow_api_virtualenv.py
[2026-03-18T07:42:21.344+0000] {processor.py:914} INFO - Processing file /home/komal/data-engineering-projects/airflow-spark-pipeline/airflow_venv/lib/python3.11/site-packages/airflow/example_dags/tutorial_taskflow_api_virtualenv.py for tasks to queue
[2026-03-18T07:42:21.349+0000] {logging_mixin.py:190} INFO - [2026-03-18T07:42:21.348+0000] {dagbag.py:588} INFO - Filling up the DagBag from /home/komal/data-engineering-projects/airflow-spark-pipeline/airflow_venv/lib/python3.11/site-packages/airflow/example_dags/tutorial_taskflow_api_virtualenv.py
[2026-03-18T07:42:21.584+0000] {logging_mixin.py:190} INFO - [2026-03-18T07:42:21.583+0000] {tutorial_taskflow_api_virtualenv.py:29} WARNING - The tutorial_taskflow_api_virtualenv example DAG requires virtualenv, please install it.
[2026-03-18T07:42:21.584+0000] {processor.py:927} WARNING - No viable dags retrieved from /home/komal/data-engineering-projects/airflow-spark-pipeline/airflow_venv/lib/python3.11/site-packages/airflow/example_dags/tutorial_taskflow_api_virtualenv.py
[2026-03-18T07:42:21.602+0000] {processor.py:208} INFO - Processing /home/komal/data-engineering-projects/airflow-spark-pipeline/airflow_venv/lib/python3.11/site-packages/airflow/example_dags/tutorial_taskflow_api_virtualenv.py took 0.301 seconds
[2026-03-18T07:43:34.245+0000] {processor.py:186} INFO - Started process (PID=33913) to work on /home/komal/data-engineering-projects/airflow-spark-pipeline/airflow_venv/lib/python3.11/site-packages/airflow/example_dags/tutorial_taskflow_api_virtualenv.py
[2026-03-18T07:43:34.263+0000] {processor.py:914} INFO - Processing file /home/komal/data-engineering-projects/airflow-spark-pipeline/airflow_venv/lib/python3.11/site-packages/airflow/example_dags/tutorial_taskflow_api_virtualenv.py for tasks to queue
[2026-03-18T07:43:34.267+0000] {logging_mixin.py:190} INFO - [2026-03-18T07:43:34.266+0000] {dagbag.py:588} INFO - Filling up the DagBag from /home/komal/data-engineering-projects/airflow-spark-pipeline/airflow_venv/lib/python3.11/site-packages/airflow/example_dags/tutorial_taskflow_api_virtualenv.py
[2026-03-18T07:43:34.384+0000] {logging_mixin.py:190} INFO - [2026-03-18T07:43:34.384+0000] {tutorial_taskflow_api_virtualenv.py:29} WARNING - The tutorial_taskflow_api_virtualenv example DAG requires virtualenv, please install it.
[2026-03-18T07:43:34.385+0000] {processor.py:927} WARNING - No viable dags retrieved from /home/komal/data-engineering-projects/airflow-spark-pipeline/airflow_venv/lib/python3.11/site-packages/airflow/example_dags/tutorial_taskflow_api_virtualenv.py
[2026-03-18T07:43:34.405+0000] {processor.py:208} INFO - Processing /home/komal/data-engineering-projects/airflow-spark-pipeline/airflow_venv/lib/python3.11/site-packages/airflow/example_dags/tutorial_taskflow_api_virtualenv.py took 0.170 seconds
[2026-03-18T07:44:40.210+0000] {processor.py:186} INFO - Started process (PID=33982) to work on /home/komal/data-engineering-projects/airflow-spark-pipeline/airflow_venv/lib/python3.11/site-packages/airflow/example_dags/tutorial_taskflow_api_virtualenv.py
[2026-03-18T07:44:40.242+0000] {processor.py:914} INFO - Processing file /home/komal/data-engineering-projects/airflow-spark-pipeline/airflow_venv/lib/python3.11/site-packages/airflow/example_dags/tutorial_taskflow_api_virtualenv.py for tasks to queue
[2026-03-18T07:44:40.246+0000] {logging_mixin.py:190} INFO - [2026-03-18T07:44:40.246+0000] {dagbag.py:588} INFO - Filling up the DagBag from /home/komal/data-engineering-projects/airflow-spark-pipeline/airflow_venv/lib/python3.11/site-packages/airflow/example_dags/tutorial_taskflow_api_virtualenv.py
[2026-03-18T07:44:40.447+0000] {logging_mixin.py:190} INFO - [2026-03-18T07:44:40.446+0000] {tutorial_taskflow_api_virtualenv.py:29} WARNING - The tutorial_taskflow_api_virtualenv example DAG requires virtualenv, please install it.
[2026-03-18T07:44:40.447+0000] {processor.py:927} WARNING - No viable dags retrieved from /home/komal/data-engineering-projects/airflow-spark-pipeline/airflow_venv/lib/python3.11/site-packages/airflow/example_dags/tutorial_taskflow_api_virtualenv.py
[2026-03-18T07:44:40.464+0000] {processor.py:208} INFO - Processing /home/komal/data-engineering-projects/airflow-spark-pipeline/airflow_venv/lib/python3.11/site-packages/airflow/example_dags/tutorial_taskflow_api_virtualenv.py took 0.261 seconds
[2026-03-18T07:45:50.485+0000] {processor.py:186} INFO - Started process (PID=34052) to work on /home/komal/data-engineering-projects/airflow-spark-pipeline/airflow_venv/lib/python3.11/site-packages/airflow/example_dags/tutorial_taskflow_api_virtualenv.py
[2026-03-18T07:45:50.518+0000] {processor.py:914} INFO - Processing file /home/komal/data-engineering-projects/airflow-spark-pipeline/airflow_venv/lib/python3.11/site-packages/airflow/example_dags/tutorial_taskflow_api_virtualenv.py for tasks to queue
[2026-03-18T07:45:50.522+0000] {logging_mixin.py:190} INFO - [2026-03-18T07:45:50.522+0000] {dagbag.py:588} INFO - Filling up the DagBag from /home/komal/data-engineering-projects/airflow-spark-pipeline/airflow_venv/lib/python3.11/site-packages/airflow/example_dags/tutorial_taskflow_api_virtualenv.py
[2026-03-18T07:45:50.720+0000] {logging_mixin.py:190} INFO - [2026-03-18T07:45:50.719+0000] {tutorial_taskflow_api_virtualenv.py:29} WARNING - The tutorial_taskflow_api_virtualenv example DAG requires virtualenv, please install it.
[2026-03-18T07:45:50.720+0000] {processor.py:927} WARNING - No viable dags retrieved from /home/komal/data-engineering-projects/airflow-spark-pipeline/airflow_venv/lib/python3.11/site-packages/airflow/example_dags/tutorial_taskflow_api_virtualenv.py
[2026-03-18T07:45:50.736+0000] {processor.py:208} INFO - Processing /home/komal/data-engineering-projects/airflow-spark-pipeline/airflow_venv/lib/python3.11/site-packages/airflow/example_dags/tutorial_taskflow_api_virtualenv.py took 0.263 seconds
[2026-03-18T07:47:08.198+0000] {processor.py:186} INFO - Started process (PID=34123) to work on /home/komal/data-engineering-projects/airflow-spark-pipeline/airflow_venv/lib/python3.11/site-packages/airflow/example_dags/tutorial_taskflow_api_virtualenv.py
[2026-03-18T07:47:08.232+0000] {processor.py:914} INFO - Processing file /home/komal/data-engineering-projects/airflow-spark-pipeline/airflow_venv/lib/python3.11/site-packages/airflow/example_dags/tutorial_taskflow_api_virtualenv.py for tasks to queue
[2026-03-18T07:47:08.236+0000] {logging_mixin.py:190} INFO - [2026-03-18T07:47:08.236+0000] {dagbag.py:588} INFO - Filling up the DagBag from /home/komal/data-engineering-projects/airflow-spark-pipeline/airflow_venv/lib/python3.11/site-packages/airflow/example_dags/tutorial_taskflow_api_virtualenv.py
[2026-03-18T07:47:08.486+0000] {logging_mixin.py:190} INFO - [2026-03-18T07:47:08.486+0000] {tutorial_taskflow_api_virtualenv.py:29} WARNING - The tutorial_taskflow_api_virtualenv example DAG requires virtualenv, please install it.
[2026-03-18T07:47:08.487+0000] {processor.py:927} WARNING - No viable dags retrieved from /home/komal/data-engineering-projects/airflow-spark-pipeline/airflow_venv/lib/python3.11/site-packages/airflow/example_dags/tutorial_taskflow_api_virtualenv.py
[2026-03-18T07:47:08.507+0000] {processor.py:208} INFO - Processing /home/komal/data-engineering-projects/airflow-spark-pipeline/airflow_venv/lib/python3.11/site-packages/airflow/example_dags/tutorial_taskflow_api_virtualenv.py took 0.322 seconds
[2026-03-18T07:49:16.246+0000] {processor.py:186} INFO - Started process (PID=34162) to work on /home/komal/data-engineering-projects/airflow-spark-pipeline/airflow_venv/lib/python3.11/site-packages/airflow/example_dags/tutorial_taskflow_api_virtualenv.py
[2026-03-18T07:49:16.280+0000] {processor.py:914} INFO - Processing file /home/komal/data-engineering-projects/airflow-spark-pipeline/airflow_venv/lib/python3.11/site-packages/airflow/example_dags/tutorial_taskflow_api_virtualenv.py for tasks to queue
[2026-03-18T07:49:16.288+0000] {logging_mixin.py:190} INFO - [2026-03-18T07:49:16.288+0000] {dagbag.py:588} INFO - Filling up the DagBag from /home/komal/data-engineering-projects/airflow-spark-pipeline/airflow_venv/lib/python3.11/site-packages/airflow/example_dags/tutorial_taskflow_api_virtualenv.py
[2026-03-18T07:49:16.468+0000] {logging_mixin.py:190} INFO - [2026-03-18T07:49:16.467+0000] {tutorial_taskflow_api_virtualenv.py:29} WARNING - The tutorial_taskflow_api_virtualenv example DAG requires virtualenv, please install it.
[2026-03-18T07:49:16.468+0000] {processor.py:927} WARNING - No viable dags retrieved from /home/komal/data-engineering-projects/airflow-spark-pipeline/airflow_venv/lib/python3.11/site-packages/airflow/example_dags/tutorial_taskflow_api_virtualenv.py
[2026-03-18T07:49:16.484+0000] {processor.py:208} INFO - Processing /home/komal/data-engineering-projects/airflow-spark-pipeline/airflow_venv/lib/python3.11/site-packages/airflow/example_dags/tutorial_taskflow_api_virtualenv.py took 0.249 seconds
[2026-03-18T07:50:19.025+0000] {processor.py:186} INFO - Started process (PID=34222) to work on /home/komal/data-engineering-projects/airflow-spark-pipeline/airflow_venv/lib/python3.11/site-packages/airflow/example_dags/tutorial_taskflow_api_virtualenv.py
[2026-03-18T07:50:19.057+0000] {processor.py:914} INFO - Processing file /home/komal/data-engineering-projects/airflow-spark-pipeline/airflow_venv/lib/python3.11/site-packages/airflow/example_dags/tutorial_taskflow_api_virtualenv.py for tasks to queue
[2026-03-18T07:50:19.062+0000] {logging_mixin.py:190} INFO - [2026-03-18T07:50:19.061+0000] {dagbag.py:588} INFO - Filling up the DagBag from /home/komal/data-engineering-projects/airflow-spark-pipeline/airflow_venv/lib/python3.11/site-packages/airflow/example_dags/tutorial_taskflow_api_virtualenv.py
[2026-03-18T07:50:19.142+0000] {logging_mixin.py:190} INFO - [2026-03-18T07:50:19.141+0000] {tutorial_taskflow_api_virtualenv.py:29} WARNING - The tutorial_taskflow_api_virtualenv example DAG requires virtualenv, please install it.
[2026-03-18T07:50:19.142+0000] {processor.py:927} WARNING - No viable dags retrieved from /home/komal/data-engineering-projects/airflow-spark-pipeline/airflow_venv/lib/python3.11/site-packages/airflow/example_dags/tutorial_taskflow_api_virtualenv.py
[2026-03-18T07:50:19.158+0000] {processor.py:208} INFO - Processing /home/komal/data-engineering-projects/airflow-spark-pipeline/airflow_venv/lib/python3.11/site-packages/airflow/example_dags/tutorial_taskflow_api_virtualenv.py took 0.143 seconds
[2026-03-18T07:51:30.717+0000] {processor.py:186} INFO - Started process (PID=34313) to work on /home/komal/data-engineering-projects/airflow-spark-pipeline/airflow_venv/lib/python3.11/site-packages/airflow/example_dags/tutorial_taskflow_api_virtualenv.py
[2026-03-18T07:51:30.720+0000] {processor.py:914} INFO - Processing file /home/komal/data-engineering-projects/airflow-spark-pipeline/airflow_venv/lib/python3.11/site-packages/airflow/example_dags/tutorial_taskflow_api_virtualenv.py for tasks to queue
[2026-03-18T07:51:30.723+0000] {logging_mixin.py:190} INFO - [2026-03-18T07:51:30.722+0000] {dagbag.py:588} INFO - Filling up the DagBag from /home/komal/data-engineering-projects/airflow-spark-pipeline/airflow_venv/lib/python3.11/site-packages/airflow/example_dags/tutorial_taskflow_api_virtualenv.py
[2026-03-18T07:51:30.890+0000] {logging_mixin.py:190} INFO - [2026-03-18T07:51:30.890+0000] {tutorial_taskflow_api_virtualenv.py:29} WARNING - The tutorial_taskflow_api_virtualenv example DAG requires virtualenv, please install it.
[2026-03-18T07:51:30.891+0000] {processor.py:927} WARNING - No viable dags retrieved from /home/komal/data-engineering-projects/airflow-spark-pipeline/airflow_venv/lib/python3.11/site-packages/airflow/example_dags/tutorial_taskflow_api_virtualenv.py
[2026-03-18T07:51:30.906+0000] {processor.py:208} INFO - Processing /home/komal/data-engineering-projects/airflow-spark-pipeline/airflow_venv/lib/python3.11/site-packages/airflow/example_dags/tutorial_taskflow_api_virtualenv.py took 0.201 seconds
[2026-03-18T07:52:44.238+0000] {processor.py:186} INFO - Started process (PID=34380) to work on /home/komal/data-engineering-projects/airflow-spark-pipeline/airflow_venv/lib/python3.11/site-packages/airflow/example_dags/tutorial_taskflow_api_virtualenv.py
[2026-03-18T07:52:44.272+0000] {processor.py:914} INFO - Processing file /home/komal/data-engineering-projects/airflow-spark-pipeline/airflow_venv/lib/python3.11/site-packages/airflow/example_dags/tutorial_taskflow_api_virtualenv.py for tasks to queue
[2026-03-18T07:52:44.276+0000] {logging_mixin.py:190} INFO - [2026-03-18T07:52:44.276+0000] {dagbag.py:588} INFO - Filling up the DagBag from /home/komal/data-engineering-projects/airflow-spark-pipeline/airflow_venv/lib/python3.11/site-packages/airflow/example_dags/tutorial_taskflow_api_virtualenv.py
[2026-03-18T07:52:44.473+0000] {logging_mixin.py:190} INFO - [2026-03-18T07:52:44.472+0000] {tutorial_taskflow_api_virtualenv.py:29} WARNING - The tutorial_taskflow_api_virtualenv example DAG requires virtualenv, please install it.
[2026-03-18T07:52:44.473+0000] {processor.py:927} WARNING - No viable dags retrieved from /home/komal/data-engineering-projects/airflow-spark-pipeline/airflow_venv/lib/python3.11/site-packages/airflow/example_dags/tutorial_taskflow_api_virtualenv.py
[2026-03-18T07:52:44.492+0000] {processor.py:208} INFO - Processing /home/komal/data-engineering-projects/airflow-spark-pipeline/airflow_venv/lib/python3.11/site-packages/airflow/example_dags/tutorial_taskflow_api_virtualenv.py took 0.266 seconds
[2026-03-18T07:54:10.024+0000] {processor.py:186} INFO - Started process (PID=34462) to work on /home/komal/data-engineering-projects/airflow-spark-pipeline/airflow_venv/lib/python3.11/site-packages/airflow/example_dags/tutorial_taskflow_api_virtualenv.py
[2026-03-18T07:54:10.060+0000] {processor.py:914} INFO - Processing file /home/komal/data-engineering-projects/airflow-spark-pipeline/airflow_venv/lib/python3.11/site-packages/airflow/example_dags/tutorial_taskflow_api_virtualenv.py for tasks to queue
[2026-03-18T07:54:10.065+0000] {logging_mixin.py:190} INFO - [2026-03-18T07:54:10.064+0000] {dagbag.py:588} INFO - Filling up the DagBag from /home/komal/data-engineering-projects/airflow-spark-pipeline/airflow_venv/lib/python3.11/site-packages/airflow/example_dags/tutorial_taskflow_api_virtualenv.py
[2026-03-18T07:54:10.280+0000] {logging_mixin.py:190} INFO - [2026-03-18T07:54:10.279+0000] {tutorial_taskflow_api_virtualenv.py:29} WARNING - The tutorial_taskflow_api_virtualenv example DAG requires virtualenv, please install it.
[2026-03-18T07:54:10.280+0000] {processor.py:927} WARNING - No viable dags retrieved from /home/komal/data-engineering-projects/airflow-spark-pipeline/airflow_venv/lib/python3.11/site-packages/airflow/example_dags/tutorial_taskflow_api_virtualenv.py
[2026-03-18T07:54:10.292+0000] {processor.py:208} INFO - Processing /home/komal/data-engineering-projects/airflow-spark-pipeline/airflow_venv/lib/python3.11/site-packages/airflow/example_dags/tutorial_taskflow_api_virtualenv.py took 0.277 seconds
[2026-03-18T07:55:01.309+0000] {processor.py:186} INFO - Started process (PID=34509) to work on /home/komal/data-engineering-projects/airflow-spark-pipeline/airflow_venv/lib/python3.11/site-packages/airflow/example_dags/tutorial_taskflow_api_virtualenv.py
[2026-03-18T07:55:01.342+0000] {processor.py:914} INFO - Processing file /home/komal/data-engineering-projects/airflow-spark-pipeline/airflow_venv/lib/python3.11/site-packages/airflow/example_dags/tutorial_taskflow_api_virtualenv.py for tasks to queue
[2026-03-18T07:55:01.347+0000] {logging_mixin.py:190} INFO - [2026-03-18T07:55:01.346+0000] {dagbag.py:588} INFO - Filling up the DagBag from /home/komal/data-engineering-projects/airflow-spark-pipeline/airflow_venv/lib/python3.11/site-packages/airflow/example_dags/tutorial_taskflow_api_virtualenv.py
[2026-03-18T07:55:01.701+0000] {logging_mixin.py:190} INFO - [2026-03-18T07:55:01.700+0000] {tutorial_taskflow_api_virtualenv.py:29} WARNING - The tutorial_taskflow_api_virtualenv example DAG requires virtualenv, please install it.
[2026-03-18T07:55:01.701+0000] {processor.py:927} WARNING - No viable dags retrieved from /home/komal/data-engineering-projects/airflow-spark-pipeline/airflow_venv/lib/python3.11/site-packages/airflow/example_dags/tutorial_taskflow_api_virtualenv.py
[2026-03-18T07:55:01.723+0000] {processor.py:208} INFO - Processing /home/komal/data-engineering-projects/airflow-spark-pipeline/airflow_venv/lib/python3.11/site-packages/airflow/example_dags/tutorial_taskflow_api_virtualenv.py took 0.425 seconds
[2026-03-18T07:56:14.031+0000] {processor.py:186} INFO - Started process (PID=34877) to work on /home/komal/data-engineering-projects/airflow-spark-pipeline/airflow_venv/lib/python3.11/site-packages/airflow/example_dags/tutorial_taskflow_api_virtualenv.py
[2026-03-18T07:56:14.058+0000] {processor.py:914} INFO - Processing file /home/komal/data-engineering-projects/airflow-spark-pipeline/airflow_venv/lib/python3.11/site-packages/airflow/example_dags/tutorial_taskflow_api_virtualenv.py for tasks to queue
[2026-03-18T07:56:14.063+0000] {logging_mixin.py:190} INFO - [2026-03-18T07:56:14.062+0000] {dagbag.py:588} INFO - Filling up the DagBag from /home/komal/data-engineering-projects/airflow-spark-pipeline/airflow_venv/lib/python3.11/site-packages/airflow/example_dags/tutorial_taskflow_api_virtualenv.py
[2026-03-18T07:56:14.231+0000] {logging_mixin.py:190} INFO - [2026-03-18T07:56:14.231+0000] {tutorial_taskflow_api_virtualenv.py:29} WARNING - The tutorial_taskflow_api_virtualenv example DAG requires virtualenv, please install it.
[2026-03-18T07:56:14.232+0000] {processor.py:927} WARNING - No viable dags retrieved from /home/komal/data-engineering-projects/airflow-spark-pipeline/airflow_venv/lib/python3.11/site-packages/airflow/example_dags/tutorial_taskflow_api_virtualenv.py
[2026-03-18T07:56:14.247+0000] {processor.py:208} INFO - Processing /home/komal/data-engineering-projects/airflow-spark-pipeline/airflow_venv/lib/python3.11/site-packages/airflow/example_dags/tutorial_taskflow_api_virtualenv.py took 0.227 seconds
[2026-03-18T08:05:07.478+0000] {processor.py:186} INFO - Started process (PID=34951) to work on /home/komal/data-engineering-projects/airflow-spark-pipeline/airflow_venv/lib/python3.11/site-packages/airflow/example_dags/tutorial_taskflow_api_virtualenv.py
[2026-03-18T08:05:07.512+0000] {processor.py:914} INFO - Processing file /home/komal/data-engineering-projects/airflow-spark-pipeline/airflow_venv/lib/python3.11/site-packages/airflow/example_dags/tutorial_taskflow_api_virtualenv.py for tasks to queue
[2026-03-18T08:05:07.516+0000] {logging_mixin.py:190} INFO - [2026-03-18T08:05:07.515+0000] {dagbag.py:588} INFO - Filling up the DagBag from /home/komal/data-engineering-projects/airflow-spark-pipeline/airflow_venv/lib/python3.11/site-packages/airflow/example_dags/tutorial_taskflow_api_virtualenv.py
[2026-03-18T08:05:07.751+0000] {logging_mixin.py:190} INFO - [2026-03-18T08:05:07.751+0000] {tutorial_taskflow_api_virtualenv.py:29} WARNING - The tutorial_taskflow_api_virtualenv example DAG requires virtualenv, please install it.
[2026-03-18T08:05:07.752+0000] {processor.py:927} WARNING - No viable dags retrieved from /home/komal/data-engineering-projects/airflow-spark-pipeline/airflow_venv/lib/python3.11/site-packages/airflow/example_dags/tutorial_taskflow_api_virtualenv.py
[2026-03-18T08:05:07.773+0000] {processor.py:208} INFO - Processing /home/komal/data-engineering-projects/airflow-spark-pipeline/airflow_venv/lib/python3.11/site-packages/airflow/example_dags/tutorial_taskflow_api_virtualenv.py took 0.304 seconds
[2026-03-18T08:06:15.252+0000] {processor.py:186} INFO - Started process (PID=35017) to work on /home/komal/data-engineering-projects/airflow-spark-pipeline/airflow_venv/lib/python3.11/site-packages/airflow/example_dags/tutorial_taskflow_api_virtualenv.py
[2026-03-18T08:06:15.255+0000] {processor.py:914} INFO - Processing file /home/komal/data-engineering-projects/airflow-spark-pipeline/airflow_venv/lib/python3.11/site-packages/airflow/example_dags/tutorial_taskflow_api_virtualenv.py for tasks to queue
[2026-03-18T08:06:15.257+0000] {logging_mixin.py:190} INFO - [2026-03-18T08:06:15.257+0000] {dagbag.py:588} INFO - Filling up the DagBag from /home/komal/data-engineering-projects/airflow-spark-pipeline/airflow_venv/lib/python3.11/site-packages/airflow/example_dags/tutorial_taskflow_api_virtualenv.py
[2026-03-18T08:06:15.401+0000] {logging_mixin.py:190} INFO - [2026-03-18T08:06:15.400+0000] {tutorial_taskflow_api_virtualenv.py:29} WARNING - The tutorial_taskflow_api_virtualenv example DAG requires virtualenv, please install it.
[2026-03-18T08:06:15.401+0000] {processor.py:927} WARNING - No viable dags retrieved from /home/komal/data-engineering-projects/airflow-spark-pipeline/airflow_venv/lib/python3.11/site-packages/airflow/example_dags/tutorial_taskflow_api_virtualenv.py
[2026-03-18T08:06:15.416+0000] {processor.py:208} INFO - Processing /home/komal/data-engineering-projects/airflow-spark-pipeline/airflow_venv/lib/python3.11/site-packages/airflow/example_dags/tutorial_taskflow_api_virtualenv.py took 0.172 seconds
[2026-03-18T08:07:03.421+0000] {processor.py:186} INFO - Started process (PID=35062) to work on /home/komal/data-engineering-projects/airflow-spark-pipeline/airflow_venv/lib/python3.11/site-packages/airflow/example_dags/tutorial_taskflow_api_virtualenv.py
[2026-03-18T08:07:03.453+0000] {processor.py:914} INFO - Processing file /home/komal/data-engineering-projects/airflow-spark-pipeline/airflow_venv/lib/python3.11/site-packages/airflow/example_dags/tutorial_taskflow_api_virtualenv.py for tasks to queue
[2026-03-18T08:07:03.456+0000] {logging_mixin.py:190} INFO - [2026-03-18T08:07:03.456+0000] {dagbag.py:588} INFO - Filling up the DagBag from /home/komal/data-engineering-projects/airflow-spark-pipeline/airflow_venv/lib/python3.11/site-packages/airflow/example_dags/tutorial_taskflow_api_virtualenv.py
[2026-03-18T08:07:03.616+0000] {logging_mixin.py:190} INFO - [2026-03-18T08:07:03.616+0000] {tutorial_taskflow_api_virtualenv.py:29} WARNING - The tutorial_taskflow_api_virtualenv example DAG requires virtualenv, please install it.
[2026-03-18T08:07:03.617+0000] {processor.py:927} WARNING - No viable dags retrieved from /home/komal/data-engineering-projects/airflow-spark-pipeline/airflow_venv/lib/python3.11/site-packages/airflow/example_dags/tutorial_taskflow_api_virtualenv.py
[2026-03-18T08:07:03.637+0000] {processor.py:208} INFO - Processing /home/komal/data-engineering-projects/airflow-spark-pipeline/airflow_venv/lib/python3.11/site-packages/airflow/example_dags/tutorial_taskflow_api_virtualenv.py took 0.226 seconds
[2026-03-18T08:08:19.868+0000] {processor.py:186} INFO - Started process (PID=35131) to work on /home/komal/data-engineering-projects/airflow-spark-pipeline/airflow_venv/lib/python3.11/site-packages/airflow/example_dags/tutorial_taskflow_api_virtualenv.py
[2026-03-18T08:08:19.901+0000] {processor.py:914} INFO - Processing file /home/komal/data-engineering-projects/airflow-spark-pipeline/airflow_venv/lib/python3.11/site-packages/airflow/example_dags/tutorial_taskflow_api_virtualenv.py for tasks to queue
[2026-03-18T08:08:19.907+0000] {logging_mixin.py:190} INFO - [2026-03-18T08:08:19.906+0000] {dagbag.py:588} INFO - Filling up the DagBag from /home/komal/data-engineering-projects/airflow-spark-pipeline/airflow_venv/lib/python3.11/site-packages/airflow/example_dags/tutorial_taskflow_api_virtualenv.py
[2026-03-18T08:08:20.006+0000] {logging_mixin.py:190} INFO - [2026-03-18T08:08:20.005+0000] {tutorial_taskflow_api_virtualenv.py:29} WARNING - The tutorial_taskflow_api_virtualenv example DAG requires virtualenv, please install it.
[2026-03-18T08:08:20.006+0000] {processor.py:927} WARNING - No viable dags retrieved from /home/komal/data-engineering-projects/airflow-spark-pipeline/airflow_venv/lib/python3.11/site-packages/airflow/example_dags/tutorial_taskflow_api_virtualenv.py
[2026-03-18T08:08:20.023+0000] {processor.py:208} INFO - Processing /home/komal/data-engineering-projects/airflow-spark-pipeline/airflow_venv/lib/python3.11/site-packages/airflow/example_dags/tutorial_taskflow_api_virtualenv.py took 0.162 seconds
[2026-03-18T08:09:31.384+0000] {processor.py:186} INFO - Started process (PID=35197) to work on /home/komal/data-engineering-projects/airflow-spark-pipeline/airflow_venv/lib/python3.11/site-packages/airflow/example_dags/tutorial_taskflow_api_virtualenv.py
[2026-03-18T08:09:31.411+0000] {processor.py:914} INFO - Processing file /home/komal/data-engineering-projects/airflow-spark-pipeline/airflow_venv/lib/python3.11/site-packages/airflow/example_dags/tutorial_taskflow_api_virtualenv.py for tasks to queue
[2026-03-18T08:09:31.414+0000] {logging_mixin.py:190} INFO - [2026-03-18T08:09:31.413+0000] {dagbag.py:588} INFO - Filling up the DagBag from /home/komal/data-engineering-projects/airflow-spark-pipeline/airflow_venv/lib/python3.11/site-packages/airflow/example_dags/tutorial_taskflow_api_virtualenv.py
[2026-03-18T08:09:31.575+0000] {logging_mixin.py:190} INFO - [2026-03-18T08:09:31.575+0000] {tutorial_taskflow_api_virtualenv.py:29} WARNING - The tutorial_taskflow_api_virtualenv example DAG requires virtualenv, please install it.
[2026-03-18T08:09:31.576+0000] {processor.py:927} WARNING - No viable dags retrieved from /home/komal/data-engineering-projects/airflow-spark-pipeline/airflow_venv/lib/python3.11/site-packages/airflow/example_dags/tutorial_taskflow_api_virtualenv.py
[2026-03-18T08:09:31.590+0000] {processor.py:208} INFO - Processing /home/komal/data-engineering-projects/airflow-spark-pipeline/airflow_venv/lib/python3.11/site-packages/airflow/example_dags/tutorial_taskflow_api_virtualenv.py took 0.215 seconds
[2026-03-18T08:10:44.660+0000] {processor.py:186} INFO - Started process (PID=35267) to work on /home/komal/data-engineering-projects/airflow-spark-pipeline/airflow_venv/lib/python3.11/site-packages/airflow/example_dags/tutorial_taskflow_api_virtualenv.py
[2026-03-18T08:10:44.693+0000] {processor.py:914} INFO - Processing file /home/komal/data-engineering-projects/airflow-spark-pipeline/airflow_venv/lib/python3.11/site-packages/airflow/example_dags/tutorial_taskflow_api_virtualenv.py for tasks to queue
[2026-03-18T08:10:44.700+0000] {logging_mixin.py:190} INFO - [2026-03-18T08:10:44.699+0000] {dagbag.py:588} INFO - Filling up the DagBag from /home/komal/data-engineering-projects/airflow-spark-pipeline/airflow_venv/lib/python3.11/site-packages/airflow/example_dags/tutorial_taskflow_api_virtualenv.py
[2026-03-18T08:10:44.918+0000] {logging_mixin.py:190} INFO - [2026-03-18T08:10:44.917+0000] {tutorial_taskflow_api_virtualenv.py:29} WARNING - The tutorial_taskflow_api_virtualenv example DAG requires virtualenv, please install it.
[2026-03-18T08:10:44.919+0000] {processor.py:927} WARNING - No viable dags retrieved from /home/komal/data-engineering-projects/airflow-spark-pipeline/airflow_venv/lib/python3.11/site-packages/airflow/example_dags/tutorial_taskflow_api_virtualenv.py
[2026-03-18T08:10:44.942+0000] {processor.py:208} INFO - Processing /home/komal/data-engineering-projects/airflow-spark-pipeline/airflow_venv/lib/python3.11/site-packages/airflow/example_dags/tutorial_taskflow_api_virtualenv.py took 0.295 seconds
[2026-03-18T08:11:58.777+0000] {processor.py:186} INFO - Started process (PID=35339) to work on /home/komal/data-engineering-projects/airflow-spark-pipeline/airflow_venv/lib/python3.11/site-packages/airflow/example_dags/tutorial_taskflow_api_virtualenv.py
[2026-03-18T08:11:58.811+0000] {processor.py:914} INFO - Processing file /home/komal/data-engineering-projects/airflow-spark-pipeline/airflow_venv/lib/python3.11/site-packages/airflow/example_dags/tutorial_taskflow_api_virtualenv.py for tasks to queue
[2026-03-18T08:11:58.819+0000] {logging_mixin.py:190} INFO - [2026-03-18T08:11:58.818+0000] {dagbag.py:588} INFO - Filling up the DagBag from /home/komal/data-engineering-projects/airflow-spark-pipeline/airflow_venv/lib/python3.11/site-packages/airflow/example_dags/tutorial_taskflow_api_virtualenv.py
[2026-03-18T08:11:59.054+0000] {logging_mixin.py:190} INFO - [2026-03-18T08:11:59.054+0000] {tutorial_taskflow_api_virtualenv.py:29} WARNING - The tutorial_taskflow_api_virtualenv example DAG requires virtualenv, please install it.
[2026-03-18T08:11:59.055+0000] {processor.py:927} WARNING - No viable dags retrieved from /home/komal/data-engineering-projects/airflow-spark-pipeline/airflow_venv/lib/python3.11/site-packages/airflow/example_dags/tutorial_taskflow_api_virtualenv.py
[2026-03-18T08:11:59.074+0000] {processor.py:208} INFO - Processing /home/komal/data-engineering-projects/airflow-spark-pipeline/airflow_venv/lib/python3.11/site-packages/airflow/example_dags/tutorial_taskflow_api_virtualenv.py took 0.306 seconds
[2026-03-18T08:14:37.475+0000] {processor.py:186} INFO - Started process (PID=35736) to work on /home/komal/data-engineering-projects/airflow-spark-pipeline/airflow_venv/lib/python3.11/site-packages/airflow/example_dags/tutorial_taskflow_api_virtualenv.py
[2026-03-18T08:14:37.506+0000] {processor.py:914} INFO - Processing file /home/komal/data-engineering-projects/airflow-spark-pipeline/airflow_venv/lib/python3.11/site-packages/airflow/example_dags/tutorial_taskflow_api_virtualenv.py for tasks to queue
[2026-03-18T08:14:37.510+0000] {logging_mixin.py:190} INFO - [2026-03-18T08:14:37.509+0000] {dagbag.py:588} INFO - Filling up the DagBag from /home/komal/data-engineering-projects/airflow-spark-pipeline/airflow_venv/lib/python3.11/site-packages/airflow/example_dags/tutorial_taskflow_api_virtualenv.py
[2026-03-18T08:14:37.730+0000] {logging_mixin.py:190} INFO - [2026-03-18T08:14:37.729+0000] {tutorial_taskflow_api_virtualenv.py:29} WARNING - The tutorial_taskflow_api_virtualenv example DAG requires virtualenv, please install it.
[2026-03-18T08:14:37.731+0000] {processor.py:927} WARNING - No viable dags retrieved from /home/komal/data-engineering-projects/airflow-spark-pipeline/airflow_venv/lib/python3.11/site-packages/airflow/example_dags/tutorial_taskflow_api_virtualenv.py
[2026-03-18T08:14:37.750+0000] {processor.py:208} INFO - Processing /home/komal/data-engineering-projects/airflow-spark-pipeline/airflow_venv/lib/python3.11/site-packages/airflow/example_dags/tutorial_taskflow_api_virtualenv.py took 0.285 seconds
[2026-03-18T08:15:41.516+0000] {processor.py:186} INFO - Started process (PID=35797) to work on /home/komal/data-engineering-projects/airflow-spark-pipeline/airflow_venv/lib/python3.11/site-packages/airflow/example_dags/tutorial_taskflow_api_virtualenv.py
[2026-03-18T08:15:41.548+0000] {processor.py:914} INFO - Processing file /home/komal/data-engineering-projects/airflow-spark-pipeline/airflow_venv/lib/python3.11/site-packages/airflow/example_dags/tutorial_taskflow_api_virtualenv.py for tasks to queue
[2026-03-18T08:15:41.550+0000] {logging_mixin.py:190} INFO - [2026-03-18T08:15:41.550+0000] {dagbag.py:588} INFO - Filling up the DagBag from /home/komal/data-engineering-projects/airflow-spark-pipeline/airflow_venv/lib/python3.11/site-packages/airflow/example_dags/tutorial_taskflow_api_virtualenv.py
[2026-03-18T08:15:41.673+0000] {logging_mixin.py:190} INFO - [2026-03-18T08:15:41.673+0000] {tutorial_taskflow_api_virtualenv.py:29} WARNING - The tutorial_taskflow_api_virtualenv example DAG requires virtualenv, please install it.
[2026-03-18T08:15:41.674+0000] {processor.py:927} WARNING - No viable dags retrieved from /home/komal/data-engineering-projects/airflow-spark-pipeline/airflow_venv/lib/python3.11/site-packages/airflow/example_dags/tutorial_taskflow_api_virtualenv.py
[2026-03-18T08:15:41.687+0000] {processor.py:208} INFO - Processing /home/komal/data-engineering-projects/airflow-spark-pipeline/airflow_venv/lib/python3.11/site-packages/airflow/example_dags/tutorial_taskflow_api_virtualenv.py took 0.183 seconds
[2026-03-18T08:16:53.276+0000] {processor.py:186} INFO - Started process (PID=35862) to work on /home/komal/data-engineering-projects/airflow-spark-pipeline/airflow_venv/lib/python3.11/site-packages/airflow/example_dags/tutorial_taskflow_api_virtualenv.py
[2026-03-18T08:16:53.280+0000] {processor.py:914} INFO - Processing file /home/komal/data-engineering-projects/airflow-spark-pipeline/airflow_venv/lib/python3.11/site-packages/airflow/example_dags/tutorial_taskflow_api_virtualenv.py for tasks to queue
[2026-03-18T08:16:53.284+0000] {logging_mixin.py:190} INFO - [2026-03-18T08:16:53.283+0000] {dagbag.py:588} INFO - Filling up the DagBag from /home/komal/data-engineering-projects/airflow-spark-pipeline/airflow_venv/lib/python3.11/site-packages/airflow/example_dags/tutorial_taskflow_api_virtualenv.py
[2026-03-18T08:16:53.408+0000] {logging_mixin.py:190} INFO - [2026-03-18T08:16:53.407+0000] {tutorial_taskflow_api_virtualenv.py:29} WARNING - The tutorial_taskflow_api_virtualenv example DAG requires virtualenv, please install it.
[2026-03-18T08:16:53.409+0000] {processor.py:927} WARNING - No viable dags retrieved from /home/komal/data-engineering-projects/airflow-spark-pipeline/airflow_venv/lib/python3.11/site-packages/airflow/example_dags/tutorial_taskflow_api_virtualenv.py
[2026-03-18T08:16:53.422+0000] {processor.py:208} INFO - Processing /home/komal/data-engineering-projects/airflow-spark-pipeline/airflow_venv/lib/python3.11/site-packages/airflow/example_dags/tutorial_taskflow_api_virtualenv.py took 0.157 seconds
[2026-03-18T08:18:08.637+0000] {processor.py:186} INFO - Started process (PID=35934) to work on /home/komal/data-engineering-projects/airflow-spark-pipeline/airflow_venv/lib/python3.11/site-packages/airflow/example_dags/tutorial_taskflow_api_virtualenv.py
[2026-03-18T08:18:08.675+0000] {processor.py:914} INFO - Processing file /home/komal/data-engineering-projects/airflow-spark-pipeline/airflow_venv/lib/python3.11/site-packages/airflow/example_dags/tutorial_taskflow_api_virtualenv.py for tasks to queue
[2026-03-18T08:18:08.678+0000] {logging_mixin.py:190} INFO - [2026-03-18T08:18:08.677+0000] {dagbag.py:588} INFO - Filling up the DagBag from /home/komal/data-engineering-projects/airflow-spark-pipeline/airflow_venv/lib/python3.11/site-packages/airflow/example_dags/tutorial_taskflow_api_virtualenv.py
[2026-03-18T08:18:08.743+0000] {logging_mixin.py:190} INFO - [2026-03-18T08:18:08.743+0000] {tutorial_taskflow_api_virtualenv.py:29} WARNING - The tutorial_taskflow_api_virtualenv example DAG requires virtualenv, please install it.
[2026-03-18T08:18:08.744+0000] {processor.py:927} WARNING - No viable dags retrieved from /home/komal/data-engineering-projects/airflow-spark-pipeline/airflow_venv/lib/python3.11/site-packages/airflow/example_dags/tutorial_taskflow_api_virtualenv.py
[2026-03-18T08:18:08.756+0000] {processor.py:208} INFO - Processing /home/komal/data-engineering-projects/airflow-spark-pipeline/airflow_venv/lib/python3.11/site-packages/airflow/example_dags/tutorial_taskflow_api_virtualenv.py took 0.127 seconds
[2026-03-18T08:19:17.116+0000] {processor.py:186} INFO - Started process (PID=36009) to work on /home/komal/data-engineering-projects/airflow-spark-pipeline/airflow_venv/lib/python3.11/site-packages/airflow/example_dags/tutorial_taskflow_api_virtualenv.py
[2026-03-18T08:19:17.117+0000] {processor.py:914} INFO - Processing file /home/komal/data-engineering-projects/airflow-spark-pipeline/airflow_venv/lib/python3.11/site-packages/airflow/example_dags/tutorial_taskflow_api_virtualenv.py for tasks to queue
[2026-03-18T08:19:17.121+0000] {logging_mixin.py:190} INFO - [2026-03-18T08:19:17.120+0000] {dagbag.py:588} INFO - Filling up the DagBag from /home/komal/data-engineering-projects/airflow-spark-pipeline/airflow_venv/lib/python3.11/site-packages/airflow/example_dags/tutorial_taskflow_api_virtualenv.py
[2026-03-18T08:19:17.196+0000] {logging_mixin.py:190} INFO - [2026-03-18T08:19:17.195+0000] {tutorial_taskflow_api_virtualenv.py:29} WARNING - The tutorial_taskflow_api_virtualenv example DAG requires virtualenv, please install it.
[2026-03-18T08:19:17.196+0000] {processor.py:927} WARNING - No viable dags retrieved from /home/komal/data-engineering-projects/airflow-spark-pipeline/airflow_venv/lib/python3.11/site-packages/airflow/example_dags/tutorial_taskflow_api_virtualenv.py
[2026-03-18T08:19:17.203+0000] {processor.py:208} INFO - Processing /home/komal/data-engineering-projects/airflow-spark-pipeline/airflow_venv/lib/python3.11/site-packages/airflow/example_dags/tutorial_taskflow_api_virtualenv.py took 0.091 seconds
[2026-03-18T08:20:19.642+0000] {processor.py:186} INFO - Started process (PID=36074) to work on /home/komal/data-engineering-projects/airflow-spark-pipeline/airflow_venv/lib/python3.11/site-packages/airflow/example_dags/tutorial_taskflow_api_virtualenv.py
[2026-03-18T08:20:19.647+0000] {processor.py:914} INFO - Processing file /home/komal/data-engineering-projects/airflow-spark-pipeline/airflow_venv/lib/python3.11/site-packages/airflow/example_dags/tutorial_taskflow_api_virtualenv.py for tasks to queue
[2026-03-18T08:20:19.650+0000] {logging_mixin.py:190} INFO - [2026-03-18T08:20:19.649+0000] {dagbag.py:588} INFO - Filling up the DagBag from /home/komal/data-engineering-projects/airflow-spark-pipeline/airflow_venv/lib/python3.11/site-packages/airflow/example_dags/tutorial_taskflow_api_virtualenv.py
[2026-03-18T08:20:19.695+0000] {logging_mixin.py:190} INFO - [2026-03-18T08:20:19.695+0000] {tutorial_taskflow_api_virtualenv.py:29} WARNING - The tutorial_taskflow_api_virtualenv example DAG requires virtualenv, please install it.
[2026-03-18T08:20:19.695+0000] {processor.py:927} WARNING - No viable dags retrieved from /home/komal/data-engineering-projects/airflow-spark-pipeline/airflow_venv/lib/python3.11/site-packages/airflow/example_dags/tutorial_taskflow_api_virtualenv.py
[2026-03-18T08:20:19.702+0000] {processor.py:208} INFO - Processing /home/komal/data-engineering-projects/airflow-spark-pipeline/airflow_venv/lib/python3.11/site-packages/airflow/example_dags/tutorial_taskflow_api_virtualenv.py took 0.065 seconds
[2026-03-18T13:40:58.510+0000] {processor.py:186} INFO - Started process (PID=36119) to work on /home/komal/data-engineering-projects/airflow-spark-pipeline/airflow_venv/lib/python3.11/site-packages/airflow/example_dags/tutorial_taskflow_api_virtualenv.py
[2026-03-18T13:40:58.513+0000] {processor.py:914} INFO - Processing file /home/komal/data-engineering-projects/airflow-spark-pipeline/airflow_venv/lib/python3.11/site-packages/airflow/example_dags/tutorial_taskflow_api_virtualenv.py for tasks to queue
[2026-03-18T13:40:58.517+0000] {logging_mixin.py:190} INFO - [2026-03-18T13:40:58.516+0000] {dagbag.py:588} INFO - Filling up the DagBag from /home/komal/data-engineering-projects/airflow-spark-pipeline/airflow_venv/lib/python3.11/site-packages/airflow/example_dags/tutorial_taskflow_api_virtualenv.py
[2026-03-18T13:40:58.666+0000] {logging_mixin.py:190} INFO - [2026-03-18T13:40:58.665+0000] {tutorial_taskflow_api_virtualenv.py:29} WARNING - The tutorial_taskflow_api_virtualenv example DAG requires virtualenv, please install it.
[2026-03-18T13:40:58.666+0000] {processor.py:927} WARNING - No viable dags retrieved from /home/komal/data-engineering-projects/airflow-spark-pipeline/airflow_venv/lib/python3.11/site-packages/airflow/example_dags/tutorial_taskflow_api_virtualenv.py
[2026-03-18T13:40:58.680+0000] {processor.py:208} INFO - Processing /home/komal/data-engineering-projects/airflow-spark-pipeline/airflow_venv/lib/python3.11/site-packages/airflow/example_dags/tutorial_taskflow_api_virtualenv.py took 0.175 seconds
[2026-03-18T13:41:55.736+0000] {processor.py:186} INFO - Started process (PID=36178) to work on /home/komal/data-engineering-projects/airflow-spark-pipeline/airflow_venv/lib/python3.11/site-packages/airflow/example_dags/tutorial_taskflow_api_virtualenv.py
[2026-03-18T13:41:55.770+0000] {processor.py:914} INFO - Processing file /home/komal/data-engineering-projects/airflow-spark-pipeline/airflow_venv/lib/python3.11/site-packages/airflow/example_dags/tutorial_taskflow_api_virtualenv.py for tasks to queue
[2026-03-18T13:41:55.777+0000] {logging_mixin.py:190} INFO - [2026-03-18T13:41:55.776+0000] {dagbag.py:588} INFO - Filling up the DagBag from /home/komal/data-engineering-projects/airflow-spark-pipeline/airflow_venv/lib/python3.11/site-packages/airflow/example_dags/tutorial_taskflow_api_virtualenv.py
[2026-03-18T13:41:55.992+0000] {logging_mixin.py:190} INFO - [2026-03-18T13:41:55.991+0000] {tutorial_taskflow_api_virtualenv.py:29} WARNING - The tutorial_taskflow_api_virtualenv example DAG requires virtualenv, please install it.
[2026-03-18T13:41:55.992+0000] {processor.py:927} WARNING - No viable dags retrieved from /home/komal/data-engineering-projects/airflow-spark-pipeline/airflow_venv/lib/python3.11/site-packages/airflow/example_dags/tutorial_taskflow_api_virtualenv.py
[2026-03-18T13:41:56.004+0000] {processor.py:208} INFO - Processing /home/komal/data-engineering-projects/airflow-spark-pipeline/airflow_venv/lib/python3.11/site-packages/airflow/example_dags/tutorial_taskflow_api_virtualenv.py took 0.282 seconds
[2026-03-18T13:42:57.959+0000] {processor.py:186} INFO - Started process (PID=36272) to work on /home/komal/data-engineering-projects/airflow-spark-pipeline/airflow_venv/lib/python3.11/site-packages/airflow/example_dags/tutorial_taskflow_api_virtualenv.py
[2026-03-18T13:42:57.961+0000] {processor.py:914} INFO - Processing file /home/komal/data-engineering-projects/airflow-spark-pipeline/airflow_venv/lib/python3.11/site-packages/airflow/example_dags/tutorial_taskflow_api_virtualenv.py for tasks to queue
[2026-03-18T13:42:57.963+0000] {logging_mixin.py:190} INFO - [2026-03-18T13:42:57.962+0000] {dagbag.py:588} INFO - Filling up the DagBag from /home/komal/data-engineering-projects/airflow-spark-pipeline/airflow_venv/lib/python3.11/site-packages/airflow/example_dags/tutorial_taskflow_api_virtualenv.py
[2026-03-18T13:42:58.146+0000] {logging_mixin.py:190} INFO - [2026-03-18T13:42:58.146+0000] {tutorial_taskflow_api_virtualenv.py:29} WARNING - The tutorial_taskflow_api_virtualenv example DAG requires virtualenv, please install it.
[2026-03-18T13:42:58.147+0000] {processor.py:927} WARNING - No viable dags retrieved from /home/komal/data-engineering-projects/airflow-spark-pipeline/airflow_venv/lib/python3.11/site-packages/airflow/example_dags/tutorial_taskflow_api_virtualenv.py
[2026-03-18T13:42:58.154+0000] {processor.py:208} INFO - Processing /home/komal/data-engineering-projects/airflow-spark-pipeline/airflow_venv/lib/python3.11/site-packages/airflow/example_dags/tutorial_taskflow_api_virtualenv.py took 0.199 seconds
[2026-03-18T13:44:05.394+0000] {processor.py:186} INFO - Started process (PID=36338) to work on /home/komal/data-engineering-projects/airflow-spark-pipeline/airflow_venv/lib/python3.11/site-packages/airflow/example_dags/tutorial_taskflow_api_virtualenv.py
[2026-03-18T13:44:05.396+0000] {processor.py:914} INFO - Processing file /home/komal/data-engineering-projects/airflow-spark-pipeline/airflow_venv/lib/python3.11/site-packages/airflow/example_dags/tutorial_taskflow_api_virtualenv.py for tasks to queue
[2026-03-18T13:44:05.398+0000] {logging_mixin.py:190} INFO - [2026-03-18T13:44:05.398+0000] {dagbag.py:588} INFO - Filling up the DagBag from /home/komal/data-engineering-projects/airflow-spark-pipeline/airflow_venv/lib/python3.11/site-packages/airflow/example_dags/tutorial_taskflow_api_virtualenv.py
[2026-03-18T13:44:05.567+0000] {logging_mixin.py:190} INFO - [2026-03-18T13:44:05.567+0000] {tutorial_taskflow_api_virtualenv.py:29} WARNING - The tutorial_taskflow_api_virtualenv example DAG requires virtualenv, please install it.
[2026-03-18T13:44:05.568+0000] {processor.py:927} WARNING - No viable dags retrieved from /home/komal/data-engineering-projects/airflow-spark-pipeline/airflow_venv/lib/python3.11/site-packages/airflow/example_dags/tutorial_taskflow_api_virtualenv.py
[2026-03-18T13:44:05.575+0000] {processor.py:208} INFO - Processing /home/komal/data-engineering-projects/airflow-spark-pipeline/airflow_venv/lib/python3.11/site-packages/airflow/example_dags/tutorial_taskflow_api_virtualenv.py took 0.188 seconds
[2026-03-18T13:45:13.155+0000] {processor.py:186} INFO - Started process (PID=36402) to work on /home/komal/data-engineering-projects/airflow-spark-pipeline/airflow_venv/lib/python3.11/site-packages/airflow/example_dags/tutorial_taskflow_api_virtualenv.py
[2026-03-18T13:45:13.159+0000] {processor.py:914} INFO - Processing file /home/komal/data-engineering-projects/airflow-spark-pipeline/airflow_venv/lib/python3.11/site-packages/airflow/example_dags/tutorial_taskflow_api_virtualenv.py for tasks to queue
[2026-03-18T13:45:13.163+0000] {logging_mixin.py:190} INFO - [2026-03-18T13:45:13.162+0000] {dagbag.py:588} INFO - Filling up the DagBag from /home/komal/data-engineering-projects/airflow-spark-pipeline/airflow_venv/lib/python3.11/site-packages/airflow/example_dags/tutorial_taskflow_api_virtualenv.py
[2026-03-18T13:45:13.372+0000] {logging_mixin.py:190} INFO - [2026-03-18T13:45:13.372+0000] {tutorial_taskflow_api_virtualenv.py:29} WARNING - The tutorial_taskflow_api_virtualenv example DAG requires virtualenv, please install it.
[2026-03-18T13:45:13.372+0000] {processor.py:927} WARNING - No viable dags retrieved from /home/komal/data-engineering-projects/airflow-spark-pipeline/airflow_venv/lib/python3.11/site-packages/airflow/example_dags/tutorial_taskflow_api_virtualenv.py
[2026-03-18T13:45:13.384+0000] {processor.py:208} INFO - Processing /home/komal/data-engineering-projects/airflow-spark-pipeline/airflow_venv/lib/python3.11/site-packages/airflow/example_dags/tutorial_taskflow_api_virtualenv.py took 0.238 seconds
[2026-03-18T13:46:22.212+0000] {processor.py:186} INFO - Started process (PID=36469) to work on /home/komal/data-engineering-projects/airflow-spark-pipeline/airflow_venv/lib/python3.11/site-packages/airflow/example_dags/tutorial_taskflow_api_virtualenv.py
[2026-03-18T13:46:22.245+0000] {processor.py:914} INFO - Processing file /home/komal/data-engineering-projects/airflow-spark-pipeline/airflow_venv/lib/python3.11/site-packages/airflow/example_dags/tutorial_taskflow_api_virtualenv.py for tasks to queue
[2026-03-18T13:46:22.249+0000] {logging_mixin.py:190} INFO - [2026-03-18T13:46:22.249+0000] {dagbag.py:588} INFO - Filling up the DagBag from /home/komal/data-engineering-projects/airflow-spark-pipeline/airflow_venv/lib/python3.11/site-packages/airflow/example_dags/tutorial_taskflow_api_virtualenv.py
[2026-03-18T13:46:22.460+0000] {logging_mixin.py:190} INFO - [2026-03-18T13:46:22.460+0000] {tutorial_taskflow_api_virtualenv.py:29} WARNING - The tutorial_taskflow_api_virtualenv example DAG requires virtualenv, please install it.
[2026-03-18T13:46:22.461+0000] {processor.py:927} WARNING - No viable dags retrieved from /home/komal/data-engineering-projects/airflow-spark-pipeline/airflow_venv/lib/python3.11/site-packages/airflow/example_dags/tutorial_taskflow_api_virtualenv.py
[2026-03-18T13:46:22.477+0000] {processor.py:208} INFO - Processing /home/komal/data-engineering-projects/airflow-spark-pipeline/airflow_venv/lib/python3.11/site-packages/airflow/example_dags/tutorial_taskflow_api_virtualenv.py took 0.273 seconds
[2026-03-18T13:47:23.336+0000] {processor.py:186} INFO - Started process (PID=36530) to work on /home/komal/data-engineering-projects/airflow-spark-pipeline/airflow_venv/lib/python3.11/site-packages/airflow/example_dags/tutorial_taskflow_api_virtualenv.py
[2026-03-18T13:47:23.339+0000] {processor.py:914} INFO - Processing file /home/komal/data-engineering-projects/airflow-spark-pipeline/airflow_venv/lib/python3.11/site-packages/airflow/example_dags/tutorial_taskflow_api_virtualenv.py for tasks to queue
[2026-03-18T13:47:23.342+0000] {logging_mixin.py:190} INFO - [2026-03-18T13:47:23.341+0000] {dagbag.py:588} INFO - Filling up the DagBag from /home/komal/data-engineering-projects/airflow-spark-pipeline/airflow_venv/lib/python3.11/site-packages/airflow/example_dags/tutorial_taskflow_api_virtualenv.py
[2026-03-18T13:47:23.566+0000] {logging_mixin.py:190} INFO - [2026-03-18T13:47:23.566+0000] {tutorial_taskflow_api_virtualenv.py:29} WARNING - The tutorial_taskflow_api_virtualenv example DAG requires virtualenv, please install it.
[2026-03-18T13:47:23.567+0000] {processor.py:927} WARNING - No viable dags retrieved from /home/komal/data-engineering-projects/airflow-spark-pipeline/airflow_venv/lib/python3.11/site-packages/airflow/example_dags/tutorial_taskflow_api_virtualenv.py
[2026-03-18T13:47:23.582+0000] {processor.py:208} INFO - Processing /home/komal/data-engineering-projects/airflow-spark-pipeline/airflow_venv/lib/python3.11/site-packages/airflow/example_dags/tutorial_taskflow_api_virtualenv.py took 0.254 seconds
[2026-03-18T13:48:31.975+0000] {processor.py:186} INFO - Started process (PID=36593) to work on /home/komal/data-engineering-projects/airflow-spark-pipeline/airflow_venv/lib/python3.11/site-packages/airflow/example_dags/tutorial_taskflow_api_virtualenv.py
[2026-03-18T13:48:31.979+0000] {processor.py:914} INFO - Processing file /home/komal/data-engineering-projects/airflow-spark-pipeline/airflow_venv/lib/python3.11/site-packages/airflow/example_dags/tutorial_taskflow_api_virtualenv.py for tasks to queue
[2026-03-18T13:48:31.984+0000] {logging_mixin.py:190} INFO - [2026-03-18T13:48:31.984+0000] {dagbag.py:588} INFO - Filling up the DagBag from /home/komal/data-engineering-projects/airflow-spark-pipeline/airflow_venv/lib/python3.11/site-packages/airflow/example_dags/tutorial_taskflow_api_virtualenv.py
[2026-03-18T13:48:32.217+0000] {logging_mixin.py:190} INFO - [2026-03-18T13:48:32.217+0000] {tutorial_taskflow_api_virtualenv.py:29} WARNING - The tutorial_taskflow_api_virtualenv example DAG requires virtualenv, please install it.
[2026-03-18T13:48:32.217+0000] {processor.py:927} WARNING - No viable dags retrieved from /home/komal/data-engineering-projects/airflow-spark-pipeline/airflow_venv/lib/python3.11/site-packages/airflow/example_dags/tutorial_taskflow_api_virtualenv.py
[2026-03-18T13:48:32.228+0000] {processor.py:208} INFO - Processing /home/komal/data-engineering-projects/airflow-spark-pipeline/airflow_venv/lib/python3.11/site-packages/airflow/example_dags/tutorial_taskflow_api_virtualenv.py took 0.259 seconds
[2026-03-18T13:49:35.271+0000] {processor.py:186} INFO - Started process (PID=36655) to work on /home/komal/data-engineering-projects/airflow-spark-pipeline/airflow_venv/lib/python3.11/site-packages/airflow/example_dags/tutorial_taskflow_api_virtualenv.py
[2026-03-18T13:49:35.276+0000] {processor.py:914} INFO - Processing file /home/komal/data-engineering-projects/airflow-spark-pipeline/airflow_venv/lib/python3.11/site-packages/airflow/example_dags/tutorial_taskflow_api_virtualenv.py for tasks to queue
[2026-03-18T13:49:35.281+0000] {logging_mixin.py:190} INFO - [2026-03-18T13:49:35.280+0000] {dagbag.py:588} INFO - Filling up the DagBag from /home/komal/data-engineering-projects/airflow-spark-pipeline/airflow_venv/lib/python3.11/site-packages/airflow/example_dags/tutorial_taskflow_api_virtualenv.py
[2026-03-18T13:49:35.453+0000] {logging_mixin.py:190} INFO - [2026-03-18T13:49:35.453+0000] {tutorial_taskflow_api_virtualenv.py:29} WARNING - The tutorial_taskflow_api_virtualenv example DAG requires virtualenv, please install it.
[2026-03-18T13:49:35.454+0000] {processor.py:927} WARNING - No viable dags retrieved from /home/komal/data-engineering-projects/airflow-spark-pipeline/airflow_venv/lib/python3.11/site-packages/airflow/example_dags/tutorial_taskflow_api_virtualenv.py
[2026-03-18T13:49:35.461+0000] {processor.py:208} INFO - Processing /home/komal/data-engineering-projects/airflow-spark-pipeline/airflow_venv/lib/python3.11/site-packages/airflow/example_dags/tutorial_taskflow_api_virtualenv.py took 0.201 seconds
[2026-03-18T13:50:39.976+0000] {processor.py:186} INFO - Started process (PID=36718) to work on /home/komal/data-engineering-projects/airflow-spark-pipeline/airflow_venv/lib/python3.11/site-packages/airflow/example_dags/tutorial_taskflow_api_virtualenv.py
[2026-03-18T13:50:40.008+0000] {processor.py:914} INFO - Processing file /home/komal/data-engineering-projects/airflow-spark-pipeline/airflow_venv/lib/python3.11/site-packages/airflow/example_dags/tutorial_taskflow_api_virtualenv.py for tasks to queue
[2026-03-18T13:50:40.013+0000] {logging_mixin.py:190} INFO - [2026-03-18T13:50:40.012+0000] {dagbag.py:588} INFO - Filling up the DagBag from /home/komal/data-engineering-projects/airflow-spark-pipeline/airflow_venv/lib/python3.11/site-packages/airflow/example_dags/tutorial_taskflow_api_virtualenv.py
[2026-03-18T13:50:40.220+0000] {logging_mixin.py:190} INFO - [2026-03-18T13:50:40.219+0000] {tutorial_taskflow_api_virtualenv.py:29} WARNING - The tutorial_taskflow_api_virtualenv example DAG requires virtualenv, please install it.
[2026-03-18T13:50:40.220+0000] {processor.py:927} WARNING - No viable dags retrieved from /home/komal/data-engineering-projects/airflow-spark-pipeline/airflow_venv/lib/python3.11/site-packages/airflow/example_dags/tutorial_taskflow_api_virtualenv.py
[2026-03-18T13:50:40.233+0000] {processor.py:208} INFO - Processing /home/komal/data-engineering-projects/airflow-spark-pipeline/airflow_venv/lib/python3.11/site-packages/airflow/example_dags/tutorial_taskflow_api_virtualenv.py took 0.269 seconds
[2026-03-18T13:51:47.281+0000] {processor.py:186} INFO - Started process (PID=36785) to work on /home/komal/data-engineering-projects/airflow-spark-pipeline/airflow_venv/lib/python3.11/site-packages/airflow/example_dags/tutorial_taskflow_api_virtualenv.py
[2026-03-18T13:51:47.312+0000] {processor.py:914} INFO - Processing file /home/komal/data-engineering-projects/airflow-spark-pipeline/airflow_venv/lib/python3.11/site-packages/airflow/example_dags/tutorial_taskflow_api_virtualenv.py for tasks to queue
[2026-03-18T13:51:47.315+0000] {logging_mixin.py:190} INFO - [2026-03-18T13:51:47.315+0000] {dagbag.py:588} INFO - Filling up the DagBag from /home/komal/data-engineering-projects/airflow-spark-pipeline/airflow_venv/lib/python3.11/site-packages/airflow/example_dags/tutorial_taskflow_api_virtualenv.py
[2026-03-18T13:51:47.563+0000] {logging_mixin.py:190} INFO - [2026-03-18T13:51:47.563+0000] {tutorial_taskflow_api_virtualenv.py:29} WARNING - The tutorial_taskflow_api_virtualenv example DAG requires virtualenv, please install it.
[2026-03-18T13:51:47.563+0000] {processor.py:927} WARNING - No viable dags retrieved from /home/komal/data-engineering-projects/airflow-spark-pipeline/airflow_venv/lib/python3.11/site-packages/airflow/example_dags/tutorial_taskflow_api_virtualenv.py
[2026-03-18T13:51:47.572+0000] {processor.py:208} INFO - Processing /home/komal/data-engineering-projects/airflow-spark-pipeline/airflow_venv/lib/python3.11/site-packages/airflow/example_dags/tutorial_taskflow_api_virtualenv.py took 0.303 seconds
[2026-03-18T13:52:49.915+0000] {processor.py:186} INFO - Started process (PID=36847) to work on /home/komal/data-engineering-projects/airflow-spark-pipeline/airflow_venv/lib/python3.11/site-packages/airflow/example_dags/tutorial_taskflow_api_virtualenv.py
[2026-03-18T13:52:49.946+0000] {processor.py:914} INFO - Processing file /home/komal/data-engineering-projects/airflow-spark-pipeline/airflow_venv/lib/python3.11/site-packages/airflow/example_dags/tutorial_taskflow_api_virtualenv.py for tasks to queue
[2026-03-18T13:52:49.951+0000] {logging_mixin.py:190} INFO - [2026-03-18T13:52:49.951+0000] {dagbag.py:588} INFO - Filling up the DagBag from /home/komal/data-engineering-projects/airflow-spark-pipeline/airflow_venv/lib/python3.11/site-packages/airflow/example_dags/tutorial_taskflow_api_virtualenv.py
[2026-03-18T13:52:50.102+0000] {logging_mixin.py:190} INFO - [2026-03-18T13:52:50.102+0000] {tutorial_taskflow_api_virtualenv.py:29} WARNING - The tutorial_taskflow_api_virtualenv example DAG requires virtualenv, please install it.
[2026-03-18T13:52:50.103+0000] {processor.py:927} WARNING - No viable dags retrieved from /home/komal/data-engineering-projects/airflow-spark-pipeline/airflow_venv/lib/python3.11/site-packages/airflow/example_dags/tutorial_taskflow_api_virtualenv.py
[2026-03-18T13:52:50.112+0000] {processor.py:208} INFO - Processing /home/komal/data-engineering-projects/airflow-spark-pipeline/airflow_venv/lib/python3.11/site-packages/airflow/example_dags/tutorial_taskflow_api_virtualenv.py took 0.207 seconds
[2026-03-18T13:53:58.800+0000] {processor.py:186} INFO - Started process (PID=36910) to work on /home/komal/data-engineering-projects/airflow-spark-pipeline/airflow_venv/lib/python3.11/site-packages/airflow/example_dags/tutorial_taskflow_api_virtualenv.py
[2026-03-18T13:53:58.834+0000] {processor.py:914} INFO - Processing file /home/komal/data-engineering-projects/airflow-spark-pipeline/airflow_venv/lib/python3.11/site-packages/airflow/example_dags/tutorial_taskflow_api_virtualenv.py for tasks to queue
[2026-03-18T13:53:58.840+0000] {logging_mixin.py:190} INFO - [2026-03-18T13:53:58.839+0000] {dagbag.py:588} INFO - Filling up the DagBag from /home/komal/data-engineering-projects/airflow-spark-pipeline/airflow_venv/lib/python3.11/site-packages/airflow/example_dags/tutorial_taskflow_api_virtualenv.py
[2026-03-18T13:53:59.022+0000] {logging_mixin.py:190} INFO - [2026-03-18T13:53:59.021+0000] {tutorial_taskflow_api_virtualenv.py:29} WARNING - The tutorial_taskflow_api_virtualenv example DAG requires virtualenv, please install it.
[2026-03-18T13:53:59.022+0000] {processor.py:927} WARNING - No viable dags retrieved from /home/komal/data-engineering-projects/airflow-spark-pipeline/airflow_venv/lib/python3.11/site-packages/airflow/example_dags/tutorial_taskflow_api_virtualenv.py
[2026-03-18T13:53:59.036+0000] {processor.py:208} INFO - Processing /home/komal/data-engineering-projects/airflow-spark-pipeline/airflow_venv/lib/python3.11/site-packages/airflow/example_dags/tutorial_taskflow_api_virtualenv.py took 0.245 seconds
[2026-03-18T13:55:06.689+0000] {processor.py:186} INFO - Started process (PID=36975) to work on /home/komal/data-engineering-projects/airflow-spark-pipeline/airflow_venv/lib/python3.11/site-packages/airflow/example_dags/tutorial_taskflow_api_virtualenv.py
[2026-03-18T13:55:06.691+0000] {processor.py:914} INFO - Processing file /home/komal/data-engineering-projects/airflow-spark-pipeline/airflow_venv/lib/python3.11/site-packages/airflow/example_dags/tutorial_taskflow_api_virtualenv.py for tasks to queue
[2026-03-18T13:55:06.694+0000] {logging_mixin.py:190} INFO - [2026-03-18T13:55:06.694+0000] {dagbag.py:588} INFO - Filling up the DagBag from /home/komal/data-engineering-projects/airflow-spark-pipeline/airflow_venv/lib/python3.11/site-packages/airflow/example_dags/tutorial_taskflow_api_virtualenv.py
[2026-03-18T13:55:06.908+0000] {logging_mixin.py:190} INFO - [2026-03-18T13:55:06.908+0000] {tutorial_taskflow_api_virtualenv.py:29} WARNING - The tutorial_taskflow_api_virtualenv example DAG requires virtualenv, please install it.
[2026-03-18T13:55:06.908+0000] {processor.py:927} WARNING - No viable dags retrieved from /home/komal/data-engineering-projects/airflow-spark-pipeline/airflow_venv/lib/python3.11/site-packages/airflow/example_dags/tutorial_taskflow_api_virtualenv.py
[2026-03-18T13:55:06.925+0000] {processor.py:208} INFO - Processing /home/komal/data-engineering-projects/airflow-spark-pipeline/airflow_venv/lib/python3.11/site-packages/airflow/example_dags/tutorial_taskflow_api_virtualenv.py took 0.244 seconds
[2026-03-18T13:56:12.188+0000] {processor.py:186} INFO - Started process (PID=37038) to work on /home/komal/data-engineering-projects/airflow-spark-pipeline/airflow_venv/lib/python3.11/site-packages/airflow/example_dags/tutorial_taskflow_api_virtualenv.py
[2026-03-18T13:56:12.190+0000] {processor.py:914} INFO - Processing file /home/komal/data-engineering-projects/airflow-spark-pipeline/airflow_venv/lib/python3.11/site-packages/airflow/example_dags/tutorial_taskflow_api_virtualenv.py for tasks to queue
[2026-03-18T13:56:12.192+0000] {logging_mixin.py:190} INFO - [2026-03-18T13:56:12.192+0000] {dagbag.py:588} INFO - Filling up the DagBag from /home/komal/data-engineering-projects/airflow-spark-pipeline/airflow_venv/lib/python3.11/site-packages/airflow/example_dags/tutorial_taskflow_api_virtualenv.py
[2026-03-18T13:56:12.479+0000] {logging_mixin.py:190} INFO - [2026-03-18T13:56:12.478+0000] {tutorial_taskflow_api_virtualenv.py:29} WARNING - The tutorial_taskflow_api_virtualenv example DAG requires virtualenv, please install it.
[2026-03-18T13:56:12.479+0000] {processor.py:927} WARNING - No viable dags retrieved from /home/komal/data-engineering-projects/airflow-spark-pipeline/airflow_venv/lib/python3.11/site-packages/airflow/example_dags/tutorial_taskflow_api_virtualenv.py
[2026-03-18T13:56:12.497+0000] {processor.py:208} INFO - Processing /home/komal/data-engineering-projects/airflow-spark-pipeline/airflow_venv/lib/python3.11/site-packages/airflow/example_dags/tutorial_taskflow_api_virtualenv.py took 0.314 seconds
[2026-03-18T13:57:18.856+0000] {processor.py:186} INFO - Started process (PID=37104) to work on /home/komal/data-engineering-projects/airflow-spark-pipeline/airflow_venv/lib/python3.11/site-packages/airflow/example_dags/tutorial_taskflow_api_virtualenv.py
[2026-03-18T13:57:18.859+0000] {processor.py:914} INFO - Processing file /home/komal/data-engineering-projects/airflow-spark-pipeline/airflow_venv/lib/python3.11/site-packages/airflow/example_dags/tutorial_taskflow_api_virtualenv.py for tasks to queue
[2026-03-18T13:57:18.862+0000] {logging_mixin.py:190} INFO - [2026-03-18T13:57:18.862+0000] {dagbag.py:588} INFO - Filling up the DagBag from /home/komal/data-engineering-projects/airflow-spark-pipeline/airflow_venv/lib/python3.11/site-packages/airflow/example_dags/tutorial_taskflow_api_virtualenv.py
[2026-03-18T13:57:19.001+0000] {logging_mixin.py:190} INFO - [2026-03-18T13:57:19.000+0000] {tutorial_taskflow_api_virtualenv.py:29} WARNING - The tutorial_taskflow_api_virtualenv example DAG requires virtualenv, please install it.
[2026-03-18T13:57:19.001+0000] {processor.py:927} WARNING - No viable dags retrieved from /home/komal/data-engineering-projects/airflow-spark-pipeline/airflow_venv/lib/python3.11/site-packages/airflow/example_dags/tutorial_taskflow_api_virtualenv.py
[2026-03-18T13:57:19.012+0000] {processor.py:208} INFO - Processing /home/komal/data-engineering-projects/airflow-spark-pipeline/airflow_venv/lib/python3.11/site-packages/airflow/example_dags/tutorial_taskflow_api_virtualenv.py took 0.160 seconds
[2026-03-18T13:58:31.210+0000] {processor.py:186} INFO - Started process (PID=37170) to work on /home/komal/data-engineering-projects/airflow-spark-pipeline/airflow_venv/lib/python3.11/site-packages/airflow/example_dags/tutorial_taskflow_api_virtualenv.py
[2026-03-18T13:58:31.241+0000] {processor.py:914} INFO - Processing file /home/komal/data-engineering-projects/airflow-spark-pipeline/airflow_venv/lib/python3.11/site-packages/airflow/example_dags/tutorial_taskflow_api_virtualenv.py for tasks to queue
[2026-03-18T13:58:31.246+0000] {logging_mixin.py:190} INFO - [2026-03-18T13:58:31.245+0000] {dagbag.py:588} INFO - Filling up the DagBag from /home/komal/data-engineering-projects/airflow-spark-pipeline/airflow_venv/lib/python3.11/site-packages/airflow/example_dags/tutorial_taskflow_api_virtualenv.py
[2026-03-18T13:58:31.544+0000] {logging_mixin.py:190} INFO - [2026-03-18T13:58:31.544+0000] {tutorial_taskflow_api_virtualenv.py:29} WARNING - The tutorial_taskflow_api_virtualenv example DAG requires virtualenv, please install it.
[2026-03-18T13:58:31.544+0000] {processor.py:927} WARNING - No viable dags retrieved from /home/komal/data-engineering-projects/airflow-spark-pipeline/airflow_venv/lib/python3.11/site-packages/airflow/example_dags/tutorial_taskflow_api_virtualenv.py
[2026-03-18T13:58:31.553+0000] {processor.py:208} INFO - Processing /home/komal/data-engineering-projects/airflow-spark-pipeline/airflow_venv/lib/python3.11/site-packages/airflow/example_dags/tutorial_taskflow_api_virtualenv.py took 0.348 seconds
[2026-03-18T14:01:36.422+0000] {processor.py:186} INFO - Started process (PID=37209) to work on /home/komal/data-engineering-projects/airflow-spark-pipeline/airflow_venv/lib/python3.11/site-packages/airflow/example_dags/tutorial_taskflow_api_virtualenv.py
[2026-03-18T14:01:36.455+0000] {processor.py:914} INFO - Processing file /home/komal/data-engineering-projects/airflow-spark-pipeline/airflow_venv/lib/python3.11/site-packages/airflow/example_dags/tutorial_taskflow_api_virtualenv.py for tasks to queue
[2026-03-18T14:01:36.460+0000] {logging_mixin.py:190} INFO - [2026-03-18T14:01:36.459+0000] {dagbag.py:588} INFO - Filling up the DagBag from /home/komal/data-engineering-projects/airflow-spark-pipeline/airflow_venv/lib/python3.11/site-packages/airflow/example_dags/tutorial_taskflow_api_virtualenv.py
[2026-03-18T14:01:36.570+0000] {logging_mixin.py:190} INFO - [2026-03-18T14:01:36.570+0000] {tutorial_taskflow_api_virtualenv.py:29} WARNING - The tutorial_taskflow_api_virtualenv example DAG requires virtualenv, please install it.
[2026-03-18T14:01:36.571+0000] {processor.py:927} WARNING - No viable dags retrieved from /home/komal/data-engineering-projects/airflow-spark-pipeline/airflow_venv/lib/python3.11/site-packages/airflow/example_dags/tutorial_taskflow_api_virtualenv.py
[2026-03-18T14:01:36.578+0000] {processor.py:208} INFO - Processing /home/komal/data-engineering-projects/airflow-spark-pipeline/airflow_venv/lib/python3.11/site-packages/airflow/example_dags/tutorial_taskflow_api_virtualenv.py took 0.167 seconds
[2026-03-18T14:02:28.308+0000] {processor.py:186} INFO - Started process (PID=37261) to work on /home/komal/data-engineering-projects/airflow-spark-pipeline/airflow_venv/lib/python3.11/site-packages/airflow/example_dags/tutorial_taskflow_api_virtualenv.py
[2026-03-18T14:02:28.317+0000] {processor.py:914} INFO - Processing file /home/komal/data-engineering-projects/airflow-spark-pipeline/airflow_venv/lib/python3.11/site-packages/airflow/example_dags/tutorial_taskflow_api_virtualenv.py for tasks to queue
[2026-03-18T14:02:28.322+0000] {logging_mixin.py:190} INFO - [2026-03-18T14:02:28.321+0000] {dagbag.py:588} INFO - Filling up the DagBag from /home/komal/data-engineering-projects/airflow-spark-pipeline/airflow_venv/lib/python3.11/site-packages/airflow/example_dags/tutorial_taskflow_api_virtualenv.py
[2026-03-18T14:02:28.530+0000] {logging_mixin.py:190} INFO - [2026-03-18T14:02:28.530+0000] {tutorial_taskflow_api_virtualenv.py:29} WARNING - The tutorial_taskflow_api_virtualenv example DAG requires virtualenv, please install it.
[2026-03-18T14:02:28.531+0000] {processor.py:927} WARNING - No viable dags retrieved from /home/komal/data-engineering-projects/airflow-spark-pipeline/airflow_venv/lib/python3.11/site-packages/airflow/example_dags/tutorial_taskflow_api_virtualenv.py
[2026-03-18T14:02:28.544+0000] {processor.py:208} INFO - Processing /home/komal/data-engineering-projects/airflow-spark-pipeline/airflow_venv/lib/python3.11/site-packages/airflow/example_dags/tutorial_taskflow_api_virtualenv.py took 0.247 seconds
