[2026-03-18T06:16:33.917+0000] {processor.py:157} INFO - Started process (PID=27487) to work on /home/komal/data-engineering-projects/airflow-spark-pipeline/airflow_venv/lib/python3.11/site-packages/airflow/example_dags/tutorial_dag.py
[2026-03-18T06:16:33.918+0000] {processor.py:826} INFO - Processing file /home/komal/data-engineering-projects/airflow-spark-pipeline/airflow_venv/lib/python3.11/site-packages/airflow/example_dags/tutorial_dag.py for tasks to queue
[2026-03-18T06:16:33.919+0000] {logging_mixin.py:150} INFO - [2026-03-18T06:16:33.919+0000] {dagbag.py:541} INFO - Filling up the DagBag from /home/komal/data-engineering-projects/airflow-spark-pipeline/airflow_venv/lib/python3.11/site-packages/airflow/example_dags/tutorial_dag.py
[2026-03-18T06:16:33.924+0000] {processor.py:836} INFO - DAG(s) dict_keys(['tutorial_dag']) retrieved from /home/komal/data-engineering-projects/airflow-spark-pipeline/airflow_venv/lib/python3.11/site-packages/airflow/example_dags/tutorial_dag.py
[2026-03-18T06:16:34.039+0000] {logging_mixin.py:150} INFO - [2026-03-18T06:16:34.039+0000] {manager.py:504} INFO - Created Permission View: can delete on DAG:tutorial_dag
[2026-03-18T06:16:34.085+0000] {logging_mixin.py:150} INFO - [2026-03-18T06:16:34.085+0000] {manager.py:504} INFO - Created Permission View: can read on DAG:tutorial_dag
[2026-03-18T06:16:34.128+0000] {logging_mixin.py:150} INFO - [2026-03-18T06:16:34.128+0000] {manager.py:504} INFO - Created Permission View: can edit on DAG:tutorial_dag
[2026-03-18T06:16:34.142+0000] {logging_mixin.py:150} INFO - [2026-03-18T06:16:34.142+0000] {dag.py:2742} INFO - Sync 1 DAGs
[2026-03-18T06:16:34.150+0000] {logging_mixin.py:150} INFO - [2026-03-18T06:16:34.150+0000] {dag.py:2763} INFO - Creating ORM DAG for tutorial_dag
[2026-03-18T06:16:34.155+0000] {logging_mixin.py:150} INFO - [2026-03-18T06:16:34.155+0000] {dag.py:3504} INFO - Setting next_dagrun for tutorial_dag to None, run_after=None
[2026-03-18T06:16:34.202+0000] {processor.py:179} INFO - Processing /home/komal/data-engineering-projects/airflow-spark-pipeline/airflow_venv/lib/python3.11/site-packages/airflow/example_dags/tutorial_dag.py took 0.289 seconds
[2026-03-18T06:17:23.813+0000] {processor.py:157} INFO - Started process (PID=27549) to work on /home/komal/data-engineering-projects/airflow-spark-pipeline/airflow_venv/lib/python3.11/site-packages/airflow/example_dags/tutorial_dag.py
[2026-03-18T06:17:23.815+0000] {processor.py:826} INFO - Processing file /home/komal/data-engineering-projects/airflow-spark-pipeline/airflow_venv/lib/python3.11/site-packages/airflow/example_dags/tutorial_dag.py for tasks to queue
[2026-03-18T06:17:23.815+0000] {logging_mixin.py:150} INFO - [2026-03-18T06:17:23.815+0000] {dagbag.py:541} INFO - Filling up the DagBag from /home/komal/data-engineering-projects/airflow-spark-pipeline/airflow_venv/lib/python3.11/site-packages/airflow/example_dags/tutorial_dag.py
[2026-03-18T06:17:23.821+0000] {processor.py:836} INFO - DAG(s) dict_keys(['tutorial_dag']) retrieved from /home/komal/data-engineering-projects/airflow-spark-pipeline/airflow_venv/lib/python3.11/site-packages/airflow/example_dags/tutorial_dag.py
[2026-03-18T06:17:23.833+0000] {logging_mixin.py:150} INFO - [2026-03-18T06:17:23.833+0000] {dag.py:2742} INFO - Sync 1 DAGs
[2026-03-18T06:17:23.844+0000] {logging_mixin.py:150} INFO - [2026-03-18T06:17:23.843+0000] {dag.py:3504} INFO - Setting next_dagrun for tutorial_dag to None, run_after=None
[2026-03-18T06:17:23.865+0000] {processor.py:179} INFO - Processing /home/komal/data-engineering-projects/airflow-spark-pipeline/airflow_venv/lib/python3.11/site-packages/airflow/example_dags/tutorial_dag.py took 0.056 seconds
[2026-03-18T06:33:19.374+0000] {processor.py:186} INFO - Started process (PID=28015) to work on /home/komal/data-engineering-projects/airflow-spark-pipeline/airflow_venv/lib/python3.11/site-packages/airflow/example_dags/tutorial_dag.py
[2026-03-18T06:33:19.408+0000] {processor.py:914} INFO - Processing file /home/komal/data-engineering-projects/airflow-spark-pipeline/airflow_venv/lib/python3.11/site-packages/airflow/example_dags/tutorial_dag.py for tasks to queue
[2026-03-18T06:33:19.410+0000] {logging_mixin.py:190} INFO - [2026-03-18T06:33:19.410+0000] {dagbag.py:588} INFO - Filling up the DagBag from /home/komal/data-engineering-projects/airflow-spark-pipeline/airflow_venv/lib/python3.11/site-packages/airflow/example_dags/tutorial_dag.py
[2026-03-18T06:33:19.416+0000] {processor.py:925} INFO - DAG(s) 'tutorial_dag' retrieved from /home/komal/data-engineering-projects/airflow-spark-pipeline/airflow_venv/lib/python3.11/site-packages/airflow/example_dags/tutorial_dag.py
[2026-03-18T06:33:19.423+0000] {logging_mixin.py:190} INFO - [2026-03-18T06:33:19.422+0000] {dag.py:3239} INFO - Sync 1 DAGs
[2026-03-18T06:33:19.432+0000] {logging_mixin.py:190} INFO - [2026-03-18T06:33:19.431+0000] {dag.py:4180} INFO - Setting next_dagrun for tutorial_dag to None, run_after=None
[2026-03-18T06:33:19.488+0000] {processor.py:208} INFO - Processing /home/komal/data-engineering-projects/airflow-spark-pipeline/airflow_venv/lib/python3.11/site-packages/airflow/example_dags/tutorial_dag.py took 0.118 seconds
[2026-03-18T06:34:26.809+0000] {processor.py:186} INFO - Started process (PID=28082) to work on /home/komal/data-engineering-projects/airflow-spark-pipeline/airflow_venv/lib/python3.11/site-packages/airflow/example_dags/tutorial_dag.py
[2026-03-18T06:34:26.816+0000] {processor.py:914} INFO - Processing file /home/komal/data-engineering-projects/airflow-spark-pipeline/airflow_venv/lib/python3.11/site-packages/airflow/example_dags/tutorial_dag.py for tasks to queue
[2026-03-18T06:34:26.817+0000] {logging_mixin.py:190} INFO - [2026-03-18T06:34:26.817+0000] {dagbag.py:588} INFO - Filling up the DagBag from /home/komal/data-engineering-projects/airflow-spark-pipeline/airflow_venv/lib/python3.11/site-packages/airflow/example_dags/tutorial_dag.py
[2026-03-18T06:34:26.826+0000] {processor.py:925} INFO - DAG(s) 'tutorial_dag' retrieved from /home/komal/data-engineering-projects/airflow-spark-pipeline/airflow_venv/lib/python3.11/site-packages/airflow/example_dags/tutorial_dag.py
[2026-03-18T06:34:26.909+0000] {logging_mixin.py:190} INFO - [2026-03-18T06:34:26.909+0000] {dag.py:3239} INFO - Sync 1 DAGs
[2026-03-18T06:34:26.931+0000] {logging_mixin.py:190} INFO - [2026-03-18T06:34:26.931+0000] {dag.py:4180} INFO - Setting next_dagrun for tutorial_dag to None, run_after=None
[2026-03-18T06:34:26.952+0000] {processor.py:208} INFO - Processing /home/komal/data-engineering-projects/airflow-spark-pipeline/airflow_venv/lib/python3.11/site-packages/airflow/example_dags/tutorial_dag.py took 0.151 seconds
[2026-03-18T06:35:31.163+0000] {processor.py:186} INFO - Started process (PID=28146) to work on /home/komal/data-engineering-projects/airflow-spark-pipeline/airflow_venv/lib/python3.11/site-packages/airflow/example_dags/tutorial_dag.py
[2026-03-18T06:35:31.195+0000] {processor.py:914} INFO - Processing file /home/komal/data-engineering-projects/airflow-spark-pipeline/airflow_venv/lib/python3.11/site-packages/airflow/example_dags/tutorial_dag.py for tasks to queue
[2026-03-18T06:35:31.198+0000] {logging_mixin.py:190} INFO - [2026-03-18T06:35:31.197+0000] {dagbag.py:588} INFO - Filling up the DagBag from /home/komal/data-engineering-projects/airflow-spark-pipeline/airflow_venv/lib/python3.11/site-packages/airflow/example_dags/tutorial_dag.py
[2026-03-18T06:35:31.211+0000] {processor.py:925} INFO - DAG(s) 'tutorial_dag' retrieved from /home/komal/data-engineering-projects/airflow-spark-pipeline/airflow_venv/lib/python3.11/site-packages/airflow/example_dags/tutorial_dag.py
[2026-03-18T06:35:31.227+0000] {logging_mixin.py:190} INFO - [2026-03-18T06:35:31.226+0000] {dag.py:3239} INFO - Sync 1 DAGs
[2026-03-18T06:35:31.247+0000] {logging_mixin.py:190} INFO - [2026-03-18T06:35:31.247+0000] {dag.py:4180} INFO - Setting next_dagrun for tutorial_dag to None, run_after=None
[2026-03-18T06:35:31.276+0000] {processor.py:208} INFO - Processing /home/komal/data-engineering-projects/airflow-spark-pipeline/airflow_venv/lib/python3.11/site-packages/airflow/example_dags/tutorial_dag.py took 0.119 seconds
[2026-03-18T06:36:39.236+0000] {processor.py:186} INFO - Started process (PID=28219) to work on /home/komal/data-engineering-projects/airflow-spark-pipeline/airflow_venv/lib/python3.11/site-packages/airflow/example_dags/tutorial_dag.py
[2026-03-18T06:36:39.239+0000] {processor.py:914} INFO - Processing file /home/komal/data-engineering-projects/airflow-spark-pipeline/airflow_venv/lib/python3.11/site-packages/airflow/example_dags/tutorial_dag.py for tasks to queue
[2026-03-18T06:36:39.240+0000] {logging_mixin.py:190} INFO - [2026-03-18T06:36:39.240+0000] {dagbag.py:588} INFO - Filling up the DagBag from /home/komal/data-engineering-projects/airflow-spark-pipeline/airflow_venv/lib/python3.11/site-packages/airflow/example_dags/tutorial_dag.py
[2026-03-18T06:36:39.248+0000] {processor.py:925} INFO - DAG(s) 'tutorial_dag' retrieved from /home/komal/data-engineering-projects/airflow-spark-pipeline/airflow_venv/lib/python3.11/site-packages/airflow/example_dags/tutorial_dag.py
[2026-03-18T06:36:39.266+0000] {logging_mixin.py:190} INFO - [2026-03-18T06:36:39.266+0000] {dag.py:3239} INFO - Sync 1 DAGs
[2026-03-18T06:36:39.273+0000] {logging_mixin.py:190} INFO - [2026-03-18T06:36:39.273+0000] {dag.py:4180} INFO - Setting next_dagrun for tutorial_dag to None, run_after=None
[2026-03-18T06:36:39.295+0000] {processor.py:208} INFO - Processing /home/komal/data-engineering-projects/airflow-spark-pipeline/airflow_venv/lib/python3.11/site-packages/airflow/example_dags/tutorial_dag.py took 0.063 seconds
[2026-03-18T06:37:42.509+0000] {processor.py:186} INFO - Started process (PID=28293) to work on /home/komal/data-engineering-projects/airflow-spark-pipeline/airflow_venv/lib/python3.11/site-packages/airflow/example_dags/tutorial_dag.py
[2026-03-18T06:37:42.541+0000] {processor.py:914} INFO - Processing file /home/komal/data-engineering-projects/airflow-spark-pipeline/airflow_venv/lib/python3.11/site-packages/airflow/example_dags/tutorial_dag.py for tasks to queue
[2026-03-18T06:37:42.543+0000] {logging_mixin.py:190} INFO - [2026-03-18T06:37:42.542+0000] {dagbag.py:588} INFO - Filling up the DagBag from /home/komal/data-engineering-projects/airflow-spark-pipeline/airflow_venv/lib/python3.11/site-packages/airflow/example_dags/tutorial_dag.py
[2026-03-18T06:37:42.556+0000] {processor.py:925} INFO - DAG(s) 'tutorial_dag' retrieved from /home/komal/data-engineering-projects/airflow-spark-pipeline/airflow_venv/lib/python3.11/site-packages/airflow/example_dags/tutorial_dag.py
[2026-03-18T06:37:42.567+0000] {logging_mixin.py:190} INFO - [2026-03-18T06:37:42.567+0000] {dag.py:3239} INFO - Sync 1 DAGs
[2026-03-18T06:37:42.576+0000] {logging_mixin.py:190} INFO - [2026-03-18T06:37:42.575+0000] {dag.py:4180} INFO - Setting next_dagrun for tutorial_dag to None, run_after=None
[2026-03-18T06:37:42.600+0000] {processor.py:208} INFO - Processing /home/komal/data-engineering-projects/airflow-spark-pipeline/airflow_venv/lib/python3.11/site-packages/airflow/example_dags/tutorial_dag.py took 0.099 seconds
[2026-03-18T06:37:59.346+0000] {processor.py:186} INFO - Started process (PID=28313) to work on /home/komal/data-engineering-projects/airflow-spark-pipeline/airflow_venv/lib/python3.11/site-packages/airflow/example_dags/tutorial_dag.py
[2026-03-18T06:37:59.357+0000] {processor.py:914} INFO - Processing file /home/komal/data-engineering-projects/airflow-spark-pipeline/airflow_venv/lib/python3.11/site-packages/airflow/example_dags/tutorial_dag.py for tasks to queue
[2026-03-18T06:37:59.360+0000] {logging_mixin.py:190} INFO - [2026-03-18T06:37:59.359+0000] {dagbag.py:588} INFO - Filling up the DagBag from /home/komal/data-engineering-projects/airflow-spark-pipeline/airflow_venv/lib/python3.11/site-packages/airflow/example_dags/tutorial_dag.py
[2026-03-18T06:37:59.375+0000] {processor.py:925} INFO - DAG(s) 'tutorial_dag' retrieved from /home/komal/data-engineering-projects/airflow-spark-pipeline/airflow_venv/lib/python3.11/site-packages/airflow/example_dags/tutorial_dag.py
[2026-03-18T06:37:59.401+0000] {logging_mixin.py:190} INFO - [2026-03-18T06:37:59.401+0000] {dag.py:3239} INFO - Sync 1 DAGs
[2026-03-18T06:37:59.418+0000] {logging_mixin.py:190} INFO - [2026-03-18T06:37:59.418+0000] {dag.py:4180} INFO - Setting next_dagrun for tutorial_dag to None, run_after=None
[2026-03-18T06:37:59.460+0000] {processor.py:208} INFO - Processing /home/komal/data-engineering-projects/airflow-spark-pipeline/airflow_venv/lib/python3.11/site-packages/airflow/example_dags/tutorial_dag.py took 0.120 seconds
[2026-03-18T06:39:08.195+0000] {processor.py:186} INFO - Started process (PID=28451) to work on /home/komal/data-engineering-projects/airflow-spark-pipeline/airflow_venv/lib/python3.11/site-packages/airflow/example_dags/tutorial_dag.py
[2026-03-18T06:39:08.207+0000] {processor.py:914} INFO - Processing file /home/komal/data-engineering-projects/airflow-spark-pipeline/airflow_venv/lib/python3.11/site-packages/airflow/example_dags/tutorial_dag.py for tasks to queue
[2026-03-18T06:39:08.212+0000] {logging_mixin.py:190} INFO - [2026-03-18T06:39:08.211+0000] {dagbag.py:588} INFO - Filling up the DagBag from /home/komal/data-engineering-projects/airflow-spark-pipeline/airflow_venv/lib/python3.11/site-packages/airflow/example_dags/tutorial_dag.py
[2026-03-18T06:39:08.228+0000] {processor.py:925} INFO - DAG(s) 'tutorial_dag' retrieved from /home/komal/data-engineering-projects/airflow-spark-pipeline/airflow_venv/lib/python3.11/site-packages/airflow/example_dags/tutorial_dag.py
[2026-03-18T06:39:08.254+0000] {logging_mixin.py:190} INFO - [2026-03-18T06:39:08.254+0000] {dag.py:3239} INFO - Sync 1 DAGs
[2026-03-18T06:39:08.265+0000] {logging_mixin.py:190} INFO - [2026-03-18T06:39:08.265+0000] {dag.py:4180} INFO - Setting next_dagrun for tutorial_dag to None, run_after=None
[2026-03-18T06:39:08.335+0000] {processor.py:208} INFO - Processing /home/komal/data-engineering-projects/airflow-spark-pipeline/airflow_venv/lib/python3.11/site-packages/airflow/example_dags/tutorial_dag.py took 0.150 seconds
[2026-03-18T06:39:49.125+0000] {processor.py:186} INFO - Started process (PID=28497) to work on /home/komal/data-engineering-projects/airflow-spark-pipeline/airflow_venv/lib/python3.11/site-packages/airflow/example_dags/tutorial_dag.py
[2026-03-18T06:39:49.156+0000] {processor.py:914} INFO - Processing file /home/komal/data-engineering-projects/airflow-spark-pipeline/airflow_venv/lib/python3.11/site-packages/airflow/example_dags/tutorial_dag.py for tasks to queue
[2026-03-18T06:39:49.161+0000] {logging_mixin.py:190} INFO - [2026-03-18T06:39:49.160+0000] {dagbag.py:588} INFO - Filling up the DagBag from /home/komal/data-engineering-projects/airflow-spark-pipeline/airflow_venv/lib/python3.11/site-packages/airflow/example_dags/tutorial_dag.py
[2026-03-18T06:39:49.169+0000] {processor.py:925} INFO - DAG(s) 'tutorial_dag' retrieved from /home/komal/data-engineering-projects/airflow-spark-pipeline/airflow_venv/lib/python3.11/site-packages/airflow/example_dags/tutorial_dag.py
[2026-03-18T06:39:49.179+0000] {logging_mixin.py:190} INFO - [2026-03-18T06:39:49.179+0000] {dag.py:3239} INFO - Sync 1 DAGs
[2026-03-18T06:39:49.186+0000] {logging_mixin.py:190} INFO - [2026-03-18T06:39:49.186+0000] {dag.py:4180} INFO - Setting next_dagrun for tutorial_dag to None, run_after=None
[2026-03-18T06:39:49.208+0000] {processor.py:208} INFO - Processing /home/komal/data-engineering-projects/airflow-spark-pipeline/airflow_venv/lib/python3.11/site-packages/airflow/example_dags/tutorial_dag.py took 0.091 seconds
[2026-03-18T06:40:54.818+0000] {processor.py:186} INFO - Started process (PID=28563) to work on /home/komal/data-engineering-projects/airflow-spark-pipeline/airflow_venv/lib/python3.11/site-packages/airflow/example_dags/tutorial_dag.py
[2026-03-18T06:40:54.825+0000] {processor.py:914} INFO - Processing file /home/komal/data-engineering-projects/airflow-spark-pipeline/airflow_venv/lib/python3.11/site-packages/airflow/example_dags/tutorial_dag.py for tasks to queue
[2026-03-18T06:40:54.828+0000] {logging_mixin.py:190} INFO - [2026-03-18T06:40:54.828+0000] {dagbag.py:588} INFO - Filling up the DagBag from /home/komal/data-engineering-projects/airflow-spark-pipeline/airflow_venv/lib/python3.11/site-packages/airflow/example_dags/tutorial_dag.py
[2026-03-18T06:40:54.838+0000] {processor.py:925} INFO - DAG(s) 'tutorial_dag' retrieved from /home/komal/data-engineering-projects/airflow-spark-pipeline/airflow_venv/lib/python3.11/site-packages/airflow/example_dags/tutorial_dag.py
[2026-03-18T06:40:54.848+0000] {logging_mixin.py:190} INFO - [2026-03-18T06:40:54.848+0000] {dag.py:3239} INFO - Sync 1 DAGs
[2026-03-18T06:40:54.859+0000] {logging_mixin.py:190} INFO - [2026-03-18T06:40:54.859+0000] {dag.py:4180} INFO - Setting next_dagrun for tutorial_dag to None, run_after=None
[2026-03-18T06:40:54.895+0000] {processor.py:208} INFO - Processing /home/komal/data-engineering-projects/airflow-spark-pipeline/airflow_venv/lib/python3.11/site-packages/airflow/example_dags/tutorial_dag.py took 0.086 seconds
[2026-03-18T06:42:07.165+0000] {processor.py:186} INFO - Started process (PID=28712) to work on /home/komal/data-engineering-projects/airflow-spark-pipeline/airflow_venv/lib/python3.11/site-packages/airflow/example_dags/tutorial_dag.py
[2026-03-18T06:42:07.172+0000] {processor.py:914} INFO - Processing file /home/komal/data-engineering-projects/airflow-spark-pipeline/airflow_venv/lib/python3.11/site-packages/airflow/example_dags/tutorial_dag.py for tasks to queue
[2026-03-18T06:42:07.176+0000] {logging_mixin.py:190} INFO - [2026-03-18T06:42:07.175+0000] {dagbag.py:588} INFO - Filling up the DagBag from /home/komal/data-engineering-projects/airflow-spark-pipeline/airflow_venv/lib/python3.11/site-packages/airflow/example_dags/tutorial_dag.py
[2026-03-18T06:42:07.186+0000] {processor.py:925} INFO - DAG(s) 'tutorial_dag' retrieved from /home/komal/data-engineering-projects/airflow-spark-pipeline/airflow_venv/lib/python3.11/site-packages/airflow/example_dags/tutorial_dag.py
[2026-03-18T06:42:07.204+0000] {logging_mixin.py:190} INFO - [2026-03-18T06:42:07.203+0000] {dag.py:3239} INFO - Sync 1 DAGs
[2026-03-18T06:42:07.216+0000] {logging_mixin.py:190} INFO - [2026-03-18T06:42:07.216+0000] {dag.py:4180} INFO - Setting next_dagrun for tutorial_dag to None, run_after=None
[2026-03-18T06:42:07.244+0000] {processor.py:208} INFO - Processing /home/komal/data-engineering-projects/airflow-spark-pipeline/airflow_venv/lib/python3.11/site-packages/airflow/example_dags/tutorial_dag.py took 0.089 seconds
[2026-03-18T06:42:47.209+0000] {processor.py:186} INFO - Started process (PID=28752) to work on /home/komal/data-engineering-projects/airflow-spark-pipeline/airflow_venv/lib/python3.11/site-packages/airflow/example_dags/tutorial_dag.py
[2026-03-18T06:42:47.214+0000] {processor.py:914} INFO - Processing file /home/komal/data-engineering-projects/airflow-spark-pipeline/airflow_venv/lib/python3.11/site-packages/airflow/example_dags/tutorial_dag.py for tasks to queue
[2026-03-18T06:42:47.216+0000] {logging_mixin.py:190} INFO - [2026-03-18T06:42:47.215+0000] {dagbag.py:588} INFO - Filling up the DagBag from /home/komal/data-engineering-projects/airflow-spark-pipeline/airflow_venv/lib/python3.11/site-packages/airflow/example_dags/tutorial_dag.py
[2026-03-18T06:42:47.221+0000] {processor.py:925} INFO - DAG(s) 'tutorial_dag' retrieved from /home/komal/data-engineering-projects/airflow-spark-pipeline/airflow_venv/lib/python3.11/site-packages/airflow/example_dags/tutorial_dag.py
[2026-03-18T06:42:47.240+0000] {logging_mixin.py:190} INFO - [2026-03-18T06:42:47.240+0000] {dag.py:3239} INFO - Sync 1 DAGs
[2026-03-18T06:42:47.355+0000] {logging_mixin.py:190} INFO - [2026-03-18T06:42:47.355+0000] {dag.py:4180} INFO - Setting next_dagrun for tutorial_dag to None, run_after=None
[2026-03-18T06:42:47.422+0000] {processor.py:208} INFO - Processing /home/komal/data-engineering-projects/airflow-spark-pipeline/airflow_venv/lib/python3.11/site-packages/airflow/example_dags/tutorial_dag.py took 0.221 seconds
[2026-03-18T06:43:25.019+0000] {processor.py:186} INFO - Started process (PID=28790) to work on /home/komal/data-engineering-projects/airflow-spark-pipeline/airflow_venv/lib/python3.11/site-packages/airflow/example_dags/tutorial_dag.py
[2026-03-18T06:43:25.051+0000] {processor.py:914} INFO - Processing file /home/komal/data-engineering-projects/airflow-spark-pipeline/airflow_venv/lib/python3.11/site-packages/airflow/example_dags/tutorial_dag.py for tasks to queue
[2026-03-18T06:43:25.054+0000] {logging_mixin.py:190} INFO - [2026-03-18T06:43:25.053+0000] {dagbag.py:588} INFO - Filling up the DagBag from /home/komal/data-engineering-projects/airflow-spark-pipeline/airflow_venv/lib/python3.11/site-packages/airflow/example_dags/tutorial_dag.py
[2026-03-18T06:43:25.185+0000] {processor.py:925} INFO - DAG(s) 'tutorial_dag' retrieved from /home/komal/data-engineering-projects/airflow-spark-pipeline/airflow_venv/lib/python3.11/site-packages/airflow/example_dags/tutorial_dag.py
[2026-03-18T06:43:25.198+0000] {logging_mixin.py:190} INFO - [2026-03-18T06:43:25.198+0000] {dag.py:3239} INFO - Sync 1 DAGs
[2026-03-18T06:43:25.204+0000] {logging_mixin.py:190} INFO - [2026-03-18T06:43:25.204+0000] {dag.py:4180} INFO - Setting next_dagrun for tutorial_dag to None, run_after=None
[2026-03-18T06:43:25.221+0000] {processor.py:208} INFO - Processing /home/komal/data-engineering-projects/airflow-spark-pipeline/airflow_venv/lib/python3.11/site-packages/airflow/example_dags/tutorial_dag.py took 0.211 seconds
[2026-03-18T06:44:08.327+0000] {processor.py:186} INFO - Started process (PID=28904) to work on /home/komal/data-engineering-projects/airflow-spark-pipeline/airflow_venv/lib/python3.11/site-packages/airflow/example_dags/tutorial_dag.py
[2026-03-18T06:44:08.330+0000] {processor.py:914} INFO - Processing file /home/komal/data-engineering-projects/airflow-spark-pipeline/airflow_venv/lib/python3.11/site-packages/airflow/example_dags/tutorial_dag.py for tasks to queue
[2026-03-18T06:44:08.332+0000] {logging_mixin.py:190} INFO - [2026-03-18T06:44:08.331+0000] {dagbag.py:588} INFO - Filling up the DagBag from /home/komal/data-engineering-projects/airflow-spark-pipeline/airflow_venv/lib/python3.11/site-packages/airflow/example_dags/tutorial_dag.py
[2026-03-18T06:44:08.337+0000] {processor.py:925} INFO - DAG(s) 'tutorial_dag' retrieved from /home/komal/data-engineering-projects/airflow-spark-pipeline/airflow_venv/lib/python3.11/site-packages/airflow/example_dags/tutorial_dag.py
[2026-03-18T06:44:08.348+0000] {logging_mixin.py:190} INFO - [2026-03-18T06:44:08.348+0000] {dag.py:3239} INFO - Sync 1 DAGs
[2026-03-18T06:44:08.355+0000] {logging_mixin.py:190} INFO - [2026-03-18T06:44:08.355+0000] {dag.py:4180} INFO - Setting next_dagrun for tutorial_dag to None, run_after=None
[2026-03-18T06:44:08.377+0000] {processor.py:208} INFO - Processing /home/komal/data-engineering-projects/airflow-spark-pipeline/airflow_venv/lib/python3.11/site-packages/airflow/example_dags/tutorial_dag.py took 0.057 seconds
[2026-03-18T06:44:49.851+0000] {processor.py:186} INFO - Started process (PID=28942) to work on /home/komal/data-engineering-projects/airflow-spark-pipeline/airflow_venv/lib/python3.11/site-packages/airflow/example_dags/tutorial_dag.py
[2026-03-18T06:44:49.883+0000] {processor.py:914} INFO - Processing file /home/komal/data-engineering-projects/airflow-spark-pipeline/airflow_venv/lib/python3.11/site-packages/airflow/example_dags/tutorial_dag.py for tasks to queue
[2026-03-18T06:44:49.887+0000] {logging_mixin.py:190} INFO - [2026-03-18T06:44:49.886+0000] {dagbag.py:588} INFO - Filling up the DagBag from /home/komal/data-engineering-projects/airflow-spark-pipeline/airflow_venv/lib/python3.11/site-packages/airflow/example_dags/tutorial_dag.py
[2026-03-18T06:44:49.898+0000] {processor.py:925} INFO - DAG(s) 'tutorial_dag' retrieved from /home/komal/data-engineering-projects/airflow-spark-pipeline/airflow_venv/lib/python3.11/site-packages/airflow/example_dags/tutorial_dag.py
[2026-03-18T06:44:49.913+0000] {logging_mixin.py:190} INFO - [2026-03-18T06:44:49.913+0000] {dag.py:3239} INFO - Sync 1 DAGs
[2026-03-18T06:44:49.922+0000] {logging_mixin.py:190} INFO - [2026-03-18T06:44:49.922+0000] {dag.py:4180} INFO - Setting next_dagrun for tutorial_dag to None, run_after=None
[2026-03-18T06:44:50.006+0000] {processor.py:208} INFO - Processing /home/komal/data-engineering-projects/airflow-spark-pipeline/airflow_venv/lib/python3.11/site-packages/airflow/example_dags/tutorial_dag.py took 0.163 seconds
[2026-03-18T06:45:19.364+0000] {processor.py:186} INFO - Started process (PID=28983) to work on /home/komal/data-engineering-projects/airflow-spark-pipeline/airflow_venv/lib/python3.11/site-packages/airflow/example_dags/tutorial_dag.py
[2026-03-18T06:45:19.400+0000] {processor.py:914} INFO - Processing file /home/komal/data-engineering-projects/airflow-spark-pipeline/airflow_venv/lib/python3.11/site-packages/airflow/example_dags/tutorial_dag.py for tasks to queue
[2026-03-18T06:45:19.405+0000] {logging_mixin.py:190} INFO - [2026-03-18T06:45:19.404+0000] {dagbag.py:588} INFO - Filling up the DagBag from /home/komal/data-engineering-projects/airflow-spark-pipeline/airflow_venv/lib/python3.11/site-packages/airflow/example_dags/tutorial_dag.py
[2026-03-18T06:45:19.420+0000] {processor.py:925} INFO - DAG(s) 'tutorial_dag' retrieved from /home/komal/data-engineering-projects/airflow-spark-pipeline/airflow_venv/lib/python3.11/site-packages/airflow/example_dags/tutorial_dag.py
[2026-03-18T06:45:19.447+0000] {logging_mixin.py:190} INFO - [2026-03-18T06:45:19.446+0000] {dag.py:3239} INFO - Sync 1 DAGs
[2026-03-18T06:45:19.468+0000] {logging_mixin.py:190} INFO - [2026-03-18T06:45:19.468+0000] {dag.py:4180} INFO - Setting next_dagrun for tutorial_dag to None, run_after=None
[2026-03-18T06:45:19.494+0000] {processor.py:208} INFO - Processing /home/komal/data-engineering-projects/airflow-spark-pipeline/airflow_venv/lib/python3.11/site-packages/airflow/example_dags/tutorial_dag.py took 0.135 seconds
[2026-03-18T06:46:31.424+0000] {processor.py:186} INFO - Started process (PID=29415) to work on /home/komal/data-engineering-projects/airflow-spark-pipeline/airflow_venv/lib/python3.11/site-packages/airflow/example_dags/tutorial_dag.py
[2026-03-18T06:46:31.456+0000] {processor.py:914} INFO - Processing file /home/komal/data-engineering-projects/airflow-spark-pipeline/airflow_venv/lib/python3.11/site-packages/airflow/example_dags/tutorial_dag.py for tasks to queue
[2026-03-18T06:46:31.461+0000] {logging_mixin.py:190} INFO - [2026-03-18T06:46:31.460+0000] {dagbag.py:588} INFO - Filling up the DagBag from /home/komal/data-engineering-projects/airflow-spark-pipeline/airflow_venv/lib/python3.11/site-packages/airflow/example_dags/tutorial_dag.py
[2026-03-18T06:46:31.469+0000] {processor.py:925} INFO - DAG(s) 'tutorial_dag' retrieved from /home/komal/data-engineering-projects/airflow-spark-pipeline/airflow_venv/lib/python3.11/site-packages/airflow/example_dags/tutorial_dag.py
[2026-03-18T06:46:31.481+0000] {logging_mixin.py:190} INFO - [2026-03-18T06:46:31.481+0000] {dag.py:3239} INFO - Sync 1 DAGs
[2026-03-18T06:46:31.491+0000] {logging_mixin.py:190} INFO - [2026-03-18T06:46:31.490+0000] {dag.py:4180} INFO - Setting next_dagrun for tutorial_dag to None, run_after=None
[2026-03-18T06:46:31.515+0000] {processor.py:208} INFO - Processing /home/komal/data-engineering-projects/airflow-spark-pipeline/airflow_venv/lib/python3.11/site-packages/airflow/example_dags/tutorial_dag.py took 0.097 seconds
[2026-03-18T06:47:09.401+0000] {processor.py:186} INFO - Started process (PID=29454) to work on /home/komal/data-engineering-projects/airflow-spark-pipeline/airflow_venv/lib/python3.11/site-packages/airflow/example_dags/tutorial_dag.py
[2026-03-18T06:47:09.404+0000] {processor.py:914} INFO - Processing file /home/komal/data-engineering-projects/airflow-spark-pipeline/airflow_venv/lib/python3.11/site-packages/airflow/example_dags/tutorial_dag.py for tasks to queue
[2026-03-18T06:47:09.406+0000] {logging_mixin.py:190} INFO - [2026-03-18T06:47:09.405+0000] {dagbag.py:588} INFO - Filling up the DagBag from /home/komal/data-engineering-projects/airflow-spark-pipeline/airflow_venv/lib/python3.11/site-packages/airflow/example_dags/tutorial_dag.py
[2026-03-18T06:47:09.412+0000] {processor.py:925} INFO - DAG(s) 'tutorial_dag' retrieved from /home/komal/data-engineering-projects/airflow-spark-pipeline/airflow_venv/lib/python3.11/site-packages/airflow/example_dags/tutorial_dag.py
[2026-03-18T06:47:09.425+0000] {logging_mixin.py:190} INFO - [2026-03-18T06:47:09.425+0000] {dag.py:3239} INFO - Sync 1 DAGs
[2026-03-18T06:47:09.438+0000] {logging_mixin.py:190} INFO - [2026-03-18T06:47:09.438+0000] {dag.py:4180} INFO - Setting next_dagrun for tutorial_dag to None, run_after=None
[2026-03-18T06:47:09.463+0000] {processor.py:208} INFO - Processing /home/komal/data-engineering-projects/airflow-spark-pipeline/airflow_venv/lib/python3.11/site-packages/airflow/example_dags/tutorial_dag.py took 0.068 seconds
[2026-03-18T06:48:25.797+0000] {processor.py:186} INFO - Started process (PID=29608) to work on /home/komal/data-engineering-projects/airflow-spark-pipeline/airflow_venv/lib/python3.11/site-packages/airflow/example_dags/tutorial_dag.py
[2026-03-18T06:48:25.829+0000] {processor.py:914} INFO - Processing file /home/komal/data-engineering-projects/airflow-spark-pipeline/airflow_venv/lib/python3.11/site-packages/airflow/example_dags/tutorial_dag.py for tasks to queue
[2026-03-18T06:48:25.832+0000] {logging_mixin.py:190} INFO - [2026-03-18T06:48:25.831+0000] {dagbag.py:588} INFO - Filling up the DagBag from /home/komal/data-engineering-projects/airflow-spark-pipeline/airflow_venv/lib/python3.11/site-packages/airflow/example_dags/tutorial_dag.py
[2026-03-18T06:48:25.845+0000] {processor.py:925} INFO - DAG(s) 'tutorial_dag' retrieved from /home/komal/data-engineering-projects/airflow-spark-pipeline/airflow_venv/lib/python3.11/site-packages/airflow/example_dags/tutorial_dag.py
[2026-03-18T06:48:25.876+0000] {logging_mixin.py:190} INFO - [2026-03-18T06:48:25.875+0000] {dag.py:3239} INFO - Sync 1 DAGs
[2026-03-18T06:48:25.887+0000] {logging_mixin.py:190} INFO - [2026-03-18T06:48:25.887+0000] {dag.py:4180} INFO - Setting next_dagrun for tutorial_dag to None, run_after=None
[2026-03-18T06:48:25.910+0000] {processor.py:208} INFO - Processing /home/komal/data-engineering-projects/airflow-spark-pipeline/airflow_venv/lib/python3.11/site-packages/airflow/example_dags/tutorial_dag.py took 0.118 seconds
[2026-03-18T06:49:07.812+0000] {processor.py:186} INFO - Started process (PID=29646) to work on /home/komal/data-engineering-projects/airflow-spark-pipeline/airflow_venv/lib/python3.11/site-packages/airflow/example_dags/tutorial_dag.py
[2026-03-18T06:49:07.816+0000] {processor.py:914} INFO - Processing file /home/komal/data-engineering-projects/airflow-spark-pipeline/airflow_venv/lib/python3.11/site-packages/airflow/example_dags/tutorial_dag.py for tasks to queue
[2026-03-18T06:49:07.819+0000] {logging_mixin.py:190} INFO - [2026-03-18T06:49:07.818+0000] {dagbag.py:588} INFO - Filling up the DagBag from /home/komal/data-engineering-projects/airflow-spark-pipeline/airflow_venv/lib/python3.11/site-packages/airflow/example_dags/tutorial_dag.py
[2026-03-18T06:49:07.830+0000] {processor.py:925} INFO - DAG(s) 'tutorial_dag' retrieved from /home/komal/data-engineering-projects/airflow-spark-pipeline/airflow_venv/lib/python3.11/site-packages/airflow/example_dags/tutorial_dag.py
[2026-03-18T06:49:07.845+0000] {logging_mixin.py:190} INFO - [2026-03-18T06:49:07.845+0000] {dag.py:3239} INFO - Sync 1 DAGs
[2026-03-18T06:49:07.857+0000] {logging_mixin.py:190} INFO - [2026-03-18T06:49:07.857+0000] {dag.py:4180} INFO - Setting next_dagrun for tutorial_dag to None, run_after=None
[2026-03-18T06:49:07.877+0000] {processor.py:208} INFO - Processing /home/komal/data-engineering-projects/airflow-spark-pipeline/airflow_venv/lib/python3.11/site-packages/airflow/example_dags/tutorial_dag.py took 0.075 seconds
[2026-03-18T06:50:21.726+0000] {processor.py:186} INFO - Started process (PID=29795) to work on /home/komal/data-engineering-projects/airflow-spark-pipeline/airflow_venv/lib/python3.11/site-packages/airflow/example_dags/tutorial_dag.py
[2026-03-18T06:50:21.749+0000] {processor.py:914} INFO - Processing file /home/komal/data-engineering-projects/airflow-spark-pipeline/airflow_venv/lib/python3.11/site-packages/airflow/example_dags/tutorial_dag.py for tasks to queue
[2026-03-18T06:50:21.753+0000] {logging_mixin.py:190} INFO - [2026-03-18T06:50:21.752+0000] {dagbag.py:588} INFO - Filling up the DagBag from /home/komal/data-engineering-projects/airflow-spark-pipeline/airflow_venv/lib/python3.11/site-packages/airflow/example_dags/tutorial_dag.py
[2026-03-18T06:50:21.764+0000] {processor.py:925} INFO - DAG(s) 'tutorial_dag' retrieved from /home/komal/data-engineering-projects/airflow-spark-pipeline/airflow_venv/lib/python3.11/site-packages/airflow/example_dags/tutorial_dag.py
[2026-03-18T06:50:21.776+0000] {logging_mixin.py:190} INFO - [2026-03-18T06:50:21.776+0000] {dag.py:3239} INFO - Sync 1 DAGs
[2026-03-18T06:50:21.871+0000] {logging_mixin.py:190} INFO - [2026-03-18T06:50:21.870+0000] {dag.py:4180} INFO - Setting next_dagrun for tutorial_dag to None, run_after=None
[2026-03-18T06:50:21.930+0000] {processor.py:208} INFO - Processing /home/komal/data-engineering-projects/airflow-spark-pipeline/airflow_venv/lib/python3.11/site-packages/airflow/example_dags/tutorial_dag.py took 0.209 seconds
[2026-03-18T06:51:00.429+0000] {processor.py:186} INFO - Started process (PID=29830) to work on /home/komal/data-engineering-projects/airflow-spark-pipeline/airflow_venv/lib/python3.11/site-packages/airflow/example_dags/tutorial_dag.py
[2026-03-18T06:51:00.461+0000] {processor.py:914} INFO - Processing file /home/komal/data-engineering-projects/airflow-spark-pipeline/airflow_venv/lib/python3.11/site-packages/airflow/example_dags/tutorial_dag.py for tasks to queue
[2026-03-18T06:51:00.464+0000] {logging_mixin.py:190} INFO - [2026-03-18T06:51:00.464+0000] {dagbag.py:588} INFO - Filling up the DagBag from /home/komal/data-engineering-projects/airflow-spark-pipeline/airflow_venv/lib/python3.11/site-packages/airflow/example_dags/tutorial_dag.py
[2026-03-18T06:51:00.574+0000] {processor.py:925} INFO - DAG(s) 'tutorial_dag' retrieved from /home/komal/data-engineering-projects/airflow-spark-pipeline/airflow_venv/lib/python3.11/site-packages/airflow/example_dags/tutorial_dag.py
[2026-03-18T06:51:00.583+0000] {logging_mixin.py:190} INFO - [2026-03-18T06:51:00.583+0000] {dag.py:3239} INFO - Sync 1 DAGs
[2026-03-18T06:51:00.590+0000] {logging_mixin.py:190} INFO - [2026-03-18T06:51:00.590+0000] {dag.py:4180} INFO - Setting next_dagrun for tutorial_dag to None, run_after=None
[2026-03-18T06:51:00.652+0000] {processor.py:208} INFO - Processing /home/komal/data-engineering-projects/airflow-spark-pipeline/airflow_venv/lib/python3.11/site-packages/airflow/example_dags/tutorial_dag.py took 0.231 seconds
[2026-03-18T06:51:28.292+0000] {processor.py:186} INFO - Started process (PID=29861) to work on /home/komal/data-engineering-projects/airflow-spark-pipeline/airflow_venv/lib/python3.11/site-packages/airflow/example_dags/tutorial_dag.py
[2026-03-18T06:51:28.294+0000] {processor.py:914} INFO - Processing file /home/komal/data-engineering-projects/airflow-spark-pipeline/airflow_venv/lib/python3.11/site-packages/airflow/example_dags/tutorial_dag.py for tasks to queue
[2026-03-18T06:51:28.296+0000] {logging_mixin.py:190} INFO - [2026-03-18T06:51:28.295+0000] {dagbag.py:588} INFO - Filling up the DagBag from /home/komal/data-engineering-projects/airflow-spark-pipeline/airflow_venv/lib/python3.11/site-packages/airflow/example_dags/tutorial_dag.py
[2026-03-18T06:51:28.306+0000] {processor.py:925} INFO - DAG(s) 'tutorial_dag' retrieved from /home/komal/data-engineering-projects/airflow-spark-pipeline/airflow_venv/lib/python3.11/site-packages/airflow/example_dags/tutorial_dag.py
[2026-03-18T06:51:28.325+0000] {logging_mixin.py:190} INFO - [2026-03-18T06:51:28.325+0000] {dag.py:3239} INFO - Sync 1 DAGs
[2026-03-18T06:51:28.338+0000] {logging_mixin.py:190} INFO - [2026-03-18T06:51:28.338+0000] {dag.py:4180} INFO - Setting next_dagrun for tutorial_dag to None, run_after=None
[2026-03-18T06:51:28.379+0000] {processor.py:208} INFO - Processing /home/komal/data-engineering-projects/airflow-spark-pipeline/airflow_venv/lib/python3.11/site-packages/airflow/example_dags/tutorial_dag.py took 0.092 seconds
[2026-03-18T06:52:37.066+0000] {processor.py:186} INFO - Started process (PID=30001) to work on /home/komal/data-engineering-projects/airflow-spark-pipeline/airflow_venv/lib/python3.11/site-packages/airflow/example_dags/tutorial_dag.py
[2026-03-18T06:52:37.097+0000] {processor.py:914} INFO - Processing file /home/komal/data-engineering-projects/airflow-spark-pipeline/airflow_venv/lib/python3.11/site-packages/airflow/example_dags/tutorial_dag.py for tasks to queue
[2026-03-18T06:52:37.099+0000] {logging_mixin.py:190} INFO - [2026-03-18T06:52:37.099+0000] {dagbag.py:588} INFO - Filling up the DagBag from /home/komal/data-engineering-projects/airflow-spark-pipeline/airflow_venv/lib/python3.11/site-packages/airflow/example_dags/tutorial_dag.py
[2026-03-18T06:52:37.105+0000] {processor.py:925} INFO - DAG(s) 'tutorial_dag' retrieved from /home/komal/data-engineering-projects/airflow-spark-pipeline/airflow_venv/lib/python3.11/site-packages/airflow/example_dags/tutorial_dag.py
[2026-03-18T06:52:37.135+0000] {logging_mixin.py:190} INFO - [2026-03-18T06:52:37.135+0000] {dag.py:3239} INFO - Sync 1 DAGs
[2026-03-18T06:52:37.277+0000] {logging_mixin.py:190} INFO - [2026-03-18T06:52:37.277+0000] {dag.py:4180} INFO - Setting next_dagrun for tutorial_dag to None, run_after=None
[2026-03-18T06:52:37.334+0000] {processor.py:208} INFO - Processing /home/komal/data-engineering-projects/airflow-spark-pipeline/airflow_venv/lib/python3.11/site-packages/airflow/example_dags/tutorial_dag.py took 0.283 seconds
[2026-03-18T06:54:02.433+0000] {processor.py:186} INFO - Started process (PID=30150) to work on /home/komal/data-engineering-projects/airflow-spark-pipeline/airflow_venv/lib/python3.11/site-packages/airflow/example_dags/tutorial_dag.py
[2026-03-18T06:54:02.438+0000] {processor.py:914} INFO - Processing file /home/komal/data-engineering-projects/airflow-spark-pipeline/airflow_venv/lib/python3.11/site-packages/airflow/example_dags/tutorial_dag.py for tasks to queue
[2026-03-18T06:54:02.440+0000] {logging_mixin.py:190} INFO - [2026-03-18T06:54:02.439+0000] {dagbag.py:588} INFO - Filling up the DagBag from /home/komal/data-engineering-projects/airflow-spark-pipeline/airflow_venv/lib/python3.11/site-packages/airflow/example_dags/tutorial_dag.py
[2026-03-18T06:54:02.451+0000] {processor.py:925} INFO - DAG(s) 'tutorial_dag' retrieved from /home/komal/data-engineering-projects/airflow-spark-pipeline/airflow_venv/lib/python3.11/site-packages/airflow/example_dags/tutorial_dag.py
[2026-03-18T06:54:02.470+0000] {logging_mixin.py:190} INFO - [2026-03-18T06:54:02.470+0000] {dag.py:3239} INFO - Sync 1 DAGs
[2026-03-18T06:54:02.479+0000] {logging_mixin.py:190} INFO - [2026-03-18T06:54:02.479+0000] {dag.py:4180} INFO - Setting next_dagrun for tutorial_dag to None, run_after=None
[2026-03-18T06:54:02.659+0000] {processor.py:208} INFO - Processing /home/komal/data-engineering-projects/airflow-spark-pipeline/airflow_venv/lib/python3.11/site-packages/airflow/example_dags/tutorial_dag.py took 0.230 seconds
[2026-03-18T06:54:51.723+0000] {processor.py:186} INFO - Started process (PID=30202) to work on /home/komal/data-engineering-projects/airflow-spark-pipeline/airflow_venv/lib/python3.11/site-packages/airflow/example_dags/tutorial_dag.py
[2026-03-18T06:54:51.755+0000] {processor.py:914} INFO - Processing file /home/komal/data-engineering-projects/airflow-spark-pipeline/airflow_venv/lib/python3.11/site-packages/airflow/example_dags/tutorial_dag.py for tasks to queue
[2026-03-18T06:54:51.759+0000] {logging_mixin.py:190} INFO - [2026-03-18T06:54:51.759+0000] {dagbag.py:588} INFO - Filling up the DagBag from /home/komal/data-engineering-projects/airflow-spark-pipeline/airflow_venv/lib/python3.11/site-packages/airflow/example_dags/tutorial_dag.py
[2026-03-18T06:54:51.773+0000] {processor.py:925} INFO - DAG(s) 'tutorial_dag' retrieved from /home/komal/data-engineering-projects/airflow-spark-pipeline/airflow_venv/lib/python3.11/site-packages/airflow/example_dags/tutorial_dag.py
[2026-03-18T06:54:51.789+0000] {logging_mixin.py:190} INFO - [2026-03-18T06:54:51.788+0000] {dag.py:3239} INFO - Sync 1 DAGs
[2026-03-18T06:54:51.799+0000] {logging_mixin.py:190} INFO - [2026-03-18T06:54:51.798+0000] {dag.py:4180} INFO - Setting next_dagrun for tutorial_dag to None, run_after=None
[2026-03-18T06:54:51.823+0000] {processor.py:208} INFO - Processing /home/komal/data-engineering-projects/airflow-spark-pipeline/airflow_venv/lib/python3.11/site-packages/airflow/example_dags/tutorial_dag.py took 0.109 seconds
[2026-03-18T06:56:05.365+0000] {processor.py:186} INFO - Started process (PID=30352) to work on /home/komal/data-engineering-projects/airflow-spark-pipeline/airflow_venv/lib/python3.11/site-packages/airflow/example_dags/tutorial_dag.py
[2026-03-18T06:56:05.381+0000] {processor.py:914} INFO - Processing file /home/komal/data-engineering-projects/airflow-spark-pipeline/airflow_venv/lib/python3.11/site-packages/airflow/example_dags/tutorial_dag.py for tasks to queue
[2026-03-18T06:56:05.384+0000] {logging_mixin.py:190} INFO - [2026-03-18T06:56:05.384+0000] {dagbag.py:588} INFO - Filling up the DagBag from /home/komal/data-engineering-projects/airflow-spark-pipeline/airflow_venv/lib/python3.11/site-packages/airflow/example_dags/tutorial_dag.py
[2026-03-18T06:56:05.395+0000] {processor.py:925} INFO - DAG(s) 'tutorial_dag' retrieved from /home/komal/data-engineering-projects/airflow-spark-pipeline/airflow_venv/lib/python3.11/site-packages/airflow/example_dags/tutorial_dag.py
[2026-03-18T06:56:05.410+0000] {logging_mixin.py:190} INFO - [2026-03-18T06:56:05.410+0000] {dag.py:3239} INFO - Sync 1 DAGs
[2026-03-18T06:56:05.420+0000] {logging_mixin.py:190} INFO - [2026-03-18T06:56:05.420+0000] {dag.py:4180} INFO - Setting next_dagrun for tutorial_dag to None, run_after=None
[2026-03-18T06:56:05.440+0000] {processor.py:208} INFO - Processing /home/komal/data-engineering-projects/airflow-spark-pipeline/airflow_venv/lib/python3.11/site-packages/airflow/example_dags/tutorial_dag.py took 0.084 seconds
[2026-03-18T06:57:17.345+0000] {processor.py:186} INFO - Started process (PID=30496) to work on /home/komal/data-engineering-projects/airflow-spark-pipeline/airflow_venv/lib/python3.11/site-packages/airflow/example_dags/tutorial_dag.py
[2026-03-18T06:57:17.349+0000] {processor.py:914} INFO - Processing file /home/komal/data-engineering-projects/airflow-spark-pipeline/airflow_venv/lib/python3.11/site-packages/airflow/example_dags/tutorial_dag.py for tasks to queue
[2026-03-18T06:57:17.353+0000] {logging_mixin.py:190} INFO - [2026-03-18T06:57:17.353+0000] {dagbag.py:588} INFO - Filling up the DagBag from /home/komal/data-engineering-projects/airflow-spark-pipeline/airflow_venv/lib/python3.11/site-packages/airflow/example_dags/tutorial_dag.py
[2026-03-18T06:57:17.362+0000] {processor.py:925} INFO - DAG(s) 'tutorial_dag' retrieved from /home/komal/data-engineering-projects/airflow-spark-pipeline/airflow_venv/lib/python3.11/site-packages/airflow/example_dags/tutorial_dag.py
[2026-03-18T06:57:17.374+0000] {logging_mixin.py:190} INFO - [2026-03-18T06:57:17.374+0000] {dag.py:3239} INFO - Sync 1 DAGs
[2026-03-18T06:57:17.383+0000] {logging_mixin.py:190} INFO - [2026-03-18T06:57:17.383+0000] {dag.py:4180} INFO - Setting next_dagrun for tutorial_dag to None, run_after=None
[2026-03-18T06:57:17.401+0000] {processor.py:208} INFO - Processing /home/komal/data-engineering-projects/airflow-spark-pipeline/airflow_venv/lib/python3.11/site-packages/airflow/example_dags/tutorial_dag.py took 0.066 seconds
[2026-03-18T06:57:54.252+0000] {processor.py:186} INFO - Started process (PID=30537) to work on /home/komal/data-engineering-projects/airflow-spark-pipeline/airflow_venv/lib/python3.11/site-packages/airflow/example_dags/tutorial_dag.py
[2026-03-18T06:57:54.284+0000] {processor.py:914} INFO - Processing file /home/komal/data-engineering-projects/airflow-spark-pipeline/airflow_venv/lib/python3.11/site-packages/airflow/example_dags/tutorial_dag.py for tasks to queue
[2026-03-18T06:57:54.289+0000] {logging_mixin.py:190} INFO - [2026-03-18T06:57:54.289+0000] {dagbag.py:588} INFO - Filling up the DagBag from /home/komal/data-engineering-projects/airflow-spark-pipeline/airflow_venv/lib/python3.11/site-packages/airflow/example_dags/tutorial_dag.py
[2026-03-18T06:57:54.304+0000] {processor.py:925} INFO - DAG(s) 'tutorial_dag' retrieved from /home/komal/data-engineering-projects/airflow-spark-pipeline/airflow_venv/lib/python3.11/site-packages/airflow/example_dags/tutorial_dag.py
[2026-03-18T06:57:54.328+0000] {logging_mixin.py:190} INFO - [2026-03-18T06:57:54.328+0000] {dag.py:3239} INFO - Sync 1 DAGs
[2026-03-18T06:57:54.339+0000] {logging_mixin.py:190} INFO - [2026-03-18T06:57:54.339+0000] {dag.py:4180} INFO - Setting next_dagrun for tutorial_dag to None, run_after=None
[2026-03-18T06:57:54.369+0000] {processor.py:208} INFO - Processing /home/komal/data-engineering-projects/airflow-spark-pipeline/airflow_venv/lib/python3.11/site-packages/airflow/example_dags/tutorial_dag.py took 0.125 seconds
[2026-03-18T06:58:40.598+0000] {processor.py:186} INFO - Started process (PID=30649) to work on /home/komal/data-engineering-projects/airflow-spark-pipeline/airflow_venv/lib/python3.11/site-packages/airflow/example_dags/tutorial_dag.py
[2026-03-18T06:58:40.600+0000] {processor.py:914} INFO - Processing file /home/komal/data-engineering-projects/airflow-spark-pipeline/airflow_venv/lib/python3.11/site-packages/airflow/example_dags/tutorial_dag.py for tasks to queue
[2026-03-18T06:58:40.602+0000] {logging_mixin.py:190} INFO - [2026-03-18T06:58:40.602+0000] {dagbag.py:588} INFO - Filling up the DagBag from /home/komal/data-engineering-projects/airflow-spark-pipeline/airflow_venv/lib/python3.11/site-packages/airflow/example_dags/tutorial_dag.py
[2026-03-18T06:58:40.616+0000] {processor.py:925} INFO - DAG(s) 'tutorial_dag' retrieved from /home/komal/data-engineering-projects/airflow-spark-pipeline/airflow_venv/lib/python3.11/site-packages/airflow/example_dags/tutorial_dag.py
[2026-03-18T06:58:40.638+0000] {logging_mixin.py:190} INFO - [2026-03-18T06:58:40.637+0000] {dag.py:3239} INFO - Sync 1 DAGs
[2026-03-18T06:58:40.656+0000] {logging_mixin.py:190} INFO - [2026-03-18T06:58:40.656+0000] {dag.py:4180} INFO - Setting next_dagrun for tutorial_dag to None, run_after=None
[2026-03-18T06:58:40.687+0000] {processor.py:208} INFO - Processing /home/komal/data-engineering-projects/airflow-spark-pipeline/airflow_venv/lib/python3.11/site-packages/airflow/example_dags/tutorial_dag.py took 0.103 seconds
[2026-03-18T06:59:20.767+0000] {processor.py:186} INFO - Started process (PID=30685) to work on /home/komal/data-engineering-projects/airflow-spark-pipeline/airflow_venv/lib/python3.11/site-packages/airflow/example_dags/tutorial_dag.py
[2026-03-18T06:59:20.800+0000] {processor.py:914} INFO - Processing file /home/komal/data-engineering-projects/airflow-spark-pipeline/airflow_venv/lib/python3.11/site-packages/airflow/example_dags/tutorial_dag.py for tasks to queue
[2026-03-18T06:59:20.805+0000] {logging_mixin.py:190} INFO - [2026-03-18T06:59:20.804+0000] {dagbag.py:588} INFO - Filling up the DagBag from /home/komal/data-engineering-projects/airflow-spark-pipeline/airflow_venv/lib/python3.11/site-packages/airflow/example_dags/tutorial_dag.py
[2026-03-18T06:59:20.814+0000] {processor.py:925} INFO - DAG(s) 'tutorial_dag' retrieved from /home/komal/data-engineering-projects/airflow-spark-pipeline/airflow_venv/lib/python3.11/site-packages/airflow/example_dags/tutorial_dag.py
[2026-03-18T06:59:20.830+0000] {logging_mixin.py:190} INFO - [2026-03-18T06:59:20.830+0000] {dag.py:3239} INFO - Sync 1 DAGs
[2026-03-18T06:59:20.846+0000] {logging_mixin.py:190} INFO - [2026-03-18T06:59:20.845+0000] {dag.py:4180} INFO - Setting next_dagrun for tutorial_dag to None, run_after=None
[2026-03-18T06:59:20.892+0000] {processor.py:208} INFO - Processing /home/komal/data-engineering-projects/airflow-spark-pipeline/airflow_venv/lib/python3.11/site-packages/airflow/example_dags/tutorial_dag.py took 0.131 seconds
[2026-03-18T07:00:31.955+0000] {processor.py:186} INFO - Started process (PID=30757) to work on /home/komal/data-engineering-projects/airflow-spark-pipeline/airflow_venv/lib/python3.11/site-packages/airflow/example_dags/tutorial_dag.py
[2026-03-18T07:00:31.988+0000] {processor.py:914} INFO - Processing file /home/komal/data-engineering-projects/airflow-spark-pipeline/airflow_venv/lib/python3.11/site-packages/airflow/example_dags/tutorial_dag.py for tasks to queue
[2026-03-18T07:00:31.992+0000] {logging_mixin.py:190} INFO - [2026-03-18T07:00:31.991+0000] {dagbag.py:588} INFO - Filling up the DagBag from /home/komal/data-engineering-projects/airflow-spark-pipeline/airflow_venv/lib/python3.11/site-packages/airflow/example_dags/tutorial_dag.py
[2026-03-18T07:00:32.002+0000] {processor.py:925} INFO - DAG(s) 'tutorial_dag' retrieved from /home/komal/data-engineering-projects/airflow-spark-pipeline/airflow_venv/lib/python3.11/site-packages/airflow/example_dags/tutorial_dag.py
[2026-03-18T07:00:32.016+0000] {logging_mixin.py:190} INFO - [2026-03-18T07:00:32.015+0000] {dag.py:3239} INFO - Sync 1 DAGs
[2026-03-18T07:00:32.028+0000] {logging_mixin.py:190} INFO - [2026-03-18T07:00:32.028+0000] {dag.py:4180} INFO - Setting next_dagrun for tutorial_dag to None, run_after=None
[2026-03-18T07:00:32.058+0000] {processor.py:208} INFO - Processing /home/komal/data-engineering-projects/airflow-spark-pipeline/airflow_venv/lib/python3.11/site-packages/airflow/example_dags/tutorial_dag.py took 0.112 seconds
[2026-03-18T07:01:13.429+0000] {processor.py:186} INFO - Started process (PID=30868) to work on /home/komal/data-engineering-projects/airflow-spark-pipeline/airflow_venv/lib/python3.11/site-packages/airflow/example_dags/tutorial_dag.py
[2026-03-18T07:01:13.462+0000] {processor.py:914} INFO - Processing file /home/komal/data-engineering-projects/airflow-spark-pipeline/airflow_venv/lib/python3.11/site-packages/airflow/example_dags/tutorial_dag.py for tasks to queue
[2026-03-18T07:01:13.466+0000] {logging_mixin.py:190} INFO - [2026-03-18T07:01:13.465+0000] {dagbag.py:588} INFO - Filling up the DagBag from /home/komal/data-engineering-projects/airflow-spark-pipeline/airflow_venv/lib/python3.11/site-packages/airflow/example_dags/tutorial_dag.py
[2026-03-18T07:01:13.479+0000] {processor.py:925} INFO - DAG(s) 'tutorial_dag' retrieved from /home/komal/data-engineering-projects/airflow-spark-pipeline/airflow_venv/lib/python3.11/site-packages/airflow/example_dags/tutorial_dag.py
[2026-03-18T07:01:13.497+0000] {logging_mixin.py:190} INFO - [2026-03-18T07:01:13.497+0000] {dag.py:3239} INFO - Sync 1 DAGs
[2026-03-18T07:01:13.615+0000] {logging_mixin.py:190} INFO - [2026-03-18T07:01:13.615+0000] {dag.py:4180} INFO - Setting next_dagrun for tutorial_dag to None, run_after=None
[2026-03-18T07:01:13.672+0000] {processor.py:208} INFO - Processing /home/komal/data-engineering-projects/airflow-spark-pipeline/airflow_venv/lib/python3.11/site-packages/airflow/example_dags/tutorial_dag.py took 0.253 seconds
[2026-03-18T07:01:58.002+0000] {processor.py:186} INFO - Started process (PID=30909) to work on /home/komal/data-engineering-projects/airflow-spark-pipeline/airflow_venv/lib/python3.11/site-packages/airflow/example_dags/tutorial_dag.py
[2026-03-18T07:01:58.034+0000] {processor.py:914} INFO - Processing file /home/komal/data-engineering-projects/airflow-spark-pipeline/airflow_venv/lib/python3.11/site-packages/airflow/example_dags/tutorial_dag.py for tasks to queue
[2026-03-18T07:01:58.037+0000] {logging_mixin.py:190} INFO - [2026-03-18T07:01:58.036+0000] {dagbag.py:588} INFO - Filling up the DagBag from /home/komal/data-engineering-projects/airflow-spark-pipeline/airflow_venv/lib/python3.11/site-packages/airflow/example_dags/tutorial_dag.py
[2026-03-18T07:01:58.155+0000] {processor.py:925} INFO - DAG(s) 'tutorial_dag' retrieved from /home/komal/data-engineering-projects/airflow-spark-pipeline/airflow_venv/lib/python3.11/site-packages/airflow/example_dags/tutorial_dag.py
[2026-03-18T07:01:58.169+0000] {logging_mixin.py:190} INFO - [2026-03-18T07:01:58.169+0000] {dag.py:3239} INFO - Sync 1 DAGs
[2026-03-18T07:01:58.182+0000] {logging_mixin.py:190} INFO - [2026-03-18T07:01:58.182+0000] {dag.py:4180} INFO - Setting next_dagrun for tutorial_dag to None, run_after=None
[2026-03-18T07:01:58.237+0000] {processor.py:208} INFO - Processing /home/komal/data-engineering-projects/airflow-spark-pipeline/airflow_venv/lib/python3.11/site-packages/airflow/example_dags/tutorial_dag.py took 0.239 seconds
[2026-03-18T07:02:37.636+0000] {processor.py:186} INFO - Started process (PID=30946) to work on /home/komal/data-engineering-projects/airflow-spark-pipeline/airflow_venv/lib/python3.11/site-packages/airflow/example_dags/tutorial_dag.py
[2026-03-18T07:02:37.669+0000] {processor.py:914} INFO - Processing file /home/komal/data-engineering-projects/airflow-spark-pipeline/airflow_venv/lib/python3.11/site-packages/airflow/example_dags/tutorial_dag.py for tasks to queue
[2026-03-18T07:02:37.674+0000] {logging_mixin.py:190} INFO - [2026-03-18T07:02:37.673+0000] {dagbag.py:588} INFO - Filling up the DagBag from /home/komal/data-engineering-projects/airflow-spark-pipeline/airflow_venv/lib/python3.11/site-packages/airflow/example_dags/tutorial_dag.py
[2026-03-18T07:02:37.687+0000] {processor.py:925} INFO - DAG(s) 'tutorial_dag' retrieved from /home/komal/data-engineering-projects/airflow-spark-pipeline/airflow_venv/lib/python3.11/site-packages/airflow/example_dags/tutorial_dag.py
[2026-03-18T07:02:37.702+0000] {logging_mixin.py:190} INFO - [2026-03-18T07:02:37.702+0000] {dag.py:3239} INFO - Sync 1 DAGs
[2026-03-18T07:02:37.713+0000] {logging_mixin.py:190} INFO - [2026-03-18T07:02:37.713+0000] {dag.py:4180} INFO - Setting next_dagrun for tutorial_dag to None, run_after=None
[2026-03-18T07:02:37.738+0000] {processor.py:208} INFO - Processing /home/komal/data-engineering-projects/airflow-spark-pipeline/airflow_venv/lib/python3.11/site-packages/airflow/example_dags/tutorial_dag.py took 0.110 seconds
[2026-03-18T07:03:45.252+0000] {processor.py:186} INFO - Started process (PID=31067) to work on /home/komal/data-engineering-projects/airflow-spark-pipeline/airflow_venv/lib/python3.11/site-packages/airflow/example_dags/tutorial_dag.py
[2026-03-18T07:03:45.254+0000] {processor.py:914} INFO - Processing file /home/komal/data-engineering-projects/airflow-spark-pipeline/airflow_venv/lib/python3.11/site-packages/airflow/example_dags/tutorial_dag.py for tasks to queue
[2026-03-18T07:03:45.255+0000] {logging_mixin.py:190} INFO - [2026-03-18T07:03:45.254+0000] {dagbag.py:588} INFO - Filling up the DagBag from /home/komal/data-engineering-projects/airflow-spark-pipeline/airflow_venv/lib/python3.11/site-packages/airflow/example_dags/tutorial_dag.py
[2026-03-18T07:03:45.266+0000] {processor.py:925} INFO - DAG(s) 'tutorial_dag' retrieved from /home/komal/data-engineering-projects/airflow-spark-pipeline/airflow_venv/lib/python3.11/site-packages/airflow/example_dags/tutorial_dag.py
[2026-03-18T07:03:45.281+0000] {logging_mixin.py:190} INFO - [2026-03-18T07:03:45.280+0000] {dag.py:3239} INFO - Sync 1 DAGs
[2026-03-18T07:03:45.292+0000] {logging_mixin.py:190} INFO - [2026-03-18T07:03:45.292+0000] {dag.py:4180} INFO - Setting next_dagrun for tutorial_dag to None, run_after=None
[2026-03-18T07:03:45.311+0000] {processor.py:208} INFO - Processing /home/komal/data-engineering-projects/airflow-spark-pipeline/airflow_venv/lib/python3.11/site-packages/airflow/example_dags/tutorial_dag.py took 0.063 seconds
[2026-03-18T07:04:41.926+0000] {processor.py:186} INFO - Started process (PID=31131) to work on /home/komal/data-engineering-projects/airflow-spark-pipeline/airflow_venv/lib/python3.11/site-packages/airflow/example_dags/tutorial_dag.py
[2026-03-18T07:04:41.927+0000] {processor.py:914} INFO - Processing file /home/komal/data-engineering-projects/airflow-spark-pipeline/airflow_venv/lib/python3.11/site-packages/airflow/example_dags/tutorial_dag.py for tasks to queue
[2026-03-18T07:04:41.929+0000] {logging_mixin.py:190} INFO - [2026-03-18T07:04:41.928+0000] {dagbag.py:588} INFO - Filling up the DagBag from /home/komal/data-engineering-projects/airflow-spark-pipeline/airflow_venv/lib/python3.11/site-packages/airflow/example_dags/tutorial_dag.py
[2026-03-18T07:04:41.938+0000] {processor.py:925} INFO - DAG(s) 'tutorial_dag' retrieved from /home/komal/data-engineering-projects/airflow-spark-pipeline/airflow_venv/lib/python3.11/site-packages/airflow/example_dags/tutorial_dag.py
[2026-03-18T07:04:41.951+0000] {logging_mixin.py:190} INFO - [2026-03-18T07:04:41.950+0000] {dag.py:3239} INFO - Sync 1 DAGs
[2026-03-18T07:04:41.960+0000] {logging_mixin.py:190} INFO - [2026-03-18T07:04:41.959+0000] {dag.py:4180} INFO - Setting next_dagrun for tutorial_dag to None, run_after=None
[2026-03-18T07:04:41.997+0000] {processor.py:208} INFO - Processing /home/komal/data-engineering-projects/airflow-spark-pipeline/airflow_venv/lib/python3.11/site-packages/airflow/example_dags/tutorial_dag.py took 0.076 seconds
[2026-03-18T07:05:40.434+0000] {processor.py:186} INFO - Started process (PID=31193) to work on /home/komal/data-engineering-projects/airflow-spark-pipeline/airflow_venv/lib/python3.11/site-packages/airflow/example_dags/tutorial_dag.py
[2026-03-18T07:05:40.435+0000] {processor.py:914} INFO - Processing file /home/komal/data-engineering-projects/airflow-spark-pipeline/airflow_venv/lib/python3.11/site-packages/airflow/example_dags/tutorial_dag.py for tasks to queue
[2026-03-18T07:05:40.436+0000] {logging_mixin.py:190} INFO - [2026-03-18T07:05:40.435+0000] {dagbag.py:588} INFO - Filling up the DagBag from /home/komal/data-engineering-projects/airflow-spark-pipeline/airflow_venv/lib/python3.11/site-packages/airflow/example_dags/tutorial_dag.py
[2026-03-18T07:05:40.448+0000] {processor.py:925} INFO - DAG(s) 'tutorial_dag' retrieved from /home/komal/data-engineering-projects/airflow-spark-pipeline/airflow_venv/lib/python3.11/site-packages/airflow/example_dags/tutorial_dag.py
[2026-03-18T07:05:40.470+0000] {logging_mixin.py:190} INFO - [2026-03-18T07:05:40.469+0000] {dag.py:3239} INFO - Sync 1 DAGs
[2026-03-18T07:05:40.486+0000] {logging_mixin.py:190} INFO - [2026-03-18T07:05:40.486+0000] {dag.py:4180} INFO - Setting next_dagrun for tutorial_dag to None, run_after=None
[2026-03-18T07:05:40.528+0000] {processor.py:208} INFO - Processing /home/komal/data-engineering-projects/airflow-spark-pipeline/airflow_venv/lib/python3.11/site-packages/airflow/example_dags/tutorial_dag.py took 0.099 seconds
[2026-03-18T07:09:09.787+0000] {processor.py:186} INFO - Started process (PID=31227) to work on /home/komal/data-engineering-projects/airflow-spark-pipeline/airflow_venv/lib/python3.11/site-packages/airflow/example_dags/tutorial_dag.py
[2026-03-18T07:09:09.788+0000] {processor.py:914} INFO - Processing file /home/komal/data-engineering-projects/airflow-spark-pipeline/airflow_venv/lib/python3.11/site-packages/airflow/example_dags/tutorial_dag.py for tasks to queue
[2026-03-18T07:09:09.789+0000] {logging_mixin.py:190} INFO - [2026-03-18T07:09:09.789+0000] {dagbag.py:588} INFO - Filling up the DagBag from /home/komal/data-engineering-projects/airflow-spark-pipeline/airflow_venv/lib/python3.11/site-packages/airflow/example_dags/tutorial_dag.py
[2026-03-18T07:09:09.796+0000] {processor.py:925} INFO - DAG(s) 'tutorial_dag' retrieved from /home/komal/data-engineering-projects/airflow-spark-pipeline/airflow_venv/lib/python3.11/site-packages/airflow/example_dags/tutorial_dag.py
[2026-03-18T07:09:09.810+0000] {logging_mixin.py:190} INFO - [2026-03-18T07:09:09.810+0000] {dag.py:3239} INFO - Sync 1 DAGs
[2026-03-18T07:09:09.819+0000] {logging_mixin.py:190} INFO - [2026-03-18T07:09:09.819+0000] {dag.py:4180} INFO - Setting next_dagrun for tutorial_dag to None, run_after=None
[2026-03-18T07:09:09.848+0000] {processor.py:208} INFO - Processing /home/komal/data-engineering-projects/airflow-spark-pipeline/airflow_venv/lib/python3.11/site-packages/airflow/example_dags/tutorial_dag.py took 0.067 seconds
[2026-03-18T07:10:06.050+0000] {processor.py:186} INFO - Started process (PID=31288) to work on /home/komal/data-engineering-projects/airflow-spark-pipeline/airflow_venv/lib/python3.11/site-packages/airflow/example_dags/tutorial_dag.py
[2026-03-18T07:10:06.051+0000] {processor.py:914} INFO - Processing file /home/komal/data-engineering-projects/airflow-spark-pipeline/airflow_venv/lib/python3.11/site-packages/airflow/example_dags/tutorial_dag.py for tasks to queue
[2026-03-18T07:10:06.052+0000] {logging_mixin.py:190} INFO - [2026-03-18T07:10:06.052+0000] {dagbag.py:588} INFO - Filling up the DagBag from /home/komal/data-engineering-projects/airflow-spark-pipeline/airflow_venv/lib/python3.11/site-packages/airflow/example_dags/tutorial_dag.py
[2026-03-18T07:10:06.059+0000] {processor.py:925} INFO - DAG(s) 'tutorial_dag' retrieved from /home/komal/data-engineering-projects/airflow-spark-pipeline/airflow_venv/lib/python3.11/site-packages/airflow/example_dags/tutorial_dag.py
[2026-03-18T07:10:06.069+0000] {logging_mixin.py:190} INFO - [2026-03-18T07:10:06.069+0000] {dag.py:3239} INFO - Sync 1 DAGs
[2026-03-18T07:10:06.078+0000] {logging_mixin.py:190} INFO - [2026-03-18T07:10:06.077+0000] {dag.py:4180} INFO - Setting next_dagrun for tutorial_dag to None, run_after=None
[2026-03-18T07:10:06.137+0000] {processor.py:208} INFO - Processing /home/komal/data-engineering-projects/airflow-spark-pipeline/airflow_venv/lib/python3.11/site-packages/airflow/example_dags/tutorial_dag.py took 0.091 seconds
[2026-03-18T07:11:09.303+0000] {processor.py:186} INFO - Started process (PID=31355) to work on /home/komal/data-engineering-projects/airflow-spark-pipeline/airflow_venv/lib/python3.11/site-packages/airflow/example_dags/tutorial_dag.py
[2026-03-18T07:11:09.335+0000] {processor.py:914} INFO - Processing file /home/komal/data-engineering-projects/airflow-spark-pipeline/airflow_venv/lib/python3.11/site-packages/airflow/example_dags/tutorial_dag.py for tasks to queue
[2026-03-18T07:11:09.337+0000] {logging_mixin.py:190} INFO - [2026-03-18T07:11:09.336+0000] {dagbag.py:588} INFO - Filling up the DagBag from /home/komal/data-engineering-projects/airflow-spark-pipeline/airflow_venv/lib/python3.11/site-packages/airflow/example_dags/tutorial_dag.py
[2026-03-18T07:11:09.343+0000] {processor.py:925} INFO - DAG(s) 'tutorial_dag' retrieved from /home/komal/data-engineering-projects/airflow-spark-pipeline/airflow_venv/lib/python3.11/site-packages/airflow/example_dags/tutorial_dag.py
[2026-03-18T07:11:09.355+0000] {logging_mixin.py:190} INFO - [2026-03-18T07:11:09.355+0000] {dag.py:3239} INFO - Sync 1 DAGs
[2026-03-18T07:11:09.363+0000] {logging_mixin.py:190} INFO - [2026-03-18T07:11:09.362+0000] {dag.py:4180} INFO - Setting next_dagrun for tutorial_dag to None, run_after=None
[2026-03-18T07:11:09.384+0000] {processor.py:208} INFO - Processing /home/komal/data-engineering-projects/airflow-spark-pipeline/airflow_venv/lib/python3.11/site-packages/airflow/example_dags/tutorial_dag.py took 0.095 seconds
[2026-03-18T07:12:14.709+0000] {processor.py:186} INFO - Started process (PID=31421) to work on /home/komal/data-engineering-projects/airflow-spark-pipeline/airflow_venv/lib/python3.11/site-packages/airflow/example_dags/tutorial_dag.py
[2026-03-18T07:12:14.713+0000] {processor.py:914} INFO - Processing file /home/komal/data-engineering-projects/airflow-spark-pipeline/airflow_venv/lib/python3.11/site-packages/airflow/example_dags/tutorial_dag.py for tasks to queue
[2026-03-18T07:12:14.716+0000] {logging_mixin.py:190} INFO - [2026-03-18T07:12:14.715+0000] {dagbag.py:588} INFO - Filling up the DagBag from /home/komal/data-engineering-projects/airflow-spark-pipeline/airflow_venv/lib/python3.11/site-packages/airflow/example_dags/tutorial_dag.py
[2026-03-18T07:12:14.730+0000] {processor.py:925} INFO - DAG(s) 'tutorial_dag' retrieved from /home/komal/data-engineering-projects/airflow-spark-pipeline/airflow_venv/lib/python3.11/site-packages/airflow/example_dags/tutorial_dag.py
[2026-03-18T07:12:14.752+0000] {logging_mixin.py:190} INFO - [2026-03-18T07:12:14.752+0000] {dag.py:3239} INFO - Sync 1 DAGs
[2026-03-18T07:12:14.764+0000] {logging_mixin.py:190} INFO - [2026-03-18T07:12:14.763+0000] {dag.py:4180} INFO - Setting next_dagrun for tutorial_dag to None, run_after=None
[2026-03-18T07:12:14.790+0000] {processor.py:208} INFO - Processing /home/komal/data-engineering-projects/airflow-spark-pipeline/airflow_venv/lib/python3.11/site-packages/airflow/example_dags/tutorial_dag.py took 0.092 seconds
[2026-03-18T07:13:20.884+0000] {processor.py:186} INFO - Started process (PID=31488) to work on /home/komal/data-engineering-projects/airflow-spark-pipeline/airflow_venv/lib/python3.11/site-packages/airflow/example_dags/tutorial_dag.py
[2026-03-18T07:13:20.915+0000] {processor.py:914} INFO - Processing file /home/komal/data-engineering-projects/airflow-spark-pipeline/airflow_venv/lib/python3.11/site-packages/airflow/example_dags/tutorial_dag.py for tasks to queue
[2026-03-18T07:13:20.917+0000] {logging_mixin.py:190} INFO - [2026-03-18T07:13:20.916+0000] {dagbag.py:588} INFO - Filling up the DagBag from /home/komal/data-engineering-projects/airflow-spark-pipeline/airflow_venv/lib/python3.11/site-packages/airflow/example_dags/tutorial_dag.py
[2026-03-18T07:13:20.926+0000] {processor.py:925} INFO - DAG(s) 'tutorial_dag' retrieved from /home/komal/data-engineering-projects/airflow-spark-pipeline/airflow_venv/lib/python3.11/site-packages/airflow/example_dags/tutorial_dag.py
[2026-03-18T07:13:20.941+0000] {logging_mixin.py:190} INFO - [2026-03-18T07:13:20.940+0000] {dag.py:3239} INFO - Sync 1 DAGs
[2026-03-18T07:13:20.951+0000] {logging_mixin.py:190} INFO - [2026-03-18T07:13:20.951+0000] {dag.py:4180} INFO - Setting next_dagrun for tutorial_dag to None, run_after=None
[2026-03-18T07:13:21.024+0000] {processor.py:208} INFO - Processing /home/komal/data-engineering-projects/airflow-spark-pipeline/airflow_venv/lib/python3.11/site-packages/airflow/example_dags/tutorial_dag.py took 0.145 seconds
[2026-03-18T07:14:30.672+0000] {processor.py:186} INFO - Started process (PID=31553) to work on /home/komal/data-engineering-projects/airflow-spark-pipeline/airflow_venv/lib/python3.11/site-packages/airflow/example_dags/tutorial_dag.py
[2026-03-18T07:14:30.673+0000] {processor.py:914} INFO - Processing file /home/komal/data-engineering-projects/airflow-spark-pipeline/airflow_venv/lib/python3.11/site-packages/airflow/example_dags/tutorial_dag.py for tasks to queue
[2026-03-18T07:14:30.674+0000] {logging_mixin.py:190} INFO - [2026-03-18T07:14:30.674+0000] {dagbag.py:588} INFO - Filling up the DagBag from /home/komal/data-engineering-projects/airflow-spark-pipeline/airflow_venv/lib/python3.11/site-packages/airflow/example_dags/tutorial_dag.py
[2026-03-18T07:14:30.681+0000] {processor.py:925} INFO - DAG(s) 'tutorial_dag' retrieved from /home/komal/data-engineering-projects/airflow-spark-pipeline/airflow_venv/lib/python3.11/site-packages/airflow/example_dags/tutorial_dag.py
[2026-03-18T07:14:30.695+0000] {logging_mixin.py:190} INFO - [2026-03-18T07:14:30.695+0000] {dag.py:3239} INFO - Sync 1 DAGs
[2026-03-18T07:14:30.706+0000] {logging_mixin.py:190} INFO - [2026-03-18T07:14:30.706+0000] {dag.py:4180} INFO - Setting next_dagrun for tutorial_dag to None, run_after=None
[2026-03-18T07:14:30.743+0000] {processor.py:208} INFO - Processing /home/komal/data-engineering-projects/airflow-spark-pipeline/airflow_venv/lib/python3.11/site-packages/airflow/example_dags/tutorial_dag.py took 0.075 seconds
[2026-03-18T07:15:34.987+0000] {processor.py:186} INFO - Started process (PID=31616) to work on /home/komal/data-engineering-projects/airflow-spark-pipeline/airflow_venv/lib/python3.11/site-packages/airflow/example_dags/tutorial_dag.py
[2026-03-18T07:15:35.021+0000] {processor.py:914} INFO - Processing file /home/komal/data-engineering-projects/airflow-spark-pipeline/airflow_venv/lib/python3.11/site-packages/airflow/example_dags/tutorial_dag.py for tasks to queue
[2026-03-18T07:15:35.023+0000] {logging_mixin.py:190} INFO - [2026-03-18T07:15:35.023+0000] {dagbag.py:588} INFO - Filling up the DagBag from /home/komal/data-engineering-projects/airflow-spark-pipeline/airflow_venv/lib/python3.11/site-packages/airflow/example_dags/tutorial_dag.py
[2026-03-18T07:15:35.034+0000] {processor.py:925} INFO - DAG(s) 'tutorial_dag' retrieved from /home/komal/data-engineering-projects/airflow-spark-pipeline/airflow_venv/lib/python3.11/site-packages/airflow/example_dags/tutorial_dag.py
[2026-03-18T07:15:35.047+0000] {logging_mixin.py:190} INFO - [2026-03-18T07:15:35.046+0000] {dag.py:3239} INFO - Sync 1 DAGs
[2026-03-18T07:15:35.056+0000] {logging_mixin.py:190} INFO - [2026-03-18T07:15:35.056+0000] {dag.py:4180} INFO - Setting next_dagrun for tutorial_dag to None, run_after=None
[2026-03-18T07:15:35.087+0000] {processor.py:208} INFO - Processing /home/komal/data-engineering-projects/airflow-spark-pipeline/airflow_venv/lib/python3.11/site-packages/airflow/example_dags/tutorial_dag.py took 0.105 seconds
[2026-03-18T07:16:41.154+0000] {processor.py:186} INFO - Started process (PID=31685) to work on /home/komal/data-engineering-projects/airflow-spark-pipeline/airflow_venv/lib/python3.11/site-packages/airflow/example_dags/tutorial_dag.py
[2026-03-18T07:16:41.187+0000] {processor.py:914} INFO - Processing file /home/komal/data-engineering-projects/airflow-spark-pipeline/airflow_venv/lib/python3.11/site-packages/airflow/example_dags/tutorial_dag.py for tasks to queue
[2026-03-18T07:16:41.190+0000] {logging_mixin.py:190} INFO - [2026-03-18T07:16:41.189+0000] {dagbag.py:588} INFO - Filling up the DagBag from /home/komal/data-engineering-projects/airflow-spark-pipeline/airflow_venv/lib/python3.11/site-packages/airflow/example_dags/tutorial_dag.py
[2026-03-18T07:16:41.201+0000] {processor.py:925} INFO - DAG(s) 'tutorial_dag' retrieved from /home/komal/data-engineering-projects/airflow-spark-pipeline/airflow_venv/lib/python3.11/site-packages/airflow/example_dags/tutorial_dag.py
[2026-03-18T07:16:41.212+0000] {logging_mixin.py:190} INFO - [2026-03-18T07:16:41.212+0000] {dag.py:3239} INFO - Sync 1 DAGs
[2026-03-18T07:16:41.221+0000] {logging_mixin.py:190} INFO - [2026-03-18T07:16:41.221+0000] {dag.py:4180} INFO - Setting next_dagrun for tutorial_dag to None, run_after=None
[2026-03-18T07:16:41.252+0000] {processor.py:208} INFO - Processing /home/komal/data-engineering-projects/airflow-spark-pipeline/airflow_venv/lib/python3.11/site-packages/airflow/example_dags/tutorial_dag.py took 0.109 seconds
[2026-03-18T07:17:46.570+0000] {processor.py:186} INFO - Started process (PID=31764) to work on /home/komal/data-engineering-projects/airflow-spark-pipeline/airflow_venv/lib/python3.11/site-packages/airflow/example_dags/tutorial_dag.py
[2026-03-18T07:17:46.573+0000] {processor.py:914} INFO - Processing file /home/komal/data-engineering-projects/airflow-spark-pipeline/airflow_venv/lib/python3.11/site-packages/airflow/example_dags/tutorial_dag.py for tasks to queue
[2026-03-18T07:17:46.576+0000] {logging_mixin.py:190} INFO - [2026-03-18T07:17:46.575+0000] {dagbag.py:588} INFO - Filling up the DagBag from /home/komal/data-engineering-projects/airflow-spark-pipeline/airflow_venv/lib/python3.11/site-packages/airflow/example_dags/tutorial_dag.py
[2026-03-18T07:17:46.583+0000] {processor.py:925} INFO - DAG(s) 'tutorial_dag' retrieved from /home/komal/data-engineering-projects/airflow-spark-pipeline/airflow_venv/lib/python3.11/site-packages/airflow/example_dags/tutorial_dag.py
[2026-03-18T07:17:46.601+0000] {logging_mixin.py:190} INFO - [2026-03-18T07:17:46.601+0000] {dag.py:3239} INFO - Sync 1 DAGs
[2026-03-18T07:17:46.611+0000] {logging_mixin.py:190} INFO - [2026-03-18T07:17:46.610+0000] {dag.py:4180} INFO - Setting next_dagrun for tutorial_dag to None, run_after=None
[2026-03-18T07:17:46.632+0000] {processor.py:208} INFO - Processing /home/komal/data-engineering-projects/airflow-spark-pipeline/airflow_venv/lib/python3.11/site-packages/airflow/example_dags/tutorial_dag.py took 0.068 seconds
[2026-03-18T07:18:56.406+0000] {processor.py:186} INFO - Started process (PID=32006) to work on /home/komal/data-engineering-projects/airflow-spark-pipeline/airflow_venv/lib/python3.11/site-packages/airflow/example_dags/tutorial_dag.py
[2026-03-18T07:18:56.409+0000] {processor.py:914} INFO - Processing file /home/komal/data-engineering-projects/airflow-spark-pipeline/airflow_venv/lib/python3.11/site-packages/airflow/example_dags/tutorial_dag.py for tasks to queue
[2026-03-18T07:18:56.411+0000] {logging_mixin.py:190} INFO - [2026-03-18T07:18:56.410+0000] {dagbag.py:588} INFO - Filling up the DagBag from /home/komal/data-engineering-projects/airflow-spark-pipeline/airflow_venv/lib/python3.11/site-packages/airflow/example_dags/tutorial_dag.py
[2026-03-18T07:18:56.424+0000] {processor.py:925} INFO - DAG(s) 'tutorial_dag' retrieved from /home/komal/data-engineering-projects/airflow-spark-pipeline/airflow_venv/lib/python3.11/site-packages/airflow/example_dags/tutorial_dag.py
[2026-03-18T07:18:56.443+0000] {logging_mixin.py:190} INFO - [2026-03-18T07:18:56.443+0000] {dag.py:3239} INFO - Sync 1 DAGs
[2026-03-18T07:18:56.459+0000] {logging_mixin.py:190} INFO - [2026-03-18T07:18:56.459+0000] {dag.py:4180} INFO - Setting next_dagrun for tutorial_dag to None, run_after=None
[2026-03-18T07:18:56.490+0000] {processor.py:208} INFO - Processing /home/komal/data-engineering-projects/airflow-spark-pipeline/airflow_venv/lib/python3.11/site-packages/airflow/example_dags/tutorial_dag.py took 0.097 seconds
[2026-03-18T07:20:10.408+0000] {processor.py:186} INFO - Started process (PID=32079) to work on /home/komal/data-engineering-projects/airflow-spark-pipeline/airflow_venv/lib/python3.11/site-packages/airflow/example_dags/tutorial_dag.py
[2026-03-18T07:20:10.440+0000] {processor.py:914} INFO - Processing file /home/komal/data-engineering-projects/airflow-spark-pipeline/airflow_venv/lib/python3.11/site-packages/airflow/example_dags/tutorial_dag.py for tasks to queue
[2026-03-18T07:20:10.443+0000] {logging_mixin.py:190} INFO - [2026-03-18T07:20:10.442+0000] {dagbag.py:588} INFO - Filling up the DagBag from /home/komal/data-engineering-projects/airflow-spark-pipeline/airflow_venv/lib/python3.11/site-packages/airflow/example_dags/tutorial_dag.py
[2026-03-18T07:20:10.458+0000] {processor.py:925} INFO - DAG(s) 'tutorial_dag' retrieved from /home/komal/data-engineering-projects/airflow-spark-pipeline/airflow_venv/lib/python3.11/site-packages/airflow/example_dags/tutorial_dag.py
[2026-03-18T07:20:10.477+0000] {logging_mixin.py:190} INFO - [2026-03-18T07:20:10.476+0000] {dag.py:3239} INFO - Sync 1 DAGs
[2026-03-18T07:20:10.491+0000] {logging_mixin.py:190} INFO - [2026-03-18T07:20:10.491+0000] {dag.py:4180} INFO - Setting next_dagrun for tutorial_dag to None, run_after=None
[2026-03-18T07:20:10.544+0000] {processor.py:208} INFO - Processing /home/komal/data-engineering-projects/airflow-spark-pipeline/airflow_venv/lib/python3.11/site-packages/airflow/example_dags/tutorial_dag.py took 0.144 seconds
[2026-03-18T07:20:49.304+0000] {processor.py:186} INFO - Started process (PID=32114) to work on /home/komal/data-engineering-projects/airflow-spark-pipeline/airflow_venv/lib/python3.11/site-packages/airflow/example_dags/tutorial_dag.py
[2026-03-18T07:20:49.338+0000] {processor.py:914} INFO - Processing file /home/komal/data-engineering-projects/airflow-spark-pipeline/airflow_venv/lib/python3.11/site-packages/airflow/example_dags/tutorial_dag.py for tasks to queue
[2026-03-18T07:20:49.341+0000] {logging_mixin.py:190} INFO - [2026-03-18T07:20:49.340+0000] {dagbag.py:588} INFO - Filling up the DagBag from /home/komal/data-engineering-projects/airflow-spark-pipeline/airflow_venv/lib/python3.11/site-packages/airflow/example_dags/tutorial_dag.py
[2026-03-18T07:20:49.357+0000] {processor.py:925} INFO - DAG(s) 'tutorial_dag' retrieved from /home/komal/data-engineering-projects/airflow-spark-pipeline/airflow_venv/lib/python3.11/site-packages/airflow/example_dags/tutorial_dag.py
[2026-03-18T07:20:49.388+0000] {logging_mixin.py:190} INFO - [2026-03-18T07:20:49.388+0000] {dag.py:3239} INFO - Sync 1 DAGs
[2026-03-18T07:20:49.406+0000] {logging_mixin.py:190} INFO - [2026-03-18T07:20:49.406+0000] {dag.py:4180} INFO - Setting next_dagrun for tutorial_dag to None, run_after=None
[2026-03-18T07:20:49.445+0000] {processor.py:208} INFO - Processing /home/komal/data-engineering-projects/airflow-spark-pipeline/airflow_venv/lib/python3.11/site-packages/airflow/example_dags/tutorial_dag.py took 0.153 seconds
[2026-03-18T07:21:27.863+0000] {processor.py:186} INFO - Started process (PID=32151) to work on /home/komal/data-engineering-projects/airflow-spark-pipeline/airflow_venv/lib/python3.11/site-packages/airflow/example_dags/tutorial_dag.py
[2026-03-18T07:21:27.898+0000] {processor.py:914} INFO - Processing file /home/komal/data-engineering-projects/airflow-spark-pipeline/airflow_venv/lib/python3.11/site-packages/airflow/example_dags/tutorial_dag.py for tasks to queue
[2026-03-18T07:21:27.902+0000] {logging_mixin.py:190} INFO - [2026-03-18T07:21:27.901+0000] {dagbag.py:588} INFO - Filling up the DagBag from /home/komal/data-engineering-projects/airflow-spark-pipeline/airflow_venv/lib/python3.11/site-packages/airflow/example_dags/tutorial_dag.py
[2026-03-18T07:21:27.916+0000] {processor.py:925} INFO - DAG(s) 'tutorial_dag' retrieved from /home/komal/data-engineering-projects/airflow-spark-pipeline/airflow_venv/lib/python3.11/site-packages/airflow/example_dags/tutorial_dag.py
[2026-03-18T07:21:27.937+0000] {logging_mixin.py:190} INFO - [2026-03-18T07:21:27.937+0000] {dag.py:3239} INFO - Sync 1 DAGs
[2026-03-18T07:21:27.953+0000] {logging_mixin.py:190} INFO - [2026-03-18T07:21:27.953+0000] {dag.py:4180} INFO - Setting next_dagrun for tutorial_dag to None, run_after=None
[2026-03-18T07:21:27.989+0000] {processor.py:208} INFO - Processing /home/komal/data-engineering-projects/airflow-spark-pipeline/airflow_venv/lib/python3.11/site-packages/airflow/example_dags/tutorial_dag.py took 0.137 seconds
[2026-03-18T07:22:06.116+0000] {processor.py:186} INFO - Started process (PID=32188) to work on /home/komal/data-engineering-projects/airflow-spark-pipeline/airflow_venv/lib/python3.11/site-packages/airflow/example_dags/tutorial_dag.py
[2026-03-18T07:22:06.123+0000] {processor.py:914} INFO - Processing file /home/komal/data-engineering-projects/airflow-spark-pipeline/airflow_venv/lib/python3.11/site-packages/airflow/example_dags/tutorial_dag.py for tasks to queue
[2026-03-18T07:22:06.125+0000] {logging_mixin.py:190} INFO - [2026-03-18T07:22:06.124+0000] {dagbag.py:588} INFO - Filling up the DagBag from /home/komal/data-engineering-projects/airflow-spark-pipeline/airflow_venv/lib/python3.11/site-packages/airflow/example_dags/tutorial_dag.py
[2026-03-18T07:22:06.138+0000] {processor.py:925} INFO - DAG(s) 'tutorial_dag' retrieved from /home/komal/data-engineering-projects/airflow-spark-pipeline/airflow_venv/lib/python3.11/site-packages/airflow/example_dags/tutorial_dag.py
[2026-03-18T07:22:06.160+0000] {logging_mixin.py:190} INFO - [2026-03-18T07:22:06.159+0000] {dag.py:3239} INFO - Sync 1 DAGs
[2026-03-18T07:22:06.175+0000] {logging_mixin.py:190} INFO - [2026-03-18T07:22:06.175+0000] {dag.py:4180} INFO - Setting next_dagrun for tutorial_dag to None, run_after=None
[2026-03-18T07:22:06.210+0000] {processor.py:208} INFO - Processing /home/komal/data-engineering-projects/airflow-spark-pipeline/airflow_venv/lib/python3.11/site-packages/airflow/example_dags/tutorial_dag.py took 0.101 seconds
[2026-03-18T07:22:46.148+0000] {processor.py:186} INFO - Started process (PID=32362) to work on /home/komal/data-engineering-projects/airflow-spark-pipeline/airflow_venv/lib/python3.11/site-packages/airflow/example_dags/tutorial_dag.py
[2026-03-18T07:22:46.151+0000] {processor.py:914} INFO - Processing file /home/komal/data-engineering-projects/airflow-spark-pipeline/airflow_venv/lib/python3.11/site-packages/airflow/example_dags/tutorial_dag.py for tasks to queue
[2026-03-18T07:22:46.153+0000] {logging_mixin.py:190} INFO - [2026-03-18T07:22:46.152+0000] {dagbag.py:588} INFO - Filling up the DagBag from /home/komal/data-engineering-projects/airflow-spark-pipeline/airflow_venv/lib/python3.11/site-packages/airflow/example_dags/tutorial_dag.py
[2026-03-18T07:22:46.171+0000] {processor.py:925} INFO - DAG(s) 'tutorial_dag' retrieved from /home/komal/data-engineering-projects/airflow-spark-pipeline/airflow_venv/lib/python3.11/site-packages/airflow/example_dags/tutorial_dag.py
[2026-03-18T07:22:46.203+0000] {logging_mixin.py:190} INFO - [2026-03-18T07:22:46.202+0000] {dag.py:3239} INFO - Sync 1 DAGs
[2026-03-18T07:22:46.226+0000] {logging_mixin.py:190} INFO - [2026-03-18T07:22:46.226+0000] {dag.py:4180} INFO - Setting next_dagrun for tutorial_dag to None, run_after=None
[2026-03-18T07:22:46.268+0000] {processor.py:208} INFO - Processing /home/komal/data-engineering-projects/airflow-spark-pipeline/airflow_venv/lib/python3.11/site-packages/airflow/example_dags/tutorial_dag.py took 0.131 seconds
[2026-03-18T07:23:25.949+0000] {processor.py:186} INFO - Started process (PID=32492) to work on /home/komal/data-engineering-projects/airflow-spark-pipeline/airflow_venv/lib/python3.11/site-packages/airflow/example_dags/tutorial_dag.py
[2026-03-18T07:23:25.982+0000] {processor.py:914} INFO - Processing file /home/komal/data-engineering-projects/airflow-spark-pipeline/airflow_venv/lib/python3.11/site-packages/airflow/example_dags/tutorial_dag.py for tasks to queue
[2026-03-18T07:23:25.986+0000] {logging_mixin.py:190} INFO - [2026-03-18T07:23:25.985+0000] {dagbag.py:588} INFO - Filling up the DagBag from /home/komal/data-engineering-projects/airflow-spark-pipeline/airflow_venv/lib/python3.11/site-packages/airflow/example_dags/tutorial_dag.py
[2026-03-18T07:23:26.001+0000] {processor.py:925} INFO - DAG(s) 'tutorial_dag' retrieved from /home/komal/data-engineering-projects/airflow-spark-pipeline/airflow_venv/lib/python3.11/site-packages/airflow/example_dags/tutorial_dag.py
[2026-03-18T07:23:26.024+0000] {logging_mixin.py:190} INFO - [2026-03-18T07:23:26.024+0000] {dag.py:3239} INFO - Sync 1 DAGs
[2026-03-18T07:23:26.044+0000] {logging_mixin.py:190} INFO - [2026-03-18T07:23:26.043+0000] {dag.py:4180} INFO - Setting next_dagrun for tutorial_dag to None, run_after=None
[2026-03-18T07:23:26.082+0000] {processor.py:208} INFO - Processing /home/komal/data-engineering-projects/airflow-spark-pipeline/airflow_venv/lib/python3.11/site-packages/airflow/example_dags/tutorial_dag.py took 0.144 seconds
[2026-03-18T07:24:34.295+0000] {processor.py:186} INFO - Started process (PID=32558) to work on /home/komal/data-engineering-projects/airflow-spark-pipeline/airflow_venv/lib/python3.11/site-packages/airflow/example_dags/tutorial_dag.py
[2026-03-18T07:24:34.299+0000] {processor.py:914} INFO - Processing file /home/komal/data-engineering-projects/airflow-spark-pipeline/airflow_venv/lib/python3.11/site-packages/airflow/example_dags/tutorial_dag.py for tasks to queue
[2026-03-18T07:24:34.301+0000] {logging_mixin.py:190} INFO - [2026-03-18T07:24:34.301+0000] {dagbag.py:588} INFO - Filling up the DagBag from /home/komal/data-engineering-projects/airflow-spark-pipeline/airflow_venv/lib/python3.11/site-packages/airflow/example_dags/tutorial_dag.py
[2026-03-18T07:24:34.312+0000] {processor.py:925} INFO - DAG(s) 'tutorial_dag' retrieved from /home/komal/data-engineering-projects/airflow-spark-pipeline/airflow_venv/lib/python3.11/site-packages/airflow/example_dags/tutorial_dag.py
[2026-03-18T07:24:34.333+0000] {logging_mixin.py:190} INFO - [2026-03-18T07:24:34.332+0000] {dag.py:3239} INFO - Sync 1 DAGs
[2026-03-18T07:24:34.349+0000] {logging_mixin.py:190} INFO - [2026-03-18T07:24:34.348+0000] {dag.py:4180} INFO - Setting next_dagrun for tutorial_dag to None, run_after=None
[2026-03-18T07:24:34.380+0000] {processor.py:208} INFO - Processing /home/komal/data-engineering-projects/airflow-spark-pipeline/airflow_venv/lib/python3.11/site-packages/airflow/example_dags/tutorial_dag.py took 0.092 seconds
[2026-03-18T07:25:44.572+0000] {processor.py:186} INFO - Started process (PID=32628) to work on /home/komal/data-engineering-projects/airflow-spark-pipeline/airflow_venv/lib/python3.11/site-packages/airflow/example_dags/tutorial_dag.py
[2026-03-18T07:25:44.576+0000] {processor.py:914} INFO - Processing file /home/komal/data-engineering-projects/airflow-spark-pipeline/airflow_venv/lib/python3.11/site-packages/airflow/example_dags/tutorial_dag.py for tasks to queue
[2026-03-18T07:25:44.578+0000] {logging_mixin.py:190} INFO - [2026-03-18T07:25:44.577+0000] {dagbag.py:588} INFO - Filling up the DagBag from /home/komal/data-engineering-projects/airflow-spark-pipeline/airflow_venv/lib/python3.11/site-packages/airflow/example_dags/tutorial_dag.py
[2026-03-18T07:25:44.587+0000] {processor.py:925} INFO - DAG(s) 'tutorial_dag' retrieved from /home/komal/data-engineering-projects/airflow-spark-pipeline/airflow_venv/lib/python3.11/site-packages/airflow/example_dags/tutorial_dag.py
[2026-03-18T07:25:44.614+0000] {logging_mixin.py:190} INFO - [2026-03-18T07:25:44.613+0000] {dag.py:3239} INFO - Sync 1 DAGs
[2026-03-18T07:25:44.635+0000] {logging_mixin.py:190} INFO - [2026-03-18T07:25:44.635+0000] {dag.py:4180} INFO - Setting next_dagrun for tutorial_dag to None, run_after=None
[2026-03-18T07:25:44.679+0000] {processor.py:208} INFO - Processing /home/komal/data-engineering-projects/airflow-spark-pipeline/airflow_venv/lib/python3.11/site-packages/airflow/example_dags/tutorial_dag.py took 0.117 seconds
[2026-03-18T07:26:11.251+0000] {processor.py:186} INFO - Started process (PID=32649) to work on /home/komal/data-engineering-projects/airflow-spark-pipeline/airflow_venv/lib/python3.11/site-packages/airflow/example_dags/tutorial_dag.py
[2026-03-18T07:26:11.284+0000] {processor.py:914} INFO - Processing file /home/komal/data-engineering-projects/airflow-spark-pipeline/airflow_venv/lib/python3.11/site-packages/airflow/example_dags/tutorial_dag.py for tasks to queue
[2026-03-18T07:26:11.286+0000] {logging_mixin.py:190} INFO - [2026-03-18T07:26:11.286+0000] {dagbag.py:588} INFO - Filling up the DagBag from /home/komal/data-engineering-projects/airflow-spark-pipeline/airflow_venv/lib/python3.11/site-packages/airflow/example_dags/tutorial_dag.py
[2026-03-18T07:26:11.300+0000] {processor.py:925} INFO - DAG(s) 'tutorial_dag' retrieved from /home/komal/data-engineering-projects/airflow-spark-pipeline/airflow_venv/lib/python3.11/site-packages/airflow/example_dags/tutorial_dag.py
[2026-03-18T07:26:11.330+0000] {logging_mixin.py:190} INFO - [2026-03-18T07:26:11.330+0000] {dag.py:3239} INFO - Sync 1 DAGs
[2026-03-18T07:26:11.356+0000] {logging_mixin.py:190} INFO - [2026-03-18T07:26:11.356+0000] {dag.py:4180} INFO - Setting next_dagrun for tutorial_dag to None, run_after=None
[2026-03-18T07:26:11.426+0000] {processor.py:208} INFO - Processing /home/komal/data-engineering-projects/airflow-spark-pipeline/airflow_venv/lib/python3.11/site-packages/airflow/example_dags/tutorial_dag.py took 0.183 seconds
[2026-03-18T07:27:18.555+0000] {processor.py:186} INFO - Started process (PID=32715) to work on /home/komal/data-engineering-projects/airflow-spark-pipeline/airflow_venv/lib/python3.11/site-packages/airflow/example_dags/tutorial_dag.py
[2026-03-18T07:27:18.589+0000] {processor.py:914} INFO - Processing file /home/komal/data-engineering-projects/airflow-spark-pipeline/airflow_venv/lib/python3.11/site-packages/airflow/example_dags/tutorial_dag.py for tasks to queue
[2026-03-18T07:27:18.595+0000] {logging_mixin.py:190} INFO - [2026-03-18T07:27:18.594+0000] {dagbag.py:588} INFO - Filling up the DagBag from /home/komal/data-engineering-projects/airflow-spark-pipeline/airflow_venv/lib/python3.11/site-packages/airflow/example_dags/tutorial_dag.py
[2026-03-18T07:27:18.607+0000] {processor.py:925} INFO - DAG(s) 'tutorial_dag' retrieved from /home/komal/data-engineering-projects/airflow-spark-pipeline/airflow_venv/lib/python3.11/site-packages/airflow/example_dags/tutorial_dag.py
[2026-03-18T07:27:18.633+0000] {logging_mixin.py:190} INFO - [2026-03-18T07:27:18.633+0000] {dag.py:3239} INFO - Sync 1 DAGs
[2026-03-18T07:27:18.662+0000] {logging_mixin.py:190} INFO - [2026-03-18T07:27:18.661+0000] {dag.py:4180} INFO - Setting next_dagrun for tutorial_dag to None, run_after=None
[2026-03-18T07:27:18.711+0000] {processor.py:208} INFO - Processing /home/komal/data-engineering-projects/airflow-spark-pipeline/airflow_venv/lib/python3.11/site-packages/airflow/example_dags/tutorial_dag.py took 0.166 seconds
[2026-03-18T07:27:57.100+0000] {processor.py:186} INFO - Started process (PID=32750) to work on /home/komal/data-engineering-projects/airflow-spark-pipeline/airflow_venv/lib/python3.11/site-packages/airflow/example_dags/tutorial_dag.py
[2026-03-18T07:27:57.133+0000] {processor.py:914} INFO - Processing file /home/komal/data-engineering-projects/airflow-spark-pipeline/airflow_venv/lib/python3.11/site-packages/airflow/example_dags/tutorial_dag.py for tasks to queue
[2026-03-18T07:27:57.137+0000] {logging_mixin.py:190} INFO - [2026-03-18T07:27:57.136+0000] {dagbag.py:588} INFO - Filling up the DagBag from /home/komal/data-engineering-projects/airflow-spark-pipeline/airflow_venv/lib/python3.11/site-packages/airflow/example_dags/tutorial_dag.py
[2026-03-18T07:27:57.150+0000] {processor.py:925} INFO - DAG(s) 'tutorial_dag' retrieved from /home/komal/data-engineering-projects/airflow-spark-pipeline/airflow_venv/lib/python3.11/site-packages/airflow/example_dags/tutorial_dag.py
[2026-03-18T07:27:57.170+0000] {logging_mixin.py:190} INFO - [2026-03-18T07:27:57.169+0000] {dag.py:3239} INFO - Sync 1 DAGs
[2026-03-18T07:27:57.185+0000] {logging_mixin.py:190} INFO - [2026-03-18T07:27:57.184+0000] {dag.py:4180} INFO - Setting next_dagrun for tutorial_dag to None, run_after=None
[2026-03-18T07:27:57.242+0000] {processor.py:208} INFO - Processing /home/komal/data-engineering-projects/airflow-spark-pipeline/airflow_venv/lib/python3.11/site-packages/airflow/example_dags/tutorial_dag.py took 0.149 seconds
[2026-03-18T07:29:08.039+0000] {processor.py:186} INFO - Started process (PID=32819) to work on /home/komal/data-engineering-projects/airflow-spark-pipeline/airflow_venv/lib/python3.11/site-packages/airflow/example_dags/tutorial_dag.py
[2026-03-18T07:29:08.060+0000] {processor.py:914} INFO - Processing file /home/komal/data-engineering-projects/airflow-spark-pipeline/airflow_venv/lib/python3.11/site-packages/airflow/example_dags/tutorial_dag.py for tasks to queue
[2026-03-18T07:29:08.065+0000] {logging_mixin.py:190} INFO - [2026-03-18T07:29:08.064+0000] {dagbag.py:588} INFO - Filling up the DagBag from /home/komal/data-engineering-projects/airflow-spark-pipeline/airflow_venv/lib/python3.11/site-packages/airflow/example_dags/tutorial_dag.py
[2026-03-18T07:29:08.079+0000] {processor.py:925} INFO - DAG(s) 'tutorial_dag' retrieved from /home/komal/data-engineering-projects/airflow-spark-pipeline/airflow_venv/lib/python3.11/site-packages/airflow/example_dags/tutorial_dag.py
[2026-03-18T07:29:08.102+0000] {logging_mixin.py:190} INFO - [2026-03-18T07:29:08.101+0000] {dag.py:3239} INFO - Sync 1 DAGs
[2026-03-18T07:29:08.121+0000] {logging_mixin.py:190} INFO - [2026-03-18T07:29:08.120+0000] {dag.py:4180} INFO - Setting next_dagrun for tutorial_dag to None, run_after=None
[2026-03-18T07:29:08.160+0000] {processor.py:208} INFO - Processing /home/komal/data-engineering-projects/airflow-spark-pipeline/airflow_venv/lib/python3.11/site-packages/airflow/example_dags/tutorial_dag.py took 0.129 seconds
[2026-03-18T07:29:36.064+0000] {processor.py:186} INFO - Started process (PID=32841) to work on /home/komal/data-engineering-projects/airflow-spark-pipeline/airflow_venv/lib/python3.11/site-packages/airflow/example_dags/tutorial_dag.py
[2026-03-18T07:29:36.096+0000] {processor.py:914} INFO - Processing file /home/komal/data-engineering-projects/airflow-spark-pipeline/airflow_venv/lib/python3.11/site-packages/airflow/example_dags/tutorial_dag.py for tasks to queue
[2026-03-18T07:29:36.099+0000] {logging_mixin.py:190} INFO - [2026-03-18T07:29:36.098+0000] {dagbag.py:588} INFO - Filling up the DagBag from /home/komal/data-engineering-projects/airflow-spark-pipeline/airflow_venv/lib/python3.11/site-packages/airflow/example_dags/tutorial_dag.py
[2026-03-18T07:29:36.112+0000] {processor.py:925} INFO - DAG(s) 'tutorial_dag' retrieved from /home/komal/data-engineering-projects/airflow-spark-pipeline/airflow_venv/lib/python3.11/site-packages/airflow/example_dags/tutorial_dag.py
[2026-03-18T07:29:36.145+0000] {logging_mixin.py:190} INFO - [2026-03-18T07:29:36.145+0000] {dag.py:3239} INFO - Sync 1 DAGs
[2026-03-18T07:29:36.166+0000] {logging_mixin.py:190} INFO - [2026-03-18T07:29:36.165+0000] {dag.py:4180} INFO - Setting next_dagrun for tutorial_dag to None, run_after=None
[2026-03-18T07:29:36.198+0000] {processor.py:208} INFO - Processing /home/komal/data-engineering-projects/airflow-spark-pipeline/airflow_venv/lib/python3.11/site-packages/airflow/example_dags/tutorial_dag.py took 0.142 seconds
[2026-03-18T07:30:51.583+0000] {processor.py:186} INFO - Started process (PID=32996) to work on /home/komal/data-engineering-projects/airflow-spark-pipeline/airflow_venv/lib/python3.11/site-packages/airflow/example_dags/tutorial_dag.py
[2026-03-18T07:30:51.615+0000] {processor.py:914} INFO - Processing file /home/komal/data-engineering-projects/airflow-spark-pipeline/airflow_venv/lib/python3.11/site-packages/airflow/example_dags/tutorial_dag.py for tasks to queue
[2026-03-18T07:30:51.621+0000] {logging_mixin.py:190} INFO - [2026-03-18T07:30:51.620+0000] {dagbag.py:588} INFO - Filling up the DagBag from /home/komal/data-engineering-projects/airflow-spark-pipeline/airflow_venv/lib/python3.11/site-packages/airflow/example_dags/tutorial_dag.py
[2026-03-18T07:30:51.640+0000] {processor.py:925} INFO - DAG(s) 'tutorial_dag' retrieved from /home/komal/data-engineering-projects/airflow-spark-pipeline/airflow_venv/lib/python3.11/site-packages/airflow/example_dags/tutorial_dag.py
[2026-03-18T07:30:51.665+0000] {logging_mixin.py:190} INFO - [2026-03-18T07:30:51.665+0000] {dag.py:3239} INFO - Sync 1 DAGs
[2026-03-18T07:30:51.692+0000] {logging_mixin.py:190} INFO - [2026-03-18T07:30:51.691+0000] {dag.py:4180} INFO - Setting next_dagrun for tutorial_dag to None, run_after=None
[2026-03-18T07:30:51.733+0000] {processor.py:208} INFO - Processing /home/komal/data-engineering-projects/airflow-spark-pipeline/airflow_venv/lib/python3.11/site-packages/airflow/example_dags/tutorial_dag.py took 0.159 seconds
[2026-03-18T07:31:37.896+0000] {processor.py:186} INFO - Started process (PID=33039) to work on /home/komal/data-engineering-projects/airflow-spark-pipeline/airflow_venv/lib/python3.11/site-packages/airflow/example_dags/tutorial_dag.py
[2026-03-18T07:31:37.900+0000] {processor.py:914} INFO - Processing file /home/komal/data-engineering-projects/airflow-spark-pipeline/airflow_venv/lib/python3.11/site-packages/airflow/example_dags/tutorial_dag.py for tasks to queue
[2026-03-18T07:31:37.903+0000] {logging_mixin.py:190} INFO - [2026-03-18T07:31:37.902+0000] {dagbag.py:588} INFO - Filling up the DagBag from /home/komal/data-engineering-projects/airflow-spark-pipeline/airflow_venv/lib/python3.11/site-packages/airflow/example_dags/tutorial_dag.py
[2026-03-18T07:31:37.913+0000] {processor.py:925} INFO - DAG(s) 'tutorial_dag' retrieved from /home/komal/data-engineering-projects/airflow-spark-pipeline/airflow_venv/lib/python3.11/site-packages/airflow/example_dags/tutorial_dag.py
[2026-03-18T07:31:37.933+0000] {logging_mixin.py:190} INFO - [2026-03-18T07:31:37.933+0000] {dag.py:3239} INFO - Sync 1 DAGs
[2026-03-18T07:31:37.950+0000] {logging_mixin.py:190} INFO - [2026-03-18T07:31:37.949+0000] {dag.py:4180} INFO - Setting next_dagrun for tutorial_dag to None, run_after=None
[2026-03-18T07:31:37.985+0000] {processor.py:208} INFO - Processing /home/komal/data-engineering-projects/airflow-spark-pipeline/airflow_venv/lib/python3.11/site-packages/airflow/example_dags/tutorial_dag.py took 0.099 seconds
[2026-03-18T07:32:51.679+0000] {processor.py:186} INFO - Started process (PID=33104) to work on /home/komal/data-engineering-projects/airflow-spark-pipeline/airflow_venv/lib/python3.11/site-packages/airflow/example_dags/tutorial_dag.py
[2026-03-18T07:32:51.683+0000] {processor.py:914} INFO - Processing file /home/komal/data-engineering-projects/airflow-spark-pipeline/airflow_venv/lib/python3.11/site-packages/airflow/example_dags/tutorial_dag.py for tasks to queue
[2026-03-18T07:32:51.686+0000] {logging_mixin.py:190} INFO - [2026-03-18T07:32:51.686+0000] {dagbag.py:588} INFO - Filling up the DagBag from /home/komal/data-engineering-projects/airflow-spark-pipeline/airflow_venv/lib/python3.11/site-packages/airflow/example_dags/tutorial_dag.py
[2026-03-18T07:32:51.700+0000] {processor.py:925} INFO - DAG(s) 'tutorial_dag' retrieved from /home/komal/data-engineering-projects/airflow-spark-pipeline/airflow_venv/lib/python3.11/site-packages/airflow/example_dags/tutorial_dag.py
[2026-03-18T07:32:51.724+0000] {logging_mixin.py:190} INFO - [2026-03-18T07:32:51.724+0000] {dag.py:3239} INFO - Sync 1 DAGs
[2026-03-18T07:32:51.739+0000] {logging_mixin.py:190} INFO - [2026-03-18T07:32:51.739+0000] {dag.py:4180} INFO - Setting next_dagrun for tutorial_dag to None, run_after=None
[2026-03-18T07:32:51.782+0000] {processor.py:208} INFO - Processing /home/komal/data-engineering-projects/airflow-spark-pipeline/airflow_venv/lib/python3.11/site-packages/airflow/example_dags/tutorial_dag.py took 0.114 seconds
[2026-03-18T07:33:32.284+0000] {processor.py:186} INFO - Started process (PID=33144) to work on /home/komal/data-engineering-projects/airflow-spark-pipeline/airflow_venv/lib/python3.11/site-packages/airflow/example_dags/tutorial_dag.py
[2026-03-18T07:33:32.317+0000] {processor.py:914} INFO - Processing file /home/komal/data-engineering-projects/airflow-spark-pipeline/airflow_venv/lib/python3.11/site-packages/airflow/example_dags/tutorial_dag.py for tasks to queue
[2026-03-18T07:33:32.323+0000] {logging_mixin.py:190} INFO - [2026-03-18T07:33:32.321+0000] {dagbag.py:588} INFO - Filling up the DagBag from /home/komal/data-engineering-projects/airflow-spark-pipeline/airflow_venv/lib/python3.11/site-packages/airflow/example_dags/tutorial_dag.py
[2026-03-18T07:33:32.339+0000] {processor.py:925} INFO - DAG(s) 'tutorial_dag' retrieved from /home/komal/data-engineering-projects/airflow-spark-pipeline/airflow_venv/lib/python3.11/site-packages/airflow/example_dags/tutorial_dag.py
[2026-03-18T07:33:32.366+0000] {logging_mixin.py:190} INFO - [2026-03-18T07:33:32.366+0000] {dag.py:3239} INFO - Sync 1 DAGs
[2026-03-18T07:33:32.383+0000] {logging_mixin.py:190} INFO - [2026-03-18T07:33:32.383+0000] {dag.py:4180} INFO - Setting next_dagrun for tutorial_dag to None, run_after=None
[2026-03-18T07:33:32.419+0000] {processor.py:208} INFO - Processing /home/komal/data-engineering-projects/airflow-spark-pipeline/airflow_venv/lib/python3.11/site-packages/airflow/example_dags/tutorial_dag.py took 0.143 seconds
[2026-03-18T07:34:13.934+0000] {processor.py:186} INFO - Started process (PID=33183) to work on /home/komal/data-engineering-projects/airflow-spark-pipeline/airflow_venv/lib/python3.11/site-packages/airflow/example_dags/tutorial_dag.py
[2026-03-18T07:34:13.938+0000] {processor.py:914} INFO - Processing file /home/komal/data-engineering-projects/airflow-spark-pipeline/airflow_venv/lib/python3.11/site-packages/airflow/example_dags/tutorial_dag.py for tasks to queue
[2026-03-18T07:34:13.940+0000] {logging_mixin.py:190} INFO - [2026-03-18T07:34:13.940+0000] {dagbag.py:588} INFO - Filling up the DagBag from /home/komal/data-engineering-projects/airflow-spark-pipeline/airflow_venv/lib/python3.11/site-packages/airflow/example_dags/tutorial_dag.py
[2026-03-18T07:34:13.953+0000] {processor.py:925} INFO - DAG(s) 'tutorial_dag' retrieved from /home/komal/data-engineering-projects/airflow-spark-pipeline/airflow_venv/lib/python3.11/site-packages/airflow/example_dags/tutorial_dag.py
[2026-03-18T07:34:13.983+0000] {logging_mixin.py:190} INFO - [2026-03-18T07:34:13.982+0000] {dag.py:3239} INFO - Sync 1 DAGs
[2026-03-18T07:34:13.999+0000] {logging_mixin.py:190} INFO - [2026-03-18T07:34:13.999+0000] {dag.py:4180} INFO - Setting next_dagrun for tutorial_dag to None, run_after=None
[2026-03-18T07:34:14.031+0000] {processor.py:208} INFO - Processing /home/komal/data-engineering-projects/airflow-spark-pipeline/airflow_venv/lib/python3.11/site-packages/airflow/example_dags/tutorial_dag.py took 0.110 seconds
[2026-03-18T07:35:26.370+0000] {processor.py:186} INFO - Started process (PID=33308) to work on /home/komal/data-engineering-projects/airflow-spark-pipeline/airflow_venv/lib/python3.11/site-packages/airflow/example_dags/tutorial_dag.py
[2026-03-18T07:35:26.402+0000] {processor.py:914} INFO - Processing file /home/komal/data-engineering-projects/airflow-spark-pipeline/airflow_venv/lib/python3.11/site-packages/airflow/example_dags/tutorial_dag.py for tasks to queue
[2026-03-18T07:35:26.406+0000] {logging_mixin.py:190} INFO - [2026-03-18T07:35:26.406+0000] {dagbag.py:588} INFO - Filling up the DagBag from /home/komal/data-engineering-projects/airflow-spark-pipeline/airflow_venv/lib/python3.11/site-packages/airflow/example_dags/tutorial_dag.py
[2026-03-18T07:35:26.416+0000] {processor.py:925} INFO - DAG(s) 'tutorial_dag' retrieved from /home/komal/data-engineering-projects/airflow-spark-pipeline/airflow_venv/lib/python3.11/site-packages/airflow/example_dags/tutorial_dag.py
[2026-03-18T07:35:26.434+0000] {logging_mixin.py:190} INFO - [2026-03-18T07:35:26.434+0000] {dag.py:3239} INFO - Sync 1 DAGs
[2026-03-18T07:35:26.449+0000] {logging_mixin.py:190} INFO - [2026-03-18T07:35:26.449+0000] {dag.py:4180} INFO - Setting next_dagrun for tutorial_dag to None, run_after=None
[2026-03-18T07:35:26.481+0000] {processor.py:208} INFO - Processing /home/komal/data-engineering-projects/airflow-spark-pipeline/airflow_venv/lib/python3.11/site-packages/airflow/example_dags/tutorial_dag.py took 0.117 seconds
[2026-03-18T07:36:36.812+0000] {processor.py:186} INFO - Started process (PID=33374) to work on /home/komal/data-engineering-projects/airflow-spark-pipeline/airflow_venv/lib/python3.11/site-packages/airflow/example_dags/tutorial_dag.py
[2026-03-18T07:36:36.848+0000] {processor.py:914} INFO - Processing file /home/komal/data-engineering-projects/airflow-spark-pipeline/airflow_venv/lib/python3.11/site-packages/airflow/example_dags/tutorial_dag.py for tasks to queue
[2026-03-18T07:36:36.852+0000] {logging_mixin.py:190} INFO - [2026-03-18T07:36:36.852+0000] {dagbag.py:588} INFO - Filling up the DagBag from /home/komal/data-engineering-projects/airflow-spark-pipeline/airflow_venv/lib/python3.11/site-packages/airflow/example_dags/tutorial_dag.py
[2026-03-18T07:36:36.868+0000] {processor.py:925} INFO - DAG(s) 'tutorial_dag' retrieved from /home/komal/data-engineering-projects/airflow-spark-pipeline/airflow_venv/lib/python3.11/site-packages/airflow/example_dags/tutorial_dag.py
[2026-03-18T07:36:36.890+0000] {logging_mixin.py:190} INFO - [2026-03-18T07:36:36.889+0000] {dag.py:3239} INFO - Sync 1 DAGs
[2026-03-18T07:36:36.907+0000] {logging_mixin.py:190} INFO - [2026-03-18T07:36:36.907+0000] {dag.py:4180} INFO - Setting next_dagrun for tutorial_dag to None, run_after=None
[2026-03-18T07:36:36.941+0000] {processor.py:208} INFO - Processing /home/komal/data-engineering-projects/airflow-spark-pipeline/airflow_venv/lib/python3.11/site-packages/airflow/example_dags/tutorial_dag.py took 0.140 seconds
[2026-03-18T07:37:58.243+0000] {processor.py:186} INFO - Started process (PID=33449) to work on /home/komal/data-engineering-projects/airflow-spark-pipeline/airflow_venv/lib/python3.11/site-packages/airflow/example_dags/tutorial_dag.py
[2026-03-18T07:37:58.277+0000] {processor.py:914} INFO - Processing file /home/komal/data-engineering-projects/airflow-spark-pipeline/airflow_venv/lib/python3.11/site-packages/airflow/example_dags/tutorial_dag.py for tasks to queue
[2026-03-18T07:37:58.282+0000] {logging_mixin.py:190} INFO - [2026-03-18T07:37:58.281+0000] {dagbag.py:588} INFO - Filling up the DagBag from /home/komal/data-engineering-projects/airflow-spark-pipeline/airflow_venv/lib/python3.11/site-packages/airflow/example_dags/tutorial_dag.py
[2026-03-18T07:37:58.299+0000] {processor.py:925} INFO - DAG(s) 'tutorial_dag' retrieved from /home/komal/data-engineering-projects/airflow-spark-pipeline/airflow_venv/lib/python3.11/site-packages/airflow/example_dags/tutorial_dag.py
[2026-03-18T07:37:58.327+0000] {logging_mixin.py:190} INFO - [2026-03-18T07:37:58.326+0000] {dag.py:3239} INFO - Sync 1 DAGs
[2026-03-18T07:37:58.341+0000] {logging_mixin.py:190} INFO - [2026-03-18T07:37:58.341+0000] {dag.py:4180} INFO - Setting next_dagrun for tutorial_dag to None, run_after=None
[2026-03-18T07:37:58.380+0000] {processor.py:208} INFO - Processing /home/komal/data-engineering-projects/airflow-spark-pipeline/airflow_venv/lib/python3.11/site-packages/airflow/example_dags/tutorial_dag.py took 0.147 seconds
[2026-03-18T07:39:08.790+0000] {processor.py:186} INFO - Started process (PID=33589) to work on /home/komal/data-engineering-projects/airflow-spark-pipeline/airflow_venv/lib/python3.11/site-packages/airflow/example_dags/tutorial_dag.py
[2026-03-18T07:39:08.800+0000] {processor.py:914} INFO - Processing file /home/komal/data-engineering-projects/airflow-spark-pipeline/airflow_venv/lib/python3.11/site-packages/airflow/example_dags/tutorial_dag.py for tasks to queue
[2026-03-18T07:39:08.804+0000] {logging_mixin.py:190} INFO - [2026-03-18T07:39:08.804+0000] {dagbag.py:588} INFO - Filling up the DagBag from /home/komal/data-engineering-projects/airflow-spark-pipeline/airflow_venv/lib/python3.11/site-packages/airflow/example_dags/tutorial_dag.py
[2026-03-18T07:39:08.818+0000] {processor.py:925} INFO - DAG(s) 'tutorial_dag' retrieved from /home/komal/data-engineering-projects/airflow-spark-pipeline/airflow_venv/lib/python3.11/site-packages/airflow/example_dags/tutorial_dag.py
[2026-03-18T07:39:08.841+0000] {logging_mixin.py:190} INFO - [2026-03-18T07:39:08.841+0000] {dag.py:3239} INFO - Sync 1 DAGs
[2026-03-18T07:39:08.857+0000] {logging_mixin.py:190} INFO - [2026-03-18T07:39:08.857+0000] {dag.py:4180} INFO - Setting next_dagrun for tutorial_dag to None, run_after=None
[2026-03-18T07:39:08.891+0000] {processor.py:208} INFO - Processing /home/komal/data-engineering-projects/airflow-spark-pipeline/airflow_venv/lib/python3.11/site-packages/airflow/example_dags/tutorial_dag.py took 0.112 seconds
[2026-03-18T07:40:20.506+0000] {processor.py:186} INFO - Started process (PID=33657) to work on /home/komal/data-engineering-projects/airflow-spark-pipeline/airflow_venv/lib/python3.11/site-packages/airflow/example_dags/tutorial_dag.py
[2026-03-18T07:40:20.539+0000] {processor.py:914} INFO - Processing file /home/komal/data-engineering-projects/airflow-spark-pipeline/airflow_venv/lib/python3.11/site-packages/airflow/example_dags/tutorial_dag.py for tasks to queue
[2026-03-18T07:40:20.544+0000] {logging_mixin.py:190} INFO - [2026-03-18T07:40:20.543+0000] {dagbag.py:588} INFO - Filling up the DagBag from /home/komal/data-engineering-projects/airflow-spark-pipeline/airflow_venv/lib/python3.11/site-packages/airflow/example_dags/tutorial_dag.py
[2026-03-18T07:40:20.559+0000] {processor.py:925} INFO - DAG(s) 'tutorial_dag' retrieved from /home/komal/data-engineering-projects/airflow-spark-pipeline/airflow_venv/lib/python3.11/site-packages/airflow/example_dags/tutorial_dag.py
[2026-03-18T07:40:20.583+0000] {logging_mixin.py:190} INFO - [2026-03-18T07:40:20.582+0000] {dag.py:3239} INFO - Sync 1 DAGs
[2026-03-18T07:40:20.602+0000] {logging_mixin.py:190} INFO - [2026-03-18T07:40:20.602+0000] {dag.py:4180} INFO - Setting next_dagrun for tutorial_dag to None, run_after=None
[2026-03-18T07:40:20.637+0000] {processor.py:208} INFO - Processing /home/komal/data-engineering-projects/airflow-spark-pipeline/airflow_venv/lib/python3.11/site-packages/airflow/example_dags/tutorial_dag.py took 0.143 seconds
[2026-03-18T07:41:35.546+0000] {processor.py:186} INFO - Started process (PID=33725) to work on /home/komal/data-engineering-projects/airflow-spark-pipeline/airflow_venv/lib/python3.11/site-packages/airflow/example_dags/tutorial_dag.py
[2026-03-18T07:41:35.578+0000] {processor.py:914} INFO - Processing file /home/komal/data-engineering-projects/airflow-spark-pipeline/airflow_venv/lib/python3.11/site-packages/airflow/example_dags/tutorial_dag.py for tasks to queue
[2026-03-18T07:41:35.581+0000] {logging_mixin.py:190} INFO - [2026-03-18T07:41:35.580+0000] {dagbag.py:588} INFO - Filling up the DagBag from /home/komal/data-engineering-projects/airflow-spark-pipeline/airflow_venv/lib/python3.11/site-packages/airflow/example_dags/tutorial_dag.py
[2026-03-18T07:41:35.595+0000] {processor.py:925} INFO - DAG(s) 'tutorial_dag' retrieved from /home/komal/data-engineering-projects/airflow-spark-pipeline/airflow_venv/lib/python3.11/site-packages/airflow/example_dags/tutorial_dag.py
[2026-03-18T07:41:35.622+0000] {logging_mixin.py:190} INFO - [2026-03-18T07:41:35.622+0000] {dag.py:3239} INFO - Sync 1 DAGs
[2026-03-18T07:41:35.638+0000] {logging_mixin.py:190} INFO - [2026-03-18T07:41:35.637+0000] {dag.py:4180} INFO - Setting next_dagrun for tutorial_dag to None, run_after=None
[2026-03-18T07:41:35.676+0000] {processor.py:208} INFO - Processing /home/komal/data-engineering-projects/airflow-spark-pipeline/airflow_venv/lib/python3.11/site-packages/airflow/example_dags/tutorial_dag.py took 0.140 seconds
[2026-03-18T07:42:12.250+0000] {processor.py:186} INFO - Started process (PID=33758) to work on /home/komal/data-engineering-projects/airflow-spark-pipeline/airflow_venv/lib/python3.11/site-packages/airflow/example_dags/tutorial_dag.py
[2026-03-18T07:42:12.263+0000] {processor.py:914} INFO - Processing file /home/komal/data-engineering-projects/airflow-spark-pipeline/airflow_venv/lib/python3.11/site-packages/airflow/example_dags/tutorial_dag.py for tasks to queue
[2026-03-18T07:42:12.266+0000] {logging_mixin.py:190} INFO - [2026-03-18T07:42:12.266+0000] {dagbag.py:588} INFO - Filling up the DagBag from /home/komal/data-engineering-projects/airflow-spark-pipeline/airflow_venv/lib/python3.11/site-packages/airflow/example_dags/tutorial_dag.py
[2026-03-18T07:42:12.280+0000] {processor.py:925} INFO - DAG(s) 'tutorial_dag' retrieved from /home/komal/data-engineering-projects/airflow-spark-pipeline/airflow_venv/lib/python3.11/site-packages/airflow/example_dags/tutorial_dag.py
[2026-03-18T07:42:12.316+0000] {logging_mixin.py:190} INFO - [2026-03-18T07:42:12.316+0000] {dag.py:3239} INFO - Sync 1 DAGs
[2026-03-18T07:42:12.328+0000] {logging_mixin.py:190} INFO - [2026-03-18T07:42:12.328+0000] {dag.py:4180} INFO - Setting next_dagrun for tutorial_dag to None, run_after=None
[2026-03-18T07:42:12.366+0000] {processor.py:208} INFO - Processing /home/komal/data-engineering-projects/airflow-spark-pipeline/airflow_venv/lib/python3.11/site-packages/airflow/example_dags/tutorial_dag.py took 0.126 seconds
[2026-03-18T07:43:25.225+0000] {processor.py:186} INFO - Started process (PID=33905) to work on /home/komal/data-engineering-projects/airflow-spark-pipeline/airflow_venv/lib/python3.11/site-packages/airflow/example_dags/tutorial_dag.py
[2026-03-18T07:43:25.230+0000] {processor.py:914} INFO - Processing file /home/komal/data-engineering-projects/airflow-spark-pipeline/airflow_venv/lib/python3.11/site-packages/airflow/example_dags/tutorial_dag.py for tasks to queue
[2026-03-18T07:43:25.235+0000] {logging_mixin.py:190} INFO - [2026-03-18T07:43:25.234+0000] {dagbag.py:588} INFO - Filling up the DagBag from /home/komal/data-engineering-projects/airflow-spark-pipeline/airflow_venv/lib/python3.11/site-packages/airflow/example_dags/tutorial_dag.py
[2026-03-18T07:43:25.245+0000] {processor.py:925} INFO - DAG(s) 'tutorial_dag' retrieved from /home/komal/data-engineering-projects/airflow-spark-pipeline/airflow_venv/lib/python3.11/site-packages/airflow/example_dags/tutorial_dag.py
[2026-03-18T07:43:25.266+0000] {logging_mixin.py:190} INFO - [2026-03-18T07:43:25.266+0000] {dag.py:3239} INFO - Sync 1 DAGs
[2026-03-18T07:43:25.283+0000] {logging_mixin.py:190} INFO - [2026-03-18T07:43:25.282+0000] {dag.py:4180} INFO - Setting next_dagrun for tutorial_dag to None, run_after=None
[2026-03-18T07:43:25.322+0000] {processor.py:208} INFO - Processing /home/komal/data-engineering-projects/airflow-spark-pipeline/airflow_venv/lib/python3.11/site-packages/airflow/example_dags/tutorial_dag.py took 0.106 seconds
[2026-03-18T07:44:32.060+0000] {processor.py:186} INFO - Started process (PID=33970) to work on /home/komal/data-engineering-projects/airflow-spark-pipeline/airflow_venv/lib/python3.11/site-packages/airflow/example_dags/tutorial_dag.py
[2026-03-18T07:44:32.062+0000] {processor.py:914} INFO - Processing file /home/komal/data-engineering-projects/airflow-spark-pipeline/airflow_venv/lib/python3.11/site-packages/airflow/example_dags/tutorial_dag.py for tasks to queue
[2026-03-18T07:44:32.063+0000] {logging_mixin.py:190} INFO - [2026-03-18T07:44:32.063+0000] {dagbag.py:588} INFO - Filling up the DagBag from /home/komal/data-engineering-projects/airflow-spark-pipeline/airflow_venv/lib/python3.11/site-packages/airflow/example_dags/tutorial_dag.py
[2026-03-18T07:44:32.070+0000] {processor.py:925} INFO - DAG(s) 'tutorial_dag' retrieved from /home/komal/data-engineering-projects/airflow-spark-pipeline/airflow_venv/lib/python3.11/site-packages/airflow/example_dags/tutorial_dag.py
[2026-03-18T07:44:32.082+0000] {logging_mixin.py:190} INFO - [2026-03-18T07:44:32.082+0000] {dag.py:3239} INFO - Sync 1 DAGs
[2026-03-18T07:44:32.092+0000] {logging_mixin.py:190} INFO - [2026-03-18T07:44:32.091+0000] {dag.py:4180} INFO - Setting next_dagrun for tutorial_dag to None, run_after=None
[2026-03-18T07:44:32.149+0000] {processor.py:208} INFO - Processing /home/komal/data-engineering-projects/airflow-spark-pipeline/airflow_venv/lib/python3.11/site-packages/airflow/example_dags/tutorial_dag.py took 0.093 seconds
[2026-03-18T07:45:42.409+0000] {processor.py:186} INFO - Started process (PID=34044) to work on /home/komal/data-engineering-projects/airflow-spark-pipeline/airflow_venv/lib/python3.11/site-packages/airflow/example_dags/tutorial_dag.py
[2026-03-18T07:45:42.442+0000] {processor.py:914} INFO - Processing file /home/komal/data-engineering-projects/airflow-spark-pipeline/airflow_venv/lib/python3.11/site-packages/airflow/example_dags/tutorial_dag.py for tasks to queue
[2026-03-18T07:45:42.447+0000] {logging_mixin.py:190} INFO - [2026-03-18T07:45:42.446+0000] {dagbag.py:588} INFO - Filling up the DagBag from /home/komal/data-engineering-projects/airflow-spark-pipeline/airflow_venv/lib/python3.11/site-packages/airflow/example_dags/tutorial_dag.py
[2026-03-18T07:45:42.460+0000] {processor.py:925} INFO - DAG(s) 'tutorial_dag' retrieved from /home/komal/data-engineering-projects/airflow-spark-pipeline/airflow_venv/lib/python3.11/site-packages/airflow/example_dags/tutorial_dag.py
[2026-03-18T07:45:42.479+0000] {logging_mixin.py:190} INFO - [2026-03-18T07:45:42.479+0000] {dag.py:3239} INFO - Sync 1 DAGs
[2026-03-18T07:45:42.493+0000] {logging_mixin.py:190} INFO - [2026-03-18T07:45:42.493+0000] {dag.py:4180} INFO - Setting next_dagrun for tutorial_dag to None, run_after=None
[2026-03-18T07:45:42.522+0000] {processor.py:208} INFO - Processing /home/komal/data-engineering-projects/airflow-spark-pipeline/airflow_venv/lib/python3.11/site-packages/airflow/example_dags/tutorial_dag.py took 0.124 seconds
[2026-03-18T07:46:56.510+0000] {processor.py:186} INFO - Started process (PID=34111) to work on /home/komal/data-engineering-projects/airflow-spark-pipeline/airflow_venv/lib/python3.11/site-packages/airflow/example_dags/tutorial_dag.py
[2026-03-18T07:46:56.543+0000] {processor.py:914} INFO - Processing file /home/komal/data-engineering-projects/airflow-spark-pipeline/airflow_venv/lib/python3.11/site-packages/airflow/example_dags/tutorial_dag.py for tasks to queue
[2026-03-18T07:46:56.548+0000] {logging_mixin.py:190} INFO - [2026-03-18T07:46:56.547+0000] {dagbag.py:588} INFO - Filling up the DagBag from /home/komal/data-engineering-projects/airflow-spark-pipeline/airflow_venv/lib/python3.11/site-packages/airflow/example_dags/tutorial_dag.py
[2026-03-18T07:46:56.563+0000] {processor.py:925} INFO - DAG(s) 'tutorial_dag' retrieved from /home/komal/data-engineering-projects/airflow-spark-pipeline/airflow_venv/lib/python3.11/site-packages/airflow/example_dags/tutorial_dag.py
[2026-03-18T07:46:56.585+0000] {logging_mixin.py:190} INFO - [2026-03-18T07:46:56.585+0000] {dag.py:3239} INFO - Sync 1 DAGs
[2026-03-18T07:46:56.599+0000] {logging_mixin.py:190} INFO - [2026-03-18T07:46:56.598+0000] {dag.py:4180} INFO - Setting next_dagrun for tutorial_dag to None, run_after=None
[2026-03-18T07:46:56.748+0000] {processor.py:208} INFO - Processing /home/komal/data-engineering-projects/airflow-spark-pipeline/airflow_venv/lib/python3.11/site-packages/airflow/example_dags/tutorial_dag.py took 0.249 seconds
[2026-03-18T07:49:05.493+0000] {processor.py:186} INFO - Started process (PID=34154) to work on /home/komal/data-engineering-projects/airflow-spark-pipeline/airflow_venv/lib/python3.11/site-packages/airflow/example_dags/tutorial_dag.py
[2026-03-18T07:49:05.525+0000] {processor.py:914} INFO - Processing file /home/komal/data-engineering-projects/airflow-spark-pipeline/airflow_venv/lib/python3.11/site-packages/airflow/example_dags/tutorial_dag.py for tasks to queue
[2026-03-18T07:49:05.529+0000] {logging_mixin.py:190} INFO - [2026-03-18T07:49:05.529+0000] {dagbag.py:588} INFO - Filling up the DagBag from /home/komal/data-engineering-projects/airflow-spark-pipeline/airflow_venv/lib/python3.11/site-packages/airflow/example_dags/tutorial_dag.py
[2026-03-18T07:49:05.543+0000] {processor.py:925} INFO - DAG(s) 'tutorial_dag' retrieved from /home/komal/data-engineering-projects/airflow-spark-pipeline/airflow_venv/lib/python3.11/site-packages/airflow/example_dags/tutorial_dag.py
[2026-03-18T07:49:05.568+0000] {logging_mixin.py:190} INFO - [2026-03-18T07:49:05.567+0000] {dag.py:3239} INFO - Sync 1 DAGs
[2026-03-18T07:49:05.727+0000] {logging_mixin.py:190} INFO - [2026-03-18T07:49:05.726+0000] {dag.py:4180} INFO - Setting next_dagrun for tutorial_dag to None, run_after=None
[2026-03-18T07:49:05.770+0000] {processor.py:208} INFO - Processing /home/komal/data-engineering-projects/airflow-spark-pipeline/airflow_venv/lib/python3.11/site-packages/airflow/example_dags/tutorial_dag.py took 0.285 seconds
[2026-03-18T07:50:10.661+0000] {processor.py:186} INFO - Started process (PID=34214) to work on /home/komal/data-engineering-projects/airflow-spark-pipeline/airflow_venv/lib/python3.11/site-packages/airflow/example_dags/tutorial_dag.py
[2026-03-18T07:50:10.667+0000] {processor.py:914} INFO - Processing file /home/komal/data-engineering-projects/airflow-spark-pipeline/airflow_venv/lib/python3.11/site-packages/airflow/example_dags/tutorial_dag.py for tasks to queue
[2026-03-18T07:50:10.672+0000] {logging_mixin.py:190} INFO - [2026-03-18T07:50:10.671+0000] {dagbag.py:588} INFO - Filling up the DagBag from /home/komal/data-engineering-projects/airflow-spark-pipeline/airflow_venv/lib/python3.11/site-packages/airflow/example_dags/tutorial_dag.py
[2026-03-18T07:50:10.683+0000] {processor.py:925} INFO - DAG(s) 'tutorial_dag' retrieved from /home/komal/data-engineering-projects/airflow-spark-pipeline/airflow_venv/lib/python3.11/site-packages/airflow/example_dags/tutorial_dag.py
[2026-03-18T07:50:10.708+0000] {logging_mixin.py:190} INFO - [2026-03-18T07:50:10.708+0000] {dag.py:3239} INFO - Sync 1 DAGs
[2026-03-18T07:50:10.729+0000] {logging_mixin.py:190} INFO - [2026-03-18T07:50:10.729+0000] {dag.py:4180} INFO - Setting next_dagrun for tutorial_dag to None, run_after=None
[2026-03-18T07:50:10.761+0000] {processor.py:208} INFO - Processing /home/komal/data-engineering-projects/airflow-spark-pipeline/airflow_venv/lib/python3.11/site-packages/airflow/example_dags/tutorial_dag.py took 0.110 seconds
[2026-03-18T07:51:21.534+0000] {processor.py:186} INFO - Started process (PID=34305) to work on /home/komal/data-engineering-projects/airflow-spark-pipeline/airflow_venv/lib/python3.11/site-packages/airflow/example_dags/tutorial_dag.py
[2026-03-18T07:51:21.566+0000] {processor.py:914} INFO - Processing file /home/komal/data-engineering-projects/airflow-spark-pipeline/airflow_venv/lib/python3.11/site-packages/airflow/example_dags/tutorial_dag.py for tasks to queue
[2026-03-18T07:51:21.570+0000] {logging_mixin.py:190} INFO - [2026-03-18T07:51:21.570+0000] {dagbag.py:588} INFO - Filling up the DagBag from /home/komal/data-engineering-projects/airflow-spark-pipeline/airflow_venv/lib/python3.11/site-packages/airflow/example_dags/tutorial_dag.py
[2026-03-18T07:51:21.583+0000] {processor.py:925} INFO - DAG(s) 'tutorial_dag' retrieved from /home/komal/data-engineering-projects/airflow-spark-pipeline/airflow_venv/lib/python3.11/site-packages/airflow/example_dags/tutorial_dag.py
[2026-03-18T07:51:21.600+0000] {logging_mixin.py:190} INFO - [2026-03-18T07:51:21.600+0000] {dag.py:3239} INFO - Sync 1 DAGs
[2026-03-18T07:51:21.615+0000] {logging_mixin.py:190} INFO - [2026-03-18T07:51:21.614+0000] {dag.py:4180} INFO - Setting next_dagrun for tutorial_dag to None, run_after=None
[2026-03-18T07:51:21.658+0000] {processor.py:208} INFO - Processing /home/komal/data-engineering-projects/airflow-spark-pipeline/airflow_venv/lib/python3.11/site-packages/airflow/example_dags/tutorial_dag.py took 0.132 seconds
[2026-03-18T07:52:35.790+0000] {processor.py:186} INFO - Started process (PID=34372) to work on /home/komal/data-engineering-projects/airflow-spark-pipeline/airflow_venv/lib/python3.11/site-packages/airflow/example_dags/tutorial_dag.py
[2026-03-18T07:52:35.823+0000] {processor.py:914} INFO - Processing file /home/komal/data-engineering-projects/airflow-spark-pipeline/airflow_venv/lib/python3.11/site-packages/airflow/example_dags/tutorial_dag.py for tasks to queue
[2026-03-18T07:52:35.828+0000] {logging_mixin.py:190} INFO - [2026-03-18T07:52:35.827+0000] {dagbag.py:588} INFO - Filling up the DagBag from /home/komal/data-engineering-projects/airflow-spark-pipeline/airflow_venv/lib/python3.11/site-packages/airflow/example_dags/tutorial_dag.py
[2026-03-18T07:52:35.843+0000] {processor.py:925} INFO - DAG(s) 'tutorial_dag' retrieved from /home/komal/data-engineering-projects/airflow-spark-pipeline/airflow_venv/lib/python3.11/site-packages/airflow/example_dags/tutorial_dag.py
[2026-03-18T07:52:35.869+0000] {logging_mixin.py:190} INFO - [2026-03-18T07:52:35.869+0000] {dag.py:3239} INFO - Sync 1 DAGs
[2026-03-18T07:52:35.895+0000] {logging_mixin.py:190} INFO - [2026-03-18T07:52:35.894+0000] {dag.py:4180} INFO - Setting next_dagrun for tutorial_dag to None, run_after=None
[2026-03-18T07:52:35.938+0000] {processor.py:208} INFO - Processing /home/komal/data-engineering-projects/airflow-spark-pipeline/airflow_venv/lib/python3.11/site-packages/airflow/example_dags/tutorial_dag.py took 0.159 seconds
[2026-03-18T07:53:17.865+0000] {processor.py:186} INFO - Started process (PID=34412) to work on /home/komal/data-engineering-projects/airflow-spark-pipeline/airflow_venv/lib/python3.11/site-packages/airflow/example_dags/tutorial_dag.py
[2026-03-18T07:53:17.895+0000] {processor.py:914} INFO - Processing file /home/komal/data-engineering-projects/airflow-spark-pipeline/airflow_venv/lib/python3.11/site-packages/airflow/example_dags/tutorial_dag.py for tasks to queue
[2026-03-18T07:53:17.900+0000] {logging_mixin.py:190} INFO - [2026-03-18T07:53:17.900+0000] {dagbag.py:588} INFO - Filling up the DagBag from /home/komal/data-engineering-projects/airflow-spark-pipeline/airflow_venv/lib/python3.11/site-packages/airflow/example_dags/tutorial_dag.py
[2026-03-18T07:53:17.916+0000] {processor.py:925} INFO - DAG(s) 'tutorial_dag' retrieved from /home/komal/data-engineering-projects/airflow-spark-pipeline/airflow_venv/lib/python3.11/site-packages/airflow/example_dags/tutorial_dag.py
[2026-03-18T07:53:17.936+0000] {logging_mixin.py:190} INFO - [2026-03-18T07:53:17.936+0000] {dag.py:3239} INFO - Sync 1 DAGs
[2026-03-18T07:53:17.953+0000] {logging_mixin.py:190} INFO - [2026-03-18T07:53:17.953+0000] {dag.py:4180} INFO - Setting next_dagrun for tutorial_dag to None, run_after=None
[2026-03-18T07:53:17.988+0000] {processor.py:208} INFO - Processing /home/komal/data-engineering-projects/airflow-spark-pipeline/airflow_venv/lib/python3.11/site-packages/airflow/example_dags/tutorial_dag.py took 0.130 seconds
[2026-03-18T07:54:00.940+0000] {processor.py:186} INFO - Started process (PID=34452) to work on /home/komal/data-engineering-projects/airflow-spark-pipeline/airflow_venv/lib/python3.11/site-packages/airflow/example_dags/tutorial_dag.py
[2026-03-18T07:54:00.944+0000] {processor.py:914} INFO - Processing file /home/komal/data-engineering-projects/airflow-spark-pipeline/airflow_venv/lib/python3.11/site-packages/airflow/example_dags/tutorial_dag.py for tasks to queue
[2026-03-18T07:54:00.947+0000] {logging_mixin.py:190} INFO - [2026-03-18T07:54:00.947+0000] {dagbag.py:588} INFO - Filling up the DagBag from /home/komal/data-engineering-projects/airflow-spark-pipeline/airflow_venv/lib/python3.11/site-packages/airflow/example_dags/tutorial_dag.py
[2026-03-18T07:54:00.958+0000] {processor.py:925} INFO - DAG(s) 'tutorial_dag' retrieved from /home/komal/data-engineering-projects/airflow-spark-pipeline/airflow_venv/lib/python3.11/site-packages/airflow/example_dags/tutorial_dag.py
[2026-03-18T07:54:00.982+0000] {logging_mixin.py:190} INFO - [2026-03-18T07:54:00.981+0000] {dag.py:3239} INFO - Sync 1 DAGs
[2026-03-18T07:54:00.999+0000] {logging_mixin.py:190} INFO - [2026-03-18T07:54:00.998+0000] {dag.py:4180} INFO - Setting next_dagrun for tutorial_dag to None, run_after=None
[2026-03-18T07:54:01.040+0000] {processor.py:208} INFO - Processing /home/komal/data-engineering-projects/airflow-spark-pipeline/airflow_venv/lib/python3.11/site-packages/airflow/example_dags/tutorial_dag.py took 0.109 seconds
[2026-03-18T07:54:51.276+0000] {processor.py:186} INFO - Started process (PID=34499) to work on /home/komal/data-engineering-projects/airflow-spark-pipeline/airflow_venv/lib/python3.11/site-packages/airflow/example_dags/tutorial_dag.py
[2026-03-18T07:54:51.309+0000] {processor.py:914} INFO - Processing file /home/komal/data-engineering-projects/airflow-spark-pipeline/airflow_venv/lib/python3.11/site-packages/airflow/example_dags/tutorial_dag.py for tasks to queue
[2026-03-18T07:54:51.314+0000] {logging_mixin.py:190} INFO - [2026-03-18T07:54:51.313+0000] {dagbag.py:588} INFO - Filling up the DagBag from /home/komal/data-engineering-projects/airflow-spark-pipeline/airflow_venv/lib/python3.11/site-packages/airflow/example_dags/tutorial_dag.py
[2026-03-18T07:54:51.328+0000] {processor.py:925} INFO - DAG(s) 'tutorial_dag' retrieved from /home/komal/data-engineering-projects/airflow-spark-pipeline/airflow_venv/lib/python3.11/site-packages/airflow/example_dags/tutorial_dag.py
[2026-03-18T07:54:51.357+0000] {logging_mixin.py:190} INFO - [2026-03-18T07:54:51.357+0000] {dag.py:3239} INFO - Sync 1 DAGs
[2026-03-18T07:54:51.371+0000] {logging_mixin.py:190} INFO - [2026-03-18T07:54:51.371+0000] {dag.py:4180} INFO - Setting next_dagrun for tutorial_dag to None, run_after=None
[2026-03-18T07:54:51.406+0000] {processor.py:208} INFO - Processing /home/komal/data-engineering-projects/airflow-spark-pipeline/airflow_venv/lib/python3.11/site-packages/airflow/example_dags/tutorial_dag.py took 0.141 seconds
[2026-03-18T07:56:04.919+0000] {processor.py:186} INFO - Started process (PID=34869) to work on /home/komal/data-engineering-projects/airflow-spark-pipeline/airflow_venv/lib/python3.11/site-packages/airflow/example_dags/tutorial_dag.py
[2026-03-18T07:56:04.949+0000] {processor.py:914} INFO - Processing file /home/komal/data-engineering-projects/airflow-spark-pipeline/airflow_venv/lib/python3.11/site-packages/airflow/example_dags/tutorial_dag.py for tasks to queue
[2026-03-18T07:56:04.955+0000] {logging_mixin.py:190} INFO - [2026-03-18T07:56:04.954+0000] {dagbag.py:588} INFO - Filling up the DagBag from /home/komal/data-engineering-projects/airflow-spark-pipeline/airflow_venv/lib/python3.11/site-packages/airflow/example_dags/tutorial_dag.py
[2026-03-18T07:56:04.970+0000] {processor.py:925} INFO - DAG(s) 'tutorial_dag' retrieved from /home/komal/data-engineering-projects/airflow-spark-pipeline/airflow_venv/lib/python3.11/site-packages/airflow/example_dags/tutorial_dag.py
[2026-03-18T07:56:04.996+0000] {logging_mixin.py:190} INFO - [2026-03-18T07:56:04.995+0000] {dag.py:3239} INFO - Sync 1 DAGs
[2026-03-18T07:56:05.015+0000] {logging_mixin.py:190} INFO - [2026-03-18T07:56:05.015+0000] {dag.py:4180} INFO - Setting next_dagrun for tutorial_dag to None, run_after=None
[2026-03-18T07:56:05.053+0000] {processor.py:208} INFO - Processing /home/komal/data-engineering-projects/airflow-spark-pipeline/airflow_venv/lib/python3.11/site-packages/airflow/example_dags/tutorial_dag.py took 0.145 seconds
[2026-03-18T08:04:58.830+0000] {processor.py:186} INFO - Started process (PID=34942) to work on /home/komal/data-engineering-projects/airflow-spark-pipeline/airflow_venv/lib/python3.11/site-packages/airflow/example_dags/tutorial_dag.py
[2026-03-18T08:04:58.865+0000] {processor.py:914} INFO - Processing file /home/komal/data-engineering-projects/airflow-spark-pipeline/airflow_venv/lib/python3.11/site-packages/airflow/example_dags/tutorial_dag.py for tasks to queue
[2026-03-18T08:04:58.870+0000] {logging_mixin.py:190} INFO - [2026-03-18T08:04:58.869+0000] {dagbag.py:588} INFO - Filling up the DagBag from /home/komal/data-engineering-projects/airflow-spark-pipeline/airflow_venv/lib/python3.11/site-packages/airflow/example_dags/tutorial_dag.py
[2026-03-18T08:04:58.884+0000] {processor.py:925} INFO - DAG(s) 'tutorial_dag' retrieved from /home/komal/data-engineering-projects/airflow-spark-pipeline/airflow_venv/lib/python3.11/site-packages/airflow/example_dags/tutorial_dag.py
[2026-03-18T08:04:58.905+0000] {logging_mixin.py:190} INFO - [2026-03-18T08:04:58.905+0000] {dag.py:3239} INFO - Sync 1 DAGs
[2026-03-18T08:04:58.919+0000] {logging_mixin.py:190} INFO - [2026-03-18T08:04:58.919+0000] {dag.py:4180} INFO - Setting next_dagrun for tutorial_dag to None, run_after=None
[2026-03-18T08:04:58.951+0000] {processor.py:208} INFO - Processing /home/komal/data-engineering-projects/airflow-spark-pipeline/airflow_venv/lib/python3.11/site-packages/airflow/example_dags/tutorial_dag.py took 0.131 seconds
[2026-03-18T08:05:44.346+0000] {processor.py:186} INFO - Started process (PID=34989) to work on /home/komal/data-engineering-projects/airflow-spark-pipeline/airflow_venv/lib/python3.11/site-packages/airflow/example_dags/tutorial_dag.py
[2026-03-18T08:05:44.381+0000] {processor.py:914} INFO - Processing file /home/komal/data-engineering-projects/airflow-spark-pipeline/airflow_venv/lib/python3.11/site-packages/airflow/example_dags/tutorial_dag.py for tasks to queue
[2026-03-18T08:05:44.384+0000] {logging_mixin.py:190} INFO - [2026-03-18T08:05:44.384+0000] {dagbag.py:588} INFO - Filling up the DagBag from /home/komal/data-engineering-projects/airflow-spark-pipeline/airflow_venv/lib/python3.11/site-packages/airflow/example_dags/tutorial_dag.py
[2026-03-18T08:05:44.395+0000] {processor.py:925} INFO - DAG(s) 'tutorial_dag' retrieved from /home/komal/data-engineering-projects/airflow-spark-pipeline/airflow_venv/lib/python3.11/site-packages/airflow/example_dags/tutorial_dag.py
[2026-03-18T08:05:44.415+0000] {logging_mixin.py:190} INFO - [2026-03-18T08:05:44.415+0000] {dag.py:3239} INFO - Sync 1 DAGs
[2026-03-18T08:05:44.430+0000] {logging_mixin.py:190} INFO - [2026-03-18T08:05:44.430+0000] {dag.py:4180} INFO - Setting next_dagrun for tutorial_dag to None, run_after=None
[2026-03-18T08:05:44.488+0000] {processor.py:208} INFO - Processing /home/komal/data-engineering-projects/airflow-spark-pipeline/airflow_venv/lib/python3.11/site-packages/airflow/example_dags/tutorial_dag.py took 0.150 seconds
[2026-03-18T08:06:54.552+0000] {processor.py:186} INFO - Started process (PID=35054) to work on /home/komal/data-engineering-projects/airflow-spark-pipeline/airflow_venv/lib/python3.11/site-packages/airflow/example_dags/tutorial_dag.py
[2026-03-18T08:06:54.586+0000] {processor.py:914} INFO - Processing file /home/komal/data-engineering-projects/airflow-spark-pipeline/airflow_venv/lib/python3.11/site-packages/airflow/example_dags/tutorial_dag.py for tasks to queue
[2026-03-18T08:06:54.590+0000] {logging_mixin.py:190} INFO - [2026-03-18T08:06:54.589+0000] {dagbag.py:588} INFO - Filling up the DagBag from /home/komal/data-engineering-projects/airflow-spark-pipeline/airflow_venv/lib/python3.11/site-packages/airflow/example_dags/tutorial_dag.py
[2026-03-18T08:06:54.604+0000] {processor.py:925} INFO - DAG(s) 'tutorial_dag' retrieved from /home/komal/data-engineering-projects/airflow-spark-pipeline/airflow_venv/lib/python3.11/site-packages/airflow/example_dags/tutorial_dag.py
[2026-03-18T08:06:54.628+0000] {logging_mixin.py:190} INFO - [2026-03-18T08:06:54.628+0000] {dag.py:3239} INFO - Sync 1 DAGs
[2026-03-18T08:06:54.646+0000] {logging_mixin.py:190} INFO - [2026-03-18T08:06:54.645+0000] {dag.py:4180} INFO - Setting next_dagrun for tutorial_dag to None, run_after=None
[2026-03-18T08:06:54.701+0000] {processor.py:208} INFO - Processing /home/komal/data-engineering-projects/airflow-spark-pipeline/airflow_venv/lib/python3.11/site-packages/airflow/example_dags/tutorial_dag.py took 0.156 seconds
[2026-03-18T08:07:33.061+0000] {processor.py:186} INFO - Started process (PID=35086) to work on /home/komal/data-engineering-projects/airflow-spark-pipeline/airflow_venv/lib/python3.11/site-packages/airflow/example_dags/tutorial_dag.py
[2026-03-18T08:07:33.064+0000] {processor.py:914} INFO - Processing file /home/komal/data-engineering-projects/airflow-spark-pipeline/airflow_venv/lib/python3.11/site-packages/airflow/example_dags/tutorial_dag.py for tasks to queue
[2026-03-18T08:07:33.067+0000] {logging_mixin.py:190} INFO - [2026-03-18T08:07:33.066+0000] {dagbag.py:588} INFO - Filling up the DagBag from /home/komal/data-engineering-projects/airflow-spark-pipeline/airflow_venv/lib/python3.11/site-packages/airflow/example_dags/tutorial_dag.py
[2026-03-18T08:07:33.077+0000] {processor.py:925} INFO - DAG(s) 'tutorial_dag' retrieved from /home/komal/data-engineering-projects/airflow-spark-pipeline/airflow_venv/lib/python3.11/site-packages/airflow/example_dags/tutorial_dag.py
[2026-03-18T08:07:33.098+0000] {logging_mixin.py:190} INFO - [2026-03-18T08:07:33.098+0000] {dag.py:3239} INFO - Sync 1 DAGs
[2026-03-18T08:07:33.250+0000] {logging_mixin.py:190} INFO - [2026-03-18T08:07:33.250+0000] {dag.py:4180} INFO - Setting next_dagrun for tutorial_dag to None, run_after=None
[2026-03-18T08:07:33.284+0000] {processor.py:208} INFO - Processing /home/komal/data-engineering-projects/airflow-spark-pipeline/airflow_venv/lib/python3.11/site-packages/airflow/example_dags/tutorial_dag.py took 0.232 seconds
[2026-03-18T08:08:10.260+0000] {processor.py:186} INFO - Started process (PID=35121) to work on /home/komal/data-engineering-projects/airflow-spark-pipeline/airflow_venv/lib/python3.11/site-packages/airflow/example_dags/tutorial_dag.py
[2026-03-18T08:08:10.262+0000] {processor.py:914} INFO - Processing file /home/komal/data-engineering-projects/airflow-spark-pipeline/airflow_venv/lib/python3.11/site-packages/airflow/example_dags/tutorial_dag.py for tasks to queue
[2026-03-18T08:08:10.265+0000] {logging_mixin.py:190} INFO - [2026-03-18T08:08:10.264+0000] {dagbag.py:588} INFO - Filling up the DagBag from /home/komal/data-engineering-projects/airflow-spark-pipeline/airflow_venv/lib/python3.11/site-packages/airflow/example_dags/tutorial_dag.py
[2026-03-18T08:08:10.275+0000] {processor.py:925} INFO - DAG(s) 'tutorial_dag' retrieved from /home/komal/data-engineering-projects/airflow-spark-pipeline/airflow_venv/lib/python3.11/site-packages/airflow/example_dags/tutorial_dag.py
[2026-03-18T08:08:10.294+0000] {logging_mixin.py:190} INFO - [2026-03-18T08:08:10.294+0000] {dag.py:3239} INFO - Sync 1 DAGs
[2026-03-18T08:08:10.309+0000] {logging_mixin.py:190} INFO - [2026-03-18T08:08:10.308+0000] {dag.py:4180} INFO - Setting next_dagrun for tutorial_dag to None, run_after=None
[2026-03-18T08:08:10.349+0000] {processor.py:208} INFO - Processing /home/komal/data-engineering-projects/airflow-spark-pipeline/airflow_venv/lib/python3.11/site-packages/airflow/example_dags/tutorial_dag.py took 0.099 seconds
[2026-03-18T08:09:21.829+0000] {processor.py:186} INFO - Started process (PID=35189) to work on /home/komal/data-engineering-projects/airflow-spark-pipeline/airflow_venv/lib/python3.11/site-packages/airflow/example_dags/tutorial_dag.py
[2026-03-18T08:09:21.834+0000] {processor.py:914} INFO - Processing file /home/komal/data-engineering-projects/airflow-spark-pipeline/airflow_venv/lib/python3.11/site-packages/airflow/example_dags/tutorial_dag.py for tasks to queue
[2026-03-18T08:09:21.838+0000] {logging_mixin.py:190} INFO - [2026-03-18T08:09:21.837+0000] {dagbag.py:588} INFO - Filling up the DagBag from /home/komal/data-engineering-projects/airflow-spark-pipeline/airflow_venv/lib/python3.11/site-packages/airflow/example_dags/tutorial_dag.py
[2026-03-18T08:09:21.851+0000] {processor.py:925} INFO - DAG(s) 'tutorial_dag' retrieved from /home/komal/data-engineering-projects/airflow-spark-pipeline/airflow_venv/lib/python3.11/site-packages/airflow/example_dags/tutorial_dag.py
[2026-03-18T08:09:21.871+0000] {logging_mixin.py:190} INFO - [2026-03-18T08:09:21.871+0000] {dag.py:3239} INFO - Sync 1 DAGs
[2026-03-18T08:09:21.888+0000] {logging_mixin.py:190} INFO - [2026-03-18T08:09:21.888+0000] {dag.py:4180} INFO - Setting next_dagrun for tutorial_dag to None, run_after=None
[2026-03-18T08:09:21.917+0000] {processor.py:208} INFO - Processing /home/komal/data-engineering-projects/airflow-spark-pipeline/airflow_venv/lib/python3.11/site-packages/airflow/example_dags/tutorial_dag.py took 0.097 seconds
[2026-03-18T08:10:00.453+0000] {processor.py:186} INFO - Started process (PID=35224) to work on /home/komal/data-engineering-projects/airflow-spark-pipeline/airflow_venv/lib/python3.11/site-packages/airflow/example_dags/tutorial_dag.py
[2026-03-18T08:10:00.456+0000] {processor.py:914} INFO - Processing file /home/komal/data-engineering-projects/airflow-spark-pipeline/airflow_venv/lib/python3.11/site-packages/airflow/example_dags/tutorial_dag.py for tasks to queue
[2026-03-18T08:10:00.459+0000] {logging_mixin.py:190} INFO - [2026-03-18T08:10:00.458+0000] {dagbag.py:588} INFO - Filling up the DagBag from /home/komal/data-engineering-projects/airflow-spark-pipeline/airflow_venv/lib/python3.11/site-packages/airflow/example_dags/tutorial_dag.py
[2026-03-18T08:10:00.471+0000] {processor.py:925} INFO - DAG(s) 'tutorial_dag' retrieved from /home/komal/data-engineering-projects/airflow-spark-pipeline/airflow_venv/lib/python3.11/site-packages/airflow/example_dags/tutorial_dag.py
[2026-03-18T08:10:00.491+0000] {logging_mixin.py:190} INFO - [2026-03-18T08:10:00.491+0000] {dag.py:3239} INFO - Sync 1 DAGs
[2026-03-18T08:10:00.508+0000] {logging_mixin.py:190} INFO - [2026-03-18T08:10:00.507+0000] {dag.py:4180} INFO - Setting next_dagrun for tutorial_dag to None, run_after=None
[2026-03-18T08:10:00.555+0000] {processor.py:208} INFO - Processing /home/komal/data-engineering-projects/airflow-spark-pipeline/airflow_venv/lib/python3.11/site-packages/airflow/example_dags/tutorial_dag.py took 0.109 seconds
[2026-03-18T08:11:12.376+0000] {processor.py:186} INFO - Started process (PID=35294) to work on /home/komal/data-engineering-projects/airflow-spark-pipeline/airflow_venv/lib/python3.11/site-packages/airflow/example_dags/tutorial_dag.py
[2026-03-18T08:11:12.407+0000] {processor.py:914} INFO - Processing file /home/komal/data-engineering-projects/airflow-spark-pipeline/airflow_venv/lib/python3.11/site-packages/airflow/example_dags/tutorial_dag.py for tasks to queue
[2026-03-18T08:11:12.410+0000] {logging_mixin.py:190} INFO - [2026-03-18T08:11:12.409+0000] {dagbag.py:588} INFO - Filling up the DagBag from /home/komal/data-engineering-projects/airflow-spark-pipeline/airflow_venv/lib/python3.11/site-packages/airflow/example_dags/tutorial_dag.py
[2026-03-18T08:11:12.420+0000] {processor.py:925} INFO - DAG(s) 'tutorial_dag' retrieved from /home/komal/data-engineering-projects/airflow-spark-pipeline/airflow_venv/lib/python3.11/site-packages/airflow/example_dags/tutorial_dag.py
[2026-03-18T08:11:12.441+0000] {logging_mixin.py:190} INFO - [2026-03-18T08:11:12.440+0000] {dag.py:3239} INFO - Sync 1 DAGs
[2026-03-18T08:11:12.457+0000] {logging_mixin.py:190} INFO - [2026-03-18T08:11:12.456+0000] {dag.py:4180} INFO - Setting next_dagrun for tutorial_dag to None, run_after=None
[2026-03-18T08:11:12.493+0000] {processor.py:208} INFO - Processing /home/komal/data-engineering-projects/airflow-spark-pipeline/airflow_venv/lib/python3.11/site-packages/airflow/example_dags/tutorial_dag.py took 0.125 seconds
[2026-03-18T08:11:50.966+0000] {processor.py:186} INFO - Started process (PID=35330) to work on /home/komal/data-engineering-projects/airflow-spark-pipeline/airflow_venv/lib/python3.11/site-packages/airflow/example_dags/tutorial_dag.py
[2026-03-18T08:11:50.999+0000] {processor.py:914} INFO - Processing file /home/komal/data-engineering-projects/airflow-spark-pipeline/airflow_venv/lib/python3.11/site-packages/airflow/example_dags/tutorial_dag.py for tasks to queue
[2026-03-18T08:11:51.003+0000] {logging_mixin.py:190} INFO - [2026-03-18T08:11:51.003+0000] {dagbag.py:588} INFO - Filling up the DagBag from /home/komal/data-engineering-projects/airflow-spark-pipeline/airflow_venv/lib/python3.11/site-packages/airflow/example_dags/tutorial_dag.py
[2026-03-18T08:11:51.018+0000] {processor.py:925} INFO - DAG(s) 'tutorial_dag' retrieved from /home/komal/data-engineering-projects/airflow-spark-pipeline/airflow_venv/lib/python3.11/site-packages/airflow/example_dags/tutorial_dag.py
[2026-03-18T08:11:51.045+0000] {logging_mixin.py:190} INFO - [2026-03-18T08:11:51.045+0000] {dag.py:3239} INFO - Sync 1 DAGs
[2026-03-18T08:11:51.062+0000] {logging_mixin.py:190} INFO - [2026-03-18T08:11:51.062+0000] {dag.py:4180} INFO - Setting next_dagrun for tutorial_dag to None, run_after=None
[2026-03-18T08:11:51.096+0000] {processor.py:208} INFO - Processing /home/komal/data-engineering-projects/airflow-spark-pipeline/airflow_venv/lib/python3.11/site-packages/airflow/example_dags/tutorial_dag.py took 0.141 seconds
[2026-03-18T08:14:10.959+0000] {processor.py:186} INFO - Started process (PID=35485) to work on /home/komal/data-engineering-projects/airflow-spark-pipeline/airflow_venv/lib/python3.11/site-packages/airflow/example_dags/tutorial_dag.py
[2026-03-18T08:14:10.991+0000] {processor.py:914} INFO - Processing file /home/komal/data-engineering-projects/airflow-spark-pipeline/airflow_venv/lib/python3.11/site-packages/airflow/example_dags/tutorial_dag.py for tasks to queue
[2026-03-18T08:14:10.995+0000] {logging_mixin.py:190} INFO - [2026-03-18T08:14:10.995+0000] {dagbag.py:588} INFO - Filling up the DagBag from /home/komal/data-engineering-projects/airflow-spark-pipeline/airflow_venv/lib/python3.11/site-packages/airflow/example_dags/tutorial_dag.py
[2026-03-18T08:14:11.012+0000] {processor.py:925} INFO - DAG(s) 'tutorial_dag' retrieved from /home/komal/data-engineering-projects/airflow-spark-pipeline/airflow_venv/lib/python3.11/site-packages/airflow/example_dags/tutorial_dag.py
[2026-03-18T08:14:11.059+0000] {logging_mixin.py:190} INFO - [2026-03-18T08:14:11.059+0000] {dag.py:3239} INFO - Sync 1 DAGs
[2026-03-18T08:14:11.075+0000] {logging_mixin.py:190} INFO - [2026-03-18T08:14:11.075+0000] {dag.py:4180} INFO - Setting next_dagrun for tutorial_dag to None, run_after=None
[2026-03-18T08:14:11.120+0000] {processor.py:208} INFO - Processing /home/komal/data-engineering-projects/airflow-spark-pipeline/airflow_venv/lib/python3.11/site-packages/airflow/example_dags/tutorial_dag.py took 0.172 seconds
[2026-03-18T08:15:33.756+0000] {processor.py:186} INFO - Started process (PID=35789) to work on /home/komal/data-engineering-projects/airflow-spark-pipeline/airflow_venv/lib/python3.11/site-packages/airflow/example_dags/tutorial_dag.py
[2026-03-18T08:15:33.760+0000] {processor.py:914} INFO - Processing file /home/komal/data-engineering-projects/airflow-spark-pipeline/airflow_venv/lib/python3.11/site-packages/airflow/example_dags/tutorial_dag.py for tasks to queue
[2026-03-18T08:15:33.763+0000] {logging_mixin.py:190} INFO - [2026-03-18T08:15:33.763+0000] {dagbag.py:588} INFO - Filling up the DagBag from /home/komal/data-engineering-projects/airflow-spark-pipeline/airflow_venv/lib/python3.11/site-packages/airflow/example_dags/tutorial_dag.py
[2026-03-18T08:15:33.773+0000] {processor.py:925} INFO - DAG(s) 'tutorial_dag' retrieved from /home/komal/data-engineering-projects/airflow-spark-pipeline/airflow_venv/lib/python3.11/site-packages/airflow/example_dags/tutorial_dag.py
[2026-03-18T08:15:33.792+0000] {logging_mixin.py:190} INFO - [2026-03-18T08:15:33.792+0000] {dag.py:3239} INFO - Sync 1 DAGs
[2026-03-18T08:15:33.806+0000] {logging_mixin.py:190} INFO - [2026-03-18T08:15:33.806+0000] {dag.py:4180} INFO - Setting next_dagrun for tutorial_dag to None, run_after=None
[2026-03-18T08:15:33.850+0000] {processor.py:208} INFO - Processing /home/komal/data-engineering-projects/airflow-spark-pipeline/airflow_venv/lib/python3.11/site-packages/airflow/example_dags/tutorial_dag.py took 0.102 seconds
[2026-03-18T08:16:44.774+0000] {processor.py:186} INFO - Started process (PID=35854) to work on /home/komal/data-engineering-projects/airflow-spark-pipeline/airflow_venv/lib/python3.11/site-packages/airflow/example_dags/tutorial_dag.py
[2026-03-18T08:16:44.807+0000] {processor.py:914} INFO - Processing file /home/komal/data-engineering-projects/airflow-spark-pipeline/airflow_venv/lib/python3.11/site-packages/airflow/example_dags/tutorial_dag.py for tasks to queue
[2026-03-18T08:16:44.811+0000] {logging_mixin.py:190} INFO - [2026-03-18T08:16:44.810+0000] {dagbag.py:588} INFO - Filling up the DagBag from /home/komal/data-engineering-projects/airflow-spark-pipeline/airflow_venv/lib/python3.11/site-packages/airflow/example_dags/tutorial_dag.py
[2026-03-18T08:16:44.820+0000] {processor.py:925} INFO - DAG(s) 'tutorial_dag' retrieved from /home/komal/data-engineering-projects/airflow-spark-pipeline/airflow_venv/lib/python3.11/site-packages/airflow/example_dags/tutorial_dag.py
[2026-03-18T08:16:44.840+0000] {logging_mixin.py:190} INFO - [2026-03-18T08:16:44.840+0000] {dag.py:3239} INFO - Sync 1 DAGs
[2026-03-18T08:16:44.858+0000] {logging_mixin.py:190} INFO - [2026-03-18T08:16:44.857+0000] {dag.py:4180} INFO - Setting next_dagrun for tutorial_dag to None, run_after=None
[2026-03-18T08:16:44.959+0000] {processor.py:208} INFO - Processing /home/komal/data-engineering-projects/airflow-spark-pipeline/airflow_venv/lib/python3.11/site-packages/airflow/example_dags/tutorial_dag.py took 0.196 seconds
[2026-03-18T08:17:24.047+0000] {processor.py:186} INFO - Started process (PID=35893) to work on /home/komal/data-engineering-projects/airflow-spark-pipeline/airflow_venv/lib/python3.11/site-packages/airflow/example_dags/tutorial_dag.py
[2026-03-18T08:17:24.049+0000] {processor.py:914} INFO - Processing file /home/komal/data-engineering-projects/airflow-spark-pipeline/airflow_venv/lib/python3.11/site-packages/airflow/example_dags/tutorial_dag.py for tasks to queue
[2026-03-18T08:17:24.051+0000] {logging_mixin.py:190} INFO - [2026-03-18T08:17:24.051+0000] {dagbag.py:588} INFO - Filling up the DagBag from /home/komal/data-engineering-projects/airflow-spark-pipeline/airflow_venv/lib/python3.11/site-packages/airflow/example_dags/tutorial_dag.py
[2026-03-18T08:17:24.062+0000] {processor.py:925} INFO - DAG(s) 'tutorial_dag' retrieved from /home/komal/data-engineering-projects/airflow-spark-pipeline/airflow_venv/lib/python3.11/site-packages/airflow/example_dags/tutorial_dag.py
[2026-03-18T08:17:24.083+0000] {logging_mixin.py:190} INFO - [2026-03-18T08:17:24.083+0000] {dag.py:3239} INFO - Sync 1 DAGs
[2026-03-18T08:17:24.099+0000] {logging_mixin.py:190} INFO - [2026-03-18T08:17:24.098+0000] {dag.py:4180} INFO - Setting next_dagrun for tutorial_dag to None, run_after=None
[2026-03-18T08:17:24.139+0000] {processor.py:208} INFO - Processing /home/komal/data-engineering-projects/airflow-spark-pipeline/airflow_venv/lib/python3.11/site-packages/airflow/example_dags/tutorial_dag.py took 0.103 seconds
[2026-03-18T08:18:01.305+0000] {processor.py:186} INFO - Started process (PID=35927) to work on /home/komal/data-engineering-projects/airflow-spark-pipeline/airflow_venv/lib/python3.11/site-packages/airflow/example_dags/tutorial_dag.py
[2026-03-18T08:18:01.341+0000] {processor.py:914} INFO - Processing file /home/komal/data-engineering-projects/airflow-spark-pipeline/airflow_venv/lib/python3.11/site-packages/airflow/example_dags/tutorial_dag.py for tasks to queue
[2026-03-18T08:18:01.344+0000] {logging_mixin.py:190} INFO - [2026-03-18T08:18:01.343+0000] {dagbag.py:588} INFO - Filling up the DagBag from /home/komal/data-engineering-projects/airflow-spark-pipeline/airflow_venv/lib/python3.11/site-packages/airflow/example_dags/tutorial_dag.py
[2026-03-18T08:18:01.354+0000] {processor.py:925} INFO - DAG(s) 'tutorial_dag' retrieved from /home/komal/data-engineering-projects/airflow-spark-pipeline/airflow_venv/lib/python3.11/site-packages/airflow/example_dags/tutorial_dag.py
[2026-03-18T08:18:01.372+0000] {logging_mixin.py:190} INFO - [2026-03-18T08:18:01.371+0000] {dag.py:3239} INFO - Sync 1 DAGs
[2026-03-18T08:18:01.389+0000] {logging_mixin.py:190} INFO - [2026-03-18T08:18:01.388+0000] {dag.py:4180} INFO - Setting next_dagrun for tutorial_dag to None, run_after=None
[2026-03-18T08:18:01.427+0000] {processor.py:208} INFO - Processing /home/komal/data-engineering-projects/airflow-spark-pipeline/airflow_venv/lib/python3.11/site-packages/airflow/example_dags/tutorial_dag.py took 0.135 seconds
[2026-03-18T08:19:10.011+0000] {processor.py:186} INFO - Started process (PID=36002) to work on /home/komal/data-engineering-projects/airflow-spark-pipeline/airflow_venv/lib/python3.11/site-packages/airflow/example_dags/tutorial_dag.py
[2026-03-18T08:19:10.012+0000] {processor.py:914} INFO - Processing file /home/komal/data-engineering-projects/airflow-spark-pipeline/airflow_venv/lib/python3.11/site-packages/airflow/example_dags/tutorial_dag.py for tasks to queue
[2026-03-18T08:19:10.014+0000] {logging_mixin.py:190} INFO - [2026-03-18T08:19:10.014+0000] {dagbag.py:588} INFO - Filling up the DagBag from /home/komal/data-engineering-projects/airflow-spark-pipeline/airflow_venv/lib/python3.11/site-packages/airflow/example_dags/tutorial_dag.py
[2026-03-18T08:19:10.020+0000] {processor.py:925} INFO - DAG(s) 'tutorial_dag' retrieved from /home/komal/data-engineering-projects/airflow-spark-pipeline/airflow_venv/lib/python3.11/site-packages/airflow/example_dags/tutorial_dag.py
[2026-03-18T08:19:10.029+0000] {logging_mixin.py:190} INFO - [2026-03-18T08:19:10.029+0000] {dag.py:3239} INFO - Sync 1 DAGs
[2026-03-18T08:19:10.040+0000] {logging_mixin.py:190} INFO - [2026-03-18T08:19:10.040+0000] {dag.py:4180} INFO - Setting next_dagrun for tutorial_dag to None, run_after=None
[2026-03-18T08:19:10.157+0000] {processor.py:208} INFO - Processing /home/komal/data-engineering-projects/airflow-spark-pipeline/airflow_venv/lib/python3.11/site-packages/airflow/example_dags/tutorial_dag.py took 0.150 seconds
[2026-03-18T08:20:14.074+0000] {processor.py:186} INFO - Started process (PID=36067) to work on /home/komal/data-engineering-projects/airflow-spark-pipeline/airflow_venv/lib/python3.11/site-packages/airflow/example_dags/tutorial_dag.py
[2026-03-18T08:20:14.080+0000] {processor.py:914} INFO - Processing file /home/komal/data-engineering-projects/airflow-spark-pipeline/airflow_venv/lib/python3.11/site-packages/airflow/example_dags/tutorial_dag.py for tasks to queue
[2026-03-18T08:20:14.082+0000] {logging_mixin.py:190} INFO - [2026-03-18T08:20:14.081+0000] {dagbag.py:588} INFO - Filling up the DagBag from /home/komal/data-engineering-projects/airflow-spark-pipeline/airflow_venv/lib/python3.11/site-packages/airflow/example_dags/tutorial_dag.py
[2026-03-18T08:20:14.087+0000] {processor.py:925} INFO - DAG(s) 'tutorial_dag' retrieved from /home/komal/data-engineering-projects/airflow-spark-pipeline/airflow_venv/lib/python3.11/site-packages/airflow/example_dags/tutorial_dag.py
[2026-03-18T08:20:14.097+0000] {logging_mixin.py:190} INFO - [2026-03-18T08:20:14.097+0000] {dag.py:3239} INFO - Sync 1 DAGs
[2026-03-18T08:20:14.108+0000] {logging_mixin.py:190} INFO - [2026-03-18T08:20:14.108+0000] {dag.py:4180} INFO - Setting next_dagrun for tutorial_dag to None, run_after=None
[2026-03-18T08:20:14.137+0000] {processor.py:208} INFO - Processing /home/komal/data-engineering-projects/airflow-spark-pipeline/airflow_venv/lib/python3.11/site-packages/airflow/example_dags/tutorial_dag.py took 0.067 seconds
[2026-03-18T13:40:51.160+0000] {processor.py:186} INFO - Started process (PID=36111) to work on /home/komal/data-engineering-projects/airflow-spark-pipeline/airflow_venv/lib/python3.11/site-packages/airflow/example_dags/tutorial_dag.py
[2026-03-18T13:40:51.163+0000] {processor.py:914} INFO - Processing file /home/komal/data-engineering-projects/airflow-spark-pipeline/airflow_venv/lib/python3.11/site-packages/airflow/example_dags/tutorial_dag.py for tasks to queue
[2026-03-18T13:40:51.166+0000] {logging_mixin.py:190} INFO - [2026-03-18T13:40:51.166+0000] {dagbag.py:588} INFO - Filling up the DagBag from /home/komal/data-engineering-projects/airflow-spark-pipeline/airflow_venv/lib/python3.11/site-packages/airflow/example_dags/tutorial_dag.py
[2026-03-18T13:40:51.173+0000] {processor.py:925} INFO - DAG(s) 'tutorial_dag' retrieved from /home/komal/data-engineering-projects/airflow-spark-pipeline/airflow_venv/lib/python3.11/site-packages/airflow/example_dags/tutorial_dag.py
[2026-03-18T13:40:51.184+0000] {logging_mixin.py:190} INFO - [2026-03-18T13:40:51.184+0000] {dag.py:3239} INFO - Sync 1 DAGs
[2026-03-18T13:40:51.193+0000] {logging_mixin.py:190} INFO - [2026-03-18T13:40:51.193+0000] {dag.py:4180} INFO - Setting next_dagrun for tutorial_dag to None, run_after=None
[2026-03-18T13:40:51.213+0000] {processor.py:208} INFO - Processing /home/komal/data-engineering-projects/airflow-spark-pipeline/airflow_venv/lib/python3.11/site-packages/airflow/example_dags/tutorial_dag.py took 0.058 seconds
[2026-03-18T13:41:47.537+0000] {processor.py:186} INFO - Started process (PID=36168) to work on /home/komal/data-engineering-projects/airflow-spark-pipeline/airflow_venv/lib/python3.11/site-packages/airflow/example_dags/tutorial_dag.py
[2026-03-18T13:41:47.569+0000] {processor.py:914} INFO - Processing file /home/komal/data-engineering-projects/airflow-spark-pipeline/airflow_venv/lib/python3.11/site-packages/airflow/example_dags/tutorial_dag.py for tasks to queue
[2026-03-18T13:41:47.573+0000] {logging_mixin.py:190} INFO - [2026-03-18T13:41:47.572+0000] {dagbag.py:588} INFO - Filling up the DagBag from /home/komal/data-engineering-projects/airflow-spark-pipeline/airflow_venv/lib/python3.11/site-packages/airflow/example_dags/tutorial_dag.py
[2026-03-18T13:41:47.585+0000] {processor.py:925} INFO - DAG(s) 'tutorial_dag' retrieved from /home/komal/data-engineering-projects/airflow-spark-pipeline/airflow_venv/lib/python3.11/site-packages/airflow/example_dags/tutorial_dag.py
[2026-03-18T13:41:47.596+0000] {logging_mixin.py:190} INFO - [2026-03-18T13:41:47.596+0000] {dag.py:3239} INFO - Sync 1 DAGs
[2026-03-18T13:41:47.605+0000] {logging_mixin.py:190} INFO - [2026-03-18T13:41:47.605+0000] {dag.py:4180} INFO - Setting next_dagrun for tutorial_dag to None, run_after=None
[2026-03-18T13:41:47.627+0000] {processor.py:208} INFO - Processing /home/komal/data-engineering-projects/airflow-spark-pipeline/airflow_venv/lib/python3.11/site-packages/airflow/example_dags/tutorial_dag.py took 0.099 seconds
[2026-03-18T13:42:50.151+0000] {processor.py:186} INFO - Started process (PID=36264) to work on /home/komal/data-engineering-projects/airflow-spark-pipeline/airflow_venv/lib/python3.11/site-packages/airflow/example_dags/tutorial_dag.py
[2026-03-18T13:42:50.154+0000] {processor.py:914} INFO - Processing file /home/komal/data-engineering-projects/airflow-spark-pipeline/airflow_venv/lib/python3.11/site-packages/airflow/example_dags/tutorial_dag.py for tasks to queue
[2026-03-18T13:42:50.156+0000] {logging_mixin.py:190} INFO - [2026-03-18T13:42:50.156+0000] {dagbag.py:588} INFO - Filling up the DagBag from /home/komal/data-engineering-projects/airflow-spark-pipeline/airflow_venv/lib/python3.11/site-packages/airflow/example_dags/tutorial_dag.py
[2026-03-18T13:42:50.163+0000] {processor.py:925} INFO - DAG(s) 'tutorial_dag' retrieved from /home/komal/data-engineering-projects/airflow-spark-pipeline/airflow_venv/lib/python3.11/site-packages/airflow/example_dags/tutorial_dag.py
[2026-03-18T13:42:50.173+0000] {logging_mixin.py:190} INFO - [2026-03-18T13:42:50.173+0000] {dag.py:3239} INFO - Sync 1 DAGs
[2026-03-18T13:42:50.182+0000] {logging_mixin.py:190} INFO - [2026-03-18T13:42:50.182+0000] {dag.py:4180} INFO - Setting next_dagrun for tutorial_dag to None, run_after=None
[2026-03-18T13:42:50.209+0000] {processor.py:208} INFO - Processing /home/komal/data-engineering-projects/airflow-spark-pipeline/airflow_venv/lib/python3.11/site-packages/airflow/example_dags/tutorial_dag.py took 0.065 seconds
[2026-03-18T13:43:58.492+0000] {processor.py:186} INFO - Started process (PID=36330) to work on /home/komal/data-engineering-projects/airflow-spark-pipeline/airflow_venv/lib/python3.11/site-packages/airflow/example_dags/tutorial_dag.py
[2026-03-18T13:43:58.502+0000] {processor.py:914} INFO - Processing file /home/komal/data-engineering-projects/airflow-spark-pipeline/airflow_venv/lib/python3.11/site-packages/airflow/example_dags/tutorial_dag.py for tasks to queue
[2026-03-18T13:43:58.504+0000] {logging_mixin.py:190} INFO - [2026-03-18T13:43:58.504+0000] {dagbag.py:588} INFO - Filling up the DagBag from /home/komal/data-engineering-projects/airflow-spark-pipeline/airflow_venv/lib/python3.11/site-packages/airflow/example_dags/tutorial_dag.py
[2026-03-18T13:43:58.510+0000] {processor.py:925} INFO - DAG(s) 'tutorial_dag' retrieved from /home/komal/data-engineering-projects/airflow-spark-pipeline/airflow_venv/lib/python3.11/site-packages/airflow/example_dags/tutorial_dag.py
[2026-03-18T13:43:58.520+0000] {logging_mixin.py:190} INFO - [2026-03-18T13:43:58.520+0000] {dag.py:3239} INFO - Sync 1 DAGs
[2026-03-18T13:43:58.531+0000] {logging_mixin.py:190} INFO - [2026-03-18T13:43:58.531+0000] {dag.py:4180} INFO - Setting next_dagrun for tutorial_dag to None, run_after=None
[2026-03-18T13:43:58.553+0000] {processor.py:208} INFO - Processing /home/komal/data-engineering-projects/airflow-spark-pipeline/airflow_venv/lib/python3.11/site-packages/airflow/example_dags/tutorial_dag.py took 0.065 seconds
[2026-03-18T13:45:04.163+0000] {processor.py:186} INFO - Started process (PID=36393) to work on /home/komal/data-engineering-projects/airflow-spark-pipeline/airflow_venv/lib/python3.11/site-packages/airflow/example_dags/tutorial_dag.py
[2026-03-18T13:45:04.165+0000] {processor.py:914} INFO - Processing file /home/komal/data-engineering-projects/airflow-spark-pipeline/airflow_venv/lib/python3.11/site-packages/airflow/example_dags/tutorial_dag.py for tasks to queue
[2026-03-18T13:45:04.167+0000] {logging_mixin.py:190} INFO - [2026-03-18T13:45:04.167+0000] {dagbag.py:588} INFO - Filling up the DagBag from /home/komal/data-engineering-projects/airflow-spark-pipeline/airflow_venv/lib/python3.11/site-packages/airflow/example_dags/tutorial_dag.py
[2026-03-18T13:45:04.174+0000] {processor.py:925} INFO - DAG(s) 'tutorial_dag' retrieved from /home/komal/data-engineering-projects/airflow-spark-pipeline/airflow_venv/lib/python3.11/site-packages/airflow/example_dags/tutorial_dag.py
[2026-03-18T13:45:04.186+0000] {logging_mixin.py:190} INFO - [2026-03-18T13:45:04.186+0000] {dag.py:3239} INFO - Sync 1 DAGs
[2026-03-18T13:45:04.193+0000] {logging_mixin.py:190} INFO - [2026-03-18T13:45:04.193+0000] {dag.py:4180} INFO - Setting next_dagrun for tutorial_dag to None, run_after=None
[2026-03-18T13:45:04.273+0000] {processor.py:208} INFO - Processing /home/komal/data-engineering-projects/airflow-spark-pipeline/airflow_venv/lib/python3.11/site-packages/airflow/example_dags/tutorial_dag.py took 0.116 seconds
[2026-03-18T13:45:41.282+0000] {processor.py:186} INFO - Started process (PID=36429) to work on /home/komal/data-engineering-projects/airflow-spark-pipeline/airflow_venv/lib/python3.11/site-packages/airflow/example_dags/tutorial_dag.py
[2026-03-18T13:45:41.311+0000] {processor.py:914} INFO - Processing file /home/komal/data-engineering-projects/airflow-spark-pipeline/airflow_venv/lib/python3.11/site-packages/airflow/example_dags/tutorial_dag.py for tasks to queue
[2026-03-18T13:45:41.313+0000] {logging_mixin.py:190} INFO - [2026-03-18T13:45:41.313+0000] {dagbag.py:588} INFO - Filling up the DagBag from /home/komal/data-engineering-projects/airflow-spark-pipeline/airflow_venv/lib/python3.11/site-packages/airflow/example_dags/tutorial_dag.py
[2026-03-18T13:45:41.319+0000] {processor.py:925} INFO - DAG(s) 'tutorial_dag' retrieved from /home/komal/data-engineering-projects/airflow-spark-pipeline/airflow_venv/lib/python3.11/site-packages/airflow/example_dags/tutorial_dag.py
[2026-03-18T13:45:41.335+0000] {logging_mixin.py:190} INFO - [2026-03-18T13:45:41.335+0000] {dag.py:3239} INFO - Sync 1 DAGs
[2026-03-18T13:45:41.343+0000] {logging_mixin.py:190} INFO - [2026-03-18T13:45:41.343+0000] {dag.py:4180} INFO - Setting next_dagrun for tutorial_dag to None, run_after=None
[2026-03-18T13:45:41.405+0000] {processor.py:208} INFO - Processing /home/komal/data-engineering-projects/airflow-spark-pipeline/airflow_venv/lib/python3.11/site-packages/airflow/example_dags/tutorial_dag.py took 0.126 seconds
[2026-03-18T13:46:44.455+0000] {processor.py:186} INFO - Started process (PID=36493) to work on /home/komal/data-engineering-projects/airflow-spark-pipeline/airflow_venv/lib/python3.11/site-packages/airflow/example_dags/tutorial_dag.py
[2026-03-18T13:46:44.459+0000] {processor.py:914} INFO - Processing file /home/komal/data-engineering-projects/airflow-spark-pipeline/airflow_venv/lib/python3.11/site-packages/airflow/example_dags/tutorial_dag.py for tasks to queue
[2026-03-18T13:46:44.461+0000] {logging_mixin.py:190} INFO - [2026-03-18T13:46:44.461+0000] {dagbag.py:588} INFO - Filling up the DagBag from /home/komal/data-engineering-projects/airflow-spark-pipeline/airflow_venv/lib/python3.11/site-packages/airflow/example_dags/tutorial_dag.py
[2026-03-18T13:46:44.467+0000] {processor.py:925} INFO - DAG(s) 'tutorial_dag' retrieved from /home/komal/data-engineering-projects/airflow-spark-pipeline/airflow_venv/lib/python3.11/site-packages/airflow/example_dags/tutorial_dag.py
[2026-03-18T13:46:44.476+0000] {logging_mixin.py:190} INFO - [2026-03-18T13:46:44.476+0000] {dag.py:3239} INFO - Sync 1 DAGs
[2026-03-18T13:46:44.484+0000] {logging_mixin.py:190} INFO - [2026-03-18T13:46:44.484+0000] {dag.py:4180} INFO - Setting next_dagrun for tutorial_dag to None, run_after=None
[2026-03-18T13:46:44.507+0000] {processor.py:208} INFO - Processing /home/komal/data-engineering-projects/airflow-spark-pipeline/airflow_venv/lib/python3.11/site-packages/airflow/example_dags/tutorial_dag.py took 0.058 seconds
[2026-03-18T13:47:50.093+0000] {processor.py:186} INFO - Started process (PID=36555) to work on /home/komal/data-engineering-projects/airflow-spark-pipeline/airflow_venv/lib/python3.11/site-packages/airflow/example_dags/tutorial_dag.py
[2026-03-18T13:47:50.097+0000] {processor.py:914} INFO - Processing file /home/komal/data-engineering-projects/airflow-spark-pipeline/airflow_venv/lib/python3.11/site-packages/airflow/example_dags/tutorial_dag.py for tasks to queue
[2026-03-18T13:47:50.101+0000] {logging_mixin.py:190} INFO - [2026-03-18T13:47:50.101+0000] {dagbag.py:588} INFO - Filling up the DagBag from /home/komal/data-engineering-projects/airflow-spark-pipeline/airflow_venv/lib/python3.11/site-packages/airflow/example_dags/tutorial_dag.py
[2026-03-18T13:47:50.116+0000] {processor.py:925} INFO - DAG(s) 'tutorial_dag' retrieved from /home/komal/data-engineering-projects/airflow-spark-pipeline/airflow_venv/lib/python3.11/site-packages/airflow/example_dags/tutorial_dag.py
[2026-03-18T13:47:50.137+0000] {logging_mixin.py:190} INFO - [2026-03-18T13:47:50.137+0000] {dag.py:3239} INFO - Sync 1 DAGs
[2026-03-18T13:47:50.155+0000] {logging_mixin.py:190} INFO - [2026-03-18T13:47:50.154+0000] {dag.py:4180} INFO - Setting next_dagrun for tutorial_dag to None, run_after=None
[2026-03-18T13:47:50.183+0000] {processor.py:208} INFO - Processing /home/komal/data-engineering-projects/airflow-spark-pipeline/airflow_venv/lib/python3.11/site-packages/airflow/example_dags/tutorial_dag.py took 0.100 seconds
[2026-03-18T13:48:54.746+0000] {processor.py:186} INFO - Started process (PID=36617) to work on /home/komal/data-engineering-projects/airflow-spark-pipeline/airflow_venv/lib/python3.11/site-packages/airflow/example_dags/tutorial_dag.py
[2026-03-18T13:48:54.778+0000] {processor.py:914} INFO - Processing file /home/komal/data-engineering-projects/airflow-spark-pipeline/airflow_venv/lib/python3.11/site-packages/airflow/example_dags/tutorial_dag.py for tasks to queue
[2026-03-18T13:48:54.782+0000] {logging_mixin.py:190} INFO - [2026-03-18T13:48:54.782+0000] {dagbag.py:588} INFO - Filling up the DagBag from /home/komal/data-engineering-projects/airflow-spark-pipeline/airflow_venv/lib/python3.11/site-packages/airflow/example_dags/tutorial_dag.py
[2026-03-18T13:48:54.794+0000] {processor.py:925} INFO - DAG(s) 'tutorial_dag' retrieved from /home/komal/data-engineering-projects/airflow-spark-pipeline/airflow_venv/lib/python3.11/site-packages/airflow/example_dags/tutorial_dag.py
[2026-03-18T13:48:54.805+0000] {logging_mixin.py:190} INFO - [2026-03-18T13:48:54.805+0000] {dag.py:3239} INFO - Sync 1 DAGs
[2026-03-18T13:48:54.813+0000] {logging_mixin.py:190} INFO - [2026-03-18T13:48:54.813+0000] {dag.py:4180} INFO - Setting next_dagrun for tutorial_dag to None, run_after=None
[2026-03-18T13:48:54.838+0000] {processor.py:208} INFO - Processing /home/komal/data-engineering-projects/airflow-spark-pipeline/airflow_venv/lib/python3.11/site-packages/airflow/example_dags/tutorial_dag.py took 0.098 seconds
[2026-03-18T13:49:59.155+0000] {processor.py:186} INFO - Started process (PID=36679) to work on /home/komal/data-engineering-projects/airflow-spark-pipeline/airflow_venv/lib/python3.11/site-packages/airflow/example_dags/tutorial_dag.py
[2026-03-18T13:49:59.187+0000] {processor.py:914} INFO - Processing file /home/komal/data-engineering-projects/airflow-spark-pipeline/airflow_venv/lib/python3.11/site-packages/airflow/example_dags/tutorial_dag.py for tasks to queue
[2026-03-18T13:49:59.191+0000] {logging_mixin.py:190} INFO - [2026-03-18T13:49:59.190+0000] {dagbag.py:588} INFO - Filling up the DagBag from /home/komal/data-engineering-projects/airflow-spark-pipeline/airflow_venv/lib/python3.11/site-packages/airflow/example_dags/tutorial_dag.py
[2026-03-18T13:49:59.202+0000] {processor.py:925} INFO - DAG(s) 'tutorial_dag' retrieved from /home/komal/data-engineering-projects/airflow-spark-pipeline/airflow_venv/lib/python3.11/site-packages/airflow/example_dags/tutorial_dag.py
[2026-03-18T13:49:59.214+0000] {logging_mixin.py:190} INFO - [2026-03-18T13:49:59.214+0000] {dag.py:3239} INFO - Sync 1 DAGs
[2026-03-18T13:49:59.222+0000] {logging_mixin.py:190} INFO - [2026-03-18T13:49:59.222+0000] {dag.py:4180} INFO - Setting next_dagrun for tutorial_dag to None, run_after=None
[2026-03-18T13:49:59.245+0000] {processor.py:208} INFO - Processing /home/komal/data-engineering-projects/airflow-spark-pipeline/airflow_venv/lib/python3.11/site-packages/airflow/example_dags/tutorial_dag.py took 0.102 seconds
[2026-03-18T13:51:03.231+0000] {processor.py:186} INFO - Started process (PID=36743) to work on /home/komal/data-engineering-projects/airflow-spark-pipeline/airflow_venv/lib/python3.11/site-packages/airflow/example_dags/tutorial_dag.py
[2026-03-18T13:51:03.264+0000] {processor.py:914} INFO - Processing file /home/komal/data-engineering-projects/airflow-spark-pipeline/airflow_venv/lib/python3.11/site-packages/airflow/example_dags/tutorial_dag.py for tasks to queue
[2026-03-18T13:51:03.268+0000] {logging_mixin.py:190} INFO - [2026-03-18T13:51:03.267+0000] {dagbag.py:588} INFO - Filling up the DagBag from /home/komal/data-engineering-projects/airflow-spark-pipeline/airflow_venv/lib/python3.11/site-packages/airflow/example_dags/tutorial_dag.py
[2026-03-18T13:51:03.280+0000] {processor.py:925} INFO - DAG(s) 'tutorial_dag' retrieved from /home/komal/data-engineering-projects/airflow-spark-pipeline/airflow_venv/lib/python3.11/site-packages/airflow/example_dags/tutorial_dag.py
[2026-03-18T13:51:03.290+0000] {logging_mixin.py:190} INFO - [2026-03-18T13:51:03.290+0000] {dag.py:3239} INFO - Sync 1 DAGs
[2026-03-18T13:51:03.298+0000] {logging_mixin.py:190} INFO - [2026-03-18T13:51:03.298+0000] {dag.py:4180} INFO - Setting next_dagrun for tutorial_dag to None, run_after=None
[2026-03-18T13:51:03.322+0000] {processor.py:208} INFO - Processing /home/komal/data-engineering-projects/airflow-spark-pipeline/airflow_venv/lib/python3.11/site-packages/airflow/example_dags/tutorial_dag.py took 0.100 seconds
[2026-03-18T13:51:40.043+0000] {processor.py:186} INFO - Started process (PID=36775) to work on /home/komal/data-engineering-projects/airflow-spark-pipeline/airflow_venv/lib/python3.11/site-packages/airflow/example_dags/tutorial_dag.py
[2026-03-18T13:51:40.080+0000] {processor.py:914} INFO - Processing file /home/komal/data-engineering-projects/airflow-spark-pipeline/airflow_venv/lib/python3.11/site-packages/airflow/example_dags/tutorial_dag.py for tasks to queue
[2026-03-18T13:51:40.084+0000] {logging_mixin.py:190} INFO - [2026-03-18T13:51:40.083+0000] {dagbag.py:588} INFO - Filling up the DagBag from /home/komal/data-engineering-projects/airflow-spark-pipeline/airflow_venv/lib/python3.11/site-packages/airflow/example_dags/tutorial_dag.py
[2026-03-18T13:51:40.096+0000] {processor.py:925} INFO - DAG(s) 'tutorial_dag' retrieved from /home/komal/data-engineering-projects/airflow-spark-pipeline/airflow_venv/lib/python3.11/site-packages/airflow/example_dags/tutorial_dag.py
[2026-03-18T13:51:40.109+0000] {logging_mixin.py:190} INFO - [2026-03-18T13:51:40.109+0000] {dag.py:3239} INFO - Sync 1 DAGs
[2026-03-18T13:51:40.118+0000] {logging_mixin.py:190} INFO - [2026-03-18T13:51:40.117+0000] {dag.py:4180} INFO - Setting next_dagrun for tutorial_dag to None, run_after=None
[2026-03-18T13:51:40.141+0000] {processor.py:208} INFO - Processing /home/komal/data-engineering-projects/airflow-spark-pipeline/airflow_venv/lib/python3.11/site-packages/airflow/example_dags/tutorial_dag.py took 0.109 seconds
[2026-03-18T13:52:42.306+0000] {processor.py:186} INFO - Started process (PID=36837) to work on /home/komal/data-engineering-projects/airflow-spark-pipeline/airflow_venv/lib/python3.11/site-packages/airflow/example_dags/tutorial_dag.py
[2026-03-18T13:52:42.310+0000] {processor.py:914} INFO - Processing file /home/komal/data-engineering-projects/airflow-spark-pipeline/airflow_venv/lib/python3.11/site-packages/airflow/example_dags/tutorial_dag.py for tasks to queue
[2026-03-18T13:52:42.312+0000] {logging_mixin.py:190} INFO - [2026-03-18T13:52:42.311+0000] {dagbag.py:588} INFO - Filling up the DagBag from /home/komal/data-engineering-projects/airflow-spark-pipeline/airflow_venv/lib/python3.11/site-packages/airflow/example_dags/tutorial_dag.py
[2026-03-18T13:52:42.318+0000] {processor.py:925} INFO - DAG(s) 'tutorial_dag' retrieved from /home/komal/data-engineering-projects/airflow-spark-pipeline/airflow_venv/lib/python3.11/site-packages/airflow/example_dags/tutorial_dag.py
[2026-03-18T13:52:42.338+0000] {logging_mixin.py:190} INFO - [2026-03-18T13:52:42.338+0000] {dag.py:3239} INFO - Sync 1 DAGs
[2026-03-18T13:52:42.346+0000] {logging_mixin.py:190} INFO - [2026-03-18T13:52:42.346+0000] {dag.py:4180} INFO - Setting next_dagrun for tutorial_dag to None, run_after=None
[2026-03-18T13:52:42.371+0000] {processor.py:208} INFO - Processing /home/komal/data-engineering-projects/airflow-spark-pipeline/airflow_venv/lib/python3.11/site-packages/airflow/example_dags/tutorial_dag.py took 0.074 seconds
[2026-03-18T13:53:50.730+0000] {processor.py:186} INFO - Started process (PID=36902) to work on /home/komal/data-engineering-projects/airflow-spark-pipeline/airflow_venv/lib/python3.11/site-packages/airflow/example_dags/tutorial_dag.py
[2026-03-18T13:53:50.763+0000] {processor.py:914} INFO - Processing file /home/komal/data-engineering-projects/airflow-spark-pipeline/airflow_venv/lib/python3.11/site-packages/airflow/example_dags/tutorial_dag.py for tasks to queue
[2026-03-18T13:53:50.767+0000] {logging_mixin.py:190} INFO - [2026-03-18T13:53:50.766+0000] {dagbag.py:588} INFO - Filling up the DagBag from /home/komal/data-engineering-projects/airflow-spark-pipeline/airflow_venv/lib/python3.11/site-packages/airflow/example_dags/tutorial_dag.py
[2026-03-18T13:53:50.781+0000] {processor.py:925} INFO - DAG(s) 'tutorial_dag' retrieved from /home/komal/data-engineering-projects/airflow-spark-pipeline/airflow_venv/lib/python3.11/site-packages/airflow/example_dags/tutorial_dag.py
[2026-03-18T13:53:50.800+0000] {logging_mixin.py:190} INFO - [2026-03-18T13:53:50.800+0000] {dag.py:3239} INFO - Sync 1 DAGs
[2026-03-18T13:53:50.807+0000] {logging_mixin.py:190} INFO - [2026-03-18T13:53:50.807+0000] {dag.py:4180} INFO - Setting next_dagrun for tutorial_dag to None, run_after=None
[2026-03-18T13:53:50.831+0000] {processor.py:208} INFO - Processing /home/komal/data-engineering-projects/airflow-spark-pipeline/airflow_venv/lib/python3.11/site-packages/airflow/example_dags/tutorial_dag.py took 0.106 seconds
[2026-03-18T13:54:57.754+0000] {processor.py:186} INFO - Started process (PID=36965) to work on /home/komal/data-engineering-projects/airflow-spark-pipeline/airflow_venv/lib/python3.11/site-packages/airflow/example_dags/tutorial_dag.py
[2026-03-18T13:54:57.785+0000] {processor.py:914} INFO - Processing file /home/komal/data-engineering-projects/airflow-spark-pipeline/airflow_venv/lib/python3.11/site-packages/airflow/example_dags/tutorial_dag.py for tasks to queue
[2026-03-18T13:54:57.788+0000] {logging_mixin.py:190} INFO - [2026-03-18T13:54:57.788+0000] {dagbag.py:588} INFO - Filling up the DagBag from /home/komal/data-engineering-projects/airflow-spark-pipeline/airflow_venv/lib/python3.11/site-packages/airflow/example_dags/tutorial_dag.py
[2026-03-18T13:54:57.800+0000] {processor.py:925} INFO - DAG(s) 'tutorial_dag' retrieved from /home/komal/data-engineering-projects/airflow-spark-pipeline/airflow_venv/lib/python3.11/site-packages/airflow/example_dags/tutorial_dag.py
[2026-03-18T13:54:57.812+0000] {logging_mixin.py:190} INFO - [2026-03-18T13:54:57.812+0000] {dag.py:3239} INFO - Sync 1 DAGs
[2026-03-18T13:54:57.820+0000] {logging_mixin.py:190} INFO - [2026-03-18T13:54:57.820+0000] {dag.py:4180} INFO - Setting next_dagrun for tutorial_dag to None, run_after=None
[2026-03-18T13:54:57.844+0000] {processor.py:208} INFO - Processing /home/komal/data-engineering-projects/airflow-spark-pipeline/airflow_venv/lib/python3.11/site-packages/airflow/example_dags/tutorial_dag.py took 0.098 seconds
[2026-03-18T13:56:03.212+0000] {processor.py:186} INFO - Started process (PID=37030) to work on /home/komal/data-engineering-projects/airflow-spark-pipeline/airflow_venv/lib/python3.11/site-packages/airflow/example_dags/tutorial_dag.py
[2026-03-18T13:56:03.243+0000] {processor.py:914} INFO - Processing file /home/komal/data-engineering-projects/airflow-spark-pipeline/airflow_venv/lib/python3.11/site-packages/airflow/example_dags/tutorial_dag.py for tasks to queue
[2026-03-18T13:56:03.247+0000] {logging_mixin.py:190} INFO - [2026-03-18T13:56:03.247+0000] {dagbag.py:588} INFO - Filling up the DagBag from /home/komal/data-engineering-projects/airflow-spark-pipeline/airflow_venv/lib/python3.11/site-packages/airflow/example_dags/tutorial_dag.py
[2026-03-18T13:56:03.259+0000] {processor.py:925} INFO - DAG(s) 'tutorial_dag' retrieved from /home/komal/data-engineering-projects/airflow-spark-pipeline/airflow_venv/lib/python3.11/site-packages/airflow/example_dags/tutorial_dag.py
[2026-03-18T13:56:03.271+0000] {logging_mixin.py:190} INFO - [2026-03-18T13:56:03.270+0000] {dag.py:3239} INFO - Sync 1 DAGs
[2026-03-18T13:56:03.278+0000] {logging_mixin.py:190} INFO - [2026-03-18T13:56:03.278+0000] {dag.py:4180} INFO - Setting next_dagrun for tutorial_dag to None, run_after=None
[2026-03-18T13:56:03.305+0000] {processor.py:208} INFO - Processing /home/komal/data-engineering-projects/airflow-spark-pipeline/airflow_venv/lib/python3.11/site-packages/airflow/example_dags/tutorial_dag.py took 0.102 seconds
[2026-03-18T13:57:11.083+0000] {processor.py:186} INFO - Started process (PID=37096) to work on /home/komal/data-engineering-projects/airflow-spark-pipeline/airflow_venv/lib/python3.11/site-packages/airflow/example_dags/tutorial_dag.py
[2026-03-18T13:57:11.114+0000] {processor.py:914} INFO - Processing file /home/komal/data-engineering-projects/airflow-spark-pipeline/airflow_venv/lib/python3.11/site-packages/airflow/example_dags/tutorial_dag.py for tasks to queue
[2026-03-18T13:57:11.118+0000] {logging_mixin.py:190} INFO - [2026-03-18T13:57:11.117+0000] {dagbag.py:588} INFO - Filling up the DagBag from /home/komal/data-engineering-projects/airflow-spark-pipeline/airflow_venv/lib/python3.11/site-packages/airflow/example_dags/tutorial_dag.py
[2026-03-18T13:57:11.137+0000] {processor.py:925} INFO - DAG(s) 'tutorial_dag' retrieved from /home/komal/data-engineering-projects/airflow-spark-pipeline/airflow_venv/lib/python3.11/site-packages/airflow/example_dags/tutorial_dag.py
[2026-03-18T13:57:11.180+0000] {logging_mixin.py:190} INFO - [2026-03-18T13:57:11.180+0000] {dag.py:3239} INFO - Sync 1 DAGs
[2026-03-18T13:57:11.188+0000] {logging_mixin.py:190} INFO - [2026-03-18T13:57:11.188+0000] {dag.py:4180} INFO - Setting next_dagrun for tutorial_dag to None, run_after=None
[2026-03-18T13:57:11.271+0000] {processor.py:208} INFO - Processing /home/komal/data-engineering-projects/airflow-spark-pipeline/airflow_venv/lib/python3.11/site-packages/airflow/example_dags/tutorial_dag.py took 0.193 seconds
[2026-03-18T13:58:22.988+0000] {processor.py:186} INFO - Started process (PID=37162) to work on /home/komal/data-engineering-projects/airflow-spark-pipeline/airflow_venv/lib/python3.11/site-packages/airflow/example_dags/tutorial_dag.py
[2026-03-18T13:58:22.991+0000] {processor.py:914} INFO - Processing file /home/komal/data-engineering-projects/airflow-spark-pipeline/airflow_venv/lib/python3.11/site-packages/airflow/example_dags/tutorial_dag.py for tasks to queue
[2026-03-18T13:58:22.992+0000] {logging_mixin.py:190} INFO - [2026-03-18T13:58:22.992+0000] {dagbag.py:588} INFO - Filling up the DagBag from /home/komal/data-engineering-projects/airflow-spark-pipeline/airflow_venv/lib/python3.11/site-packages/airflow/example_dags/tutorial_dag.py
[2026-03-18T13:58:22.999+0000] {processor.py:925} INFO - DAG(s) 'tutorial_dag' retrieved from /home/komal/data-engineering-projects/airflow-spark-pipeline/airflow_venv/lib/python3.11/site-packages/airflow/example_dags/tutorial_dag.py
[2026-03-18T13:58:23.011+0000] {logging_mixin.py:190} INFO - [2026-03-18T13:58:23.011+0000] {dag.py:3239} INFO - Sync 1 DAGs
[2026-03-18T13:58:23.020+0000] {logging_mixin.py:190} INFO - [2026-03-18T13:58:23.019+0000] {dag.py:4180} INFO - Setting next_dagrun for tutorial_dag to None, run_after=None
[2026-03-18T13:58:23.042+0000] {processor.py:208} INFO - Processing /home/komal/data-engineering-projects/airflow-spark-pipeline/airflow_venv/lib/python3.11/site-packages/airflow/example_dags/tutorial_dag.py took 0.059 seconds
[2026-03-18T14:01:28.470+0000] {processor.py:186} INFO - Started process (PID=37201) to work on /home/komal/data-engineering-projects/airflow-spark-pipeline/airflow_venv/lib/python3.11/site-packages/airflow/example_dags/tutorial_dag.py
[2026-03-18T14:01:28.502+0000] {processor.py:914} INFO - Processing file /home/komal/data-engineering-projects/airflow-spark-pipeline/airflow_venv/lib/python3.11/site-packages/airflow/example_dags/tutorial_dag.py for tasks to queue
[2026-03-18T14:01:28.506+0000] {logging_mixin.py:190} INFO - [2026-03-18T14:01:28.505+0000] {dagbag.py:588} INFO - Filling up the DagBag from /home/komal/data-engineering-projects/airflow-spark-pipeline/airflow_venv/lib/python3.11/site-packages/airflow/example_dags/tutorial_dag.py
[2026-03-18T14:01:28.517+0000] {processor.py:925} INFO - DAG(s) 'tutorial_dag' retrieved from /home/komal/data-engineering-projects/airflow-spark-pipeline/airflow_venv/lib/python3.11/site-packages/airflow/example_dags/tutorial_dag.py
[2026-03-18T14:01:28.528+0000] {logging_mixin.py:190} INFO - [2026-03-18T14:01:28.528+0000] {dag.py:3239} INFO - Sync 1 DAGs
[2026-03-18T14:01:28.537+0000] {logging_mixin.py:190} INFO - [2026-03-18T14:01:28.537+0000] {dag.py:4180} INFO - Setting next_dagrun for tutorial_dag to None, run_after=None
[2026-03-18T14:01:28.556+0000] {processor.py:208} INFO - Processing /home/komal/data-engineering-projects/airflow-spark-pipeline/airflow_venv/lib/python3.11/site-packages/airflow/example_dags/tutorial_dag.py took 0.096 seconds
[2026-03-18T14:02:19.655+0000] {processor.py:186} INFO - Started process (PID=37253) to work on /home/komal/data-engineering-projects/airflow-spark-pipeline/airflow_venv/lib/python3.11/site-packages/airflow/example_dags/tutorial_dag.py
[2026-03-18T14:02:19.658+0000] {processor.py:914} INFO - Processing file /home/komal/data-engineering-projects/airflow-spark-pipeline/airflow_venv/lib/python3.11/site-packages/airflow/example_dags/tutorial_dag.py for tasks to queue
[2026-03-18T14:02:19.661+0000] {logging_mixin.py:190} INFO - [2026-03-18T14:02:19.661+0000] {dagbag.py:588} INFO - Filling up the DagBag from /home/komal/data-engineering-projects/airflow-spark-pipeline/airflow_venv/lib/python3.11/site-packages/airflow/example_dags/tutorial_dag.py
[2026-03-18T14:02:19.673+0000] {processor.py:925} INFO - DAG(s) 'tutorial_dag' retrieved from /home/komal/data-engineering-projects/airflow-spark-pipeline/airflow_venv/lib/python3.11/site-packages/airflow/example_dags/tutorial_dag.py
[2026-03-18T14:02:19.688+0000] {logging_mixin.py:190} INFO - [2026-03-18T14:02:19.687+0000] {dag.py:3239} INFO - Sync 1 DAGs
[2026-03-18T14:02:19.703+0000] {logging_mixin.py:190} INFO - [2026-03-18T14:02:19.703+0000] {dag.py:4180} INFO - Setting next_dagrun for tutorial_dag to None, run_after=None
[2026-03-18T14:02:19.731+0000] {processor.py:208} INFO - Processing /home/komal/data-engineering-projects/airflow-spark-pipeline/airflow_venv/lib/python3.11/site-packages/airflow/example_dags/tutorial_dag.py took 0.084 seconds
[2026-03-18T14:03:19.971+0000] {processor.py:186} INFO - Started process (PID=37316) to work on /home/komal/data-engineering-projects/airflow-spark-pipeline/airflow_venv/lib/python3.11/site-packages/airflow/example_dags/tutorial_dag.py
[2026-03-18T14:03:19.973+0000] {processor.py:914} INFO - Processing file /home/komal/data-engineering-projects/airflow-spark-pipeline/airflow_venv/lib/python3.11/site-packages/airflow/example_dags/tutorial_dag.py for tasks to queue
[2026-03-18T14:03:19.975+0000] {logging_mixin.py:190} INFO - [2026-03-18T14:03:19.975+0000] {dagbag.py:588} INFO - Filling up the DagBag from /home/komal/data-engineering-projects/airflow-spark-pipeline/airflow_venv/lib/python3.11/site-packages/airflow/example_dags/tutorial_dag.py
[2026-03-18T14:03:19.981+0000] {processor.py:925} INFO - DAG(s) 'tutorial_dag' retrieved from /home/komal/data-engineering-projects/airflow-spark-pipeline/airflow_venv/lib/python3.11/site-packages/airflow/example_dags/tutorial_dag.py
[2026-03-18T14:03:19.992+0000] {logging_mixin.py:190} INFO - [2026-03-18T14:03:19.991+0000] {dag.py:3239} INFO - Sync 1 DAGs
[2026-03-18T14:03:19.999+0000] {logging_mixin.py:190} INFO - [2026-03-18T14:03:19.998+0000] {dag.py:4180} INFO - Setting next_dagrun for tutorial_dag to None, run_after=None
[2026-03-18T14:03:20.025+0000] {processor.py:208} INFO - Processing /home/komal/data-engineering-projects/airflow-spark-pipeline/airflow_venv/lib/python3.11/site-packages/airflow/example_dags/tutorial_dag.py took 0.064 seconds
[2026-03-18T14:04:19.560+0000] {processor.py:186} INFO - Started process (PID=37417) to work on /home/komal/data-engineering-projects/airflow-spark-pipeline/airflow_venv/lib/python3.11/site-packages/airflow/example_dags/tutorial_dag.py
[2026-03-18T14:04:19.562+0000] {processor.py:914} INFO - Processing file /home/komal/data-engineering-projects/airflow-spark-pipeline/airflow_venv/lib/python3.11/site-packages/airflow/example_dags/tutorial_dag.py for tasks to queue
[2026-03-18T14:04:19.565+0000] {logging_mixin.py:190} INFO - [2026-03-18T14:04:19.564+0000] {dagbag.py:588} INFO - Filling up the DagBag from /home/komal/data-engineering-projects/airflow-spark-pipeline/airflow_venv/lib/python3.11/site-packages/airflow/example_dags/tutorial_dag.py
[2026-03-18T14:04:19.574+0000] {processor.py:925} INFO - DAG(s) 'tutorial_dag' retrieved from /home/komal/data-engineering-projects/airflow-spark-pipeline/airflow_venv/lib/python3.11/site-packages/airflow/example_dags/tutorial_dag.py
[2026-03-18T14:04:19.591+0000] {logging_mixin.py:190} INFO - [2026-03-18T14:04:19.591+0000] {dag.py:3239} INFO - Sync 1 DAGs
[2026-03-18T14:04:19.601+0000] {logging_mixin.py:190} INFO - [2026-03-18T14:04:19.601+0000] {dag.py:4180} INFO - Setting next_dagrun for tutorial_dag to None, run_after=None
[2026-03-18T14:04:19.651+0000] {processor.py:208} INFO - Processing /home/komal/data-engineering-projects/airflow-spark-pipeline/airflow_venv/lib/python3.11/site-packages/airflow/example_dags/tutorial_dag.py took 0.099 seconds
[2026-03-18T14:05:20.596+0000] {processor.py:186} INFO - Started process (PID=37549) to work on /home/komal/data-engineering-projects/airflow-spark-pipeline/airflow_venv/lib/python3.11/site-packages/airflow/example_dags/tutorial_dag.py
[2026-03-18T14:05:20.618+0000] {processor.py:914} INFO - Processing file /home/komal/data-engineering-projects/airflow-spark-pipeline/airflow_venv/lib/python3.11/site-packages/airflow/example_dags/tutorial_dag.py for tasks to queue
[2026-03-18T14:05:20.623+0000] {logging_mixin.py:190} INFO - [2026-03-18T14:05:20.621+0000] {dagbag.py:588} INFO - Filling up the DagBag from /home/komal/data-engineering-projects/airflow-spark-pipeline/airflow_venv/lib/python3.11/site-packages/airflow/example_dags/tutorial_dag.py
[2026-03-18T14:05:20.636+0000] {processor.py:925} INFO - DAG(s) 'tutorial_dag' retrieved from /home/komal/data-engineering-projects/airflow-spark-pipeline/airflow_venv/lib/python3.11/site-packages/airflow/example_dags/tutorial_dag.py
[2026-03-18T14:05:20.648+0000] {logging_mixin.py:190} INFO - [2026-03-18T14:05:20.648+0000] {dag.py:3239} INFO - Sync 1 DAGs
[2026-03-18T14:05:20.658+0000] {logging_mixin.py:190} INFO - [2026-03-18T14:05:20.657+0000] {dag.py:4180} INFO - Setting next_dagrun for tutorial_dag to None, run_after=None
[2026-03-18T14:05:20.686+0000] {processor.py:208} INFO - Processing /home/komal/data-engineering-projects/airflow-spark-pipeline/airflow_venv/lib/python3.11/site-packages/airflow/example_dags/tutorial_dag.py took 0.101 seconds
[2026-03-18T14:06:29.374+0000] {processor.py:186} INFO - Started process (PID=37620) to work on /home/komal/data-engineering-projects/airflow-spark-pipeline/airflow_venv/lib/python3.11/site-packages/airflow/example_dags/tutorial_dag.py
[2026-03-18T14:06:29.376+0000] {processor.py:914} INFO - Processing file /home/komal/data-engineering-projects/airflow-spark-pipeline/airflow_venv/lib/python3.11/site-packages/airflow/example_dags/tutorial_dag.py for tasks to queue
[2026-03-18T14:06:29.378+0000] {logging_mixin.py:190} INFO - [2026-03-18T14:06:29.378+0000] {dagbag.py:588} INFO - Filling up the DagBag from /home/komal/data-engineering-projects/airflow-spark-pipeline/airflow_venv/lib/python3.11/site-packages/airflow/example_dags/tutorial_dag.py
[2026-03-18T14:06:29.387+0000] {processor.py:925} INFO - DAG(s) 'tutorial_dag' retrieved from /home/komal/data-engineering-projects/airflow-spark-pipeline/airflow_venv/lib/python3.11/site-packages/airflow/example_dags/tutorial_dag.py
[2026-03-18T14:06:29.401+0000] {logging_mixin.py:190} INFO - [2026-03-18T14:06:29.401+0000] {dag.py:3239} INFO - Sync 1 DAGs
[2026-03-18T14:06:29.410+0000] {logging_mixin.py:190} INFO - [2026-03-18T14:06:29.410+0000] {dag.py:4180} INFO - Setting next_dagrun for tutorial_dag to None, run_after=None
[2026-03-18T14:06:29.433+0000] {processor.py:208} INFO - Processing /home/komal/data-engineering-projects/airflow-spark-pipeline/airflow_venv/lib/python3.11/site-packages/airflow/example_dags/tutorial_dag.py took 0.069 seconds
[2026-03-18T16:35:14.118+0000] {processor.py:186} INFO - Started process (PID=37662) to work on /home/komal/data-engineering-projects/airflow-spark-pipeline/airflow_venv/lib/python3.11/site-packages/airflow/example_dags/tutorial_dag.py
[2026-03-18T16:35:14.141+0000] {processor.py:914} INFO - Processing file /home/komal/data-engineering-projects/airflow-spark-pipeline/airflow_venv/lib/python3.11/site-packages/airflow/example_dags/tutorial_dag.py for tasks to queue
[2026-03-18T16:35:14.146+0000] {logging_mixin.py:190} INFO - [2026-03-18T16:35:14.145+0000] {dagbag.py:588} INFO - Filling up the DagBag from /home/komal/data-engineering-projects/airflow-spark-pipeline/airflow_venv/lib/python3.11/site-packages/airflow/example_dags/tutorial_dag.py
[2026-03-18T16:35:14.155+0000] {processor.py:925} INFO - DAG(s) 'tutorial_dag' retrieved from /home/komal/data-engineering-projects/airflow-spark-pipeline/airflow_venv/lib/python3.11/site-packages/airflow/example_dags/tutorial_dag.py
[2026-03-18T16:35:14.164+0000] {logging_mixin.py:190} INFO - [2026-03-18T16:35:14.164+0000] {dag.py:3239} INFO - Sync 1 DAGs
[2026-03-18T16:35:14.172+0000] {logging_mixin.py:190} INFO - [2026-03-18T16:35:14.171+0000] {dag.py:4180} INFO - Setting next_dagrun for tutorial_dag to None, run_after=None
[2026-03-18T16:35:14.200+0000] {processor.py:208} INFO - Processing /home/komal/data-engineering-projects/airflow-spark-pipeline/airflow_venv/lib/python3.11/site-packages/airflow/example_dags/tutorial_dag.py took 0.090 seconds
[2026-03-18T16:35:52.592+0000] {processor.py:186} INFO - Started process (PID=37701) to work on /home/komal/data-engineering-projects/airflow-spark-pipeline/airflow_venv/lib/python3.11/site-packages/airflow/example_dags/tutorial_dag.py
[2026-03-18T16:35:52.625+0000] {processor.py:914} INFO - Processing file /home/komal/data-engineering-projects/airflow-spark-pipeline/airflow_venv/lib/python3.11/site-packages/airflow/example_dags/tutorial_dag.py for tasks to queue
[2026-03-18T16:35:52.628+0000] {logging_mixin.py:190} INFO - [2026-03-18T16:35:52.628+0000] {dagbag.py:588} INFO - Filling up the DagBag from /home/komal/data-engineering-projects/airflow-spark-pipeline/airflow_venv/lib/python3.11/site-packages/airflow/example_dags/tutorial_dag.py
[2026-03-18T16:35:52.643+0000] {processor.py:925} INFO - DAG(s) 'tutorial_dag' retrieved from /home/komal/data-engineering-projects/airflow-spark-pipeline/airflow_venv/lib/python3.11/site-packages/airflow/example_dags/tutorial_dag.py
[2026-03-18T16:35:52.662+0000] {logging_mixin.py:190} INFO - [2026-03-18T16:35:52.662+0000] {dag.py:3239} INFO - Sync 1 DAGs
[2026-03-18T16:35:52.669+0000] {logging_mixin.py:190} INFO - [2026-03-18T16:35:52.669+0000] {dag.py:4180} INFO - Setting next_dagrun for tutorial_dag to None, run_after=None
[2026-03-18T16:35:52.691+0000] {processor.py:208} INFO - Processing /home/komal/data-engineering-projects/airflow-spark-pipeline/airflow_venv/lib/python3.11/site-packages/airflow/example_dags/tutorial_dag.py took 0.110 seconds
[2026-03-18T16:36:59.363+0000] {processor.py:186} INFO - Started process (PID=37772) to work on /home/komal/data-engineering-projects/airflow-spark-pipeline/airflow_venv/lib/python3.11/site-packages/airflow/example_dags/tutorial_dag.py
[2026-03-18T16:36:59.364+0000] {processor.py:914} INFO - Processing file /home/komal/data-engineering-projects/airflow-spark-pipeline/airflow_venv/lib/python3.11/site-packages/airflow/example_dags/tutorial_dag.py for tasks to queue
[2026-03-18T16:36:59.367+0000] {logging_mixin.py:190} INFO - [2026-03-18T16:36:59.367+0000] {dagbag.py:588} INFO - Filling up the DagBag from /home/komal/data-engineering-projects/airflow-spark-pipeline/airflow_venv/lib/python3.11/site-packages/airflow/example_dags/tutorial_dag.py
[2026-03-18T16:36:59.381+0000] {processor.py:925} INFO - DAG(s) 'tutorial_dag' retrieved from /home/komal/data-engineering-projects/airflow-spark-pipeline/airflow_venv/lib/python3.11/site-packages/airflow/example_dags/tutorial_dag.py
[2026-03-18T16:36:59.406+0000] {logging_mixin.py:190} INFO - [2026-03-18T16:36:59.406+0000] {dag.py:3239} INFO - Sync 1 DAGs
[2026-03-18T16:36:59.425+0000] {logging_mixin.py:190} INFO - [2026-03-18T16:36:59.425+0000] {dag.py:4180} INFO - Setting next_dagrun for tutorial_dag to None, run_after=None
[2026-03-18T16:36:59.447+0000] {processor.py:208} INFO - Processing /home/komal/data-engineering-projects/airflow-spark-pipeline/airflow_venv/lib/python3.11/site-packages/airflow/example_dags/tutorial_dag.py took 0.097 seconds
[2026-03-18T16:38:03.597+0000] {processor.py:186} INFO - Started process (PID=37835) to work on /home/komal/data-engineering-projects/airflow-spark-pipeline/airflow_venv/lib/python3.11/site-packages/airflow/example_dags/tutorial_dag.py
[2026-03-18T16:38:03.599+0000] {processor.py:914} INFO - Processing file /home/komal/data-engineering-projects/airflow-spark-pipeline/airflow_venv/lib/python3.11/site-packages/airflow/example_dags/tutorial_dag.py for tasks to queue
[2026-03-18T16:38:03.602+0000] {logging_mixin.py:190} INFO - [2026-03-18T16:38:03.602+0000] {dagbag.py:588} INFO - Filling up the DagBag from /home/komal/data-engineering-projects/airflow-spark-pipeline/airflow_venv/lib/python3.11/site-packages/airflow/example_dags/tutorial_dag.py
[2026-03-18T16:38:03.612+0000] {processor.py:925} INFO - DAG(s) 'tutorial_dag' retrieved from /home/komal/data-engineering-projects/airflow-spark-pipeline/airflow_venv/lib/python3.11/site-packages/airflow/example_dags/tutorial_dag.py
[2026-03-18T16:38:03.635+0000] {logging_mixin.py:190} INFO - [2026-03-18T16:38:03.634+0000] {dag.py:3239} INFO - Sync 1 DAGs
[2026-03-18T16:38:03.649+0000] {logging_mixin.py:190} INFO - [2026-03-18T16:38:03.649+0000] {dag.py:4180} INFO - Setting next_dagrun for tutorial_dag to None, run_after=None
[2026-03-18T16:38:03.683+0000] {processor.py:208} INFO - Processing /home/komal/data-engineering-projects/airflow-spark-pipeline/airflow_venv/lib/python3.11/site-packages/airflow/example_dags/tutorial_dag.py took 0.095 seconds
[2026-03-18T16:39:09.320+0000] {processor.py:186} INFO - Started process (PID=37898) to work on /home/komal/data-engineering-projects/airflow-spark-pipeline/airflow_venv/lib/python3.11/site-packages/airflow/example_dags/tutorial_dag.py
[2026-03-18T16:39:09.355+0000] {processor.py:914} INFO - Processing file /home/komal/data-engineering-projects/airflow-spark-pipeline/airflow_venv/lib/python3.11/site-packages/airflow/example_dags/tutorial_dag.py for tasks to queue
[2026-03-18T16:39:09.359+0000] {logging_mixin.py:190} INFO - [2026-03-18T16:39:09.358+0000] {dagbag.py:588} INFO - Filling up the DagBag from /home/komal/data-engineering-projects/airflow-spark-pipeline/airflow_venv/lib/python3.11/site-packages/airflow/example_dags/tutorial_dag.py
[2026-03-18T16:39:09.371+0000] {processor.py:925} INFO - DAG(s) 'tutorial_dag' retrieved from /home/komal/data-engineering-projects/airflow-spark-pipeline/airflow_venv/lib/python3.11/site-packages/airflow/example_dags/tutorial_dag.py
[2026-03-18T16:39:09.384+0000] {logging_mixin.py:190} INFO - [2026-03-18T16:39:09.384+0000] {dag.py:3239} INFO - Sync 1 DAGs
[2026-03-18T16:39:09.394+0000] {logging_mixin.py:190} INFO - [2026-03-18T16:39:09.394+0000] {dag.py:4180} INFO - Setting next_dagrun for tutorial_dag to None, run_after=None
[2026-03-18T16:39:09.418+0000] {processor.py:208} INFO - Processing /home/komal/data-engineering-projects/airflow-spark-pipeline/airflow_venv/lib/python3.11/site-packages/airflow/example_dags/tutorial_dag.py took 0.108 seconds
[2026-03-18T16:40:15.598+0000] {processor.py:186} INFO - Started process (PID=37961) to work on /home/komal/data-engineering-projects/airflow-spark-pipeline/airflow_venv/lib/python3.11/site-packages/airflow/example_dags/tutorial_dag.py
[2026-03-18T16:40:15.631+0000] {processor.py:914} INFO - Processing file /home/komal/data-engineering-projects/airflow-spark-pipeline/airflow_venv/lib/python3.11/site-packages/airflow/example_dags/tutorial_dag.py for tasks to queue
[2026-03-18T16:40:15.635+0000] {logging_mixin.py:190} INFO - [2026-03-18T16:40:15.634+0000] {dagbag.py:588} INFO - Filling up the DagBag from /home/komal/data-engineering-projects/airflow-spark-pipeline/airflow_venv/lib/python3.11/site-packages/airflow/example_dags/tutorial_dag.py
[2026-03-18T16:40:15.650+0000] {processor.py:925} INFO - DAG(s) 'tutorial_dag' retrieved from /home/komal/data-engineering-projects/airflow-spark-pipeline/airflow_venv/lib/python3.11/site-packages/airflow/example_dags/tutorial_dag.py
[2026-03-18T16:40:15.665+0000] {logging_mixin.py:190} INFO - [2026-03-18T16:40:15.665+0000] {dag.py:3239} INFO - Sync 1 DAGs
[2026-03-18T16:40:15.682+0000] {logging_mixin.py:190} INFO - [2026-03-18T16:40:15.682+0000] {dag.py:4180} INFO - Setting next_dagrun for tutorial_dag to None, run_after=None
[2026-03-18T16:40:15.713+0000] {processor.py:208} INFO - Processing /home/komal/data-engineering-projects/airflow-spark-pipeline/airflow_venv/lib/python3.11/site-packages/airflow/example_dags/tutorial_dag.py took 0.127 seconds
[2026-03-18T16:41:20.309+0000] {processor.py:186} INFO - Started process (PID=38029) to work on /home/komal/data-engineering-projects/airflow-spark-pipeline/airflow_venv/lib/python3.11/site-packages/airflow/example_dags/tutorial_dag.py
[2026-03-18T16:41:20.312+0000] {processor.py:914} INFO - Processing file /home/komal/data-engineering-projects/airflow-spark-pipeline/airflow_venv/lib/python3.11/site-packages/airflow/example_dags/tutorial_dag.py for tasks to queue
[2026-03-18T16:41:20.314+0000] {logging_mixin.py:190} INFO - [2026-03-18T16:41:20.314+0000] {dagbag.py:588} INFO - Filling up the DagBag from /home/komal/data-engineering-projects/airflow-spark-pipeline/airflow_venv/lib/python3.11/site-packages/airflow/example_dags/tutorial_dag.py
[2026-03-18T16:41:20.321+0000] {processor.py:925} INFO - DAG(s) 'tutorial_dag' retrieved from /home/komal/data-engineering-projects/airflow-spark-pipeline/airflow_venv/lib/python3.11/site-packages/airflow/example_dags/tutorial_dag.py
[2026-03-18T16:41:20.335+0000] {logging_mixin.py:190} INFO - [2026-03-18T16:41:20.335+0000] {dag.py:3239} INFO - Sync 1 DAGs
[2026-03-18T16:41:20.344+0000] {logging_mixin.py:190} INFO - [2026-03-18T16:41:20.344+0000] {dag.py:4180} INFO - Setting next_dagrun for tutorial_dag to None, run_after=None
[2026-03-18T16:41:20.370+0000] {processor.py:208} INFO - Processing /home/komal/data-engineering-projects/airflow-spark-pipeline/airflow_venv/lib/python3.11/site-packages/airflow/example_dags/tutorial_dag.py took 0.068 seconds
[2026-03-18T16:42:31.533+0000] {processor.py:186} INFO - Started process (PID=38099) to work on /home/komal/data-engineering-projects/airflow-spark-pipeline/airflow_venv/lib/python3.11/site-packages/airflow/example_dags/tutorial_dag.py
[2026-03-18T16:42:31.534+0000] {processor.py:914} INFO - Processing file /home/komal/data-engineering-projects/airflow-spark-pipeline/airflow_venv/lib/python3.11/site-packages/airflow/example_dags/tutorial_dag.py for tasks to queue
[2026-03-18T16:42:31.535+0000] {logging_mixin.py:190} INFO - [2026-03-18T16:42:31.535+0000] {dagbag.py:588} INFO - Filling up the DagBag from /home/komal/data-engineering-projects/airflow-spark-pipeline/airflow_venv/lib/python3.11/site-packages/airflow/example_dags/tutorial_dag.py
[2026-03-18T16:42:31.541+0000] {processor.py:925} INFO - DAG(s) 'tutorial_dag' retrieved from /home/komal/data-engineering-projects/airflow-spark-pipeline/airflow_venv/lib/python3.11/site-packages/airflow/example_dags/tutorial_dag.py
[2026-03-18T16:42:31.557+0000] {logging_mixin.py:190} INFO - [2026-03-18T16:42:31.557+0000] {dag.py:3239} INFO - Sync 1 DAGs
[2026-03-18T16:42:31.568+0000] {logging_mixin.py:190} INFO - [2026-03-18T16:42:31.567+0000] {dag.py:4180} INFO - Setting next_dagrun for tutorial_dag to None, run_after=None
[2026-03-18T16:42:31.591+0000] {processor.py:208} INFO - Processing /home/komal/data-engineering-projects/airflow-spark-pipeline/airflow_venv/lib/python3.11/site-packages/airflow/example_dags/tutorial_dag.py took 0.064 seconds
[2026-03-18T16:43:31.263+0000] {processor.py:186} INFO - Started process (PID=38161) to work on /home/komal/data-engineering-projects/airflow-spark-pipeline/airflow_venv/lib/python3.11/site-packages/airflow/example_dags/tutorial_dag.py
[2026-03-18T16:43:31.296+0000] {processor.py:914} INFO - Processing file /home/komal/data-engineering-projects/airflow-spark-pipeline/airflow_venv/lib/python3.11/site-packages/airflow/example_dags/tutorial_dag.py for tasks to queue
[2026-03-18T16:43:31.299+0000] {logging_mixin.py:190} INFO - [2026-03-18T16:43:31.299+0000] {dagbag.py:588} INFO - Filling up the DagBag from /home/komal/data-engineering-projects/airflow-spark-pipeline/airflow_venv/lib/python3.11/site-packages/airflow/example_dags/tutorial_dag.py
[2026-03-18T16:43:31.312+0000] {processor.py:925} INFO - DAG(s) 'tutorial_dag' retrieved from /home/komal/data-engineering-projects/airflow-spark-pipeline/airflow_venv/lib/python3.11/site-packages/airflow/example_dags/tutorial_dag.py
[2026-03-18T16:43:31.335+0000] {logging_mixin.py:190} INFO - [2026-03-18T16:43:31.335+0000] {dag.py:3239} INFO - Sync 1 DAGs
[2026-03-18T16:43:31.349+0000] {logging_mixin.py:190} INFO - [2026-03-18T16:43:31.349+0000] {dag.py:4180} INFO - Setting next_dagrun for tutorial_dag to None, run_after=None
[2026-03-18T16:43:31.386+0000] {processor.py:208} INFO - Processing /home/komal/data-engineering-projects/airflow-spark-pipeline/airflow_venv/lib/python3.11/site-packages/airflow/example_dags/tutorial_dag.py took 0.131 seconds
[2026-03-18T16:44:40.361+0000] {processor.py:186} INFO - Started process (PID=38225) to work on /home/komal/data-engineering-projects/airflow-spark-pipeline/airflow_venv/lib/python3.11/site-packages/airflow/example_dags/tutorial_dag.py
[2026-03-18T16:44:40.368+0000] {processor.py:914} INFO - Processing file /home/komal/data-engineering-projects/airflow-spark-pipeline/airflow_venv/lib/python3.11/site-packages/airflow/example_dags/tutorial_dag.py for tasks to queue
[2026-03-18T16:44:40.370+0000] {logging_mixin.py:190} INFO - [2026-03-18T16:44:40.370+0000] {dagbag.py:588} INFO - Filling up the DagBag from /home/komal/data-engineering-projects/airflow-spark-pipeline/airflow_venv/lib/python3.11/site-packages/airflow/example_dags/tutorial_dag.py
[2026-03-18T16:44:40.377+0000] {processor.py:925} INFO - DAG(s) 'tutorial_dag' retrieved from /home/komal/data-engineering-projects/airflow-spark-pipeline/airflow_venv/lib/python3.11/site-packages/airflow/example_dags/tutorial_dag.py
[2026-03-18T16:44:40.395+0000] {logging_mixin.py:190} INFO - [2026-03-18T16:44:40.395+0000] {dag.py:3239} INFO - Sync 1 DAGs
[2026-03-18T16:44:40.403+0000] {logging_mixin.py:190} INFO - [2026-03-18T16:44:40.403+0000] {dag.py:4180} INFO - Setting next_dagrun for tutorial_dag to None, run_after=None
[2026-03-18T16:44:40.422+0000] {processor.py:208} INFO - Processing /home/komal/data-engineering-projects/airflow-spark-pipeline/airflow_venv/lib/python3.11/site-packages/airflow/example_dags/tutorial_dag.py took 0.065 seconds
[2026-03-18T16:45:47.527+0000] {processor.py:186} INFO - Started process (PID=38292) to work on /home/komal/data-engineering-projects/airflow-spark-pipeline/airflow_venv/lib/python3.11/site-packages/airflow/example_dags/tutorial_dag.py
[2026-03-18T16:45:47.559+0000] {processor.py:914} INFO - Processing file /home/komal/data-engineering-projects/airflow-spark-pipeline/airflow_venv/lib/python3.11/site-packages/airflow/example_dags/tutorial_dag.py for tasks to queue
[2026-03-18T16:45:47.562+0000] {logging_mixin.py:190} INFO - [2026-03-18T16:45:47.561+0000] {dagbag.py:588} INFO - Filling up the DagBag from /home/komal/data-engineering-projects/airflow-spark-pipeline/airflow_venv/lib/python3.11/site-packages/airflow/example_dags/tutorial_dag.py
[2026-03-18T16:45:47.574+0000] {processor.py:925} INFO - DAG(s) 'tutorial_dag' retrieved from /home/komal/data-engineering-projects/airflow-spark-pipeline/airflow_venv/lib/python3.11/site-packages/airflow/example_dags/tutorial_dag.py
[2026-03-18T16:45:47.591+0000] {logging_mixin.py:190} INFO - [2026-03-18T16:45:47.591+0000] {dag.py:3239} INFO - Sync 1 DAGs
[2026-03-18T16:45:47.601+0000] {logging_mixin.py:190} INFO - [2026-03-18T16:45:47.601+0000] {dag.py:4180} INFO - Setting next_dagrun for tutorial_dag to None, run_after=None
[2026-03-18T16:45:47.642+0000] {processor.py:208} INFO - Processing /home/komal/data-engineering-projects/airflow-spark-pipeline/airflow_venv/lib/python3.11/site-packages/airflow/example_dags/tutorial_dag.py took 0.124 seconds
[2026-03-18T16:46:23.723+0000] {processor.py:186} INFO - Started process (PID=38326) to work on /home/komal/data-engineering-projects/airflow-spark-pipeline/airflow_venv/lib/python3.11/site-packages/airflow/example_dags/tutorial_dag.py
[2026-03-18T16:46:23.727+0000] {processor.py:914} INFO - Processing file /home/komal/data-engineering-projects/airflow-spark-pipeline/airflow_venv/lib/python3.11/site-packages/airflow/example_dags/tutorial_dag.py for tasks to queue
[2026-03-18T16:46:23.729+0000] {logging_mixin.py:190} INFO - [2026-03-18T16:46:23.729+0000] {dagbag.py:588} INFO - Filling up the DagBag from /home/komal/data-engineering-projects/airflow-spark-pipeline/airflow_venv/lib/python3.11/site-packages/airflow/example_dags/tutorial_dag.py
[2026-03-18T16:46:23.735+0000] {processor.py:925} INFO - DAG(s) 'tutorial_dag' retrieved from /home/komal/data-engineering-projects/airflow-spark-pipeline/airflow_venv/lib/python3.11/site-packages/airflow/example_dags/tutorial_dag.py
[2026-03-18T16:46:23.746+0000] {logging_mixin.py:190} INFO - [2026-03-18T16:46:23.746+0000] {dag.py:3239} INFO - Sync 1 DAGs
[2026-03-18T16:46:23.757+0000] {logging_mixin.py:190} INFO - [2026-03-18T16:46:23.757+0000] {dag.py:4180} INFO - Setting next_dagrun for tutorial_dag to None, run_after=None
[2026-03-18T16:46:23.786+0000] {processor.py:208} INFO - Processing /home/komal/data-engineering-projects/airflow-spark-pipeline/airflow_venv/lib/python3.11/site-packages/airflow/example_dags/tutorial_dag.py took 0.070 seconds
[2026-03-18T16:47:31.659+0000] {processor.py:186} INFO - Started process (PID=38390) to work on /home/komal/data-engineering-projects/airflow-spark-pipeline/airflow_venv/lib/python3.11/site-packages/airflow/example_dags/tutorial_dag.py
[2026-03-18T16:47:31.692+0000] {processor.py:914} INFO - Processing file /home/komal/data-engineering-projects/airflow-spark-pipeline/airflow_venv/lib/python3.11/site-packages/airflow/example_dags/tutorial_dag.py for tasks to queue
[2026-03-18T16:47:31.697+0000] {logging_mixin.py:190} INFO - [2026-03-18T16:47:31.696+0000] {dagbag.py:588} INFO - Filling up the DagBag from /home/komal/data-engineering-projects/airflow-spark-pipeline/airflow_venv/lib/python3.11/site-packages/airflow/example_dags/tutorial_dag.py
[2026-03-18T16:47:31.709+0000] {processor.py:925} INFO - DAG(s) 'tutorial_dag' retrieved from /home/komal/data-engineering-projects/airflow-spark-pipeline/airflow_venv/lib/python3.11/site-packages/airflow/example_dags/tutorial_dag.py
[2026-03-18T16:47:31.721+0000] {logging_mixin.py:190} INFO - [2026-03-18T16:47:31.721+0000] {dag.py:3239} INFO - Sync 1 DAGs
[2026-03-18T16:47:31.732+0000] {logging_mixin.py:190} INFO - [2026-03-18T16:47:31.732+0000] {dag.py:4180} INFO - Setting next_dagrun for tutorial_dag to None, run_after=None
[2026-03-18T16:47:31.755+0000] {processor.py:208} INFO - Processing /home/komal/data-engineering-projects/airflow-spark-pipeline/airflow_venv/lib/python3.11/site-packages/airflow/example_dags/tutorial_dag.py took 0.103 seconds
[2026-03-18T16:48:37.016+0000] {processor.py:186} INFO - Started process (PID=38456) to work on /home/komal/data-engineering-projects/airflow-spark-pipeline/airflow_venv/lib/python3.11/site-packages/airflow/example_dags/tutorial_dag.py
[2026-03-18T16:48:37.019+0000] {processor.py:914} INFO - Processing file /home/komal/data-engineering-projects/airflow-spark-pipeline/airflow_venv/lib/python3.11/site-packages/airflow/example_dags/tutorial_dag.py for tasks to queue
[2026-03-18T16:48:37.024+0000] {logging_mixin.py:190} INFO - [2026-03-18T16:48:37.023+0000] {dagbag.py:588} INFO - Filling up the DagBag from /home/komal/data-engineering-projects/airflow-spark-pipeline/airflow_venv/lib/python3.11/site-packages/airflow/example_dags/tutorial_dag.py
[2026-03-18T16:48:37.030+0000] {processor.py:925} INFO - DAG(s) 'tutorial_dag' retrieved from /home/komal/data-engineering-projects/airflow-spark-pipeline/airflow_venv/lib/python3.11/site-packages/airflow/example_dags/tutorial_dag.py
[2026-03-18T16:48:37.048+0000] {logging_mixin.py:190} INFO - [2026-03-18T16:48:37.048+0000] {dag.py:3239} INFO - Sync 1 DAGs
[2026-03-18T16:48:37.059+0000] {logging_mixin.py:190} INFO - [2026-03-18T16:48:37.058+0000] {dag.py:4180} INFO - Setting next_dagrun for tutorial_dag to None, run_after=None
[2026-03-18T16:48:37.122+0000] {processor.py:208} INFO - Processing /home/komal/data-engineering-projects/airflow-spark-pipeline/airflow_venv/lib/python3.11/site-packages/airflow/example_dags/tutorial_dag.py took 0.114 seconds
[2026-03-18T16:51:32.351+0000] {processor.py:186} INFO - Started process (PID=38525) to work on /home/komal/data-engineering-projects/airflow-spark-pipeline/airflow_venv/lib/python3.11/site-packages/airflow/example_dags/tutorial_dag.py
[2026-03-18T16:51:32.354+0000] {processor.py:914} INFO - Processing file /home/komal/data-engineering-projects/airflow-spark-pipeline/airflow_venv/lib/python3.11/site-packages/airflow/example_dags/tutorial_dag.py for tasks to queue
[2026-03-18T16:51:32.357+0000] {logging_mixin.py:190} INFO - [2026-03-18T16:51:32.356+0000] {dagbag.py:588} INFO - Filling up the DagBag from /home/komal/data-engineering-projects/airflow-spark-pipeline/airflow_venv/lib/python3.11/site-packages/airflow/example_dags/tutorial_dag.py
[2026-03-18T16:51:32.363+0000] {processor.py:925} INFO - DAG(s) 'tutorial_dag' retrieved from /home/komal/data-engineering-projects/airflow-spark-pipeline/airflow_venv/lib/python3.11/site-packages/airflow/example_dags/tutorial_dag.py
[2026-03-18T16:51:32.375+0000] {logging_mixin.py:190} INFO - [2026-03-18T16:51:32.375+0000] {dag.py:3239} INFO - Sync 1 DAGs
[2026-03-18T16:51:32.386+0000] {logging_mixin.py:190} INFO - [2026-03-18T16:51:32.386+0000] {dag.py:4180} INFO - Setting next_dagrun for tutorial_dag to None, run_after=None
[2026-03-18T16:51:32.407+0000] {processor.py:208} INFO - Processing /home/komal/data-engineering-projects/airflow-spark-pipeline/airflow_venv/lib/python3.11/site-packages/airflow/example_dags/tutorial_dag.py took 0.060 seconds
[2026-03-18T16:52:33.847+0000] {processor.py:186} INFO - Started process (PID=38587) to work on /home/komal/data-engineering-projects/airflow-spark-pipeline/airflow_venv/lib/python3.11/site-packages/airflow/example_dags/tutorial_dag.py
[2026-03-18T16:52:33.879+0000] {processor.py:914} INFO - Processing file /home/komal/data-engineering-projects/airflow-spark-pipeline/airflow_venv/lib/python3.11/site-packages/airflow/example_dags/tutorial_dag.py for tasks to queue
[2026-03-18T16:52:33.883+0000] {logging_mixin.py:190} INFO - [2026-03-18T16:52:33.882+0000] {dagbag.py:588} INFO - Filling up the DagBag from /home/komal/data-engineering-projects/airflow-spark-pipeline/airflow_venv/lib/python3.11/site-packages/airflow/example_dags/tutorial_dag.py
[2026-03-18T16:52:33.895+0000] {processor.py:925} INFO - DAG(s) 'tutorial_dag' retrieved from /home/komal/data-engineering-projects/airflow-spark-pipeline/airflow_venv/lib/python3.11/site-packages/airflow/example_dags/tutorial_dag.py
[2026-03-18T16:52:33.907+0000] {logging_mixin.py:190} INFO - [2026-03-18T16:52:33.907+0000] {dag.py:3239} INFO - Sync 1 DAGs
[2026-03-18T16:52:33.914+0000] {logging_mixin.py:190} INFO - [2026-03-18T16:52:33.914+0000] {dag.py:4180} INFO - Setting next_dagrun for tutorial_dag to None, run_after=None
[2026-03-18T16:52:33.940+0000] {processor.py:208} INFO - Processing /home/komal/data-engineering-projects/airflow-spark-pipeline/airflow_venv/lib/python3.11/site-packages/airflow/example_dags/tutorial_dag.py took 0.102 seconds
[2026-03-18T16:53:37.717+0000] {processor.py:186} INFO - Started process (PID=38650) to work on /home/komal/data-engineering-projects/airflow-spark-pipeline/airflow_venv/lib/python3.11/site-packages/airflow/example_dags/tutorial_dag.py
[2026-03-18T16:53:37.722+0000] {processor.py:914} INFO - Processing file /home/komal/data-engineering-projects/airflow-spark-pipeline/airflow_venv/lib/python3.11/site-packages/airflow/example_dags/tutorial_dag.py for tasks to queue
[2026-03-18T16:53:37.727+0000] {logging_mixin.py:190} INFO - [2026-03-18T16:53:37.727+0000] {dagbag.py:588} INFO - Filling up the DagBag from /home/komal/data-engineering-projects/airflow-spark-pipeline/airflow_venv/lib/python3.11/site-packages/airflow/example_dags/tutorial_dag.py
[2026-03-18T16:53:37.742+0000] {processor.py:925} INFO - DAG(s) 'tutorial_dag' retrieved from /home/komal/data-engineering-projects/airflow-spark-pipeline/airflow_venv/lib/python3.11/site-packages/airflow/example_dags/tutorial_dag.py
[2026-03-18T16:53:37.762+0000] {logging_mixin.py:190} INFO - [2026-03-18T16:53:37.762+0000] {dag.py:3239} INFO - Sync 1 DAGs
[2026-03-18T16:53:37.770+0000] {logging_mixin.py:190} INFO - [2026-03-18T16:53:37.770+0000] {dag.py:4180} INFO - Setting next_dagrun for tutorial_dag to None, run_after=None
[2026-03-18T16:53:37.829+0000] {processor.py:208} INFO - Processing /home/komal/data-engineering-projects/airflow-spark-pipeline/airflow_venv/lib/python3.11/site-packages/airflow/example_dags/tutorial_dag.py took 0.116 seconds
[2026-03-18T16:54:44.220+0000] {processor.py:186} INFO - Started process (PID=38718) to work on /home/komal/data-engineering-projects/airflow-spark-pipeline/airflow_venv/lib/python3.11/site-packages/airflow/example_dags/tutorial_dag.py
[2026-03-18T16:54:44.232+0000] {processor.py:914} INFO - Processing file /home/komal/data-engineering-projects/airflow-spark-pipeline/airflow_venv/lib/python3.11/site-packages/airflow/example_dags/tutorial_dag.py for tasks to queue
[2026-03-18T16:54:44.234+0000] {logging_mixin.py:190} INFO - [2026-03-18T16:54:44.234+0000] {dagbag.py:588} INFO - Filling up the DagBag from /home/komal/data-engineering-projects/airflow-spark-pipeline/airflow_venv/lib/python3.11/site-packages/airflow/example_dags/tutorial_dag.py
[2026-03-18T16:54:44.249+0000] {processor.py:925} INFO - DAG(s) 'tutorial_dag' retrieved from /home/komal/data-engineering-projects/airflow-spark-pipeline/airflow_venv/lib/python3.11/site-packages/airflow/example_dags/tutorial_dag.py
[2026-03-18T16:54:44.270+0000] {logging_mixin.py:190} INFO - [2026-03-18T16:54:44.270+0000] {dag.py:3239} INFO - Sync 1 DAGs
[2026-03-18T16:54:44.278+0000] {logging_mixin.py:190} INFO - [2026-03-18T16:54:44.278+0000] {dag.py:4180} INFO - Setting next_dagrun for tutorial_dag to None, run_after=None
[2026-03-18T16:54:44.299+0000] {processor.py:208} INFO - Processing /home/komal/data-engineering-projects/airflow-spark-pipeline/airflow_venv/lib/python3.11/site-packages/airflow/example_dags/tutorial_dag.py took 0.084 seconds
[2026-03-18T16:55:52.020+0000] {processor.py:186} INFO - Started process (PID=38789) to work on /home/komal/data-engineering-projects/airflow-spark-pipeline/airflow_venv/lib/python3.11/site-packages/airflow/example_dags/tutorial_dag.py
[2026-03-18T16:55:52.023+0000] {processor.py:914} INFO - Processing file /home/komal/data-engineering-projects/airflow-spark-pipeline/airflow_venv/lib/python3.11/site-packages/airflow/example_dags/tutorial_dag.py for tasks to queue
[2026-03-18T16:55:52.025+0000] {logging_mixin.py:190} INFO - [2026-03-18T16:55:52.025+0000] {dagbag.py:588} INFO - Filling up the DagBag from /home/komal/data-engineering-projects/airflow-spark-pipeline/airflow_venv/lib/python3.11/site-packages/airflow/example_dags/tutorial_dag.py
[2026-03-18T16:55:52.031+0000] {processor.py:925} INFO - DAG(s) 'tutorial_dag' retrieved from /home/komal/data-engineering-projects/airflow-spark-pipeline/airflow_venv/lib/python3.11/site-packages/airflow/example_dags/tutorial_dag.py
[2026-03-18T16:55:52.043+0000] {logging_mixin.py:190} INFO - [2026-03-18T16:55:52.043+0000] {dag.py:3239} INFO - Sync 1 DAGs
[2026-03-18T16:55:52.053+0000] {logging_mixin.py:190} INFO - [2026-03-18T16:55:52.053+0000] {dag.py:4180} INFO - Setting next_dagrun for tutorial_dag to None, run_after=None
[2026-03-18T16:55:52.078+0000] {processor.py:208} INFO - Processing /home/komal/data-engineering-projects/airflow-spark-pipeline/airflow_venv/lib/python3.11/site-packages/airflow/example_dags/tutorial_dag.py took 0.064 seconds
[2026-03-18T16:57:00.674+0000] {processor.py:186} INFO - Started process (PID=38853) to work on /home/komal/data-engineering-projects/airflow-spark-pipeline/airflow_venv/lib/python3.11/site-packages/airflow/example_dags/tutorial_dag.py
[2026-03-18T16:57:00.707+0000] {processor.py:914} INFO - Processing file /home/komal/data-engineering-projects/airflow-spark-pipeline/airflow_venv/lib/python3.11/site-packages/airflow/example_dags/tutorial_dag.py for tasks to queue
[2026-03-18T16:57:00.710+0000] {logging_mixin.py:190} INFO - [2026-03-18T16:57:00.710+0000] {dagbag.py:588} INFO - Filling up the DagBag from /home/komal/data-engineering-projects/airflow-spark-pipeline/airflow_venv/lib/python3.11/site-packages/airflow/example_dags/tutorial_dag.py
[2026-03-18T16:57:00.722+0000] {processor.py:925} INFO - DAG(s) 'tutorial_dag' retrieved from /home/komal/data-engineering-projects/airflow-spark-pipeline/airflow_venv/lib/python3.11/site-packages/airflow/example_dags/tutorial_dag.py
[2026-03-18T16:57:00.745+0000] {logging_mixin.py:190} INFO - [2026-03-18T16:57:00.745+0000] {dag.py:3239} INFO - Sync 1 DAGs
[2026-03-18T16:57:00.760+0000] {logging_mixin.py:190} INFO - [2026-03-18T16:57:00.760+0000] {dag.py:4180} INFO - Setting next_dagrun for tutorial_dag to None, run_after=None
[2026-03-18T16:57:00.834+0000] {processor.py:208} INFO - Processing /home/komal/data-engineering-projects/airflow-spark-pipeline/airflow_venv/lib/python3.11/site-packages/airflow/example_dags/tutorial_dag.py took 0.168 seconds
[2026-03-18T17:44:52.412+0000] {processor.py:186} INFO - Started process (PID=38896) to work on /home/komal/data-engineering-projects/airflow-spark-pipeline/airflow_venv/lib/python3.11/site-packages/airflow/example_dags/tutorial_dag.py
[2026-03-18T17:44:52.416+0000] {processor.py:914} INFO - Processing file /home/komal/data-engineering-projects/airflow-spark-pipeline/airflow_venv/lib/python3.11/site-packages/airflow/example_dags/tutorial_dag.py for tasks to queue
[2026-03-18T17:44:52.417+0000] {logging_mixin.py:190} INFO - [2026-03-18T17:44:52.417+0000] {dagbag.py:588} INFO - Filling up the DagBag from /home/komal/data-engineering-projects/airflow-spark-pipeline/airflow_venv/lib/python3.11/site-packages/airflow/example_dags/tutorial_dag.py
[2026-03-18T17:44:52.431+0000] {processor.py:925} INFO - DAG(s) 'tutorial_dag' retrieved from /home/komal/data-engineering-projects/airflow-spark-pipeline/airflow_venv/lib/python3.11/site-packages/airflow/example_dags/tutorial_dag.py
[2026-03-18T17:44:52.460+0000] {logging_mixin.py:190} INFO - [2026-03-18T17:44:52.460+0000] {dag.py:3239} INFO - Sync 1 DAGs
[2026-03-18T17:44:52.470+0000] {logging_mixin.py:190} INFO - [2026-03-18T17:44:52.469+0000] {dag.py:4180} INFO - Setting next_dagrun for tutorial_dag to None, run_after=None
[2026-03-18T17:44:52.541+0000] {processor.py:208} INFO - Processing /home/komal/data-engineering-projects/airflow-spark-pipeline/airflow_venv/lib/python3.11/site-packages/airflow/example_dags/tutorial_dag.py took 0.143 seconds
[2026-03-18T17:45:37.379+0000] {processor.py:186} INFO - Started process (PID=38943) to work on /home/komal/data-engineering-projects/airflow-spark-pipeline/airflow_venv/lib/python3.11/site-packages/airflow/example_dags/tutorial_dag.py
[2026-03-18T17:45:37.381+0000] {processor.py:914} INFO - Processing file /home/komal/data-engineering-projects/airflow-spark-pipeline/airflow_venv/lib/python3.11/site-packages/airflow/example_dags/tutorial_dag.py for tasks to queue
[2026-03-18T17:45:37.383+0000] {logging_mixin.py:190} INFO - [2026-03-18T17:45:37.383+0000] {dagbag.py:588} INFO - Filling up the DagBag from /home/komal/data-engineering-projects/airflow-spark-pipeline/airflow_venv/lib/python3.11/site-packages/airflow/example_dags/tutorial_dag.py
[2026-03-18T17:45:37.390+0000] {processor.py:925} INFO - DAG(s) 'tutorial_dag' retrieved from /home/komal/data-engineering-projects/airflow-spark-pipeline/airflow_venv/lib/python3.11/site-packages/airflow/example_dags/tutorial_dag.py
[2026-03-18T17:45:37.401+0000] {logging_mixin.py:190} INFO - [2026-03-18T17:45:37.401+0000] {dag.py:3239} INFO - Sync 1 DAGs
[2026-03-18T17:45:37.411+0000] {logging_mixin.py:190} INFO - [2026-03-18T17:45:37.410+0000] {dag.py:4180} INFO - Setting next_dagrun for tutorial_dag to None, run_after=None
[2026-03-18T17:45:37.433+0000] {processor.py:208} INFO - Processing /home/komal/data-engineering-projects/airflow-spark-pipeline/airflow_venv/lib/python3.11/site-packages/airflow/example_dags/tutorial_dag.py took 0.058 seconds
[2026-03-18T17:46:41.851+0000] {processor.py:186} INFO - Started process (PID=39017) to work on /home/komal/data-engineering-projects/airflow-spark-pipeline/airflow_venv/lib/python3.11/site-packages/airflow/example_dags/tutorial_dag.py
[2026-03-18T17:46:41.862+0000] {processor.py:914} INFO - Processing file /home/komal/data-engineering-projects/airflow-spark-pipeline/airflow_venv/lib/python3.11/site-packages/airflow/example_dags/tutorial_dag.py for tasks to queue
[2026-03-18T17:46:41.864+0000] {logging_mixin.py:190} INFO - [2026-03-18T17:46:41.864+0000] {dagbag.py:588} INFO - Filling up the DagBag from /home/komal/data-engineering-projects/airflow-spark-pipeline/airflow_venv/lib/python3.11/site-packages/airflow/example_dags/tutorial_dag.py
[2026-03-18T17:46:41.871+0000] {processor.py:925} INFO - DAG(s) 'tutorial_dag' retrieved from /home/komal/data-engineering-projects/airflow-spark-pipeline/airflow_venv/lib/python3.11/site-packages/airflow/example_dags/tutorial_dag.py
[2026-03-18T17:46:41.888+0000] {logging_mixin.py:190} INFO - [2026-03-18T17:46:41.888+0000] {dag.py:3239} INFO - Sync 1 DAGs
[2026-03-18T17:46:41.898+0000] {logging_mixin.py:190} INFO - [2026-03-18T17:46:41.898+0000] {dag.py:4180} INFO - Setting next_dagrun for tutorial_dag to None, run_after=None
[2026-03-18T17:46:41.928+0000] {processor.py:208} INFO - Processing /home/komal/data-engineering-projects/airflow-spark-pipeline/airflow_venv/lib/python3.11/site-packages/airflow/example_dags/tutorial_dag.py took 0.082 seconds
[2026-03-18T17:47:46.636+0000] {processor.py:186} INFO - Started process (PID=39081) to work on /home/komal/data-engineering-projects/airflow-spark-pipeline/airflow_venv/lib/python3.11/site-packages/airflow/example_dags/tutorial_dag.py
[2026-03-18T17:47:46.639+0000] {processor.py:914} INFO - Processing file /home/komal/data-engineering-projects/airflow-spark-pipeline/airflow_venv/lib/python3.11/site-packages/airflow/example_dags/tutorial_dag.py for tasks to queue
[2026-03-18T17:47:46.641+0000] {logging_mixin.py:190} INFO - [2026-03-18T17:47:46.641+0000] {dagbag.py:588} INFO - Filling up the DagBag from /home/komal/data-engineering-projects/airflow-spark-pipeline/airflow_venv/lib/python3.11/site-packages/airflow/example_dags/tutorial_dag.py
[2026-03-18T17:47:46.649+0000] {processor.py:925} INFO - DAG(s) 'tutorial_dag' retrieved from /home/komal/data-engineering-projects/airflow-spark-pipeline/airflow_venv/lib/python3.11/site-packages/airflow/example_dags/tutorial_dag.py
[2026-03-18T17:47:46.660+0000] {logging_mixin.py:190} INFO - [2026-03-18T17:47:46.660+0000] {dag.py:3239} INFO - Sync 1 DAGs
[2026-03-18T17:47:46.673+0000] {logging_mixin.py:190} INFO - [2026-03-18T17:47:46.673+0000] {dag.py:4180} INFO - Setting next_dagrun for tutorial_dag to None, run_after=None
[2026-03-18T17:47:46.723+0000] {processor.py:208} INFO - Processing /home/komal/data-engineering-projects/airflow-spark-pipeline/airflow_venv/lib/python3.11/site-packages/airflow/example_dags/tutorial_dag.py took 0.096 seconds
[2026-03-18T17:48:56.348+0000] {processor.py:186} INFO - Started process (PID=39144) to work on /home/komal/data-engineering-projects/airflow-spark-pipeline/airflow_venv/lib/python3.11/site-packages/airflow/example_dags/tutorial_dag.py
[2026-03-18T17:48:56.351+0000] {processor.py:914} INFO - Processing file /home/komal/data-engineering-projects/airflow-spark-pipeline/airflow_venv/lib/python3.11/site-packages/airflow/example_dags/tutorial_dag.py for tasks to queue
[2026-03-18T17:48:56.352+0000] {logging_mixin.py:190} INFO - [2026-03-18T17:48:56.352+0000] {dagbag.py:588} INFO - Filling up the DagBag from /home/komal/data-engineering-projects/airflow-spark-pipeline/airflow_venv/lib/python3.11/site-packages/airflow/example_dags/tutorial_dag.py
[2026-03-18T17:48:56.365+0000] {processor.py:925} INFO - DAG(s) 'tutorial_dag' retrieved from /home/komal/data-engineering-projects/airflow-spark-pipeline/airflow_venv/lib/python3.11/site-packages/airflow/example_dags/tutorial_dag.py
[2026-03-18T17:48:56.382+0000] {logging_mixin.py:190} INFO - [2026-03-18T17:48:56.382+0000] {dag.py:3239} INFO - Sync 1 DAGs
[2026-03-18T17:48:56.391+0000] {logging_mixin.py:190} INFO - [2026-03-18T17:48:56.391+0000] {dag.py:4180} INFO - Setting next_dagrun for tutorial_dag to None, run_after=None
[2026-03-18T17:48:56.413+0000] {processor.py:208} INFO - Processing /home/komal/data-engineering-projects/airflow-spark-pipeline/airflow_venv/lib/python3.11/site-packages/airflow/example_dags/tutorial_dag.py took 0.069 seconds
[2026-03-18T17:49:57.886+0000] {processor.py:186} INFO - Started process (PID=39204) to work on /home/komal/data-engineering-projects/airflow-spark-pipeline/airflow_venv/lib/python3.11/site-packages/airflow/example_dags/tutorial_dag.py
[2026-03-18T17:49:57.889+0000] {processor.py:914} INFO - Processing file /home/komal/data-engineering-projects/airflow-spark-pipeline/airflow_venv/lib/python3.11/site-packages/airflow/example_dags/tutorial_dag.py for tasks to queue
[2026-03-18T17:49:57.892+0000] {logging_mixin.py:190} INFO - [2026-03-18T17:49:57.892+0000] {dagbag.py:588} INFO - Filling up the DagBag from /home/komal/data-engineering-projects/airflow-spark-pipeline/airflow_venv/lib/python3.11/site-packages/airflow/example_dags/tutorial_dag.py
[2026-03-18T17:49:57.903+0000] {processor.py:925} INFO - DAG(s) 'tutorial_dag' retrieved from /home/komal/data-engineering-projects/airflow-spark-pipeline/airflow_venv/lib/python3.11/site-packages/airflow/example_dags/tutorial_dag.py
[2026-03-18T17:49:57.922+0000] {logging_mixin.py:190} INFO - [2026-03-18T17:49:57.922+0000] {dag.py:3239} INFO - Sync 1 DAGs
[2026-03-18T17:49:57.934+0000] {logging_mixin.py:190} INFO - [2026-03-18T17:49:57.933+0000] {dag.py:4180} INFO - Setting next_dagrun for tutorial_dag to None, run_after=None
[2026-03-18T17:49:57.957+0000] {processor.py:208} INFO - Processing /home/komal/data-engineering-projects/airflow-spark-pipeline/airflow_venv/lib/python3.11/site-packages/airflow/example_dags/tutorial_dag.py took 0.080 seconds
[2026-03-18T17:55:23.447+0000] {processor.py:186} INFO - Started process (PID=39243) to work on /home/komal/data-engineering-projects/airflow-spark-pipeline/airflow_venv/lib/python3.11/site-packages/airflow/example_dags/tutorial_dag.py
[2026-03-18T17:55:23.447+0000] {processor.py:914} INFO - Processing file /home/komal/data-engineering-projects/airflow-spark-pipeline/airflow_venv/lib/python3.11/site-packages/airflow/example_dags/tutorial_dag.py for tasks to queue
[2026-03-18T17:55:23.449+0000] {logging_mixin.py:190} INFO - [2026-03-18T17:55:23.449+0000] {dagbag.py:588} INFO - Filling up the DagBag from /home/komal/data-engineering-projects/airflow-spark-pipeline/airflow_venv/lib/python3.11/site-packages/airflow/example_dags/tutorial_dag.py
[2026-03-18T17:55:23.455+0000] {processor.py:925} INFO - DAG(s) 'tutorial_dag' retrieved from /home/komal/data-engineering-projects/airflow-spark-pipeline/airflow_venv/lib/python3.11/site-packages/airflow/example_dags/tutorial_dag.py
[2026-03-18T17:55:23.465+0000] {logging_mixin.py:190} INFO - [2026-03-18T17:55:23.465+0000] {dag.py:3239} INFO - Sync 1 DAGs
[2026-03-18T17:55:23.473+0000] {logging_mixin.py:190} INFO - [2026-03-18T17:55:23.473+0000] {dag.py:4180} INFO - Setting next_dagrun for tutorial_dag to None, run_after=None
[2026-03-18T17:55:23.494+0000] {processor.py:208} INFO - Processing /home/komal/data-engineering-projects/airflow-spark-pipeline/airflow_venv/lib/python3.11/site-packages/airflow/example_dags/tutorial_dag.py took 0.054 seconds
[2026-03-18T17:56:09.580+0000] {processor.py:186} INFO - Started process (PID=39294) to work on /home/komal/data-engineering-projects/airflow-spark-pipeline/airflow_venv/lib/python3.11/site-packages/airflow/example_dags/tutorial_dag.py
[2026-03-18T17:56:09.583+0000] {processor.py:914} INFO - Processing file /home/komal/data-engineering-projects/airflow-spark-pipeline/airflow_venv/lib/python3.11/site-packages/airflow/example_dags/tutorial_dag.py for tasks to queue
[2026-03-18T17:56:09.585+0000] {logging_mixin.py:190} INFO - [2026-03-18T17:56:09.584+0000] {dagbag.py:588} INFO - Filling up the DagBag from /home/komal/data-engineering-projects/airflow-spark-pipeline/airflow_venv/lib/python3.11/site-packages/airflow/example_dags/tutorial_dag.py
[2026-03-18T17:56:09.592+0000] {processor.py:925} INFO - DAG(s) 'tutorial_dag' retrieved from /home/komal/data-engineering-projects/airflow-spark-pipeline/airflow_venv/lib/python3.11/site-packages/airflow/example_dags/tutorial_dag.py
[2026-03-18T17:56:09.602+0000] {logging_mixin.py:190} INFO - [2026-03-18T17:56:09.602+0000] {dag.py:3239} INFO - Sync 1 DAGs
[2026-03-18T17:56:09.612+0000] {logging_mixin.py:190} INFO - [2026-03-18T17:56:09.612+0000] {dag.py:4180} INFO - Setting next_dagrun for tutorial_dag to None, run_after=None
[2026-03-18T17:56:09.648+0000] {processor.py:208} INFO - Processing /home/komal/data-engineering-projects/airflow-spark-pipeline/airflow_venv/lib/python3.11/site-packages/airflow/example_dags/tutorial_dag.py took 0.075 seconds
[2026-03-18T17:57:12.925+0000] {processor.py:186} INFO - Started process (PID=39377) to work on /home/komal/data-engineering-projects/airflow-spark-pipeline/airflow_venv/lib/python3.11/site-packages/airflow/example_dags/tutorial_dag.py
[2026-03-18T17:57:12.927+0000] {processor.py:914} INFO - Processing file /home/komal/data-engineering-projects/airflow-spark-pipeline/airflow_venv/lib/python3.11/site-packages/airflow/example_dags/tutorial_dag.py for tasks to queue
[2026-03-18T17:57:12.928+0000] {logging_mixin.py:190} INFO - [2026-03-18T17:57:12.928+0000] {dagbag.py:588} INFO - Filling up the DagBag from /home/komal/data-engineering-projects/airflow-spark-pipeline/airflow_venv/lib/python3.11/site-packages/airflow/example_dags/tutorial_dag.py
[2026-03-18T17:57:12.935+0000] {processor.py:925} INFO - DAG(s) 'tutorial_dag' retrieved from /home/komal/data-engineering-projects/airflow-spark-pipeline/airflow_venv/lib/python3.11/site-packages/airflow/example_dags/tutorial_dag.py
[2026-03-18T17:57:12.949+0000] {logging_mixin.py:190} INFO - [2026-03-18T17:57:12.949+0000] {dag.py:3239} INFO - Sync 1 DAGs
[2026-03-18T17:57:12.959+0000] {logging_mixin.py:190} INFO - [2026-03-18T17:57:12.959+0000] {dag.py:4180} INFO - Setting next_dagrun for tutorial_dag to None, run_after=None
[2026-03-18T17:57:12.999+0000] {processor.py:208} INFO - Processing /home/komal/data-engineering-projects/airflow-spark-pipeline/airflow_venv/lib/python3.11/site-packages/airflow/example_dags/tutorial_dag.py took 0.081 seconds
[2026-03-18T17:58:15.768+0000] {processor.py:186} INFO - Started process (PID=39439) to work on /home/komal/data-engineering-projects/airflow-spark-pipeline/airflow_venv/lib/python3.11/site-packages/airflow/example_dags/tutorial_dag.py
[2026-03-18T17:58:15.771+0000] {processor.py:914} INFO - Processing file /home/komal/data-engineering-projects/airflow-spark-pipeline/airflow_venv/lib/python3.11/site-packages/airflow/example_dags/tutorial_dag.py for tasks to queue
[2026-03-18T17:58:15.774+0000] {logging_mixin.py:190} INFO - [2026-03-18T17:58:15.774+0000] {dagbag.py:588} INFO - Filling up the DagBag from /home/komal/data-engineering-projects/airflow-spark-pipeline/airflow_venv/lib/python3.11/site-packages/airflow/example_dags/tutorial_dag.py
[2026-03-18T17:58:15.783+0000] {processor.py:925} INFO - DAG(s) 'tutorial_dag' retrieved from /home/komal/data-engineering-projects/airflow-spark-pipeline/airflow_venv/lib/python3.11/site-packages/airflow/example_dags/tutorial_dag.py
[2026-03-18T17:58:15.795+0000] {logging_mixin.py:190} INFO - [2026-03-18T17:58:15.794+0000] {dag.py:3239} INFO - Sync 1 DAGs
[2026-03-18T17:58:15.802+0000] {logging_mixin.py:190} INFO - [2026-03-18T17:58:15.802+0000] {dag.py:4180} INFO - Setting next_dagrun for tutorial_dag to None, run_after=None
[2026-03-18T17:58:15.825+0000] {processor.py:208} INFO - Processing /home/komal/data-engineering-projects/airflow-spark-pipeline/airflow_venv/lib/python3.11/site-packages/airflow/example_dags/tutorial_dag.py took 0.067 seconds
[2026-03-18T17:59:19.543+0000] {processor.py:186} INFO - Started process (PID=39501) to work on /home/komal/data-engineering-projects/airflow-spark-pipeline/airflow_venv/lib/python3.11/site-packages/airflow/example_dags/tutorial_dag.py
[2026-03-18T17:59:19.546+0000] {processor.py:914} INFO - Processing file /home/komal/data-engineering-projects/airflow-spark-pipeline/airflow_venv/lib/python3.11/site-packages/airflow/example_dags/tutorial_dag.py for tasks to queue
[2026-03-18T17:59:19.548+0000] {logging_mixin.py:190} INFO - [2026-03-18T17:59:19.548+0000] {dagbag.py:588} INFO - Filling up the DagBag from /home/komal/data-engineering-projects/airflow-spark-pipeline/airflow_venv/lib/python3.11/site-packages/airflow/example_dags/tutorial_dag.py
[2026-03-18T17:59:19.578+0000] {processor.py:925} INFO - DAG(s) 'tutorial_dag' retrieved from /home/komal/data-engineering-projects/airflow-spark-pipeline/airflow_venv/lib/python3.11/site-packages/airflow/example_dags/tutorial_dag.py
[2026-03-18T17:59:19.597+0000] {logging_mixin.py:190} INFO - [2026-03-18T17:59:19.597+0000] {dag.py:3239} INFO - Sync 1 DAGs
[2026-03-18T17:59:19.609+0000] {logging_mixin.py:190} INFO - [2026-03-18T17:59:19.608+0000] {dag.py:4180} INFO - Setting next_dagrun for tutorial_dag to None, run_after=None
[2026-03-18T17:59:19.635+0000] {processor.py:208} INFO - Processing /home/komal/data-engineering-projects/airflow-spark-pipeline/airflow_venv/lib/python3.11/site-packages/airflow/example_dags/tutorial_dag.py took 0.108 seconds
[2026-03-18T18:00:26.359+0000] {processor.py:186} INFO - Started process (PID=39566) to work on /home/komal/data-engineering-projects/airflow-spark-pipeline/airflow_venv/lib/python3.11/site-packages/airflow/example_dags/tutorial_dag.py
[2026-03-18T18:00:26.362+0000] {processor.py:914} INFO - Processing file /home/komal/data-engineering-projects/airflow-spark-pipeline/airflow_venv/lib/python3.11/site-packages/airflow/example_dags/tutorial_dag.py for tasks to queue
[2026-03-18T18:00:26.367+0000] {logging_mixin.py:190} INFO - [2026-03-18T18:00:26.367+0000] {dagbag.py:588} INFO - Filling up the DagBag from /home/komal/data-engineering-projects/airflow-spark-pipeline/airflow_venv/lib/python3.11/site-packages/airflow/example_dags/tutorial_dag.py
[2026-03-18T18:00:26.382+0000] {processor.py:925} INFO - DAG(s) 'tutorial_dag' retrieved from /home/komal/data-engineering-projects/airflow-spark-pipeline/airflow_venv/lib/python3.11/site-packages/airflow/example_dags/tutorial_dag.py
[2026-03-18T18:00:26.401+0000] {logging_mixin.py:190} INFO - [2026-03-18T18:00:26.400+0000] {dag.py:3239} INFO - Sync 1 DAGs
[2026-03-18T18:00:26.417+0000] {logging_mixin.py:190} INFO - [2026-03-18T18:00:26.417+0000] {dag.py:4180} INFO - Setting next_dagrun for tutorial_dag to None, run_after=None
[2026-03-18T18:00:26.441+0000] {processor.py:208} INFO - Processing /home/komal/data-engineering-projects/airflow-spark-pipeline/airflow_venv/lib/python3.11/site-packages/airflow/example_dags/tutorial_dag.py took 0.086 seconds
[2026-03-18T18:01:03.311+0000] {processor.py:186} INFO - Started process (PID=39604) to work on /home/komal/data-engineering-projects/airflow-spark-pipeline/airflow_venv/lib/python3.11/site-packages/airflow/example_dags/tutorial_dag.py
[2026-03-18T18:01:03.343+0000] {processor.py:914} INFO - Processing file /home/komal/data-engineering-projects/airflow-spark-pipeline/airflow_venv/lib/python3.11/site-packages/airflow/example_dags/tutorial_dag.py for tasks to queue
[2026-03-18T18:01:03.346+0000] {logging_mixin.py:190} INFO - [2026-03-18T18:01:03.345+0000] {dagbag.py:588} INFO - Filling up the DagBag from /home/komal/data-engineering-projects/airflow-spark-pipeline/airflow_venv/lib/python3.11/site-packages/airflow/example_dags/tutorial_dag.py
[2026-03-18T18:01:03.356+0000] {processor.py:925} INFO - DAG(s) 'tutorial_dag' retrieved from /home/komal/data-engineering-projects/airflow-spark-pipeline/airflow_venv/lib/python3.11/site-packages/airflow/example_dags/tutorial_dag.py
[2026-03-18T18:01:03.367+0000] {logging_mixin.py:190} INFO - [2026-03-18T18:01:03.367+0000] {dag.py:3239} INFO - Sync 1 DAGs
[2026-03-18T18:01:03.375+0000] {logging_mixin.py:190} INFO - [2026-03-18T18:01:03.375+0000] {dag.py:4180} INFO - Setting next_dagrun for tutorial_dag to None, run_after=None
[2026-03-18T18:01:03.405+0000] {processor.py:208} INFO - Processing /home/komal/data-engineering-projects/airflow-spark-pipeline/airflow_venv/lib/python3.11/site-packages/airflow/example_dags/tutorial_dag.py took 0.099 seconds
[2026-03-18T18:02:08.661+0000] {processor.py:186} INFO - Started process (PID=39669) to work on /home/komal/data-engineering-projects/airflow-spark-pipeline/airflow_venv/lib/python3.11/site-packages/airflow/example_dags/tutorial_dag.py
[2026-03-18T18:02:08.693+0000] {processor.py:914} INFO - Processing file /home/komal/data-engineering-projects/airflow-spark-pipeline/airflow_venv/lib/python3.11/site-packages/airflow/example_dags/tutorial_dag.py for tasks to queue
[2026-03-18T18:02:08.698+0000] {logging_mixin.py:190} INFO - [2026-03-18T18:02:08.697+0000] {dagbag.py:588} INFO - Filling up the DagBag from /home/komal/data-engineering-projects/airflow-spark-pipeline/airflow_venv/lib/python3.11/site-packages/airflow/example_dags/tutorial_dag.py
[2026-03-18T18:02:08.712+0000] {processor.py:925} INFO - DAG(s) 'tutorial_dag' retrieved from /home/komal/data-engineering-projects/airflow-spark-pipeline/airflow_venv/lib/python3.11/site-packages/airflow/example_dags/tutorial_dag.py
[2026-03-18T18:02:08.728+0000] {logging_mixin.py:190} INFO - [2026-03-18T18:02:08.728+0000] {dag.py:3239} INFO - Sync 1 DAGs
[2026-03-18T18:02:08.736+0000] {logging_mixin.py:190} INFO - [2026-03-18T18:02:08.736+0000] {dag.py:4180} INFO - Setting next_dagrun for tutorial_dag to None, run_after=None
[2026-03-18T18:02:08.764+0000] {processor.py:208} INFO - Processing /home/komal/data-engineering-projects/airflow-spark-pipeline/airflow_venv/lib/python3.11/site-packages/airflow/example_dags/tutorial_dag.py took 0.115 seconds
[2026-03-18T18:02:45.971+0000] {processor.py:186} INFO - Started process (PID=39701) to work on /home/komal/data-engineering-projects/airflow-spark-pipeline/airflow_venv/lib/python3.11/site-packages/airflow/example_dags/tutorial_dag.py
[2026-03-18T18:02:45.973+0000] {processor.py:914} INFO - Processing file /home/komal/data-engineering-projects/airflow-spark-pipeline/airflow_venv/lib/python3.11/site-packages/airflow/example_dags/tutorial_dag.py for tasks to queue
[2026-03-18T18:02:45.975+0000] {logging_mixin.py:190} INFO - [2026-03-18T18:02:45.975+0000] {dagbag.py:588} INFO - Filling up the DagBag from /home/komal/data-engineering-projects/airflow-spark-pipeline/airflow_venv/lib/python3.11/site-packages/airflow/example_dags/tutorial_dag.py
[2026-03-18T18:02:45.981+0000] {processor.py:925} INFO - DAG(s) 'tutorial_dag' retrieved from /home/komal/data-engineering-projects/airflow-spark-pipeline/airflow_venv/lib/python3.11/site-packages/airflow/example_dags/tutorial_dag.py
[2026-03-18T18:02:45.991+0000] {logging_mixin.py:190} INFO - [2026-03-18T18:02:45.991+0000] {dag.py:3239} INFO - Sync 1 DAGs
[2026-03-18T18:02:45.998+0000] {logging_mixin.py:190} INFO - [2026-03-18T18:02:45.998+0000] {dag.py:4180} INFO - Setting next_dagrun for tutorial_dag to None, run_after=None
[2026-03-18T18:02:46.020+0000] {processor.py:208} INFO - Processing /home/komal/data-engineering-projects/airflow-spark-pipeline/airflow_venv/lib/python3.11/site-packages/airflow/example_dags/tutorial_dag.py took 0.056 seconds
[2026-03-18T18:03:52.031+0000] {processor.py:186} INFO - Started process (PID=39768) to work on /home/komal/data-engineering-projects/airflow-spark-pipeline/airflow_venv/lib/python3.11/site-packages/airflow/example_dags/tutorial_dag.py
[2026-03-18T18:03:52.064+0000] {processor.py:914} INFO - Processing file /home/komal/data-engineering-projects/airflow-spark-pipeline/airflow_venv/lib/python3.11/site-packages/airflow/example_dags/tutorial_dag.py for tasks to queue
[2026-03-18T18:03:52.068+0000] {logging_mixin.py:190} INFO - [2026-03-18T18:03:52.067+0000] {dagbag.py:588} INFO - Filling up the DagBag from /home/komal/data-engineering-projects/airflow-spark-pipeline/airflow_venv/lib/python3.11/site-packages/airflow/example_dags/tutorial_dag.py
[2026-03-18T18:03:52.098+0000] {processor.py:925} INFO - DAG(s) 'tutorial_dag' retrieved from /home/komal/data-engineering-projects/airflow-spark-pipeline/airflow_venv/lib/python3.11/site-packages/airflow/example_dags/tutorial_dag.py
[2026-03-18T18:03:52.112+0000] {logging_mixin.py:190} INFO - [2026-03-18T18:03:52.112+0000] {dag.py:3239} INFO - Sync 1 DAGs
[2026-03-18T18:03:52.119+0000] {logging_mixin.py:190} INFO - [2026-03-18T18:03:52.119+0000] {dag.py:4180} INFO - Setting next_dagrun for tutorial_dag to None, run_after=None
[2026-03-18T18:03:52.147+0000] {processor.py:208} INFO - Processing /home/komal/data-engineering-projects/airflow-spark-pipeline/airflow_venv/lib/python3.11/site-packages/airflow/example_dags/tutorial_dag.py took 0.125 seconds
[2026-03-18T18:04:56.973+0000] {processor.py:186} INFO - Started process (PID=39830) to work on /home/komal/data-engineering-projects/airflow-spark-pipeline/airflow_venv/lib/python3.11/site-packages/airflow/example_dags/tutorial_dag.py
[2026-03-18T18:04:56.977+0000] {processor.py:914} INFO - Processing file /home/komal/data-engineering-projects/airflow-spark-pipeline/airflow_venv/lib/python3.11/site-packages/airflow/example_dags/tutorial_dag.py for tasks to queue
[2026-03-18T18:04:56.981+0000] {logging_mixin.py:190} INFO - [2026-03-18T18:04:56.981+0000] {dagbag.py:588} INFO - Filling up the DagBag from /home/komal/data-engineering-projects/airflow-spark-pipeline/airflow_venv/lib/python3.11/site-packages/airflow/example_dags/tutorial_dag.py
[2026-03-18T18:04:56.992+0000] {processor.py:925} INFO - DAG(s) 'tutorial_dag' retrieved from /home/komal/data-engineering-projects/airflow-spark-pipeline/airflow_venv/lib/python3.11/site-packages/airflow/example_dags/tutorial_dag.py
[2026-03-18T18:04:57.014+0000] {logging_mixin.py:190} INFO - [2026-03-18T18:04:57.013+0000] {dag.py:3239} INFO - Sync 1 DAGs
[2026-03-18T18:04:57.025+0000] {logging_mixin.py:190} INFO - [2026-03-18T18:04:57.025+0000] {dag.py:4180} INFO - Setting next_dagrun for tutorial_dag to None, run_after=None
[2026-03-18T18:04:57.060+0000] {processor.py:208} INFO - Processing /home/komal/data-engineering-projects/airflow-spark-pipeline/airflow_venv/lib/python3.11/site-packages/airflow/example_dags/tutorial_dag.py took 0.095 seconds
[2026-03-18T18:06:05.853+0000] {processor.py:186} INFO - Started process (PID=39899) to work on /home/komal/data-engineering-projects/airflow-spark-pipeline/airflow_venv/lib/python3.11/site-packages/airflow/example_dags/tutorial_dag.py
[2026-03-18T18:06:05.886+0000] {processor.py:914} INFO - Processing file /home/komal/data-engineering-projects/airflow-spark-pipeline/airflow_venv/lib/python3.11/site-packages/airflow/example_dags/tutorial_dag.py for tasks to queue
[2026-03-18T18:06:05.889+0000] {logging_mixin.py:190} INFO - [2026-03-18T18:06:05.888+0000] {dagbag.py:588} INFO - Filling up the DagBag from /home/komal/data-engineering-projects/airflow-spark-pipeline/airflow_venv/lib/python3.11/site-packages/airflow/example_dags/tutorial_dag.py
[2026-03-18T18:06:05.896+0000] {processor.py:925} INFO - DAG(s) 'tutorial_dag' retrieved from /home/komal/data-engineering-projects/airflow-spark-pipeline/airflow_venv/lib/python3.11/site-packages/airflow/example_dags/tutorial_dag.py
[2026-03-18T18:06:05.906+0000] {logging_mixin.py:190} INFO - [2026-03-18T18:06:05.906+0000] {dag.py:3239} INFO - Sync 1 DAGs
[2026-03-18T18:06:05.914+0000] {logging_mixin.py:190} INFO - [2026-03-18T18:06:05.914+0000] {dag.py:4180} INFO - Setting next_dagrun for tutorial_dag to None, run_after=None
[2026-03-18T18:06:05.938+0000] {processor.py:208} INFO - Processing /home/komal/data-engineering-projects/airflow-spark-pipeline/airflow_venv/lib/python3.11/site-packages/airflow/example_dags/tutorial_dag.py took 0.092 seconds
[2026-03-18T18:07:14.643+0000] {processor.py:186} INFO - Started process (PID=39966) to work on /home/komal/data-engineering-projects/airflow-spark-pipeline/airflow_venv/lib/python3.11/site-packages/airflow/example_dags/tutorial_dag.py
[2026-03-18T18:07:14.647+0000] {processor.py:914} INFO - Processing file /home/komal/data-engineering-projects/airflow-spark-pipeline/airflow_venv/lib/python3.11/site-packages/airflow/example_dags/tutorial_dag.py for tasks to queue
[2026-03-18T18:07:14.648+0000] {logging_mixin.py:190} INFO - [2026-03-18T18:07:14.648+0000] {dagbag.py:588} INFO - Filling up the DagBag from /home/komal/data-engineering-projects/airflow-spark-pipeline/airflow_venv/lib/python3.11/site-packages/airflow/example_dags/tutorial_dag.py
[2026-03-18T18:07:14.655+0000] {processor.py:925} INFO - DAG(s) 'tutorial_dag' retrieved from /home/komal/data-engineering-projects/airflow-spark-pipeline/airflow_venv/lib/python3.11/site-packages/airflow/example_dags/tutorial_dag.py
[2026-03-18T18:07:14.667+0000] {logging_mixin.py:190} INFO - [2026-03-18T18:07:14.666+0000] {dag.py:3239} INFO - Sync 1 DAGs
[2026-03-18T18:07:14.675+0000] {logging_mixin.py:190} INFO - [2026-03-18T18:07:14.674+0000] {dag.py:4180} INFO - Setting next_dagrun for tutorial_dag to None, run_after=None
[2026-03-18T18:07:14.696+0000] {processor.py:208} INFO - Processing /home/komal/data-engineering-projects/airflow-spark-pipeline/airflow_venv/lib/python3.11/site-packages/airflow/example_dags/tutorial_dag.py took 0.057 seconds
[2026-03-18T18:08:22.543+0000] {processor.py:186} INFO - Started process (PID=40030) to work on /home/komal/data-engineering-projects/airflow-spark-pipeline/airflow_venv/lib/python3.11/site-packages/airflow/example_dags/tutorial_dag.py
[2026-03-18T18:08:22.574+0000] {processor.py:914} INFO - Processing file /home/komal/data-engineering-projects/airflow-spark-pipeline/airflow_venv/lib/python3.11/site-packages/airflow/example_dags/tutorial_dag.py for tasks to queue
[2026-03-18T18:08:22.575+0000] {logging_mixin.py:190} INFO - [2026-03-18T18:08:22.575+0000] {dagbag.py:588} INFO - Filling up the DagBag from /home/komal/data-engineering-projects/airflow-spark-pipeline/airflow_venv/lib/python3.11/site-packages/airflow/example_dags/tutorial_dag.py
[2026-03-18T18:08:22.581+0000] {processor.py:925} INFO - DAG(s) 'tutorial_dag' retrieved from /home/komal/data-engineering-projects/airflow-spark-pipeline/airflow_venv/lib/python3.11/site-packages/airflow/example_dags/tutorial_dag.py
[2026-03-18T18:08:22.594+0000] {logging_mixin.py:190} INFO - [2026-03-18T18:08:22.594+0000] {dag.py:3239} INFO - Sync 1 DAGs
[2026-03-18T18:08:22.603+0000] {logging_mixin.py:190} INFO - [2026-03-18T18:08:22.602+0000] {dag.py:4180} INFO - Setting next_dagrun for tutorial_dag to None, run_after=None
[2026-03-18T18:08:22.636+0000] {processor.py:208} INFO - Processing /home/komal/data-engineering-projects/airflow-spark-pipeline/airflow_venv/lib/python3.11/site-packages/airflow/example_dags/tutorial_dag.py took 0.097 seconds
[2026-03-18T18:09:28.855+0000] {processor.py:186} INFO - Started process (PID=40094) to work on /home/komal/data-engineering-projects/airflow-spark-pipeline/airflow_venv/lib/python3.11/site-packages/airflow/example_dags/tutorial_dag.py
[2026-03-18T18:09:28.861+0000] {processor.py:914} INFO - Processing file /home/komal/data-engineering-projects/airflow-spark-pipeline/airflow_venv/lib/python3.11/site-packages/airflow/example_dags/tutorial_dag.py for tasks to queue
[2026-03-18T18:09:28.863+0000] {logging_mixin.py:190} INFO - [2026-03-18T18:09:28.863+0000] {dagbag.py:588} INFO - Filling up the DagBag from /home/komal/data-engineering-projects/airflow-spark-pipeline/airflow_venv/lib/python3.11/site-packages/airflow/example_dags/tutorial_dag.py
[2026-03-18T18:09:28.869+0000] {processor.py:925} INFO - DAG(s) 'tutorial_dag' retrieved from /home/komal/data-engineering-projects/airflow-spark-pipeline/airflow_venv/lib/python3.11/site-packages/airflow/example_dags/tutorial_dag.py
[2026-03-18T18:09:28.885+0000] {logging_mixin.py:190} INFO - [2026-03-18T18:09:28.885+0000] {dag.py:3239} INFO - Sync 1 DAGs
[2026-03-18T18:09:28.893+0000] {logging_mixin.py:190} INFO - [2026-03-18T18:09:28.893+0000] {dag.py:4180} INFO - Setting next_dagrun for tutorial_dag to None, run_after=None
[2026-03-18T18:09:28.915+0000] {processor.py:208} INFO - Processing /home/komal/data-engineering-projects/airflow-spark-pipeline/airflow_venv/lib/python3.11/site-packages/airflow/example_dags/tutorial_dag.py took 0.074 seconds
[2026-03-18T18:10:35.655+0000] {processor.py:186} INFO - Started process (PID=40157) to work on /home/komal/data-engineering-projects/airflow-spark-pipeline/airflow_venv/lib/python3.11/site-packages/airflow/example_dags/tutorial_dag.py
[2026-03-18T18:10:35.658+0000] {processor.py:914} INFO - Processing file /home/komal/data-engineering-projects/airflow-spark-pipeline/airflow_venv/lib/python3.11/site-packages/airflow/example_dags/tutorial_dag.py for tasks to queue
[2026-03-18T18:10:35.661+0000] {logging_mixin.py:190} INFO - [2026-03-18T18:10:35.660+0000] {dagbag.py:588} INFO - Filling up the DagBag from /home/komal/data-engineering-projects/airflow-spark-pipeline/airflow_venv/lib/python3.11/site-packages/airflow/example_dags/tutorial_dag.py
[2026-03-18T18:10:35.668+0000] {processor.py:925} INFO - DAG(s) 'tutorial_dag' retrieved from /home/komal/data-engineering-projects/airflow-spark-pipeline/airflow_venv/lib/python3.11/site-packages/airflow/example_dags/tutorial_dag.py
[2026-03-18T18:10:35.679+0000] {logging_mixin.py:190} INFO - [2026-03-18T18:10:35.679+0000] {dag.py:3239} INFO - Sync 1 DAGs
[2026-03-18T18:10:35.687+0000] {logging_mixin.py:190} INFO - [2026-03-18T18:10:35.687+0000] {dag.py:4180} INFO - Setting next_dagrun for tutorial_dag to None, run_after=None
[2026-03-18T18:10:35.711+0000] {processor.py:208} INFO - Processing /home/komal/data-engineering-projects/airflow-spark-pipeline/airflow_venv/lib/python3.11/site-packages/airflow/example_dags/tutorial_dag.py took 0.066 seconds
[2026-03-18T18:11:45.166+0000] {processor.py:186} INFO - Started process (PID=40223) to work on /home/komal/data-engineering-projects/airflow-spark-pipeline/airflow_venv/lib/python3.11/site-packages/airflow/example_dags/tutorial_dag.py
[2026-03-18T18:11:45.170+0000] {processor.py:914} INFO - Processing file /home/komal/data-engineering-projects/airflow-spark-pipeline/airflow_venv/lib/python3.11/site-packages/airflow/example_dags/tutorial_dag.py for tasks to queue
[2026-03-18T18:11:45.172+0000] {logging_mixin.py:190} INFO - [2026-03-18T18:11:45.172+0000] {dagbag.py:588} INFO - Filling up the DagBag from /home/komal/data-engineering-projects/airflow-spark-pipeline/airflow_venv/lib/python3.11/site-packages/airflow/example_dags/tutorial_dag.py
[2026-03-18T18:11:45.181+0000] {processor.py:925} INFO - DAG(s) 'tutorial_dag' retrieved from /home/komal/data-engineering-projects/airflow-spark-pipeline/airflow_venv/lib/python3.11/site-packages/airflow/example_dags/tutorial_dag.py
[2026-03-18T18:11:45.191+0000] {logging_mixin.py:190} INFO - [2026-03-18T18:11:45.191+0000] {dag.py:3239} INFO - Sync 1 DAGs
[2026-03-18T18:11:45.201+0000] {logging_mixin.py:190} INFO - [2026-03-18T18:11:45.200+0000] {dag.py:4180} INFO - Setting next_dagrun for tutorial_dag to None, run_after=None
[2026-03-18T18:11:45.233+0000] {processor.py:208} INFO - Processing /home/komal/data-engineering-projects/airflow-spark-pipeline/airflow_venv/lib/python3.11/site-packages/airflow/example_dags/tutorial_dag.py took 0.077 seconds
[2026-03-18T18:12:50.705+0000] {processor.py:186} INFO - Started process (PID=40286) to work on /home/komal/data-engineering-projects/airflow-spark-pipeline/airflow_venv/lib/python3.11/site-packages/airflow/example_dags/tutorial_dag.py
[2026-03-18T18:12:50.736+0000] {processor.py:914} INFO - Processing file /home/komal/data-engineering-projects/airflow-spark-pipeline/airflow_venv/lib/python3.11/site-packages/airflow/example_dags/tutorial_dag.py for tasks to queue
[2026-03-18T18:12:50.740+0000] {logging_mixin.py:190} INFO - [2026-03-18T18:12:50.739+0000] {dagbag.py:588} INFO - Filling up the DagBag from /home/komal/data-engineering-projects/airflow-spark-pipeline/airflow_venv/lib/python3.11/site-packages/airflow/example_dags/tutorial_dag.py
[2026-03-18T18:12:50.751+0000] {processor.py:925} INFO - DAG(s) 'tutorial_dag' retrieved from /home/komal/data-engineering-projects/airflow-spark-pipeline/airflow_venv/lib/python3.11/site-packages/airflow/example_dags/tutorial_dag.py
[2026-03-18T18:12:50.761+0000] {logging_mixin.py:190} INFO - [2026-03-18T18:12:50.761+0000] {dag.py:3239} INFO - Sync 1 DAGs
[2026-03-18T18:12:50.768+0000] {logging_mixin.py:190} INFO - [2026-03-18T18:12:50.768+0000] {dag.py:4180} INFO - Setting next_dagrun for tutorial_dag to None, run_after=None
[2026-03-18T18:12:50.788+0000] {processor.py:208} INFO - Processing /home/komal/data-engineering-projects/airflow-spark-pipeline/airflow_venv/lib/python3.11/site-packages/airflow/example_dags/tutorial_dag.py took 0.093 seconds
[2026-03-18T18:13:54.803+0000] {processor.py:186} INFO - Started process (PID=40351) to work on /home/komal/data-engineering-projects/airflow-spark-pipeline/airflow_venv/lib/python3.11/site-packages/airflow/example_dags/tutorial_dag.py
[2026-03-18T18:13:54.833+0000] {processor.py:914} INFO - Processing file /home/komal/data-engineering-projects/airflow-spark-pipeline/airflow_venv/lib/python3.11/site-packages/airflow/example_dags/tutorial_dag.py for tasks to queue
[2026-03-18T18:13:54.837+0000] {logging_mixin.py:190} INFO - [2026-03-18T18:13:54.836+0000] {dagbag.py:588} INFO - Filling up the DagBag from /home/komal/data-engineering-projects/airflow-spark-pipeline/airflow_venv/lib/python3.11/site-packages/airflow/example_dags/tutorial_dag.py
[2026-03-18T18:13:54.853+0000] {processor.py:925} INFO - DAG(s) 'tutorial_dag' retrieved from /home/komal/data-engineering-projects/airflow-spark-pipeline/airflow_venv/lib/python3.11/site-packages/airflow/example_dags/tutorial_dag.py
[2026-03-18T18:13:54.869+0000] {logging_mixin.py:190} INFO - [2026-03-18T18:13:54.868+0000] {dag.py:3239} INFO - Sync 1 DAGs
[2026-03-18T18:13:54.879+0000] {logging_mixin.py:190} INFO - [2026-03-18T18:13:54.878+0000] {dag.py:4180} INFO - Setting next_dagrun for tutorial_dag to None, run_after=None
[2026-03-18T18:13:54.899+0000] {processor.py:208} INFO - Processing /home/komal/data-engineering-projects/airflow-spark-pipeline/airflow_venv/lib/python3.11/site-packages/airflow/example_dags/tutorial_dag.py took 0.107 seconds
[2026-03-18T18:14:58.657+0000] {processor.py:186} INFO - Started process (PID=40413) to work on /home/komal/data-engineering-projects/airflow-spark-pipeline/airflow_venv/lib/python3.11/site-packages/airflow/example_dags/tutorial_dag.py
[2026-03-18T18:14:58.689+0000] {processor.py:914} INFO - Processing file /home/komal/data-engineering-projects/airflow-spark-pipeline/airflow_venv/lib/python3.11/site-packages/airflow/example_dags/tutorial_dag.py for tasks to queue
[2026-03-18T18:14:58.692+0000] {logging_mixin.py:190} INFO - [2026-03-18T18:14:58.692+0000] {dagbag.py:588} INFO - Filling up the DagBag from /home/komal/data-engineering-projects/airflow-spark-pipeline/airflow_venv/lib/python3.11/site-packages/airflow/example_dags/tutorial_dag.py
[2026-03-18T18:14:58.703+0000] {processor.py:925} INFO - DAG(s) 'tutorial_dag' retrieved from /home/komal/data-engineering-projects/airflow-spark-pipeline/airflow_venv/lib/python3.11/site-packages/airflow/example_dags/tutorial_dag.py
[2026-03-18T18:14:58.715+0000] {logging_mixin.py:190} INFO - [2026-03-18T18:14:58.715+0000] {dag.py:3239} INFO - Sync 1 DAGs
[2026-03-18T18:14:58.724+0000] {logging_mixin.py:190} INFO - [2026-03-18T18:14:58.723+0000] {dag.py:4180} INFO - Setting next_dagrun for tutorial_dag to None, run_after=None
[2026-03-18T18:14:58.760+0000] {processor.py:208} INFO - Processing /home/komal/data-engineering-projects/airflow-spark-pipeline/airflow_venv/lib/python3.11/site-packages/airflow/example_dags/tutorial_dag.py took 0.110 seconds
[2026-03-18T18:16:07.576+0000] {processor.py:186} INFO - Started process (PID=40481) to work on /home/komal/data-engineering-projects/airflow-spark-pipeline/airflow_venv/lib/python3.11/site-packages/airflow/example_dags/tutorial_dag.py
[2026-03-18T18:16:07.605+0000] {processor.py:914} INFO - Processing file /home/komal/data-engineering-projects/airflow-spark-pipeline/airflow_venv/lib/python3.11/site-packages/airflow/example_dags/tutorial_dag.py for tasks to queue
[2026-03-18T18:16:07.607+0000] {logging_mixin.py:190} INFO - [2026-03-18T18:16:07.607+0000] {dagbag.py:588} INFO - Filling up the DagBag from /home/komal/data-engineering-projects/airflow-spark-pipeline/airflow_venv/lib/python3.11/site-packages/airflow/example_dags/tutorial_dag.py
[2026-03-18T18:16:07.613+0000] {processor.py:925} INFO - DAG(s) 'tutorial_dag' retrieved from /home/komal/data-engineering-projects/airflow-spark-pipeline/airflow_venv/lib/python3.11/site-packages/airflow/example_dags/tutorial_dag.py
[2026-03-18T18:16:07.627+0000] {logging_mixin.py:190} INFO - [2026-03-18T18:16:07.627+0000] {dag.py:3239} INFO - Sync 1 DAGs
[2026-03-18T18:16:07.636+0000] {logging_mixin.py:190} INFO - [2026-03-18T18:16:07.636+0000] {dag.py:4180} INFO - Setting next_dagrun for tutorial_dag to None, run_after=None
[2026-03-18T18:16:07.662+0000] {processor.py:208} INFO - Processing /home/komal/data-engineering-projects/airflow-spark-pipeline/airflow_venv/lib/python3.11/site-packages/airflow/example_dags/tutorial_dag.py took 0.090 seconds
[2026-03-18T18:17:11.120+0000] {processor.py:186} INFO - Started process (PID=40547) to work on /home/komal/data-engineering-projects/airflow-spark-pipeline/airflow_venv/lib/python3.11/site-packages/airflow/example_dags/tutorial_dag.py
[2026-03-18T18:17:11.147+0000] {processor.py:914} INFO - Processing file /home/komal/data-engineering-projects/airflow-spark-pipeline/airflow_venv/lib/python3.11/site-packages/airflow/example_dags/tutorial_dag.py for tasks to queue
[2026-03-18T18:17:11.151+0000] {logging_mixin.py:190} INFO - [2026-03-18T18:17:11.151+0000] {dagbag.py:588} INFO - Filling up the DagBag from /home/komal/data-engineering-projects/airflow-spark-pipeline/airflow_venv/lib/python3.11/site-packages/airflow/example_dags/tutorial_dag.py
[2026-03-18T18:17:11.166+0000] {processor.py:925} INFO - DAG(s) 'tutorial_dag' retrieved from /home/komal/data-engineering-projects/airflow-spark-pipeline/airflow_venv/lib/python3.11/site-packages/airflow/example_dags/tutorial_dag.py
[2026-03-18T18:17:11.192+0000] {logging_mixin.py:190} INFO - [2026-03-18T18:17:11.192+0000] {dag.py:3239} INFO - Sync 1 DAGs
[2026-03-18T18:17:11.210+0000] {logging_mixin.py:190} INFO - [2026-03-18T18:17:11.209+0000] {dag.py:4180} INFO - Setting next_dagrun for tutorial_dag to None, run_after=None
[2026-03-18T18:17:11.239+0000] {processor.py:208} INFO - Processing /home/komal/data-engineering-projects/airflow-spark-pipeline/airflow_venv/lib/python3.11/site-packages/airflow/example_dags/tutorial_dag.py took 0.128 seconds
[2026-03-18T18:18:21.583+0000] {processor.py:186} INFO - Started process (PID=40613) to work on /home/komal/data-engineering-projects/airflow-spark-pipeline/airflow_venv/lib/python3.11/site-packages/airflow/example_dags/tutorial_dag.py
[2026-03-18T18:18:21.586+0000] {processor.py:914} INFO - Processing file /home/komal/data-engineering-projects/airflow-spark-pipeline/airflow_venv/lib/python3.11/site-packages/airflow/example_dags/tutorial_dag.py for tasks to queue
[2026-03-18T18:18:21.589+0000] {logging_mixin.py:190} INFO - [2026-03-18T18:18:21.589+0000] {dagbag.py:588} INFO - Filling up the DagBag from /home/komal/data-engineering-projects/airflow-spark-pipeline/airflow_venv/lib/python3.11/site-packages/airflow/example_dags/tutorial_dag.py
[2026-03-18T18:18:21.599+0000] {processor.py:925} INFO - DAG(s) 'tutorial_dag' retrieved from /home/komal/data-engineering-projects/airflow-spark-pipeline/airflow_venv/lib/python3.11/site-packages/airflow/example_dags/tutorial_dag.py
[2026-03-18T18:18:21.610+0000] {logging_mixin.py:190} INFO - [2026-03-18T18:18:21.610+0000] {dag.py:3239} INFO - Sync 1 DAGs
[2026-03-18T18:18:21.618+0000] {logging_mixin.py:190} INFO - [2026-03-18T18:18:21.618+0000] {dag.py:4180} INFO - Setting next_dagrun for tutorial_dag to None, run_after=None
[2026-03-18T18:18:21.639+0000] {processor.py:208} INFO - Processing /home/komal/data-engineering-projects/airflow-spark-pipeline/airflow_venv/lib/python3.11/site-packages/airflow/example_dags/tutorial_dag.py took 0.067 seconds
[2026-03-18T18:19:32.883+0000] {processor.py:186} INFO - Started process (PID=40679) to work on /home/komal/data-engineering-projects/airflow-spark-pipeline/airflow_venv/lib/python3.11/site-packages/airflow/example_dags/tutorial_dag.py
[2026-03-18T18:19:32.915+0000] {processor.py:914} INFO - Processing file /home/komal/data-engineering-projects/airflow-spark-pipeline/airflow_venv/lib/python3.11/site-packages/airflow/example_dags/tutorial_dag.py for tasks to queue
[2026-03-18T18:19:32.916+0000] {logging_mixin.py:190} INFO - [2026-03-18T18:19:32.916+0000] {dagbag.py:588} INFO - Filling up the DagBag from /home/komal/data-engineering-projects/airflow-spark-pipeline/airflow_venv/lib/python3.11/site-packages/airflow/example_dags/tutorial_dag.py
[2026-03-18T18:19:32.922+0000] {processor.py:925} INFO - DAG(s) 'tutorial_dag' retrieved from /home/komal/data-engineering-projects/airflow-spark-pipeline/airflow_venv/lib/python3.11/site-packages/airflow/example_dags/tutorial_dag.py
[2026-03-18T18:19:32.938+0000] {logging_mixin.py:190} INFO - [2026-03-18T18:19:32.938+0000] {dag.py:3239} INFO - Sync 1 DAGs
[2026-03-18T18:19:32.949+0000] {logging_mixin.py:190} INFO - [2026-03-18T18:19:32.948+0000] {dag.py:4180} INFO - Setting next_dagrun for tutorial_dag to None, run_after=None
[2026-03-18T18:19:32.976+0000] {processor.py:208} INFO - Processing /home/komal/data-engineering-projects/airflow-spark-pipeline/airflow_venv/lib/python3.11/site-packages/airflow/example_dags/tutorial_dag.py took 0.098 seconds
[2026-03-18T18:20:08.649+0000] {processor.py:186} INFO - Started process (PID=40716) to work on /home/komal/data-engineering-projects/airflow-spark-pipeline/airflow_venv/lib/python3.11/site-packages/airflow/example_dags/tutorial_dag.py
[2026-03-18T18:20:08.680+0000] {processor.py:914} INFO - Processing file /home/komal/data-engineering-projects/airflow-spark-pipeline/airflow_venv/lib/python3.11/site-packages/airflow/example_dags/tutorial_dag.py for tasks to queue
[2026-03-18T18:20:08.681+0000] {logging_mixin.py:190} INFO - [2026-03-18T18:20:08.681+0000] {dagbag.py:588} INFO - Filling up the DagBag from /home/komal/data-engineering-projects/airflow-spark-pipeline/airflow_venv/lib/python3.11/site-packages/airflow/example_dags/tutorial_dag.py
[2026-03-18T18:20:08.687+0000] {processor.py:925} INFO - DAG(s) 'tutorial_dag' retrieved from /home/komal/data-engineering-projects/airflow-spark-pipeline/airflow_venv/lib/python3.11/site-packages/airflow/example_dags/tutorial_dag.py
[2026-03-18T18:20:08.698+0000] {logging_mixin.py:190} INFO - [2026-03-18T18:20:08.698+0000] {dag.py:3239} INFO - Sync 1 DAGs
[2026-03-18T18:20:08.706+0000] {logging_mixin.py:190} INFO - [2026-03-18T18:20:08.706+0000] {dag.py:4180} INFO - Setting next_dagrun for tutorial_dag to None, run_after=None
[2026-03-18T18:20:08.728+0000] {processor.py:208} INFO - Processing /home/komal/data-engineering-projects/airflow-spark-pipeline/airflow_venv/lib/python3.11/site-packages/airflow/example_dags/tutorial_dag.py took 0.083 seconds
[2026-03-18T18:21:10.518+0000] {processor.py:186} INFO - Started process (PID=40778) to work on /home/komal/data-engineering-projects/airflow-spark-pipeline/airflow_venv/lib/python3.11/site-packages/airflow/example_dags/tutorial_dag.py
[2026-03-18T18:21:10.550+0000] {processor.py:914} INFO - Processing file /home/komal/data-engineering-projects/airflow-spark-pipeline/airflow_venv/lib/python3.11/site-packages/airflow/example_dags/tutorial_dag.py for tasks to queue
[2026-03-18T18:21:10.554+0000] {logging_mixin.py:190} INFO - [2026-03-18T18:21:10.553+0000] {dagbag.py:588} INFO - Filling up the DagBag from /home/komal/data-engineering-projects/airflow-spark-pipeline/airflow_venv/lib/python3.11/site-packages/airflow/example_dags/tutorial_dag.py
[2026-03-18T18:21:10.566+0000] {processor.py:925} INFO - DAG(s) 'tutorial_dag' retrieved from /home/komal/data-engineering-projects/airflow-spark-pipeline/airflow_venv/lib/python3.11/site-packages/airflow/example_dags/tutorial_dag.py
[2026-03-18T18:21:10.577+0000] {logging_mixin.py:190} INFO - [2026-03-18T18:21:10.577+0000] {dag.py:3239} INFO - Sync 1 DAGs
[2026-03-18T18:21:10.585+0000] {logging_mixin.py:190} INFO - [2026-03-18T18:21:10.585+0000] {dag.py:4180} INFO - Setting next_dagrun for tutorial_dag to None, run_after=None
[2026-03-18T18:21:10.606+0000] {processor.py:208} INFO - Processing /home/komal/data-engineering-projects/airflow-spark-pipeline/airflow_venv/lib/python3.11/site-packages/airflow/example_dags/tutorial_dag.py took 0.097 seconds
[2026-03-18T18:21:48.512+0000] {processor.py:186} INFO - Started process (PID=40880) to work on /home/komal/data-engineering-projects/airflow-spark-pipeline/airflow_venv/lib/python3.11/site-packages/airflow/example_dags/tutorial_dag.py
[2026-03-18T18:21:48.545+0000] {processor.py:914} INFO - Processing file /home/komal/data-engineering-projects/airflow-spark-pipeline/airflow_venv/lib/python3.11/site-packages/airflow/example_dags/tutorial_dag.py for tasks to queue
[2026-03-18T18:21:48.549+0000] {logging_mixin.py:190} INFO - [2026-03-18T18:21:48.549+0000] {dagbag.py:588} INFO - Filling up the DagBag from /home/komal/data-engineering-projects/airflow-spark-pipeline/airflow_venv/lib/python3.11/site-packages/airflow/example_dags/tutorial_dag.py
[2026-03-18T18:21:48.563+0000] {processor.py:925} INFO - DAG(s) 'tutorial_dag' retrieved from /home/komal/data-engineering-projects/airflow-spark-pipeline/airflow_venv/lib/python3.11/site-packages/airflow/example_dags/tutorial_dag.py
[2026-03-18T18:21:48.576+0000] {logging_mixin.py:190} INFO - [2026-03-18T18:21:48.576+0000] {dag.py:3239} INFO - Sync 1 DAGs
[2026-03-18T18:21:48.590+0000] {logging_mixin.py:190} INFO - [2026-03-18T18:21:48.590+0000] {dag.py:4180} INFO - Setting next_dagrun for tutorial_dag to None, run_after=None
[2026-03-18T18:21:48.611+0000] {processor.py:208} INFO - Processing /home/komal/data-engineering-projects/airflow-spark-pipeline/airflow_venv/lib/python3.11/site-packages/airflow/example_dags/tutorial_dag.py took 0.110 seconds
[2026-03-18T18:22:25.615+0000] {processor.py:186} INFO - Started process (PID=40920) to work on /home/komal/data-engineering-projects/airflow-spark-pipeline/airflow_venv/lib/python3.11/site-packages/airflow/example_dags/tutorial_dag.py
[2026-03-18T18:22:25.646+0000] {processor.py:914} INFO - Processing file /home/komal/data-engineering-projects/airflow-spark-pipeline/airflow_venv/lib/python3.11/site-packages/airflow/example_dags/tutorial_dag.py for tasks to queue
[2026-03-18T18:22:25.651+0000] {logging_mixin.py:190} INFO - [2026-03-18T18:22:25.650+0000] {dagbag.py:588} INFO - Filling up the DagBag from /home/komal/data-engineering-projects/airflow-spark-pipeline/airflow_venv/lib/python3.11/site-packages/airflow/example_dags/tutorial_dag.py
[2026-03-18T18:22:25.665+0000] {processor.py:925} INFO - DAG(s) 'tutorial_dag' retrieved from /home/komal/data-engineering-projects/airflow-spark-pipeline/airflow_venv/lib/python3.11/site-packages/airflow/example_dags/tutorial_dag.py
[2026-03-18T18:22:25.678+0000] {logging_mixin.py:190} INFO - [2026-03-18T18:22:25.677+0000] {dag.py:3239} INFO - Sync 1 DAGs
[2026-03-18T18:22:25.685+0000] {logging_mixin.py:190} INFO - [2026-03-18T18:22:25.685+0000] {dag.py:4180} INFO - Setting next_dagrun for tutorial_dag to None, run_after=None
[2026-03-18T18:22:25.709+0000] {processor.py:208} INFO - Processing /home/komal/data-engineering-projects/airflow-spark-pipeline/airflow_venv/lib/python3.11/site-packages/airflow/example_dags/tutorial_dag.py took 0.108 seconds
[2026-03-18T18:23:32.289+0000] {processor.py:186} INFO - Started process (PID=40983) to work on /home/komal/data-engineering-projects/airflow-spark-pipeline/airflow_venv/lib/python3.11/site-packages/airflow/example_dags/tutorial_dag.py
[2026-03-18T18:23:32.320+0000] {processor.py:914} INFO - Processing file /home/komal/data-engineering-projects/airflow-spark-pipeline/airflow_venv/lib/python3.11/site-packages/airflow/example_dags/tutorial_dag.py for tasks to queue
[2026-03-18T18:23:32.324+0000] {logging_mixin.py:190} INFO - [2026-03-18T18:23:32.323+0000] {dagbag.py:588} INFO - Filling up the DagBag from /home/komal/data-engineering-projects/airflow-spark-pipeline/airflow_venv/lib/python3.11/site-packages/airflow/example_dags/tutorial_dag.py
[2026-03-18T18:23:32.336+0000] {processor.py:925} INFO - DAG(s) 'tutorial_dag' retrieved from /home/komal/data-engineering-projects/airflow-spark-pipeline/airflow_venv/lib/python3.11/site-packages/airflow/example_dags/tutorial_dag.py
[2026-03-18T18:23:32.350+0000] {logging_mixin.py:190} INFO - [2026-03-18T18:23:32.349+0000] {dag.py:3239} INFO - Sync 1 DAGs
[2026-03-18T18:23:32.358+0000] {logging_mixin.py:190} INFO - [2026-03-18T18:23:32.358+0000] {dag.py:4180} INFO - Setting next_dagrun for tutorial_dag to None, run_after=None
[2026-03-18T18:23:32.379+0000] {processor.py:208} INFO - Processing /home/komal/data-engineering-projects/airflow-spark-pipeline/airflow_venv/lib/python3.11/site-packages/airflow/example_dags/tutorial_dag.py took 0.094 seconds
[2026-03-18T18:24:42.473+0000] {processor.py:186} INFO - Started process (PID=41052) to work on /home/komal/data-engineering-projects/airflow-spark-pipeline/airflow_venv/lib/python3.11/site-packages/airflow/example_dags/tutorial_dag.py
[2026-03-18T18:24:42.505+0000] {processor.py:914} INFO - Processing file /home/komal/data-engineering-projects/airflow-spark-pipeline/airflow_venv/lib/python3.11/site-packages/airflow/example_dags/tutorial_dag.py for tasks to queue
[2026-03-18T18:24:42.509+0000] {logging_mixin.py:190} INFO - [2026-03-18T18:24:42.508+0000] {dagbag.py:588} INFO - Filling up the DagBag from /home/komal/data-engineering-projects/airflow-spark-pipeline/airflow_venv/lib/python3.11/site-packages/airflow/example_dags/tutorial_dag.py
[2026-03-18T18:24:42.520+0000] {processor.py:925} INFO - DAG(s) 'tutorial_dag' retrieved from /home/komal/data-engineering-projects/airflow-spark-pipeline/airflow_venv/lib/python3.11/site-packages/airflow/example_dags/tutorial_dag.py
[2026-03-18T18:24:42.534+0000] {logging_mixin.py:190} INFO - [2026-03-18T18:24:42.533+0000] {dag.py:3239} INFO - Sync 1 DAGs
[2026-03-18T18:24:42.544+0000] {logging_mixin.py:190} INFO - [2026-03-18T18:24:42.544+0000] {dag.py:4180} INFO - Setting next_dagrun for tutorial_dag to None, run_after=None
[2026-03-18T18:24:42.579+0000] {processor.py:208} INFO - Processing /home/komal/data-engineering-projects/airflow-spark-pipeline/airflow_venv/lib/python3.11/site-packages/airflow/example_dags/tutorial_dag.py took 0.112 seconds
[2026-03-18T18:25:50.853+0000] {processor.py:186} INFO - Started process (PID=41190) to work on /home/komal/data-engineering-projects/airflow-spark-pipeline/airflow_venv/lib/python3.11/site-packages/airflow/example_dags/tutorial_dag.py
[2026-03-18T18:25:50.857+0000] {processor.py:914} INFO - Processing file /home/komal/data-engineering-projects/airflow-spark-pipeline/airflow_venv/lib/python3.11/site-packages/airflow/example_dags/tutorial_dag.py for tasks to queue
[2026-03-18T18:25:50.860+0000] {logging_mixin.py:190} INFO - [2026-03-18T18:25:50.860+0000] {dagbag.py:588} INFO - Filling up the DagBag from /home/komal/data-engineering-projects/airflow-spark-pipeline/airflow_venv/lib/python3.11/site-packages/airflow/example_dags/tutorial_dag.py
[2026-03-18T18:25:50.868+0000] {processor.py:925} INFO - DAG(s) 'tutorial_dag' retrieved from /home/komal/data-engineering-projects/airflow-spark-pipeline/airflow_venv/lib/python3.11/site-packages/airflow/example_dags/tutorial_dag.py
[2026-03-18T18:25:50.880+0000] {logging_mixin.py:190} INFO - [2026-03-18T18:25:50.880+0000] {dag.py:3239} INFO - Sync 1 DAGs
[2026-03-18T18:25:50.887+0000] {logging_mixin.py:190} INFO - [2026-03-18T18:25:50.887+0000] {dag.py:4180} INFO - Setting next_dagrun for tutorial_dag to None, run_after=None
[2026-03-18T18:25:50.910+0000] {processor.py:208} INFO - Processing /home/komal/data-engineering-projects/airflow-spark-pipeline/airflow_venv/lib/python3.11/site-packages/airflow/example_dags/tutorial_dag.py took 0.066 seconds
[2026-03-18T18:26:55.358+0000] {processor.py:186} INFO - Started process (PID=41255) to work on /home/komal/data-engineering-projects/airflow-spark-pipeline/airflow_venv/lib/python3.11/site-packages/airflow/example_dags/tutorial_dag.py
[2026-03-18T18:26:55.362+0000] {processor.py:914} INFO - Processing file /home/komal/data-engineering-projects/airflow-spark-pipeline/airflow_venv/lib/python3.11/site-packages/airflow/example_dags/tutorial_dag.py for tasks to queue
[2026-03-18T18:26:55.364+0000] {logging_mixin.py:190} INFO - [2026-03-18T18:26:55.363+0000] {dagbag.py:588} INFO - Filling up the DagBag from /home/komal/data-engineering-projects/airflow-spark-pipeline/airflow_venv/lib/python3.11/site-packages/airflow/example_dags/tutorial_dag.py
[2026-03-18T18:26:55.371+0000] {processor.py:925} INFO - DAG(s) 'tutorial_dag' retrieved from /home/komal/data-engineering-projects/airflow-spark-pipeline/airflow_venv/lib/python3.11/site-packages/airflow/example_dags/tutorial_dag.py
[2026-03-18T18:26:55.391+0000] {logging_mixin.py:190} INFO - [2026-03-18T18:26:55.391+0000] {dag.py:3239} INFO - Sync 1 DAGs
[2026-03-18T18:26:55.408+0000] {logging_mixin.py:190} INFO - [2026-03-18T18:26:55.408+0000] {dag.py:4180} INFO - Setting next_dagrun for tutorial_dag to None, run_after=None
[2026-03-18T18:26:55.443+0000] {processor.py:208} INFO - Processing /home/komal/data-engineering-projects/airflow-spark-pipeline/airflow_venv/lib/python3.11/site-packages/airflow/example_dags/tutorial_dag.py took 0.098 seconds
[2026-03-18T18:28:00.249+0000] {processor.py:186} INFO - Started process (PID=41320) to work on /home/komal/data-engineering-projects/airflow-spark-pipeline/airflow_venv/lib/python3.11/site-packages/airflow/example_dags/tutorial_dag.py
[2026-03-18T18:28:00.272+0000] {processor.py:914} INFO - Processing file /home/komal/data-engineering-projects/airflow-spark-pipeline/airflow_venv/lib/python3.11/site-packages/airflow/example_dags/tutorial_dag.py for tasks to queue
[2026-03-18T18:28:00.275+0000] {logging_mixin.py:190} INFO - [2026-03-18T18:28:00.275+0000] {dagbag.py:588} INFO - Filling up the DagBag from /home/komal/data-engineering-projects/airflow-spark-pipeline/airflow_venv/lib/python3.11/site-packages/airflow/example_dags/tutorial_dag.py
[2026-03-18T18:28:00.287+0000] {processor.py:925} INFO - DAG(s) 'tutorial_dag' retrieved from /home/komal/data-engineering-projects/airflow-spark-pipeline/airflow_venv/lib/python3.11/site-packages/airflow/example_dags/tutorial_dag.py
[2026-03-18T18:28:00.304+0000] {logging_mixin.py:190} INFO - [2026-03-18T18:28:00.304+0000] {dag.py:3239} INFO - Sync 1 DAGs
[2026-03-18T18:28:00.312+0000] {logging_mixin.py:190} INFO - [2026-03-18T18:28:00.312+0000] {dag.py:4180} INFO - Setting next_dagrun for tutorial_dag to None, run_after=None
[2026-03-18T18:28:00.334+0000] {processor.py:208} INFO - Processing /home/komal/data-engineering-projects/airflow-spark-pipeline/airflow_venv/lib/python3.11/site-packages/airflow/example_dags/tutorial_dag.py took 0.090 seconds
[2026-03-18T18:29:05.717+0000] {processor.py:186} INFO - Started process (PID=41392) to work on /home/komal/data-engineering-projects/airflow-spark-pipeline/airflow_venv/lib/python3.11/site-packages/airflow/example_dags/tutorial_dag.py
[2026-03-18T18:29:05.749+0000] {processor.py:914} INFO - Processing file /home/komal/data-engineering-projects/airflow-spark-pipeline/airflow_venv/lib/python3.11/site-packages/airflow/example_dags/tutorial_dag.py for tasks to queue
[2026-03-18T18:29:05.753+0000] {logging_mixin.py:190} INFO - [2026-03-18T18:29:05.752+0000] {dagbag.py:588} INFO - Filling up the DagBag from /home/komal/data-engineering-projects/airflow-spark-pipeline/airflow_venv/lib/python3.11/site-packages/airflow/example_dags/tutorial_dag.py
[2026-03-18T18:29:05.768+0000] {processor.py:925} INFO - DAG(s) 'tutorial_dag' retrieved from /home/komal/data-engineering-projects/airflow-spark-pipeline/airflow_venv/lib/python3.11/site-packages/airflow/example_dags/tutorial_dag.py
[2026-03-18T18:29:05.790+0000] {logging_mixin.py:190} INFO - [2026-03-18T18:29:05.789+0000] {dag.py:3239} INFO - Sync 1 DAGs
[2026-03-18T18:29:05.800+0000] {logging_mixin.py:190} INFO - [2026-03-18T18:29:05.800+0000] {dag.py:4180} INFO - Setting next_dagrun for tutorial_dag to None, run_after=None
[2026-03-18T18:29:05.825+0000] {processor.py:208} INFO - Processing /home/komal/data-engineering-projects/airflow-spark-pipeline/airflow_venv/lib/python3.11/site-packages/airflow/example_dags/tutorial_dag.py took 0.115 seconds
[2026-03-18T18:29:42.663+0000] {processor.py:186} INFO - Started process (PID=41424) to work on /home/komal/data-engineering-projects/airflow-spark-pipeline/airflow_venv/lib/python3.11/site-packages/airflow/example_dags/tutorial_dag.py
[2026-03-18T18:29:42.695+0000] {processor.py:914} INFO - Processing file /home/komal/data-engineering-projects/airflow-spark-pipeline/airflow_venv/lib/python3.11/site-packages/airflow/example_dags/tutorial_dag.py for tasks to queue
[2026-03-18T18:29:42.698+0000] {logging_mixin.py:190} INFO - [2026-03-18T18:29:42.698+0000] {dagbag.py:588} INFO - Filling up the DagBag from /home/komal/data-engineering-projects/airflow-spark-pipeline/airflow_venv/lib/python3.11/site-packages/airflow/example_dags/tutorial_dag.py
[2026-03-18T18:29:42.711+0000] {processor.py:925} INFO - DAG(s) 'tutorial_dag' retrieved from /home/komal/data-engineering-projects/airflow-spark-pipeline/airflow_venv/lib/python3.11/site-packages/airflow/example_dags/tutorial_dag.py
[2026-03-18T18:29:42.721+0000] {logging_mixin.py:190} INFO - [2026-03-18T18:29:42.721+0000] {dag.py:3239} INFO - Sync 1 DAGs
[2026-03-18T18:29:42.729+0000] {logging_mixin.py:190} INFO - [2026-03-18T18:29:42.729+0000] {dag.py:4180} INFO - Setting next_dagrun for tutorial_dag to None, run_after=None
[2026-03-18T18:29:42.752+0000] {processor.py:208} INFO - Processing /home/komal/data-engineering-projects/airflow-spark-pipeline/airflow_venv/lib/python3.11/site-packages/airflow/example_dags/tutorial_dag.py took 0.098 seconds
[2026-03-18T18:30:46.319+0000] {processor.py:186} INFO - Started process (PID=41488) to work on /home/komal/data-engineering-projects/airflow-spark-pipeline/airflow_venv/lib/python3.11/site-packages/airflow/example_dags/tutorial_dag.py
[2026-03-18T18:30:46.351+0000] {processor.py:914} INFO - Processing file /home/komal/data-engineering-projects/airflow-spark-pipeline/airflow_venv/lib/python3.11/site-packages/airflow/example_dags/tutorial_dag.py for tasks to queue
[2026-03-18T18:30:46.352+0000] {logging_mixin.py:190} INFO - [2026-03-18T18:30:46.352+0000] {dagbag.py:588} INFO - Filling up the DagBag from /home/komal/data-engineering-projects/airflow-spark-pipeline/airflow_venv/lib/python3.11/site-packages/airflow/example_dags/tutorial_dag.py
[2026-03-18T18:30:46.359+0000] {processor.py:925} INFO - DAG(s) 'tutorial_dag' retrieved from /home/komal/data-engineering-projects/airflow-spark-pipeline/airflow_venv/lib/python3.11/site-packages/airflow/example_dags/tutorial_dag.py
[2026-03-18T18:30:46.369+0000] {logging_mixin.py:190} INFO - [2026-03-18T18:30:46.369+0000] {dag.py:3239} INFO - Sync 1 DAGs
[2026-03-18T18:30:46.386+0000] {logging_mixin.py:190} INFO - [2026-03-18T18:30:46.386+0000] {dag.py:4180} INFO - Setting next_dagrun for tutorial_dag to None, run_after=None
[2026-03-18T18:30:46.408+0000] {processor.py:208} INFO - Processing /home/komal/data-engineering-projects/airflow-spark-pipeline/airflow_venv/lib/python3.11/site-packages/airflow/example_dags/tutorial_dag.py took 0.102 seconds
[2026-03-18T18:31:52.311+0000] {processor.py:186} INFO - Started process (PID=41552) to work on /home/komal/data-engineering-projects/airflow-spark-pipeline/airflow_venv/lib/python3.11/site-packages/airflow/example_dags/tutorial_dag.py
[2026-03-18T18:31:52.343+0000] {processor.py:914} INFO - Processing file /home/komal/data-engineering-projects/airflow-spark-pipeline/airflow_venv/lib/python3.11/site-packages/airflow/example_dags/tutorial_dag.py for tasks to queue
[2026-03-18T18:31:52.346+0000] {logging_mixin.py:190} INFO - [2026-03-18T18:31:52.346+0000] {dagbag.py:588} INFO - Filling up the DagBag from /home/komal/data-engineering-projects/airflow-spark-pipeline/airflow_venv/lib/python3.11/site-packages/airflow/example_dags/tutorial_dag.py
[2026-03-18T18:31:52.357+0000] {processor.py:925} INFO - DAG(s) 'tutorial_dag' retrieved from /home/komal/data-engineering-projects/airflow-spark-pipeline/airflow_venv/lib/python3.11/site-packages/airflow/example_dags/tutorial_dag.py
[2026-03-18T18:31:52.367+0000] {logging_mixin.py:190} INFO - [2026-03-18T18:31:52.367+0000] {dag.py:3239} INFO - Sync 1 DAGs
[2026-03-18T18:31:52.376+0000] {logging_mixin.py:190} INFO - [2026-03-18T18:31:52.376+0000] {dag.py:4180} INFO - Setting next_dagrun for tutorial_dag to None, run_after=None
[2026-03-18T18:31:52.448+0000] {processor.py:208} INFO - Processing /home/komal/data-engineering-projects/airflow-spark-pipeline/airflow_venv/lib/python3.11/site-packages/airflow/example_dags/tutorial_dag.py took 0.143 seconds
[2026-03-18T18:32:31.205+0000] {processor.py:186} INFO - Started process (PID=41587) to work on /home/komal/data-engineering-projects/airflow-spark-pipeline/airflow_venv/lib/python3.11/site-packages/airflow/example_dags/tutorial_dag.py
[2026-03-18T18:32:31.238+0000] {processor.py:914} INFO - Processing file /home/komal/data-engineering-projects/airflow-spark-pipeline/airflow_venv/lib/python3.11/site-packages/airflow/example_dags/tutorial_dag.py for tasks to queue
[2026-03-18T18:32:31.242+0000] {logging_mixin.py:190} INFO - [2026-03-18T18:32:31.241+0000] {dagbag.py:588} INFO - Filling up the DagBag from /home/komal/data-engineering-projects/airflow-spark-pipeline/airflow_venv/lib/python3.11/site-packages/airflow/example_dags/tutorial_dag.py
[2026-03-18T18:32:31.253+0000] {processor.py:925} INFO - DAG(s) 'tutorial_dag' retrieved from /home/komal/data-engineering-projects/airflow-spark-pipeline/airflow_venv/lib/python3.11/site-packages/airflow/example_dags/tutorial_dag.py
[2026-03-18T18:32:31.266+0000] {logging_mixin.py:190} INFO - [2026-03-18T18:32:31.266+0000] {dag.py:3239} INFO - Sync 1 DAGs
[2026-03-18T18:32:31.286+0000] {logging_mixin.py:190} INFO - [2026-03-18T18:32:31.286+0000] {dag.py:4180} INFO - Setting next_dagrun for tutorial_dag to None, run_after=None
[2026-03-18T18:32:31.316+0000] {processor.py:208} INFO - Processing /home/komal/data-engineering-projects/airflow-spark-pipeline/airflow_venv/lib/python3.11/site-packages/airflow/example_dags/tutorial_dag.py took 0.120 seconds
[2026-03-18T18:33:08.577+0000] {processor.py:186} INFO - Started process (PID=41620) to work on /home/komal/data-engineering-projects/airflow-spark-pipeline/airflow_venv/lib/python3.11/site-packages/airflow/example_dags/tutorial_dag.py
[2026-03-18T18:33:08.610+0000] {processor.py:914} INFO - Processing file /home/komal/data-engineering-projects/airflow-spark-pipeline/airflow_venv/lib/python3.11/site-packages/airflow/example_dags/tutorial_dag.py for tasks to queue
[2026-03-18T18:33:08.614+0000] {logging_mixin.py:190} INFO - [2026-03-18T18:33:08.613+0000] {dagbag.py:588} INFO - Filling up the DagBag from /home/komal/data-engineering-projects/airflow-spark-pipeline/airflow_venv/lib/python3.11/site-packages/airflow/example_dags/tutorial_dag.py
[2026-03-18T18:33:08.626+0000] {processor.py:925} INFO - DAG(s) 'tutorial_dag' retrieved from /home/komal/data-engineering-projects/airflow-spark-pipeline/airflow_venv/lib/python3.11/site-packages/airflow/example_dags/tutorial_dag.py
[2026-03-18T18:33:08.638+0000] {logging_mixin.py:190} INFO - [2026-03-18T18:33:08.638+0000] {dag.py:3239} INFO - Sync 1 DAGs
[2026-03-18T18:33:08.646+0000] {logging_mixin.py:190} INFO - [2026-03-18T18:33:08.645+0000] {dag.py:4180} INFO - Setting next_dagrun for tutorial_dag to None, run_after=None
[2026-03-18T18:33:08.669+0000] {processor.py:208} INFO - Processing /home/komal/data-engineering-projects/airflow-spark-pipeline/airflow_venv/lib/python3.11/site-packages/airflow/example_dags/tutorial_dag.py took 0.102 seconds
[2026-03-18T18:34:18.922+0000] {processor.py:186} INFO - Started process (PID=41684) to work on /home/komal/data-engineering-projects/airflow-spark-pipeline/airflow_venv/lib/python3.11/site-packages/airflow/example_dags/tutorial_dag.py
[2026-03-18T18:34:18.925+0000] {processor.py:914} INFO - Processing file /home/komal/data-engineering-projects/airflow-spark-pipeline/airflow_venv/lib/python3.11/site-packages/airflow/example_dags/tutorial_dag.py for tasks to queue
[2026-03-18T18:34:18.928+0000] {logging_mixin.py:190} INFO - [2026-03-18T18:34:18.927+0000] {dagbag.py:588} INFO - Filling up the DagBag from /home/komal/data-engineering-projects/airflow-spark-pipeline/airflow_venv/lib/python3.11/site-packages/airflow/example_dags/tutorial_dag.py
[2026-03-18T18:34:18.935+0000] {processor.py:925} INFO - DAG(s) 'tutorial_dag' retrieved from /home/komal/data-engineering-projects/airflow-spark-pipeline/airflow_venv/lib/python3.11/site-packages/airflow/example_dags/tutorial_dag.py
[2026-03-18T18:34:18.944+0000] {logging_mixin.py:190} INFO - [2026-03-18T18:34:18.944+0000] {dag.py:3239} INFO - Sync 1 DAGs
[2026-03-18T18:34:18.951+0000] {logging_mixin.py:190} INFO - [2026-03-18T18:34:18.951+0000] {dag.py:4180} INFO - Setting next_dagrun for tutorial_dag to None, run_after=None
[2026-03-18T18:34:18.972+0000] {processor.py:208} INFO - Processing /home/komal/data-engineering-projects/airflow-spark-pipeline/airflow_venv/lib/python3.11/site-packages/airflow/example_dags/tutorial_dag.py took 0.059 seconds
[2026-03-18T18:35:24.334+0000] {processor.py:186} INFO - Started process (PID=41746) to work on /home/komal/data-engineering-projects/airflow-spark-pipeline/airflow_venv/lib/python3.11/site-packages/airflow/example_dags/tutorial_dag.py
[2026-03-18T18:35:24.365+0000] {processor.py:914} INFO - Processing file /home/komal/data-engineering-projects/airflow-spark-pipeline/airflow_venv/lib/python3.11/site-packages/airflow/example_dags/tutorial_dag.py for tasks to queue
[2026-03-18T18:35:24.368+0000] {logging_mixin.py:190} INFO - [2026-03-18T18:35:24.368+0000] {dagbag.py:588} INFO - Filling up the DagBag from /home/komal/data-engineering-projects/airflow-spark-pipeline/airflow_venv/lib/python3.11/site-packages/airflow/example_dags/tutorial_dag.py
[2026-03-18T18:35:24.378+0000] {processor.py:925} INFO - DAG(s) 'tutorial_dag' retrieved from /home/komal/data-engineering-projects/airflow-spark-pipeline/airflow_venv/lib/python3.11/site-packages/airflow/example_dags/tutorial_dag.py
[2026-03-18T18:35:24.389+0000] {logging_mixin.py:190} INFO - [2026-03-18T18:35:24.389+0000] {dag.py:3239} INFO - Sync 1 DAGs
[2026-03-18T18:35:24.397+0000] {logging_mixin.py:190} INFO - [2026-03-18T18:35:24.397+0000] {dag.py:4180} INFO - Setting next_dagrun for tutorial_dag to None, run_after=None
[2026-03-18T18:35:24.419+0000] {processor.py:208} INFO - Processing /home/komal/data-engineering-projects/airflow-spark-pipeline/airflow_venv/lib/python3.11/site-packages/airflow/example_dags/tutorial_dag.py took 0.094 seconds
[2026-03-18T18:36:28.036+0000] {processor.py:186} INFO - Started process (PID=41810) to work on /home/komal/data-engineering-projects/airflow-spark-pipeline/airflow_venv/lib/python3.11/site-packages/airflow/example_dags/tutorial_dag.py
[2026-03-18T18:36:28.068+0000] {processor.py:914} INFO - Processing file /home/komal/data-engineering-projects/airflow-spark-pipeline/airflow_venv/lib/python3.11/site-packages/airflow/example_dags/tutorial_dag.py for tasks to queue
[2026-03-18T18:36:28.072+0000] {logging_mixin.py:190} INFO - [2026-03-18T18:36:28.071+0000] {dagbag.py:588} INFO - Filling up the DagBag from /home/komal/data-engineering-projects/airflow-spark-pipeline/airflow_venv/lib/python3.11/site-packages/airflow/example_dags/tutorial_dag.py
[2026-03-18T18:36:28.080+0000] {processor.py:925} INFO - DAG(s) 'tutorial_dag' retrieved from /home/komal/data-engineering-projects/airflow-spark-pipeline/airflow_venv/lib/python3.11/site-packages/airflow/example_dags/tutorial_dag.py
[2026-03-18T18:36:28.095+0000] {logging_mixin.py:190} INFO - [2026-03-18T18:36:28.094+0000] {dag.py:3239} INFO - Sync 1 DAGs
[2026-03-18T18:36:28.108+0000] {logging_mixin.py:190} INFO - [2026-03-18T18:36:28.107+0000] {dag.py:4180} INFO - Setting next_dagrun for tutorial_dag to None, run_after=None
[2026-03-18T18:36:28.140+0000] {processor.py:208} INFO - Processing /home/komal/data-engineering-projects/airflow-spark-pipeline/airflow_venv/lib/python3.11/site-packages/airflow/example_dags/tutorial_dag.py took 0.118 seconds
[2026-03-18T18:37:06.872+0000] {processor.py:186} INFO - Started process (PID=41846) to work on /home/komal/data-engineering-projects/airflow-spark-pipeline/airflow_venv/lib/python3.11/site-packages/airflow/example_dags/tutorial_dag.py
[2026-03-18T18:37:06.903+0000] {processor.py:914} INFO - Processing file /home/komal/data-engineering-projects/airflow-spark-pipeline/airflow_venv/lib/python3.11/site-packages/airflow/example_dags/tutorial_dag.py for tasks to queue
[2026-03-18T18:37:06.906+0000] {logging_mixin.py:190} INFO - [2026-03-18T18:37:06.905+0000] {dagbag.py:588} INFO - Filling up the DagBag from /home/komal/data-engineering-projects/airflow-spark-pipeline/airflow_venv/lib/python3.11/site-packages/airflow/example_dags/tutorial_dag.py
[2026-03-18T18:37:06.919+0000] {processor.py:925} INFO - DAG(s) 'tutorial_dag' retrieved from /home/komal/data-engineering-projects/airflow-spark-pipeline/airflow_venv/lib/python3.11/site-packages/airflow/example_dags/tutorial_dag.py
[2026-03-18T18:37:06.934+0000] {logging_mixin.py:190} INFO - [2026-03-18T18:37:06.934+0000] {dag.py:3239} INFO - Sync 1 DAGs
[2026-03-18T18:37:06.942+0000] {logging_mixin.py:190} INFO - [2026-03-18T18:37:06.942+0000] {dag.py:4180} INFO - Setting next_dagrun for tutorial_dag to None, run_after=None
[2026-03-18T18:37:07.028+0000] {processor.py:208} INFO - Processing /home/komal/data-engineering-projects/airflow-spark-pipeline/airflow_venv/lib/python3.11/site-packages/airflow/example_dags/tutorial_dag.py took 0.165 seconds
[2026-03-18T18:37:43.543+0000] {processor.py:186} INFO - Started process (PID=41878) to work on /home/komal/data-engineering-projects/airflow-spark-pipeline/airflow_venv/lib/python3.11/site-packages/airflow/example_dags/tutorial_dag.py
[2026-03-18T18:37:43.575+0000] {processor.py:914} INFO - Processing file /home/komal/data-engineering-projects/airflow-spark-pipeline/airflow_venv/lib/python3.11/site-packages/airflow/example_dags/tutorial_dag.py for tasks to queue
[2026-03-18T18:37:43.579+0000] {logging_mixin.py:190} INFO - [2026-03-18T18:37:43.579+0000] {dagbag.py:588} INFO - Filling up the DagBag from /home/komal/data-engineering-projects/airflow-spark-pipeline/airflow_venv/lib/python3.11/site-packages/airflow/example_dags/tutorial_dag.py
[2026-03-18T18:37:43.591+0000] {processor.py:925} INFO - DAG(s) 'tutorial_dag' retrieved from /home/komal/data-engineering-projects/airflow-spark-pipeline/airflow_venv/lib/python3.11/site-packages/airflow/example_dags/tutorial_dag.py
[2026-03-18T18:37:43.604+0000] {logging_mixin.py:190} INFO - [2026-03-18T18:37:43.603+0000] {dag.py:3239} INFO - Sync 1 DAGs
[2026-03-18T18:37:43.611+0000] {logging_mixin.py:190} INFO - [2026-03-18T18:37:43.611+0000] {dag.py:4180} INFO - Setting next_dagrun for tutorial_dag to None, run_after=None
[2026-03-18T18:37:43.633+0000] {processor.py:208} INFO - Processing /home/komal/data-engineering-projects/airflow-spark-pipeline/airflow_venv/lib/python3.11/site-packages/airflow/example_dags/tutorial_dag.py took 0.100 seconds
[2026-03-18T18:38:51.909+0000] {processor.py:186} INFO - Started process (PID=41944) to work on /home/komal/data-engineering-projects/airflow-spark-pipeline/airflow_venv/lib/python3.11/site-packages/airflow/example_dags/tutorial_dag.py
[2026-03-18T18:38:51.941+0000] {processor.py:914} INFO - Processing file /home/komal/data-engineering-projects/airflow-spark-pipeline/airflow_venv/lib/python3.11/site-packages/airflow/example_dags/tutorial_dag.py for tasks to queue
[2026-03-18T18:38:51.943+0000] {logging_mixin.py:190} INFO - [2026-03-18T18:38:51.942+0000] {dagbag.py:588} INFO - Filling up the DagBag from /home/komal/data-engineering-projects/airflow-spark-pipeline/airflow_venv/lib/python3.11/site-packages/airflow/example_dags/tutorial_dag.py
[2026-03-18T18:38:51.948+0000] {processor.py:925} INFO - DAG(s) 'tutorial_dag' retrieved from /home/komal/data-engineering-projects/airflow-spark-pipeline/airflow_venv/lib/python3.11/site-packages/airflow/example_dags/tutorial_dag.py
[2026-03-18T18:38:51.961+0000] {logging_mixin.py:190} INFO - [2026-03-18T18:38:51.961+0000] {dag.py:3239} INFO - Sync 1 DAGs
[2026-03-18T18:38:51.969+0000] {logging_mixin.py:190} INFO - [2026-03-18T18:38:51.969+0000] {dag.py:4180} INFO - Setting next_dagrun for tutorial_dag to None, run_after=None
[2026-03-18T18:38:51.993+0000] {processor.py:208} INFO - Processing /home/komal/data-engineering-projects/airflow-spark-pipeline/airflow_venv/lib/python3.11/site-packages/airflow/example_dags/tutorial_dag.py took 0.087 seconds
[2026-03-18T18:40:00.415+0000] {processor.py:186} INFO - Started process (PID=42009) to work on /home/komal/data-engineering-projects/airflow-spark-pipeline/airflow_venv/lib/python3.11/site-packages/airflow/example_dags/tutorial_dag.py
[2026-03-18T18:40:00.435+0000] {processor.py:914} INFO - Processing file /home/komal/data-engineering-projects/airflow-spark-pipeline/airflow_venv/lib/python3.11/site-packages/airflow/example_dags/tutorial_dag.py for tasks to queue
[2026-03-18T18:40:00.437+0000] {logging_mixin.py:190} INFO - [2026-03-18T18:40:00.437+0000] {dagbag.py:588} INFO - Filling up the DagBag from /home/komal/data-engineering-projects/airflow-spark-pipeline/airflow_venv/lib/python3.11/site-packages/airflow/example_dags/tutorial_dag.py
[2026-03-18T18:40:00.443+0000] {processor.py:925} INFO - DAG(s) 'tutorial_dag' retrieved from /home/komal/data-engineering-projects/airflow-spark-pipeline/airflow_venv/lib/python3.11/site-packages/airflow/example_dags/tutorial_dag.py
[2026-03-18T18:40:00.460+0000] {logging_mixin.py:190} INFO - [2026-03-18T18:40:00.459+0000] {dag.py:3239} INFO - Sync 1 DAGs
[2026-03-18T18:40:00.476+0000] {logging_mixin.py:190} INFO - [2026-03-18T18:40:00.476+0000] {dag.py:4180} INFO - Setting next_dagrun for tutorial_dag to None, run_after=None
[2026-03-18T18:40:00.498+0000] {processor.py:208} INFO - Processing /home/komal/data-engineering-projects/airflow-spark-pipeline/airflow_venv/lib/python3.11/site-packages/airflow/example_dags/tutorial_dag.py took 0.087 seconds
[2026-03-18T18:41:11.795+0000] {processor.py:186} INFO - Started process (PID=42077) to work on /home/komal/data-engineering-projects/airflow-spark-pipeline/airflow_venv/lib/python3.11/site-packages/airflow/example_dags/tutorial_dag.py
[2026-03-18T18:41:11.796+0000] {processor.py:914} INFO - Processing file /home/komal/data-engineering-projects/airflow-spark-pipeline/airflow_venv/lib/python3.11/site-packages/airflow/example_dags/tutorial_dag.py for tasks to queue
[2026-03-18T18:41:11.798+0000] {logging_mixin.py:190} INFO - [2026-03-18T18:41:11.798+0000] {dagbag.py:588} INFO - Filling up the DagBag from /home/komal/data-engineering-projects/airflow-spark-pipeline/airflow_venv/lib/python3.11/site-packages/airflow/example_dags/tutorial_dag.py
[2026-03-18T18:41:11.805+0000] {processor.py:925} INFO - DAG(s) 'tutorial_dag' retrieved from /home/komal/data-engineering-projects/airflow-spark-pipeline/airflow_venv/lib/python3.11/site-packages/airflow/example_dags/tutorial_dag.py
[2026-03-18T18:41:11.818+0000] {logging_mixin.py:190} INFO - [2026-03-18T18:41:11.817+0000] {dag.py:3239} INFO - Sync 1 DAGs
[2026-03-18T18:41:11.827+0000] {logging_mixin.py:190} INFO - [2026-03-18T18:41:11.827+0000] {dag.py:4180} INFO - Setting next_dagrun for tutorial_dag to None, run_after=None
[2026-03-18T18:41:11.853+0000] {processor.py:208} INFO - Processing /home/komal/data-engineering-projects/airflow-spark-pipeline/airflow_venv/lib/python3.11/site-packages/airflow/example_dags/tutorial_dag.py took 0.073 seconds
[2026-03-18T18:42:24.497+0000] {processor.py:186} INFO - Started process (PID=42145) to work on /home/komal/data-engineering-projects/airflow-spark-pipeline/airflow_venv/lib/python3.11/site-packages/airflow/example_dags/tutorial_dag.py
[2026-03-18T18:42:24.500+0000] {processor.py:914} INFO - Processing file /home/komal/data-engineering-projects/airflow-spark-pipeline/airflow_venv/lib/python3.11/site-packages/airflow/example_dags/tutorial_dag.py for tasks to queue
[2026-03-18T18:42:24.502+0000] {logging_mixin.py:190} INFO - [2026-03-18T18:42:24.502+0000] {dagbag.py:588} INFO - Filling up the DagBag from /home/komal/data-engineering-projects/airflow-spark-pipeline/airflow_venv/lib/python3.11/site-packages/airflow/example_dags/tutorial_dag.py
[2026-03-18T18:42:24.509+0000] {processor.py:925} INFO - DAG(s) 'tutorial_dag' retrieved from /home/komal/data-engineering-projects/airflow-spark-pipeline/airflow_venv/lib/python3.11/site-packages/airflow/example_dags/tutorial_dag.py
[2026-03-18T18:42:24.519+0000] {logging_mixin.py:190} INFO - [2026-03-18T18:42:24.519+0000] {dag.py:3239} INFO - Sync 1 DAGs
[2026-03-18T18:42:24.529+0000] {logging_mixin.py:190} INFO - [2026-03-18T18:42:24.529+0000] {dag.py:4180} INFO - Setting next_dagrun for tutorial_dag to None, run_after=None
[2026-03-18T18:42:24.575+0000] {processor.py:208} INFO - Processing /home/komal/data-engineering-projects/airflow-spark-pipeline/airflow_venv/lib/python3.11/site-packages/airflow/example_dags/tutorial_dag.py took 0.088 seconds
[2026-03-18T18:43:36.895+0000] {processor.py:186} INFO - Started process (PID=42213) to work on /home/komal/data-engineering-projects/airflow-spark-pipeline/airflow_venv/lib/python3.11/site-packages/airflow/example_dags/tutorial_dag.py
[2026-03-18T18:43:36.904+0000] {processor.py:914} INFO - Processing file /home/komal/data-engineering-projects/airflow-spark-pipeline/airflow_venv/lib/python3.11/site-packages/airflow/example_dags/tutorial_dag.py for tasks to queue
[2026-03-18T18:43:36.907+0000] {logging_mixin.py:190} INFO - [2026-03-18T18:43:36.906+0000] {dagbag.py:588} INFO - Filling up the DagBag from /home/komal/data-engineering-projects/airflow-spark-pipeline/airflow_venv/lib/python3.11/site-packages/airflow/example_dags/tutorial_dag.py
[2026-03-18T18:43:36.913+0000] {processor.py:925} INFO - DAG(s) 'tutorial_dag' retrieved from /home/komal/data-engineering-projects/airflow-spark-pipeline/airflow_venv/lib/python3.11/site-packages/airflow/example_dags/tutorial_dag.py
[2026-03-18T18:43:36.925+0000] {logging_mixin.py:190} INFO - [2026-03-18T18:43:36.924+0000] {dag.py:3239} INFO - Sync 1 DAGs
[2026-03-18T18:43:36.934+0000] {logging_mixin.py:190} INFO - [2026-03-18T18:43:36.934+0000] {dag.py:4180} INFO - Setting next_dagrun for tutorial_dag to None, run_after=None
[2026-03-18T18:43:36.955+0000] {processor.py:208} INFO - Processing /home/komal/data-engineering-projects/airflow-spark-pipeline/airflow_venv/lib/python3.11/site-packages/airflow/example_dags/tutorial_dag.py took 0.066 seconds
[2026-03-18T18:44:45.045+0000] {processor.py:186} INFO - Started process (PID=42277) to work on /home/komal/data-engineering-projects/airflow-spark-pipeline/airflow_venv/lib/python3.11/site-packages/airflow/example_dags/tutorial_dag.py
[2026-03-18T18:44:45.048+0000] {processor.py:914} INFO - Processing file /home/komal/data-engineering-projects/airflow-spark-pipeline/airflow_venv/lib/python3.11/site-packages/airflow/example_dags/tutorial_dag.py for tasks to queue
[2026-03-18T18:44:45.049+0000] {logging_mixin.py:190} INFO - [2026-03-18T18:44:45.049+0000] {dagbag.py:588} INFO - Filling up the DagBag from /home/komal/data-engineering-projects/airflow-spark-pipeline/airflow_venv/lib/python3.11/site-packages/airflow/example_dags/tutorial_dag.py
[2026-03-18T18:44:45.057+0000] {processor.py:925} INFO - DAG(s) 'tutorial_dag' retrieved from /home/komal/data-engineering-projects/airflow-spark-pipeline/airflow_venv/lib/python3.11/site-packages/airflow/example_dags/tutorial_dag.py
[2026-03-18T18:44:45.069+0000] {logging_mixin.py:190} INFO - [2026-03-18T18:44:45.068+0000] {dag.py:3239} INFO - Sync 1 DAGs
[2026-03-18T18:44:45.078+0000] {logging_mixin.py:190} INFO - [2026-03-18T18:44:45.078+0000] {dag.py:4180} INFO - Setting next_dagrun for tutorial_dag to None, run_after=None
[2026-03-18T18:44:45.098+0000] {processor.py:208} INFO - Processing /home/komal/data-engineering-projects/airflow-spark-pipeline/airflow_venv/lib/python3.11/site-packages/airflow/example_dags/tutorial_dag.py took 0.057 seconds
[2026-03-18T18:45:53.091+0000] {processor.py:186} INFO - Started process (PID=42343) to work on /home/komal/data-engineering-projects/airflow-spark-pipeline/airflow_venv/lib/python3.11/site-packages/airflow/example_dags/tutorial_dag.py
[2026-03-18T18:45:53.123+0000] {processor.py:914} INFO - Processing file /home/komal/data-engineering-projects/airflow-spark-pipeline/airflow_venv/lib/python3.11/site-packages/airflow/example_dags/tutorial_dag.py for tasks to queue
[2026-03-18T18:45:53.127+0000] {logging_mixin.py:190} INFO - [2026-03-18T18:45:53.127+0000] {dagbag.py:588} INFO - Filling up the DagBag from /home/komal/data-engineering-projects/airflow-spark-pipeline/airflow_venv/lib/python3.11/site-packages/airflow/example_dags/tutorial_dag.py
[2026-03-18T18:45:53.138+0000] {processor.py:925} INFO - DAG(s) 'tutorial_dag' retrieved from /home/komal/data-engineering-projects/airflow-spark-pipeline/airflow_venv/lib/python3.11/site-packages/airflow/example_dags/tutorial_dag.py
[2026-03-18T18:45:53.150+0000] {logging_mixin.py:190} INFO - [2026-03-18T18:45:53.149+0000] {dag.py:3239} INFO - Sync 1 DAGs
[2026-03-18T18:45:53.167+0000] {logging_mixin.py:190} INFO - [2026-03-18T18:45:53.167+0000] {dag.py:4180} INFO - Setting next_dagrun for tutorial_dag to None, run_after=None
[2026-03-18T18:45:53.491+0000] {processor.py:208} INFO - Processing /home/komal/data-engineering-projects/airflow-spark-pipeline/airflow_venv/lib/python3.11/site-packages/airflow/example_dags/tutorial_dag.py took 0.407 seconds
[2026-03-18T18:46:31.627+0000] {processor.py:186} INFO - Started process (PID=42379) to work on /home/komal/data-engineering-projects/airflow-spark-pipeline/airflow_venv/lib/python3.11/site-packages/airflow/example_dags/tutorial_dag.py
[2026-03-18T18:46:31.628+0000] {processor.py:914} INFO - Processing file /home/komal/data-engineering-projects/airflow-spark-pipeline/airflow_venv/lib/python3.11/site-packages/airflow/example_dags/tutorial_dag.py for tasks to queue
[2026-03-18T18:46:31.629+0000] {logging_mixin.py:190} INFO - [2026-03-18T18:46:31.629+0000] {dagbag.py:588} INFO - Filling up the DagBag from /home/komal/data-engineering-projects/airflow-spark-pipeline/airflow_venv/lib/python3.11/site-packages/airflow/example_dags/tutorial_dag.py
[2026-03-18T18:46:31.638+0000] {processor.py:925} INFO - DAG(s) 'tutorial_dag' retrieved from /home/komal/data-engineering-projects/airflow-spark-pipeline/airflow_venv/lib/python3.11/site-packages/airflow/example_dags/tutorial_dag.py
[2026-03-18T18:46:31.650+0000] {logging_mixin.py:190} INFO - [2026-03-18T18:46:31.650+0000] {dag.py:3239} INFO - Sync 1 DAGs
[2026-03-18T18:46:31.658+0000] {logging_mixin.py:190} INFO - [2026-03-18T18:46:31.658+0000] {dag.py:4180} INFO - Setting next_dagrun for tutorial_dag to None, run_after=None
[2026-03-18T18:46:31.677+0000] {processor.py:208} INFO - Processing /home/komal/data-engineering-projects/airflow-spark-pipeline/airflow_venv/lib/python3.11/site-packages/airflow/example_dags/tutorial_dag.py took 0.055 seconds
[2026-03-18T18:47:41.215+0000] {processor.py:186} INFO - Started process (PID=42670) to work on /home/komal/data-engineering-projects/airflow-spark-pipeline/airflow_venv/lib/python3.11/site-packages/airflow/example_dags/tutorial_dag.py
[2026-03-18T18:47:41.248+0000] {processor.py:914} INFO - Processing file /home/komal/data-engineering-projects/airflow-spark-pipeline/airflow_venv/lib/python3.11/site-packages/airflow/example_dags/tutorial_dag.py for tasks to queue
[2026-03-18T18:47:41.251+0000] {logging_mixin.py:190} INFO - [2026-03-18T18:47:41.251+0000] {dagbag.py:588} INFO - Filling up the DagBag from /home/komal/data-engineering-projects/airflow-spark-pipeline/airflow_venv/lib/python3.11/site-packages/airflow/example_dags/tutorial_dag.py
[2026-03-18T18:47:41.262+0000] {processor.py:925} INFO - DAG(s) 'tutorial_dag' retrieved from /home/komal/data-engineering-projects/airflow-spark-pipeline/airflow_venv/lib/python3.11/site-packages/airflow/example_dags/tutorial_dag.py
[2026-03-18T18:47:41.274+0000] {logging_mixin.py:190} INFO - [2026-03-18T18:47:41.274+0000] {dag.py:3239} INFO - Sync 1 DAGs
[2026-03-18T18:47:41.282+0000] {logging_mixin.py:190} INFO - [2026-03-18T18:47:41.282+0000] {dag.py:4180} INFO - Setting next_dagrun for tutorial_dag to None, run_after=None
[2026-03-18T18:47:41.305+0000] {processor.py:208} INFO - Processing /home/komal/data-engineering-projects/airflow-spark-pipeline/airflow_venv/lib/python3.11/site-packages/airflow/example_dags/tutorial_dag.py took 0.100 seconds
[2026-03-18T18:48:51.350+0000] {processor.py:186} INFO - Started process (PID=42734) to work on /home/komal/data-engineering-projects/airflow-spark-pipeline/airflow_venv/lib/python3.11/site-packages/airflow/example_dags/tutorial_dag.py
[2026-03-18T18:48:51.352+0000] {processor.py:914} INFO - Processing file /home/komal/data-engineering-projects/airflow-spark-pipeline/airflow_venv/lib/python3.11/site-packages/airflow/example_dags/tutorial_dag.py for tasks to queue
[2026-03-18T18:48:51.356+0000] {logging_mixin.py:190} INFO - [2026-03-18T18:48:51.355+0000] {dagbag.py:588} INFO - Filling up the DagBag from /home/komal/data-engineering-projects/airflow-spark-pipeline/airflow_venv/lib/python3.11/site-packages/airflow/example_dags/tutorial_dag.py
[2026-03-18T18:48:51.363+0000] {processor.py:925} INFO - DAG(s) 'tutorial_dag' retrieved from /home/komal/data-engineering-projects/airflow-spark-pipeline/airflow_venv/lib/python3.11/site-packages/airflow/example_dags/tutorial_dag.py
[2026-03-18T18:48:51.375+0000] {logging_mixin.py:190} INFO - [2026-03-18T18:48:51.374+0000] {dag.py:3239} INFO - Sync 1 DAGs
[2026-03-18T18:48:51.382+0000] {logging_mixin.py:190} INFO - [2026-03-18T18:48:51.382+0000] {dag.py:4180} INFO - Setting next_dagrun for tutorial_dag to None, run_after=None
[2026-03-18T18:48:51.409+0000] {processor.py:208} INFO - Processing /home/komal/data-engineering-projects/airflow-spark-pipeline/airflow_venv/lib/python3.11/site-packages/airflow/example_dags/tutorial_dag.py took 0.065 seconds
[2026-03-18T18:49:32.101+0000] {processor.py:186} INFO - Started process (PID=42772) to work on /home/komal/data-engineering-projects/airflow-spark-pipeline/airflow_venv/lib/python3.11/site-packages/airflow/example_dags/tutorial_dag.py
[2026-03-18T18:49:32.103+0000] {processor.py:914} INFO - Processing file /home/komal/data-engineering-projects/airflow-spark-pipeline/airflow_venv/lib/python3.11/site-packages/airflow/example_dags/tutorial_dag.py for tasks to queue
[2026-03-18T18:49:32.106+0000] {logging_mixin.py:190} INFO - [2026-03-18T18:49:32.106+0000] {dagbag.py:588} INFO - Filling up the DagBag from /home/komal/data-engineering-projects/airflow-spark-pipeline/airflow_venv/lib/python3.11/site-packages/airflow/example_dags/tutorial_dag.py
[2026-03-18T18:49:32.120+0000] {processor.py:925} INFO - DAG(s) 'tutorial_dag' retrieved from /home/komal/data-engineering-projects/airflow-spark-pipeline/airflow_venv/lib/python3.11/site-packages/airflow/example_dags/tutorial_dag.py
[2026-03-18T18:49:32.134+0000] {logging_mixin.py:190} INFO - [2026-03-18T18:49:32.134+0000] {dag.py:3239} INFO - Sync 1 DAGs
[2026-03-18T18:49:32.141+0000] {logging_mixin.py:190} INFO - [2026-03-18T18:49:32.141+0000] {dag.py:4180} INFO - Setting next_dagrun for tutorial_dag to None, run_after=None
[2026-03-18T18:49:32.169+0000] {processor.py:208} INFO - Processing /home/komal/data-engineering-projects/airflow-spark-pipeline/airflow_venv/lib/python3.11/site-packages/airflow/example_dags/tutorial_dag.py took 0.078 seconds
[2026-03-18T18:50:39.168+0000] {processor.py:186} INFO - Started process (PID=42843) to work on /home/komal/data-engineering-projects/airflow-spark-pipeline/airflow_venv/lib/python3.11/site-packages/airflow/example_dags/tutorial_dag.py
[2026-03-18T18:50:39.199+0000] {processor.py:914} INFO - Processing file /home/komal/data-engineering-projects/airflow-spark-pipeline/airflow_venv/lib/python3.11/site-packages/airflow/example_dags/tutorial_dag.py for tasks to queue
[2026-03-18T18:50:39.204+0000] {logging_mixin.py:190} INFO - [2026-03-18T18:50:39.203+0000] {dagbag.py:588} INFO - Filling up the DagBag from /home/komal/data-engineering-projects/airflow-spark-pipeline/airflow_venv/lib/python3.11/site-packages/airflow/example_dags/tutorial_dag.py
[2026-03-18T18:50:39.227+0000] {processor.py:925} INFO - DAG(s) 'tutorial_dag' retrieved from /home/komal/data-engineering-projects/airflow-spark-pipeline/airflow_venv/lib/python3.11/site-packages/airflow/example_dags/tutorial_dag.py
[2026-03-18T18:50:39.245+0000] {logging_mixin.py:190} INFO - [2026-03-18T18:50:39.245+0000] {dag.py:3239} INFO - Sync 1 DAGs
[2026-03-18T18:50:39.253+0000] {logging_mixin.py:190} INFO - [2026-03-18T18:50:39.253+0000] {dag.py:4180} INFO - Setting next_dagrun for tutorial_dag to None, run_after=None
[2026-03-18T18:50:39.288+0000] {processor.py:208} INFO - Processing /home/komal/data-engineering-projects/airflow-spark-pipeline/airflow_venv/lib/python3.11/site-packages/airflow/example_dags/tutorial_dag.py took 0.125 seconds
[2026-03-18T18:51:16.828+0000] {processor.py:186} INFO - Started process (PID=42880) to work on /home/komal/data-engineering-projects/airflow-spark-pipeline/airflow_venv/lib/python3.11/site-packages/airflow/example_dags/tutorial_dag.py
[2026-03-18T18:51:16.857+0000] {processor.py:914} INFO - Processing file /home/komal/data-engineering-projects/airflow-spark-pipeline/airflow_venv/lib/python3.11/site-packages/airflow/example_dags/tutorial_dag.py for tasks to queue
[2026-03-18T18:51:16.859+0000] {logging_mixin.py:190} INFO - [2026-03-18T18:51:16.859+0000] {dagbag.py:588} INFO - Filling up the DagBag from /home/komal/data-engineering-projects/airflow-spark-pipeline/airflow_venv/lib/python3.11/site-packages/airflow/example_dags/tutorial_dag.py
[2026-03-18T18:51:16.869+0000] {processor.py:925} INFO - DAG(s) 'tutorial_dag' retrieved from /home/komal/data-engineering-projects/airflow-spark-pipeline/airflow_venv/lib/python3.11/site-packages/airflow/example_dags/tutorial_dag.py
[2026-03-18T18:51:16.883+0000] {logging_mixin.py:190} INFO - [2026-03-18T18:51:16.883+0000] {dag.py:3239} INFO - Sync 1 DAGs
[2026-03-18T18:51:16.895+0000] {logging_mixin.py:190} INFO - [2026-03-18T18:51:16.895+0000] {dag.py:4180} INFO - Setting next_dagrun for tutorial_dag to None, run_after=None
[2026-03-18T18:51:16.950+0000] {processor.py:208} INFO - Processing /home/komal/data-engineering-projects/airflow-spark-pipeline/airflow_venv/lib/python3.11/site-packages/airflow/example_dags/tutorial_dag.py took 0.127 seconds
