[2026-03-18T06:16:38.996+0000] {processor.py:157} INFO - Started process (PID=27493) to work on /home/komal/data-engineering-projects/airflow-spark-pipeline/airflow_venv/lib/python3.11/site-packages/airflow/example_dags/tutorial_taskflow_api.py
[2026-03-18T06:16:38.997+0000] {processor.py:826} INFO - Processing file /home/komal/data-engineering-projects/airflow-spark-pipeline/airflow_venv/lib/python3.11/site-packages/airflow/example_dags/tutorial_taskflow_api.py for tasks to queue
[2026-03-18T06:16:38.997+0000] {logging_mixin.py:150} INFO - [2026-03-18T06:16:38.997+0000] {dagbag.py:541} INFO - Filling up the DagBag from /home/komal/data-engineering-projects/airflow-spark-pipeline/airflow_venv/lib/python3.11/site-packages/airflow/example_dags/tutorial_taskflow_api.py
[2026-03-18T06:16:39.003+0000] {processor.py:836} INFO - DAG(s) dict_keys(['tutorial_taskflow_api']) retrieved from /home/komal/data-engineering-projects/airflow-spark-pipeline/airflow_venv/lib/python3.11/site-packages/airflow/example_dags/tutorial_taskflow_api.py
[2026-03-18T06:16:39.116+0000] {logging_mixin.py:150} INFO - [2026-03-18T06:16:39.116+0000] {manager.py:504} INFO - Created Permission View: can delete on DAG:tutorial_taskflow_api
[2026-03-18T06:16:39.132+0000] {logging_mixin.py:150} INFO - [2026-03-18T06:16:39.132+0000] {manager.py:504} INFO - Created Permission View: can read on DAG:tutorial_taskflow_api
[2026-03-18T06:16:39.146+0000] {logging_mixin.py:150} INFO - [2026-03-18T06:16:39.145+0000] {manager.py:504} INFO - Created Permission View: can edit on DAG:tutorial_taskflow_api
[2026-03-18T06:16:39.151+0000] {logging_mixin.py:150} INFO - [2026-03-18T06:16:39.151+0000] {dag.py:2742} INFO - Sync 1 DAGs
[2026-03-18T06:16:39.156+0000] {logging_mixin.py:150} INFO - [2026-03-18T06:16:39.156+0000] {dag.py:2763} INFO - Creating ORM DAG for tutorial_taskflow_api
[2026-03-18T06:16:39.160+0000] {logging_mixin.py:150} INFO - [2026-03-18T06:16:39.160+0000] {dag.py:3504} INFO - Setting next_dagrun for tutorial_taskflow_api to None, run_after=None
[2026-03-18T06:16:39.178+0000] {processor.py:179} INFO - Processing /home/komal/data-engineering-projects/airflow-spark-pipeline/airflow_venv/lib/python3.11/site-packages/airflow/example_dags/tutorial_taskflow_api.py took 0.187 seconds
[2026-03-18T06:17:28.938+0000] {processor.py:157} INFO - Started process (PID=27556) to work on /home/komal/data-engineering-projects/airflow-spark-pipeline/airflow_venv/lib/python3.11/site-packages/airflow/example_dags/tutorial_taskflow_api.py
[2026-03-18T06:17:28.941+0000] {processor.py:826} INFO - Processing file /home/komal/data-engineering-projects/airflow-spark-pipeline/airflow_venv/lib/python3.11/site-packages/airflow/example_dags/tutorial_taskflow_api.py for tasks to queue
[2026-03-18T06:17:28.943+0000] {logging_mixin.py:150} INFO - [2026-03-18T06:17:28.942+0000] {dagbag.py:541} INFO - Filling up the DagBag from /home/komal/data-engineering-projects/airflow-spark-pipeline/airflow_venv/lib/python3.11/site-packages/airflow/example_dags/tutorial_taskflow_api.py
[2026-03-18T06:17:28.953+0000] {processor.py:836} INFO - DAG(s) dict_keys(['tutorial_taskflow_api']) retrieved from /home/komal/data-engineering-projects/airflow-spark-pipeline/airflow_venv/lib/python3.11/site-packages/airflow/example_dags/tutorial_taskflow_api.py
[2026-03-18T06:17:28.979+0000] {logging_mixin.py:150} INFO - [2026-03-18T06:17:28.979+0000] {dag.py:2742} INFO - Sync 1 DAGs
[2026-03-18T06:17:29.000+0000] {logging_mixin.py:150} INFO - [2026-03-18T06:17:28.999+0000] {dag.py:3504} INFO - Setting next_dagrun for tutorial_taskflow_api to None, run_after=None
[2026-03-18T06:17:29.032+0000] {processor.py:179} INFO - Processing /home/komal/data-engineering-projects/airflow-spark-pipeline/airflow_venv/lib/python3.11/site-packages/airflow/example_dags/tutorial_taskflow_api.py took 0.101 seconds
[2026-03-18T06:33:23.062+0000] {processor.py:186} INFO - Started process (PID=28018) to work on /home/komal/data-engineering-projects/airflow-spark-pipeline/airflow_venv/lib/python3.11/site-packages/airflow/example_dags/tutorial_taskflow_api.py
[2026-03-18T06:33:23.096+0000] {processor.py:914} INFO - Processing file /home/komal/data-engineering-projects/airflow-spark-pipeline/airflow_venv/lib/python3.11/site-packages/airflow/example_dags/tutorial_taskflow_api.py for tasks to queue
[2026-03-18T06:33:23.100+0000] {logging_mixin.py:190} INFO - [2026-03-18T06:33:23.099+0000] {dagbag.py:588} INFO - Filling up the DagBag from /home/komal/data-engineering-projects/airflow-spark-pipeline/airflow_venv/lib/python3.11/site-packages/airflow/example_dags/tutorial_taskflow_api.py
[2026-03-18T06:33:23.114+0000] {processor.py:925} INFO - DAG(s) 'tutorial_taskflow_api' retrieved from /home/komal/data-engineering-projects/airflow-spark-pipeline/airflow_venv/lib/python3.11/site-packages/airflow/example_dags/tutorial_taskflow_api.py
[2026-03-18T06:33:23.121+0000] {logging_mixin.py:190} INFO - [2026-03-18T06:33:23.121+0000] {dag.py:3239} INFO - Sync 1 DAGs
[2026-03-18T06:33:23.128+0000] {logging_mixin.py:190} INFO - [2026-03-18T06:33:23.128+0000] {dag.py:4180} INFO - Setting next_dagrun for tutorial_taskflow_api to None, run_after=None
[2026-03-18T06:33:23.150+0000] {processor.py:208} INFO - Processing /home/komal/data-engineering-projects/airflow-spark-pipeline/airflow_venv/lib/python3.11/site-packages/airflow/example_dags/tutorial_taskflow_api.py took 0.098 seconds
[2026-03-18T06:34:29.611+0000] {processor.py:186} INFO - Started process (PID=28085) to work on /home/komal/data-engineering-projects/airflow-spark-pipeline/airflow_venv/lib/python3.11/site-packages/airflow/example_dags/tutorial_taskflow_api.py
[2026-03-18T06:34:29.614+0000] {processor.py:914} INFO - Processing file /home/komal/data-engineering-projects/airflow-spark-pipeline/airflow_venv/lib/python3.11/site-packages/airflow/example_dags/tutorial_taskflow_api.py for tasks to queue
[2026-03-18T06:34:29.615+0000] {logging_mixin.py:190} INFO - [2026-03-18T06:34:29.615+0000] {dagbag.py:588} INFO - Filling up the DagBag from /home/komal/data-engineering-projects/airflow-spark-pipeline/airflow_venv/lib/python3.11/site-packages/airflow/example_dags/tutorial_taskflow_api.py
[2026-03-18T06:34:29.623+0000] {processor.py:925} INFO - DAG(s) 'tutorial_taskflow_api' retrieved from /home/komal/data-engineering-projects/airflow-spark-pipeline/airflow_venv/lib/python3.11/site-packages/airflow/example_dags/tutorial_taskflow_api.py
[2026-03-18T06:34:29.696+0000] {logging_mixin.py:190} INFO - [2026-03-18T06:34:29.696+0000] {dag.py:3239} INFO - Sync 1 DAGs
[2026-03-18T06:34:29.705+0000] {logging_mixin.py:190} INFO - [2026-03-18T06:34:29.705+0000] {dag.py:4180} INFO - Setting next_dagrun for tutorial_taskflow_api to None, run_after=None
[2026-03-18T06:34:29.726+0000] {processor.py:208} INFO - Processing /home/komal/data-engineering-projects/airflow-spark-pipeline/airflow_venv/lib/python3.11/site-packages/airflow/example_dags/tutorial_taskflow_api.py took 0.124 seconds
[2026-03-18T06:35:33.921+0000] {processor.py:186} INFO - Started process (PID=28151) to work on /home/komal/data-engineering-projects/airflow-spark-pipeline/airflow_venv/lib/python3.11/site-packages/airflow/example_dags/tutorial_taskflow_api.py
[2026-03-18T06:35:33.953+0000] {processor.py:914} INFO - Processing file /home/komal/data-engineering-projects/airflow-spark-pipeline/airflow_venv/lib/python3.11/site-packages/airflow/example_dags/tutorial_taskflow_api.py for tasks to queue
[2026-03-18T06:35:33.955+0000] {logging_mixin.py:190} INFO - [2026-03-18T06:35:33.954+0000] {dagbag.py:588} INFO - Filling up the DagBag from /home/komal/data-engineering-projects/airflow-spark-pipeline/airflow_venv/lib/python3.11/site-packages/airflow/example_dags/tutorial_taskflow_api.py
[2026-03-18T06:35:33.966+0000] {processor.py:925} INFO - DAG(s) 'tutorial_taskflow_api' retrieved from /home/komal/data-engineering-projects/airflow-spark-pipeline/airflow_venv/lib/python3.11/site-packages/airflow/example_dags/tutorial_taskflow_api.py
[2026-03-18T06:35:33.979+0000] {logging_mixin.py:190} INFO - [2026-03-18T06:35:33.979+0000] {dag.py:3239} INFO - Sync 1 DAGs
[2026-03-18T06:35:33.986+0000] {logging_mixin.py:190} INFO - [2026-03-18T06:35:33.986+0000] {dag.py:4180} INFO - Setting next_dagrun for tutorial_taskflow_api to None, run_after=None
[2026-03-18T06:35:34.006+0000] {processor.py:208} INFO - Processing /home/komal/data-engineering-projects/airflow-spark-pipeline/airflow_venv/lib/python3.11/site-packages/airflow/example_dags/tutorial_taskflow_api.py took 0.089 seconds
[2026-03-18T06:36:41.667+0000] {processor.py:186} INFO - Started process (PID=28224) to work on /home/komal/data-engineering-projects/airflow-spark-pipeline/airflow_venv/lib/python3.11/site-packages/airflow/example_dags/tutorial_taskflow_api.py
[2026-03-18T06:36:41.699+0000] {processor.py:914} INFO - Processing file /home/komal/data-engineering-projects/airflow-spark-pipeline/airflow_venv/lib/python3.11/site-packages/airflow/example_dags/tutorial_taskflow_api.py for tasks to queue
[2026-03-18T06:36:41.701+0000] {logging_mixin.py:190} INFO - [2026-03-18T06:36:41.701+0000] {dagbag.py:588} INFO - Filling up the DagBag from /home/komal/data-engineering-projects/airflow-spark-pipeline/airflow_venv/lib/python3.11/site-packages/airflow/example_dags/tutorial_taskflow_api.py
[2026-03-18T06:36:41.711+0000] {processor.py:925} INFO - DAG(s) 'tutorial_taskflow_api' retrieved from /home/komal/data-engineering-projects/airflow-spark-pipeline/airflow_venv/lib/python3.11/site-packages/airflow/example_dags/tutorial_taskflow_api.py
[2026-03-18T06:36:41.723+0000] {logging_mixin.py:190} INFO - [2026-03-18T06:36:41.723+0000] {dag.py:3239} INFO - Sync 1 DAGs
[2026-03-18T06:36:41.736+0000] {logging_mixin.py:190} INFO - [2026-03-18T06:36:41.736+0000] {dag.py:4180} INFO - Setting next_dagrun for tutorial_taskflow_api to None, run_after=None
[2026-03-18T06:36:41.789+0000] {processor.py:208} INFO - Processing /home/komal/data-engineering-projects/airflow-spark-pipeline/airflow_venv/lib/python3.11/site-packages/airflow/example_dags/tutorial_taskflow_api.py took 0.126 seconds
[2026-03-18T06:37:46.229+0000] {processor.py:186} INFO - Started process (PID=28298) to work on /home/komal/data-engineering-projects/airflow-spark-pipeline/airflow_venv/lib/python3.11/site-packages/airflow/example_dags/tutorial_taskflow_api.py
[2026-03-18T06:37:46.231+0000] {processor.py:914} INFO - Processing file /home/komal/data-engineering-projects/airflow-spark-pipeline/airflow_venv/lib/python3.11/site-packages/airflow/example_dags/tutorial_taskflow_api.py for tasks to queue
[2026-03-18T06:37:46.232+0000] {logging_mixin.py:190} INFO - [2026-03-18T06:37:46.231+0000] {dagbag.py:588} INFO - Filling up the DagBag from /home/komal/data-engineering-projects/airflow-spark-pipeline/airflow_venv/lib/python3.11/site-packages/airflow/example_dags/tutorial_taskflow_api.py
[2026-03-18T06:37:46.244+0000] {processor.py:925} INFO - DAG(s) 'tutorial_taskflow_api' retrieved from /home/komal/data-engineering-projects/airflow-spark-pipeline/airflow_venv/lib/python3.11/site-packages/airflow/example_dags/tutorial_taskflow_api.py
[2026-03-18T06:37:46.259+0000] {logging_mixin.py:190} INFO - [2026-03-18T06:37:46.259+0000] {dag.py:3239} INFO - Sync 1 DAGs
[2026-03-18T06:37:46.267+0000] {logging_mixin.py:190} INFO - [2026-03-18T06:37:46.267+0000] {dag.py:4180} INFO - Setting next_dagrun for tutorial_taskflow_api to None, run_after=None
[2026-03-18T06:37:46.443+0000] {processor.py:208} INFO - Processing /home/komal/data-engineering-projects/airflow-spark-pipeline/airflow_venv/lib/python3.11/site-packages/airflow/example_dags/tutorial_taskflow_api.py took 0.218 seconds
[2026-03-18T06:38:02.107+0000] {processor.py:186} INFO - Started process (PID=28316) to work on /home/komal/data-engineering-projects/airflow-spark-pipeline/airflow_venv/lib/python3.11/site-packages/airflow/example_dags/tutorial_taskflow_api.py
[2026-03-18T06:38:02.139+0000] {processor.py:914} INFO - Processing file /home/komal/data-engineering-projects/airflow-spark-pipeline/airflow_venv/lib/python3.11/site-packages/airflow/example_dags/tutorial_taskflow_api.py for tasks to queue
[2026-03-18T06:38:02.143+0000] {logging_mixin.py:190} INFO - [2026-03-18T06:38:02.142+0000] {dagbag.py:588} INFO - Filling up the DagBag from /home/komal/data-engineering-projects/airflow-spark-pipeline/airflow_venv/lib/python3.11/site-packages/airflow/example_dags/tutorial_taskflow_api.py
[2026-03-18T06:38:02.159+0000] {processor.py:925} INFO - DAG(s) 'tutorial_taskflow_api' retrieved from /home/komal/data-engineering-projects/airflow-spark-pipeline/airflow_venv/lib/python3.11/site-packages/airflow/example_dags/tutorial_taskflow_api.py
[2026-03-18T06:38:02.177+0000] {logging_mixin.py:190} INFO - [2026-03-18T06:38:02.176+0000] {dag.py:3239} INFO - Sync 1 DAGs
[2026-03-18T06:38:02.189+0000] {logging_mixin.py:190} INFO - [2026-03-18T06:38:02.189+0000] {dag.py:4180} INFO - Setting next_dagrun for tutorial_taskflow_api to None, run_after=None
[2026-03-18T06:38:02.227+0000] {processor.py:208} INFO - Processing /home/komal/data-engineering-projects/airflow-spark-pipeline/airflow_venv/lib/python3.11/site-packages/airflow/example_dags/tutorial_taskflow_api.py took 0.127 seconds
[2026-03-18T06:39:11.047+0000] {processor.py:186} INFO - Started process (PID=28454) to work on /home/komal/data-engineering-projects/airflow-spark-pipeline/airflow_venv/lib/python3.11/site-packages/airflow/example_dags/tutorial_taskflow_api.py
[2026-03-18T06:39:11.079+0000] {processor.py:914} INFO - Processing file /home/komal/data-engineering-projects/airflow-spark-pipeline/airflow_venv/lib/python3.11/site-packages/airflow/example_dags/tutorial_taskflow_api.py for tasks to queue
[2026-03-18T06:39:11.082+0000] {logging_mixin.py:190} INFO - [2026-03-18T06:39:11.082+0000] {dagbag.py:588} INFO - Filling up the DagBag from /home/komal/data-engineering-projects/airflow-spark-pipeline/airflow_venv/lib/python3.11/site-packages/airflow/example_dags/tutorial_taskflow_api.py
[2026-03-18T06:39:11.097+0000] {processor.py:925} INFO - DAG(s) 'tutorial_taskflow_api' retrieved from /home/komal/data-engineering-projects/airflow-spark-pipeline/airflow_venv/lib/python3.11/site-packages/airflow/example_dags/tutorial_taskflow_api.py
[2026-03-18T06:39:11.119+0000] {logging_mixin.py:190} INFO - [2026-03-18T06:39:11.119+0000] {dag.py:3239} INFO - Sync 1 DAGs
[2026-03-18T06:39:11.135+0000] {logging_mixin.py:190} INFO - [2026-03-18T06:39:11.135+0000] {dag.py:4180} INFO - Setting next_dagrun for tutorial_taskflow_api to None, run_after=None
[2026-03-18T06:39:11.163+0000] {processor.py:208} INFO - Processing /home/komal/data-engineering-projects/airflow-spark-pipeline/airflow_venv/lib/python3.11/site-packages/airflow/example_dags/tutorial_taskflow_api.py took 0.125 seconds
[2026-03-18T06:39:51.836+0000] {processor.py:186} INFO - Started process (PID=28500) to work on /home/komal/data-engineering-projects/airflow-spark-pipeline/airflow_venv/lib/python3.11/site-packages/airflow/example_dags/tutorial_taskflow_api.py
[2026-03-18T06:39:51.867+0000] {processor.py:914} INFO - Processing file /home/komal/data-engineering-projects/airflow-spark-pipeline/airflow_venv/lib/python3.11/site-packages/airflow/example_dags/tutorial_taskflow_api.py for tasks to queue
[2026-03-18T06:39:51.872+0000] {logging_mixin.py:190} INFO - [2026-03-18T06:39:51.871+0000] {dagbag.py:588} INFO - Filling up the DagBag from /home/komal/data-engineering-projects/airflow-spark-pipeline/airflow_venv/lib/python3.11/site-packages/airflow/example_dags/tutorial_taskflow_api.py
[2026-03-18T06:39:51.883+0000] {processor.py:925} INFO - DAG(s) 'tutorial_taskflow_api' retrieved from /home/komal/data-engineering-projects/airflow-spark-pipeline/airflow_venv/lib/python3.11/site-packages/airflow/example_dags/tutorial_taskflow_api.py
[2026-03-18T06:39:51.897+0000] {logging_mixin.py:190} INFO - [2026-03-18T06:39:51.897+0000] {dag.py:3239} INFO - Sync 1 DAGs
[2026-03-18T06:39:51.908+0000] {logging_mixin.py:190} INFO - [2026-03-18T06:39:51.908+0000] {dag.py:4180} INFO - Setting next_dagrun for tutorial_taskflow_api to None, run_after=None
[2026-03-18T06:39:51.937+0000] {processor.py:208} INFO - Processing /home/komal/data-engineering-projects/airflow-spark-pipeline/airflow_venv/lib/python3.11/site-packages/airflow/example_dags/tutorial_taskflow_api.py took 0.109 seconds
[2026-03-18T06:40:58.128+0000] {processor.py:186} INFO - Started process (PID=28566) to work on /home/komal/data-engineering-projects/airflow-spark-pipeline/airflow_venv/lib/python3.11/site-packages/airflow/example_dags/tutorial_taskflow_api.py
[2026-03-18T06:40:58.131+0000] {processor.py:914} INFO - Processing file /home/komal/data-engineering-projects/airflow-spark-pipeline/airflow_venv/lib/python3.11/site-packages/airflow/example_dags/tutorial_taskflow_api.py for tasks to queue
[2026-03-18T06:40:58.134+0000] {logging_mixin.py:190} INFO - [2026-03-18T06:40:58.134+0000] {dagbag.py:588} INFO - Filling up the DagBag from /home/komal/data-engineering-projects/airflow-spark-pipeline/airflow_venv/lib/python3.11/site-packages/airflow/example_dags/tutorial_taskflow_api.py
[2026-03-18T06:40:58.140+0000] {processor.py:925} INFO - DAG(s) 'tutorial_taskflow_api' retrieved from /home/komal/data-engineering-projects/airflow-spark-pipeline/airflow_venv/lib/python3.11/site-packages/airflow/example_dags/tutorial_taskflow_api.py
[2026-03-18T06:40:58.151+0000] {logging_mixin.py:190} INFO - [2026-03-18T06:40:58.151+0000] {dag.py:3239} INFO - Sync 1 DAGs
[2026-03-18T06:40:58.166+0000] {logging_mixin.py:190} INFO - [2026-03-18T06:40:58.165+0000] {dag.py:4180} INFO - Setting next_dagrun for tutorial_taskflow_api to None, run_after=None
[2026-03-18T06:40:58.200+0000] {processor.py:208} INFO - Processing /home/komal/data-engineering-projects/airflow-spark-pipeline/airflow_venv/lib/python3.11/site-packages/airflow/example_dags/tutorial_taskflow_api.py took 0.079 seconds
[2026-03-18T06:42:09.995+0000] {processor.py:186} INFO - Started process (PID=28715) to work on /home/komal/data-engineering-projects/airflow-spark-pipeline/airflow_venv/lib/python3.11/site-packages/airflow/example_dags/tutorial_taskflow_api.py
[2026-03-18T06:42:10.027+0000] {processor.py:914} INFO - Processing file /home/komal/data-engineering-projects/airflow-spark-pipeline/airflow_venv/lib/python3.11/site-packages/airflow/example_dags/tutorial_taskflow_api.py for tasks to queue
[2026-03-18T06:42:10.031+0000] {logging_mixin.py:190} INFO - [2026-03-18T06:42:10.030+0000] {dagbag.py:588} INFO - Filling up the DagBag from /home/komal/data-engineering-projects/airflow-spark-pipeline/airflow_venv/lib/python3.11/site-packages/airflow/example_dags/tutorial_taskflow_api.py
[2026-03-18T06:42:10.041+0000] {processor.py:925} INFO - DAG(s) 'tutorial_taskflow_api' retrieved from /home/komal/data-engineering-projects/airflow-spark-pipeline/airflow_venv/lib/python3.11/site-packages/airflow/example_dags/tutorial_taskflow_api.py
[2026-03-18T06:42:10.053+0000] {logging_mixin.py:190} INFO - [2026-03-18T06:42:10.053+0000] {dag.py:3239} INFO - Sync 1 DAGs
[2026-03-18T06:42:10.062+0000] {logging_mixin.py:190} INFO - [2026-03-18T06:42:10.061+0000] {dag.py:4180} INFO - Setting next_dagrun for tutorial_taskflow_api to None, run_after=None
[2026-03-18T06:42:10.082+0000] {processor.py:208} INFO - Processing /home/komal/data-engineering-projects/airflow-spark-pipeline/airflow_venv/lib/python3.11/site-packages/airflow/example_dags/tutorial_taskflow_api.py took 0.095 seconds
[2026-03-18T06:43:32.724+0000] {processor.py:186} INFO - Started process (PID=28873) to work on /home/komal/data-engineering-projects/airflow-spark-pipeline/airflow_venv/lib/python3.11/site-packages/airflow/example_dags/tutorial_taskflow_api.py
[2026-03-18T06:43:32.756+0000] {processor.py:914} INFO - Processing file /home/komal/data-engineering-projects/airflow-spark-pipeline/airflow_venv/lib/python3.11/site-packages/airflow/example_dags/tutorial_taskflow_api.py for tasks to queue
[2026-03-18T06:43:32.904+0000] {logging_mixin.py:190} INFO - [2026-03-18T06:43:32.903+0000] {dagbag.py:588} INFO - Filling up the DagBag from /home/komal/data-engineering-projects/airflow-spark-pipeline/airflow_venv/lib/python3.11/site-packages/airflow/example_dags/tutorial_taskflow_api.py
[2026-03-18T06:43:32.913+0000] {processor.py:925} INFO - DAG(s) 'tutorial_taskflow_api' retrieved from /home/komal/data-engineering-projects/airflow-spark-pipeline/airflow_venv/lib/python3.11/site-packages/airflow/example_dags/tutorial_taskflow_api.py
[2026-03-18T06:43:32.930+0000] {logging_mixin.py:190} INFO - [2026-03-18T06:43:32.930+0000] {dag.py:3239} INFO - Sync 1 DAGs
[2026-03-18T06:43:32.943+0000] {logging_mixin.py:190} INFO - [2026-03-18T06:43:32.943+0000] {dag.py:4180} INFO - Setting next_dagrun for tutorial_taskflow_api to None, run_after=None
[2026-03-18T06:43:32.998+0000] {processor.py:208} INFO - Processing /home/komal/data-engineering-projects/airflow-spark-pipeline/airflow_venv/lib/python3.11/site-packages/airflow/example_dags/tutorial_taskflow_api.py took 0.280 seconds
[2026-03-18T06:44:53.148+0000] {processor.py:186} INFO - Started process (PID=28945) to work on /home/komal/data-engineering-projects/airflow-spark-pipeline/airflow_venv/lib/python3.11/site-packages/airflow/example_dags/tutorial_taskflow_api.py
[2026-03-18T06:44:53.180+0000] {processor.py:914} INFO - Processing file /home/komal/data-engineering-projects/airflow-spark-pipeline/airflow_venv/lib/python3.11/site-packages/airflow/example_dags/tutorial_taskflow_api.py for tasks to queue
[2026-03-18T06:44:53.182+0000] {logging_mixin.py:190} INFO - [2026-03-18T06:44:53.182+0000] {dagbag.py:588} INFO - Filling up the DagBag from /home/komal/data-engineering-projects/airflow-spark-pipeline/airflow_venv/lib/python3.11/site-packages/airflow/example_dags/tutorial_taskflow_api.py
[2026-03-18T06:44:53.288+0000] {processor.py:925} INFO - DAG(s) 'tutorial_taskflow_api' retrieved from /home/komal/data-engineering-projects/airflow-spark-pipeline/airflow_venv/lib/python3.11/site-packages/airflow/example_dags/tutorial_taskflow_api.py
[2026-03-18T06:44:53.323+0000] {logging_mixin.py:190} INFO - [2026-03-18T06:44:53.323+0000] {dag.py:3239} INFO - Sync 1 DAGs
[2026-03-18T06:44:53.366+0000] {logging_mixin.py:190} INFO - [2026-03-18T06:44:53.366+0000] {dag.py:4180} INFO - Setting next_dagrun for tutorial_taskflow_api to None, run_after=None
[2026-03-18T06:44:53.428+0000] {processor.py:208} INFO - Processing /home/komal/data-engineering-projects/airflow-spark-pipeline/airflow_venv/lib/python3.11/site-packages/airflow/example_dags/tutorial_taskflow_api.py took 0.296 seconds
[2026-03-18T06:45:23.171+0000] {processor.py:186} INFO - Started process (PID=28986) to work on /home/komal/data-engineering-projects/airflow-spark-pipeline/airflow_venv/lib/python3.11/site-packages/airflow/example_dags/tutorial_taskflow_api.py
[2026-03-18T06:45:23.201+0000] {processor.py:914} INFO - Processing file /home/komal/data-engineering-projects/airflow-spark-pipeline/airflow_venv/lib/python3.11/site-packages/airflow/example_dags/tutorial_taskflow_api.py for tasks to queue
[2026-03-18T06:45:23.203+0000] {logging_mixin.py:190} INFO - [2026-03-18T06:45:23.202+0000] {dagbag.py:588} INFO - Filling up the DagBag from /home/komal/data-engineering-projects/airflow-spark-pipeline/airflow_venv/lib/python3.11/site-packages/airflow/example_dags/tutorial_taskflow_api.py
[2026-03-18T06:45:23.209+0000] {processor.py:925} INFO - DAG(s) 'tutorial_taskflow_api' retrieved from /home/komal/data-engineering-projects/airflow-spark-pipeline/airflow_venv/lib/python3.11/site-packages/airflow/example_dags/tutorial_taskflow_api.py
[2026-03-18T06:45:23.237+0000] {logging_mixin.py:190} INFO - [2026-03-18T06:45:23.237+0000] {dag.py:3239} INFO - Sync 1 DAGs
[2026-03-18T06:45:23.248+0000] {logging_mixin.py:190} INFO - [2026-03-18T06:45:23.248+0000] {dag.py:4180} INFO - Setting next_dagrun for tutorial_taskflow_api to None, run_after=None
[2026-03-18T06:45:23.276+0000] {processor.py:208} INFO - Processing /home/komal/data-engineering-projects/airflow-spark-pipeline/airflow_venv/lib/python3.11/site-packages/airflow/example_dags/tutorial_taskflow_api.py took 0.115 seconds
[2026-03-18T06:46:35.321+0000] {processor.py:186} INFO - Started process (PID=29420) to work on /home/komal/data-engineering-projects/airflow-spark-pipeline/airflow_venv/lib/python3.11/site-packages/airflow/example_dags/tutorial_taskflow_api.py
[2026-03-18T06:46:35.324+0000] {processor.py:914} INFO - Processing file /home/komal/data-engineering-projects/airflow-spark-pipeline/airflow_venv/lib/python3.11/site-packages/airflow/example_dags/tutorial_taskflow_api.py for tasks to queue
[2026-03-18T06:46:35.327+0000] {logging_mixin.py:190} INFO - [2026-03-18T06:46:35.326+0000] {dagbag.py:588} INFO - Filling up the DagBag from /home/komal/data-engineering-projects/airflow-spark-pipeline/airflow_venv/lib/python3.11/site-packages/airflow/example_dags/tutorial_taskflow_api.py
[2026-03-18T06:46:35.334+0000] {processor.py:925} INFO - DAG(s) 'tutorial_taskflow_api' retrieved from /home/komal/data-engineering-projects/airflow-spark-pipeline/airflow_venv/lib/python3.11/site-packages/airflow/example_dags/tutorial_taskflow_api.py
[2026-03-18T06:46:35.346+0000] {logging_mixin.py:190} INFO - [2026-03-18T06:46:35.346+0000] {dag.py:3239} INFO - Sync 1 DAGs
[2026-03-18T06:46:35.356+0000] {logging_mixin.py:190} INFO - [2026-03-18T06:46:35.355+0000] {dag.py:4180} INFO - Setting next_dagrun for tutorial_taskflow_api to None, run_after=None
[2026-03-18T06:46:35.380+0000] {processor.py:208} INFO - Processing /home/komal/data-engineering-projects/airflow-spark-pipeline/airflow_venv/lib/python3.11/site-packages/airflow/example_dags/tutorial_taskflow_api.py took 0.067 seconds
[2026-03-18T06:47:45.132+0000] {processor.py:186} INFO - Started process (PID=29488) to work on /home/komal/data-engineering-projects/airflow-spark-pipeline/airflow_venv/lib/python3.11/site-packages/airflow/example_dags/tutorial_taskflow_api.py
[2026-03-18T06:47:45.164+0000] {processor.py:914} INFO - Processing file /home/komal/data-engineering-projects/airflow-spark-pipeline/airflow_venv/lib/python3.11/site-packages/airflow/example_dags/tutorial_taskflow_api.py for tasks to queue
[2026-03-18T06:47:45.169+0000] {logging_mixin.py:190} INFO - [2026-03-18T06:47:45.168+0000] {dagbag.py:588} INFO - Filling up the DagBag from /home/komal/data-engineering-projects/airflow-spark-pipeline/airflow_venv/lib/python3.11/site-packages/airflow/example_dags/tutorial_taskflow_api.py
[2026-03-18T06:47:45.180+0000] {processor.py:925} INFO - DAG(s) 'tutorial_taskflow_api' retrieved from /home/komal/data-engineering-projects/airflow-spark-pipeline/airflow_venv/lib/python3.11/site-packages/airflow/example_dags/tutorial_taskflow_api.py
[2026-03-18T06:47:45.195+0000] {logging_mixin.py:190} INFO - [2026-03-18T06:47:45.195+0000] {dag.py:3239} INFO - Sync 1 DAGs
[2026-03-18T06:47:45.207+0000] {logging_mixin.py:190} INFO - [2026-03-18T06:47:45.206+0000] {dag.py:4180} INFO - Setting next_dagrun for tutorial_taskflow_api to None, run_after=None
[2026-03-18T06:47:45.261+0000] {processor.py:208} INFO - Processing /home/komal/data-engineering-projects/airflow-spark-pipeline/airflow_venv/lib/python3.11/site-packages/airflow/example_dags/tutorial_taskflow_api.py took 0.133 seconds
[2026-03-18T06:48:29.702+0000] {processor.py:186} INFO - Started process (PID=29611) to work on /home/komal/data-engineering-projects/airflow-spark-pipeline/airflow_venv/lib/python3.11/site-packages/airflow/example_dags/tutorial_taskflow_api.py
[2026-03-18T06:48:29.706+0000] {processor.py:914} INFO - Processing file /home/komal/data-engineering-projects/airflow-spark-pipeline/airflow_venv/lib/python3.11/site-packages/airflow/example_dags/tutorial_taskflow_api.py for tasks to queue
[2026-03-18T06:48:29.709+0000] {logging_mixin.py:190} INFO - [2026-03-18T06:48:29.709+0000] {dagbag.py:588} INFO - Filling up the DagBag from /home/komal/data-engineering-projects/airflow-spark-pipeline/airflow_venv/lib/python3.11/site-packages/airflow/example_dags/tutorial_taskflow_api.py
[2026-03-18T06:48:29.721+0000] {processor.py:925} INFO - DAG(s) 'tutorial_taskflow_api' retrieved from /home/komal/data-engineering-projects/airflow-spark-pipeline/airflow_venv/lib/python3.11/site-packages/airflow/example_dags/tutorial_taskflow_api.py
[2026-03-18T06:48:29.740+0000] {logging_mixin.py:190} INFO - [2026-03-18T06:48:29.739+0000] {dag.py:3239} INFO - Sync 1 DAGs
[2026-03-18T06:48:29.749+0000] {logging_mixin.py:190} INFO - [2026-03-18T06:48:29.749+0000] {dag.py:4180} INFO - Setting next_dagrun for tutorial_taskflow_api to None, run_after=None
[2026-03-18T06:48:29.784+0000] {processor.py:208} INFO - Processing /home/komal/data-engineering-projects/airflow-spark-pipeline/airflow_venv/lib/python3.11/site-packages/airflow/example_dags/tutorial_taskflow_api.py took 0.090 seconds
[2026-03-18T06:49:10.637+0000] {processor.py:186} INFO - Started process (PID=29649) to work on /home/komal/data-engineering-projects/airflow-spark-pipeline/airflow_venv/lib/python3.11/site-packages/airflow/example_dags/tutorial_taskflow_api.py
[2026-03-18T06:49:10.672+0000] {processor.py:914} INFO - Processing file /home/komal/data-engineering-projects/airflow-spark-pipeline/airflow_venv/lib/python3.11/site-packages/airflow/example_dags/tutorial_taskflow_api.py for tasks to queue
[2026-03-18T06:49:10.676+0000] {logging_mixin.py:190} INFO - [2026-03-18T06:49:10.676+0000] {dagbag.py:588} INFO - Filling up the DagBag from /home/komal/data-engineering-projects/airflow-spark-pipeline/airflow_venv/lib/python3.11/site-packages/airflow/example_dags/tutorial_taskflow_api.py
[2026-03-18T06:49:10.688+0000] {processor.py:925} INFO - DAG(s) 'tutorial_taskflow_api' retrieved from /home/komal/data-engineering-projects/airflow-spark-pipeline/airflow_venv/lib/python3.11/site-packages/airflow/example_dags/tutorial_taskflow_api.py
[2026-03-18T06:49:10.700+0000] {logging_mixin.py:190} INFO - [2026-03-18T06:49:10.700+0000] {dag.py:3239} INFO - Sync 1 DAGs
[2026-03-18T06:49:10.722+0000] {logging_mixin.py:190} INFO - [2026-03-18T06:49:10.722+0000] {dag.py:4180} INFO - Setting next_dagrun for tutorial_taskflow_api to None, run_after=None
[2026-03-18T06:49:10.765+0000] {processor.py:208} INFO - Processing /home/komal/data-engineering-projects/airflow-spark-pipeline/airflow_venv/lib/python3.11/site-packages/airflow/example_dags/tutorial_taskflow_api.py took 0.134 seconds
[2026-03-18T06:50:25.977+0000] {processor.py:186} INFO - Started process (PID=29798) to work on /home/komal/data-engineering-projects/airflow-spark-pipeline/airflow_venv/lib/python3.11/site-packages/airflow/example_dags/tutorial_taskflow_api.py
[2026-03-18T06:50:26.014+0000] {processor.py:914} INFO - Processing file /home/komal/data-engineering-projects/airflow-spark-pipeline/airflow_venv/lib/python3.11/site-packages/airflow/example_dags/tutorial_taskflow_api.py for tasks to queue
[2026-03-18T06:50:26.019+0000] {logging_mixin.py:190} INFO - [2026-03-18T06:50:26.018+0000] {dagbag.py:588} INFO - Filling up the DagBag from /home/komal/data-engineering-projects/airflow-spark-pipeline/airflow_venv/lib/python3.11/site-packages/airflow/example_dags/tutorial_taskflow_api.py
[2026-03-18T06:50:26.030+0000] {processor.py:925} INFO - DAG(s) 'tutorial_taskflow_api' retrieved from /home/komal/data-engineering-projects/airflow-spark-pipeline/airflow_venv/lib/python3.11/site-packages/airflow/example_dags/tutorial_taskflow_api.py
[2026-03-18T06:50:26.041+0000] {logging_mixin.py:190} INFO - [2026-03-18T06:50:26.040+0000] {dag.py:3239} INFO - Sync 1 DAGs
[2026-03-18T06:50:26.134+0000] {logging_mixin.py:190} INFO - [2026-03-18T06:50:26.134+0000] {dag.py:4180} INFO - Setting next_dagrun for tutorial_taskflow_api to None, run_after=None
[2026-03-18T06:50:26.190+0000] {processor.py:208} INFO - Processing /home/komal/data-engineering-projects/airflow-spark-pipeline/airflow_venv/lib/python3.11/site-packages/airflow/example_dags/tutorial_taskflow_api.py took 0.230 seconds
[2026-03-18T06:51:31.157+0000] {processor.py:186} INFO - Started process (PID=29864) to work on /home/komal/data-engineering-projects/airflow-spark-pipeline/airflow_venv/lib/python3.11/site-packages/airflow/example_dags/tutorial_taskflow_api.py
[2026-03-18T06:51:31.159+0000] {processor.py:914} INFO - Processing file /home/komal/data-engineering-projects/airflow-spark-pipeline/airflow_venv/lib/python3.11/site-packages/airflow/example_dags/tutorial_taskflow_api.py for tasks to queue
[2026-03-18T06:51:31.168+0000] {logging_mixin.py:190} INFO - [2026-03-18T06:51:31.167+0000] {dagbag.py:588} INFO - Filling up the DagBag from /home/komal/data-engineering-projects/airflow-spark-pipeline/airflow_venv/lib/python3.11/site-packages/airflow/example_dags/tutorial_taskflow_api.py
[2026-03-18T06:51:31.175+0000] {processor.py:925} INFO - DAG(s) 'tutorial_taskflow_api' retrieved from /home/komal/data-engineering-projects/airflow-spark-pipeline/airflow_venv/lib/python3.11/site-packages/airflow/example_dags/tutorial_taskflow_api.py
[2026-03-18T06:51:31.195+0000] {logging_mixin.py:190} INFO - [2026-03-18T06:51:31.195+0000] {dag.py:3239} INFO - Sync 1 DAGs
[2026-03-18T06:51:31.207+0000] {logging_mixin.py:190} INFO - [2026-03-18T06:51:31.207+0000] {dag.py:4180} INFO - Setting next_dagrun for tutorial_taskflow_api to None, run_after=None
[2026-03-18T06:51:31.233+0000] {processor.py:208} INFO - Processing /home/komal/data-engineering-projects/airflow-spark-pipeline/airflow_venv/lib/python3.11/site-packages/airflow/example_dags/tutorial_taskflow_api.py took 0.083 seconds
[2026-03-18T06:52:40.665+0000] {processor.py:186} INFO - Started process (PID=30004) to work on /home/komal/data-engineering-projects/airflow-spark-pipeline/airflow_venv/lib/python3.11/site-packages/airflow/example_dags/tutorial_taskflow_api.py
[2026-03-18T06:52:40.698+0000] {processor.py:914} INFO - Processing file /home/komal/data-engineering-projects/airflow-spark-pipeline/airflow_venv/lib/python3.11/site-packages/airflow/example_dags/tutorial_taskflow_api.py for tasks to queue
[2026-03-18T06:52:40.701+0000] {logging_mixin.py:190} INFO - [2026-03-18T06:52:40.700+0000] {dagbag.py:588} INFO - Filling up the DagBag from /home/komal/data-engineering-projects/airflow-spark-pipeline/airflow_venv/lib/python3.11/site-packages/airflow/example_dags/tutorial_taskflow_api.py
[2026-03-18T06:52:40.709+0000] {processor.py:925} INFO - DAG(s) 'tutorial_taskflow_api' retrieved from /home/komal/data-engineering-projects/airflow-spark-pipeline/airflow_venv/lib/python3.11/site-packages/airflow/example_dags/tutorial_taskflow_api.py
[2026-03-18T06:52:40.720+0000] {logging_mixin.py:190} INFO - [2026-03-18T06:52:40.720+0000] {dag.py:3239} INFO - Sync 1 DAGs
[2026-03-18T06:52:40.728+0000] {logging_mixin.py:190} INFO - [2026-03-18T06:52:40.727+0000] {dag.py:4180} INFO - Setting next_dagrun for tutorial_taskflow_api to None, run_after=None
[2026-03-18T06:52:40.776+0000] {processor.py:208} INFO - Processing /home/komal/data-engineering-projects/airflow-spark-pipeline/airflow_venv/lib/python3.11/site-packages/airflow/example_dags/tutorial_taskflow_api.py took 0.116 seconds
[2026-03-18T06:54:05.556+0000] {processor.py:186} INFO - Started process (PID=30153) to work on /home/komal/data-engineering-projects/airflow-spark-pipeline/airflow_venv/lib/python3.11/site-packages/airflow/example_dags/tutorial_taskflow_api.py
[2026-03-18T06:54:05.592+0000] {processor.py:914} INFO - Processing file /home/komal/data-engineering-projects/airflow-spark-pipeline/airflow_venv/lib/python3.11/site-packages/airflow/example_dags/tutorial_taskflow_api.py for tasks to queue
[2026-03-18T06:54:05.596+0000] {logging_mixin.py:190} INFO - [2026-03-18T06:54:05.596+0000] {dagbag.py:588} INFO - Filling up the DagBag from /home/komal/data-engineering-projects/airflow-spark-pipeline/airflow_venv/lib/python3.11/site-packages/airflow/example_dags/tutorial_taskflow_api.py
[2026-03-18T06:54:05.613+0000] {processor.py:925} INFO - DAG(s) 'tutorial_taskflow_api' retrieved from /home/komal/data-engineering-projects/airflow-spark-pipeline/airflow_venv/lib/python3.11/site-packages/airflow/example_dags/tutorial_taskflow_api.py
[2026-03-18T06:54:05.632+0000] {logging_mixin.py:190} INFO - [2026-03-18T06:54:05.632+0000] {dag.py:3239} INFO - Sync 1 DAGs
[2026-03-18T06:54:05.643+0000] {logging_mixin.py:190} INFO - [2026-03-18T06:54:05.643+0000] {dag.py:4180} INFO - Setting next_dagrun for tutorial_taskflow_api to None, run_after=None
[2026-03-18T06:54:05.661+0000] {processor.py:208} INFO - Processing /home/komal/data-engineering-projects/airflow-spark-pipeline/airflow_venv/lib/python3.11/site-packages/airflow/example_dags/tutorial_taskflow_api.py took 0.114 seconds
[2026-03-18T06:54:54.768+0000] {processor.py:186} INFO - Started process (PID=30205) to work on /home/komal/data-engineering-projects/airflow-spark-pipeline/airflow_venv/lib/python3.11/site-packages/airflow/example_dags/tutorial_taskflow_api.py
[2026-03-18T06:54:54.801+0000] {processor.py:914} INFO - Processing file /home/komal/data-engineering-projects/airflow-spark-pipeline/airflow_venv/lib/python3.11/site-packages/airflow/example_dags/tutorial_taskflow_api.py for tasks to queue
[2026-03-18T06:54:54.805+0000] {logging_mixin.py:190} INFO - [2026-03-18T06:54:54.804+0000] {dagbag.py:588} INFO - Filling up the DagBag from /home/komal/data-engineering-projects/airflow-spark-pipeline/airflow_venv/lib/python3.11/site-packages/airflow/example_dags/tutorial_taskflow_api.py
[2026-03-18T06:54:54.817+0000] {processor.py:925} INFO - DAG(s) 'tutorial_taskflow_api' retrieved from /home/komal/data-engineering-projects/airflow-spark-pipeline/airflow_venv/lib/python3.11/site-packages/airflow/example_dags/tutorial_taskflow_api.py
[2026-03-18T06:54:54.830+0000] {logging_mixin.py:190} INFO - [2026-03-18T06:54:54.829+0000] {dag.py:3239} INFO - Sync 1 DAGs
[2026-03-18T06:54:54.839+0000] {logging_mixin.py:190} INFO - [2026-03-18T06:54:54.839+0000] {dag.py:4180} INFO - Setting next_dagrun for tutorial_taskflow_api to None, run_after=None
[2026-03-18T06:54:54.861+0000] {processor.py:208} INFO - Processing /home/komal/data-engineering-projects/airflow-spark-pipeline/airflow_venv/lib/python3.11/site-packages/airflow/example_dags/tutorial_taskflow_api.py took 0.105 seconds
[2026-03-18T06:56:08.721+0000] {processor.py:186} INFO - Started process (PID=30355) to work on /home/komal/data-engineering-projects/airflow-spark-pipeline/airflow_venv/lib/python3.11/site-packages/airflow/example_dags/tutorial_taskflow_api.py
[2026-03-18T06:56:08.754+0000] {processor.py:914} INFO - Processing file /home/komal/data-engineering-projects/airflow-spark-pipeline/airflow_venv/lib/python3.11/site-packages/airflow/example_dags/tutorial_taskflow_api.py for tasks to queue
[2026-03-18T06:56:08.757+0000] {logging_mixin.py:190} INFO - [2026-03-18T06:56:08.756+0000] {dagbag.py:588} INFO - Filling up the DagBag from /home/komal/data-engineering-projects/airflow-spark-pipeline/airflow_venv/lib/python3.11/site-packages/airflow/example_dags/tutorial_taskflow_api.py
[2026-03-18T06:56:08.770+0000] {processor.py:925} INFO - DAG(s) 'tutorial_taskflow_api' retrieved from /home/komal/data-engineering-projects/airflow-spark-pipeline/airflow_venv/lib/python3.11/site-packages/airflow/example_dags/tutorial_taskflow_api.py
[2026-03-18T06:56:08.782+0000] {logging_mixin.py:190} INFO - [2026-03-18T06:56:08.782+0000] {dag.py:3239} INFO - Sync 1 DAGs
[2026-03-18T06:56:08.791+0000] {logging_mixin.py:190} INFO - [2026-03-18T06:56:08.791+0000] {dag.py:4180} INFO - Setting next_dagrun for tutorial_taskflow_api to None, run_after=None
[2026-03-18T06:56:08.837+0000] {processor.py:208} INFO - Processing /home/komal/data-engineering-projects/airflow-spark-pipeline/airflow_venv/lib/python3.11/site-packages/airflow/example_dags/tutorial_taskflow_api.py took 0.121 seconds
[2026-03-18T06:57:21.308+0000] {processor.py:186} INFO - Started process (PID=30499) to work on /home/komal/data-engineering-projects/airflow-spark-pipeline/airflow_venv/lib/python3.11/site-packages/airflow/example_dags/tutorial_taskflow_api.py
[2026-03-18T06:57:21.312+0000] {processor.py:914} INFO - Processing file /home/komal/data-engineering-projects/airflow-spark-pipeline/airflow_venv/lib/python3.11/site-packages/airflow/example_dags/tutorial_taskflow_api.py for tasks to queue
[2026-03-18T06:57:21.314+0000] {logging_mixin.py:190} INFO - [2026-03-18T06:57:21.313+0000] {dagbag.py:588} INFO - Filling up the DagBag from /home/komal/data-engineering-projects/airflow-spark-pipeline/airflow_venv/lib/python3.11/site-packages/airflow/example_dags/tutorial_taskflow_api.py
[2026-03-18T06:57:21.323+0000] {processor.py:925} INFO - DAG(s) 'tutorial_taskflow_api' retrieved from /home/komal/data-engineering-projects/airflow-spark-pipeline/airflow_venv/lib/python3.11/site-packages/airflow/example_dags/tutorial_taskflow_api.py
[2026-03-18T06:57:21.338+0000] {logging_mixin.py:190} INFO - [2026-03-18T06:57:21.338+0000] {dag.py:3239} INFO - Sync 1 DAGs
[2026-03-18T06:57:21.347+0000] {logging_mixin.py:190} INFO - [2026-03-18T06:57:21.347+0000] {dag.py:4180} INFO - Setting next_dagrun for tutorial_taskflow_api to None, run_after=None
[2026-03-18T06:57:21.369+0000] {processor.py:208} INFO - Processing /home/komal/data-engineering-projects/airflow-spark-pipeline/airflow_venv/lib/python3.11/site-packages/airflow/example_dags/tutorial_taskflow_api.py took 0.069 seconds
[2026-03-18T06:58:44.356+0000] {processor.py:186} INFO - Started process (PID=30652) to work on /home/komal/data-engineering-projects/airflow-spark-pipeline/airflow_venv/lib/python3.11/site-packages/airflow/example_dags/tutorial_taskflow_api.py
[2026-03-18T06:58:44.389+0000] {processor.py:914} INFO - Processing file /home/komal/data-engineering-projects/airflow-spark-pipeline/airflow_venv/lib/python3.11/site-packages/airflow/example_dags/tutorial_taskflow_api.py for tasks to queue
[2026-03-18T06:58:44.393+0000] {logging_mixin.py:190} INFO - [2026-03-18T06:58:44.392+0000] {dagbag.py:588} INFO - Filling up the DagBag from /home/komal/data-engineering-projects/airflow-spark-pipeline/airflow_venv/lib/python3.11/site-packages/airflow/example_dags/tutorial_taskflow_api.py
[2026-03-18T06:58:44.402+0000] {processor.py:925} INFO - DAG(s) 'tutorial_taskflow_api' retrieved from /home/komal/data-engineering-projects/airflow-spark-pipeline/airflow_venv/lib/python3.11/site-packages/airflow/example_dags/tutorial_taskflow_api.py
[2026-03-18T06:58:44.422+0000] {logging_mixin.py:190} INFO - [2026-03-18T06:58:44.422+0000] {dag.py:3239} INFO - Sync 1 DAGs
[2026-03-18T06:58:44.438+0000] {logging_mixin.py:190} INFO - [2026-03-18T06:58:44.437+0000] {dag.py:4180} INFO - Setting next_dagrun for tutorial_taskflow_api to None, run_after=None
[2026-03-18T06:58:44.465+0000] {processor.py:208} INFO - Processing /home/komal/data-engineering-projects/airflow-spark-pipeline/airflow_venv/lib/python3.11/site-packages/airflow/example_dags/tutorial_taskflow_api.py took 0.114 seconds
[2026-03-18T06:59:54.376+0000] {processor.py:186} INFO - Started process (PID=30721) to work on /home/komal/data-engineering-projects/airflow-spark-pipeline/airflow_venv/lib/python3.11/site-packages/airflow/example_dags/tutorial_taskflow_api.py
[2026-03-18T06:59:54.409+0000] {processor.py:914} INFO - Processing file /home/komal/data-engineering-projects/airflow-spark-pipeline/airflow_venv/lib/python3.11/site-packages/airflow/example_dags/tutorial_taskflow_api.py for tasks to queue
[2026-03-18T06:59:54.414+0000] {logging_mixin.py:190} INFO - [2026-03-18T06:59:54.413+0000] {dagbag.py:588} INFO - Filling up the DagBag from /home/komal/data-engineering-projects/airflow-spark-pipeline/airflow_venv/lib/python3.11/site-packages/airflow/example_dags/tutorial_taskflow_api.py
[2026-03-18T06:59:54.429+0000] {processor.py:925} INFO - DAG(s) 'tutorial_taskflow_api' retrieved from /home/komal/data-engineering-projects/airflow-spark-pipeline/airflow_venv/lib/python3.11/site-packages/airflow/example_dags/tutorial_taskflow_api.py
[2026-03-18T06:59:54.449+0000] {logging_mixin.py:190} INFO - [2026-03-18T06:59:54.449+0000] {dag.py:3239} INFO - Sync 1 DAGs
[2026-03-18T06:59:54.458+0000] {logging_mixin.py:190} INFO - [2026-03-18T06:59:54.458+0000] {dag.py:4180} INFO - Setting next_dagrun for tutorial_taskflow_api to None, run_after=None
[2026-03-18T06:59:54.486+0000] {processor.py:208} INFO - Processing /home/komal/data-engineering-projects/airflow-spark-pipeline/airflow_venv/lib/python3.11/site-packages/airflow/example_dags/tutorial_taskflow_api.py took 0.120 seconds
[2026-03-18T07:00:39.116+0000] {processor.py:186} INFO - Started process (PID=30836) to work on /home/komal/data-engineering-projects/airflow-spark-pipeline/airflow_venv/lib/python3.11/site-packages/airflow/example_dags/tutorial_taskflow_api.py
[2026-03-18T07:00:39.120+0000] {processor.py:914} INFO - Processing file /home/komal/data-engineering-projects/airflow-spark-pipeline/airflow_venv/lib/python3.11/site-packages/airflow/example_dags/tutorial_taskflow_api.py for tasks to queue
[2026-03-18T07:00:39.123+0000] {logging_mixin.py:190} INFO - [2026-03-18T07:00:39.123+0000] {dagbag.py:588} INFO - Filling up the DagBag from /home/komal/data-engineering-projects/airflow-spark-pipeline/airflow_venv/lib/python3.11/site-packages/airflow/example_dags/tutorial_taskflow_api.py
[2026-03-18T07:00:39.133+0000] {processor.py:925} INFO - DAG(s) 'tutorial_taskflow_api' retrieved from /home/komal/data-engineering-projects/airflow-spark-pipeline/airflow_venv/lib/python3.11/site-packages/airflow/example_dags/tutorial_taskflow_api.py
[2026-03-18T07:00:39.144+0000] {logging_mixin.py:190} INFO - [2026-03-18T07:00:39.144+0000] {dag.py:3239} INFO - Sync 1 DAGs
[2026-03-18T07:00:39.158+0000] {logging_mixin.py:190} INFO - [2026-03-18T07:00:39.158+0000] {dag.py:4180} INFO - Setting next_dagrun for tutorial_taskflow_api to None, run_after=None
[2026-03-18T07:00:39.187+0000] {processor.py:208} INFO - Processing /home/komal/data-engineering-projects/airflow-spark-pipeline/airflow_venv/lib/python3.11/site-packages/airflow/example_dags/tutorial_taskflow_api.py took 0.079 seconds
[2026-03-18T07:02:01.031+0000] {processor.py:186} INFO - Started process (PID=30912) to work on /home/komal/data-engineering-projects/airflow-spark-pipeline/airflow_venv/lib/python3.11/site-packages/airflow/example_dags/tutorial_taskflow_api.py
[2026-03-18T07:02:01.062+0000] {processor.py:914} INFO - Processing file /home/komal/data-engineering-projects/airflow-spark-pipeline/airflow_venv/lib/python3.11/site-packages/airflow/example_dags/tutorial_taskflow_api.py for tasks to queue
[2026-03-18T07:02:01.174+0000] {logging_mixin.py:190} INFO - [2026-03-18T07:02:01.172+0000] {dagbag.py:588} INFO - Filling up the DagBag from /home/komal/data-engineering-projects/airflow-spark-pipeline/airflow_venv/lib/python3.11/site-packages/airflow/example_dags/tutorial_taskflow_api.py
[2026-03-18T07:02:01.179+0000] {processor.py:925} INFO - DAG(s) 'tutorial_taskflow_api' retrieved from /home/komal/data-engineering-projects/airflow-spark-pipeline/airflow_venv/lib/python3.11/site-packages/airflow/example_dags/tutorial_taskflow_api.py
[2026-03-18T07:02:01.198+0000] {logging_mixin.py:190} INFO - [2026-03-18T07:02:01.198+0000] {dag.py:3239} INFO - Sync 1 DAGs
[2026-03-18T07:02:01.212+0000] {logging_mixin.py:190} INFO - [2026-03-18T07:02:01.212+0000] {dag.py:4180} INFO - Setting next_dagrun for tutorial_taskflow_api to None, run_after=None
[2026-03-18T07:02:01.264+0000] {processor.py:208} INFO - Processing /home/komal/data-engineering-projects/airflow-spark-pipeline/airflow_venv/lib/python3.11/site-packages/airflow/example_dags/tutorial_taskflow_api.py took 0.237 seconds
[2026-03-18T07:03:09.517+0000] {processor.py:186} INFO - Started process (PID=30978) to work on /home/komal/data-engineering-projects/airflow-spark-pipeline/airflow_venv/lib/python3.11/site-packages/airflow/example_dags/tutorial_taskflow_api.py
[2026-03-18T07:03:09.521+0000] {processor.py:914} INFO - Processing file /home/komal/data-engineering-projects/airflow-spark-pipeline/airflow_venv/lib/python3.11/site-packages/airflow/example_dags/tutorial_taskflow_api.py for tasks to queue
[2026-03-18T07:03:09.522+0000] {logging_mixin.py:190} INFO - [2026-03-18T07:03:09.521+0000] {dagbag.py:588} INFO - Filling up the DagBag from /home/komal/data-engineering-projects/airflow-spark-pipeline/airflow_venv/lib/python3.11/site-packages/airflow/example_dags/tutorial_taskflow_api.py
[2026-03-18T07:03:09.529+0000] {processor.py:925} INFO - DAG(s) 'tutorial_taskflow_api' retrieved from /home/komal/data-engineering-projects/airflow-spark-pipeline/airflow_venv/lib/python3.11/site-packages/airflow/example_dags/tutorial_taskflow_api.py
[2026-03-18T07:03:09.546+0000] {logging_mixin.py:190} INFO - [2026-03-18T07:03:09.546+0000] {dag.py:3239} INFO - Sync 1 DAGs
[2026-03-18T07:03:09.556+0000] {logging_mixin.py:190} INFO - [2026-03-18T07:03:09.556+0000] {dag.py:4180} INFO - Setting next_dagrun for tutorial_taskflow_api to None, run_after=None
[2026-03-18T07:03:09.583+0000] {processor.py:208} INFO - Processing /home/komal/data-engineering-projects/airflow-spark-pipeline/airflow_venv/lib/python3.11/site-packages/airflow/example_dags/tutorial_taskflow_api.py took 0.071 seconds
[2026-03-18T07:04:08.391+0000] {processor.py:186} INFO - Started process (PID=31096) to work on /home/komal/data-engineering-projects/airflow-spark-pipeline/airflow_venv/lib/python3.11/site-packages/airflow/example_dags/tutorial_taskflow_api.py
[2026-03-18T07:04:08.394+0000] {processor.py:914} INFO - Processing file /home/komal/data-engineering-projects/airflow-spark-pipeline/airflow_venv/lib/python3.11/site-packages/airflow/example_dags/tutorial_taskflow_api.py for tasks to queue
[2026-03-18T07:04:08.395+0000] {logging_mixin.py:190} INFO - [2026-03-18T07:04:08.395+0000] {dagbag.py:588} INFO - Filling up the DagBag from /home/komal/data-engineering-projects/airflow-spark-pipeline/airflow_venv/lib/python3.11/site-packages/airflow/example_dags/tutorial_taskflow_api.py
[2026-03-18T07:04:08.402+0000] {processor.py:925} INFO - DAG(s) 'tutorial_taskflow_api' retrieved from /home/komal/data-engineering-projects/airflow-spark-pipeline/airflow_venv/lib/python3.11/site-packages/airflow/example_dags/tutorial_taskflow_api.py
[2026-03-18T07:04:08.414+0000] {logging_mixin.py:190} INFO - [2026-03-18T07:04:08.414+0000] {dag.py:3239} INFO - Sync 1 DAGs
[2026-03-18T07:04:08.422+0000] {logging_mixin.py:190} INFO - [2026-03-18T07:04:08.422+0000] {dag.py:4180} INFO - Setting next_dagrun for tutorial_taskflow_api to None, run_after=None
[2026-03-18T07:04:08.441+0000] {processor.py:208} INFO - Processing /home/komal/data-engineering-projects/airflow-spark-pipeline/airflow_venv/lib/python3.11/site-packages/airflow/example_dags/tutorial_taskflow_api.py took 0.059 seconds
[2026-03-18T07:05:05.443+0000] {processor.py:186} INFO - Started process (PID=31154) to work on /home/komal/data-engineering-projects/airflow-spark-pipeline/airflow_venv/lib/python3.11/site-packages/airflow/example_dags/tutorial_taskflow_api.py
[2026-03-18T07:05:05.445+0000] {processor.py:914} INFO - Processing file /home/komal/data-engineering-projects/airflow-spark-pipeline/airflow_venv/lib/python3.11/site-packages/airflow/example_dags/tutorial_taskflow_api.py for tasks to queue
[2026-03-18T07:05:05.446+0000] {logging_mixin.py:190} INFO - [2026-03-18T07:05:05.445+0000] {dagbag.py:588} INFO - Filling up the DagBag from /home/komal/data-engineering-projects/airflow-spark-pipeline/airflow_venv/lib/python3.11/site-packages/airflow/example_dags/tutorial_taskflow_api.py
[2026-03-18T07:05:05.452+0000] {processor.py:925} INFO - DAG(s) 'tutorial_taskflow_api' retrieved from /home/komal/data-engineering-projects/airflow-spark-pipeline/airflow_venv/lib/python3.11/site-packages/airflow/example_dags/tutorial_taskflow_api.py
[2026-03-18T07:05:05.463+0000] {logging_mixin.py:190} INFO - [2026-03-18T07:05:05.463+0000] {dag.py:3239} INFO - Sync 1 DAGs
[2026-03-18T07:05:05.473+0000] {logging_mixin.py:190} INFO - [2026-03-18T07:05:05.473+0000] {dag.py:4180} INFO - Setting next_dagrun for tutorial_taskflow_api to None, run_after=None
[2026-03-18T07:05:05.490+0000] {processor.py:208} INFO - Processing /home/komal/data-engineering-projects/airflow-spark-pipeline/airflow_venv/lib/python3.11/site-packages/airflow/example_dags/tutorial_taskflow_api.py took 0.052 seconds
[2026-03-18T07:09:13.197+0000] {processor.py:186} INFO - Started process (PID=31232) to work on /home/komal/data-engineering-projects/airflow-spark-pipeline/airflow_venv/lib/python3.11/site-packages/airflow/example_dags/tutorial_taskflow_api.py
[2026-03-18T07:09:13.198+0000] {processor.py:914} INFO - Processing file /home/komal/data-engineering-projects/airflow-spark-pipeline/airflow_venv/lib/python3.11/site-packages/airflow/example_dags/tutorial_taskflow_api.py for tasks to queue
[2026-03-18T07:09:13.199+0000] {logging_mixin.py:190} INFO - [2026-03-18T07:09:13.199+0000] {dagbag.py:588} INFO - Filling up the DagBag from /home/komal/data-engineering-projects/airflow-spark-pipeline/airflow_venv/lib/python3.11/site-packages/airflow/example_dags/tutorial_taskflow_api.py
[2026-03-18T07:09:13.209+0000] {processor.py:925} INFO - DAG(s) 'tutorial_taskflow_api' retrieved from /home/komal/data-engineering-projects/airflow-spark-pipeline/airflow_venv/lib/python3.11/site-packages/airflow/example_dags/tutorial_taskflow_api.py
[2026-03-18T07:09:13.226+0000] {logging_mixin.py:190} INFO - [2026-03-18T07:09:13.226+0000] {dag.py:3239} INFO - Sync 1 DAGs
[2026-03-18T07:09:13.238+0000] {logging_mixin.py:190} INFO - [2026-03-18T07:09:13.238+0000] {dag.py:4180} INFO - Setting next_dagrun for tutorial_taskflow_api to None, run_after=None
[2026-03-18T07:09:13.258+0000] {processor.py:208} INFO - Processing /home/komal/data-engineering-projects/airflow-spark-pipeline/airflow_venv/lib/python3.11/site-packages/airflow/example_dags/tutorial_taskflow_api.py took 0.066 seconds
[2026-03-18T07:10:10.039+0000] {processor.py:186} INFO - Started process (PID=31291) to work on /home/komal/data-engineering-projects/airflow-spark-pipeline/airflow_venv/lib/python3.11/site-packages/airflow/example_dags/tutorial_taskflow_api.py
[2026-03-18T07:10:10.040+0000] {processor.py:914} INFO - Processing file /home/komal/data-engineering-projects/airflow-spark-pipeline/airflow_venv/lib/python3.11/site-packages/airflow/example_dags/tutorial_taskflow_api.py for tasks to queue
[2026-03-18T07:10:10.042+0000] {logging_mixin.py:190} INFO - [2026-03-18T07:10:10.042+0000] {dagbag.py:588} INFO - Filling up the DagBag from /home/komal/data-engineering-projects/airflow-spark-pipeline/airflow_venv/lib/python3.11/site-packages/airflow/example_dags/tutorial_taskflow_api.py
[2026-03-18T07:10:10.054+0000] {processor.py:925} INFO - DAG(s) 'tutorial_taskflow_api' retrieved from /home/komal/data-engineering-projects/airflow-spark-pipeline/airflow_venv/lib/python3.11/site-packages/airflow/example_dags/tutorial_taskflow_api.py
[2026-03-18T07:10:10.072+0000] {logging_mixin.py:190} INFO - [2026-03-18T07:10:10.071+0000] {dag.py:3239} INFO - Sync 1 DAGs
[2026-03-18T07:10:10.084+0000] {logging_mixin.py:190} INFO - [2026-03-18T07:10:10.084+0000] {dag.py:4180} INFO - Setting next_dagrun for tutorial_taskflow_api to None, run_after=None
[2026-03-18T07:10:10.113+0000] {processor.py:208} INFO - Processing /home/komal/data-engineering-projects/airflow-spark-pipeline/airflow_venv/lib/python3.11/site-packages/airflow/example_dags/tutorial_taskflow_api.py took 0.078 seconds
[2026-03-18T07:11:11.914+0000] {processor.py:186} INFO - Started process (PID=31358) to work on /home/komal/data-engineering-projects/airflow-spark-pipeline/airflow_venv/lib/python3.11/site-packages/airflow/example_dags/tutorial_taskflow_api.py
[2026-03-18T07:11:11.946+0000] {processor.py:914} INFO - Processing file /home/komal/data-engineering-projects/airflow-spark-pipeline/airflow_venv/lib/python3.11/site-packages/airflow/example_dags/tutorial_taskflow_api.py for tasks to queue
[2026-03-18T07:11:11.948+0000] {logging_mixin.py:190} INFO - [2026-03-18T07:11:11.948+0000] {dagbag.py:588} INFO - Filling up the DagBag from /home/komal/data-engineering-projects/airflow-spark-pipeline/airflow_venv/lib/python3.11/site-packages/airflow/example_dags/tutorial_taskflow_api.py
[2026-03-18T07:11:11.962+0000] {processor.py:925} INFO - DAG(s) 'tutorial_taskflow_api' retrieved from /home/komal/data-engineering-projects/airflow-spark-pipeline/airflow_venv/lib/python3.11/site-packages/airflow/example_dags/tutorial_taskflow_api.py
[2026-03-18T07:11:11.977+0000] {logging_mixin.py:190} INFO - [2026-03-18T07:11:11.977+0000] {dag.py:3239} INFO - Sync 1 DAGs
[2026-03-18T07:11:11.988+0000] {logging_mixin.py:190} INFO - [2026-03-18T07:11:11.988+0000] {dag.py:4180} INFO - Setting next_dagrun for tutorial_taskflow_api to None, run_after=None
[2026-03-18T07:11:12.012+0000] {processor.py:208} INFO - Processing /home/komal/data-engineering-projects/airflow-spark-pipeline/airflow_venv/lib/python3.11/site-packages/airflow/example_dags/tutorial_taskflow_api.py took 0.103 seconds
[2026-03-18T07:12:18.244+0000] {processor.py:186} INFO - Started process (PID=31424) to work on /home/komal/data-engineering-projects/airflow-spark-pipeline/airflow_venv/lib/python3.11/site-packages/airflow/example_dags/tutorial_taskflow_api.py
[2026-03-18T07:12:18.249+0000] {processor.py:914} INFO - Processing file /home/komal/data-engineering-projects/airflow-spark-pipeline/airflow_venv/lib/python3.11/site-packages/airflow/example_dags/tutorial_taskflow_api.py for tasks to queue
[2026-03-18T07:12:18.251+0000] {logging_mixin.py:190} INFO - [2026-03-18T07:12:18.250+0000] {dagbag.py:588} INFO - Filling up the DagBag from /home/komal/data-engineering-projects/airflow-spark-pipeline/airflow_venv/lib/python3.11/site-packages/airflow/example_dags/tutorial_taskflow_api.py
[2026-03-18T07:12:18.265+0000] {processor.py:925} INFO - DAG(s) 'tutorial_taskflow_api' retrieved from /home/komal/data-engineering-projects/airflow-spark-pipeline/airflow_venv/lib/python3.11/site-packages/airflow/example_dags/tutorial_taskflow_api.py
[2026-03-18T07:12:18.288+0000] {logging_mixin.py:190} INFO - [2026-03-18T07:12:18.288+0000] {dag.py:3239} INFO - Sync 1 DAGs
[2026-03-18T07:12:18.301+0000] {logging_mixin.py:190} INFO - [2026-03-18T07:12:18.300+0000] {dag.py:4180} INFO - Setting next_dagrun for tutorial_taskflow_api to None, run_after=None
[2026-03-18T07:12:18.327+0000] {processor.py:208} INFO - Processing /home/komal/data-engineering-projects/airflow-spark-pipeline/airflow_venv/lib/python3.11/site-packages/airflow/example_dags/tutorial_taskflow_api.py took 0.115 seconds
[2026-03-18T07:13:23.647+0000] {processor.py:186} INFO - Started process (PID=31491) to work on /home/komal/data-engineering-projects/airflow-spark-pipeline/airflow_venv/lib/python3.11/site-packages/airflow/example_dags/tutorial_taskflow_api.py
[2026-03-18T07:13:23.651+0000] {processor.py:914} INFO - Processing file /home/komal/data-engineering-projects/airflow-spark-pipeline/airflow_venv/lib/python3.11/site-packages/airflow/example_dags/tutorial_taskflow_api.py for tasks to queue
[2026-03-18T07:13:23.652+0000] {logging_mixin.py:190} INFO - [2026-03-18T07:13:23.652+0000] {dagbag.py:588} INFO - Filling up the DagBag from /home/komal/data-engineering-projects/airflow-spark-pipeline/airflow_venv/lib/python3.11/site-packages/airflow/example_dags/tutorial_taskflow_api.py
[2026-03-18T07:13:23.659+0000] {processor.py:925} INFO - DAG(s) 'tutorial_taskflow_api' retrieved from /home/komal/data-engineering-projects/airflow-spark-pipeline/airflow_venv/lib/python3.11/site-packages/airflow/example_dags/tutorial_taskflow_api.py
[2026-03-18T07:13:23.673+0000] {logging_mixin.py:190} INFO - [2026-03-18T07:13:23.673+0000] {dag.py:3239} INFO - Sync 1 DAGs
[2026-03-18T07:13:23.684+0000] {logging_mixin.py:190} INFO - [2026-03-18T07:13:23.684+0000] {dag.py:4180} INFO - Setting next_dagrun for tutorial_taskflow_api to None, run_after=None
[2026-03-18T07:13:23.719+0000] {processor.py:208} INFO - Processing /home/komal/data-engineering-projects/airflow-spark-pipeline/airflow_venv/lib/python3.11/site-packages/airflow/example_dags/tutorial_taskflow_api.py took 0.081 seconds
[2026-03-18T07:14:34.171+0000] {processor.py:186} INFO - Started process (PID=31556) to work on /home/komal/data-engineering-projects/airflow-spark-pipeline/airflow_venv/lib/python3.11/site-packages/airflow/example_dags/tutorial_taskflow_api.py
[2026-03-18T07:14:34.175+0000] {processor.py:914} INFO - Processing file /home/komal/data-engineering-projects/airflow-spark-pipeline/airflow_venv/lib/python3.11/site-packages/airflow/example_dags/tutorial_taskflow_api.py for tasks to queue
[2026-03-18T07:14:34.176+0000] {logging_mixin.py:190} INFO - [2026-03-18T07:14:34.176+0000] {dagbag.py:588} INFO - Filling up the DagBag from /home/komal/data-engineering-projects/airflow-spark-pipeline/airflow_venv/lib/python3.11/site-packages/airflow/example_dags/tutorial_taskflow_api.py
[2026-03-18T07:14:34.183+0000] {processor.py:925} INFO - DAG(s) 'tutorial_taskflow_api' retrieved from /home/komal/data-engineering-projects/airflow-spark-pipeline/airflow_venv/lib/python3.11/site-packages/airflow/example_dags/tutorial_taskflow_api.py
[2026-03-18T07:14:34.196+0000] {logging_mixin.py:190} INFO - [2026-03-18T07:14:34.196+0000] {dag.py:3239} INFO - Sync 1 DAGs
[2026-03-18T07:14:34.207+0000] {logging_mixin.py:190} INFO - [2026-03-18T07:14:34.207+0000] {dag.py:4180} INFO - Setting next_dagrun for tutorial_taskflow_api to None, run_after=None
[2026-03-18T07:14:34.231+0000] {processor.py:208} INFO - Processing /home/komal/data-engineering-projects/airflow-spark-pipeline/airflow_venv/lib/python3.11/site-packages/airflow/example_dags/tutorial_taskflow_api.py took 0.066 seconds
[2026-03-18T07:15:38.468+0000] {processor.py:186} INFO - Started process (PID=31619) to work on /home/komal/data-engineering-projects/airflow-spark-pipeline/airflow_venv/lib/python3.11/site-packages/airflow/example_dags/tutorial_taskflow_api.py
[2026-03-18T07:15:38.501+0000] {processor.py:914} INFO - Processing file /home/komal/data-engineering-projects/airflow-spark-pipeline/airflow_venv/lib/python3.11/site-packages/airflow/example_dags/tutorial_taskflow_api.py for tasks to queue
[2026-03-18T07:15:38.503+0000] {logging_mixin.py:190} INFO - [2026-03-18T07:15:38.503+0000] {dagbag.py:588} INFO - Filling up the DagBag from /home/komal/data-engineering-projects/airflow-spark-pipeline/airflow_venv/lib/python3.11/site-packages/airflow/example_dags/tutorial_taskflow_api.py
[2026-03-18T07:15:38.515+0000] {processor.py:925} INFO - DAG(s) 'tutorial_taskflow_api' retrieved from /home/komal/data-engineering-projects/airflow-spark-pipeline/airflow_venv/lib/python3.11/site-packages/airflow/example_dags/tutorial_taskflow_api.py
[2026-03-18T07:15:38.526+0000] {logging_mixin.py:190} INFO - [2026-03-18T07:15:38.526+0000] {dag.py:3239} INFO - Sync 1 DAGs
[2026-03-18T07:15:38.535+0000] {logging_mixin.py:190} INFO - [2026-03-18T07:15:38.535+0000] {dag.py:4180} INFO - Setting next_dagrun for tutorial_taskflow_api to None, run_after=None
[2026-03-18T07:15:38.556+0000] {processor.py:208} INFO - Processing /home/komal/data-engineering-projects/airflow-spark-pipeline/airflow_venv/lib/python3.11/site-packages/airflow/example_dags/tutorial_taskflow_api.py took 0.094 seconds
[2026-03-18T07:16:45.524+0000] {processor.py:186} INFO - Started process (PID=31688) to work on /home/komal/data-engineering-projects/airflow-spark-pipeline/airflow_venv/lib/python3.11/site-packages/airflow/example_dags/tutorial_taskflow_api.py
[2026-03-18T07:16:45.527+0000] {processor.py:914} INFO - Processing file /home/komal/data-engineering-projects/airflow-spark-pipeline/airflow_venv/lib/python3.11/site-packages/airflow/example_dags/tutorial_taskflow_api.py for tasks to queue
[2026-03-18T07:16:45.528+0000] {logging_mixin.py:190} INFO - [2026-03-18T07:16:45.528+0000] {dagbag.py:588} INFO - Filling up the DagBag from /home/komal/data-engineering-projects/airflow-spark-pipeline/airflow_venv/lib/python3.11/site-packages/airflow/example_dags/tutorial_taskflow_api.py
[2026-03-18T07:16:45.543+0000] {processor.py:925} INFO - DAG(s) 'tutorial_taskflow_api' retrieved from /home/komal/data-engineering-projects/airflow-spark-pipeline/airflow_venv/lib/python3.11/site-packages/airflow/example_dags/tutorial_taskflow_api.py
[2026-03-18T07:16:45.611+0000] {logging_mixin.py:190} INFO - [2026-03-18T07:16:45.611+0000] {dag.py:3239} INFO - Sync 1 DAGs
[2026-03-18T07:16:45.628+0000] {logging_mixin.py:190} INFO - [2026-03-18T07:16:45.628+0000] {dag.py:4180} INFO - Setting next_dagrun for tutorial_taskflow_api to None, run_after=None
[2026-03-18T07:16:45.664+0000] {processor.py:208} INFO - Processing /home/komal/data-engineering-projects/airflow-spark-pipeline/airflow_venv/lib/python3.11/site-packages/airflow/example_dags/tutorial_taskflow_api.py took 0.147 seconds
[2026-03-18T07:17:50.066+0000] {processor.py:186} INFO - Started process (PID=31767) to work on /home/komal/data-engineering-projects/airflow-spark-pipeline/airflow_venv/lib/python3.11/site-packages/airflow/example_dags/tutorial_taskflow_api.py
[2026-03-18T07:17:50.073+0000] {processor.py:914} INFO - Processing file /home/komal/data-engineering-projects/airflow-spark-pipeline/airflow_venv/lib/python3.11/site-packages/airflow/example_dags/tutorial_taskflow_api.py for tasks to queue
[2026-03-18T07:17:50.075+0000] {logging_mixin.py:190} INFO - [2026-03-18T07:17:50.075+0000] {dagbag.py:588} INFO - Filling up the DagBag from /home/komal/data-engineering-projects/airflow-spark-pipeline/airflow_venv/lib/python3.11/site-packages/airflow/example_dags/tutorial_taskflow_api.py
[2026-03-18T07:17:50.085+0000] {processor.py:925} INFO - DAG(s) 'tutorial_taskflow_api' retrieved from /home/komal/data-engineering-projects/airflow-spark-pipeline/airflow_venv/lib/python3.11/site-packages/airflow/example_dags/tutorial_taskflow_api.py
[2026-03-18T07:17:50.098+0000] {logging_mixin.py:190} INFO - [2026-03-18T07:17:50.098+0000] {dag.py:3239} INFO - Sync 1 DAGs
[2026-03-18T07:17:50.105+0000] {logging_mixin.py:190} INFO - [2026-03-18T07:17:50.105+0000] {dag.py:4180} INFO - Setting next_dagrun for tutorial_taskflow_api to None, run_after=None
[2026-03-18T07:17:50.129+0000] {processor.py:208} INFO - Processing /home/komal/data-engineering-projects/airflow-spark-pipeline/airflow_venv/lib/python3.11/site-packages/airflow/example_dags/tutorial_taskflow_api.py took 0.074 seconds
[2026-03-18T07:18:59.981+0000] {processor.py:186} INFO - Started process (PID=32009) to work on /home/komal/data-engineering-projects/airflow-spark-pipeline/airflow_venv/lib/python3.11/site-packages/airflow/example_dags/tutorial_taskflow_api.py
[2026-03-18T07:18:59.985+0000] {processor.py:914} INFO - Processing file /home/komal/data-engineering-projects/airflow-spark-pipeline/airflow_venv/lib/python3.11/site-packages/airflow/example_dags/tutorial_taskflow_api.py for tasks to queue
[2026-03-18T07:18:59.987+0000] {logging_mixin.py:190} INFO - [2026-03-18T07:18:59.987+0000] {dagbag.py:588} INFO - Filling up the DagBag from /home/komal/data-engineering-projects/airflow-spark-pipeline/airflow_venv/lib/python3.11/site-packages/airflow/example_dags/tutorial_taskflow_api.py
[2026-03-18T07:19:00.003+0000] {processor.py:925} INFO - DAG(s) 'tutorial_taskflow_api' retrieved from /home/komal/data-engineering-projects/airflow-spark-pipeline/airflow_venv/lib/python3.11/site-packages/airflow/example_dags/tutorial_taskflow_api.py
[2026-03-18T07:19:00.031+0000] {logging_mixin.py:190} INFO - [2026-03-18T07:19:00.030+0000] {dag.py:3239} INFO - Sync 1 DAGs
[2026-03-18T07:19:00.049+0000] {logging_mixin.py:190} INFO - [2026-03-18T07:19:00.049+0000] {dag.py:4180} INFO - Setting next_dagrun for tutorial_taskflow_api to None, run_after=None
[2026-03-18T07:19:00.088+0000] {processor.py:208} INFO - Processing /home/komal/data-engineering-projects/airflow-spark-pipeline/airflow_venv/lib/python3.11/site-packages/airflow/example_dags/tutorial_taskflow_api.py took 0.119 seconds
[2026-03-18T07:20:14.155+0000] {processor.py:186} INFO - Started process (PID=32082) to work on /home/komal/data-engineering-projects/airflow-spark-pipeline/airflow_venv/lib/python3.11/site-packages/airflow/example_dags/tutorial_taskflow_api.py
[2026-03-18T07:20:14.189+0000] {processor.py:914} INFO - Processing file /home/komal/data-engineering-projects/airflow-spark-pipeline/airflow_venv/lib/python3.11/site-packages/airflow/example_dags/tutorial_taskflow_api.py for tasks to queue
[2026-03-18T07:20:14.193+0000] {logging_mixin.py:190} INFO - [2026-03-18T07:20:14.192+0000] {dagbag.py:588} INFO - Filling up the DagBag from /home/komal/data-engineering-projects/airflow-spark-pipeline/airflow_venv/lib/python3.11/site-packages/airflow/example_dags/tutorial_taskflow_api.py
[2026-03-18T07:20:14.210+0000] {processor.py:925} INFO - DAG(s) 'tutorial_taskflow_api' retrieved from /home/komal/data-engineering-projects/airflow-spark-pipeline/airflow_venv/lib/python3.11/site-packages/airflow/example_dags/tutorial_taskflow_api.py
[2026-03-18T07:20:14.231+0000] {logging_mixin.py:190} INFO - [2026-03-18T07:20:14.231+0000] {dag.py:3239} INFO - Sync 1 DAGs
[2026-03-18T07:20:14.247+0000] {logging_mixin.py:190} INFO - [2026-03-18T07:20:14.246+0000] {dag.py:4180} INFO - Setting next_dagrun for tutorial_taskflow_api to None, run_after=None
[2026-03-18T07:20:14.279+0000] {processor.py:208} INFO - Processing /home/komal/data-engineering-projects/airflow-spark-pipeline/airflow_venv/lib/python3.11/site-packages/airflow/example_dags/tutorial_taskflow_api.py took 0.134 seconds
[2026-03-18T07:21:31.144+0000] {processor.py:186} INFO - Started process (PID=32154) to work on /home/komal/data-engineering-projects/airflow-spark-pipeline/airflow_venv/lib/python3.11/site-packages/airflow/example_dags/tutorial_taskflow_api.py
[2026-03-18T07:21:31.180+0000] {processor.py:914} INFO - Processing file /home/komal/data-engineering-projects/airflow-spark-pipeline/airflow_venv/lib/python3.11/site-packages/airflow/example_dags/tutorial_taskflow_api.py for tasks to queue
[2026-03-18T07:21:31.184+0000] {logging_mixin.py:190} INFO - [2026-03-18T07:21:31.183+0000] {dagbag.py:588} INFO - Filling up the DagBag from /home/komal/data-engineering-projects/airflow-spark-pipeline/airflow_venv/lib/python3.11/site-packages/airflow/example_dags/tutorial_taskflow_api.py
[2026-03-18T07:21:31.200+0000] {processor.py:925} INFO - DAG(s) 'tutorial_taskflow_api' retrieved from /home/komal/data-engineering-projects/airflow-spark-pipeline/airflow_venv/lib/python3.11/site-packages/airflow/example_dags/tutorial_taskflow_api.py
[2026-03-18T07:21:31.226+0000] {logging_mixin.py:190} INFO - [2026-03-18T07:21:31.226+0000] {dag.py:3239} INFO - Sync 1 DAGs
[2026-03-18T07:21:31.252+0000] {logging_mixin.py:190} INFO - [2026-03-18T07:21:31.252+0000] {dag.py:4180} INFO - Setting next_dagrun for tutorial_taskflow_api to None, run_after=None
[2026-03-18T07:21:31.289+0000] {processor.py:208} INFO - Processing /home/komal/data-engineering-projects/airflow-spark-pipeline/airflow_venv/lib/python3.11/site-packages/airflow/example_dags/tutorial_taskflow_api.py took 0.157 seconds
[2026-03-18T07:22:48.680+0000] {processor.py:186} INFO - Started process (PID=32372) to work on /home/komal/data-engineering-projects/airflow-spark-pipeline/airflow_venv/lib/python3.11/site-packages/airflow/example_dags/tutorial_taskflow_api.py
[2026-03-18T07:22:48.684+0000] {processor.py:914} INFO - Processing file /home/komal/data-engineering-projects/airflow-spark-pipeline/airflow_venv/lib/python3.11/site-packages/airflow/example_dags/tutorial_taskflow_api.py for tasks to queue
[2026-03-18T07:22:48.687+0000] {logging_mixin.py:190} INFO - [2026-03-18T07:22:48.686+0000] {dagbag.py:588} INFO - Filling up the DagBag from /home/komal/data-engineering-projects/airflow-spark-pipeline/airflow_venv/lib/python3.11/site-packages/airflow/example_dags/tutorial_taskflow_api.py
[2026-03-18T07:22:48.702+0000] {processor.py:925} INFO - DAG(s) 'tutorial_taskflow_api' retrieved from /home/komal/data-engineering-projects/airflow-spark-pipeline/airflow_venv/lib/python3.11/site-packages/airflow/example_dags/tutorial_taskflow_api.py
[2026-03-18T07:22:48.734+0000] {logging_mixin.py:190} INFO - [2026-03-18T07:22:48.733+0000] {dag.py:3239} INFO - Sync 1 DAGs
[2026-03-18T07:22:48.757+0000] {logging_mixin.py:190} INFO - [2026-03-18T07:22:48.757+0000] {dag.py:4180} INFO - Setting next_dagrun for tutorial_taskflow_api to None, run_after=None
[2026-03-18T07:22:48.804+0000] {processor.py:208} INFO - Processing /home/komal/data-engineering-projects/airflow-spark-pipeline/airflow_venv/lib/python3.11/site-packages/airflow/example_dags/tutorial_taskflow_api.py took 0.136 seconds
[2026-03-18T07:24:00.007+0000] {processor.py:186} INFO - Started process (PID=32523) to work on /home/komal/data-engineering-projects/airflow-spark-pipeline/airflow_venv/lib/python3.11/site-packages/airflow/example_dags/tutorial_taskflow_api.py
[2026-03-18T07:24:00.010+0000] {processor.py:914} INFO - Processing file /home/komal/data-engineering-projects/airflow-spark-pipeline/airflow_venv/lib/python3.11/site-packages/airflow/example_dags/tutorial_taskflow_api.py for tasks to queue
[2026-03-18T07:24:00.012+0000] {logging_mixin.py:190} INFO - [2026-03-18T07:24:00.011+0000] {dagbag.py:588} INFO - Filling up the DagBag from /home/komal/data-engineering-projects/airflow-spark-pipeline/airflow_venv/lib/python3.11/site-packages/airflow/example_dags/tutorial_taskflow_api.py
[2026-03-18T07:24:00.024+0000] {processor.py:925} INFO - DAG(s) 'tutorial_taskflow_api' retrieved from /home/komal/data-engineering-projects/airflow-spark-pipeline/airflow_venv/lib/python3.11/site-packages/airflow/example_dags/tutorial_taskflow_api.py
[2026-03-18T07:24:00.045+0000] {logging_mixin.py:190} INFO - [2026-03-18T07:24:00.045+0000] {dag.py:3239} INFO - Sync 1 DAGs
[2026-03-18T07:24:00.072+0000] {logging_mixin.py:190} INFO - [2026-03-18T07:24:00.072+0000] {dag.py:4180} INFO - Setting next_dagrun for tutorial_taskflow_api to None, run_after=None
[2026-03-18T07:24:00.118+0000] {processor.py:208} INFO - Processing /home/komal/data-engineering-projects/airflow-spark-pipeline/airflow_venv/lib/python3.11/site-packages/airflow/example_dags/tutorial_taskflow_api.py took 0.120 seconds
[2026-03-18T07:25:10.757+0000] {processor.py:186} INFO - Started process (PID=32596) to work on /home/komal/data-engineering-projects/airflow-spark-pipeline/airflow_venv/lib/python3.11/site-packages/airflow/example_dags/tutorial_taskflow_api.py
[2026-03-18T07:25:10.788+0000] {processor.py:914} INFO - Processing file /home/komal/data-engineering-projects/airflow-spark-pipeline/airflow_venv/lib/python3.11/site-packages/airflow/example_dags/tutorial_taskflow_api.py for tasks to queue
[2026-03-18T07:25:10.790+0000] {logging_mixin.py:190} INFO - [2026-03-18T07:25:10.790+0000] {dagbag.py:588} INFO - Filling up the DagBag from /home/komal/data-engineering-projects/airflow-spark-pipeline/airflow_venv/lib/python3.11/site-packages/airflow/example_dags/tutorial_taskflow_api.py
[2026-03-18T07:25:10.805+0000] {processor.py:925} INFO - DAG(s) 'tutorial_taskflow_api' retrieved from /home/komal/data-engineering-projects/airflow-spark-pipeline/airflow_venv/lib/python3.11/site-packages/airflow/example_dags/tutorial_taskflow_api.py
[2026-03-18T07:25:10.830+0000] {logging_mixin.py:190} INFO - [2026-03-18T07:25:10.830+0000] {dag.py:3239} INFO - Sync 1 DAGs
[2026-03-18T07:25:10.849+0000] {logging_mixin.py:190} INFO - [2026-03-18T07:25:10.848+0000] {dag.py:4180} INFO - Setting next_dagrun for tutorial_taskflow_api to None, run_after=None
[2026-03-18T07:25:10.892+0000] {processor.py:208} INFO - Processing /home/komal/data-engineering-projects/airflow-spark-pipeline/airflow_venv/lib/python3.11/site-packages/airflow/example_dags/tutorial_taskflow_api.py took 0.143 seconds
[2026-03-18T07:26:13.996+0000] {processor.py:186} INFO - Started process (PID=32652) to work on /home/komal/data-engineering-projects/airflow-spark-pipeline/airflow_venv/lib/python3.11/site-packages/airflow/example_dags/tutorial_taskflow_api.py
[2026-03-18T07:26:14.028+0000] {processor.py:914} INFO - Processing file /home/komal/data-engineering-projects/airflow-spark-pipeline/airflow_venv/lib/python3.11/site-packages/airflow/example_dags/tutorial_taskflow_api.py for tasks to queue
[2026-03-18T07:26:14.032+0000] {logging_mixin.py:190} INFO - [2026-03-18T07:26:14.032+0000] {dagbag.py:588} INFO - Filling up the DagBag from /home/komal/data-engineering-projects/airflow-spark-pipeline/airflow_venv/lib/python3.11/site-packages/airflow/example_dags/tutorial_taskflow_api.py
[2026-03-18T07:26:14.047+0000] {processor.py:925} INFO - DAG(s) 'tutorial_taskflow_api' retrieved from /home/komal/data-engineering-projects/airflow-spark-pipeline/airflow_venv/lib/python3.11/site-packages/airflow/example_dags/tutorial_taskflow_api.py
[2026-03-18T07:26:14.071+0000] {logging_mixin.py:190} INFO - [2026-03-18T07:26:14.071+0000] {dag.py:3239} INFO - Sync 1 DAGs
[2026-03-18T07:26:14.089+0000] {logging_mixin.py:190} INFO - [2026-03-18T07:26:14.088+0000] {dag.py:4180} INFO - Setting next_dagrun for tutorial_taskflow_api to None, run_after=None
[2026-03-18T07:26:14.123+0000] {processor.py:208} INFO - Processing /home/komal/data-engineering-projects/airflow-spark-pipeline/airflow_venv/lib/python3.11/site-packages/airflow/example_dags/tutorial_taskflow_api.py took 0.135 seconds
[2026-03-18T07:27:21.405+0000] {processor.py:186} INFO - Started process (PID=32718) to work on /home/komal/data-engineering-projects/airflow-spark-pipeline/airflow_venv/lib/python3.11/site-packages/airflow/example_dags/tutorial_taskflow_api.py
[2026-03-18T07:27:21.424+0000] {processor.py:914} INFO - Processing file /home/komal/data-engineering-projects/airflow-spark-pipeline/airflow_venv/lib/python3.11/site-packages/airflow/example_dags/tutorial_taskflow_api.py for tasks to queue
[2026-03-18T07:27:21.427+0000] {logging_mixin.py:190} INFO - [2026-03-18T07:27:21.426+0000] {dagbag.py:588} INFO - Filling up the DagBag from /home/komal/data-engineering-projects/airflow-spark-pipeline/airflow_venv/lib/python3.11/site-packages/airflow/example_dags/tutorial_taskflow_api.py
[2026-03-18T07:27:21.437+0000] {processor.py:925} INFO - DAG(s) 'tutorial_taskflow_api' retrieved from /home/komal/data-engineering-projects/airflow-spark-pipeline/airflow_venv/lib/python3.11/site-packages/airflow/example_dags/tutorial_taskflow_api.py
[2026-03-18T07:27:21.459+0000] {logging_mixin.py:190} INFO - [2026-03-18T07:27:21.459+0000] {dag.py:3239} INFO - Sync 1 DAGs
[2026-03-18T07:27:21.473+0000] {logging_mixin.py:190} INFO - [2026-03-18T07:27:21.472+0000] {dag.py:4180} INFO - Setting next_dagrun for tutorial_taskflow_api to None, run_after=None
[2026-03-18T07:27:21.505+0000] {processor.py:208} INFO - Processing /home/komal/data-engineering-projects/airflow-spark-pipeline/airflow_venv/lib/python3.11/site-packages/airflow/example_dags/tutorial_taskflow_api.py took 0.108 seconds
[2026-03-18T07:28:30.426+0000] {processor.py:186} INFO - Started process (PID=32783) to work on /home/komal/data-engineering-projects/airflow-spark-pipeline/airflow_venv/lib/python3.11/site-packages/airflow/example_dags/tutorial_taskflow_api.py
[2026-03-18T07:28:30.460+0000] {processor.py:914} INFO - Processing file /home/komal/data-engineering-projects/airflow-spark-pipeline/airflow_venv/lib/python3.11/site-packages/airflow/example_dags/tutorial_taskflow_api.py for tasks to queue
[2026-03-18T07:28:30.463+0000] {logging_mixin.py:190} INFO - [2026-03-18T07:28:30.462+0000] {dagbag.py:588} INFO - Filling up the DagBag from /home/komal/data-engineering-projects/airflow-spark-pipeline/airflow_venv/lib/python3.11/site-packages/airflow/example_dags/tutorial_taskflow_api.py
[2026-03-18T07:28:30.477+0000] {processor.py:925} INFO - DAG(s) 'tutorial_taskflow_api' retrieved from /home/komal/data-engineering-projects/airflow-spark-pipeline/airflow_venv/lib/python3.11/site-packages/airflow/example_dags/tutorial_taskflow_api.py
[2026-03-18T07:28:30.499+0000] {logging_mixin.py:190} INFO - [2026-03-18T07:28:30.499+0000] {dag.py:3239} INFO - Sync 1 DAGs
[2026-03-18T07:28:30.512+0000] {logging_mixin.py:190} INFO - [2026-03-18T07:28:30.512+0000] {dag.py:4180} INFO - Setting next_dagrun for tutorial_taskflow_api to None, run_after=None
[2026-03-18T07:28:30.546+0000] {processor.py:208} INFO - Processing /home/komal/data-engineering-projects/airflow-spark-pipeline/airflow_venv/lib/python3.11/site-packages/airflow/example_dags/tutorial_taskflow_api.py took 0.128 seconds
[2026-03-18T07:29:39.908+0000] {processor.py:186} INFO - Started process (PID=32844) to work on /home/komal/data-engineering-projects/airflow-spark-pipeline/airflow_venv/lib/python3.11/site-packages/airflow/example_dags/tutorial_taskflow_api.py
[2026-03-18T07:29:39.910+0000] {processor.py:914} INFO - Processing file /home/komal/data-engineering-projects/airflow-spark-pipeline/airflow_venv/lib/python3.11/site-packages/airflow/example_dags/tutorial_taskflow_api.py for tasks to queue
[2026-03-18T07:29:39.913+0000] {logging_mixin.py:190} INFO - [2026-03-18T07:29:39.913+0000] {dagbag.py:588} INFO - Filling up the DagBag from /home/komal/data-engineering-projects/airflow-spark-pipeline/airflow_venv/lib/python3.11/site-packages/airflow/example_dags/tutorial_taskflow_api.py
[2026-03-18T07:29:39.926+0000] {processor.py:925} INFO - DAG(s) 'tutorial_taskflow_api' retrieved from /home/komal/data-engineering-projects/airflow-spark-pipeline/airflow_venv/lib/python3.11/site-packages/airflow/example_dags/tutorial_taskflow_api.py
[2026-03-18T07:29:39.949+0000] {logging_mixin.py:190} INFO - [2026-03-18T07:29:39.949+0000] {dag.py:3239} INFO - Sync 1 DAGs
[2026-03-18T07:29:39.966+0000] {logging_mixin.py:190} INFO - [2026-03-18T07:29:39.966+0000] {dag.py:4180} INFO - Setting next_dagrun for tutorial_taskflow_api to None, run_after=None
[2026-03-18T07:29:39.997+0000] {processor.py:208} INFO - Processing /home/komal/data-engineering-projects/airflow-spark-pipeline/airflow_venv/lib/python3.11/site-packages/airflow/example_dags/tutorial_taskflow_api.py took 0.102 seconds
[2026-03-18T07:30:55.409+0000] {processor.py:186} INFO - Started process (PID=32999) to work on /home/komal/data-engineering-projects/airflow-spark-pipeline/airflow_venv/lib/python3.11/site-packages/airflow/example_dags/tutorial_taskflow_api.py
[2026-03-18T07:30:55.442+0000] {processor.py:914} INFO - Processing file /home/komal/data-engineering-projects/airflow-spark-pipeline/airflow_venv/lib/python3.11/site-packages/airflow/example_dags/tutorial_taskflow_api.py for tasks to queue
[2026-03-18T07:30:55.446+0000] {logging_mixin.py:190} INFO - [2026-03-18T07:30:55.445+0000] {dagbag.py:588} INFO - Filling up the DagBag from /home/komal/data-engineering-projects/airflow-spark-pipeline/airflow_venv/lib/python3.11/site-packages/airflow/example_dags/tutorial_taskflow_api.py
[2026-03-18T07:30:55.460+0000] {processor.py:925} INFO - DAG(s) 'tutorial_taskflow_api' retrieved from /home/komal/data-engineering-projects/airflow-spark-pipeline/airflow_venv/lib/python3.11/site-packages/airflow/example_dags/tutorial_taskflow_api.py
[2026-03-18T07:30:55.482+0000] {logging_mixin.py:190} INFO - [2026-03-18T07:30:55.482+0000] {dag.py:3239} INFO - Sync 1 DAGs
[2026-03-18T07:30:55.495+0000] {logging_mixin.py:190} INFO - [2026-03-18T07:30:55.495+0000] {dag.py:4180} INFO - Setting next_dagrun for tutorial_taskflow_api to None, run_after=None
[2026-03-18T07:30:55.542+0000] {processor.py:208} INFO - Processing /home/komal/data-engineering-projects/airflow-spark-pipeline/airflow_venv/lib/python3.11/site-packages/airflow/example_dags/tutorial_taskflow_api.py took 0.144 seconds
[2026-03-18T07:31:40.023+0000] {processor.py:186} INFO - Started process (PID=33042) to work on /home/komal/data-engineering-projects/airflow-spark-pipeline/airflow_venv/lib/python3.11/site-packages/airflow/example_dags/tutorial_taskflow_api.py
[2026-03-18T07:31:40.027+0000] {processor.py:914} INFO - Processing file /home/komal/data-engineering-projects/airflow-spark-pipeline/airflow_venv/lib/python3.11/site-packages/airflow/example_dags/tutorial_taskflow_api.py for tasks to queue
[2026-03-18T07:31:40.030+0000] {logging_mixin.py:190} INFO - [2026-03-18T07:31:40.030+0000] {dagbag.py:588} INFO - Filling up the DagBag from /home/komal/data-engineering-projects/airflow-spark-pipeline/airflow_venv/lib/python3.11/site-packages/airflow/example_dags/tutorial_taskflow_api.py
[2026-03-18T07:31:40.040+0000] {processor.py:925} INFO - DAG(s) 'tutorial_taskflow_api' retrieved from /home/komal/data-engineering-projects/airflow-spark-pipeline/airflow_venv/lib/python3.11/site-packages/airflow/example_dags/tutorial_taskflow_api.py
[2026-03-18T07:31:40.063+0000] {logging_mixin.py:190} INFO - [2026-03-18T07:31:40.063+0000] {dag.py:3239} INFO - Sync 1 DAGs
[2026-03-18T07:31:40.076+0000] {logging_mixin.py:190} INFO - [2026-03-18T07:31:40.076+0000] {dag.py:4180} INFO - Setting next_dagrun for tutorial_taskflow_api to None, run_after=None
[2026-03-18T07:31:40.108+0000] {processor.py:208} INFO - Processing /home/komal/data-engineering-projects/airflow-spark-pipeline/airflow_venv/lib/python3.11/site-packages/airflow/example_dags/tutorial_taskflow_api.py took 0.092 seconds
[2026-03-18T07:32:55.468+0000] {processor.py:186} INFO - Started process (PID=33107) to work on /home/komal/data-engineering-projects/airflow-spark-pipeline/airflow_venv/lib/python3.11/site-packages/airflow/example_dags/tutorial_taskflow_api.py
[2026-03-18T07:32:55.502+0000] {processor.py:914} INFO - Processing file /home/komal/data-engineering-projects/airflow-spark-pipeline/airflow_venv/lib/python3.11/site-packages/airflow/example_dags/tutorial_taskflow_api.py for tasks to queue
[2026-03-18T07:32:55.508+0000] {logging_mixin.py:190} INFO - [2026-03-18T07:32:55.507+0000] {dagbag.py:588} INFO - Filling up the DagBag from /home/komal/data-engineering-projects/airflow-spark-pipeline/airflow_venv/lib/python3.11/site-packages/airflow/example_dags/tutorial_taskflow_api.py
[2026-03-18T07:32:55.521+0000] {processor.py:925} INFO - DAG(s) 'tutorial_taskflow_api' retrieved from /home/komal/data-engineering-projects/airflow-spark-pipeline/airflow_venv/lib/python3.11/site-packages/airflow/example_dags/tutorial_taskflow_api.py
[2026-03-18T07:32:55.542+0000] {logging_mixin.py:190} INFO - [2026-03-18T07:32:55.542+0000] {dag.py:3239} INFO - Sync 1 DAGs
[2026-03-18T07:32:55.556+0000] {logging_mixin.py:190} INFO - [2026-03-18T07:32:55.554+0000] {dag.py:4180} INFO - Setting next_dagrun for tutorial_taskflow_api to None, run_after=None
[2026-03-18T07:32:55.587+0000] {processor.py:208} INFO - Processing /home/komal/data-engineering-projects/airflow-spark-pipeline/airflow_venv/lib/python3.11/site-packages/airflow/example_dags/tutorial_taskflow_api.py took 0.128 seconds
[2026-03-18T07:33:35.156+0000] {processor.py:186} INFO - Started process (PID=33147) to work on /home/komal/data-engineering-projects/airflow-spark-pipeline/airflow_venv/lib/python3.11/site-packages/airflow/example_dags/tutorial_taskflow_api.py
[2026-03-18T07:33:35.189+0000] {processor.py:914} INFO - Processing file /home/komal/data-engineering-projects/airflow-spark-pipeline/airflow_venv/lib/python3.11/site-packages/airflow/example_dags/tutorial_taskflow_api.py for tasks to queue
[2026-03-18T07:33:35.195+0000] {logging_mixin.py:190} INFO - [2026-03-18T07:33:35.194+0000] {dagbag.py:588} INFO - Filling up the DagBag from /home/komal/data-engineering-projects/airflow-spark-pipeline/airflow_venv/lib/python3.11/site-packages/airflow/example_dags/tutorial_taskflow_api.py
[2026-03-18T07:33:35.209+0000] {processor.py:925} INFO - DAG(s) 'tutorial_taskflow_api' retrieved from /home/komal/data-engineering-projects/airflow-spark-pipeline/airflow_venv/lib/python3.11/site-packages/airflow/example_dags/tutorial_taskflow_api.py
[2026-03-18T07:33:35.230+0000] {logging_mixin.py:190} INFO - [2026-03-18T07:33:35.230+0000] {dag.py:3239} INFO - Sync 1 DAGs
[2026-03-18T07:33:35.249+0000] {logging_mixin.py:190} INFO - [2026-03-18T07:33:35.248+0000] {dag.py:4180} INFO - Setting next_dagrun for tutorial_taskflow_api to None, run_after=None
[2026-03-18T07:33:35.287+0000] {processor.py:208} INFO - Processing /home/komal/data-engineering-projects/airflow-spark-pipeline/airflow_venv/lib/python3.11/site-packages/airflow/example_dags/tutorial_taskflow_api.py took 0.142 seconds
[2026-03-18T07:34:17.803+0000] {processor.py:186} INFO - Started process (PID=33188) to work on /home/komal/data-engineering-projects/airflow-spark-pipeline/airflow_venv/lib/python3.11/site-packages/airflow/example_dags/tutorial_taskflow_api.py
[2026-03-18T07:34:17.836+0000] {processor.py:914} INFO - Processing file /home/komal/data-engineering-projects/airflow-spark-pipeline/airflow_venv/lib/python3.11/site-packages/airflow/example_dags/tutorial_taskflow_api.py for tasks to queue
[2026-03-18T07:34:17.840+0000] {logging_mixin.py:190} INFO - [2026-03-18T07:34:17.839+0000] {dagbag.py:588} INFO - Filling up the DagBag from /home/komal/data-engineering-projects/airflow-spark-pipeline/airflow_venv/lib/python3.11/site-packages/airflow/example_dags/tutorial_taskflow_api.py
[2026-03-18T07:34:17.858+0000] {processor.py:925} INFO - DAG(s) 'tutorial_taskflow_api' retrieved from /home/komal/data-engineering-projects/airflow-spark-pipeline/airflow_venv/lib/python3.11/site-packages/airflow/example_dags/tutorial_taskflow_api.py
[2026-03-18T07:34:17.885+0000] {logging_mixin.py:190} INFO - [2026-03-18T07:34:17.884+0000] {dag.py:3239} INFO - Sync 1 DAGs
[2026-03-18T07:34:17.907+0000] {logging_mixin.py:190} INFO - [2026-03-18T07:34:17.907+0000] {dag.py:4180} INFO - Setting next_dagrun for tutorial_taskflow_api to None, run_after=None
[2026-03-18T07:34:17.947+0000] {processor.py:208} INFO - Processing /home/komal/data-engineering-projects/airflow-spark-pipeline/airflow_venv/lib/python3.11/site-packages/airflow/example_dags/tutorial_taskflow_api.py took 0.154 seconds
[2026-03-18T07:35:30.179+0000] {processor.py:186} INFO - Started process (PID=33311) to work on /home/komal/data-engineering-projects/airflow-spark-pipeline/airflow_venv/lib/python3.11/site-packages/airflow/example_dags/tutorial_taskflow_api.py
[2026-03-18T07:35:30.213+0000] {processor.py:914} INFO - Processing file /home/komal/data-engineering-projects/airflow-spark-pipeline/airflow_venv/lib/python3.11/site-packages/airflow/example_dags/tutorial_taskflow_api.py for tasks to queue
[2026-03-18T07:35:30.217+0000] {logging_mixin.py:190} INFO - [2026-03-18T07:35:30.216+0000] {dagbag.py:588} INFO - Filling up the DagBag from /home/komal/data-engineering-projects/airflow-spark-pipeline/airflow_venv/lib/python3.11/site-packages/airflow/example_dags/tutorial_taskflow_api.py
[2026-03-18T07:35:30.226+0000] {processor.py:925} INFO - DAG(s) 'tutorial_taskflow_api' retrieved from /home/komal/data-engineering-projects/airflow-spark-pipeline/airflow_venv/lib/python3.11/site-packages/airflow/example_dags/tutorial_taskflow_api.py
[2026-03-18T07:35:30.246+0000] {logging_mixin.py:190} INFO - [2026-03-18T07:35:30.245+0000] {dag.py:3239} INFO - Sync 1 DAGs
[2026-03-18T07:35:30.260+0000] {logging_mixin.py:190} INFO - [2026-03-18T07:35:30.259+0000] {dag.py:4180} INFO - Setting next_dagrun for tutorial_taskflow_api to None, run_after=None
[2026-03-18T07:35:30.295+0000] {processor.py:208} INFO - Processing /home/komal/data-engineering-projects/airflow-spark-pipeline/airflow_venv/lib/python3.11/site-packages/airflow/example_dags/tutorial_taskflow_api.py took 0.125 seconds
[2026-03-18T07:36:40.653+0000] {processor.py:186} INFO - Started process (PID=33378) to work on /home/komal/data-engineering-projects/airflow-spark-pipeline/airflow_venv/lib/python3.11/site-packages/airflow/example_dags/tutorial_taskflow_api.py
[2026-03-18T07:36:40.686+0000] {processor.py:914} INFO - Processing file /home/komal/data-engineering-projects/airflow-spark-pipeline/airflow_venv/lib/python3.11/site-packages/airflow/example_dags/tutorial_taskflow_api.py for tasks to queue
[2026-03-18T07:36:40.693+0000] {logging_mixin.py:190} INFO - [2026-03-18T07:36:40.692+0000] {dagbag.py:588} INFO - Filling up the DagBag from /home/komal/data-engineering-projects/airflow-spark-pipeline/airflow_venv/lib/python3.11/site-packages/airflow/example_dags/tutorial_taskflow_api.py
[2026-03-18T07:36:40.707+0000] {processor.py:925} INFO - DAG(s) 'tutorial_taskflow_api' retrieved from /home/komal/data-engineering-projects/airflow-spark-pipeline/airflow_venv/lib/python3.11/site-packages/airflow/example_dags/tutorial_taskflow_api.py
[2026-03-18T07:36:40.731+0000] {logging_mixin.py:190} INFO - [2026-03-18T07:36:40.731+0000] {dag.py:3239} INFO - Sync 1 DAGs
[2026-03-18T07:36:40.751+0000] {logging_mixin.py:190} INFO - [2026-03-18T07:36:40.750+0000] {dag.py:4180} INFO - Setting next_dagrun for tutorial_taskflow_api to None, run_after=None
[2026-03-18T07:36:40.785+0000] {processor.py:208} INFO - Processing /home/komal/data-engineering-projects/airflow-spark-pipeline/airflow_venv/lib/python3.11/site-packages/airflow/example_dags/tutorial_taskflow_api.py took 0.142 seconds
[2026-03-18T07:38:02.124+0000] {processor.py:186} INFO - Started process (PID=33454) to work on /home/komal/data-engineering-projects/airflow-spark-pipeline/airflow_venv/lib/python3.11/site-packages/airflow/example_dags/tutorial_taskflow_api.py
[2026-03-18T07:38:02.157+0000] {processor.py:914} INFO - Processing file /home/komal/data-engineering-projects/airflow-spark-pipeline/airflow_venv/lib/python3.11/site-packages/airflow/example_dags/tutorial_taskflow_api.py for tasks to queue
[2026-03-18T07:38:02.162+0000] {logging_mixin.py:190} INFO - [2026-03-18T07:38:02.161+0000] {dagbag.py:588} INFO - Filling up the DagBag from /home/komal/data-engineering-projects/airflow-spark-pipeline/airflow_venv/lib/python3.11/site-packages/airflow/example_dags/tutorial_taskflow_api.py
[2026-03-18T07:38:02.178+0000] {processor.py:925} INFO - DAG(s) 'tutorial_taskflow_api' retrieved from /home/komal/data-engineering-projects/airflow-spark-pipeline/airflow_venv/lib/python3.11/site-packages/airflow/example_dags/tutorial_taskflow_api.py
[2026-03-18T07:38:02.208+0000] {logging_mixin.py:190} INFO - [2026-03-18T07:38:02.208+0000] {dag.py:3239} INFO - Sync 1 DAGs
[2026-03-18T07:38:02.222+0000] {logging_mixin.py:190} INFO - [2026-03-18T07:38:02.222+0000] {dag.py:4180} INFO - Setting next_dagrun for tutorial_taskflow_api to None, run_after=None
[2026-03-18T07:38:02.257+0000] {processor.py:208} INFO - Processing /home/komal/data-engineering-projects/airflow-spark-pipeline/airflow_venv/lib/python3.11/site-packages/airflow/example_dags/tutorial_taskflow_api.py took 0.146 seconds
[2026-03-18T07:39:12.553+0000] {processor.py:186} INFO - Started process (PID=33592) to work on /home/komal/data-engineering-projects/airflow-spark-pipeline/airflow_venv/lib/python3.11/site-packages/airflow/example_dags/tutorial_taskflow_api.py
[2026-03-18T07:39:12.573+0000] {processor.py:914} INFO - Processing file /home/komal/data-engineering-projects/airflow-spark-pipeline/airflow_venv/lib/python3.11/site-packages/airflow/example_dags/tutorial_taskflow_api.py for tasks to queue
[2026-03-18T07:39:12.576+0000] {logging_mixin.py:190} INFO - [2026-03-18T07:39:12.575+0000] {dagbag.py:588} INFO - Filling up the DagBag from /home/komal/data-engineering-projects/airflow-spark-pipeline/airflow_venv/lib/python3.11/site-packages/airflow/example_dags/tutorial_taskflow_api.py
[2026-03-18T07:39:12.587+0000] {processor.py:925} INFO - DAG(s) 'tutorial_taskflow_api' retrieved from /home/komal/data-engineering-projects/airflow-spark-pipeline/airflow_venv/lib/python3.11/site-packages/airflow/example_dags/tutorial_taskflow_api.py
[2026-03-18T07:39:12.605+0000] {logging_mixin.py:190} INFO - [2026-03-18T07:39:12.605+0000] {dag.py:3239} INFO - Sync 1 DAGs
[2026-03-18T07:39:12.621+0000] {logging_mixin.py:190} INFO - [2026-03-18T07:39:12.621+0000] {dag.py:4180} INFO - Setting next_dagrun for tutorial_taskflow_api to None, run_after=None
[2026-03-18T07:39:12.655+0000] {processor.py:208} INFO - Processing /home/komal/data-engineering-projects/airflow-spark-pipeline/airflow_venv/lib/python3.11/site-packages/airflow/example_dags/tutorial_taskflow_api.py took 0.115 seconds
[2026-03-18T07:40:23.794+0000] {processor.py:186} INFO - Started process (PID=33660) to work on /home/komal/data-engineering-projects/airflow-spark-pipeline/airflow_venv/lib/python3.11/site-packages/airflow/example_dags/tutorial_taskflow_api.py
[2026-03-18T07:40:23.828+0000] {processor.py:914} INFO - Processing file /home/komal/data-engineering-projects/airflow-spark-pipeline/airflow_venv/lib/python3.11/site-packages/airflow/example_dags/tutorial_taskflow_api.py for tasks to queue
[2026-03-18T07:40:23.833+0000] {logging_mixin.py:190} INFO - [2026-03-18T07:40:23.832+0000] {dagbag.py:588} INFO - Filling up the DagBag from /home/komal/data-engineering-projects/airflow-spark-pipeline/airflow_venv/lib/python3.11/site-packages/airflow/example_dags/tutorial_taskflow_api.py
[2026-03-18T07:40:23.849+0000] {processor.py:925} INFO - DAG(s) 'tutorial_taskflow_api' retrieved from /home/komal/data-engineering-projects/airflow-spark-pipeline/airflow_venv/lib/python3.11/site-packages/airflow/example_dags/tutorial_taskflow_api.py
[2026-03-18T07:40:23.873+0000] {logging_mixin.py:190} INFO - [2026-03-18T07:40:23.873+0000] {dag.py:3239} INFO - Sync 1 DAGs
[2026-03-18T07:40:23.888+0000] {logging_mixin.py:190} INFO - [2026-03-18T07:40:23.887+0000] {dag.py:4180} INFO - Setting next_dagrun for tutorial_taskflow_api to None, run_after=None
[2026-03-18T07:40:23.947+0000] {processor.py:208} INFO - Processing /home/komal/data-engineering-projects/airflow-spark-pipeline/airflow_venv/lib/python3.11/site-packages/airflow/example_dags/tutorial_taskflow_api.py took 0.164 seconds
[2026-03-18T07:41:39.322+0000] {processor.py:186} INFO - Started process (PID=33728) to work on /home/komal/data-engineering-projects/airflow-spark-pipeline/airflow_venv/lib/python3.11/site-packages/airflow/example_dags/tutorial_taskflow_api.py
[2026-03-18T07:41:39.354+0000] {processor.py:914} INFO - Processing file /home/komal/data-engineering-projects/airflow-spark-pipeline/airflow_venv/lib/python3.11/site-packages/airflow/example_dags/tutorial_taskflow_api.py for tasks to queue
[2026-03-18T07:41:39.359+0000] {logging_mixin.py:190} INFO - [2026-03-18T07:41:39.359+0000] {dagbag.py:588} INFO - Filling up the DagBag from /home/komal/data-engineering-projects/airflow-spark-pipeline/airflow_venv/lib/python3.11/site-packages/airflow/example_dags/tutorial_taskflow_api.py
[2026-03-18T07:41:39.375+0000] {processor.py:925} INFO - DAG(s) 'tutorial_taskflow_api' retrieved from /home/komal/data-engineering-projects/airflow-spark-pipeline/airflow_venv/lib/python3.11/site-packages/airflow/example_dags/tutorial_taskflow_api.py
[2026-03-18T07:41:39.394+0000] {logging_mixin.py:190} INFO - [2026-03-18T07:41:39.394+0000] {dag.py:3239} INFO - Sync 1 DAGs
[2026-03-18T07:41:39.411+0000] {logging_mixin.py:190} INFO - [2026-03-18T07:41:39.411+0000] {dag.py:4180} INFO - Setting next_dagrun for tutorial_taskflow_api to None, run_after=None
[2026-03-18T07:41:39.445+0000] {processor.py:208} INFO - Processing /home/komal/data-engineering-projects/airflow-spark-pipeline/airflow_venv/lib/python3.11/site-packages/airflow/example_dags/tutorial_taskflow_api.py took 0.131 seconds
[2026-03-18T07:42:16.019+0000] {processor.py:186} INFO - Started process (PID=33761) to work on /home/komal/data-engineering-projects/airflow-spark-pipeline/airflow_venv/lib/python3.11/site-packages/airflow/example_dags/tutorial_taskflow_api.py
[2026-03-18T07:42:16.052+0000] {processor.py:914} INFO - Processing file /home/komal/data-engineering-projects/airflow-spark-pipeline/airflow_venv/lib/python3.11/site-packages/airflow/example_dags/tutorial_taskflow_api.py for tasks to queue
[2026-03-18T07:42:16.056+0000] {logging_mixin.py:190} INFO - [2026-03-18T07:42:16.056+0000] {dagbag.py:588} INFO - Filling up the DagBag from /home/komal/data-engineering-projects/airflow-spark-pipeline/airflow_venv/lib/python3.11/site-packages/airflow/example_dags/tutorial_taskflow_api.py
[2026-03-18T07:42:16.073+0000] {processor.py:925} INFO - DAG(s) 'tutorial_taskflow_api' retrieved from /home/komal/data-engineering-projects/airflow-spark-pipeline/airflow_venv/lib/python3.11/site-packages/airflow/example_dags/tutorial_taskflow_api.py
[2026-03-18T07:42:16.094+0000] {logging_mixin.py:190} INFO - [2026-03-18T07:42:16.093+0000] {dag.py:3239} INFO - Sync 1 DAGs
[2026-03-18T07:42:16.109+0000] {logging_mixin.py:190} INFO - [2026-03-18T07:42:16.108+0000] {dag.py:4180} INFO - Setting next_dagrun for tutorial_taskflow_api to None, run_after=None
[2026-03-18T07:42:16.142+0000] {processor.py:208} INFO - Processing /home/komal/data-engineering-projects/airflow-spark-pipeline/airflow_venv/lib/python3.11/site-packages/airflow/example_dags/tutorial_taskflow_api.py took 0.131 seconds
[2026-03-18T07:43:28.201+0000] {processor.py:186} INFO - Started process (PID=33908) to work on /home/komal/data-engineering-projects/airflow-spark-pipeline/airflow_venv/lib/python3.11/site-packages/airflow/example_dags/tutorial_taskflow_api.py
[2026-03-18T07:43:28.233+0000] {processor.py:914} INFO - Processing file /home/komal/data-engineering-projects/airflow-spark-pipeline/airflow_venv/lib/python3.11/site-packages/airflow/example_dags/tutorial_taskflow_api.py for tasks to queue
[2026-03-18T07:43:28.235+0000] {logging_mixin.py:190} INFO - [2026-03-18T07:43:28.235+0000] {dagbag.py:588} INFO - Filling up the DagBag from /home/komal/data-engineering-projects/airflow-spark-pipeline/airflow_venv/lib/python3.11/site-packages/airflow/example_dags/tutorial_taskflow_api.py
[2026-03-18T07:43:28.245+0000] {processor.py:925} INFO - DAG(s) 'tutorial_taskflow_api' retrieved from /home/komal/data-engineering-projects/airflow-spark-pipeline/airflow_venv/lib/python3.11/site-packages/airflow/example_dags/tutorial_taskflow_api.py
[2026-03-18T07:43:28.264+0000] {logging_mixin.py:190} INFO - [2026-03-18T07:43:28.264+0000] {dag.py:3239} INFO - Sync 1 DAGs
[2026-03-18T07:43:28.284+0000] {logging_mixin.py:190} INFO - [2026-03-18T07:43:28.284+0000] {dag.py:4180} INFO - Setting next_dagrun for tutorial_taskflow_api to None, run_after=None
[2026-03-18T07:43:28.317+0000] {processor.py:208} INFO - Processing /home/komal/data-engineering-projects/airflow-spark-pipeline/airflow_venv/lib/python3.11/site-packages/airflow/example_dags/tutorial_taskflow_api.py took 0.129 seconds
[2026-03-18T07:44:34.898+0000] {processor.py:186} INFO - Started process (PID=33975) to work on /home/komal/data-engineering-projects/airflow-spark-pipeline/airflow_venv/lib/python3.11/site-packages/airflow/example_dags/tutorial_taskflow_api.py
[2026-03-18T07:44:34.900+0000] {processor.py:914} INFO - Processing file /home/komal/data-engineering-projects/airflow-spark-pipeline/airflow_venv/lib/python3.11/site-packages/airflow/example_dags/tutorial_taskflow_api.py for tasks to queue
[2026-03-18T07:44:34.903+0000] {logging_mixin.py:190} INFO - [2026-03-18T07:44:34.902+0000] {dagbag.py:588} INFO - Filling up the DagBag from /home/komal/data-engineering-projects/airflow-spark-pipeline/airflow_venv/lib/python3.11/site-packages/airflow/example_dags/tutorial_taskflow_api.py
[2026-03-18T07:44:34.915+0000] {processor.py:925} INFO - DAG(s) 'tutorial_taskflow_api' retrieved from /home/komal/data-engineering-projects/airflow-spark-pipeline/airflow_venv/lib/python3.11/site-packages/airflow/example_dags/tutorial_taskflow_api.py
[2026-03-18T07:44:34.938+0000] {logging_mixin.py:190} INFO - [2026-03-18T07:44:34.938+0000] {dag.py:3239} INFO - Sync 1 DAGs
[2026-03-18T07:44:34.955+0000] {logging_mixin.py:190} INFO - [2026-03-18T07:44:34.954+0000] {dag.py:4180} INFO - Setting next_dagrun for tutorial_taskflow_api to None, run_after=None
[2026-03-18T07:44:34.985+0000] {processor.py:208} INFO - Processing /home/komal/data-engineering-projects/airflow-spark-pipeline/airflow_venv/lib/python3.11/site-packages/airflow/example_dags/tutorial_taskflow_api.py took 0.094 seconds
[2026-03-18T07:45:44.416+0000] {processor.py:186} INFO - Started process (PID=34047) to work on /home/komal/data-engineering-projects/airflow-spark-pipeline/airflow_venv/lib/python3.11/site-packages/airflow/example_dags/tutorial_taskflow_api.py
[2026-03-18T07:45:44.449+0000] {processor.py:914} INFO - Processing file /home/komal/data-engineering-projects/airflow-spark-pipeline/airflow_venv/lib/python3.11/site-packages/airflow/example_dags/tutorial_taskflow_api.py for tasks to queue
[2026-03-18T07:45:44.455+0000] {logging_mixin.py:190} INFO - [2026-03-18T07:45:44.454+0000] {dagbag.py:588} INFO - Filling up the DagBag from /home/komal/data-engineering-projects/airflow-spark-pipeline/airflow_venv/lib/python3.11/site-packages/airflow/example_dags/tutorial_taskflow_api.py
[2026-03-18T07:45:44.469+0000] {processor.py:925} INFO - DAG(s) 'tutorial_taskflow_api' retrieved from /home/komal/data-engineering-projects/airflow-spark-pipeline/airflow_venv/lib/python3.11/site-packages/airflow/example_dags/tutorial_taskflow_api.py
[2026-03-18T07:45:44.488+0000] {logging_mixin.py:190} INFO - [2026-03-18T07:45:44.487+0000] {dag.py:3239} INFO - Sync 1 DAGs
[2026-03-18T07:45:44.503+0000] {logging_mixin.py:190} INFO - [2026-03-18T07:45:44.503+0000] {dag.py:4180} INFO - Setting next_dagrun for tutorial_taskflow_api to None, run_after=None
[2026-03-18T07:45:44.531+0000] {processor.py:208} INFO - Processing /home/komal/data-engineering-projects/airflow-spark-pipeline/airflow_venv/lib/python3.11/site-packages/airflow/example_dags/tutorial_taskflow_api.py took 0.124 seconds
[2026-03-18T07:47:00.486+0000] {processor.py:186} INFO - Started process (PID=34114) to work on /home/komal/data-engineering-projects/airflow-spark-pipeline/airflow_venv/lib/python3.11/site-packages/airflow/example_dags/tutorial_taskflow_api.py
[2026-03-18T07:47:00.491+0000] {processor.py:914} INFO - Processing file /home/komal/data-engineering-projects/airflow-spark-pipeline/airflow_venv/lib/python3.11/site-packages/airflow/example_dags/tutorial_taskflow_api.py for tasks to queue
[2026-03-18T07:47:00.495+0000] {logging_mixin.py:190} INFO - [2026-03-18T07:47:00.494+0000] {dagbag.py:588} INFO - Filling up the DagBag from /home/komal/data-engineering-projects/airflow-spark-pipeline/airflow_venv/lib/python3.11/site-packages/airflow/example_dags/tutorial_taskflow_api.py
[2026-03-18T07:47:00.504+0000] {processor.py:925} INFO - DAG(s) 'tutorial_taskflow_api' retrieved from /home/komal/data-engineering-projects/airflow-spark-pipeline/airflow_venv/lib/python3.11/site-packages/airflow/example_dags/tutorial_taskflow_api.py
[2026-03-18T07:47:00.525+0000] {logging_mixin.py:190} INFO - [2026-03-18T07:47:00.524+0000] {dag.py:3239} INFO - Sync 1 DAGs
[2026-03-18T07:47:00.544+0000] {logging_mixin.py:190} INFO - [2026-03-18T07:47:00.544+0000] {dag.py:4180} INFO - Setting next_dagrun for tutorial_taskflow_api to None, run_after=None
[2026-03-18T07:47:00.720+0000] {processor.py:208} INFO - Processing /home/komal/data-engineering-projects/airflow-spark-pipeline/airflow_venv/lib/python3.11/site-packages/airflow/example_dags/tutorial_taskflow_api.py took 0.244 seconds
[2026-03-18T07:49:09.318+0000] {processor.py:186} INFO - Started process (PID=34157) to work on /home/komal/data-engineering-projects/airflow-spark-pipeline/airflow_venv/lib/python3.11/site-packages/airflow/example_dags/tutorial_taskflow_api.py
[2026-03-18T07:49:09.351+0000] {processor.py:914} INFO - Processing file /home/komal/data-engineering-projects/airflow-spark-pipeline/airflow_venv/lib/python3.11/site-packages/airflow/example_dags/tutorial_taskflow_api.py for tasks to queue
[2026-03-18T07:49:09.356+0000] {logging_mixin.py:190} INFO - [2026-03-18T07:49:09.355+0000] {dagbag.py:588} INFO - Filling up the DagBag from /home/komal/data-engineering-projects/airflow-spark-pipeline/airflow_venv/lib/python3.11/site-packages/airflow/example_dags/tutorial_taskflow_api.py
[2026-03-18T07:49:09.374+0000] {processor.py:925} INFO - DAG(s) 'tutorial_taskflow_api' retrieved from /home/komal/data-engineering-projects/airflow-spark-pipeline/airflow_venv/lib/python3.11/site-packages/airflow/example_dags/tutorial_taskflow_api.py
[2026-03-18T07:49:09.564+0000] {logging_mixin.py:190} INFO - [2026-03-18T07:49:09.564+0000] {dag.py:3239} INFO - Sync 1 DAGs
[2026-03-18T07:49:09.577+0000] {logging_mixin.py:190} INFO - [2026-03-18T07:49:09.577+0000] {dag.py:4180} INFO - Setting next_dagrun for tutorial_taskflow_api to None, run_after=None
[2026-03-18T07:49:09.640+0000] {processor.py:208} INFO - Processing /home/komal/data-engineering-projects/airflow-spark-pipeline/airflow_venv/lib/python3.11/site-packages/airflow/example_dags/tutorial_taskflow_api.py took 0.333 seconds
[2026-03-18T07:50:13.702+0000] {processor.py:186} INFO - Started process (PID=34217) to work on /home/komal/data-engineering-projects/airflow-spark-pipeline/airflow_venv/lib/python3.11/site-packages/airflow/example_dags/tutorial_taskflow_api.py
[2026-03-18T07:50:13.704+0000] {processor.py:914} INFO - Processing file /home/komal/data-engineering-projects/airflow-spark-pipeline/airflow_venv/lib/python3.11/site-packages/airflow/example_dags/tutorial_taskflow_api.py for tasks to queue
[2026-03-18T07:50:13.708+0000] {logging_mixin.py:190} INFO - [2026-03-18T07:50:13.707+0000] {dagbag.py:588} INFO - Filling up the DagBag from /home/komal/data-engineering-projects/airflow-spark-pipeline/airflow_venv/lib/python3.11/site-packages/airflow/example_dags/tutorial_taskflow_api.py
[2026-03-18T07:50:13.718+0000] {processor.py:925} INFO - DAG(s) 'tutorial_taskflow_api' retrieved from /home/komal/data-engineering-projects/airflow-spark-pipeline/airflow_venv/lib/python3.11/site-packages/airflow/example_dags/tutorial_taskflow_api.py
[2026-03-18T07:50:13.741+0000] {logging_mixin.py:190} INFO - [2026-03-18T07:50:13.740+0000] {dag.py:3239} INFO - Sync 1 DAGs
[2026-03-18T07:50:13.762+0000] {logging_mixin.py:190} INFO - [2026-03-18T07:50:13.761+0000] {dag.py:4180} INFO - Setting next_dagrun for tutorial_taskflow_api to None, run_after=None
[2026-03-18T07:50:13.797+0000] {processor.py:208} INFO - Processing /home/komal/data-engineering-projects/airflow-spark-pipeline/airflow_venv/lib/python3.11/site-packages/airflow/example_dags/tutorial_taskflow_api.py took 0.103 seconds
[2026-03-18T07:51:24.457+0000] {processor.py:186} INFO - Started process (PID=34308) to work on /home/komal/data-engineering-projects/airflow-spark-pipeline/airflow_venv/lib/python3.11/site-packages/airflow/example_dags/tutorial_taskflow_api.py
[2026-03-18T07:51:24.489+0000] {processor.py:914} INFO - Processing file /home/komal/data-engineering-projects/airflow-spark-pipeline/airflow_venv/lib/python3.11/site-packages/airflow/example_dags/tutorial_taskflow_api.py for tasks to queue
[2026-03-18T07:51:24.493+0000] {logging_mixin.py:190} INFO - [2026-03-18T07:51:24.492+0000] {dagbag.py:588} INFO - Filling up the DagBag from /home/komal/data-engineering-projects/airflow-spark-pipeline/airflow_venv/lib/python3.11/site-packages/airflow/example_dags/tutorial_taskflow_api.py
[2026-03-18T07:51:24.506+0000] {processor.py:925} INFO - DAG(s) 'tutorial_taskflow_api' retrieved from /home/komal/data-engineering-projects/airflow-spark-pipeline/airflow_venv/lib/python3.11/site-packages/airflow/example_dags/tutorial_taskflow_api.py
[2026-03-18T07:51:24.525+0000] {logging_mixin.py:190} INFO - [2026-03-18T07:51:24.525+0000] {dag.py:3239} INFO - Sync 1 DAGs
[2026-03-18T07:51:24.538+0000] {logging_mixin.py:190} INFO - [2026-03-18T07:51:24.538+0000] {dag.py:4180} INFO - Setting next_dagrun for tutorial_taskflow_api to None, run_after=None
[2026-03-18T07:51:24.567+0000] {processor.py:208} INFO - Processing /home/komal/data-engineering-projects/airflow-spark-pipeline/airflow_venv/lib/python3.11/site-packages/airflow/example_dags/tutorial_taskflow_api.py took 0.117 seconds
[2026-03-18T07:52:38.668+0000] {processor.py:186} INFO - Started process (PID=34375) to work on /home/komal/data-engineering-projects/airflow-spark-pipeline/airflow_venv/lib/python3.11/site-packages/airflow/example_dags/tutorial_taskflow_api.py
[2026-03-18T07:52:38.700+0000] {processor.py:914} INFO - Processing file /home/komal/data-engineering-projects/airflow-spark-pipeline/airflow_venv/lib/python3.11/site-packages/airflow/example_dags/tutorial_taskflow_api.py for tasks to queue
[2026-03-18T07:52:38.706+0000] {logging_mixin.py:190} INFO - [2026-03-18T07:52:38.706+0000] {dagbag.py:588} INFO - Filling up the DagBag from /home/komal/data-engineering-projects/airflow-spark-pipeline/airflow_venv/lib/python3.11/site-packages/airflow/example_dags/tutorial_taskflow_api.py
[2026-03-18T07:52:38.722+0000] {processor.py:925} INFO - DAG(s) 'tutorial_taskflow_api' retrieved from /home/komal/data-engineering-projects/airflow-spark-pipeline/airflow_venv/lib/python3.11/site-packages/airflow/example_dags/tutorial_taskflow_api.py
[2026-03-18T07:52:38.740+0000] {logging_mixin.py:190} INFO - [2026-03-18T07:52:38.740+0000] {dag.py:3239} INFO - Sync 1 DAGs
[2026-03-18T07:52:38.755+0000] {logging_mixin.py:190} INFO - [2026-03-18T07:52:38.755+0000] {dag.py:4180} INFO - Setting next_dagrun for tutorial_taskflow_api to None, run_after=None
[2026-03-18T07:52:38.790+0000] {processor.py:208} INFO - Processing /home/komal/data-engineering-projects/airflow-spark-pipeline/airflow_venv/lib/python3.11/site-packages/airflow/example_dags/tutorial_taskflow_api.py took 0.135 seconds
[2026-03-18T07:53:21.692+0000] {processor.py:186} INFO - Started process (PID=34415) to work on /home/komal/data-engineering-projects/airflow-spark-pipeline/airflow_venv/lib/python3.11/site-packages/airflow/example_dags/tutorial_taskflow_api.py
[2026-03-18T07:53:21.696+0000] {processor.py:914} INFO - Processing file /home/komal/data-engineering-projects/airflow-spark-pipeline/airflow_venv/lib/python3.11/site-packages/airflow/example_dags/tutorial_taskflow_api.py for tasks to queue
[2026-03-18T07:53:21.699+0000] {logging_mixin.py:190} INFO - [2026-03-18T07:53:21.698+0000] {dagbag.py:588} INFO - Filling up the DagBag from /home/komal/data-engineering-projects/airflow-spark-pipeline/airflow_venv/lib/python3.11/site-packages/airflow/example_dags/tutorial_taskflow_api.py
[2026-03-18T07:53:21.715+0000] {processor.py:925} INFO - DAG(s) 'tutorial_taskflow_api' retrieved from /home/komal/data-engineering-projects/airflow-spark-pipeline/airflow_venv/lib/python3.11/site-packages/airflow/example_dags/tutorial_taskflow_api.py
[2026-03-18T07:53:21.738+0000] {logging_mixin.py:190} INFO - [2026-03-18T07:53:21.737+0000] {dag.py:3239} INFO - Sync 1 DAGs
[2026-03-18T07:53:21.756+0000] {logging_mixin.py:190} INFO - [2026-03-18T07:53:21.756+0000] {dag.py:4180} INFO - Setting next_dagrun for tutorial_taskflow_api to None, run_after=None
[2026-03-18T07:53:21.796+0000] {processor.py:208} INFO - Processing /home/komal/data-engineering-projects/airflow-spark-pipeline/airflow_venv/lib/python3.11/site-packages/airflow/example_dags/tutorial_taskflow_api.py took 0.115 seconds
[2026-03-18T07:54:04.764+0000] {processor.py:186} INFO - Started process (PID=34457) to work on /home/komal/data-engineering-projects/airflow-spark-pipeline/airflow_venv/lib/python3.11/site-packages/airflow/example_dags/tutorial_taskflow_api.py
[2026-03-18T07:54:04.797+0000] {processor.py:914} INFO - Processing file /home/komal/data-engineering-projects/airflow-spark-pipeline/airflow_venv/lib/python3.11/site-packages/airflow/example_dags/tutorial_taskflow_api.py for tasks to queue
[2026-03-18T07:54:04.803+0000] {logging_mixin.py:190} INFO - [2026-03-18T07:54:04.802+0000] {dagbag.py:588} INFO - Filling up the DagBag from /home/komal/data-engineering-projects/airflow-spark-pipeline/airflow_venv/lib/python3.11/site-packages/airflow/example_dags/tutorial_taskflow_api.py
[2026-03-18T07:54:04.816+0000] {processor.py:925} INFO - DAG(s) 'tutorial_taskflow_api' retrieved from /home/komal/data-engineering-projects/airflow-spark-pipeline/airflow_venv/lib/python3.11/site-packages/airflow/example_dags/tutorial_taskflow_api.py
[2026-03-18T07:54:04.835+0000] {logging_mixin.py:190} INFO - [2026-03-18T07:54:04.834+0000] {dag.py:3239} INFO - Sync 1 DAGs
[2026-03-18T07:54:04.849+0000] {logging_mixin.py:190} INFO - [2026-03-18T07:54:04.849+0000] {dag.py:4180} INFO - Setting next_dagrun for tutorial_taskflow_api to None, run_after=None
[2026-03-18T07:54:04.890+0000] {processor.py:208} INFO - Processing /home/komal/data-engineering-projects/airflow-spark-pipeline/airflow_venv/lib/python3.11/site-packages/airflow/example_dags/tutorial_taskflow_api.py took 0.135 seconds
[2026-03-18T07:54:55.035+0000] {processor.py:186} INFO - Started process (PID=34502) to work on /home/komal/data-engineering-projects/airflow-spark-pipeline/airflow_venv/lib/python3.11/site-packages/airflow/example_dags/tutorial_taskflow_api.py
[2026-03-18T07:54:55.039+0000] {processor.py:914} INFO - Processing file /home/komal/data-engineering-projects/airflow-spark-pipeline/airflow_venv/lib/python3.11/site-packages/airflow/example_dags/tutorial_taskflow_api.py for tasks to queue
[2026-03-18T07:54:55.041+0000] {logging_mixin.py:190} INFO - [2026-03-18T07:54:55.041+0000] {dagbag.py:588} INFO - Filling up the DagBag from /home/komal/data-engineering-projects/airflow-spark-pipeline/airflow_venv/lib/python3.11/site-packages/airflow/example_dags/tutorial_taskflow_api.py
[2026-03-18T07:54:55.055+0000] {processor.py:925} INFO - DAG(s) 'tutorial_taskflow_api' retrieved from /home/komal/data-engineering-projects/airflow-spark-pipeline/airflow_venv/lib/python3.11/site-packages/airflow/example_dags/tutorial_taskflow_api.py
[2026-03-18T07:54:55.078+0000] {logging_mixin.py:190} INFO - [2026-03-18T07:54:55.078+0000] {dag.py:3239} INFO - Sync 1 DAGs
[2026-03-18T07:54:55.094+0000] {logging_mixin.py:190} INFO - [2026-03-18T07:54:55.094+0000] {dag.py:4180} INFO - Setting next_dagrun for tutorial_taskflow_api to None, run_after=None
[2026-03-18T07:54:55.138+0000] {processor.py:208} INFO - Processing /home/komal/data-engineering-projects/airflow-spark-pipeline/airflow_venv/lib/python3.11/site-packages/airflow/example_dags/tutorial_taskflow_api.py took 0.114 seconds
[2026-03-18T07:56:07.700+0000] {processor.py:186} INFO - Started process (PID=34872) to work on /home/komal/data-engineering-projects/airflow-spark-pipeline/airflow_venv/lib/python3.11/site-packages/airflow/example_dags/tutorial_taskflow_api.py
[2026-03-18T07:56:07.733+0000] {processor.py:914} INFO - Processing file /home/komal/data-engineering-projects/airflow-spark-pipeline/airflow_venv/lib/python3.11/site-packages/airflow/example_dags/tutorial_taskflow_api.py for tasks to queue
[2026-03-18T07:56:07.738+0000] {logging_mixin.py:190} INFO - [2026-03-18T07:56:07.737+0000] {dagbag.py:588} INFO - Filling up the DagBag from /home/komal/data-engineering-projects/airflow-spark-pipeline/airflow_venv/lib/python3.11/site-packages/airflow/example_dags/tutorial_taskflow_api.py
[2026-03-18T07:56:07.755+0000] {processor.py:925} INFO - DAG(s) 'tutorial_taskflow_api' retrieved from /home/komal/data-engineering-projects/airflow-spark-pipeline/airflow_venv/lib/python3.11/site-packages/airflow/example_dags/tutorial_taskflow_api.py
[2026-03-18T07:56:07.780+0000] {logging_mixin.py:190} INFO - [2026-03-18T07:56:07.779+0000] {dag.py:3239} INFO - Sync 1 DAGs
[2026-03-18T07:56:07.796+0000] {logging_mixin.py:190} INFO - [2026-03-18T07:56:07.796+0000] {dag.py:4180} INFO - Setting next_dagrun for tutorial_taskflow_api to None, run_after=None
[2026-03-18T07:56:07.832+0000] {processor.py:208} INFO - Processing /home/komal/data-engineering-projects/airflow-spark-pipeline/airflow_venv/lib/python3.11/site-packages/airflow/example_dags/tutorial_taskflow_api.py took 0.143 seconds
[2026-03-18T08:05:01.000+0000] {processor.py:186} INFO - Started process (PID=34946) to work on /home/komal/data-engineering-projects/airflow-spark-pipeline/airflow_venv/lib/python3.11/site-packages/airflow/example_dags/tutorial_taskflow_api.py
[2026-03-18T08:05:01.007+0000] {processor.py:914} INFO - Processing file /home/komal/data-engineering-projects/airflow-spark-pipeline/airflow_venv/lib/python3.11/site-packages/airflow/example_dags/tutorial_taskflow_api.py for tasks to queue
[2026-03-18T08:05:01.010+0000] {logging_mixin.py:190} INFO - [2026-03-18T08:05:01.009+0000] {dagbag.py:588} INFO - Filling up the DagBag from /home/komal/data-engineering-projects/airflow-spark-pipeline/airflow_venv/lib/python3.11/site-packages/airflow/example_dags/tutorial_taskflow_api.py
[2026-03-18T08:05:01.020+0000] {processor.py:925} INFO - DAG(s) 'tutorial_taskflow_api' retrieved from /home/komal/data-engineering-projects/airflow-spark-pipeline/airflow_venv/lib/python3.11/site-packages/airflow/example_dags/tutorial_taskflow_api.py
[2026-03-18T08:05:01.040+0000] {logging_mixin.py:190} INFO - [2026-03-18T08:05:01.039+0000] {dag.py:3239} INFO - Sync 1 DAGs
[2026-03-18T08:05:01.054+0000] {logging_mixin.py:190} INFO - [2026-03-18T08:05:01.053+0000] {dag.py:4180} INFO - Setting next_dagrun for tutorial_taskflow_api to None, run_after=None
[2026-03-18T08:05:01.094+0000] {processor.py:208} INFO - Processing /home/komal/data-engineering-projects/airflow-spark-pipeline/airflow_venv/lib/python3.11/site-packages/airflow/example_dags/tutorial_taskflow_api.py took 0.108 seconds
[2026-03-18T08:05:47.731+0000] {processor.py:186} INFO - Started process (PID=34992) to work on /home/komal/data-engineering-projects/airflow-spark-pipeline/airflow_venv/lib/python3.11/site-packages/airflow/example_dags/tutorial_taskflow_api.py
[2026-03-18T08:05:47.766+0000] {processor.py:914} INFO - Processing file /home/komal/data-engineering-projects/airflow-spark-pipeline/airflow_venv/lib/python3.11/site-packages/airflow/example_dags/tutorial_taskflow_api.py for tasks to queue
[2026-03-18T08:05:47.770+0000] {logging_mixin.py:190} INFO - [2026-03-18T08:05:47.770+0000] {dagbag.py:588} INFO - Filling up the DagBag from /home/komal/data-engineering-projects/airflow-spark-pipeline/airflow_venv/lib/python3.11/site-packages/airflow/example_dags/tutorial_taskflow_api.py
[2026-03-18T08:05:47.782+0000] {processor.py:925} INFO - DAG(s) 'tutorial_taskflow_api' retrieved from /home/komal/data-engineering-projects/airflow-spark-pipeline/airflow_venv/lib/python3.11/site-packages/airflow/example_dags/tutorial_taskflow_api.py
[2026-03-18T08:05:47.800+0000] {logging_mixin.py:190} INFO - [2026-03-18T08:05:47.800+0000] {dag.py:3239} INFO - Sync 1 DAGs
[2026-03-18T08:05:47.816+0000] {logging_mixin.py:190} INFO - [2026-03-18T08:05:47.816+0000] {dag.py:4180} INFO - Setting next_dagrun for tutorial_taskflow_api to None, run_after=None
[2026-03-18T08:05:47.851+0000] {processor.py:208} INFO - Processing /home/komal/data-engineering-projects/airflow-spark-pipeline/airflow_venv/lib/python3.11/site-packages/airflow/example_dags/tutorial_taskflow_api.py took 0.128 seconds
[2026-03-18T08:06:58.071+0000] {processor.py:186} INFO - Started process (PID=35057) to work on /home/komal/data-engineering-projects/airflow-spark-pipeline/airflow_venv/lib/python3.11/site-packages/airflow/example_dags/tutorial_taskflow_api.py
[2026-03-18T08:06:58.103+0000] {processor.py:914} INFO - Processing file /home/komal/data-engineering-projects/airflow-spark-pipeline/airflow_venv/lib/python3.11/site-packages/airflow/example_dags/tutorial_taskflow_api.py for tasks to queue
[2026-03-18T08:06:58.106+0000] {logging_mixin.py:190} INFO - [2026-03-18T08:06:58.106+0000] {dagbag.py:588} INFO - Filling up the DagBag from /home/komal/data-engineering-projects/airflow-spark-pipeline/airflow_venv/lib/python3.11/site-packages/airflow/example_dags/tutorial_taskflow_api.py
[2026-03-18T08:06:58.117+0000] {processor.py:925} INFO - DAG(s) 'tutorial_taskflow_api' retrieved from /home/komal/data-engineering-projects/airflow-spark-pipeline/airflow_venv/lib/python3.11/site-packages/airflow/example_dags/tutorial_taskflow_api.py
[2026-03-18T08:06:58.135+0000] {logging_mixin.py:190} INFO - [2026-03-18T08:06:58.135+0000] {dag.py:3239} INFO - Sync 1 DAGs
[2026-03-18T08:06:58.148+0000] {logging_mixin.py:190} INFO - [2026-03-18T08:06:58.148+0000] {dag.py:4180} INFO - Setting next_dagrun for tutorial_taskflow_api to None, run_after=None
[2026-03-18T08:06:58.182+0000] {processor.py:208} INFO - Processing /home/komal/data-engineering-projects/airflow-spark-pipeline/airflow_venv/lib/python3.11/site-packages/airflow/example_dags/tutorial_taskflow_api.py took 0.120 seconds
[2026-03-18T08:08:14.067+0000] {processor.py:186} INFO - Started process (PID=35124) to work on /home/komal/data-engineering-projects/airflow-spark-pipeline/airflow_venv/lib/python3.11/site-packages/airflow/example_dags/tutorial_taskflow_api.py
[2026-03-18T08:08:14.101+0000] {processor.py:914} INFO - Processing file /home/komal/data-engineering-projects/airflow-spark-pipeline/airflow_venv/lib/python3.11/site-packages/airflow/example_dags/tutorial_taskflow_api.py for tasks to queue
[2026-03-18T08:08:14.105+0000] {logging_mixin.py:190} INFO - [2026-03-18T08:08:14.104+0000] {dagbag.py:588} INFO - Filling up the DagBag from /home/komal/data-engineering-projects/airflow-spark-pipeline/airflow_venv/lib/python3.11/site-packages/airflow/example_dags/tutorial_taskflow_api.py
[2026-03-18T08:08:14.120+0000] {processor.py:925} INFO - DAG(s) 'tutorial_taskflow_api' retrieved from /home/komal/data-engineering-projects/airflow-spark-pipeline/airflow_venv/lib/python3.11/site-packages/airflow/example_dags/tutorial_taskflow_api.py
[2026-03-18T08:08:14.138+0000] {logging_mixin.py:190} INFO - [2026-03-18T08:08:14.138+0000] {dag.py:3239} INFO - Sync 1 DAGs
[2026-03-18T08:08:14.155+0000] {logging_mixin.py:190} INFO - [2026-03-18T08:08:14.155+0000] {dag.py:4180} INFO - Setting next_dagrun for tutorial_taskflow_api to None, run_after=None
[2026-03-18T08:08:14.213+0000] {processor.py:208} INFO - Processing /home/komal/data-engineering-projects/airflow-spark-pipeline/airflow_venv/lib/python3.11/site-packages/airflow/example_dags/tutorial_taskflow_api.py took 0.154 seconds
[2026-03-18T08:09:26.112+0000] {processor.py:186} INFO - Started process (PID=35192) to work on /home/komal/data-engineering-projects/airflow-spark-pipeline/airflow_venv/lib/python3.11/site-packages/airflow/example_dags/tutorial_taskflow_api.py
[2026-03-18T08:09:26.147+0000] {processor.py:914} INFO - Processing file /home/komal/data-engineering-projects/airflow-spark-pipeline/airflow_venv/lib/python3.11/site-packages/airflow/example_dags/tutorial_taskflow_api.py for tasks to queue
[2026-03-18T08:09:26.153+0000] {logging_mixin.py:190} INFO - [2026-03-18T08:09:26.152+0000] {dagbag.py:588} INFO - Filling up the DagBag from /home/komal/data-engineering-projects/airflow-spark-pipeline/airflow_venv/lib/python3.11/site-packages/airflow/example_dags/tutorial_taskflow_api.py
[2026-03-18T08:09:26.167+0000] {processor.py:925} INFO - DAG(s) 'tutorial_taskflow_api' retrieved from /home/komal/data-engineering-projects/airflow-spark-pipeline/airflow_venv/lib/python3.11/site-packages/airflow/example_dags/tutorial_taskflow_api.py
[2026-03-18T08:09:26.188+0000] {logging_mixin.py:190} INFO - [2026-03-18T08:09:26.188+0000] {dag.py:3239} INFO - Sync 1 DAGs
[2026-03-18T08:09:26.205+0000] {logging_mixin.py:190} INFO - [2026-03-18T08:09:26.204+0000] {dag.py:4180} INFO - Setting next_dagrun for tutorial_taskflow_api to None, run_after=None
[2026-03-18T08:09:26.232+0000] {processor.py:208} INFO - Processing /home/komal/data-engineering-projects/airflow-spark-pipeline/airflow_venv/lib/python3.11/site-packages/airflow/example_dags/tutorial_taskflow_api.py took 0.130 seconds
[2026-03-18T08:10:39.247+0000] {processor.py:186} INFO - Started process (PID=35262) to work on /home/komal/data-engineering-projects/airflow-spark-pipeline/airflow_venv/lib/python3.11/site-packages/airflow/example_dags/tutorial_taskflow_api.py
[2026-03-18T08:10:39.279+0000] {processor.py:914} INFO - Processing file /home/komal/data-engineering-projects/airflow-spark-pipeline/airflow_venv/lib/python3.11/site-packages/airflow/example_dags/tutorial_taskflow_api.py for tasks to queue
[2026-03-18T08:10:39.285+0000] {logging_mixin.py:190} INFO - [2026-03-18T08:10:39.284+0000] {dagbag.py:588} INFO - Filling up the DagBag from /home/komal/data-engineering-projects/airflow-spark-pipeline/airflow_venv/lib/python3.11/site-packages/airflow/example_dags/tutorial_taskflow_api.py
[2026-03-18T08:10:39.299+0000] {processor.py:925} INFO - DAG(s) 'tutorial_taskflow_api' retrieved from /home/komal/data-engineering-projects/airflow-spark-pipeline/airflow_venv/lib/python3.11/site-packages/airflow/example_dags/tutorial_taskflow_api.py
[2026-03-18T08:10:39.325+0000] {logging_mixin.py:190} INFO - [2026-03-18T08:10:39.325+0000] {dag.py:3239} INFO - Sync 1 DAGs
[2026-03-18T08:10:39.343+0000] {logging_mixin.py:190} INFO - [2026-03-18T08:10:39.343+0000] {dag.py:4180} INFO - Setting next_dagrun for tutorial_taskflow_api to None, run_after=None
[2026-03-18T08:10:39.375+0000] {processor.py:208} INFO - Processing /home/komal/data-engineering-projects/airflow-spark-pipeline/airflow_venv/lib/python3.11/site-packages/airflow/example_dags/tutorial_taskflow_api.py took 0.135 seconds
[2026-03-18T08:11:53.486+0000] {processor.py:186} INFO - Started process (PID=35334) to work on /home/komal/data-engineering-projects/airflow-spark-pipeline/airflow_venv/lib/python3.11/site-packages/airflow/example_dags/tutorial_taskflow_api.py
[2026-03-18T08:11:53.496+0000] {processor.py:914} INFO - Processing file /home/komal/data-engineering-projects/airflow-spark-pipeline/airflow_venv/lib/python3.11/site-packages/airflow/example_dags/tutorial_taskflow_api.py for tasks to queue
[2026-03-18T08:11:53.504+0000] {logging_mixin.py:190} INFO - [2026-03-18T08:11:53.503+0000] {dagbag.py:588} INFO - Filling up the DagBag from /home/komal/data-engineering-projects/airflow-spark-pipeline/airflow_venv/lib/python3.11/site-packages/airflow/example_dags/tutorial_taskflow_api.py
[2026-03-18T08:11:53.524+0000] {processor.py:925} INFO - DAG(s) 'tutorial_taskflow_api' retrieved from /home/komal/data-engineering-projects/airflow-spark-pipeline/airflow_venv/lib/python3.11/site-packages/airflow/example_dags/tutorial_taskflow_api.py
[2026-03-18T08:11:53.547+0000] {logging_mixin.py:190} INFO - [2026-03-18T08:11:53.547+0000] {dag.py:3239} INFO - Sync 1 DAGs
[2026-03-18T08:11:53.568+0000] {logging_mixin.py:190} INFO - [2026-03-18T08:11:53.567+0000] {dag.py:4180} INFO - Setting next_dagrun for tutorial_taskflow_api to None, run_after=None
[2026-03-18T08:11:53.626+0000] {processor.py:208} INFO - Processing /home/komal/data-engineering-projects/airflow-spark-pipeline/airflow_venv/lib/python3.11/site-packages/airflow/example_dags/tutorial_taskflow_api.py took 0.151 seconds
[2026-03-18T08:14:13.696+0000] {processor.py:186} INFO - Started process (PID=35488) to work on /home/komal/data-engineering-projects/airflow-spark-pipeline/airflow_venv/lib/python3.11/site-packages/airflow/example_dags/tutorial_taskflow_api.py
[2026-03-18T08:14:13.698+0000] {processor.py:914} INFO - Processing file /home/komal/data-engineering-projects/airflow-spark-pipeline/airflow_venv/lib/python3.11/site-packages/airflow/example_dags/tutorial_taskflow_api.py for tasks to queue
[2026-03-18T08:14:13.701+0000] {logging_mixin.py:190} INFO - [2026-03-18T08:14:13.701+0000] {dagbag.py:588} INFO - Filling up the DagBag from /home/komal/data-engineering-projects/airflow-spark-pipeline/airflow_venv/lib/python3.11/site-packages/airflow/example_dags/tutorial_taskflow_api.py
[2026-03-18T08:14:13.714+0000] {processor.py:925} INFO - DAG(s) 'tutorial_taskflow_api' retrieved from /home/komal/data-engineering-projects/airflow-spark-pipeline/airflow_venv/lib/python3.11/site-packages/airflow/example_dags/tutorial_taskflow_api.py
[2026-03-18T08:14:13.737+0000] {logging_mixin.py:190} INFO - [2026-03-18T08:14:13.737+0000] {dag.py:3239} INFO - Sync 1 DAGs
[2026-03-18T08:14:13.757+0000] {logging_mixin.py:190} INFO - [2026-03-18T08:14:13.757+0000] {dag.py:4180} INFO - Setting next_dagrun for tutorial_taskflow_api to None, run_after=None
[2026-03-18T08:14:13.791+0000] {processor.py:208} INFO - Processing /home/komal/data-engineering-projects/airflow-spark-pipeline/airflow_venv/lib/python3.11/site-packages/airflow/example_dags/tutorial_taskflow_api.py took 0.104 seconds
[2026-03-18T08:15:36.005+0000] {processor.py:186} INFO - Started process (PID=35792) to work on /home/komal/data-engineering-projects/airflow-spark-pipeline/airflow_venv/lib/python3.11/site-packages/airflow/example_dags/tutorial_taskflow_api.py
[2026-03-18T08:15:36.037+0000] {processor.py:914} INFO - Processing file /home/komal/data-engineering-projects/airflow-spark-pipeline/airflow_venv/lib/python3.11/site-packages/airflow/example_dags/tutorial_taskflow_api.py for tasks to queue
[2026-03-18T08:15:36.041+0000] {logging_mixin.py:190} INFO - [2026-03-18T08:15:36.040+0000] {dagbag.py:588} INFO - Filling up the DagBag from /home/komal/data-engineering-projects/airflow-spark-pipeline/airflow_venv/lib/python3.11/site-packages/airflow/example_dags/tutorial_taskflow_api.py
[2026-03-18T08:15:36.053+0000] {processor.py:925} INFO - DAG(s) 'tutorial_taskflow_api' retrieved from /home/komal/data-engineering-projects/airflow-spark-pipeline/airflow_venv/lib/python3.11/site-packages/airflow/example_dags/tutorial_taskflow_api.py
[2026-03-18T08:15:36.072+0000] {logging_mixin.py:190} INFO - [2026-03-18T08:15:36.072+0000] {dag.py:3239} INFO - Sync 1 DAGs
[2026-03-18T08:15:36.086+0000] {logging_mixin.py:190} INFO - [2026-03-18T08:15:36.085+0000] {dag.py:4180} INFO - Setting next_dagrun for tutorial_taskflow_api to None, run_after=None
[2026-03-18T08:15:36.115+0000] {processor.py:208} INFO - Processing /home/komal/data-engineering-projects/airflow-spark-pipeline/airflow_venv/lib/python3.11/site-packages/airflow/example_dags/tutorial_taskflow_api.py took 0.120 seconds
[2026-03-18T08:16:48.737+0000] {processor.py:186} INFO - Started process (PID=35857) to work on /home/komal/data-engineering-projects/airflow-spark-pipeline/airflow_venv/lib/python3.11/site-packages/airflow/example_dags/tutorial_taskflow_api.py
[2026-03-18T08:16:48.767+0000] {processor.py:914} INFO - Processing file /home/komal/data-engineering-projects/airflow-spark-pipeline/airflow_venv/lib/python3.11/site-packages/airflow/example_dags/tutorial_taskflow_api.py for tasks to queue
[2026-03-18T08:16:48.770+0000] {logging_mixin.py:190} INFO - [2026-03-18T08:16:48.770+0000] {dagbag.py:588} INFO - Filling up the DagBag from /home/komal/data-engineering-projects/airflow-spark-pipeline/airflow_venv/lib/python3.11/site-packages/airflow/example_dags/tutorial_taskflow_api.py
[2026-03-18T08:16:48.782+0000] {processor.py:925} INFO - DAG(s) 'tutorial_taskflow_api' retrieved from /home/komal/data-engineering-projects/airflow-spark-pipeline/airflow_venv/lib/python3.11/site-packages/airflow/example_dags/tutorial_taskflow_api.py
[2026-03-18T08:16:48.800+0000] {logging_mixin.py:190} INFO - [2026-03-18T08:16:48.800+0000] {dag.py:3239} INFO - Sync 1 DAGs
[2026-03-18T08:16:48.815+0000] {logging_mixin.py:190} INFO - [2026-03-18T08:16:48.814+0000] {dag.py:4180} INFO - Setting next_dagrun for tutorial_taskflow_api to None, run_after=None
[2026-03-18T08:16:48.875+0000] {processor.py:208} INFO - Processing /home/komal/data-engineering-projects/airflow-spark-pipeline/airflow_venv/lib/python3.11/site-packages/airflow/example_dags/tutorial_taskflow_api.py took 0.146 seconds
[2026-03-18T08:18:03.410+0000] {processor.py:186} INFO - Started process (PID=35929) to work on /home/komal/data-engineering-projects/airflow-spark-pipeline/airflow_venv/lib/python3.11/site-packages/airflow/example_dags/tutorial_taskflow_api.py
[2026-03-18T08:18:03.413+0000] {processor.py:914} INFO - Processing file /home/komal/data-engineering-projects/airflow-spark-pipeline/airflow_venv/lib/python3.11/site-packages/airflow/example_dags/tutorial_taskflow_api.py for tasks to queue
[2026-03-18T08:18:03.417+0000] {logging_mixin.py:190} INFO - [2026-03-18T08:18:03.416+0000] {dagbag.py:588} INFO - Filling up the DagBag from /home/komal/data-engineering-projects/airflow-spark-pipeline/airflow_venv/lib/python3.11/site-packages/airflow/example_dags/tutorial_taskflow_api.py
[2026-03-18T08:18:03.426+0000] {processor.py:925} INFO - DAG(s) 'tutorial_taskflow_api' retrieved from /home/komal/data-engineering-projects/airflow-spark-pipeline/airflow_venv/lib/python3.11/site-packages/airflow/example_dags/tutorial_taskflow_api.py
[2026-03-18T08:18:03.448+0000] {logging_mixin.py:190} INFO - [2026-03-18T08:18:03.448+0000] {dag.py:3239} INFO - Sync 1 DAGs
[2026-03-18T08:18:03.464+0000] {logging_mixin.py:190} INFO - [2026-03-18T08:18:03.463+0000] {dag.py:4180} INFO - Setting next_dagrun for tutorial_taskflow_api to None, run_after=None
[2026-03-18T08:18:03.525+0000] {processor.py:208} INFO - Processing /home/komal/data-engineering-projects/airflow-spark-pipeline/airflow_venv/lib/python3.11/site-packages/airflow/example_dags/tutorial_taskflow_api.py took 0.124 seconds
[2026-03-18T08:19:12.119+0000] {processor.py:186} INFO - Started process (PID=36004) to work on /home/komal/data-engineering-projects/airflow-spark-pipeline/airflow_venv/lib/python3.11/site-packages/airflow/example_dags/tutorial_taskflow_api.py
[2026-03-18T08:19:12.120+0000] {processor.py:914} INFO - Processing file /home/komal/data-engineering-projects/airflow-spark-pipeline/airflow_venv/lib/python3.11/site-packages/airflow/example_dags/tutorial_taskflow_api.py for tasks to queue
[2026-03-18T08:19:12.122+0000] {logging_mixin.py:190} INFO - [2026-03-18T08:19:12.122+0000] {dagbag.py:588} INFO - Filling up the DagBag from /home/komal/data-engineering-projects/airflow-spark-pipeline/airflow_venv/lib/python3.11/site-packages/airflow/example_dags/tutorial_taskflow_api.py
[2026-03-18T08:19:12.128+0000] {processor.py:925} INFO - DAG(s) 'tutorial_taskflow_api' retrieved from /home/komal/data-engineering-projects/airflow-spark-pipeline/airflow_venv/lib/python3.11/site-packages/airflow/example_dags/tutorial_taskflow_api.py
[2026-03-18T08:19:12.139+0000] {logging_mixin.py:190} INFO - [2026-03-18T08:19:12.139+0000] {dag.py:3239} INFO - Sync 1 DAGs
[2026-03-18T08:19:12.146+0000] {logging_mixin.py:190} INFO - [2026-03-18T08:19:12.146+0000] {dag.py:4180} INFO - Setting next_dagrun for tutorial_taskflow_api to None, run_after=None
[2026-03-18T08:19:12.260+0000] {processor.py:208} INFO - Processing /home/komal/data-engineering-projects/airflow-spark-pipeline/airflow_venv/lib/python3.11/site-packages/airflow/example_dags/tutorial_taskflow_api.py took 0.146 seconds
[2026-03-18T08:20:15.467+0000] {processor.py:186} INFO - Started process (PID=36069) to work on /home/komal/data-engineering-projects/airflow-spark-pipeline/airflow_venv/lib/python3.11/site-packages/airflow/example_dags/tutorial_taskflow_api.py
[2026-03-18T08:20:15.470+0000] {processor.py:914} INFO - Processing file /home/komal/data-engineering-projects/airflow-spark-pipeline/airflow_venv/lib/python3.11/site-packages/airflow/example_dags/tutorial_taskflow_api.py for tasks to queue
[2026-03-18T08:20:15.472+0000] {logging_mixin.py:190} INFO - [2026-03-18T08:20:15.472+0000] {dagbag.py:588} INFO - Filling up the DagBag from /home/komal/data-engineering-projects/airflow-spark-pipeline/airflow_venv/lib/python3.11/site-packages/airflow/example_dags/tutorial_taskflow_api.py
[2026-03-18T08:20:15.479+0000] {processor.py:925} INFO - DAG(s) 'tutorial_taskflow_api' retrieved from /home/komal/data-engineering-projects/airflow-spark-pipeline/airflow_venv/lib/python3.11/site-packages/airflow/example_dags/tutorial_taskflow_api.py
[2026-03-18T08:20:15.491+0000] {logging_mixin.py:190} INFO - [2026-03-18T08:20:15.491+0000] {dag.py:3239} INFO - Sync 1 DAGs
[2026-03-18T08:20:15.500+0000] {logging_mixin.py:190} INFO - [2026-03-18T08:20:15.500+0000] {dag.py:4180} INFO - Setting next_dagrun for tutorial_taskflow_api to None, run_after=None
[2026-03-18T08:20:15.522+0000] {processor.py:208} INFO - Processing /home/komal/data-engineering-projects/airflow-spark-pipeline/airflow_venv/lib/python3.11/site-packages/airflow/example_dags/tutorial_taskflow_api.py took 0.060 seconds
[2026-03-18T13:40:53.702+0000] {processor.py:186} INFO - Started process (PID=36114) to work on /home/komal/data-engineering-projects/airflow-spark-pipeline/airflow_venv/lib/python3.11/site-packages/airflow/example_dags/tutorial_taskflow_api.py
[2026-03-18T13:40:53.719+0000] {processor.py:914} INFO - Processing file /home/komal/data-engineering-projects/airflow-spark-pipeline/airflow_venv/lib/python3.11/site-packages/airflow/example_dags/tutorial_taskflow_api.py for tasks to queue
[2026-03-18T13:40:53.721+0000] {logging_mixin.py:190} INFO - [2026-03-18T13:40:53.721+0000] {dagbag.py:588} INFO - Filling up the DagBag from /home/komal/data-engineering-projects/airflow-spark-pipeline/airflow_venv/lib/python3.11/site-packages/airflow/example_dags/tutorial_taskflow_api.py
[2026-03-18T13:40:53.727+0000] {processor.py:925} INFO - DAG(s) 'tutorial_taskflow_api' retrieved from /home/komal/data-engineering-projects/airflow-spark-pipeline/airflow_venv/lib/python3.11/site-packages/airflow/example_dags/tutorial_taskflow_api.py
[2026-03-18T13:40:53.737+0000] {logging_mixin.py:190} INFO - [2026-03-18T13:40:53.737+0000] {dag.py:3239} INFO - Sync 1 DAGs
[2026-03-18T13:40:53.744+0000] {logging_mixin.py:190} INFO - [2026-03-18T13:40:53.744+0000] {dag.py:4180} INFO - Setting next_dagrun for tutorial_taskflow_api to None, run_after=None
[2026-03-18T13:40:53.767+0000] {processor.py:208} INFO - Processing /home/komal/data-engineering-projects/airflow-spark-pipeline/airflow_venv/lib/python3.11/site-packages/airflow/example_dags/tutorial_taskflow_api.py took 0.072 seconds
[2026-03-18T13:41:50.812+0000] {processor.py:186} INFO - Started process (PID=36173) to work on /home/komal/data-engineering-projects/airflow-spark-pipeline/airflow_venv/lib/python3.11/site-packages/airflow/example_dags/tutorial_taskflow_api.py
[2026-03-18T13:41:50.813+0000] {processor.py:914} INFO - Processing file /home/komal/data-engineering-projects/airflow-spark-pipeline/airflow_venv/lib/python3.11/site-packages/airflow/example_dags/tutorial_taskflow_api.py for tasks to queue
[2026-03-18T13:41:50.815+0000] {logging_mixin.py:190} INFO - [2026-03-18T13:41:50.814+0000] {dagbag.py:588} INFO - Filling up the DagBag from /home/komal/data-engineering-projects/airflow-spark-pipeline/airflow_venv/lib/python3.11/site-packages/airflow/example_dags/tutorial_taskflow_api.py
[2026-03-18T13:41:50.824+0000] {processor.py:925} INFO - DAG(s) 'tutorial_taskflow_api' retrieved from /home/komal/data-engineering-projects/airflow-spark-pipeline/airflow_venv/lib/python3.11/site-packages/airflow/example_dags/tutorial_taskflow_api.py
[2026-03-18T13:41:50.842+0000] {logging_mixin.py:190} INFO - [2026-03-18T13:41:50.842+0000] {dag.py:3239} INFO - Sync 1 DAGs
[2026-03-18T13:41:50.853+0000] {logging_mixin.py:190} INFO - [2026-03-18T13:41:50.853+0000] {dag.py:4180} INFO - Setting next_dagrun for tutorial_taskflow_api to None, run_after=None
[2026-03-18T13:41:50.881+0000] {processor.py:208} INFO - Processing /home/komal/data-engineering-projects/airflow-spark-pipeline/airflow_venv/lib/python3.11/site-packages/airflow/example_dags/tutorial_taskflow_api.py took 0.073 seconds
[2026-03-18T13:42:52.831+0000] {processor.py:186} INFO - Started process (PID=36267) to work on /home/komal/data-engineering-projects/airflow-spark-pipeline/airflow_venv/lib/python3.11/site-packages/airflow/example_dags/tutorial_taskflow_api.py
[2026-03-18T13:42:52.833+0000] {processor.py:914} INFO - Processing file /home/komal/data-engineering-projects/airflow-spark-pipeline/airflow_venv/lib/python3.11/site-packages/airflow/example_dags/tutorial_taskflow_api.py for tasks to queue
[2026-03-18T13:42:52.837+0000] {logging_mixin.py:190} INFO - [2026-03-18T13:42:52.836+0000] {dagbag.py:588} INFO - Filling up the DagBag from /home/komal/data-engineering-projects/airflow-spark-pipeline/airflow_venv/lib/python3.11/site-packages/airflow/example_dags/tutorial_taskflow_api.py
[2026-03-18T13:42:52.847+0000] {processor.py:925} INFO - DAG(s) 'tutorial_taskflow_api' retrieved from /home/komal/data-engineering-projects/airflow-spark-pipeline/airflow_venv/lib/python3.11/site-packages/airflow/example_dags/tutorial_taskflow_api.py
[2026-03-18T13:42:52.863+0000] {logging_mixin.py:190} INFO - [2026-03-18T13:42:52.863+0000] {dag.py:3239} INFO - Sync 1 DAGs
[2026-03-18T13:42:52.874+0000] {logging_mixin.py:190} INFO - [2026-03-18T13:42:52.873+0000] {dag.py:4180} INFO - Setting next_dagrun for tutorial_taskflow_api to None, run_after=None
[2026-03-18T13:42:52.898+0000] {processor.py:208} INFO - Processing /home/komal/data-engineering-projects/airflow-spark-pipeline/airflow_venv/lib/python3.11/site-packages/airflow/example_dags/tutorial_taskflow_api.py took 0.072 seconds
[2026-03-18T13:44:01.388+0000] {processor.py:186} INFO - Started process (PID=36333) to work on /home/komal/data-engineering-projects/airflow-spark-pipeline/airflow_venv/lib/python3.11/site-packages/airflow/example_dags/tutorial_taskflow_api.py
[2026-03-18T13:44:01.419+0000] {processor.py:914} INFO - Processing file /home/komal/data-engineering-projects/airflow-spark-pipeline/airflow_venv/lib/python3.11/site-packages/airflow/example_dags/tutorial_taskflow_api.py for tasks to queue
[2026-03-18T13:44:01.422+0000] {logging_mixin.py:190} INFO - [2026-03-18T13:44:01.421+0000] {dagbag.py:588} INFO - Filling up the DagBag from /home/komal/data-engineering-projects/airflow-spark-pipeline/airflow_venv/lib/python3.11/site-packages/airflow/example_dags/tutorial_taskflow_api.py
[2026-03-18T13:44:01.428+0000] {processor.py:925} INFO - DAG(s) 'tutorial_taskflow_api' retrieved from /home/komal/data-engineering-projects/airflow-spark-pipeline/airflow_venv/lib/python3.11/site-packages/airflow/example_dags/tutorial_taskflow_api.py
[2026-03-18T13:44:01.439+0000] {logging_mixin.py:190} INFO - [2026-03-18T13:44:01.439+0000] {dag.py:3239} INFO - Sync 1 DAGs
[2026-03-18T13:44:01.448+0000] {logging_mixin.py:190} INFO - [2026-03-18T13:44:01.448+0000] {dag.py:4180} INFO - Setting next_dagrun for tutorial_taskflow_api to None, run_after=None
[2026-03-18T13:44:01.476+0000] {processor.py:208} INFO - Processing /home/komal/data-engineering-projects/airflow-spark-pipeline/airflow_venv/lib/python3.11/site-packages/airflow/example_dags/tutorial_taskflow_api.py took 0.092 seconds
[2026-03-18T13:45:07.448+0000] {processor.py:186} INFO - Started process (PID=36397) to work on /home/komal/data-engineering-projects/airflow-spark-pipeline/airflow_venv/lib/python3.11/site-packages/airflow/example_dags/tutorial_taskflow_api.py
[2026-03-18T13:45:07.452+0000] {processor.py:914} INFO - Processing file /home/komal/data-engineering-projects/airflow-spark-pipeline/airflow_venv/lib/python3.11/site-packages/airflow/example_dags/tutorial_taskflow_api.py for tasks to queue
[2026-03-18T13:45:07.456+0000] {logging_mixin.py:190} INFO - [2026-03-18T13:45:07.456+0000] {dagbag.py:588} INFO - Filling up the DagBag from /home/komal/data-engineering-projects/airflow-spark-pipeline/airflow_venv/lib/python3.11/site-packages/airflow/example_dags/tutorial_taskflow_api.py
[2026-03-18T13:45:07.466+0000] {processor.py:925} INFO - DAG(s) 'tutorial_taskflow_api' retrieved from /home/komal/data-engineering-projects/airflow-spark-pipeline/airflow_venv/lib/python3.11/site-packages/airflow/example_dags/tutorial_taskflow_api.py
[2026-03-18T13:45:07.479+0000] {logging_mixin.py:190} INFO - [2026-03-18T13:45:07.478+0000] {dag.py:3239} INFO - Sync 1 DAGs
[2026-03-18T13:45:07.486+0000] {logging_mixin.py:190} INFO - [2026-03-18T13:45:07.486+0000] {dag.py:4180} INFO - Setting next_dagrun for tutorial_taskflow_api to None, run_after=None
[2026-03-18T13:45:07.508+0000] {processor.py:208} INFO - Processing /home/komal/data-engineering-projects/airflow-spark-pipeline/airflow_venv/lib/python3.11/site-packages/airflow/example_dags/tutorial_taskflow_api.py took 0.069 seconds
[2026-03-18T13:46:17.406+0000] {processor.py:186} INFO - Started process (PID=36464) to work on /home/komal/data-engineering-projects/airflow-spark-pipeline/airflow_venv/lib/python3.11/site-packages/airflow/example_dags/tutorial_taskflow_api.py
[2026-03-18T13:46:17.409+0000] {processor.py:914} INFO - Processing file /home/komal/data-engineering-projects/airflow-spark-pipeline/airflow_venv/lib/python3.11/site-packages/airflow/example_dags/tutorial_taskflow_api.py for tasks to queue
[2026-03-18T13:46:17.411+0000] {logging_mixin.py:190} INFO - [2026-03-18T13:46:17.411+0000] {dagbag.py:588} INFO - Filling up the DagBag from /home/komal/data-engineering-projects/airflow-spark-pipeline/airflow_venv/lib/python3.11/site-packages/airflow/example_dags/tutorial_taskflow_api.py
[2026-03-18T13:46:17.418+0000] {processor.py:925} INFO - DAG(s) 'tutorial_taskflow_api' retrieved from /home/komal/data-engineering-projects/airflow-spark-pipeline/airflow_venv/lib/python3.11/site-packages/airflow/example_dags/tutorial_taskflow_api.py
[2026-03-18T13:46:17.430+0000] {logging_mixin.py:190} INFO - [2026-03-18T13:46:17.430+0000] {dag.py:3239} INFO - Sync 1 DAGs
[2026-03-18T13:46:17.437+0000] {logging_mixin.py:190} INFO - [2026-03-18T13:46:17.437+0000] {dag.py:4180} INFO - Setting next_dagrun for tutorial_taskflow_api to None, run_after=None
[2026-03-18T13:46:17.469+0000] {processor.py:208} INFO - Processing /home/komal/data-engineering-projects/airflow-spark-pipeline/airflow_venv/lib/python3.11/site-packages/airflow/example_dags/tutorial_taskflow_api.py took 0.070 seconds
[2026-03-18T13:47:18.063+0000] {processor.py:186} INFO - Started process (PID=36525) to work on /home/komal/data-engineering-projects/airflow-spark-pipeline/airflow_venv/lib/python3.11/site-packages/airflow/example_dags/tutorial_taskflow_api.py
[2026-03-18T13:47:18.095+0000] {processor.py:914} INFO - Processing file /home/komal/data-engineering-projects/airflow-spark-pipeline/airflow_venv/lib/python3.11/site-packages/airflow/example_dags/tutorial_taskflow_api.py for tasks to queue
[2026-03-18T13:47:18.099+0000] {logging_mixin.py:190} INFO - [2026-03-18T13:47:18.099+0000] {dagbag.py:588} INFO - Filling up the DagBag from /home/komal/data-engineering-projects/airflow-spark-pipeline/airflow_venv/lib/python3.11/site-packages/airflow/example_dags/tutorial_taskflow_api.py
[2026-03-18T13:47:18.119+0000] {processor.py:925} INFO - DAG(s) 'tutorial_taskflow_api' retrieved from /home/komal/data-engineering-projects/airflow-spark-pipeline/airflow_venv/lib/python3.11/site-packages/airflow/example_dags/tutorial_taskflow_api.py
[2026-03-18T13:47:18.138+0000] {logging_mixin.py:190} INFO - [2026-03-18T13:47:18.137+0000] {dag.py:3239} INFO - Sync 1 DAGs
[2026-03-18T13:47:18.150+0000] {logging_mixin.py:190} INFO - [2026-03-18T13:47:18.149+0000] {dag.py:4180} INFO - Setting next_dagrun for tutorial_taskflow_api to None, run_after=None
[2026-03-18T13:47:18.175+0000] {processor.py:208} INFO - Processing /home/komal/data-engineering-projects/airflow-spark-pipeline/airflow_venv/lib/python3.11/site-packages/airflow/example_dags/tutorial_taskflow_api.py took 0.124 seconds
[2026-03-18T13:48:26.760+0000] {processor.py:186} INFO - Started process (PID=36588) to work on /home/komal/data-engineering-projects/airflow-spark-pipeline/airflow_venv/lib/python3.11/site-packages/airflow/example_dags/tutorial_taskflow_api.py
[2026-03-18T13:48:26.763+0000] {processor.py:914} INFO - Processing file /home/komal/data-engineering-projects/airflow-spark-pipeline/airflow_venv/lib/python3.11/site-packages/airflow/example_dags/tutorial_taskflow_api.py for tasks to queue
[2026-03-18T13:48:26.766+0000] {logging_mixin.py:190} INFO - [2026-03-18T13:48:26.765+0000] {dagbag.py:588} INFO - Filling up the DagBag from /home/komal/data-engineering-projects/airflow-spark-pipeline/airflow_venv/lib/python3.11/site-packages/airflow/example_dags/tutorial_taskflow_api.py
[2026-03-18T13:48:26.779+0000] {processor.py:925} INFO - DAG(s) 'tutorial_taskflow_api' retrieved from /home/komal/data-engineering-projects/airflow-spark-pipeline/airflow_venv/lib/python3.11/site-packages/airflow/example_dags/tutorial_taskflow_api.py
[2026-03-18T13:48:26.791+0000] {logging_mixin.py:190} INFO - [2026-03-18T13:48:26.791+0000] {dag.py:3239} INFO - Sync 1 DAGs
[2026-03-18T13:48:26.798+0000] {logging_mixin.py:190} INFO - [2026-03-18T13:48:26.798+0000] {dag.py:4180} INFO - Setting next_dagrun for tutorial_taskflow_api to None, run_after=None
[2026-03-18T13:48:26.825+0000] {processor.py:208} INFO - Processing /home/komal/data-engineering-projects/airflow-spark-pipeline/airflow_venv/lib/python3.11/site-packages/airflow/example_dags/tutorial_taskflow_api.py took 0.078 seconds
[2026-03-18T13:49:30.953+0000] {processor.py:186} INFO - Started process (PID=36650) to work on /home/komal/data-engineering-projects/airflow-spark-pipeline/airflow_venv/lib/python3.11/site-packages/airflow/example_dags/tutorial_taskflow_api.py
[2026-03-18T13:49:30.985+0000] {processor.py:914} INFO - Processing file /home/komal/data-engineering-projects/airflow-spark-pipeline/airflow_venv/lib/python3.11/site-packages/airflow/example_dags/tutorial_taskflow_api.py for tasks to queue
[2026-03-18T13:49:30.988+0000] {logging_mixin.py:190} INFO - [2026-03-18T13:49:30.987+0000] {dagbag.py:588} INFO - Filling up the DagBag from /home/komal/data-engineering-projects/airflow-spark-pipeline/airflow_venv/lib/python3.11/site-packages/airflow/example_dags/tutorial_taskflow_api.py
[2026-03-18T13:49:31.000+0000] {processor.py:925} INFO - DAG(s) 'tutorial_taskflow_api' retrieved from /home/komal/data-engineering-projects/airflow-spark-pipeline/airflow_venv/lib/python3.11/site-packages/airflow/example_dags/tutorial_taskflow_api.py
[2026-03-18T13:49:31.010+0000] {logging_mixin.py:190} INFO - [2026-03-18T13:49:31.010+0000] {dag.py:3239} INFO - Sync 1 DAGs
[2026-03-18T13:49:31.018+0000] {logging_mixin.py:190} INFO - [2026-03-18T13:49:31.018+0000] {dag.py:4180} INFO - Setting next_dagrun for tutorial_taskflow_api to None, run_after=None
[2026-03-18T13:49:31.040+0000] {processor.py:208} INFO - Processing /home/komal/data-engineering-projects/airflow-spark-pipeline/airflow_venv/lib/python3.11/site-packages/airflow/example_dags/tutorial_taskflow_api.py took 0.097 seconds
[2026-03-18T13:50:35.460+0000] {processor.py:186} INFO - Started process (PID=36713) to work on /home/komal/data-engineering-projects/airflow-spark-pipeline/airflow_venv/lib/python3.11/site-packages/airflow/example_dags/tutorial_taskflow_api.py
[2026-03-18T13:50:35.491+0000] {processor.py:914} INFO - Processing file /home/komal/data-engineering-projects/airflow-spark-pipeline/airflow_venv/lib/python3.11/site-packages/airflow/example_dags/tutorial_taskflow_api.py for tasks to queue
[2026-03-18T13:50:35.494+0000] {logging_mixin.py:190} INFO - [2026-03-18T13:50:35.494+0000] {dagbag.py:588} INFO - Filling up the DagBag from /home/komal/data-engineering-projects/airflow-spark-pipeline/airflow_venv/lib/python3.11/site-packages/airflow/example_dags/tutorial_taskflow_api.py
[2026-03-18T13:50:35.507+0000] {processor.py:925} INFO - DAG(s) 'tutorial_taskflow_api' retrieved from /home/komal/data-engineering-projects/airflow-spark-pipeline/airflow_venv/lib/python3.11/site-packages/airflow/example_dags/tutorial_taskflow_api.py
[2026-03-18T13:50:35.518+0000] {logging_mixin.py:190} INFO - [2026-03-18T13:50:35.518+0000] {dag.py:3239} INFO - Sync 1 DAGs
[2026-03-18T13:50:35.525+0000] {logging_mixin.py:190} INFO - [2026-03-18T13:50:35.525+0000] {dag.py:4180} INFO - Setting next_dagrun for tutorial_taskflow_api to None, run_after=None
[2026-03-18T13:50:35.547+0000] {processor.py:208} INFO - Processing /home/komal/data-engineering-projects/airflow-spark-pipeline/airflow_venv/lib/python3.11/site-packages/airflow/example_dags/tutorial_taskflow_api.py took 0.096 seconds
[2026-03-18T13:51:43.031+0000] {processor.py:186} INFO - Started process (PID=36780) to work on /home/komal/data-engineering-projects/airflow-spark-pipeline/airflow_venv/lib/python3.11/site-packages/airflow/example_dags/tutorial_taskflow_api.py
[2026-03-18T13:51:43.065+0000] {processor.py:914} INFO - Processing file /home/komal/data-engineering-projects/airflow-spark-pipeline/airflow_venv/lib/python3.11/site-packages/airflow/example_dags/tutorial_taskflow_api.py for tasks to queue
[2026-03-18T13:51:43.070+0000] {logging_mixin.py:190} INFO - [2026-03-18T13:51:43.069+0000] {dagbag.py:588} INFO - Filling up the DagBag from /home/komal/data-engineering-projects/airflow-spark-pipeline/airflow_venv/lib/python3.11/site-packages/airflow/example_dags/tutorial_taskflow_api.py
[2026-03-18T13:51:43.091+0000] {processor.py:925} INFO - DAG(s) 'tutorial_taskflow_api' retrieved from /home/komal/data-engineering-projects/airflow-spark-pipeline/airflow_venv/lib/python3.11/site-packages/airflow/example_dags/tutorial_taskflow_api.py
[2026-03-18T13:51:43.117+0000] {logging_mixin.py:190} INFO - [2026-03-18T13:51:43.117+0000] {dag.py:3239} INFO - Sync 1 DAGs
[2026-03-18T13:51:43.125+0000] {logging_mixin.py:190} INFO - [2026-03-18T13:51:43.125+0000] {dag.py:4180} INFO - Setting next_dagrun for tutorial_taskflow_api to None, run_after=None
[2026-03-18T13:51:43.153+0000] {processor.py:208} INFO - Processing /home/komal/data-engineering-projects/airflow-spark-pipeline/airflow_venv/lib/python3.11/site-packages/airflow/example_dags/tutorial_taskflow_api.py took 0.132 seconds
[2026-03-18T13:52:45.050+0000] {processor.py:186} INFO - Started process (PID=36842) to work on /home/komal/data-engineering-projects/airflow-spark-pipeline/airflow_venv/lib/python3.11/site-packages/airflow/example_dags/tutorial_taskflow_api.py
[2026-03-18T13:52:45.054+0000] {processor.py:914} INFO - Processing file /home/komal/data-engineering-projects/airflow-spark-pipeline/airflow_venv/lib/python3.11/site-packages/airflow/example_dags/tutorial_taskflow_api.py for tasks to queue
[2026-03-18T13:52:45.057+0000] {logging_mixin.py:190} INFO - [2026-03-18T13:52:45.057+0000] {dagbag.py:588} INFO - Filling up the DagBag from /home/komal/data-engineering-projects/airflow-spark-pipeline/airflow_venv/lib/python3.11/site-packages/airflow/example_dags/tutorial_taskflow_api.py
[2026-03-18T13:52:45.065+0000] {processor.py:925} INFO - DAG(s) 'tutorial_taskflow_api' retrieved from /home/komal/data-engineering-projects/airflow-spark-pipeline/airflow_venv/lib/python3.11/site-packages/airflow/example_dags/tutorial_taskflow_api.py
[2026-03-18T13:52:45.079+0000] {logging_mixin.py:190} INFO - [2026-03-18T13:52:45.079+0000] {dag.py:3239} INFO - Sync 1 DAGs
[2026-03-18T13:52:45.094+0000] {logging_mixin.py:190} INFO - [2026-03-18T13:52:45.093+0000] {dag.py:4180} INFO - Setting next_dagrun for tutorial_taskflow_api to None, run_after=None
[2026-03-18T13:52:45.125+0000] {processor.py:208} INFO - Processing /home/komal/data-engineering-projects/airflow-spark-pipeline/airflow_venv/lib/python3.11/site-packages/airflow/example_dags/tutorial_taskflow_api.py took 0.082 seconds
[2026-03-18T13:53:53.632+0000] {processor.py:186} INFO - Started process (PID=36905) to work on /home/komal/data-engineering-projects/airflow-spark-pipeline/airflow_venv/lib/python3.11/site-packages/airflow/example_dags/tutorial_taskflow_api.py
[2026-03-18T13:53:53.636+0000] {processor.py:914} INFO - Processing file /home/komal/data-engineering-projects/airflow-spark-pipeline/airflow_venv/lib/python3.11/site-packages/airflow/example_dags/tutorial_taskflow_api.py for tasks to queue
[2026-03-18T13:53:53.640+0000] {logging_mixin.py:190} INFO - [2026-03-18T13:53:53.639+0000] {dagbag.py:588} INFO - Filling up the DagBag from /home/komal/data-engineering-projects/airflow-spark-pipeline/airflow_venv/lib/python3.11/site-packages/airflow/example_dags/tutorial_taskflow_api.py
[2026-03-18T13:53:53.649+0000] {processor.py:925} INFO - DAG(s) 'tutorial_taskflow_api' retrieved from /home/komal/data-engineering-projects/airflow-spark-pipeline/airflow_venv/lib/python3.11/site-packages/airflow/example_dags/tutorial_taskflow_api.py
[2026-03-18T13:53:53.659+0000] {logging_mixin.py:190} INFO - [2026-03-18T13:53:53.659+0000] {dag.py:3239} INFO - Sync 1 DAGs
[2026-03-18T13:53:53.667+0000] {logging_mixin.py:190} INFO - [2026-03-18T13:53:53.667+0000] {dag.py:4180} INFO - Setting next_dagrun for tutorial_taskflow_api to None, run_after=None
[2026-03-18T13:53:53.689+0000] {processor.py:208} INFO - Processing /home/komal/data-engineering-projects/airflow-spark-pipeline/airflow_venv/lib/python3.11/site-packages/airflow/example_dags/tutorial_taskflow_api.py took 0.068 seconds
[2026-03-18T13:55:01.544+0000] {processor.py:186} INFO - Started process (PID=36968) to work on /home/komal/data-engineering-projects/airflow-spark-pipeline/airflow_venv/lib/python3.11/site-packages/airflow/example_dags/tutorial_taskflow_api.py
[2026-03-18T13:55:01.575+0000] {processor.py:914} INFO - Processing file /home/komal/data-engineering-projects/airflow-spark-pipeline/airflow_venv/lib/python3.11/site-packages/airflow/example_dags/tutorial_taskflow_api.py for tasks to queue
[2026-03-18T13:55:01.579+0000] {logging_mixin.py:190} INFO - [2026-03-18T13:55:01.579+0000] {dagbag.py:588} INFO - Filling up the DagBag from /home/komal/data-engineering-projects/airflow-spark-pipeline/airflow_venv/lib/python3.11/site-packages/airflow/example_dags/tutorial_taskflow_api.py
[2026-03-18T13:55:01.591+0000] {processor.py:925} INFO - DAG(s) 'tutorial_taskflow_api' retrieved from /home/komal/data-engineering-projects/airflow-spark-pipeline/airflow_venv/lib/python3.11/site-packages/airflow/example_dags/tutorial_taskflow_api.py
[2026-03-18T13:55:01.602+0000] {logging_mixin.py:190} INFO - [2026-03-18T13:55:01.602+0000] {dag.py:3239} INFO - Sync 1 DAGs
[2026-03-18T13:55:01.610+0000] {logging_mixin.py:190} INFO - [2026-03-18T13:55:01.609+0000] {dag.py:4180} INFO - Setting next_dagrun for tutorial_taskflow_api to None, run_after=None
[2026-03-18T13:55:01.632+0000] {processor.py:208} INFO - Processing /home/komal/data-engineering-projects/airflow-spark-pipeline/airflow_venv/lib/python3.11/site-packages/airflow/example_dags/tutorial_taskflow_api.py took 0.093 seconds
[2026-03-18T13:56:06.817+0000] {processor.py:186} INFO - Started process (PID=37033) to work on /home/komal/data-engineering-projects/airflow-spark-pipeline/airflow_venv/lib/python3.11/site-packages/airflow/example_dags/tutorial_taskflow_api.py
[2026-03-18T13:56:06.850+0000] {processor.py:914} INFO - Processing file /home/komal/data-engineering-projects/airflow-spark-pipeline/airflow_venv/lib/python3.11/site-packages/airflow/example_dags/tutorial_taskflow_api.py for tasks to queue
[2026-03-18T13:56:06.853+0000] {logging_mixin.py:190} INFO - [2026-03-18T13:56:06.853+0000] {dagbag.py:588} INFO - Filling up the DagBag from /home/komal/data-engineering-projects/airflow-spark-pipeline/airflow_venv/lib/python3.11/site-packages/airflow/example_dags/tutorial_taskflow_api.py
[2026-03-18T13:56:06.867+0000] {processor.py:925} INFO - DAG(s) 'tutorial_taskflow_api' retrieved from /home/komal/data-engineering-projects/airflow-spark-pipeline/airflow_venv/lib/python3.11/site-packages/airflow/example_dags/tutorial_taskflow_api.py
[2026-03-18T13:56:06.890+0000] {logging_mixin.py:190} INFO - [2026-03-18T13:56:06.890+0000] {dag.py:3239} INFO - Sync 1 DAGs
[2026-03-18T13:56:06.898+0000] {logging_mixin.py:190} INFO - [2026-03-18T13:56:06.898+0000] {dag.py:4180} INFO - Setting next_dagrun for tutorial_taskflow_api to None, run_after=None
[2026-03-18T13:56:06.992+0000] {processor.py:208} INFO - Processing /home/komal/data-engineering-projects/airflow-spark-pipeline/airflow_venv/lib/python3.11/site-packages/airflow/example_dags/tutorial_taskflow_api.py took 0.185 seconds
[2026-03-18T13:57:14.401+0000] {processor.py:186} INFO - Started process (PID=37099) to work on /home/komal/data-engineering-projects/airflow-spark-pipeline/airflow_venv/lib/python3.11/site-packages/airflow/example_dags/tutorial_taskflow_api.py
[2026-03-18T13:57:14.436+0000] {processor.py:914} INFO - Processing file /home/komal/data-engineering-projects/airflow-spark-pipeline/airflow_venv/lib/python3.11/site-packages/airflow/example_dags/tutorial_taskflow_api.py for tasks to queue
[2026-03-18T13:57:14.438+0000] {logging_mixin.py:190} INFO - [2026-03-18T13:57:14.438+0000] {dagbag.py:588} INFO - Filling up the DagBag from /home/komal/data-engineering-projects/airflow-spark-pipeline/airflow_venv/lib/python3.11/site-packages/airflow/example_dags/tutorial_taskflow_api.py
[2026-03-18T13:57:14.445+0000] {processor.py:925} INFO - DAG(s) 'tutorial_taskflow_api' retrieved from /home/komal/data-engineering-projects/airflow-spark-pipeline/airflow_venv/lib/python3.11/site-packages/airflow/example_dags/tutorial_taskflow_api.py
[2026-03-18T13:57:14.462+0000] {logging_mixin.py:190} INFO - [2026-03-18T13:57:14.462+0000] {dag.py:3239} INFO - Sync 1 DAGs
[2026-03-18T13:57:14.476+0000] {logging_mixin.py:190} INFO - [2026-03-18T13:57:14.476+0000] {dag.py:4180} INFO - Setting next_dagrun for tutorial_taskflow_api to None, run_after=None
[2026-03-18T13:57:14.546+0000] {processor.py:208} INFO - Processing /home/komal/data-engineering-projects/airflow-spark-pipeline/airflow_venv/lib/python3.11/site-packages/airflow/example_dags/tutorial_taskflow_api.py took 0.154 seconds
[2026-03-18T13:58:25.906+0000] {processor.py:186} INFO - Started process (PID=37165) to work on /home/komal/data-engineering-projects/airflow-spark-pipeline/airflow_venv/lib/python3.11/site-packages/airflow/example_dags/tutorial_taskflow_api.py
[2026-03-18T13:58:25.932+0000] {processor.py:914} INFO - Processing file /home/komal/data-engineering-projects/airflow-spark-pipeline/airflow_venv/lib/python3.11/site-packages/airflow/example_dags/tutorial_taskflow_api.py for tasks to queue
[2026-03-18T13:58:25.936+0000] {logging_mixin.py:190} INFO - [2026-03-18T13:58:25.936+0000] {dagbag.py:588} INFO - Filling up the DagBag from /home/komal/data-engineering-projects/airflow-spark-pipeline/airflow_venv/lib/python3.11/site-packages/airflow/example_dags/tutorial_taskflow_api.py
[2026-03-18T13:58:25.951+0000] {processor.py:925} INFO - DAG(s) 'tutorial_taskflow_api' retrieved from /home/komal/data-engineering-projects/airflow-spark-pipeline/airflow_venv/lib/python3.11/site-packages/airflow/example_dags/tutorial_taskflow_api.py
[2026-03-18T13:58:25.966+0000] {logging_mixin.py:190} INFO - [2026-03-18T13:58:25.966+0000] {dag.py:3239} INFO - Sync 1 DAGs
[2026-03-18T13:58:25.973+0000] {logging_mixin.py:190} INFO - [2026-03-18T13:58:25.973+0000] {dag.py:4180} INFO - Setting next_dagrun for tutorial_taskflow_api to None, run_after=None
[2026-03-18T13:58:26.007+0000] {processor.py:208} INFO - Processing /home/komal/data-engineering-projects/airflow-spark-pipeline/airflow_venv/lib/python3.11/site-packages/airflow/example_dags/tutorial_taskflow_api.py took 0.112 seconds
[2026-03-18T14:01:32.033+0000] {processor.py:186} INFO - Started process (PID=37204) to work on /home/komal/data-engineering-projects/airflow-spark-pipeline/airflow_venv/lib/python3.11/site-packages/airflow/example_dags/tutorial_taskflow_api.py
[2026-03-18T14:01:32.046+0000] {processor.py:914} INFO - Processing file /home/komal/data-engineering-projects/airflow-spark-pipeline/airflow_venv/lib/python3.11/site-packages/airflow/example_dags/tutorial_taskflow_api.py for tasks to queue
[2026-03-18T14:01:32.050+0000] {logging_mixin.py:190} INFO - [2026-03-18T14:01:32.049+0000] {dagbag.py:588} INFO - Filling up the DagBag from /home/komal/data-engineering-projects/airflow-spark-pipeline/airflow_venv/lib/python3.11/site-packages/airflow/example_dags/tutorial_taskflow_api.py
[2026-03-18T14:01:32.066+0000] {processor.py:925} INFO - DAG(s) 'tutorial_taskflow_api' retrieved from /home/komal/data-engineering-projects/airflow-spark-pipeline/airflow_venv/lib/python3.11/site-packages/airflow/example_dags/tutorial_taskflow_api.py
[2026-03-18T14:01:32.081+0000] {logging_mixin.py:190} INFO - [2026-03-18T14:01:32.081+0000] {dag.py:3239} INFO - Sync 1 DAGs
[2026-03-18T14:01:32.089+0000] {logging_mixin.py:190} INFO - [2026-03-18T14:01:32.088+0000] {dag.py:4180} INFO - Setting next_dagrun for tutorial_taskflow_api to None, run_after=None
[2026-03-18T14:01:32.118+0000] {processor.py:208} INFO - Processing /home/komal/data-engineering-projects/airflow-spark-pipeline/airflow_venv/lib/python3.11/site-packages/airflow/example_dags/tutorial_taskflow_api.py took 0.096 seconds
[2026-03-18T14:02:22.409+0000] {processor.py:186} INFO - Started process (PID=37256) to work on /home/komal/data-engineering-projects/airflow-spark-pipeline/airflow_venv/lib/python3.11/site-packages/airflow/example_dags/tutorial_taskflow_api.py
[2026-03-18T14:02:22.441+0000] {processor.py:914} INFO - Processing file /home/komal/data-engineering-projects/airflow-spark-pipeline/airflow_venv/lib/python3.11/site-packages/airflow/example_dags/tutorial_taskflow_api.py for tasks to queue
[2026-03-18T14:02:22.444+0000] {logging_mixin.py:190} INFO - [2026-03-18T14:02:22.444+0000] {dagbag.py:588} INFO - Filling up the DagBag from /home/komal/data-engineering-projects/airflow-spark-pipeline/airflow_venv/lib/python3.11/site-packages/airflow/example_dags/tutorial_taskflow_api.py
[2026-03-18T14:02:22.460+0000] {processor.py:925} INFO - DAG(s) 'tutorial_taskflow_api' retrieved from /home/komal/data-engineering-projects/airflow-spark-pipeline/airflow_venv/lib/python3.11/site-packages/airflow/example_dags/tutorial_taskflow_api.py
[2026-03-18T14:02:22.478+0000] {logging_mixin.py:190} INFO - [2026-03-18T14:02:22.478+0000] {dag.py:3239} INFO - Sync 1 DAGs
[2026-03-18T14:02:22.486+0000] {logging_mixin.py:190} INFO - [2026-03-18T14:02:22.486+0000] {dag.py:4180} INFO - Setting next_dagrun for tutorial_taskflow_api to None, run_after=None
[2026-03-18T14:02:22.515+0000] {processor.py:208} INFO - Processing /home/komal/data-engineering-projects/airflow-spark-pipeline/airflow_venv/lib/python3.11/site-packages/airflow/example_dags/tutorial_taskflow_api.py took 0.116 seconds
